layout,M,Emax,K,seed,coord,replan,divert,q,belief,tau,planner,L,Th,J,n_diverts,J_age,J_event,n_replans,n_never,share_never,n_reach_inf,K_reach_i,K_commute_i,r_max,r_c,rmax_over_rc,regime_bnd,P_bar,dup_frac,trunc_frac,empty_frac,T_s_over_t_c,mean_n,catch_rate,T_rev,n_sorties,secs
core,50,1500000.0,2,3,exclude,launch,0,0.0,prior,0.0,liu_mpga,12600.0,43200.0,137183.12975865908,0,129184.09025598364,7999.039502675445,0,0,0.0,0,5.810765870883612,42.35948538315256,6550.440834961872,469.7030058927578,13.945920619587142,2.0104162063548303,306.282273019346,0.0,0.0,0.0,1.7060107140491794,25.265822784810126,0.9714285714285714,820.3709564956521,79,96.62130045890808
core,50,1500000.0,2,1,exclude,launch,0,0.0,prior,0.0,liu_mpga,12600.0,43200.0,138771.7579572187,0,126852.72246728274,11919.035489935983,0,0,0.0,0,4.789315478557101,30.88610022013185,8018.590898655449,644.2114986336206,12.447140288031127,2.0103350409997254,306.2330685215751,0.0,0.0,0.0,1.9099826670868223,25.285714285714285,0.9626168224299065,922.8685387633423,70,102.89349126815796
core,50,1500000.0,2,4,exclude,launch,0,0.0,prior,0.0,liu_mpga,12600.0,43200.0,156011.42231071906,0,143329.0998406246,12682.322470094465,0,0,0.0,0,5.258009724989983,55.021152626809695,7274.107902442663,361.58162043343674,20.11747138508592,2.0105920477265036,306.38888607841443,0.0,0.0,0.0,1.9057386180090783,25.549295774647888,0.9724770642201835,905.7701324715098,71,106.76320838928223
core,50,1500000.0,2,2,exclude,launch,0,0.0,prior,0.0,liu_mpga,12600.0,43200.0,118197.1740112768,0,110009.65552107451,8187.518490202284,0,0,0.0,0,4.789315478557101,38.4510492064422,8018.590898655449,517.1936563731254,15.504039540791464,2.0114007471120345,306.8794413776344,0.0,0.0,0.0,1.8627746310758004,25.63013698630137,0.9629629629629629,875.362051325488,73,107.79597163200378
core,50,1500000.0,2,8,exclude,launch,0,0.0,prior,0.0,liu_mpga,12600.0,43200.0,137810.5704942467,0,130189.76093790149,7620.809556345206,0,0,0.0,0,5.526537023394481,34.70721348272377,6904.472155108215,573.1991969553351,12.045502142680473,2.010641632807295,306.4189529890187,0.0,0.0,0.0,1.9477566966143676,25.257142857142856,0.978494623655914,930.031453653105,70,110.94430446624756
core,50,1500000.0,2,10,exclude,launch,0,0.0,prior,0.0,liu_mpga,12600.0,43200.0,136064.11095070225,0,126699.37308629978,9364.737864402465,0,0,0.0,0,5.753442760502199,29.355027797840496,6619.025743670595,677.4864108987924,9.769975658831909,2.0113002466063086,306.8184566357942,0.0,0.0,0.0,1.9274535871732954,26.142857142857142,0.956989247311828,912.5211241189716,70,112.07560968399048
core,50,1500000.0,2,9,exclude,launch,0,0.0,prior,0.0,liu_mpga,12600.0,43200.0,134184.5775774393,0,125562.89433458979,8621.68324284953,0,0,0.0,0,5.246536392218966,23.83970450892103,7290.744155068959,834.2453716383841,8.739328263518662,2.011246574293948,306.78589020637344,0.0,0.0,0.0,2.047601867757269,25.96923076923077,0.9900990099009901,956.0261581260866,65,112.26087546348572
core,50,1500000.0,2,7,exclude,launch,0,0.0,prior,0.0,liu_mpga,12600.0,43200.0,130637.0929836597,0,123515.23615562709,7121.8568280326135,0,0,0.0,0,5.781865362986433,26.225931274209145,6584.84920617487,758.2578989491019,8.684181484032095,2.011463375440336,306.9174479571475,0.0,0.0,0.0,1.9232023012013804,25.685714285714287,0.96,911.8496277250479,70,114.76520657539368
core,50,1500000.0,2,11,exclude,launch,0,0.0,prior,0.0,liu_mpga,12600.0,43200.0,147851.13557845552,0,138263.9110299586,9587.224548496892,0,0,0.0,0,4.7893154785571,37.96960707431958,8018.59089865545,524.023692290341,15.301962519306592,2.0103559775156348,306.2457603904721,0.0,0.0,0.0,1.9574647659669207,26.235294117647058,0.9896907216494846,913.6880584774666,68,115.75869488716125
core,50,1500000.0,2,5,exclude,launch,0,0.0,prior,0.0,liu_mpga,12600.0,43200.0,138538.4615051723,0,127777.26974239358,10761.191762778733,0,0,0.0,0,5.537141230626804,43.70351732040188,6890.610997136995,455.20998270222105,15.137214162644009,2.010628447027475,306.41095738234986,0.0,0.0,0.0,1.8778987206160966,25.633802816901408,0.975609756097561,887.9006077923245,71,120.62896370887756
core,50,1500000.0,2,6,exclude,launch,0,0.0,prior,0.0,liu_mpga,12600.0,43200.0,134528.7593149592,0,126737.11946027922,7791.639854679978,0,0,0.0,0,4.998140959091332,42.257362337195346,7669.642238462474,470.6621174262791,16.295431381650953,2.0111680529547824,306.7382493949097,0.0,0.0,0.0,2.0937599014666315,25.625,0.9468085106382979,1005.0339879507142,64,123.59977412223816
core,50,1500000.0,2,12,exclude,launch,0,0.0,prior,0.0,liu_mpga,12600.0,43200.0,166409.24887447295,0,156135.48776062773,10273.7611138452,0,0,0.0,0,5.470710591405869,48.956788404571135,6978.331089719389,406.2518750501805,17.17735109249015,2.0111834787841327,306.7476083297942,0.0,0.0,0.0,2.0722812087247218,25.0,0.9223300970873787,1012.3759183286837,64,122.46006798744202
core,50,1500000.0,3,4,exclude,launch,0,0.0,prior,0.0,liu_mpga,12600.0,43200.0,105880.5776543024,0,100267.78374732255,5612.79390697985,0,0,0.0,0,5.258009724989983,27.336392382801158,7274.107902442663,728.8552863568802,9.980181304304807,2.0076013712215017,304.5781569862353,0.0,0.0,0.0,1.393661959007377,17.406896551724138,0.9724770642201835,649.417984665105,145,130.67481684684753
core,50,1500000.0,3,1,exclude,launch,0,0.0,prior,0.0,liu_mpga,12600.0,43200.0,80923.29967768298,0,76548.11543805628,4375.184239626701,0,0,0.0,0,4.789315478557101,23.69142805387091,8018.590898655449,841.0859809911437,9.533616158013078,2.007374289611076,304.4408878108258,0.0,0.0,0.0,1.3049442186886382,18.115384615384617,0.9814814814814815,586.3792820104856,156,145.9363842010498
core,50,1500000.0,3,3,exclude,launch,0,0.0,prior,0.0,liu_mpga,12600.0,43200.0,87457.97144535891,0,83211.81763517413,4246.153810184799,0,0,0.0,0,5.810765870883612,27.906844277612862,6550.440834961872,714.0107714093199,9.17414848242774,2.0074488990787556,304.48598527649904,0.0,0.0,0.0,1.2306127052317808,17.55757575757576,1.0,564.6126698935735,165,141.33244562149048
core,50,1500000.0,3,7,exclude,launch,0,0.0,prior,0.0,liu_mpga,12600.0,43200.0,85843.78086518234,0,82262.62794315115,3581.1529220312073,0,0,0.0,0,5.781865362986433,37.491657262149424,6584.84920617487,531.4193629113526,12.391059990927177,2.0076498872201403,304.6074885644284,0.0,0.0,0.0,1.2747095577139218,17.227848101265824,0.9696969696969697,605.1149870078831,158,138.2547390460968
core,50,1500000.0,3,5,exclude,launch,0,0.0,prior,0.0,liu_mpga,12600.0,43200.0,86334.62596906311,0,81674.23985174371,4660.386117319416,0,0,0.0,0,5.537141230626804,36.90862636913094,6890.610997136995,539.8704542764046,12.763452681203994,2.0074398849103,304.48053651242355,0.0,0.0,0.0,1.1971593506625418,17.49700598802395,0.975609756097561,555.893637724963,167,140.9768784046173
core,50,1500000.0,3,2,exclude,launch,0,0.0,prior,0.0,liu_mpga,12600.0,43200.0,74227.77772667982,0,71406.63484455222,2821.142882127604,0,0,0.0,0,4.789315478557101,25.368658209716223,8018.590898655449,785.1259152246105,10.213127274446766,2.008274997222026,304.98554100692303,0.0,0.0,0.0,1.2382722320596813,18.03680981595092,0.9719626168224299,559.1907890359719,163,147.37535858154297
core,50,1500000.0,3,6,exclude,launch,0,0.0,prior,0.0,liu_mpga,12600.0,43200.0,87416.61103691086,0,83291.71341720248,4124.897619708386,0,0,0.0,0,4.998140959091332,19.18482803463656,7669.642238462474,1038.1474511982683,7.387815892251036,2.008366823466749,305.0410952005266,0.0,0.0,0.0,1.3879981129778358,17.54861111111111,0.978494623655914,638.8479182601569,144,145.59362387657166
core,50,1500000.0,3,8,exclude,launch,0,0.0,prior,0.0,liu_mpga,12600.0,43200.0,85807.8307131492,0,82549.04602793728,3258.7846852119264,0,0,0.0,0,5.526537023394481,33.526663761576934,6904.472155108215,594.3303575791059,11.617229487035287,2.007436139483244,304.4782725410705,0.0,0.0,0.0,1.2070060288090392,17.29940119760479,0.989247311827957,565.4872857180463,167,147.01799702644348
core,50,1500000.0,3,9,exclude,launch,0,0.0,prior,0.0,liu_mpga,12600.0,43200.0,82727.21372528498,0,79214.17042330517,3513.0433019798115,0,0,0.0,0,5.246536392218966,27.069782894883343,7290.744155068959,735.9603535097842,9.906436019684357,2.007801615476419,304.6992288470637,0.0,0.0,0.0,1.275128066498784,17.626582278481013,0.9801980198019802,589.5475096334874,158,145.80680346488953
core,50,1500000.0,3,10,exclude,launch,0,0.0,prior,0.0,liu_mpga,12600.0,43200.0,93737.42725365603,0,89910.78058692918,3826.646666726859,0,0,0.0,0,5.753442760502199,21.683960646980534,6619.025743670595,918.6063490834263,7.205508377200935,2.008130526547801,304.89814756726395,0.0,0.0,0.0,1.3763856234674001,17.639455782312925,0.989010989010989,632.2940686613242,147,148.5713312625885
core,50,1500000.0,4,4,exclude,launch,0,0.0,prior,0.0,liu_mpga,12600.0,43200.0,85872.30318062741,0,81858.90218360278,4013.4009970246207,0,0,0.0,0,5.258009724989983,18.854381226488485,7274.107902442663,1057.3775317646762,6.8793857292416405,2.0064005094969053,303.85259565468925,0.0,0.0,0.0,1.0659038969073522,12.577075098814229,0.9724770642201835,515.6293569266514,253,110.20367050170898
core,50,1500000.0,3,11,exclude,launch,0,0.0,prior,0.0,liu_mpga,12600.0,43200.0,103508.74819955116,0,98762.86268305565,4745.88551649551,0,0,0.0,0,4.7893154785571,23.685739844838245,8018.59089865545,841.2808576423017,9.531407764498093,2.007391261743432,304.4511462711071,0.0,0.0,0.0,1.5121306449712806,18.636363636363637,0.9895833333333334,659.1548757735666,132,148.4100227355957
core,50,1500000.0,4,6,exclude,launch,0,0.0,prior,0.0,liu_mpga,12600.0,43200.0,60806.07448158474,0,59155.61035531118,1650.4641262735647,0,0,0.0,0,4.998140959091332,15.647420644462615,7669.642238462474,1273.4868419065278,6.022553187106596,2.0073484711227048,304.4252826819751,0.0,0.0,0.0,0.964711228886112,13.55,0.9680851063829787,432.0280027355495,280,121.49410510063171
core,50,1500000.0,4,1,exclude,launch,0,0.0,prior,0.0,liu_mpga,12600.0,43200.0,63798.13154072777,0,60926.70991479836,2871.4216259294076,0,0,0.0,0,4.789315478557101,28.150261245645492,8018.590898655449,708.4715334788507,11.31815538061392,2.005650041265384,303.39960164912054,0.0,0.0,0.0,0.9934345962265416,13.37269372693727,0.9626168224299065,451.7288256624991,271,133.08016204833984
core,50,1500000.0,4,2,exclude,launch,0,0.0,prior,0.0,liu_mpga,12600.0,43200.0,57164.78849756963,0,55096.756513541535,2068.031984028092,0,0,0.0,0,4.789315478557101,10.762972857806144,8018.590898655449,1850.4457351995711,4.333329395250081,2.0084054557197586,305.0644689376122,0.0,0.0,0.0,1.0701551419734077,13.756,0.9904761904761905,472.20359281069506,250,133.3457326889038
core,50,1500000.0,4,5,exclude,launch,0,0.0,prior,0.0,liu_mpga,12600.0,43200.0,66174.47527883724,0,63789.35579312506,2385.119485712173,0,0,0.0,0,5.537141230626804,35.102826480279084,6890.610997136995,568.1238783985389,12.12871216848103,2.005741040329207,303.45451206074273,0.0,0.0,0.0,0.9873625623333174,13.426470588235293,0.991869918699187,448.56389341912893,272,128.41430759429932
core,50,1500000.0,4,3,exclude,launch,0,0.0,prior,0.0,liu_mpga,12600.0,43200.0,64869.840396418556,0,62449.581494848426,2420.2589015701305,0,0,0.0,0,5.810765870883612,23.743213868137023,6550.440834961872,839.7877097672175,7.800115146692968,2.0060925837378765,303.6666861157066,0.0,0.0,0.0,0.909048292207835,13.358108108108109,0.9809523809523809,415.5269266190817,296,129.72663235664368
core,50,1500000.0,4,7,exclude,launch,0,0.0,prior,0.0,liu_mpga,12600.0,43200.0,67587.64888022316,0,64868.368357949286,2719.2805222738853,0,0,0.0,0,5.781865362986433,23.8583266830182,6584.84920617487,835.5752314742399,7.8806179960085085,2.0064782319199743,303.8995293986274,0.0,0.0,0.0,0.9234660645638185,13.15807560137457,0.979381443298969,425.140194250297,291,126.09096956253052
core,50,1500000.0,4,8,exclude,launch,0,0.0,prior,0.0,liu_mpga,12600.0,43200.0,75275.44005098198,0,71592.04064696051,3683.3994040214748,0,0,0.0,0,5.526537023394481,21.380933826601805,6904.472155108215,932.5585704884124,7.4037946501227365,2.006121369911739,303.68406329792214,0.0,0.0,0.0,1.0725044199504137,13.357429718875501,1.0,493.1915677131239,249,124.77684760093689
core,50,1500000.0,3,12,exclude,launch,0,0.0,prior,0.0,liu_mpga,12600.0,43200.0,104336.08306717189,0,99342.51668710909,4993.566380062792,0,0,0.0,0,5.470710591405869,32.53451988305797,6978.331089719389,612.2888283106191,11.397123003164161,2.007979403042693,304.8067430874911,0.0,0.0,0.0,1.3192598799973243,17.137254901960784,0.9423076923076923,628.6367750967408,153,160.28350377082825
core,50,1500000.0,4,9,exclude,launch,0,0.0,prior,0.0,liu_mpga,12600.0,43200.0,66103.97472398017,0,64000.90698707628,2103.0677369038813,0,0,0.0,0,5.246536392218966,21.628197627348897,7290.744155068959,921.7867736069181,7.909360780411876,2.0063615193224718,303.8290522719101,0.0,0.0,0.0,0.9980863874023039,13.18450184501845,0.9801980198019802,463.61017383916965,271,138.12655210494995
core,50,1500000.0,5,4,exclude,launch,0,0.0,prior,0.0,liu_mpga,12600.0,43200.0,71631.75639128665,0,68108.58539108507,3523.17100020157,0,0,0.0,0,5.258009724989983,15.183916193484055,7274.107902442663,1313.1734745935305,5.539335086473806,2.006106992336985,303.67538400881216,0.0,0.0,0.0,0.8178386644166192,10.033898305084746,0.9818181818181818,398.8566698719211,413,125.40878748893738
core,50,1500000.0,4,11,exclude,launch,0,0.0,prior,0.0,liu_mpga,12600.0,43200.0,72267.43254804827,0,69885.41485574922,2382.0176922990463,0,0,0.0,0,4.7893154785571,11.940141102764711,8018.59089865545,1668.9129592297368,4.804678910490525,2.0073210792154907,304.4087269895583,0.0,0.0,0.0,1.0483902306917265,13.700389105058365,0.9895833333333334,465.7691201396708,257,140.99172616004944
core,50,1500000.0,4,10,exclude,launch,0,0.0,prior,0.0,liu_mpga,12600.0,43200.0,67871.11638416836,0,65634.52124517637,2236.595138991993,0,0,0.0,0,5.753442760502199,29.11329426526323,6619.025743670595,684.8576046578797,9.66482039281308,2.0061728962803542,303.7151691627588,0.0,0.0,0.0,0.9628889266502053,12.825,0.989010989010989,456.78563495202064,280,150.2965009212494
core,50,1500000.0,5,3,exclude,launch,0,0.0,prior,0.0,liu_mpga,12600.0,43200.0,58831.3580960598,0,57009.74497196661,1821.6131240931816,0,0,0.0,0,5.810765870883612,20.862045499448524,6550.440834961872,956.0963526461856,6.851235042192382,2.0054019903704434,303.2499486722547,0.0,0.0,0.0,0.7305584339082373,10.268980477223428,0.9714285714285714,348.8016156829917,461,131.35881972312927
core,50,1500000.0,4,12,exclude,launch,0,0.0,prior,0.0,liu_mpga,12600.0,43200.0,78771.58855908315,0,75631.01348010547,3140.5750789776703,0,0,0.0,0,5.470710591405869,25.088465926992498,6978.331089719389,794.5839535933412,8.782371023428466,2.0065320196048497,303.9320119469453,0.0,0.0,0.0,0.9555944043937283,12.517857142857142,0.9607843137254902,467.1882526546519,280,145.86494898796082
core,50,1500000.0,5,6,exclude,launch,0,0.0,prior,0.0,liu_mpga,12600.0,43200.0,50296.76544660452,0,48829.99238415345,1466.7730624510687,0,0,0.0,1,4.998140959091332,15.294629004788112,7669.642238462474,1303.4847823068558,5.88395226593213,2.0063887270569425,303.8454809841879,0.0,0.0,0.0,0.8131162052454655,11.301932367149758,0.978494623655914,349.3084763084823,414,139.13253545761108
core,50,1500000.0,5,5,exclude,launch,0,0.0,prior,0.0,liu_mpga,12600.0,43200.0,56968.13404653795,0,54984.893792169,1983.240254368949,0,0,0.0,0,5.537141230626804,18.939175905069355,6890.610997136995,1053.0643848020281,6.543390030641291,2.005598465348744,303.36848205352464,0.0,0.0,0.0,0.7936834344379016,10.63356973995272,0.991869918699187,363.02761969106786,423,145.899156332016
core,50,1500000.0,5,8,exclude,launch,0,0.0,prior,0.0,liu_mpga,12600.0,43200.0,59729.001349679784,0,57675.19983625168,2053.8015134281004,0,0,0.0,0,5.526537023394481,21.861804262328512,6904.472155108215,912.4276852118082,7.567144516779356,2.005282369197184,303.1777925456113,0.0,0.0,0.0,0.7850074286737689,10.107226107226108,1.0,376.81043689120264,429,126.99031400680542
core,50,1500000.0,5,2,exclude,launch,0,0.0,prior,0.0,liu_mpga,12600.0,43200.0,112084.97488929871,0,108337.81526815788,3747.1596211408246,0,1,0.6544693562016582,1,4.789315478557101,23.876714440798235,8018.590898655449,835.2458143288563,9.600276662384251,2.0057237542755777,303.44408097424866,0.0,0.0,0.0,0.6667513654709498,9.635643564356435,0.9714285714285714,335.605921479094,505,156.01198935508728
core,50,1500000.0,5,7,exclude,launch,0,0.0,prior,0.0,liu_mpga,12600.0,43200.0,54765.677957065454,0,52967.83715347739,1797.8408035880598,0,0,0.0,0,5.781865362986433,21.651010751494468,6584.84920617487,921.1429724852645,7.1485636897481815,2.005648266440515,303.398530738444,0.0,0.0,0.0,0.7513156054991094,10.395973154362416,1.0,350.6636107715926,447,141.290429353714
core,50,1500000.0,5,1,exclude,launch,0,0.0,prior,0.0,liu_mpga,12600.0,43200.0,274981.4383190507,0,249578.58235695705,25402.855962093676,0,1,0.8415139348705724,1,4.789315478557101,21.42294360700067,8018.590898655449,931.0894975207428,8.612051709322186,2.0053464744436456,303.21646010288015,0.0,0.0,0.0,0.6711607575436825,9.788423153692614,0.9345794392523364,332.38503987912105,501,167.02763152122498
core,50,1500000.0,6,1,exclude,launch,0,0.0,prior,0.0,liu_mpga,12600.0,43200.0,268925.860796443,0,243572.77661880292,25353.084177640096,0,1,0.8604628483512993,1,4.789315478557101,20.40830782913483,8018.590898655449,977.6311527882467,8.202061560524209,2.0048318945220522,302.90614087463314,0.0,0.0,0.0,0.5915013766784052,8.252569750367106,0.9523809523809523,289.70978525031614,681,105.98519349098206
core,50,1500000.0,6,2,exclude,launch,0,0.0,prior,0.0,liu_mpga,12600.0,43200.0,108855.1893017611,0,105112.4848018805,3742.704499880595,0,1,0.6739081944305021,1,4.789315478557101,22.279084047163163,8018.590898655449,895.3944656078502,8.955372415901548,2.0051564046028743,303.10181931425325,0.0,0.0,0.0,0.590191429237548,8.228739002932551,0.9714285714285714,290.6616597791314,682,110.40225911140442
core,50,1500000.0,6,3,exclude,launch,0,0.0,prior,0.0,liu_mpga,12600.0,43200.0,47906.19462752388,0,46670.55881419388,1235.6358133299998,0,0,0.0,1,5.810765870883612,16.425585213772884,6550.440834961872,1214.1324035976463,5.395161858420043,2.0057328602648408,303.4495758649492,0.0,0.0,0.0,0.5907129049530994,8.348017621145374,0.9809523809523809,286.78641253452776,681,108.63649106025696
core,50,1500000.0,6,4,exclude,launch,0,0.0,prior,0.0,liu_mpga,12600.0,43200.0,195897.24966645113,0,187265.7882222682,8631.461444182927,0,1,0.7564382792233497,1,5.258009724989983,20.171105903157404,7274.107902442663,988.914440957125,7.355649388032384,2.00526402684775,303.1667291022463,0.0,0.0,0.0,0.557644529043247,8.08011049723757,0.981651376146789,278.80324074182374,724,107.32258224487305
core,50,1500000.0,5,10,exclude,launch,0,0.0,prior,0.0,liu_mpga,12600.0,43200.0,52969.07844819441,0,51465.65146697584,1503.4269812185685,0,0,0.0,0,5.753442760502199,24.440672023621413,6619.025743670595,816.1265576782342,8.110293288948709,2.0053460996958004,303.2162340520673,0.0,0.0,0.0,0.7885230978687033,10.727699530516432,0.978021978021978,355.78902297620834,426,139.3774082660675
core,50,1500000.0,5,9,exclude,launch,0,0.0,prior,0.0,liu_mpga,12600.0,43200.0,57110.67301924708,0,55751.19498649815,1359.4780327489307,0,0,0.0,0,5.246536392218966,17.128632795253694,7290.744155068959,1164.3226682865848,6.261790097927069,2.005690601506766,303.4240757877123,0.0,0.0,0.0,0.8784801332873534,10.4140625,0.9801980198019802,410.91213746118166,384,140.626070022583
core,50,1500000.0,6,5,exclude,launch,0,0.0,prior,0.0,liu_mpga,12600.0,43200.0,91044.17321589791,0,82948.46862773955,8095.704588158357,0,1,0.5529538063346621,1,5.537141230626804,24.81016219305735,6890.610997136995,804.211750370538,8.568155083486618,2.004748852665121,302.8560770795629,0.0,0.0,0.0,0.5431937696906425,8.126684636118599,0.959349593495935,271.17017924477,742,123.58880281448364
core,50,1500000.0,6,6,exclude,launch,0,0.0,prior,0.0,liu_mpga,12600.0,43200.0,280431.7818854255,0,268519.7193104387,11912.062574986776,0,1,0.8694319032799815,1,4.998140959091332,21.06491425882087,7669.642238462474,947.0123818794541,8.098777149292593,2.0051397118291305,303.0917520887843,0.0,0.0,0.0,0.6087966777644293,8.413897280966767,0.9782608695652174,293.18456097898013,662,123.89307832717896
core,50,1500000.0,6,7,exclude,launch,0,0.0,prior,0.0,liu_mpga,12600.0,43200.0,47966.81071706251,0,46735.53321413915,1231.277502923356,0,0,0.0,1,5.781865362986433,14.142250882602925,6584.84920617487,1410.011554459494,4.67006755040321,2.005943897561812,303.5769375125547,0.0,0.0,0.0,0.7154058479265516,8.650088809946714,0.9690721649484536,336.7690206454512,563,119.55758166313171
core,50,1500000.0,5,12,exclude,launch,0,0.0,prior,0.0,liu_mpga,12600.0,43200.0,62989.19595781451,0,60788.50237593782,2200.6935818766965,0,0,0.0,0,5.470710591405869,22.348596461206096,6978.331089719389,892.4358771803917,7.819420160210379,2.005546410134359,303.3370748802289,0.0,0.0,0.0,0.8283642445090725,10.891625615763546,0.941747572815534,372.2655839075965,406,155.2503912448883
core,50,1500000.0,5,11,exclude,launch,0,0.0,prior,0.0,liu_mpga,12600.0,43200.0,337286.4929818531,0,296020.7415285439,41265.75145330916,0,1,0.8591363090250433,1,4.7893154785571,25.15648938238955,8018.59089865545,792.9778300226278,10.111998841665772,2.0051594395171275,303.1036496551158,0.0,0.0,0.0,0.6421256570502641,9.604961832061068,0.96875,323.9300952957807,524,166.03343605995178
core,50,1500000.0,6,8,exclude,launch,0,0.0,prior,0.0,liu_mpga,12600.0,43200.0,261666.76850301313,0,250909.24002521005,10757.528477803084,0,1,0.8427746118079029,1,5.526537023394481,16.659925767213334,6904.472155108215,1197.1121752183478,5.76760666046093,2.005635839299215,303.391032384911,0.0,0.0,0.0,0.5861255953384586,8.264919941775837,0.989247311827957,285.8863780206702,687,100.00835871696472
core,50,1500000.0,6,9,exclude,launch,0,0.0,prior,0.0,liu_mpga,12600.0,43200.0,268734.1379454654,0,254950.79781484674,13783.340130618653,0,1,0.8551614666175917,1,5.246536392218966,18.594617882103663,7290.744155068959,1072.6868048792974,6.796712816738097,2.005394386172777,303.2453615243206,0.0,0.0,0.0,0.5903105408321834,7.966423357664233,0.9702970297029703,298.6800266259998,685,108.89685082435608
core,50,1500000.0,6,12,exclude,launch,0,0.0,prior,0.0,liu_mpga,12600.0,43200.0,323818.12473804085,0,308466.96606686653,15351.15867117436,0,1,0.8536774747365422,1,5.470710591405869,19.51847802555673,6978.331089719389,1021.9109870306505,6.828707371075643,2.005399825357479,303.2486426486549,0.0,0.0,0.0,0.601083081356792,8.09538002980626,0.97,300.68416823744616,671,104.5768690109253
core,50,1500000.0,7,1,exclude,launch,0,0.0,prior,0.0,liu_mpga,12600.0,43200.0,264384.8085697792,0,239365.98080869333,25018.827761085842,0,1,0.8752420890898457,1,4.789315478557101,18.756965954584214,8018.590898655449,1063.7570102682141,7.537991121331038,2.004725737419664,302.84214223004636,0.0,0.0,0.0,0.5202652750641884,7.256637168141593,0.9433962264150944,248.22553928329782,904,113.62170696258545
core,50,1500000.0,6,11,exclude,launch,0,0.0,prior,0.0,liu_mpga,12600.0,43200.0,337443.2303304706,0,295620.1185452123,41823.11178525824,0,1,0.8587372530207327,1,4.7893154785571,22.52525525378844,8018.59089865545,885.8469035134898,9.051892450999961,2.0046178760857405,302.77712308530744,0.0,0.0,0.0,0.5982541684080005,7.686478454680535,0.9789473684210527,315.2448507787273,673,128.98384547233582
core,50,1500000.0,7,4,exclude,launch,0,0.0,prior,0.0,liu_mpga,12600.0,43200.0,192662.8072966279,0,184005.75010459605,8657.057192031829,0,1,0.769137440285134,1,5.258009724989983,18.42616277582542,7274.107902442663,1082.7235433113444,6.7183427823098,2.0049682863240097,302.9883769551049,0.0,0.0,0.0,0.5273422356315176,6.946188340807175,0.9724770642201835,262.86834675256773,892,110.42712235450745
core,50,1500000.0,7,2,exclude,launch,0,0.0,prior,0.0,liu_mpga,12600.0,43200.0,105147.29702540113,0,101594.03085295697,3553.2661724441655,0,1,0.6977786171888213,1,4.789315478557101,20.907240590973913,8018.590898655449,954.3046716698311,8.402548092554774,2.0048238700971974,302.9013029751328,0.0,0.0,0.0,0.5323851384448562,7.099435028248587,0.9714285714285714,259.4347523683651,885,133.05296850204468
core,50,1500000.0,7,5,exclude,launch,0,0.0,prior,0.0,liu_mpga,12600.0,43200.0,88177.2386406288,0,80332.14320786689,7845.095432761924,0,1,0.5709321691224623,1,5.537141230626804,22.65175614160891,6890.610997136995,881.0353959303102,7.821037643851986,2.004309371302614,302.5911939858756,0.0,0.0,0.0,0.528720215884593,7.012345679012346,0.959349593495935,261.1291758540612,891,132.38530206680298
core,50,1500000.0,7,3,exclude,launch,0,0.0,prior,0.0,liu_mpga,12600.0,43200.0,206311.90396673064,0,205363.14111006111,948.762856669515,0,1,0.8109743293354509,1,5.810765870883612,18.626439238004476,6550.440834961872,1071.1159273487347,6.115529297725749,2.0049044235031124,302.94987011283683,0.0,0.0,0.0,0.5062471341164997,6.974165769644779,0.9904761904761905,252.18182882884864,929,137.4202070236206
core,50,1500000.0,7,6,exclude,launch,0,0.0,prior,0.0,liu_mpga,12600.0,43200.0,278854.05567976733,0,266834.67642746936,12019.37925229795,0,1,0.8743510553234998,1,4.998140959091332,19.527168581982576,7669.642238462474,1021.6301960337294,7.507258759811813,2.0050582540541693,303.0426282127245,0.0,0.0,0.0,0.5171096942340356,6.932893289328933,0.967391304347826,258.15813575331435,909,129.83959245681763
core,50,1500000.0,7,7,exclude,launch,0,0.0,prior,0.0,liu_mpga,12600.0,43200.0,158130.14815397214,0,153345.17501357957,4784.9731403925725,0,1,0.7745439609092933,1,5.781865362986433,19.28569909587223,6584.84920617487,1034.381865471843,6.365975106467213,2.0051354116832476,303.0891587458954,0.0,0.0,0.0,0.5055226226685066,7.0718884120171674,0.979381443298969,247.722699762371,932,126.21486473083496
core,50,1500000.0,7,9,exclude,launch,0,0.0,prior,0.0,liu_mpga,12600.0,43200.0,264937.3534701287,0,251285.34940077047,13652.004069358272,0,1,0.8674166799268215,1,5.246536392218966,17.88330114811893,7290.744155068959,1115.6198112438656,6.5351512061623485,2.004915546550486,302.95657670965886,0.0,0.0,0.0,0.5592898806225982,7.0439429928741095,0.9801980198019802,275.2659104455075,842,114.76431035995483
core,50,1500000.0,6,10,exclude,launch,0,0.0,prior,0.0,liu_mpga,12600.0,43200.0,47814.241167733635,0,46861.364424854604,952.8767428790261,0,0,0.0,1,5.753442760502199,17.55605223457503,6619.025743670595,1136.0097266291975,5.82655728072925,2.0056312007254586,303.3882335617585,0.0,0.0,0.0,0.6223733764599352,8.453703703703704,0.978021978021978,296.91300082249074,648,225.01596760749817
core,50,1500000.0,7,8,exclude,launch,0,0.0,prior,0.0,liu_mpga,12600.0,43200.0,256973.84549894126,0,246616.12124451733,10357.72425442391,0,1,0.8581655803141425,1,5.526537023394481,18.34139712503497,6904.472155108215,1087.6946346552945,6.347803818390938,2.0050286876401806,303.0247988939232,0.0,0.0,0.0,0.5058432933691782,7.020452099031217,0.989247311827957,249.2579563723625,929,131.8886272907257
core,50,1500000.0,7,10,exclude,launch,0,0.0,prior,0.0,liu_mpga,12600.0,43200.0,241622.65200437288,0,240850.20498342477,772.4470209480783,0,1,0.85166423011406,1,5.753442760502199,25.756618732062403,6619.025743670595,774.7745169865182,8.543163976811298,2.004452707546803,302.677572509431,0.0,0.0,0.0,0.47768124210298163,6.995943204868154,0.978021978021978,235.936667809776,986,140.2088487148285
core,50,1500000.0,8,3,exclude,launch,0,0.0,prior,0.0,liu_mpga,12600.0,43200.0,203391.45983731485,0,202593.00577854074,798.4540587741192,0,1,0.8226188950468606,1,5.810765870883612,18.70392851877629,6550.440834961872,1066.7568635504522,6.1405190430744,2.004756874807179,302.860913241687,0.0,0.0,0.0,0.4482855724262366,5.931666666666667,0.9904761904761905,229.38527891322366,1200,105.45630836486816
core,50,1500000.0,8,4,exclude,launch,0,0.0,prior,0.0,liu_mpga,12600.0,43200.0,189672.44877211607,0,181530.8559346083,8141.592837507793,0,1,0.7812635910042717,1,5.258009724989983,15.321724165367788,7274.107902442663,1302.0731004226518,5.586558773145297,2.0050120400932245,303.0147602197036,0.0,0.0,0.0,0.5374355931849882,6.147852147852148,0.9724770642201835,264.27565948309956,1001,101.84449982643127
core,50,1500000.0,7,12,exclude,launch,0,0.0,prior,0.0,liu_mpga,12600.0,43200.0,314933.429468097,0,299889.81583103293,15043.61363706407,0,1,0.8777608635170139,1,5.470710591405869,22.05226762833741,6978.331089719389,904.7470716430063,7.713018708142211,2.004839224802759,302.91056031066313,0.0,0.0,0.0,0.49263649694181644,7.407949790794979,0.98,230.7590163287523,956,134.72957682609558
core,50,1500000.0,8,1,exclude,launch,0,0.0,prior,0.0,liu_mpga,12600.0,43200.0,260958.389276654,0,236058.9793351218,24899.40994153216,0,1,0.886734137260921,1,4.789315478557101,20.2357565034814,8018.590898655449,986.2274878838655,8.130569262331987,2.004303309169197,302.58754104245986,0.0,0.0,0.0,0.4580943000981938,6.339590443686006,0.9433962264150944,219.11620292055667,1172,121.14291334152222
core,50,1500000.0,8,2,exclude,launch,0,0.0,prior,0.0,liu_mpga,12600.0,43200.0,103410.72809859438,0,99883.26958519375,3527.458513400631,0,1,0.7094034892044281,1,4.789315478557101,18.454923701137396,8018.590898655449,1081.1395769381522,7.416795268345043,2.004776540221205,302.8727687336686,0.0,0.0,0.0,0.504762037218007,6.2807511737089206,0.9809523809523809,244.42629028444395,1065,117.32349419593811
core,50,1500000.0,7,11,exclude,launch,0,0.0,prior,0.0,liu_mpga,12600.0,43200.0,330635.20038653613,0,289223.65219564235,41411.54819089374,0,1,0.876419305402643,1,4.7893154785571,22.780614505188886,8018.59089865545,876.0860338977207,9.152743667172288,2.004231111093482,302.54403734641454,0.0,0.0,0.0,0.5165484039989091,6.757142857142857,0.9789473684210527,263.80953294590694,910,147.65308809280396
core,50,1500000.0,8,5,exclude,launch,0,0.0,prior,0.0,liu_mpga,12600.0,43200.0,86459.34741861201,0,78854.29045127242,7605.056967339604,0,1,0.5822762214544067,1,5.537141230626804,22.8002399898794,6890.610997136995,875.4154964684675,7.871246310962689,2.0040398025189754,302.4287775127027,0.0,0.0,0.0,0.467060809894955,6.081810269799826,0.9512195121951219,232.71710773822218,1149,109.42078042030334
core,50,1500000.0,8,7,exclude,launch,0,0.0,prior,0.0,liu_mpga,12600.0,43200.0,156698.8506715101,0,151992.26650829313,4706.58416321699,0,1,0.7816186957688946,1,5.781865362986433,17.70738145996662,6584.84920617487,1126.6133409764755,5.844817353633989,2.0050756297460044,303.0531064527984,0.0,0.0,0.0,0.4763730255691905,6.158687943262412,0.979381443298969,234.8385288361667,1128,99.56698036193848
core,50,1500000.0,8,6,exclude,launch,0,0.0,prior,0.0,liu_mpga,12600.0,43200.0,275943.8052919587,0,264217.52816160605,11726.277130352635,0,1,0.8835724273892437,1,4.998140959091332,20.577607659812745,7669.642238462474,969.6843746662446,7.909421290924984,2.004632242470003,302.7857827830923,0.0,0.0,0.0,0.46118556729437576,6.004284490145673,0.9782608695652174,232.90751877357138,1167,104.975510597229
core,50,1500000.0,8,8,exclude,launch,0,0.0,prior,0.0,liu_mpga,12600.0,43200.0,253674.67815672458,0,243261.3065015953,10413.371655129256,0,1,0.8693264572189996,1,5.526537023394481,18.15896569390477,6904.472155108215,1098.7401328558037,6.283990134375426,2.004813117336391,302.8948202313827,0.0,0.0,0.0,0.4619142452871019,6.206008583690987,0.989247311827957,225.3572222104384,1165,103.01667475700378
core,50,1500000.0,8,9,exclude,launch,0,0.0,prior,0.0,liu_mpga,12600.0,43200.0,261970.47908598755,0,248417.0016984169,13553.477387570643,0,1,0.877240368218078,1,5.246536392218966,17.615684751133326,7290.744155068959,1132.5649380873595,6.437374061200713,2.0049213893572713,302.96009963632434,0.0,0.0,0.0,0.48119252490002223,6.040250447227192,0.9900990099009901,241.56264780358944,1118,90.13091230392456
core,50,1500000.0,8,12,exclude,launch,0,0.0,prior,0.0,liu_mpga,12600.0,43200.0,312950.01636071375,0,298019.18875027396,14930.827610439812,0,1,0.8833239320929294,1,5.470710591405869,20.605756235795248,6978.331089719389,968.4172453922824,7.205913693629687,2.004513192212154,302.7140259984757,0.0,0.0,0.0,0.4791074108028605,6.406583629893238,0.98,226.27136432132764,1124,100.78571772575378
core,50,1500000.0,8,11,exclude,launch,0,0.0,prior,0.0,liu_mpga,12600.0,43200.0,327587.9211788305,0,286531.62805778155,41056.293121048955,0,1,0.884571908578531,1,4.7893154785571,17.914981447666673,8018.59089865545,1113.8241125759603,7.199153625890461,2.004596709366152,302.76436454079,0.0,0.0,0.0,0.4831884100160737,5.871287128712871,0.9789473684210527,250.1372953055999,1111,108.9317090511322
core,50,1500000.0,8,10,exclude,launch,0,0.0,prior,0.0,liu_mpga,12600.0,43200.0,238132.07421438614,0,237642.97604617273,489.0981682134313,0,1,0.864148059753432,1,5.753442760502199,23.73785113073342,6619.025743670595,840.7036775518973,7.873197085261944,2.004359608143054,302.6214667407809,0.0,0.0,0.0,0.4282576410836744,6.227091633466135,0.978021978021978,208.61392974271413,1255,114.33387517929077
core,50,1500000.0,9,2,exclude,launch,0,0.0,prior,0.0,liu_mpga,12600.0,43200.0,101381.79849313284,0,97991.18565077792,3390.612842354926,0,1,0.7237132104284486,1,4.789315478557101,21.74836609495202,8018.590898655449,917.4893179737331,8.739710361276396,2.004621296021747,302.77918452612414,0.0,0.0,0.0,0.3886508913513712,5.05584082156611,0.9809523809523809,207.46879509770085,1558,124.24396061897278
core,50,1500000.0,9,3,exclude,launch,0,0.0,prior,0.0,liu_mpga,12600.0,43200.0,202107.06498468423,0,201206.49371740597,900.5712672782659,0,1,0.8278466562562696,1,5.810765870883612,17.68494528661654,6550.440834961872,1128.1900681666139,5.8061500626457265,2.0048135946871986,302.8951080204628,0.0,0.0,0.0,0.4212632676684083,5.300069783670621,0.9809523809523809,214.32971701242644,1433,123.1329619884491
core,50,1500000.0,9,1,exclude,launch,0,0.0,prior,0.0,liu_mpga,12600.0,43200.0,260010.765315967,0,235034.36346739205,24976.40184857496,0,1,0.8899658900470259,1,4.789315478557101,22.593304362170855,8018.590898655449,883.2425435578318,9.078583178698997,2.0044732213053917,302.68993569588923,0.0,0.0,0.0,0.3478396636733953,4.946008041355543,0.9439252336448598,189.59058547287708,1741,135.43574047088623
core,50,1500000.0,9,4,exclude,launch,0,0.0,prior,0.0,liu_mpga,12600.0,43200.0,187738.68107735505,0,179580.40812253125,8158.272954823789,0,1,0.7893108526804854,1,5.258009724989983,17.801219138121272,7274.107902442663,1120.9362663213299,6.489314442751246,2.0046073779051574,302.7707951224428,0.0,0.0,0.0,0.44820299727114654,5.254262416604893,0.9724770642201835,230.08187266469426,1349,103.40872192382812
core,50,1500000.0,9,6,exclude,launch,0,0.0,prior,0.0,liu_mpga,12600.0,43200.0,273315.4563252578,0,261720.25857849547,11595.19774676232,0,1,0.8920693368130984,1,4.998140959091332,18.921145243396836,7669.642238462474,1054.5562477476603,7.272862168180626,2.0046696844826464,302.808352475538,0.0,0.0,0.0,0.4356273575408671,5.4480519480519485,0.967391304347826,215.628625948701,1386,115.41758108139038
core,50,1500000.0,9,8,exclude,launch,0,0.0,prior,0.0,liu_mpga,12600.0,43200.0,252294.0210965227,0,242012.34413083276,10281.676965689927,0,1,0.8740837705535096,1,5.526537023394481,19.20371663575996,6904.472155108215,1039.1908956624652,6.644084531463047,2.0043768082335425,302.63183187521946,0.0,0.0,0.0,0.4271293054999896,5.4025423728813555,0.989247311827957,213.10004590879757,1416,116.02853488922119
core,50,1500000.0,9,7,exclude,launch,0,0.0,prior,0.0,liu_mpga,12600.0,43200.0,154160.76271919542,0,149371.90318078824,4788.859538407173,0,1,0.794487190709126,1,5.781865362986433,22.174643964251832,6584.84920617487,899.8775267349048,7.317494892963032,2.004564014724143,302.74465790360654,0.0,0.0,0.0,0.3764676835068275,5.354658385093168,0.979381443298969,189.50041257234378,1610,126.89248204231262
core,50,1500000.0,9,5,exclude,launch,0,0.0,prior,0.0,liu_mpga,12600.0,43200.0,81555.98623878584,0,74040.4240357824,7515.562203003455,0,1,0.6172842049500121,1,5.537141230626804,21.759421086163805,6890.610997136995,917.1517481009573,7.513054422460194,2.0043402899780913,302.6098254219829,0.0,0.0,0.0,0.384785422613993,5.382315521628499,0.959349593495935,192.21686766538713,1572,146.03853750228882
core,50,1500000.0,9,9,exclude,launch,0,0.0,prior,0.0,liu_mpga,12600.0,43200.0,260577.98355703973,0,247048.3196729244,13529.663884115313,0,1,0.8819282289263414,1,5.246536392218966,16.03829723574154,7290.744155068959,1243.963167285907,5.860900343999724,2.0049069066774785,302.9513673264295,0.0,0.0,0.0,0.47478025958946946,5.4655172413793105,0.9900990099009901,233.64013836229879,1276,114.45152831077576
core,50,1500000.0,9,11,exclude,launch,0,0.0,prior,0.0,liu_mpga,12600.0,43200.0,325113.47525098664,0,284162.9747679333,40950.500483053336,0,1,0.891304405148775,1,4.7893154785571,19.755139186035176,8018.59089865545,1010.257671645163,7.937173974237191,2.0042308393969583,302.54387363877584,0.0,0.0,0.0,0.4228297117325442,5.072625698324022,0.9789473684210527,224.3142316532611,1432,127.0462818145752
core,50,1500000.0,10,2,exclude,launch,0,0.0,prior,0.0,liu_mpga,12600.0,43200.0,99246.80785404329,0,95977.6084807199,3269.1993733234026,0,1,0.7392187384158151,1,4.789315478557101,16.92201916667449,8018.590898655449,1179.1054061727434,6.800571735722069,2.0047267163064078,302.84273233795705,0.0,0.0,0.0,0.4436609183437938,5.21083939193655,0.9714285714285714,206.12476205490532,1513,107.5281753540039
core,50,1500000.0,10,1,exclude,launch,0,0.0,prior,0.0,liu_mpga,12600.0,43200.0,258749.05814284083,0,233843.71994465505,24905.338198185782,0,1,0.894305524576984,1,4.789315478557101,22.272611155450114,8018.590898655449,895.9339255995997,8.949980204498946,2.004531449220791,302.72502974208663,0.0,0.0,0.0,0.3207249984386944,4.447092469018113,0.9439252336448598,175.16756282932872,2098,122.61994910240173
core,50,1500000.0,10,3,exclude,launch,0,0.0,prior,0.0,liu_mpga,12600.0,43200.0,200538.7908382656,0,199795.62141686215,743.169421403434,0,1,0.8343206681059444,1,5.810765870883612,17.928390096475418,6550.440834961872,1112.9831897169367,5.885480477587298,2.0046109262625844,302.77293394985026,0.0,0.0,0.0,0.3967949168297554,4.704075605434141,0.9809523809523809,204.94930021586606,1693,98.46162700653076
core,50,1500000.0,9,12,exclude,launch,0,0.0,prior,0.0,liu_mpga,12600.0,43200.0,310745.0931072032,0,295877.91280812037,14867.180299082842,0,1,0.8895916464396993,1,5.470710591405869,19.450738527282653,6978.331089719389,1025.9868723452041,6.801579316281403,2.004389373563252,302.6394041180347,0.0,0.0,0.0,0.4539831149457118,5.755438859714928,0.98,212.599381187353,1333,126.05545234680176
core,50,1500000.0,10,4,exclude,launch,0,0.0,prior,0.0,liu_mpga,12600.0,43200.0,187730.2145137574,0,179494.834669016,8235.379844741417,0,1,0.7893464503095068,1,5.258009724989983,19.006690658590582,7274.107902442663,1049.7694752449397,6.929243109060126,2.0047468718382175,302.85488294060514,0.0,0.0,0.0,0.376277513383916,4.342841163310962,0.9724770642201835,210.05004626531664,1788,88.53734254837036
core,50,1500000.0,9,10,exclude,launch,0,0.0,prior,0.0,liu_mpga,12600.0,43200.0,236475.0078758844,0,235966.03286346563,508.97501241875506,0,1,0.870203459324656,1,5.753442760502199,18.832978527397888,6619.025743670595,1059.5261489370814,6.247156571181196,2.0046072678503295,302.77072878531123,0.0,0.0,0.0,0.43838714618342317,5.6480811006517015,0.978021978021978,208.67799301479914,1381,158.03568196296692
core,50,1500000.0,10,6,exclude,launch,0,0.0,prior,0.0,liu_mpga,12600.0,43200.0,271793.1709082211,0,260044.27561048017,11748.895297740906,0,1,0.8970657248307857,1,4.998140959091332,19.657410977554306,7669.642238462474,1015.1724335389997,7.5550142863171335,2.0044436773302223,302.67213027859793,0.0,0.0,0.0,0.39781415645096324,4.690758293838862,0.9891304347826086,205.57914056216455,1688,98.4513795375824
core,50,1500000.0,10,5,exclude,launch,0,0.0,prior,0.0,liu_mpga,12600.0,43200.0,80680.64821038935,0,73133.7734858811,7546.874724508241,0,1,0.62398137894287,1,5.537141230626804,22.365492778630905,6890.610997136995,892.4708095929245,7.7208250657295485,2.0039528524016976,302.3763989536516,0.0,0.0,0.0,0.36989919271992144,4.8661157024793384,0.959349593495935,184.13068856006024,1815,117.34128761291504
core,50,1500000.0,10,7,exclude,launch,0,0.0,prior,0.0,liu_mpga,12600.0,43200.0,153255.69114874947,0,148541.12534174602,4714.565807003454,0,1,0.7991791389428621,1,5.781865362986433,24.337777424059635,6584.84920617487,820.1331957732783,8.02899972847242,2.0039860106579828,302.3963728790794,0.0,0.0,0.0,0.3542363485871401,4.648762506582412,0.9896907216494846,185.15859893374838,1899,115.68591570854187
core,50,1500000.0,10,8,exclude,launch,0,0.0,prior,0.0,liu_mpga,12600.0,43200.0,249826.5771086705,0,239668.2877677464,10158.289340924088,0,1,0.8827167701706536,1,5.526537023394481,22.839732713373955,6904.472155108215,873.7376995757699,7.902225299950519,2.0044161778381397,302.65555749089344,0.0,0.0,0.0,0.32474258551178825,4.457225712904785,0.989247311827957,176.6539437563231,2069,108.7671971321106
core,50,1500000.0,10,9,exclude,launch,0,0.0,prior,0.0,liu_mpga,12600.0,43200.0,258460.59191171735,0,245055.75971884467,13404.832192872682,0,1,0.8891532664064907,1,5.246536392218966,16.143372744306483,7290.744155068959,1235.8533518892486,5.899360263030886,2.004927980967878,302.96407407965273,0.0,0.0,0.0,0.43388461485174185,4.893479664299548,0.9801980198019802,215.17960160722564,1549,101.72967791557312
core,50,1500000.0,10,10,exclude,launch,0,0.0,prior,0.0,liu_mpga,12600.0,43200.0,234964.76874076595,0,234476.80114413967,487.9675966262896,0,1,0.8757967034813504,1,5.753442760502199,20.817378514211487,6619.025743670595,958.7933434470591,6.903495720854545,2.0040517971898257,302.4360034320357,0.0,0.0,0.0,0.4063230496585538,5.045372050816697,0.978021978021978,195.86485160889814,1653,113.46620559692383
core,50,1500000.0,10,11,exclude,launch,0,0.0,prior,0.0,liu_mpga,12600.0,43200.0,324006.9022352982,0,282974.6359016018,41032.26633369632,0,1,0.8943484557436753,1,4.7893154785571,18.39488324423636,8018.59089865545,1085.0567971486746,7.390019508404353,2.0040589110042415,302.4402890301069,0.0,0.0,0.0,0.4270357775803318,4.705470737913486,0.9789473684210527,220.36249323808337,1572,106.99301290512085
core,50,1500000.0,10,12,exclude,launch,0,0.0,prior,0.0,liu_mpga,12600.0,43200.0,308003.0460022689,0,293161.43047507614,14841.615527192756,0,1,0.8975113804499713,1,5.470710591405869,19.89016782706925,6978.331089719389,1003.3077804340643,6.955324403744114,2.0044137054458027,302.65406750621037,0.0,0.0,0.0,0.396622843287334,5.204250295159386,0.98989898989899,184.6237442258906,1694,125.85894179344177
core,50,1500000.0,11,2,exclude,launch,0,0.0,prior,0.0,liu_mpga,12600.0,43200.0,98380.24779528104,0,95117.38141008036,3262.8663852006866,0,1,0.7457836303929656,1,4.789315478557101,18.350278503323114,8018.590898655449,1087.6224036578765,7.372587096116663,2.0041913640391957,302.5200886832702,0.0,0.0,0.0,0.4179706938743923,4.5839457320520065,0.9809523809523809,201.01980342907984,1769,128.62221574783325
core,50,1500000.0,11,4,exclude,launch,0,0.0,prior,0.0,liu_mpga,12600.0,43200.0,184941.7625869082,0,176693.6414341509,8248.121152757327,0,1,0.8012477894096092,1,5.258009724989983,17.90911641938768,7274.107902442663,1114.1689282231187,6.5287298166207535,2.0046326010574407,302.78599893223156,0.0,0.0,0.0,0.3804525138469917,4.182005141388175,0.9724770642201835,200.576632921923,1945,108.20013451576233
core,50,1500000.0,11,1,exclude,launch,0,0.0,prior,0.0,liu_mpga,12600.0,43200.0,257756.68503004234,0,232891.83247415605,24864.85255588628,0,1,0.8977486351101329,1,4.789315478557101,20.55289265071852,8018.590898655449,970.8805205377885,8.259091339286327,2.004570107604791,302.74833032793026,0.0,0.0,0.0,0.3243581165336483,4.158911325724319,0.9528301886792453,172.06226049340847,2278,149.2809932231903
core,50,1500000.0,11,3,exclude,launch,0,0.0,prior,0.0,liu_mpga,12600.0,43200.0,197922.5434769871,0,197297.61370418067,624.9297728064762,0,1,0.8453491705091866,1,5.810765870883612,20.63310316075214,6550.440834961872,967.1522992288058,6.772915537899362,2.0044746727848564,302.69081047987316,0.0,0.0,0.0,0.32971612596257693,4.090299508270005,0.9903846153846154,177.88985597648792,2237,142.69741821289062
core,50,1500000.0,11,5,exclude,launch,0,0.0,prior,0.0,liu_mpga,12600.0,43200.0,79963.24022252826,0,72466.48357135142,7496.756651176854,0,1,0.6295795666136618,1,5.537141230626804,27.517406152885503,6890.610997136995,725.4057117717524,9.498975380697185,2.003879149691615,302.33200415566796,0.0,0.0,0.0,0.28025154301377636,3.6351915054986725,0.9512195121951219,169.6173167979248,2637,134.5202295780182
core,50,1500000.0,11,6,exclude,launch,0,0.0,prior,0.0,liu_mpga,12600.0,43200.0,270301.6066458499,0,258626.79103714976,11674.815608700148,0,1,0.9020158662404508,1,4.998140959091332,21.254422249297992,7669.642238462474,939.0176355091261,8.16772970861625,2.0041809896388316,302.5138379856069,0.0,0.0,0.0,0.35737962791868905,4.281567489114659,0.967391304347826,184.13314166635294,2067,139.7216055393219
core,50,1500000.0,11,7,exclude,launch,0,0.0,prior,0.0,liu_mpga,12600.0,43200.0,150357.59425707508,0,145947.8283200868,4409.765936988286,0,1,0.8145830737417957,1,5.781865362986433,21.504849767827956,6584.84920617487,928.1285157322862,7.094760148576488,2.0040818843155535,302.4541291232019,0.0,0.0,0.0,0.3571153339860659,4.4570048309178745,0.979381443298969,176.89955218810593,2070,133.11704874038696
core,50,1500000.0,11,8,exclude,launch,0,0.0,prior,0.0,liu_mpga,12600.0,43200.0,249137.36155725052,0,238832.51423800254,10304.847319247992,0,1,0.8851587247682965,1,5.526537023394481,20.5236268780359,6904.472155108215,972.2879970449576,7.101262358573536,2.004522596933162,302.7196943248032,0.0,0.0,0.0,0.3319215777413419,4.206741573033708,0.989247311827957,173.6568771972627,2225,140.9534206390381
core,50,1500000.0,11,9,exclude,launch,0,0.0,prior,0.0,liu_mpga,12600.0,43200.0,256881.17038550848,0,243447.10050392358,13434.069881584917,0,1,0.8946201825177497,1,5.246536392218966,16.54742440923872,7290.744155068959,1206.0020356027328,6.045382959428595,2.0043868490102694,302.6378827394332,0.0,0.0,0.0,0.4299014488676508,4.534613147178592,0.9801980198019802,209.1094176588781,1719,132.02742910385132
core,50,1500000.0,12,2,exclude,launch,0,0.0,prior,0.0,liu_mpga,12600.0,43200.0,97349.97641249977,0,94131.89095709646,3218.085455403313,0,1,0.753678448670653,1,4.789315478557101,18.555468926799705,8018.590898655449,1075.2509558401237,7.457413411355955,2.0048330812211823,302.90685633493644,0.0,0.0,0.0,0.35179240448109256,3.9106753812636166,0.9809523809523809,181.72336084062212,2295,104.26978588104248
core,50,1500000.0,11,10,exclude,launch,0,0.0,prior,0.0,liu_mpga,12600.0,43200.0,234165.27313015965,0,233693.01968502582,472.2534451337982,0,1,0.8787868805082738,1,5.753442760502199,19.379008570457078,6619.025743670595,1029.8460124805385,6.42719946812988,2.004269625221582,302.5672440428088,0.0,0.0,0.0,0.3819044439331517,4.507739938080495,0.978021978021978,187.02817641791913,1938,149.30701899528503
core,50,1500000.0,11,11,exclude,launch,0,0.0,prior,0.0,liu_mpga,12600.0,43200.0,322796.27564719616,0,281784.83198364056,41011.44366355561,0,1,0.8977026518767605,1,4.7893154785571,19.829020558987796,8018.59089865545,1006.6722129633633,7.965443761530822,2.003875092952165,302.3295606749154,0.0,0.0,0.0,0.37999847470302217,4.090349075975359,0.9789473684210527,204.46549494086125,1948,129.80458426475525
core,50,1500000.0,12,1,exclude,launch,0,0.0,prior,0.0,liu_mpga,12600.0,43200.0,256639.63899340475,0,231925.99754388383,24713.6414495209,0,1,0.9016561630301394,1,4.789315478557101,24.21352590707372,8018.590898655449,824.2794485802367,9.728000513014011,2.0041373629303516,302.4875530898161,0.0,0.0,0.0,0.27751347349856353,3.47123665173958,0.9433962264150944,161.88182132125283,2903,110.85657262802124
core,50,1500000.0,12,3,exclude,launch,0,0.0,prior,0.0,liu_mpga,12600.0,43200.0,197222.97267668654,0,196575.1652790163,647.8073976702019,0,1,0.8483477136693462,1,5.810765870883612,19.874067846710577,6550.440834961872,1003.9739853131994,6.524512518039398,2.004706338767878,302.8304481481062,0.0,0.0,0.0,0.3162132304973034,3.7050980392156863,0.9809523809523809,172.48867557694336,2550,110.7918701171875
core,50,1500000.0,11,12,exclude,launch,0,0.0,prior,0.0,liu_mpga,12600.0,43200.0,306744.82389149896,0,292049.34789762995,14695.47599386897,0,1,0.9011928400072131,1,5.470710591405869,22.935904497713533,6978.331089719389,870.2263117251233,8.01898425236724,2.004065489625723,302.44425223720293,0.0,0.0,0.0,0.3400726442297697,4.344066237350506,0.98989898989899,172.46414699899535,2174,135.70265221595764
core,50,1500000.0,12,4,exclude,launch,0,0.0,prior,0.0,liu_mpga,12600.0,43200.0,182007.91215864898,0,174061.87438612923,7946.037772519749,0,1,0.8141633881999084,1,5.258009724989983,20.39243971893045,7274.107902442663,978.7329116373674,7.432168486368229,2.0041333344595165,302.4851260118361,0.0,0.0,0.0,0.33980585169818334,3.8971765697429412,0.9724770642201835,176.23103902040145,2373,104.39734840393066
core,50,1500000.0,12,6,exclude,launch,0,0.0,prior,0.0,liu_mpga,12600.0,43200.0,268145.66704585764,0,256766.1198920963,11379.547153761343,0,1,0.9092682367421747,1,4.998140959091332,21.76946467652994,7669.642238462474,916.807744842839,8.3655949479105,2.0041672834181155,302.5055799261953,0.0,0.0,0.0,0.32683975910225666,3.891683569979716,0.9891304347826086,169.95575805927106,2465,103.01992917060852
core,50,1500000.0,12,8,exclude,launch,0,0.0,prior,0.0,liu_mpga,12600.0,43200.0,248098.65632738534,0,237871.9973170032,10226.65901038214,0,1,0.8888645852122369,1,5.526537023394481,21.170847044219883,6904.472155108215,942.6611036453131,7.324447914959372,2.004315889415044,302.59512171945903,0.0,0.0,0.0,0.31386843331649533,3.7669260700389104,0.989247311827957,168.36001054910378,2570,91.10381078720093
core,50,1500000.0,12,5,exclude,launch,0,0.0,prior,0.0,liu_mpga,12600.0,43200.0,79198.0279366488,0,71720.39474492976,7477.633191719035,0,1,0.6356625718583913,1,5.537141230626804,22.344936752738477,6890.610997136995,893.4554220155726,7.712316504378317,2.003585928300841,302.1554146450381,0.0,0.0,0.0,0.3427118747499867,3.9744897959183674,0.9512195121951219,174.2310592254428,2352,128.89134049415588
core,50,1500000.0,12,7,exclude,launch,0,0.0,prior,0.0,liu_mpga,12600.0,43200.0,149294.3244486657,0,144883.7626182682,4410.561830397466,0,1,0.8203845105475808,1,5.781865362986433,24.333609449794654,6584.84920617487,820.1628898069769,8.028709038182155,2.0042566959109394,302.5594533845871,0.0,0.0,0.0,0.286011206393955,3.6861702127659575,0.9896907216494846,156.60088998816022,2820,114.92830848693848
core,50,1500000.0,12,9,exclude,launch,0,0.0,prior,0.0,liu_mpga,12600.0,43200.0,256086.36742904954,0,242612.33725413945,13474.030174910122,0,1,0.8973967722015839,1,5.246536392218966,16.145836005655443,7290.744155068959,1235.882666612169,5.899220332181307,2.00457455365758,302.75101015689773,0.0,0.0,0.0,0.4053291932640078,4.13624937154349,0.9900990099009901,198.39511764574803,1989,98.31802010536194
core,50,1500000.0,12,11,exclude,launch,0,0.0,prior,0.0,liu_mpga,12600.0,43200.0,319604.2983264916,0,278765.6182097643,40838.680116727315,0,1,0.9066682587867183,1,4.7893154785571,18.11292870538228,8018.59089865545,1102.0433518765599,7.276112037699233,2.0038842628483193,302.33508395835423,0.0,0.0,0.0,0.38856385527141074,4.0202214732787676,0.9789473684210527,195.43182275022468,2077,102.51592183113098
core,50,1500000.0,12,12,exclude,launch,0,0.0,prior,0.0,liu_mpga,12600.0,43200.0,305213.3449208765,0,290562.27486584376,14651.07005503274,0,1,0.9057147847580417,1,5.470710591405869,20.79324144124551,6978.331089719389,959.6839634668316,7.271488693538612,2.004516138813808,302.71580194122066,0.0,0.0,0.0,0.3249598629273049,4.037903225806452,0.98,162.75462962114582,2480,100.21430897712708
core,50,1500000.0,12,10,exclude,launch,0,0.0,prior,0.0,liu_mpga,12600.0,43200.0,232588.24665625542,0,232165.0085602136,423.2380960418279,0,1,0.8847453508755695,1,5.753442760502199,16.385169387904757,6619.025743670595,1217.593036988865,5.436156041134725,2.004965481813788,302.98668589116556,0.0,0.0,0.0,0.38677625514605524,4.2541966426858515,0.978021978021978,183.89416618290684,2085,109.44225788116455
core,50,1500000.0,13,1,exclude,launch,0,0.0,prior,0.0,liu_mpga,12600.0,43200.0,255595.63294141987,0,230785.23999567202,24810.392945747833,0,1,0.9053390682510843,1,4.789315478557101,17.87717770698514,8018.590898655449,1116.112623204649,7.184392266465004,2.004716726980681,302.8367104424317,0.0,0.0,0.0,0.335917033185557,3.8055342044581093,0.9433962264150944,164.66279118886376,2602,130.61336946487427
core,50,1500000.0,13,2,exclude,launch,0,0.0,prior,0.0,liu_mpga,12600.0,43200.0,96765.36946893064,0,93577.01276305638,3188.356705874243,0,1,0.7582137004062329,1,4.789315478557101,16.208826656590933,8018.590898655449,1230.6762679587682,6.515597243095694,2.0052318204925728,303.1473038792436,0.0,0.0,0.0,0.37101008732069,3.7244595167443832,0.9714285714285714,185.55229271538744,2359,144.8243544101715
core,50,1500000.0,13,4,exclude,launch,0,0.0,prior,0.0,liu_mpga,12600.0,43200.0,181141.4496365912,0,173265.05416017317,7876.395476418009,0,1,0.8180578147053943,1,5.258009724989983,18.29320176847181,7274.107902442663,1090.9779232078458,6.667511548771137,2.0042611319021155,302.5621263147955,0.0,0.0,0.0,0.35390665532393595,3.7274200081004456,0.9724770642201835,177.11018535002074,2469,125.37510204315186
core,50,1500000.0,13,3,exclude,launch,0,0.0,prior,0.0,liu_mpga,12600.0,43200.0,195774.98161978924,0,195197.3653307251,577.6162890641585,0,1,0.8546222636264944,1,5.810765870883612,19.526198776168474,6550.440834961872,1022.1866249309926,6.408263104992289,2.0040663282633355,302.4447574656649,0.0,0.0,0.0,0.3337217399793226,3.6652655712648072,0.9903846153846154,169.7684496197437,2617,142.47173738479614
core,50,1500000.0,13,6,exclude,launch,0,0.0,prior,0.0,liu_mpga,12600.0,43200.0,267660.1550762375,0,256061.2901404848,11598.86493575267,0,1,0.9109175693161948,1,4.998140959091332,19.465098267732834,7669.642238462474,1024.9967434734676,7.482601566588299,2.0048454773711795,302.914330017994,0.0,0.0,0.0,0.31830369151331805,3.4879912663755457,0.9891304347826086,170.29149630540383,2748,140.48062562942505
core,50,1500000.0,13,8,exclude,launch,0,0.0,prior,0.0,liu_mpga,12600.0,43200.0,247155.58993805945,0,236928.0379265414,10227.552011518042,0,1,0.8922562071261364,1,5.526537023394481,18.44960199548766,6904.472155108215,1081.6429979380016,6.383318866086692,2.0044214718287168,302.6587479211698,0.0,0.0,0.0,0.33979104789361386,3.6073094867807156,0.989247311827957,175.8500978365982,2572,126.79891753196716
core,50,1500000.0,13,9,exclude,launch,0,0.0,prior,0.0,liu_mpga,12600.0,43200.0,256386.73126511893,0,242913.59119085508,13473.140074263836,0,1,0.896345448150432,1,5.246536392218966,16.47185224972018,7290.744155068959,1211.2916918244146,6.0189830445281425,2.00478966513736,302.8806813500546,0.0,0.0,0.0,0.37172042107374903,3.628936170212766,0.9900990099009901,191.23835691825448,2350,128.00095677375793
core,50,1500000.0,13,7,exclude,launch,0,0.0,prior,0.0,liu_mpga,12600.0,43200.0,148394.80452224956,0,143990.37073336612,4404.43378888345,0,1,0.8253574084663218,1,5.781865362986433,23.966364399777493,6584.84920617487,832.7347298672481,7.907499195121363,2.0042465992629674,302.5533696393706,0.0,0.0,0.0,0.27631815070288707,3.5461733080328908,0.9896907216494846,145.14609994529442,3162,151.40157771110535
core,50,1500000.0,13,11,exclude,launch,0,0.0,prior,0.0,liu_mpga,12600.0,43200.0,319053.3832474086,0,278234.7867930689,40818.596454339735,0,1,0.9082338187892723,1,4.7893154785571,17.730140768568003,8018.59089865545,1125.7206131483003,7.123073704966523,2.0040898526598534,302.4589296643458,0.0,0.0,0.0,0.3654178918646252,3.6224916387959865,0.9789473684210527,187.98273761293026,2392,133.71366000175476
core,50,1500000.0,13,5,exclude,launch,0,0.0,prior,0.0,liu_mpga,12600.0,43200.0,78325.39849694083,0,70980.84011453908,7344.558382401739,0,1,0.6427445386861244,1,5.537141230626804,20.129813186026784,6890.610997136995,991.6734631427962,6.948467669286397,2.0037870016783375,302.27650342151577,0.0,0.0,0.0,0.34348876464578004,3.563779527559055,0.9512195121951219,180.11098025940225,2540,171.07086825370789
core,50,1500000.0,13,10,exclude,launch,0,0.0,prior,0.0,liu_mpga,12600.0,43200.0,231394.9288793636,0,230903.57515842433,491.3537209392831,0,1,0.8893080366713798,1,5.753442760502199,18.359326692955083,6619.025743670595,1087.0353362213589,6.089062170397308,2.0042854765733553,302.5767955368516,0.0,0.0,0.0,0.358628457363923,3.8379819524200163,0.978021978021978,174.51543944455244,2438,150.12431645393372
core,50,1500000.0,14,1,exclude,launch,0,0.0,prior,0.0,liu_mpga,12600.0,43200.0,255750.09943593666,0,230995.31915712438,24754.780278812283,0,1,0.9047922666954646,1,4.789315478557101,15.942519695085574,8018.590898655449,1251.8482542967713,6.405401669997064,2.004247456388036,302.5538860985522,0.0,0.0,0.0,0.38212374077330796,3.768480909829407,0.9528301886792453,175.7846646117925,2462,112.70476174354553
core,50,1500000.0,13,12,exclude,launch,0,0.0,prior,0.0,liu_mpga,12600.0,43200.0,304476.3895440878,0,289845.4704533838,14630.919090703977,0,1,0.9079069789753421,1,5.470710591405869,18.304176936952295,6978.331089719389,1090.0837019556075,6.401647026921217,2.004702535314057,302.82815533994807,0.0,0.0,0.0,0.3443530991123347,3.964159117762899,0.98,161.945619002592,2539,149.15478920936584
core,50,1500000.0,14,3,exclude,launch,0,0.0,prior,0.0,liu_mpga,12600.0,43200.0,196308.51062009693,0,195711.21841857364,597.2922015232987,0,1,0.8522995637062867,1,5.810765870883612,17.017112976775056,6550.440834961872,1172.2297777752442,5.588017775315217,2.0052169163903546,303.1383146992,0.0,0.0,0.0,0.3303534677831409,3.294840294840295,0.9809523809523809,173.9460890134564,2849,111.30677938461304
core,50,1500000.0,14,2,exclude,launch,0,0.0,prior,0.0,liu_mpga,12600.0,43200.0,96340.10480315398,0,93211.88171003765,3128.2230931163394,0,1,0.7615211932520838,1,4.789315478557101,17.51394923038056,8018.590898655449,1139.2596354239622,7.0384227171108575,2.0047175599964495,302.83721260956565,0.0,0.0,0.0,0.34821046760562796,3.4167899408284024,0.9714285714285714,176.4051267167474,2704,122.73048543930054
core,50,1500000.0,14,5,exclude,launch,0,0.0,prior,0.0,liu_mpga,12600.0,43200.0,77541.46784372978,0,70147.50699085629,7393.960852873498,0,1,0.6492425733515961,1,5.537141230626804,20.815527814972484,6890.610997136995,958.8737097165172,7.186150717568579,2.0040619956176213,302.44214731309216,0.0,0.0,0.0,0.30480406738960003,3.3331173039533377,0.959349593495935,158.67265862437768,3086,107.41240882873535
core,50,1500000.0,14,4,exclude,launch,0,0.0,prior,0.0,liu_mpga,12600.0,43200.0,180048.05002389054,0,172138.72197148166,7909.328052408884,0,1,0.8230257335339879,1,5.258009724989983,17.296400394980235,7274.107902442663,1153.8030760383117,6.304462220207435,2.004345422869253,302.6129185315259,0.0,0.0,0.0,0.3562842318584655,3.5515151515151517,0.9724770642201835,173.94592495727454,2640,117.42296552658081
core,50,1500000.0,14,8,exclude,launch,0,0.0,prior,0.0,liu_mpga,12600.0,43200.0,246540.01816047583,0,236289.6414494433,10250.37671103254,0,1,0.8944840310047016,1,5.526537023394481,18.983564703273686,6904.472155108215,1051.4090668949914,6.566875227258995,2.004059016019726,302.4403522951499,0.0,0.0,0.0,0.33222637294372837,3.4216101694915255,0.989247311827957,168.24453131641798,2832,106.01005959510803
core,50,1500000.0,14,6,exclude,launch,0,0.0,prior,0.0,liu_mpga,12600.0,43200.0,267344.2428947977,0,255817.7121218936,11526.530772904081,0,1,0.9119939716105517,1,4.998140959091332,18.681731686386815,7669.642238462474,1068.2021501542736,7.179953941634359,2.0044231650075908,302.6597683211596,0.0,0.0,0.0,0.3345915389464956,3.431163287086446,0.9782608695652174,168.61885809703725,2811,118.6736752986908
core,50,1500000.0,14,7,exclude,launch,0,0.0,prior,0.0,liu_mpga,12600.0,43200.0,147975.5308834211,0,143596.32052527004,4379.210358151061,0,1,0.8276959748625037,1,5.781865362986433,21.440735279685104,6584.84920617487,930.9088730502168,7.073570138609752,2.0040711988366007,302.44769169995055,0.0,0.0,0.0,0.30311554197308105,3.4415458937198067,0.979381443298969,152.70031894676782,3105,122.09549069404602
core,50,1500000.0,14,9,exclude,launch,0,0.0,prior,0.0,liu_mpga,12600.0,43200.0,255435.2079081981,0,242028.5387620324,13406.669146165708,0,1,0.8996844304182656,1,5.246536392218966,14.099500996077774,7290.744155068959,1414.7489541715486,5.153383668227051,2.0052885184793134,303.1815016158999,0.0,0.0,0.0,0.40339175005275263,3.493138936535163,0.9900990099009901,200.40529921414523,2332,116.0805492401123
core,50,1500000.0,14,10,exclude,launch,0,0.0,prior,0.0,liu_mpga,12600.0,43200.0,230549.9912573263,0,230108.75038048776,441.2408768385377,0,1,0.8925672422504652,1,5.753442760502199,23.653654898042948,6619.025743670595,843.7445308194369,7.84482210183011,2.0042447946489137,302.5522822738317,0.0,0.0,0.0,0.26854967576857924,3.0970873786407767,0.978021978021978,150.2568544162991,3502,123.3820641040802
core,50,1500000.0,14,11,exclude,launch,0,0.0,prior,0.0,liu_mpga,12600.0,43200.0,318465.6243266483,0,277619.89047685533,40845.73384979294,0,1,0.9099100516017041,1,4.7893154785571,19.019807390476117,8018.59089865545,1049.244193774732,7.642254249516491,2.0043672686216336,302.6260830835441,0.0,0.0,0.0,0.31729937774252165,3.181235234559568,0.9789473684210527,172.91799834262116,2963,107.41714572906494
core,50,1500000.0,14,12,exclude,launch,0,0.0,prior,0.0,liu_mpga,12600.0,43200.0,303853.39785385417,0,289143.2470079498,14710.150845904369,0,1,0.9097684638473359,1,5.470710591405869,24.06130280336854,6978.331089719389,829.1866892424649,8.415874471037046,2.004880680487484,302.9355546050969,0.0,0.0,0.0,0.24832483316592427,2.92532981530343,0.98,147.0380826455001,3790,116.55133318901062
core,50,1500000.0,15,2,exclude,launch,0,0.0,prior,0.0,liu_mpga,12600.0,43200.0,95825.75054224789,0,92605.88174311018,3219.8687991376955,0,1,0.7656611673518533,5,4.789315478557101,18.29923219060732,8018.590898655449,1090.2658025429334,7.354711924333411,2.0049093141536707,302.9528189018401,0.0,0.0,0.0,0.31775954763421965,3.100787401574803,0.9809523809523809,165.78981082946055,3175,123.37305426597595
core,50,1500000.0,15,1,exclude,launch,0,0.0,prior,0.0,liu_mpga,12600.0,43200.0,255293.66894803813,0,230568.41566932364,24725.25327871449,0,1,0.9064099126693633,7,4.789315478557101,16.843575112948184,8018.590898655449,1184.9490219226775,6.767034488660638,2.004130728296971,302.4835558530619,0.0,0.0,0.0,0.3550142716341597,3.3121916842847074,0.9523809523809523,173.09490832588503,2838,127.32343173027039
core,50,1500000.0,15,3,exclude,launch,0,0.0,prior,0.0,liu_mpga,12600.0,43200.0,196040.52952831486,0,195472.33829133463,568.1912369802402,0,1,0.853464629767659,5,5.810765870883612,17.676033759785835,6550.440834961872,1129.3173721301846,5.800354264103851,2.003822090728179,302.29763695016766,0.0,0.0,0.0,0.3529035157481338,3.2890132960111966,0.9809523809523809,173.3433368532994,2858,143.15144801139832
core,50,1500000.0,15,4,exclude,launch,0,0.0,prior,0.0,liu_mpga,12600.0,43200.0,179899.62620349214,0,171998.83340375335,7900.792799738789,0,1,0.823704760090271,6,5.258009724989983,16.293858131201834,7274.107902442663,1224.7680243704358,5.939171955588694,2.00438997154828,302.6397644840262,0.0,0.0,0.0,0.36473687575054425,3.4125090383224874,0.9724770642201835,172.75225329989595,2766,144.94284987449646
core,50,1500000.0,15,6,exclude,launch,0,0.0,prior,0.0,liu_mpga,12600.0,43200.0,269682.9507004569,0,258191.79084810888,11491.159852348013,0,1,0.9040851015296634,6,4.998140959091332,22.77561379207941,7669.642238462474,875.8713650476859,8.75658520705824,2.0051624971935302,303.1054937293001,0.0,0.0,0.0,0.24893744853673117,2.519278299555116,0.9782608695652174,159.97416932732594,4046,131.82732129096985
core,50,1500000.0,15,8,exclude,launch,0,0.0,prior,0.0,liu_mpga,12600.0,43200.0,245740.13308474238,0,235555.8424480739,10184.290636668475,0,1,0.8973955799564398,4,5.526537023394481,17.220860264959445,6904.472155108215,1158.812985946229,5.958228151430635,2.00443415871408,302.66639375749844,0.0,0.0,0.0,0.34018658170332716,3.304655870445344,0.989247311827957,166.23343355820583,2964,125.40980386734009
core,50,1500000.0,15,5,exclude,launch,0,0.0,prior,0.0,liu_mpga,12600.0,43200.0,76953.09629972054,0,69582.01960372209,7371.076695998441,0,1,0.6542065822568595,4,5.537141230626804,19.109854039117334,6890.610997136995,1044.394255091173,6.597710551879149,2.0041865679606046,302.5171989817492,0.0,0.0,0.0,0.3160699616865481,3.241228070175439,0.959349593495935,157.65947463845526,3192,140.15478420257568
core,50,1500000.0,15,9,exclude,launch,0,0.0,prior,0.0,liu_mpga,12600.0,43200.0,255315.07098191077,0,241933.10225248715,13381.968729423597,0,1,0.9001077713580778,7,5.246536392218966,13.412769881950291,7290.744155068959,1487.3388032360508,4.90187181239826,2.0050795578413174,303.0554752771496,0.0,0.0,0.0,0.4195030317940551,3.4178110694964627,0.9900990099009901,198.50379254595987,2403,128.1674666404724
core,50,1500000.0,15,7,exclude,launch,0,0.0,prior,0.0,liu_mpga,12600.0,43200.0,147611.6579847827,0,143182.3793803477,4429.278604435004,0,1,0.8297363024197993,4,5.781865362986433,17.84672628136394,6584.84920617487,1118.2125669175086,5.888727600626795,2.004366150255266,302.6254091335752,0.0,0.0,0.0,0.3391589467063119,3.3294117647058825,0.9896907216494846,164.6356137225861,2975,157.05609917640686
core,50,1500000.0,15,10,exclude,launch,0,0.0,prior,0.0,liu_mpga,12600.0,43200.0,229801.58466253048,0,229454.11129213884,347.47337039163904,0,1,0.8954741117195334,5,5.753442760502199,18.621932707756486,6619.025743670595,1071.6294510745436,6.176599324545971,2.004428632168953,302.66306313623824,0.0,0.0,0.0,0.3228413770081936,3.4278861528621682,0.978021978021978,152.0663244893563,3127,147.64004969596863
core,50,1500000.0,15,11,exclude,launch,0,0.0,prior,0.0,liu_mpga,12600.0,43200.0,317737.0679823006,0,276946.5588029535,40790.509179347086,0,1,0.9119964331028995,2,4.7893154785571,17.799027880029996,8018.59089865545,1121.3657626524382,7.150736330391044,2.004086284521281,302.4567800291252,0.0,0.0,0.0,0.3387420323839184,3.1663865546218486,0.9789473684210527,173.16215841017294,2975,139.44192123413086
core,50,1500000.0,15,12,exclude,launch,0,0.0,prior,0.0,liu_mpga,12600.0,43200.0,301757.8516555663,0,287156.7574373458,14601.094218220507,0,1,0.9160863171700476,5,5.470710591405869,17.98638570921827,6978.331089719389,1109.1699433117615,6.291489533951377,2.0050167104588104,303.0175764904344,0.0,0.0,0.0,0.3190805910428722,3.443178220955999,0.98,149.90161332337007,3159,139.84527206420898
core,50,1500000.0,16,1,exclude,launch,0,0.0,prior,0.0,liu_mpga,12600.0,43200.0,594200.962443783,0,556878.0633132604,37322.899130522375,0,3,0.9615973898813868,10,4.789315478557101,17.971551790188638,8018.590898655449,1110.7014068728681,7.219393843419579,2.0039048232614034,302.34746825025275,0.0,0.0,0.0,0.3259636989441192,2.7886129618413085,0.8962264150943396,177.0668796086218,3302,162.6517243385315
core,50,1500000.0,16,4,exclude,launch,0,0.0,prior,0.0,liu_mpga,12600.0,43200.0,430379.93652992917,0,385374.01669857244,45005.91983135679,0,2,0.9218028850815874,10,5.258009724989983,13.4430363740265,7274.107902442663,1483.8155686598886,4.90229921836734,2.0053154232322936,303.19773005661773,0.0,0.0,0.0,0.39898185459144386,2.7114243323442135,0.926605504587156,222.73639569740376,2696,128.83829498291016
core,50,1500000.0,16,6,exclude,launch,0,0.0,prior,0.0,liu_mpga,12600.0,43200.0,268310.9259824598,0,256824.79257788646,11486.133404573333,0,1,0.9087081972978648,10,4.998140959091332,16.563628210317834,7669.642238462474,1204.4169469892981,6.3679295260951045,2.005061324155254,303.0444795938138,0.0,0.0,0.0,0.3368782747209496,2.9260419931056094,0.9782608695652174,174.36353729471077,3191,124.29506325721741
core,50,1500000.0,16,3,exclude,launch,0,0.0,prior,0.0,liu_mpga,12600.0,43200.0,266938.5847936322,0,266445.28195397306,493.3028396591462,0,2,0.8986696140121083,10,5.810765870883612,18.900635846070326,6550.440834961872,1055.5180167359952,6.20590149206355,2.0050163842468587,303.017379781389,0.0,0.0,0.0,0.28545920201391084,2.5659326081188643,0.9903846153846154,168.60537556815436,3769,140.87673139572144
core,50,1500000.0,16,5,exclude,launch,0,0.0,prior,0.0,liu_mpga,12600.0,43200.0,237965.6517184028,0,217357.75527669204,20607.896441710767,0,2,0.8930633746049249,6,5.537141230626804,18.21944411744968,6890.610997136995,1095.5987764349074,6.289356236376178,2.003887473325406,302.3370177299003,0.0,0.0,0.0,0.3296143114779312,2.9300398895366677,0.9349593495934959,170.57163860202493,3259,137.17195057868958
core,50,1500000.0,16,2,exclude,launch,0,0.0,prior,0.0,liu_mpga,12600.0,43200.0,98243.25088505165,0,94978.77645827958,3264.4744267720603,0,1,0.7468299214020803,9,4.789315478557101,13.056779192951868,8018.590898655449,1527.9957880416869,5.247783378337876,2.0049418194703685,302.9724181561244,0.0,0.0,0.0,0.4333562506305905,3.208955223880597,0.9714285714285714,204.80797728855376,2479,150.80932235717773
core,50,1500000.0,16,8,exclude,launch,0,0.0,prior,0.0,liu_mpga,12600.0,43200.0,321679.09047628636,0,309288.04369509534,12391.046781191038,0,2,0.9266842598486916,10,5.526537023394481,18.412692415865745,6904.472155108215,1083.63108023681,6.371607718744422,2.0047546995075938,302.8596018547786,0.0,0.0,0.0,0.3004592829428137,2.9631181894383904,0.956989247311828,153.7819800921415,3579,119.23592066764832
core,50,1500000.0,16,7,exclude,launch,0,0.0,prior,0.0,liu_mpga,12600.0,43200.0,148879.8850762091,0,144489.0518231095,4390.833253099585,0,1,0.8226682283349154,8,5.781865362986433,17.19890529420458,6584.84920617487,1160.2131751689221,5.675551137588266,2.004570770069016,302.74872962311656,0.0,0.0,0.0,0.3357319462516656,3.0961898813241726,0.979381443298969,164.5847392862671,3202,139.4326469898224
core,50,1500000.0,16,9,exclude,launch,0,0.0,prior,0.0,liu_mpga,12600.0,43200.0,262526.22644547495,0,248813.12742970284,13713.099015772113,0,1,0.8753833194009971,13,5.246536392218966,13.379629187981832,7290.744155068959,1491.3114426074933,4.888813930322569,2.0046915690659968,302.82154468568837,0.0,0.0,0.0,0.4230857274757584,2.7115308933490754,0.9900990099009901,236.45431303865442,2541,209.8774435520172
core,50,1500000.0,16,12,exclude,launch,0,0.0,prior,0.0,liu_mpga,12600.0,43200.0,591742.2985757978,0,546045.6396398393,45696.65893595862,0,3,0.9606835126647107,6,5.470710591405869,21.390440566495258,6978.331089719389,932.4735950870701,7.483676885314682,2.005412506526672,303.2562924840734,0.0,0.0,0.0,0.2523480105956829,2.72366877785597,0.94,140.2824415557607,4263,160.6865177154541
core,50,1500000.0,17,4,exclude,launch,0,0.0,prior,0.0,liu_mpga,12600.0,43200.0,1161247.3970840897,0,1039607.0386037315,121640.35848035813,0,6,0.9763117794388537,15,5.258009724989983,16.759122833878116,7274.107902442663,1190.5050597919492,6.110102466690797,2.0048295811920998,302.90474617160714,0.0,0.0,0.0,0.31489073109764726,2.533370104798676,0.8348623853211009,177.30647110801755,3626,124.89361476898193
core,50,1500000.0,16,10,exclude,launch,0,0.0,prior,0.0,liu_mpga,12600.0,43200.0,231497.2658074784,0,230883.53217347176,613.7336340066548,0,1,0.8889149043710844,9,5.753442760502199,16.481424997698785,6619.025743670595,1211.0427786427042,5.465558988006167,2.00403705999052,302.42712535032206,0.0,0.0,0.0,0.369493326916015,3.294057025077293,0.978021978021978,169.68628779883582,2911,204.94002199172974
core,50,1500000.0,17,5,exclude,launch,0,0.0,prior,0.0,liu_mpga,12600.0,43200.0,641129.1549281905,0,605397.0564019209,35732.09852626968,0,4,0.9665412032301809,7,5.537141230626804,23.54853192837884,6890.610997136995,847.3091043066352,8.132346226558816,2.004722575493017,302.8402361115965,0.0,0.0,0.0,0.22836505859869988,2.385122975404919,0.926829268292683,136.4559100375731,5001,125.74439454078674
core,50,1500000.0,17,1,exclude,launch,0,0.0,prior,0.0,liu_mpga,12600.0,43200.0,1375333.552564784,0,1283222.6901235962,92110.86244118768,0,7,0.9880510604756954,12,4.789315478557101,19.606905417325144,8018.590898655449,1017.6381923969268,7.879608841889673,2.0047376172490203,302.8493038545718,0.0,0.0,0.0,0.2669920499566346,2.4300397103480496,0.8380952380952381,156.63536563027168,4281,141.3930687904358
core,50,1500000.0,17,3,exclude,launch,0,0.0,prior,0.0,liu_mpga,12600.0,43200.0,903484.0755214811,0,852699.7139550268,50784.36156645431,0,5,0.9737857072393793,11,5.810765870883612,15.708218457764268,6550.440834961872,1270.1196605302314,5.15734149979797,2.0048801695304284,302.93524653465073,0.0,0.0,0.0,0.3356482029513487,2.7275132275132274,0.9326923076923077,175.46194759162856,3402,142.6931438446045
core,50,1500000.0,16,11,exclude,launch,0,0.0,prior,0.0,liu_mpga,12600.0,43200.0,322459.68885343854,0,281310.6097077373,41149.07914570124,0,1,0.8986396832880935,5,4.7893154785571,14.587776281092095,8018.59089865545,1368.4156469317588,5.859762650795915,2.0037930482920068,302.2801451398076,0.0,0.0,0.0,0.415254923516603,2.869447663190421,0.9789473684210527,219.36271233280604,2589,209.38320207595825
core,50,1500000.0,17,2,exclude,launch,0,0.0,prior,0.0,liu_mpga,12600.0,43200.0,596680.6736356901,0,563481.3242106661,33199.34942502398,0,5,0.9670330967293791,11,4.789315478557101,17.118003755747143,8018.590898655449,1165.5284598266774,6.879789876471889,2.004859724563709,302.92291981507594,0.0,0.0,0.0,0.3169529701489092,2.522872192958137,0.9142857142857143,178.84080181432648,3607,189.35027194023132
core,50,1500000.0,17,6,exclude,launch,0,0.0,prior,0.0,liu_mpga,12600.0,43200.0,860706.3599661833,0,812366.181765039,48340.17820114435,0,5,0.9742209934472374,12,4.998140959091332,14.673976056758995,7669.642238462474,1360.0865364752776,5.63908400882982,2.004221163209773,302.53804339151674,0.0,0.0,0.0,0.38183984298146634,2.5043478260869567,0.8586956521739131,217.22884640266196,2990,171.52791333198547
core,50,1500000.0,17,11,exclude,launch,0,0.0,prior,0.0,liu_mpga,12600.0,43200.0,510528.6531555958,0,447148.3035979421,63380.34955765372,0,2,0.9475048669783048,11,4.7893154785571,17.815827826887826,8018.59089865545,1120.46797721603,7.15646592469232,2.003800752397071,302.28478515387775,0.0,0.0,0.0,0.3291456721517847,2.6080069124423964,0.9368421052631579,180.01715779158604,3472,130.4239194393158
core,50,1500000.0,17,7,exclude,launch,0,0.0,prior,0.0,liu_mpga,12600.0,43200.0,768489.0289710851,0,724923.0083249379,43566.020646147255,0,4,0.9697128981765425,12,5.781865362986433,16.316656203981015,6584.84920617487,1223.4365566747256,5.38225637467655,2.0037677162322334,302.26488844502217,0.0,0.0,0.0,0.3647029694293719,2.723994894703255,0.9278350515463918,190.55750630537517,3134,236.22505235671997
core,50,1500000.0,17,10,exclude,launch,0,0.0,prior,0.0,liu_mpga,12600.0,43200.0,829338.5687514633,0,796986.1315031719,32352.437248291426,0,5,0.9758922591983787,10,5.753442760502199,18.70084051966789,6619.025743670595,1066.9067180514471,6.203940449226247,2.0048062841291383,302.8907005876218,0.0,0.0,0.0,0.2862942267672803,2.802404207362885,0.9120879120879121,145.54827218225773,3993,140.61802101135254
core,50,1500000.0,17,12,exclude,launch,0,0.0,prior,0.0,liu_mpga,12600.0,43200.0,772423.5780370854,0,704645.2654480152,67778.31258907016,0,5,0.9726961593141419,9,5.470710591405869,24.626136583586543,6978.331089719389,810.078280807392,8.614391047201263,2.0051031492705946,303.06970220210013,0.0,0.0,0.0,0.21572515680333795,2.378470254957507,0.88,129.45796131787208,5295,137.87132954597473
core,50,1500000.0,18,2,exclude,launch,0,0.0,prior,0.0,liu_mpga,12600.0,43200.0,1146155.8539527266,0,1086408.4929651057,59747.36098762076,0,9,0.9869872867601773,15,4.789315478557101,18.357139583702036,8018.590898655449,1086.6450429515753,7.379218219111487,2.005244241934152,303.15479578253047,0.0,0.0,0.0,0.2783848530027904,2.2791072250345144,0.8476190476190476,164.39958437325882,4346,178.24783635139465
core,50,1500000.0,18,3,exclude,launch,0,0.0,prior,0.0,liu_mpga,12600.0,43200.0,1550220.2864364465,0,1435553.7813401674,114666.50509627901,0,9,0.9880325519298123,14,5.810765870883612,17.570423491738318,6550.440834961872,1135.1566310440282,5.770517174301566,2.0054967922655393,303.3071397768868,0.0,0.0,0.0,0.2814213519907919,2.3689839572192515,0.7980769230769231,159.86366657260646,4301,176.09081196784973
core,50,1500000.0,17,9,exclude,launch,0,0.0,prior,0.0,liu_mpga,12600.0,43200.0,1211810.5677959283,0,1169575.694926089,42234.87286983959,0,7,0.983151117923838,16,5.246536392218966,15.223773288589024,7290.744155068959,1310.3146724734124,5.564117008097454,2.005220238931087,303.14031862700165,0.0,0.0,0.0,0.3396778293598482,2.3312518584597086,0.8613861386138614,207.6367146543855,3363,207.06512641906738
core,50,1500000.0,17,8,exclude,launch,0,0.0,prior,0.0,liu_mpga,12600.0,43200.0,725053.655615467,0,696681.7873759337,28371.868239533324,0,4,0.9595680215492638,13,5.526537023394481,14.697496018782047,6904.472155108215,1357.9345375919117,5.084539765335253,2.0041849927940665,302.51624992584584,0.0,0.0,0.0,0.37973029706646677,2.290033222591362,0.9354838709677419,235.51096264104444,3010,236.0890052318573
core,50,1500000.0,18,8,exclude,launch,0,0.0,prior,0.0,liu_mpga,12600.0,43200.0,1329361.6405945304,0,1273391.1469297644,55970.49366476606,0,10,0.9876905254597032,15,5.526537023394481,21.488566045537993,6904.472155108215,928.1893746304728,7.438645974434901,2.0054690464995417,303.2904010406093,0.0,0.0,0.0,0.22906724633669343,2.1703900037864443,0.8387096774193549,141.84195720572112,5282,170.12499141693115
paper,50,1500000.0,2,1,exclude,launch,0,0.0,prior,0.0,liu_mpga,12600.0,43200.0,326268.0116789022,0,226163.51164723566,100104.50003166652,0,0,0.0,0,5.547228662646519,8.619807648491943,6877.474519126179,2306.8765940389976,2.9812927734832773,2.0115834509062145,306.9903234441976,0.0,0.0,0.0,3.327782102048408,24.975609756097562,0.8133333333333334,1614.3656074493101,41,55.05492568016052
paper,50,1500000.0,2,2,exclude,launch,0,0.0,prior,0.0,liu_mpga,12600.0,43200.0,439205.27041462046,0,291843.9581553937,147361.31225922672,0,0,0.0,0,4.6708069662053155,9.026187725689867,8230.497347191886,2203.0227466333945,3.7360019817178602,2.011576939588391,306.9863714121044,0.0,0.0,0.0,3.3748842955842133,21.153846153846153,0.76875,1944.4314992518434,39,58.64061784744263
core,50,1500000.0,18,7,exclude,launch,0,0.0,prior,0.0,liu_mpga,12600.0,43200.0,1448995.174387567,0,1374407.0006245933,74588.1737629738,0,8,0.9891330395181956,14,5.781865362986433,17.97748142552146,6584.84920617487,1109.5457674888548,5.934725181348604,2.005330325845965,303.20671921966647,0.0,0.0,0.0,0.28166019805099757,2.5769499417927824,0.8762886597938144,147.07182001403322,4295,197.42357563972473
paper,50,1500000.0,2,3,exclude,launch,0,0.0,prior,0.0,liu_mpga,12600.0,43200.0,402297.8424551183,0,263681.3503318485,138616.49212326985,0,0,0.0,0,5.385587312792127,12.677150867912761,7093.897473043144,1568.498729572329,4.522730773889364,2.011658058252273,307.03560804802777,0.0,0.0,0.0,3.7314492047759704,25.0,0.7898089171974523,1882.3197390761732,36,49.732492446899414
core,50,1500000.0,18,5,exclude,launch,0,0.0,prior,0.0,liu_mpga,12600.0,43200.0,912469.6212099118,0,857782.1075839382,54687.513625973574,0,5,0.9772260545304662,11,5.537141230626804,19.098470788336247,6890.610997136995,1045.1483381812482,6.592950249653494,2.0039342232392743,302.36517737731356,0.0,0.0,0.0,0.29176655422666464,2.3781634128705713,0.8943089430894309,165.08323016214638,4149,243.5977828502655
paper,50,1500000.0,2,5,exclude,launch,0,0.0,prior,0.0,liu_mpga,12600.0,43200.0,362489.61560228275,0,241609.81859945535,120879.79700282741,0,0,0.0,0,5.240392698674983,9.529161791552824,7299.682415679881,2087.3510938987374,3.49710330811938,2.010989424797013,306.6298851154184,0.0,0.0,0.0,3.8488506249183057,24.942857142857143,0.753061224489796,1877.7008672134093,35,49.46377682685852
paper,50,1500000.0,2,4,exclude,launch,0,0.0,prior,0.0,liu_mpga,12600.0,43200.0,370905.52149027644,0,254777.9715533911,116127.54993688529,0,0,0.0,0,4.949329094370788,28.281057515529927,7748.570140310145,703.1597747798485,11.019643640360593,2.011455031926733,306.91238448297247,0.0,0.0,0.0,3.48638353336254,25.210526315789473,0.7847082494969819,1714.1296053902663,38,53.70255947113037
paper,50,1500000.0,2,6,exclude,launch,0,0.0,prior,0.0,liu_mpga,12600.0,43200.0,379547.58171021345,0,260694.08550273036,118853.49620748308,0,0,0.0,0,5.492649806966811,7.055385555486678,6949.126209101812,2817.639485945292,2.4662935921237787,2.012119708316955,307.3158911890794,0.0,0.0,0.0,3.9398710057747603,25.057142857142857,0.7833698030634574,1929.0812584536739,35,51.153231382369995
core,50,1500000.0,19,2,exclude,launch,0,0.0,prior,0.0,liu_mpga,12600.0,43200.0,1276426.961767552,0,1216698.7220289265,59728.23973862541,0,10,0.9892479115092986,21,4.789315478557101,19.022773129168456,8018.590898655449,1048.2566174140616,7.649454117863302,2.005942824846371,303.57629005796895,0.0,0.0,0.0,0.25761342518587577,2.098546042003231,0.8476190476190476,156.5776883243898,4952,156.8388831615448
core,50,1500000.0,20,2,exclude,launch,0,0.0,prior,0.0,liu_mpga,12600.0,43200.0,1396231.45857175,0,1327801.749543239,68429.70902851108,0,11,0.9899247175508942,24,4.789315478557101,18.663564263849793,8018.590898655449,1068.5090354488555,7.504467096328322,2.0057980551734196,303.4889183371899,0.0,0.0,0.0,0.260656671429676,1.883996120271581,0.8380952380952381,167.62402009215674,5155,160.224995136261
paper,50,1500000.0,2,9,exclude,launch,0,0.0,prior,0.0,liu_mpga,12600.0,43200.0,488134.41892316425,0,308248.0628898623,179886.35603330197,0,0,0.0,0,5.052756717411576,7.7531419992940505,7583.137266203306,2563.72536387746,2.957858658750533,2.01238352467118,307.4761203076926,0.0,0.0,0.0,3.8264862909022064,22.457142857142856,0.7590618336886994,2089.404633709487,35,48.549426794052124
paper,50,1500000.0,2,8,exclude,launch,0,0.0,prior,0.0,liu_mpga,12600.0,43200.0,462176.727502434,0,300125.430812352,162051.29669008203,0,0,0.0,0,4.785052335032881,9.126777129695641,8026.03187300879,2178.6509914085154,3.683945663926601,2.0116613957227933,307.037633878737,0.0,0.0,0.0,4.018991441668022,23.0,0.7527114967462039,2112.5375544010217,34,51.577308177948
paper,50,1500000.0,2,7,exclude,launch,0,0.0,prior,0.0,liu_mpga,12600.0,43200.0,347325.40666283714,0,227278.1443416237,120047.26232121342,0,0,0.0,0,5.03597052905245,27.433309675115307,7609.524904069072,725.0087291837451,10.49577004767418,2.011122615704757,306.71068319688897,0.0,0.0,0.0,3.4789201598027883,25.0,0.789247311827957,1694.203545473975,38,57.30045819282532
core,50,1500000.0,18,12,exclude,launch,0,0.0,prior,0.0,liu_mpga,12600.0,43200.0,1011479.882337307,0,943791.5779022014,67688.30443510556,0,6,0.980924818672744,10,5.470710591405869,24.21849570234137,6978.331089719389,823.5016058654786,8.473973869650619,2.005618730592521,303.38070939555405,0.0,0.0,0.0,0.2096937345647082,2.2521226823774043,0.87,125.39900059374244,5771,176.16428637504578
paper,50,1500000.0,2,10,exclude,launch,0,0.0,prior,0.0,liu_mpga,12600.0,43200.0,443479.7347895688,0,273940.2682640219,169539.46652554694,0,0,0.0,0,4.601112145414482,7.279166891475681,8360.21699446392,2731.2031711735567,3.0610014965937746,2.011982998775355,307.23287694310807,0.0,0.0,0.0,3.946693597834744,22.529411764705884,0.7616926503340757,2126.759463121361,34,50.103848934173584
paper,50,1500000.0,2,12,exclude,launch,0,0.0,prior,0.0,liu_mpga,12600.0,43200.0,348343.0832306425,0,240028.0277866987,108315.0554439438,0,0,0.0,0,4.61728825227823,9.298684445951022,8329.760200033028,2138.036312431614,3.895986308370737,2.0119788185604026,307.2303387644725,0.0,0.0,0.0,3.9038236207685344,25.0,0.7408256880733946,1921.6805653394674,35,52.95719861984253
paper,50,1500000.0,2,11,exclude,launch,0,0.0,prior,0.0,liu_mpga,12600.0,43200.0,462182.05672491546,0,298209.7006631101,163972.35606180536,0,0,0.0,0,5.369437041051388,8.466115682744325,7116.237207150667,2349.2656275896793,3.0291326462098915,2.011146318655811,306.72506331935995,0.0,0.02040816326530612,0.0,3.710508476419316,21.833333333333332,0.7575757575757576,2112.173703290776,36,58.150084018707275
paper,50,1500000.0,3,1,exclude,launch,0,0.0,prior,0.0,liu_mpga,12600.0,43200.0,229773.41960876287,0,170128.26163031076,59645.15797845208,0,0,0.0,0,5.547228662646519,6.736278631144495,6877.474519126179,2956.077358372726,2.326554310105105,2.008741970610486,305.2681089813381,0.0,0.0,0.0,2.523079740773745,16.936708860759495,0.8515981735159818,1210.051907270801,79,67.8734085559845
paper,50,1500000.0,3,2,exclude,launch,0,0.0,prior,0.0,liu_mpga,12600.0,43200.0,283279.08453334507,0,210344.97094986166,72934.11358348343,0,0,0.0,0,4.6708069662053155,8.89381885267008,8230.497347191886,2239.4573837388284,3.6752194558178513,2.0083014849692984,305.00156537738764,0.0,0.0,0.0,2.3730058637285323,13.72289156626506,0.8237791932059448,1399.8174903499196,83,61.54645299911499
paper,50,1500000.0,3,6,exclude,launch,0,0.0,prior,0.0,liu_mpga,12600.0,43200.0,297987.02830846247,0,208611.14727154284,89375.8810369196,0,0,0.0,0,5.492649806966811,6.973573439756127,6949.126209101812,2855.12225471513,2.4339154646094694,2.008999844906178,305.4242061062073,0.0,0.0,0.0,2.5420284602717036,13.443037974683545,0.8465011286681715,1531.7577729764935,79,61.95988726615906
paper,50,1500000.0,3,3,exclude,launch,0,0.0,prior,0.0,liu_mpga,12600.0,43200.0,299191.1172299466,0,207245.22154079768,91945.89568914892,0,0,0.0,0,5.385587312792127,8.229890525469754,7093.897473043144,2419.1352458930023,2.932410449182842,2.0091195705326914,305.49669228962506,0.0,0.0,0.0,2.260286665001941,13.247191011235955,0.8219780219780219,1400.165937431725,89,67.08937883377075
paper,50,1500000.0,3,4,exclude,launch,0,0.0,prior,0.0,liu_mpga,12600.0,43200.0,311768.09368352644,0,207525.48303027274,104242.6106532537,0,0,0.0,0,4.949329094370788,10.272627855136166,7748.570140310145,1938.290004409745,3.9976319965957656,2.0089062961589397,305.367574328745,0.0,0.0,0.0,2.3596495509334607,14.423529411764706,0.8141414141414142,1344.4408969462586,85,66.18747401237488
paper,50,1500000.0,3,5,exclude,launch,0,0.0,prior,0.0,liu_mpga,12600.0,43200.0,229588.36927391207,0,159681.8652482324,69906.50402567968,0,0,0.0,0,5.240392698674983,9.256083083614158,7299.682415679881,2152.245271034909,3.3916591728273717,2.00789493798215,304.7556618030128,0.0,0.0,0.0,2.5294312942759043,16.556962025316455,0.8012170385395537,1252.7910473936063,79,67.04063391685486
paper,50,1500000.0,3,7,exclude,launch,0,0.0,prior,0.0,liu_mpga,12600.0,43200.0,245110.33894159886,0,174028.6445288677,71081.69441273114,0,0,0.0,0,5.03597052905245,9.804807233615634,7609.524904069072,2031.2881650719671,3.746157258686865,2.0083962113802487,305.0588757378119,0.0,0.0,0.0,2.6414650931388723,16.44736842105263,0.8126315789473684,1320.8162489011072,76,61.79309678077698
core,50,1500000.0,18,10,exclude,launch,0,0.0,prior,0.0,liu_mpga,12600.0,43200.0,1072145.360926623,0,1026421.0200465326,45724.34088009036,0,6,0.9825500259026864,11,5.753442760502199,18.929209534826445,6619.025743670595,1054.1401022095602,6.279075930985454,2.004606699075068,302.77038594795107,0.0,0.0,0.0,0.27915793644345727,2.4286703601108033,0.8901098901098901,154.65552151294474,4332,245.70681619644165
paper,50,1500000.0,3,8,exclude,launch,0,0.0,prior,0.0,liu_mpga,12600.0,43200.0,320947.8046874915,0,220318.2879163181,100629.51677117342,0,0,0.0,0,4.785052335032881,8.137962513631631,8026.03187300879,2446.9220178185615,3.280052169445115,2.008742080205214,305.26817531302265,0.0,0.0,0.0,2.479778383764908,13.25925925925926,0.8104575163398693,1528.034392864358,81,62.0969078540802
paper,50,1500000.0,3,9,exclude,launch,0,0.0,prior,0.0,liu_mpga,12600.0,43200.0,322925.7888402012,0,219728.92993454108,103196.85890566013,0,0,0.0,0,5.052756717411576,6.589424492672679,7583.137266203306,3020.687879837881,2.510400798711547,2.009586258983326,305.7793242983841,0.0,0.0,0.0,2.42002278213779,13.831325301204819,0.8294736842105264,1426.662665791204,83,59.42436766624451
paper,50,1500000.0,3,10,exclude,launch,0,0.0,prior,0.0,liu_mpga,12600.0,43200.0,304879.9800291648,0,202736.13734230513,102143.84268685972,0,0,0.0,0,4.601112145414482,6.47752648117265,8360.21699446392,3072.6295979267243,2.7208671686639447,2.009743276866728,305.87444555326755,0.0,0.0,0.0,2.247154766138873,13.144444444444444,0.8227571115973742,1381.7531342707327,90,65.27483487129211
paper,50,1500000.0,3,12,exclude,launch,0,0.0,prior,0.0,liu_mpga,12600.0,43200.0,243352.07560107156,0,180612.86572684068,62739.209874230866,0,0,0.0,0,4.61728825227823,5.949167493033048,8329.760200033028,3345.0253691018547,2.490193430810835,2.010038515335144,306.05334073812656,0.0,0.008620689655172414,0.0,2.3342234226391088,14.333333333333334,0.8004694835680751,1338.8991612415366,87,65.9037754535675
paper,50,1500000.0,4,1,exclude,launch,0,0.0,prior,0.0,liu_mpga,12600.0,43200.0,190220.96918462653,0,141101.1610735386,49119.80811108795,0,0,0.0,0,5.547228662646519,7.045495639206333,6877.474519126179,2827.876470356963,2.4320279160772658,2.0076500158614277,304.6075663396604,0.0,0.0,0.0,1.6724002971895342,10.833333333333334,0.871331828442438,942.2669824671618,162,59.3309588432312
paper,50,1500000.0,3,11,exclude,launch,0,0.0,prior,0.0,liu_mpga,12600.0,43200.0,315406.5136171162,0,221253.19277902326,94153.32083809291,0,0,0.0,0,5.369437041051388,8.27122904140724,7116.237207150667,2408.0706387895452,2.955161319822311,2.008263623106835,304.97866010415663,0.0,0.0,0.0,2.338563509178309,13.209302325581396,0.8030634573304157,1467.3358647908512,86,72.05177354812622
paper,50,1500000.0,4,5,exclude,launch,0,0.0,prior,0.0,liu_mpga,12600.0,43200.0,197638.86154206042,0,141516.9759498378,56121.88559222259,0,0,0.0,0,5.240392698674983,7.46320915237555,7299.682415679881,2670.477476007972,2.7334746243926342,2.006991159008664,304.20935829648374,0.0,0.005050505050505051,0.0,1.8388471859763762,10.75,0.8414634146341463,1048.7700541317017,148,58.23808741569519
paper,50,1500000.0,4,2,exclude,launch,0,0.0,prior,0.0,liu_mpga,12600.0,43200.0,242848.35672540052,0,178195.654702605,64652.70202279551,0,0,0.0,0,4.6708069662053155,6.590183763903571,8230.497347191886,3022.818694753862,2.7227889524026074,2.007938315520051,304.78189436801944,0.0,0.0,0.0,1.6940147367660217,8.936708860759493,0.8810020876826722,1157.9942090466086,158,63.026623249053955
paper,50,1500000.0,4,4,exclude,launch,0,0.0,prior,0.0,liu_mpga,12600.0,43200.0,220672.57184225073,0,167051.7054707149,53620.86637153584,0,0,0.0,0,4.949329094370788,8.068902034605726,7748.570140310145,2469.2697997704236,3.138000610962219,2.007599153136336,304.5768160203184,0.0,0.0,0.0,1.8457151653325399,10.712328767123287,0.864476386036961,1049.454980363958,146,62.52717733383179
paper,50,1500000.0,4,6,exclude,launch,0,0.0,prior,0.0,liu_mpga,12600.0,43200.0,224675.32716721544,0,164093.43171390437,60581.89545331107,0,0,0.0,0,5.492649806966811,5.875914982272158,6949.126209101812,3389.9678631370234,2.049909170133312,2.008116510091198,304.889669375537,0.0,0.0,0.0,1.9456756432145481,10.014492753623188,0.8704545454545455,1201.4129252022096,138,58.17496585845947
paper,50,1500000.0,4,3,exclude,launch,0,0.0,prior,0.0,liu_mpga,12600.0,43200.0,246111.1025358523,0,177047.18706663811,69063.91546921417,0,0,0.0,0,5.385587312792127,6.499299586779104,7093.897473043144,3064.0816849228027,2.315178967959488,2.008598324483569,305.18117404531876,0.0,0.0,0.0,1.6728348742426282,8.8875,0.8272138228941684,1147.5721056117532,160,67.26819944381714
paper,50,1500000.0,4,7,exclude,launch,0,0.0,prior,0.0,liu_mpga,12600.0,43200.0,214282.9999088806,0,149759.05768474666,64523.94222413391,0,0,0.0,0,5.03597052905245,7.404430010679629,7609.524904069072,2690.8972592899154,2.827876418469096,2.0075725211557085,304.5607156164212,0.0,0.0,0.0,1.88732056423361,11.328671328671328,0.8544303797468354,1027.0998557496607,143,62.96143555641174
paper,50,1500000.0,4,8,exclude,launch,0,0.0,prior,0.0,liu_mpga,12600.0,43200.0,219047.50777994748,0,171176.0902523652,47871.4175275823,0,0,0.0,0,4.785052335032881,6.7465834250173655,8026.03187300879,2953.282520167978,2.717664774094245,2.0075718684797472,304.56032104553054,0.0,0.0,0.0,1.9465043960599657,10.175182481751825,0.8358862144420132,1184.21466043623,137,65.23139262199402
paper,50,1500000.0,4,9,exclude,launch,0,0.0,prior,0.0,liu_mpga,12600.0,43200.0,313845.45932451764,0,219212.37644313948,94633.08288137817,0,0,0.0,0,5.052756717411576,5.93800946992571,7583.137266203306,3353.2312127699493,2.2614418109090746,2.0088874490259854,305.35616544064806,0.0,0.0,0.0,1.7334587484995658,7.38562091503268,0.809322033898305,1435.8807171043277,153,61.052422523498535
paper,50,1500000.0,4,10,exclude,launch,0,0.0,prior,0.0,liu_mpga,12600.0,43200.0,199629.52562308632,0,141530.9790854748,58098.546537611524,0,0,0.0,0,4.601112145414482,7.346299471901376,8360.21699446392,2712.4772305828437,3.0821335199438775,2.007359980694552,304.43223921147836,0.0,0.0,0.0,1.8463026935155775,10.476190476190476,0.8552338530066815,1074.5943724765225,147,59.87671160697937
paper,50,1500000.0,4,11,exclude,launch,0,0.0,prior,0.0,liu_mpga,12600.0,43200.0,232108.2878071451,0,177462.56080710766,54645.727000037434,0,0,0.0,0,5.369437041051388,9.075749065309521,7116.237207150667,2196.3988044478697,3.239956784141278,2.006625436082031,303.98843057020173,0.0,0.0,0.0,1.7376292679594363,8.666666666666666,0.8245614035087719,1230.4060739890624,156,65.90329146385193
paper,50,1500000.0,4,12,exclude,launch,0,0.0,prior,0.0,liu_mpga,12600.0,43200.0,222598.5221325972,0,167599.99867545057,54998.52345714663,0,0,0.0,0,4.61728825227823,6.479723879519028,8329.760200033028,3073.9167373476203,2.709819722449769,2.0082204811820072,304.95256160246345,0.0,0.0,0.0,1.80093769386288,8.805369127516778,0.8141176470588235,1246.3595736069085,149,66.11404228210449
paper,50,1500000.0,5,2,exclude,launch,0,0.0,prior,0.0,liu_mpga,12600.0,43200.0,494182.7560272947,0,423158.4691439551,71024.28688333958,0,2,0.6674196579162028,2,4.6708069662053155,7.264091974471489,8230.497347191886,2743.903144281953,2.9995582622307575,2.0068267420242787,304.11002653656703,0.0,0.0,0.0,1.2702631991038464,7.516981132075472,0.8851774530271399,826.8982412908003,265,71.09250783920288
paper,50,1500000.0,5,1,exclude,launch,0,0.0,prior,0.0,liu_mpga,12600.0,43200.0,172460.83134748286,0,131736.97778496696,40723.853562515906,0,0,0.0,0,5.547228662646519,6.566295700892149,6877.474519126179,3035.140144001209,2.2659495749213217,2.0070620808348836,304.25221039664564,0.0,0.0,0.0,1.4367660975330308,7.6239316239316235,0.8946188340807175,918.083654825232,234,75.7449197769165
paper,50,1500000.0,5,5,exclude,launch,0,0.0,prior,0.0,liu_mpga,12600.0,43200.0,175808.14267322712,0,134558.4918800483,41249.65079317882,0,0,0.0,0,5.240392698674983,5.8386230221612,7299.682415679881,3412.6234964299756,2.139023664144682,2.0075260029678654,304.532593996921,0.0,0.0,0.0,1.470668337781367,7.394736842105263,0.8466257668711656,973.9366697924044,228,72.55087351799011
paper,50,1500000.0,5,3,exclude,launch,0,0.0,prior,0.0,liu_mpga,12600.0,43200.0,201765.81791510267,0,150165.06757175256,51600.75034335011,0,0,0.0,0,5.385587312792127,6.6416898279085705,7093.897473043144,2999.411813774429,2.3650961966827277,2.007914906073478,304.7677373655323,0.0,0.0,0.0,1.3467056101469757,6.963709677419355,0.8438177874186551,949.9162102024559,248,76.1137170791626
paper,50,1500000.0,5,6,exclude,launch,0,0.0,prior,0.0,liu_mpga,12600.0,43200.0,240169.34586773737,0,175536.16425547266,64633.181612264714,0,0,0.0,0,5.492649806966811,5.286014070665674,6949.126209101812,3765.200935997549,1.8456189529392848,2.009756854370349,305.8826714843708,0.0,0.0,0.0,1.3595125045053549,5.068825910931174,0.843400447427293,1312.8031843024673,247,74.34476041793823
paper,50,1500000.0,5,4,exclude,launch,0,0.0,prior,0.0,liu_mpga,12600.0,43200.0,307560.69915019255,0,209932.0556872938,97628.64346289873,0,0,0.0,1,4.949329094370788,5.458358508302028,7748.570140310145,3647.296405018949,2.124469546716176,2.0092171465675186,305.5557746777654,0.0,0.0,0.0,1.4533653084982183,5.801724137931035,0.8302658486707567,1222.0949902838736,232,83.6072313785553
paper,50,1500000.0,5,7,exclude,launch,0,0.0,prior,0.0,liu_mpga,12600.0,43200.0,214425.98118300145,0,154151.5254268988,60274.455756102674,0,0,0.0,0,5.03597052905245,5.56599736900325,7609.524904069072,3576.859390340996,2.127431937810568,2.0091627913368253,305.52286182561994,0.0,0.0,0.0,1.3885867851048148,6.477366255144033,0.8522483940042827,1048.929624831423,243,81.85294914245605
paper,50,1500000.0,5,8,exclude,launch,0,0.0,prior,0.0,liu_mpga,12600.0,43200.0,377363.6132627485,0,309752.05994063296,67611.55332211558,0,1,0.42560513383759496,1,4.785052335032881,6.771141730009764,8026.03187300879,2943.3466767541713,2.726838784026502,2.0070429637514833,304.2406592524112,0.0,0.0,0.0,1.4629500389770798,6.397379912663755,0.8431372549019608,1127.1702452539926,229,80.85416197776794
paper,50,1500000.0,5,9,exclude,launch,0,0.0,prior,0.0,liu_mpga,12600.0,43200.0,341754.7822330392,0,224614.3543291585,117140.42790388069,0,0,0.0,0,5.052756717411576,4.903671763768773,7583.137266203306,4058.0082986037637,1.8686845142264572,2.0101370496809032,306.1130577414121,0.0,0.0,0.0,1.4492485971150226,5.186147186147186,0.8017057569296375,1366.0745402437824,231,77.03692388534546
paper,50,1500000.0,6,1,exclude,launch,0,0.0,prior,0.0,liu_mpga,12600.0,43200.0,416647.77416695526,0,342080.93379104295,74566.8403759123,0,1,0.6374333394541063,1,5.547228662646519,6.062300579130197,6877.474519126179,3287.1283248026857,2.092244001316562,2.007270338472508,304.37806042995624,0.0,0.0,0.0,1.2412520026713056,6.3128834355828225,0.8789954337899544,799.5871287381547,326,62.12553548812866
paper,50,1500000.0,5,11,exclude,launch,0,0.0,prior,0.0,liu_mpga,12600.0,43200.0,222519.93531912623,0,166979.0718567259,55540.863462400346,0,0,0.0,0,5.369437041051388,5.713063205113338,7116.237207150667,3487.30128540242,2.040614396277918,2.00771236012846,304.6452602267014,0.0,0.003246753246753247,0.0,1.461584064349023,6.965065502183406,0.8678414096916299,1031.685462672173,229,74.54360103607178
paper,50,1500000.0,5,10,exclude,launch,0,0.0,prior,0.0,liu_mpga,12600.0,43200.0,455224.8100237819,0,394690.2038939543,60534.60612982761,0,1,0.5862486440043215,1,4.601112145414482,5.642801748660246,8360.21699446392,3529.217514408372,2.3688585246821785,2.008569081776634,305.163477814729,0.0,0.0,0.0,1.368314014958737,6.246963562753036,0.8504464285714286,1071.082362231781,247,77.2988932132721
paper,50,1500000.0,6,2,exclude,launch,0,0.0,prior,0.0,liu_mpga,12600.0,43200.0,633368.5395950062,0,556016.9443326705,77351.59526233573,0,3,0.7836462184848263,3,4.6708069662053155,6.827811592553799,8230.497347191886,2919.4424423303026,2.8192017858801464,2.0066819547696397,304.0225674176469,0.0,0.0,0.0,1.1286888891521494,6.226890756302521,0.8851774530271399,737.7536494514757,357,61.525405406951904
paper,50,1500000.0,5,12,exclude,launch,0,0.0,prior,0.0,liu_mpga,12600.0,43200.0,483309.48564298695,0,440201.5156916327,43107.96995135425,0,2,0.6391191830415243,2,4.61728825227823,5.113895413460921,8329.760200033028,3894.026872653228,2.139112151107852,2.008672830212419,305.22626352261955,0.0,0.0,0.0,1.521592661886263,7.117647058823529,0.8117647058823529,1045.2236261231371,221,74.43985223770142
paper,50,1500000.0,6,3,exclude,launch,0,0.0,prior,0.0,liu_mpga,12600.0,43200.0,600429.6882133026,0,520363.5987118911,80066.08950141146,0,2,0.687458571504216,3,5.385587312792127,7.227089011034677,7093.897473043144,2756.773005180049,2.5732613674442995,2.007685027624998,304.6287344698776,0.0,0.0,0.0,1.0231834456971558,5.253196930946292,0.8171806167400881,788.2349314770756,391,70.1609582901001
paper,50,1500000.0,6,5,exclude,launch,0,0.0,prior,0.0,liu_mpga,12600.0,43200.0,720312.7063912451,0,613165.4095028987,107147.29688834645,0,3,0.7380448270015322,5,5.240392698674983,5.521075103846813,7299.682415679881,3608.263126029255,2.0230460364770795,2.007881767879781,304.74769740734183,0.0,0.0,0.0,1.2400330661126155,4.344615384615385,0.8045267489711934,1159.4917985864781,325,67.24295902252197
paper,50,1500000.0,6,4,exclude,launch,0,0.0,prior,0.0,liu_mpga,12600.0,43200.0,703017.2227439799,0,592204.9533852935,110812.26935868635,0,4,0.7001480027975611,6,4.949329094370788,6.189566601358706,7748.570140310145,3218.3295406765965,2.4076372672144526,2.008025572478102,304.83466643094187,0.0,0.0,0.0,1.136650290911663,4.294617563739377,0.8439425051334702,1077.9025101489958,353,82.67945861816406
paper,50,1500000.0,6,6,exclude,launch,0,0.0,prior,0.0,liu_mpga,12600.0,43200.0,567076.9584537441,0,462953.746974273,104123.21147947099,0,2,0.5416857448540877,2,5.492649806966811,5.08317495987022,6949.126209101812,3915.180866144444,1.77491831072037,2.009893768184476,305.965626905352,0.0,0.0,0.0,1.226475970147018,3.7142857142857144,0.8265765765765766,1347.2788413076212,329,61.06305408477783
paper,50,1500000.0,6,7,exclude,launch,0,0.0,prior,0.0,liu_mpga,12600.0,43200.0,518149.89819978777,0,470529.5367073077,47620.36149248009,0,2,0.6936898431917772,3,5.03597052905245,5.9991314816684085,7609.524904069072,3319.7968836454793,2.292165807358982,2.008445715336423,305.0888282341168,0.0,0.0,0.0,1.1598040733585966,5.7988505747126435,0.8648068669527897,812.2423589603072,348,61.510626792907715
paper,50,1500000.0,6,8,exclude,launch,0,0.0,prior,0.0,liu_mpga,12600.0,43200.0,645193.8577068456,0,582751.7140125518,62442.14369429372,0,3,0.7473303261865165,4,4.785052335032881,6.3384447961762085,8026.03187300879,3144.1211927115373,2.552710719807534,2.0071415488773763,304.30022984253606,0.0,0.0,0.0,1.209208403241466,4.936746987951807,0.8403547671840355,988.7405264949556,332,68.97874402999878
paper,50,1500000.0,6,9,exclude,launch,0,0.0,prior,0.0,liu_mpga,12600.0,43200.0,975673.8889121979,0,784677.0868183498,190996.80209384815,0,5,0.7491393104082673,8,5.052756717411576,4.896957503954106,7583.137266203306,4063.168398804932,1.866311341768083,2.0103368525195804,306.23416666775177,0.0,0.0,0.0,1.218816677226839,3.5933734939759034,0.7711864406779662,1378.0421862476514,332,60.87649321556091
paper,50,1500000.0,6,12,exclude,launch,0,0.0,prior,0.0,liu_mpga,12600.0,43200.0,635285.6481438149,0,591081.3068821955,44204.34126161945,0,4,0.7213491563825244,6,4.61728825227823,4.911598885805315,8329.760200033028,4050.361614828871,2.0565472893918293,2.010681585621816,306.4431802545082,0.0,0.0,0.0,1.210067189676334,4.405970149253731,0.8301886792452831,1109.1212839407774,335,63.77511525154114
paper,50,1500000.0,6,11,exclude,launch,0,0.0,prior,0.0,liu_mpga,12600.0,43200.0,858648.3745510573,0,762894.6337433079,95753.74080774939,0,3,0.7947350021023439,3,5.369437041051388,5.973085598814253,7116.237207150667,3335.105946923472,2.133736475063159,2.007944099308472,304.78539219923005,0.0,0.0,0.0,1.1180746471492324,4.285318559556787,0.8366445916114791,1054.8690722244542,361,65.51101875305176
paper,50,1500000.0,6,10,exclude,launch,0,0.0,prior,0.0,liu_mpga,12600.0,43200.0,838224.1049967775,0,763309.0752208709,74915.0297759067,0,4,0.8120660961512157,5,4.601112145414482,5.6746118660950815,8360.21699446392,3506.935606246564,2.3839094677337895,2.009999909865344,306.0299453784009,0.0,0.0,0.0,1.053726035537041,4.698952879581152,0.8422222222222222,914.840487569557,382,75.02154755592346
paper,50,1500000.0,7,1,exclude,launch,0,0.0,prior,0.0,liu_mpga,12600.0,43200.0,612363.1585487042,0,570121.257994343,42241.90055436117,0,3,0.7445938160702233,6,5.547228662646519,5.785082362062341,6877.474519126179,3441.2612717238767,1.9985330889104373,2.009244545576953,305.5723658330494,0.0,0.0,0.0,1.0128757086044957,3.652360515021459,0.8690744920993227,963.9674659963492,466,68.08368968963623
paper,50,1500000.0,7,2,exclude,launch,0,0.0,prior,0.0,liu_mpga,12600.0,43200.0,1108872.5886297498,0,1021195.7176424714,87676.87098727844,0,5,0.8860084809445044,7,4.6708069662053155,6.757074517898553,8230.497347191886,2950.221320573216,2.7897897997675423,2.0065347512099327,303.9336616179723,0.0,0.0,0.0,0.9956587588697784,4.546413502109704,0.8879492600422833,757.1082362844497,474,74.64426112174988
paper,50,1500000.0,7,3,exclude,launch,0,0.0,prior,0.0,liu_mpga,12600.0,43200.0,1063171.1201142278,0,931558.7919367455,131612.32817748236,0,5,0.8647566672577233,6,5.385587312792127,6.30934773513572,7093.897473043144,3158.6749981542616,2.2458459566711952,2.0071072726637436,304.27951759566133,0.0,0.0,0.0,1.0574699566874373,4.368539325842697,0.8195652173913044,842.8455165309911,445,75.25429177284241
paper,50,1500000.0,7,4,exclude,launch,0,0.0,prior,0.0,liu_mpga,12600.0,43200.0,1373366.2898833957,0,1194743.6446102245,178622.64527317107,0,7,0.8936649585159235,9,4.949329094370788,6.218106451101022,7748.570140310145,3205.1396504766785,2.4175452508466373,2.0070347030661204,304.23566795384073,0.0,0.0,0.0,1.07000994953058,4.26077097505669,0.8061224489795918,875.913092906629,441,78.85723352432251
paper,50,1500000.0,7,6,exclude,launch,0,0.0,prior,0.0,liu_mpga,12600.0,43200.0,2281103.0848648185,0,1977780.7902800424,303322.29458477604,0,11,0.9497494391461762,16,5.492649806966811,5.566571483142782,6949.126209101812,3579.5556951971284,1.9413376409887426,2.0074423259147163,304.482012013336,0.0,0.0,0.0,1.085758057378949,3.5391705069124426,0.7534246575342466,1062.0485179268126,434,76.68231010437012
paper,50,1500000.0,7,5,exclude,launch,0,0.0,prior,0.0,liu_mpga,12600.0,43200.0,1270635.6327911434,0,1097889.4123402634,172746.22045087995,0,8,0.9021448610459086,9,5.240392698674983,5.980013124503745,7299.682415679881,3333.562881119342,2.1897539287540897,2.006546379590057,303.9406842797552,0.0,0.0,0.0,1.0859446096941927,4.07852193995381,0.7443298969072165,927.738335836562,433,101.17884016036987
paper,50,1500000.0,7,8,exclude,launch,0,0.0,prior,0.0,liu_mpga,12600.0,43200.0,1293757.5652674946,0,1212302.6729159635,81454.89235153094,0,7,0.9119238343964031,7,4.785052335032881,7.1658386857205185,8026.03187300879,2782.8461792662206,2.884109058131661,2.00587452370075,303.535067229063,0.0,0.0,0.0,1.0179291070287757,4.161987041036717,0.8747252747252747,848.9185741713285,463,73.35340929031372
paper,50,1500000.0,7,9,exclude,launch,0,0.0,prior,0.0,liu_mpga,12600.0,43200.0,2747436.9530493654,0,2314175.0413691755,433261.91168019007,0,14,0.9629781283020868,15,5.052756717411576,5.591314959900993,7583.137266203306,3564.4297403465566,2.1274475353990354,2.0070397591191194,304.238722934008,0.0,0.0,0.0,1.0825342012366765,3.69284064665127,0.6494623655913978,1020.4838814205738,433,71.80986881256104
paper,50,1500000.0,7,7,exclude,launch,0,0.0,prior,0.0,liu_mpga,12600.0,43200.0,1057696.7419371475,0,971048.1287505601,86648.61318658739,0,7,0.9036340900317148,8,5.03597052905245,7.338131685112312,7609.524904069072,2717.795038245057,2.799889173755618,2.0056621966014188,303.40693610195706,0.0,0.0,0.0,1.060353967312527,4.856502242152466,0.8626609442060086,760.6014255960491,446,87.01896286010742
paper,50,1500000.0,7,10,exclude,launch,0,0.0,prior,0.0,liu_mpga,12600.0,43200.0,1239377.6070975969,0,1164029.638893471,75347.96820412572,0,7,0.8901674079499569,9,4.601112145414482,5.727508683247169,8360.21699446392,3477.478960786889,2.404102825275515,2.0083052516044955,305.00384412396136,0.0,0.0,0.0,1.0241906842332857,4.154013015184382,0.8641425389755011,858.3601684349715,461,82.69139885902405
paper,50,1500000.0,7,11,exclude,launch,0,0.0,prior,0.0,liu_mpga,12600.0,43200.0,1301475.0404240873,0,1159622.066573929,141852.97385015833,0,6,0.8859148482536063,9,5.369437041051388,6.2621608594654115,7116.237207150667,3182.369200246203,2.2361444443969987,2.007174862704414,304.32036121909664,0.0,0.0,0.0,1.0051066248627005,3.6175213675213675,0.8558951965065502,968.8994458560583,468,85.2542655467987
paper,50,1500000.0,8,1,exclude,launch,0,0.0,prior,0.0,liu_mpga,12600.0,43200.0,1660280.6874298658,0,1444693.3051474795,215587.38228238627,0,9,0.9339540620406608,14,5.547228662646519,5.744282917978807,6877.474519126179,3463.2264778561107,1.9858575704190267,2.010681474106267,306.44311263048496,0.0,0.0,0.0,0.888835728415824,3.1404958677685952,0.7803203661327232,857.5768059849822,605,83.07772564888
paper,50,1500000.0,7,12,exclude,launch,0,0.0,prior,0.0,liu_mpga,12600.0,43200.0,1877119.387059579,0,1738746.9584530592,138372.42860651965,0,12,0.9379985104087993,13,4.61728825227823,6.3842686134248625,8329.760200033028,3122.2527862522184,2.6678686097135706,2.0066922719259566,304.0287991066334,0.0,0.0,0.0,0.9847550823748816,3.383157894736842,0.7547619047619047,1018.9306688602395,475,96.74690246582031
paper,50,1500000.0,8,3,exclude,launch,0,0.0,prior,0.0,liu_mpga,12600.0,43200.0,2374779.7645958764,0,2099442.59804495,275337.16655092663,0,12,0.9694810900579649,14,5.385587312792127,7.9657016762086625,7093.897473043144,2503.781761079094,2.8332730844663456,2.0055776547475097,303.3559259182506,0.0,0.0,0.0,0.8074297578288453,3.6921921921921923,0.777292576419214,662.9455441005551,666,81.64499163627625
paper,50,1500000.0,8,2,exclude,launch,0,0.0,prior,0.0,liu_mpga,12600.0,43200.0,1953933.7768072716,0,1715575.2752170502,238358.50159022154,0,10,0.9450910476926001,17,4.6708069662053155,6.268138049208433,8230.497347191886,3179.426776388249,2.588673344615135,2.0071166383064822,304.285176946125,0.0,0.0,0.0,0.9058010944453995,3.1144781144781146,0.7791666666666667,888.9284820701104,594,112.60766839981079
paper,50,1500000.0,8,6,exclude,launch,0,0.0,prior,0.0,liu_mpga,12600.0,43200.0,3538164.275697588,0,3038296.928345037,499867.3473525507,0,18,0.9856901495426283,20,5.492649806966811,6.500975719995261,6949.126209101812,3065.064772321553,2.2672037054011027,2.0074363809465883,304.47841849642765,0.0,0.0,0.0,0.8296322592779629,3.1656346749226008,0.634090909090909,795.9705625820404,646,85.50186061859131
paper,50,1500000.0,8,7,exclude,launch,0,0.0,prior,0.0,liu_mpga,12600.0,43200.0,1763744.4284018015,0,1542894.5846727602,220849.84372904123,0,11,0.9534750628863293,17,5.03597052905245,7.21728428716229,7609.524904069072,2761.61688030461,2.7554600199393815,2.0068862168971626,304.14595613324394,0.0,0.0,0.0,0.8239453648429053,3.86676875957121,0.7896995708154506,645.9583617312264,653,89.81635880470276
paper,50,1500000.0,8,4,exclude,launch,0,0.0,prior,0.0,liu_mpga,12600.0,43200.0,2735810.818148066,0,2363414.469114249,372396.34903381683,0,13,0.9686942521901355,17,4.949329094370788,7.439457943092203,7748.570140310145,2680.3794189045884,2.890848245461015,2.005960716434201,303.5870889026431,0.0,0.0,0.0,0.8441186808616411,3.590909090909091,0.7325102880658436,710.9403450616433,638,126.94142937660217
paper,50,1500000.0,8,5,exclude,launch,0,0.0,prior,0.0,liu_mpga,12600.0,43200.0,2598759.00884782,0,2243655.8667164324,355103.14213138755,0,16,0.9801234124589139,17,5.240392698674983,6.907842820327695,7299.682415679881,2889.1185975314806,2.526612241503991,2.0042513015106636,302.5562029757585,0.0,0.0,0.0,0.9711620192561501,4.127927927927928,0.6453608247422681,716.2056404668016,555,109.53117060661316
paper,50,1500000.0,8,9,exclude,launch,0,0.0,prior,0.0,liu_mpga,12600.0,43200.0,3946569.5519924993,0,3263629.364118274,682940.1878742257,0,21,0.9772896625600656,28,5.052756717411576,7.037020731376603,7583.137266203306,2834.653560762955,2.6751548658955997,2.005262221819878,303.1656403854712,0.0,0.0,0.0011641443538998836,0.8328102929952262,2.2666666666666666,0.4788135593220339,1118.1970793388716,645,109.8738842010498
paper,50,1500000.0,8,8,exclude,launch,0,0.0,prior,0.0,liu_mpga,12600.0,43200.0,2326667.8773793373,0,2078141.3020659336,248526.57531340388,0,11,0.9513337178190536,14,4.785052335032881,6.051895423891578,8026.03187300879,3291.453382094615,2.438446163834526,2.008079340450206,304.86718699275673,0.0,0.0,0.0,0.9050238632964417,2.5454545454545454,0.7671840354767184,1081.99590633991,594,111.16094970703125
paper,50,1500000.0,8,11,exclude,launch,0,0.0,prior,0.0,liu_mpga,12600.0,43200.0,2579801.683834546,0,2336996.28523923,242805.39859531602,0,14,0.9722604492679844,18,5.369437041051388,6.513810664678742,7116.237207150667,3061.419905280695,2.3244891022220604,2.005866192982749,303.5300394556827,0.0,0.0,0.0,0.9181450689749441,3.6160409556313993,0.775330396475771,772.0455094174607,586,100.64029598236084
ring,50,1500000.0,2,1,exclude,launch,0,0.0,prior,0.0,liu_mpga,12600.0,43200.0,269176.8153360722,0,235034.7620061032,34142.053329969,0,0,0.0,0,4.934279871545503,2.91195707744527,7773.219404112283,6816.423258895437,1.1403663048605772,2.0152014756881798,309.1902108718372,0.0,0.0,0.0,3.833433084878656,25.085714285714285,0.9545454545454546,1914.0730087914878,35,75.68866682052612
ring,50,1500000.0,2,2,exclude,launch,0,0.0,prior,0.0,liu_mpga,12600.0,43200.0,249900.2844157706,0,221371.34849512958,28528.935920641004,0,0,0.0,0,4.841458625364342,3.1015614781567877,7928.639575087385,6396.549789488973,1.2395181521319498,2.0162009386630686,309.7993043219103,0.0,0.02127659574468085,0.0,3.927720363589029,25.114285714285714,0.9272727272727272,1909.2660446690293,35,79.20560956001282
paper,50,1500000.0,9,3,exclude,launch,0,0.0,prior,0.0,liu_mpga,12600.0,43200.0,2955943.2700344655,0,2562227.6718489,393715.59818556585,0,15,0.9796977892355364,21,5.385587312792127,7.232088206222017,7093.897473043144,2757.59104244511,2.5724980114357723,2.0057020448764784,303.43098092061905,0.0,0.0,0.0,0.811582028458579,3.2697986577181206,0.6835164835164835,671.0064542962676,745,145.131591796875
ring,50,1500000.0,2,3,exclude,launch,0,0.0,prior,0.0,liu_mpga,12600.0,43200.0,315992.1862235049,0,273398.0784785977,42594.10774490713,0,0,0.0,0,4.789496627266479,3.0893346993337465,8018.275011535528,6425.923056923685,1.247801279365794,2.014927887940698,309.0235853159296,0.0,0.0,0.0,3.8684703067271538,25.0,0.9622641509433962,1892.9281404067613,36,81.81836533546448
ring,50,1500000.0,2,4,exclude,launch,0,0.0,prior,0.0,liu_mpga,12600.0,43200.0,331551.3169535862,0,284198.8058760035,47352.51107758265,0,0,0.0,0,4.816998253248284,2.8698488539503764,7970.593281758647,6912.543437592185,1.1530623067643258,2.01633687936776,309.8821957088991,0.0,0.020833333333333332,0.0,3.775099985860927,25.0,0.9196428571428571,1864.6810575064596,35,79.47922897338867
paper,50,1500000.0,9,6,exclude,launch,0,0.0,prior,0.0,liu_mpga,12600.0,43200.0,4059547.1355155376,0,3524446.7253184784,535100.4101970595,0,23,0.9915012365152547,27,5.492649806966811,7.078280901280441,6949.126209101812,2818.164050793839,2.4658345234175902,2.0052380047715452,303.15103387112316,0.0,0.0,0.0,0.7818494541439802,2.906856403622251,0.5542986425339367,729.1148028852853,773,132.7237422466278
paper,50,1500000.0,9,1,exclude,launch,0,0.0,prior,0.0,liu_mpga,12600.0,43200.0,3014321.2047543926,0,2629821.3618403985,384499.84291399474,0,17,0.9761634796014651,20,5.547228662646519,7.408734732033952,6877.474519126179,2691.4642106843858,2.555291090932758,2.0059834094282634,303.60078601347385,0.0,0.0,0.0027447392497712718,0.7346335275296634,2.4890776699029127,0.6522727272727272,799.9553661743909,824,157.62006998062134
ring,50,1500000.0,2,6,exclude,launch,0,0.0,prior,0.0,liu_mpga,12600.0,43200.0,256312.7252655531,0,230239.01719590515,26073.708069647982,0,0,0.0,0,4.886337746151113,3.0490660441680077,7852.756551981561,6505.373959136648,1.2071183918570192,2.0166052475477887,310.0458688025104,0.0,0.041666666666666664,0.0,3.7329510786925675,25.0,0.9052631578947369,1827.0525506594195,36,71.71269822120667
ring,50,1500000.0,2,5,exclude,launch,0,0.0,prior,0.0,liu_mpga,12600.0,43200.0,300880.8035041756,0,255854.29773944238,45026.505764733236,0,0,0.0,0,4.830749747681187,3.0169475005898634,7946.954839160066,6577.026801382894,1.2082898670093802,2.015870487749381,309.5978543640495,0.0,0.0,0.0,3.736271239041256,25.054054054054053,0.944,1832.491692234543,37,72.14241814613342
ring,50,1500000.0,2,7,exclude,launch,0,0.0,prior,0.0,liu_mpga,12600.0,43200.0,343773.3870760193,0,300837.74500580516,42935.64207021415,0,0,0.0,0,4.904499792679758,2.9123225080770476,7822.442319813243,6810.866103610065,1.1485238735888519,2.016592660221522,310.0381910448812,0.0,0.0,0.0,3.7396377771218696,20.86111111111111,0.9313725490196079,2231.342696537642,36,74.46638703346252
ring,50,1500000.0,2,8,exclude,launch,0,0.0,prior,0.0,liu_mpga,12600.0,43200.0,304921.40340908343,0,264862.8645450599,40058.53886402353,0,0,0.0,0,4.830167068576244,2.9387481984340638,7947.95371783911,6752.815649572975,1.1769836658197106,2.015638855654516,309.4566855345646,0.0,0.02127659574468085,0.0,3.88584978343611,24.857142857142858,0.925531914893617,1928.1122988819634,35,67.9547369480133
ring,50,1500000.0,2,9,exclude,launch,0,0.0,prior,0.0,liu_mpga,12600.0,43200.0,273487.5916145805,0,236583.5564574273,36904.035157153194,0,0,0.0,0,4.846704792834819,2.866507285481457,7919.696655027925,6920.203965827368,1.1444311026287879,2.0164527333887454,309.9528477640355,0.0,0.0,0.0,3.798039791378323,24.88888888888889,0.8952380952380953,1880.1985628529678,36,62.355167388916016
paper,50,1500000.0,9,11,exclude,launch,0,0.0,prior,0.0,liu_mpga,12600.0,43200.0,3351705.838047088,0,3067407.270743094,284298.5673039944,0,19,0.9870121364854844,23,5.369437041051388,7.98333308042483,7116.237207150667,2499.6391995899858,2.8469057487648373,2.004464713512065,302.6848082072626,0.0,0.0,0.0,0.7542547492089894,3.2291407222914073,0.7494505494505495,632.7443967058924,803,168.81262397766113
ring,50,1500000.0,2,10,exclude,launch,0,0.0,prior,0.0,liu_mpga,12600.0,43200.0,286228.6054218156,0,261195.8767724745,25032.72864934105,0,0,0.0,0,4.875077529902852,3.116430472195179,7871.664383040849,6366.940398049084,1.2363339203635129,2.0159129037228096,309.62370838515324,0.0,0.0,0.0,3.842698833895123,24.833333333333332,0.8736842105263158,1876.317439518693,36,62.875463247299194
ring,50,1500000.0,2,12,exclude,launch,0,0.0,prior,0.0,liu_mpga,12600.0,43200.0,452924.9883995412,0,372820.0760967243,80104.9123028169,0,0,0.0,0,4.931473114997353,2.9915686709969975,7777.833262780507,6628.755523634942,1.1733474307580825,2.017107354518047,310.35221118441007,0.0,0.020833333333333332,0.0,3.7895187573488838,20.714285714285715,0.8846153846153846,2259.4504655261308,35,64.14309692382812
ring,50,1500000.0,2,11,exclude,launch,0,0.0,prior,0.0,liu_mpga,12600.0,43200.0,300875.8579499029,0,262729.02796324744,38146.82998665541,0,0,0.0,0,4.9817880798455585,2.9553485577598386,7695.912262605395,6714.773025674727,1.1461165155068036,2.015672379129236,309.47711451781265,0.0,0.02,0.0,3.669621553453034,24.94736842105263,0.9494949494949495,1780.2265479192351,38,70.61261034011841
ring,50,1500000.0,3,2,exclude,launch,0,0.0,prior,0.0,liu_mpga,12600.0,43200.0,227891.51491893857,0,198743.05506150858,29148.45985742997,0,0,0.0,0,4.841458625364342,2.950121310992065,7928.639575087385,6724.519107857102,1.1790641751353428,2.016317337774267,309.87027931817204,0.0,0.0,0.0,2.471555772126333,12.048780487804878,0.9444444444444444,1662.564879979497,82,70.948890209198
ring,50,1500000.0,3,1,exclude,launch,0,0.0,prior,0.0,liu_mpga,12600.0,43200.0,238514.2251694459,0,202819.96011699943,35694.26505244648,0,0,0.0,0,4.934279871545503,3.0273626641870672,7773.219404112283,6560.69599115502,1.1848162778144207,2.0139358221722485,308.4197554452339,0.0,0.0,0.0,2.516027044482497,13.620253164556962,0.9439252336448598,1510.2912528864913,79,75.80126905441284
ring,50,1500000.0,3,4,exclude,launch,0,0.0,prior,0.0,liu_mpga,12600.0,43200.0,304369.09612766944,0,257934.63875102927,46434.45737664015,0,0,0.0,0,4.816998253248284,3.066161411166735,7970.593281758647,6476.21732672582,1.2307482716594285,2.0143900311190954,308.6961405701397,0.0,0.0,0.0,2.5286965186790518,13.25,0.9464285714285714,1559.8135029558098,80,69.84703612327576
ring,50,1500000.0,3,3,exclude,launch,0,0.0,prior,0.0,liu_mpga,12600.0,43200.0,351837.2577367668,0,305132.39002350724,46704.86771325959,0,0,0.0,0,4.789496627266479,3.014072950923092,8018.275011535528,6577.1598231983935,1.2191090420600936,2.017752232873499,310.7458822556979,0.0,0.0,0.0,2.1565989646039783,8.319148936170214,0.8867924528301887,2114.409779516627,94,75.29994297027588
ring,50,1500000.0,3,5,exclude,launch,0,0.0,prior,0.0,liu_mpga,12600.0,43200.0,268715.3631189208,0,230189.08129125994,38526.281827660874,0,0,0.0,0,4.830749747681187,3.0972649767426077,7946.954839160066,6410.577988293763,1.2396627657711756,2.0145796454718163,308.8115571017149,0.0,0.0,0.0,2.454138300339115,13.156626506024097,0.9435483870967742,1518.049710338646,83,71.15678715705872
ring,50,1500000.0,3,6,exclude,launch,0,0.0,prior,0.0,liu_mpga,12600.0,43200.0,266050.6875802989,0,238911.9526919542,27138.734888344705,0,0,0.0,0,4.886337746151113,2.9346724783213065,7852.756551981561,6755.51007393533,1.1624224471634967,2.0176331563183734,310.67317225154864,0.0,0.0,0.0,2.3361529798153193,10.523255813953488,0.9042553191489362,1807.2614867144741,86,60.03113126754761
ring,50,1500000.0,3,7,exclude,launch,0,0.0,prior,0.0,liu_mpga,12600.0,43200.0,306865.6913344068,0,269454.06258933165,37411.62874507509,0,0,0.0,0,4.904499792679758,3.0157128964441546,7822.442319813243,6580.324423871279,1.1887624098647727,2.01568513167216,309.48488600996774,0.0,0.0,0.0,2.4629838174053043,10.878048780487806,0.9313725490196079,1843.7473021848086,82,58.5133740901947
ring,50,1500000.0,3,8,exclude,launch,0,0.0,prior,0.0,liu_mpga,12600.0,43200.0,304670.2807958868,0,260772.11736631478,43898.16342957205,0,0,0.0,0,4.830167068576244,3.0460018687028416,7947.95371783911,6514.017612521286,1.2201308302515952,2.015955296285341,309.64954921507046,0.0,0.0,0.0,2.3165682306754656,10.517241379310345,0.9139784946236559,1795.1671992324646,87,63.712934255599976
ring,50,1500000.0,3,9,exclude,launch,0,0.0,prior,0.0,liu_mpga,12600.0,43200.0,260549.84043243594,0,229152.01092347474,31397.829508961204,0,0,0.0,0,4.846704792834819,2.9716558641521207,7919.696655027925,6672.188634555609,1.1869713356141354,2.0174053174360855,310.5340739841664,0.0,0.0,0.0,2.283152391961017,10.704545454545455,0.9047619047619048,1723.912696204097,88,61.4846613407135
ring,50,1500000.0,4,1,exclude,launch,0,0.0,prior,0.0,liu_mpga,12600.0,43200.0,258434.06520499516,0,224661.90636501106,33772.158839984084,0,0,0.0,0,4.934279871545503,2.9381964034301693,7773.219404112283,6738.691843187209,1.1535205326195435,2.020242819161161,312.2686230149742,0.0,0.0,0.0,1.830924800040864,6.2465753424657535,0.9532710280373832,1789.0579160662421,146,51.6749484539032
ring,50,1500000.0,3,10,exclude,launch,0,0.0,prior,0.0,liu_mpga,12600.0,43200.0,261374.96461900024,0,230427.41945952197,30947.54515947826,0,0,0.0,0,4.875077529902852,3.09623232995361,7871.664383040849,6412.638324457863,1.2275235222635663,2.014604056141401,308.82641722157507,0.0,0.0,0.0,2.536097242174884,12.95,0.925531914893617,1611.2134927902885,80,64.9848849773407
ring,50,1500000.0,3,11,exclude,launch,0,0.0,prior,0.0,liu_mpga,12600.0,43200.0,257396.000967141,0,232997.31266751623,24398.688299624762,0,0,0.0,0,4.9817880798455585,3.0782364876529287,7695.912262605395,6452.4920525148755,1.192703873165701,2.013865821391794,308.3771711359372,0.0,0.0,0.0,2.516331800735713,13.5,0.9285714285714286,1536.0323563648938,80,60.65873908996582
ring,50,1500000.0,3,12,exclude,launch,0,0.0,prior,0.0,liu_mpga,12600.0,43200.0,323838.3845656927,0,275876.05424917425,47962.33031651842,0,0,0.0,0,4.931473114997353,3.0946139817752365,7777.833262780507,6414.313276134424,1.2125745856098575,2.0151312631899376,309.1474444516797,0.0,0.0,0.0,2.4982065601339554,12.575,0.8942307692307693,1640.463052686648,80,56.54852056503296
ring,50,1500000.0,4,2,exclude,launch,0,0.0,prior,0.0,liu_mpga,12600.0,43200.0,255801.6693940842,0,217910.47986186668,37891.18953221752,0,0,0.0,0,4.841458625364342,2.9605021607204773,7928.639575087385,6682.572955367905,1.1864650978061606,2.021859161137641,313.25884356027694,0.0,0.0,0.0,1.8397801875091935,6.910958904109589,0.9444444444444444,1637.6323804566157,146,53.924604654312134
ring,50,1500000.0,4,4,exclude,launch,0,0.0,prior,0.0,liu_mpga,12600.0,43200.0,363338.7549304519,0,312961.1674436499,50377.58748680203,0,0,0.0,0,4.816998253248284,2.8888232846237862,7970.593281758647,6846.686122357986,1.1641534516575136,2.022360604894978,313.56636193236756,0.0,0.0,0.0,1.8336137226608578,5.653061224489796,0.9541284403669725,1976.043560359517,147,51.147326707839966
ring,50,1500000.0,4,3,exclude,launch,0,0.0,prior,0.0,liu_mpga,12600.0,43200.0,343073.8282791809,0,292927.32903809624,50146.49924108471,0,0,0.0,0,4.789496627266479,2.9613547301479017,8018.275011535528,6690.250371996386,1.1985014858484073,2.018957548536225,311.48234571568617,0.0,0.0,0.0,1.8737210010090488,5.73943661971831,0.9142857142857143,2022.2134787379273,142,53.035215854644775
ring,50,1500000.0,4,6,exclude,launch,0,0.0,prior,0.0,liu_mpga,12600.0,43200.0,287083.84788027976,0,254278.8800255397,32804.967854740076,0,0,0.0,0,4.886337746151113,2.9072361752598,7852.756551981561,6800.098923864445,1.1548003403925333,2.023319404939124,314.15478135748873,0.0,0.0,0.0,1.8265491738634099,5.714285714285714,0.9052631578947369,1967.2929589564387,147,49.28594350814819
ring,50,1500000.0,4,5,exclude,launch,0,0.0,prior,0.0,liu_mpga,12600.0,43200.0,321066.25748491206,0,275734.4953747317,45331.76211018033,0,0,0.0,0,4.830749747681187,2.9394074353774546,7946.954839160066,6733.616480187798,1.1801911888718717,2.0209325823451443,312.6910013081774,0.0,0.0,0.0,1.833679222955629,5.63448275862069,0.9105691056910569,1991.8221110856568,145,56.06870675086975
ring,50,1500000.0,4,7,exclude,launch,0,0.0,prior,0.0,liu_mpga,12600.0,43200.0,304960.31315699546,0,265495.9356339556,39464.377523039904,0,0,0.0,0,4.904499792679758,3.0000115799120173,7822.442319813243,6601.6208716801175,1.1849275309598968,2.0196982114580333,311.93533273521365,0.0,0.0,0.0,1.8628824585215082,5.743055555555555,0.92,1979.858642853255,144,50.55210041999817
ring,50,1500000.0,4,8,exclude,launch,0,0.0,prior,0.0,liu_mpga,12600.0,43200.0,303114.4113481298,0,270707.2276237967,32407.1837243331,0,0,0.0,0,4.830167068576244,2.9377103239522273,7947.95371783911,6734.817008509322,1.1801291271606953,2.021739618957505,313.1855546842282,0.0,0.0,0.0,1.8100233181765728,5.704697986577181,0.9139784946236559,1939.8805359547302,149,53.30916500091553
ring,50,1500000.0,4,9,exclude,launch,0,0.0,prior,0.0,liu_mpga,12600.0,43200.0,269517.6197509973,0,238192.82016669805,31324.799584299268,0,0,0.0,0,4.846704792834819,2.9592322734858962,7919.696655027925,6694.109102133017,1.1830844902877944,2.019240973957113,311.6556488979135,0.0,0.0,0.0,1.894593486694565,6.195804195804196,0.9603960396039604,1874.4262467302178,143,48.51957607269287
ring,50,1500000.0,4,11,exclude,launch,0,0.0,prior,0.0,liu_mpga,12600.0,43200.0,294737.2838803852,0,265283.50261339516,29453.78126699004,0,0,0.0,0,4.9817880798455585,3.010081469681812,7695.912262605395,6580.6558519123255,1.169474963558378,2.019354478953577,311.72506612881546,0.0,0.0,0.0,1.8218606090095235,6.136054421768708,0.8979591836734694,1819.5102184756713,147,47.60273623466492
ring,50,1500000.0,4,10,exclude,launch,0,0.0,prior,0.0,liu_mpga,12600.0,43200.0,320708.91914363485,0,282115.75657464424,38593.162568990636,0,0,0.0,0,4.875077529902852,2.95923462369586,7871.664383040849,6690.420505647382,1.1765574938669967,2.020352627552259,312.3358453658398,0.0,0.0,0.0,1.8645885093766321,5.6,0.9247311827956989,2036.1265578916393,145,51.26639223098755
ring,50,1500000.0,4,12,exclude,launch,0,0.0,prior,0.0,liu_mpga,12600.0,43200.0,328052.16505136946,0,283208.94821113406,44843.21684023547,0,0,0.0,0,4.931473114997353,3.0107639530523485,7777.833262780507,6574.709210458486,1.182992739877863,2.0207227652910538,312.5624890750248,0.0,0.0,0.0,1.8393376623652302,6.109589041095891,0.8942307692307693,1856.7625020005341,146,51.344916582107544
ring,50,1500000.0,5,3,exclude,launch,0,0.0,prior,0.0,liu_mpga,12600.0,43200.0,909728.2070001105,0,780643.7006368564,129084.50636325414,0,2,0.32224244023301135,5,4.789496627266479,2.7814516754181047,8018.275011535528,7004.880823053255,1.1446697258784426,2.0529941956544695,332.63903282460075,0.0,0.0,0.0,1.562036745521499,2.1203703703703702,0.8476190476190476,3601.894248296077,216,59.08807373046875
ring,50,1500000.0,5,2,exclude,launch,0,0.0,prior,0.0,liu_mpga,12600.0,43200.0,521459.50981324806,0,421113.6716930857,100345.83812016237,0,1,0.13010370508907473,3,4.841458625364342,2.823234428375926,7928.639575087385,6880.864289723771,1.152273790216792,2.059065004471892,336.4856051091146,0.0,0.0,0.0,1.5354403966579147,2.374429223744292,0.8055555555555556,3188.263712912018,219,62.220009088516235
ring,50,1500000.0,5,1,exclude,launch,0,0.0,prior,0.0,liu_mpga,12600.0,43200.0,448315.0669422846,0,350367.5728951302,97947.49404715441,0,0,0.0,2,4.934279871545503,2.8244942154430106,7773.219404112283,6910.656206225434,1.1248163954545753,2.0492739226392915,330.29272941925365,0.0,0.0,0.0,1.5536803849856837,2.7255813953488373,0.897196261682243,2798.188590062532,215,65.44339275360107
ring,50,1500000.0,5,4,exclude,launch,0,0.0,prior,0.0,liu_mpga,12600.0,43200.0,707742.6311372991,0,598247.8524042467,109494.77873305237,0,1,0.30857043162851966,4,4.816998253248284,2.825335005210872,7970.593281758647,6915.281093272714,1.152605826755554,2.0472939495774534,329.0473850464625,0.0,0.0,0.0,1.563630849276265,2.8551401869158877,0.8899082568807339,2679.8899351204614,214,54.476571798324585
ring,50,1500000.0,5,5,exclude,launch,0,0.0,prior,0.0,liu_mpga,12600.0,43200.0,767104.9093746471,0,636921.973593492,130182.93578115513,0,1,0.21486439458367448,2,4.830749747681187,2.8427561227510694,7946.954839160066,6884.696546882622,1.1542926816082304,2.0437867764573605,326.84725041217445,0.0,0.0,0.0,1.5692177528629556,2.205607476635514,0.7741935483870968,3508.0739270983413,214,53.43569278717041
ring,50,1500000.0,5,6,exclude,launch,0,0.0,prior,0.0,liu_mpga,12600.0,43200.0,607810.1236741302,0,526231.9315738643,81578.19210026583,0,1,0.25647471921621573,2,4.886337746151113,2.8416899324723723,7852.756551981561,6858.723283770976,1.14492978169314,2.0522961060375695,332.1981284345495,0.0,0.0,0.0,1.5444390027275283,2.6513761467889907,0.8085106382978723,2851.9042450863462,218,56.356127977371216
ring,50,1500000.0,5,7,exclude,launch,0,0.0,prior,0.0,liu_mpga,12600.0,43200.0,729725.1185271483,0,551143.2280548416,178581.89047230658,0,0,0.0,3,4.904499792679758,2.7898318075260624,7822.442319813243,6924.089264393947,1.1297431360451888,2.0707101475256167,343.92606600429826,0.0,0.0,0.0,1.5260895204825566,1.8310502283105023,0.7676767676767676,4112.618110117784,219,53.14179229736328
ring,50,1500000.0,5,8,exclude,launch,0,0.0,prior,0.0,liu_mpga,12600.0,43200.0,518642.79993807955,0,449390.6807468286,69252.11919125098,0,1,0.14334075288853648,3,4.830167068576244,2.8910410470913823,7947.95371783911,6778.912115214931,1.1724526860291231,2.0410128073660285,325.11229953003016,0.0,0.0,0.0,1.5536220008403423,3.037037037037037,0.8709677419354839,2496.411848373145,216,53.062658071517944
ring,50,1500000.0,5,11,exclude,launch,0,0.0,prior,0.0,liu_mpga,12600.0,43200.0,415909.287796035,0,366154.0108432714,49755.27695276358,0,0,0.0,1,4.9817880798455585,2.865580986557584,7695.912262605395,6840.053841637299,1.1251245152133524,2.0407405030644004,324.9422384156223,0.0,0.0,0.0,1.5667618816433708,3.097674418604651,0.9278350515463918,2478.585022526772,215,53.994123458862305
ring,50,1500000.0,5,9,exclude,launch,0,0.0,prior,0.0,liu_mpga,12600.0,43200.0,498119.54986012925,0,391075.5699454505,107043.97991467873,0,0,0.0,2,4.846704792834819,2.8155685779923076,7919.696655027925,6904.312147032461,1.1470652668031363,2.0576592825374522,335.5929473812916,0.0,0.0,0.0,1.5391093318484155,2.4292237442922375,0.8415841584158416,3104.908241300463,219,58.920727014541626
ring,50,1500000.0,5,10,exclude,launch,0,0.0,prior,0.0,liu_mpga,12600.0,43200.0,780098.4787692134,0,687766.0246535983,92332.45411561518,0,1,0.3546141172362785,2,4.875077529902852,2.882036920168529,7871.664383040849,6791.206522125003,1.1590965990204882,2.0436829119999986,326.78220624023896,0.0,0.0,0.0034602076124567475,1.5516936819896918,2.5,0.8791208791208791,3044.1369792067558,216,60.97750759124756
ring,50,1500000.0,6,1,exclude,launch,0,0.0,prior,0.0,liu_mpga,12600.0,43200.0,4120138.5581407663,0,3794448.1358303307,325690.4223104357,0,28,0.9545298411340122,46,4.934279871545503,2.875268140897924,7773.219404112283,6515.513440298109,1.193032517749918,2.1351726317932584,386.58507119172975,0.0,0.0,0.0,1.3662471283805298,1.0813559322033899,0.35514018691588783,5168.228196045465,295,58.601606130599976
ring,50,1500000.0,5,12,exclude,launch,0,0.0,prior,0.0,liu_mpga,12600.0,43200.0,586446.870539343,0,467606.7953246722,118840.07521467077,0,0,0.0,2,4.931473114997353,2.8831432807334996,7777.833262780507,6794.354866615113,1.144749341986512,2.0419520497800354,325.69922221224533,0.0,0.0,0.0,1.5694058593493887,2.836448598130841,0.7980769230769231,2715.590981539175,214,63.29899477958679
ring,50,1500000.0,6,3,exclude,launch,0,0.0,prior,0.0,liu_mpga,12600.0,43200.0,5383559.175208392,0,5048802.00078041,334757.17442798143,0,33,0.9795901616839676,47,4.789496627266479,2.945233012608502,8018.275011535528,6459.946453569175,1.2412293304854507,2.1023809535283595,364.5731300106287,0.0,0.0,0.002512562814070352,1.3534815375900784,1.164983164983165,0.3238095238095238,4744.100183758112,297,60.369038105010986
ring,50,1500000.0,6,2,exclude,launch,0,0.0,prior,0.0,liu_mpga,12600.0,43200.0,3956787.798924295,0,3692722.283123483,264065.51580081234,0,30,0.9740282519598854,42,4.841458625364342,2.9495578079916567,7928.639575087385,6432.308993687558,1.2326272856089895,2.108318309112809,368.51084229440283,0.0,0.0,0.0,1.3503033245092526,1.3043478260869565,0.35514018691588783,4213.7244194520845,299,74.23364305496216
ring,50,1500000.0,6,4,exclude,launch,0,0.0,prior,0.0,liu_mpga,12600.0,43200.0,4447780.062906593,0,4123636.351818669,324143.7110879241,0,26,0.9564993505631119,41,4.816998253248284,2.9234161281209956,7970.593281758647,6466.426563336565,1.2326117375167343,2.1159480600822693,373.60202184041384,0.0,0.0,0.0,1.359613064913907,1.389261744966443,0.42727272727272725,3981.1111690993034,298,66.10952496528625
ring,50,1500000.0,6,5,exclude,launch,0,0.0,prior,0.0,liu_mpga,12600.0,43200.0,5288955.2101534195,0,4923842.47347717,365112.73667624913,0,33,0.9790947837872183,46,4.830749747681187,2.901049561630347,7946.954839160066,6399.085645085448,1.241889119778135,2.1547005383792515,400.0,0.0,0.0,0.0,1.3360521041630788,1.0,0.3629032258064516,5437.098154744041,302,56.91625761985779
ring,50,1500000.0,6,6,exclude,launch,0,0.0,prior,0.0,liu_mpga,12600.0,43200.0,4329440.1918378305,0,4073864.925711825,255575.26612600585,0,32,0.9691515800962961,45,4.886337746151113,2.867183281568924,7852.756551981561,6512.50090039252,1.2057973844592116,2.1421838426771593,391.37517914182865,0.0,0.0,0.0025252525252525255,1.3618230318201805,1.114864864864865,0.2127659574468085,4984.306566226651,296,66.74650478363037
ring,50,1500000.0,6,8,exclude,launch,0,0.0,prior,0.0,liu_mpga,12600.0,43200.0,5225581.140147475,0,4918952.359733635,306628.78041383997,0,30,0.9846225874547712,46,4.830167068576244,3.0010664882694313,7947.95371783911,6424.448470148214,1.2371417958708832,2.0746675970452326,346.4731332416923,0.0,0.0,0.005012531328320802,1.3558053069033826,1.6835016835016836,0.40860215053763443,3264.569435681368,297,70.50198674201965
ring,50,1500000.0,6,10,exclude,launch,0,0.0,prior,0.0,liu_mpga,12600.0,43200.0,4153780.753085461,0,3914259.701226783,239521.051858678,0,27,0.9615178308760511,43,4.875077529902852,2.927944942157326,7871.664383040849,6447.750593869209,1.2208388442514444,2.118794589791059,375.51040024372304,0.0,0.0,0.005037783375314861,1.3550190076168394,1.2693602693602695,0.4945054945054945,4339.96372404492,297,69.50820016860962
ring,50,1500000.0,6,7,exclude,launch,0,0.0,prior,0.0,liu_mpga,12600.0,43200.0,5579695.89659631,0,5249088.059472071,330607.8371242384,0,36,0.9880599942071631,49,4.904499792679758,2.8652012422759916,7822.442319813243,6479.148595776714,1.2073256546256903,2.1547005383792515,400.0,0.0,0.0,0.0,1.352188767657369,1.0,0.2727272727272727,5488.196086262864,300,81.95404028892517
ring,50,1500000.0,6,9,exclude,launch,0,0.0,prior,0.0,liu_mpga,12600.0,43200.0,4410281.744944177,0,4137480.5338271824,272801.21111699444,0,31,0.9726142238251917,43,4.846704792834819,2.9311854188459097,7919.696655027925,6416.081391612479,1.234351026996177,2.1268988437050975,380.97030118316593,0.0,0.0,0.0024875621890547263,1.3458364629033965,1.08,0.3069306930693069,5077.237111834755,300,75.12964749336243
ring,50,1500000.0,6,11,exclude,launch,0,0.0,prior,0.0,liu_mpga,12600.0,43200.0,5268919.425865308,0,4946765.533131132,322153.89273417636,0,29,0.9730558402435867,42,4.9817880798455585,2.967218649292353,7695.912262605395,6447.608300270622,1.1936072888116325,2.0907966506517344,356.95119992191246,0.0,0.0,0.0,1.3550954128005632,1.2626262626262625,0.4329896907216495,4400.791084253609,297,61.4792685508728
ring,50,1500000.0,6,12,exclude,launch,0,0.0,prior,0.0,liu_mpga,12600.0,43200.0,5613990.916211201,0,5249253.393909545,364737.5223016566,0,29,0.9706133958486127,45,4.931473114997353,2.895484748847104,7777.833262780507,6448.561555607429,1.2061346078052388,2.1422781574193994,391.43981667523747,0.0,0.0,0.002512562814070352,1.3522964223696208,1.0437710437710437,0.3627450980392157,5276.283578693146,297,69.9940357208252
ring,50,1500000.0,7,1,exclude,launch,0,0.0,prior,0.0,liu_mpga,12600.0,43200.0,7407561.670081463,0,6883300.561429106,524261.10865235666,0,50,1.0,50,4.934279871545503,1200000000000000.0,7773.219404112283,0.0,7773219404112.282,1.0000018257418584,1e-09,0.0,0.0,1.0,0.0,0.0,0.0,1618398000000002.8,471,80.95036554336548
ring,50,1500000.0,7,5,exclude,launch,0,0.0,prior,0.0,liu_mpga,12600.0,43200.0,8201712.219681372,0,7672424.007281559,529288.2123998133,0,50,1.0,50,4.830749747681187,1200000000000000.0,7946.954839160066,0.0,7946954839160.065,1.0000018257418584,1e-09,0.0,0.0,1.0,0.0,0.0,0.0,1618398000000002.8,471,61.27222561836243
ring,50,1500000.0,7,2,exclude,launch,0,0.0,prior,0.0,liu_mpga,12600.0,43200.0,6804610.261149466,0,6353611.096845579,450999.16430388746,0,50,1.0,50,4.841458625364342,1200000000000000.0,7928.639575087385,0.0,7928639575087.385,1.0000018257418584,1e-09,0.0,0.0,1.0,0.0,0.0,0.0,1618398000000002.8,471,88.32464408874512
ring,50,1500000.0,7,4,exclude,launch,0,0.0,prior,0.0,liu_mpga,12600.0,43200.0,8997995.542659855,0,8416945.182288876,581050.3603709788,0,50,1.0,50,4.816998253248284,1200000000000000.0,7970.593281758647,0.0,7970593281758.646,1.0000018257418584,1e-09,0.0,0.0,1.0,0.0,0.0,0.0,1618398000000002.8,471,85.4373950958252
ring,50,1500000.0,7,3,exclude,launch,0,0.0,prior,0.0,liu_mpga,12600.0,43200.0,8447254.06312204,0,7912585.481001001,534668.582121038,0,50,1.0,50,4.789496627266479,1200000000000000.0,8018.275011535528,0.0,8018275011535.528,1.0000018257418584,1e-09,0.0,0.0,1.0,0.0,0.0,0.0,1618398000000002.8,471,99.95710635185242
ring,50,1500000.0,7,7,exclude,launch,0,0.0,prior,0.0,liu_mpga,12600.0,43200.0,7793210.833048604,0,7319220.132117566,473990.70093103894,0,50,1.0,50,4.904499792679758,1200000000000000.0,7822.442319813243,0.0,7822442319813.242,1.0000018257418584,1e-09,0.0,0.0,1.0,0.0,0.0,0.0,1618398000000002.8,471,65.51187992095947
ring,50,1500000.0,7,6,exclude,launch,0,0.0,prior,0.0,liu_mpga,12600.0,43200.0,7301232.704043555,0,6911669.020110017,389563.6839335387,0,50,1.0,50,4.886337746151113,1200000000000000.0,7852.756551981561,0.0,7852756551981.561,1.0000018257418584,1e-09,0.0,0.0,1.0,0.0,0.0,0.0,1618398000000002.8,471,78.92445039749146
ring,50,1500000.0,7,8,exclude,launch,0,0.0,prior,0.0,liu_mpga,12600.0,43200.0,8021247.85320954,0,7567072.32012792,454175.5330816198,0,50,1.0,50,4.830167068576244,1200000000000000.0,7947.95371783911,0.0,7947953717839.109,1.0000018257418584,1e-09,0.0,0.0,1.0,0.0,0.0,0.0,1618398000000002.8,471,80.37336158752441
ring,50,1500000.0,7,11,exclude,launch,0,0.0,prior,0.0,liu_mpga,12600.0,43200.0,8435645.347479193,0,7963194.390622816,472450.9568563758,0,50,1.0,50,4.9817880798455585,1200000000000000.0,7695.912262605395,0.0,7695912262605.395,1.0000018257418584,1e-09,0.0,0.0,1.0,0.0,0.0,0.0,1618398000000002.8,471,69.33119821548462
ring,50,1500000.0,7,9,exclude,launch,0,0.0,prior,0.0,liu_mpga,12600.0,43200.0,7368906.564972539,0,6958801.00451678,410105.5604557584,0,50,1.0,50,4.846704792834819,1200000000000000.0,7919.696655027925,0.0,7919696655027.925,1.0000018257418584,1e-09,0.0,0.0,1.0,0.0,0.0,0.0,1618398000000002.8,471,87.90520119667053
ring,50,1500000.0,7,10,exclude,launch,0,0.0,prior,0.0,liu_mpga,12600.0,43200.0,8041467.79289545,0,7552811.701789815,488656.09110563603,0,50,1.0,50,4.875077529902852,1200000000000000.0,7871.664383040849,0.0,7871664383040.849,1.0000018257418584,1e-09,0.0,0.0,1.0,0.0,0.0,0.0,1618398000000002.8,471,87.30151700973511
ring,50,1500000.0,8,1,exclude,launch,0,0.0,prior,0.0,liu_mpga,12600.0,43200.0,7367206.034382229,0,6878909.703050271,488296.33133195894,0,50,1.0,50,4.934279871545503,1200000000000000.0,7773.219404112283,0.0,7773219404112.282,1.0000018257418584,1e-09,0.0,0.0,1.0,0.0,0.0,0.0,1614954600000003.0,537,59.24853277206421
ring,50,1500000.0,8,2,exclude,launch,0,0.0,prior,0.0,liu_mpga,12600.0,43200.0,6800410.064543666,0,6349558.127449359,450851.93709430733,0,50,1.0,50,4.841458625364342,1200000000000000.0,7928.639575087385,0.0,7928639575087.385,1.0000018257418584,1e-09,0.0,0.0,1.0,0.0,0.0,0.0,1614954600000003.0,537,70.56149101257324
ring,50,1500000.0,8,5,exclude,launch,0,0.0,prior,0.0,liu_mpga,12600.0,43200.0,8208784.948108901,0,7667529.7669476215,541255.1811612797,0,50,1.0,50,4.830749747681187,1200000000000000.0,7946.954839160066,0.0,7946954839160.065,1.0000018257418584,1e-09,0.0,0.0,1.0,0.0,0.0,0.0,1614954600000003.0,537,68.87922096252441
ring,50,1500000.0,7,12,exclude,launch,0,0.0,prior,0.0,liu_mpga,12600.0,43200.0,9056165.277136369,0,8467633.714362876,588531.5627734927,0,50,1.0,50,4.931473114997353,1200000000000000.0,7777.833262780507,0.0,7777833262780.506,1.0000018257418584,1e-09,0.0,0.0,1.0,0.0,0.0,0.0,1618398000000002.8,471,100.35519766807556
ring,50,1500000.0,8,6,exclude,launch,0,0.0,prior,0.0,liu_mpga,12600.0,43200.0,7294323.324373998,0,6907260.0654874705,387063.25888652675,0,50,1.0,50,4.886337746151113,1200000000000000.0,7852.756551981561,0.0,7852756551981.561,1.0000018257418584,1e-09,0.0,0.0,1.0,0.0,0.0,0.0,1614954600000003.0,537,66.42736411094666
ring,50,1500000.0,8,7,exclude,launch,0,0.0,prior,0.0,liu_mpga,12600.0,43200.0,7788359.323698526,0,7314551.200584371,473808.12311415526,0,50,1.0,50,4.904499792679758,1200000000000000.0,7822.442319813243,0.0,7822442319813.242,1.0000018257418584,1e-09,0.0,0.0,1.0,0.0,0.0,0.0,1614954600000003.0,537,61.01292419433594
ring,50,1500000.0,8,10,exclude,launch,0,0.0,prior,0.0,liu_mpga,12600.0,43200.0,8034901.942868327,0,7547993.76216207,486908.1807062568,0,50,1.0,50,4.875077529902852,1200000000000000.0,7871.664383040849,0.0,7871664383040.849,1.0000018257418584,1e-09,0.0,0.0,1.0,0.0,0.0,0.0,1614954600000003.0,537,57.56765365600586
ring,50,1500000.0,8,8,exclude,launch,0,0.0,prior,0.0,liu_mpga,12600.0,43200.0,8014941.275965201,0,7562245.283649777,452695.9923154236,0,50,1.0,50,4.830167068576244,1200000000000000.0,7947.95371783911,0.0,7947953717839.109,1.0000018257418584,1e-09,0.0,0.0,1.0,0.0,0.0,0.0,1614954600000003.0,537,70.87177205085754
ring,50,1500000.0,8,3,exclude,launch,0,0.0,prior,0.0,liu_mpga,12600.0,43200.0,8448538.038655672,0,7907538.041629808,540999.9970258647,0,50,1.0,50,4.789496627266479,1200000000000000.0,8018.275011535528,0.0,8018275011535.528,1.0000018257418584,1e-09,0.0,0.0,1.0,0.0,0.0,0.0,1614954600000003.0,537,105.58140134811401
ring,50,1500000.0,8,4,exclude,launch,0,0.0,prior,0.0,liu_mpga,12600.0,43200.0,9007146.43002551,0,8411576.01179456,595570.4182309501,0,50,1.0,50,4.816998253248284,1200000000000000.0,7970.593281758647,0.0,7970593281758.646,1.0000018257418584,1e-09,0.0,0.0,1.0,0.0,0.0,0.0,1614954600000003.0,537,101.75899910926819
ring,50,1500000.0,8,11,exclude,launch,0,0.0,prior,0.0,liu_mpga,12600.0,43200.0,8433636.746297712,0,7958114.667821173,475522.0784765386,0,50,1.0,50,4.9817880798455585,1200000000000000.0,7695.912262605395,0.0,7695912262605.395,1.0000018257418584,1e-09,0.0,0.0,1.0,0.0,0.0,0.0,1614954600000003.0,537,67.18663787841797
ring,50,1500000.0,8,9,exclude,launch,0,0.0,prior,0.0,liu_mpga,12600.0,43200.0,7365965.536166795,0,6954361.984394875,411603.55177191907,0,50,1.0,50,4.846704792834819,1200000000000000.0,7919.696655027925,0.0,7919696655027.925,1.0000018257418584,1e-09,0.0,0.0,1.0,0.0,0.0,0.0,1614954600000003.0,537,99.77130174636841
ring,50,1500000.0,9,2,exclude,launch,0,0.0,prior,0.0,liu_mpga,12600.0,43200.0,6792461.305180491,0,6352710.436979751,439750.86820073944,0,50,1.0,50,4.841458625364342,1200000000000000.0,7928.639575087385,0.0,7928639575087.385,1.0000018257418584,1e-09,0.0,0.0,1.0,0.0,0.0,0.0,1617632800000003.2,605,61.58125567436218
ring,50,1500000.0,9,3,exclude,launch,0,0.0,prior,0.0,liu_mpga,12600.0,43200.0,8452189.026207076,0,7911463.827807404,540725.1983996729,0,50,1.0,50,4.789496627266479,1200000000000000.0,8018.275011535528,0.0,8018275011535.528,1.0000018257418584,1e-09,0.0,0.0,1.0,0.0,0.0,0.0,1617632800000003.2,605,65.7876763343811
ring,50,1500000.0,8,12,exclude,launch,0,0.0,prior,0.0,liu_mpga,12600.0,43200.0,9050975.277729359,0,8462232.209646955,588743.0680824029,0,50,1.0,50,4.931473114997353,1200000000000000.0,7777.833262780507,0.0,7777833262780.506,1.0000018257418584,1e-09,0.0,0.0,1.0,0.0,0.0,0.0,1614954600000003.0,537,91.64242362976074
ring,50,1500000.0,9,1,exclude,launch,0,0.0,prior,0.0,liu_mpga,12600.0,43200.0,7371146.032953455,0,6882324.815122696,488821.21783076046,0,50,1.0,50,4.934279871545503,1200000000000000.0,7773.219404112283,0.0,7773219404112.282,1.0000018257418584,1e-09,0.0,0.0,1.0,0.0,0.0,0.0,1617632800000003.2,605,79.75088477134705
ring,50,1500000.0,9,7,exclude,launch,0,0.0,prior,0.0,liu_mpga,12600.0,43200.0,7791590.639777724,0,7318182.5917768525,473408.04800087144,0,50,1.0,50,4.904499792679758,1200000000000000.0,7822.442319813243,0.0,7822442319813.242,1.0000018257418584,1e-09,0.0,0.0,1.0,0.0,0.0,0.0,1617632800000003.2,605,60.02685260772705
ring,50,1500000.0,9,5,exclude,launch,0,0.0,prior,0.0,liu_mpga,12600.0,43200.0,8201530.174857779,0,7671336.398318465,530193.7765393147,0,50,1.0,50,4.830749747681187,1200000000000000.0,7946.954839160066,0.0,7946954839160.065,1.0000018257418584,1e-09,0.0,0.0,1.0,0.0,0.0,0.0,1617632800000003.2,605,75.44039750099182
ring,50,1500000.0,9,9,exclude,launch,0,0.0,prior,0.0,liu_mpga,12600.0,43200.0,7364393.812459989,0,6957814.555600801,406579.2568591893,0,50,1.0,50,4.846704792834819,1200000000000000.0,7919.696655027925,0.0,7919696655027.925,1.0000018257418584,1e-09,0.0,0.0,1.0,0.0,0.0,0.0,1617632800000003.2,605,62.03728199005127
ring,50,1500000.0,9,4,exclude,launch,0,0.0,prior,0.0,liu_mpga,12600.0,43200.0,9010432.829276023,0,8415752.033290133,594680.7959858904,0,50,1.0,50,4.816998253248284,1200000000000000.0,7970.593281758647,0.0,7970593281758.646,1.0000018257418584,1e-09,0.0,0.0,1.0,0.0,0.0,0.0,1617632800000003.2,605,95.72479367256165
ring,50,1500000.0,9,6,exclude,launch,0,0.0,prior,0.0,liu_mpga,12600.0,43200.0,7297928.305471346,0,6910689.252416124,387239.05305522226,0,50,1.0,50,4.886337746151113,1200000000000000.0,7852.756551981561,0.0,7852756551981.561,1.0000018257418584,1e-09,0.0,0.0,1.0,0.0,0.0,0.0,1617632800000003.2,605,81.21184039115906
ring,50,1500000.0,9,8,exclude,launch,0,0.0,prior,0.0,liu_mpga,12600.0,43200.0,8016109.549924312,0,7565999.645355006,450109.9045693062,0,50,1.0,50,4.830167068576244,1200000000000000.0,7947.95371783911,0.0,7947953717839.109,1.0000018257418584,1e-09,0.0,0.0,1.0,0.0,0.0,0.0,1617632800000003.2,605,79.90948677062988
ring,50,1500000.0,9,12,exclude,launch,0,0.0,prior,0.0,liu_mpga,12600.0,43200.0,9050480.126093408,0,8466433.379981555,584046.7461118527,0,50,1.0,50,4.931473114997353,1200000000000000.0,7777.833262780507,0.0,7777833262780.506,1.0000018257418584,1e-09,0.0,0.0,1.0,0.0,0.0,0.0,1617632800000003.2,605,49.96299934387207
ring,50,1500000.0,9,10,exclude,launch,0,0.0,prior,0.0,liu_mpga,12600.0,43200.0,8040531.31835873,0,7551741.048539209,488790.26981952053,0,50,1.0,50,4.875077529902852,1200000000000000.0,7871.664383040849,0.0,7871664383040.849,1.0000018257418584,1e-09,0.0,0.0,1.0,0.0,0.0,0.0,1617632800000003.2,605,72.26234173774719
ring,50,1500000.0,10,2,exclude,launch,0,0.0,prior,0.0,liu_mpga,12600.0,43200.0,6806187.342228608,0,6355232.284604065,450955.05762454314,0,50,1.0,50,4.841458625364342,1200000000000000.0,7928.639575087385,0.0,7928639575087.385,1.0000018257418584,1e-09,0.0,0.0,1.0,0.0,0.0,0.0,1617364980000002.8,672,50.000128746032715
ring,50,1500000.0,10,5,exclude,launch,0,0.0,prior,0.0,liu_mpga,12600.0,43200.0,8215880.606035145,0,7674381.703415138,541498.9026200069,0,50,1.0,50,4.830749747681187,1200000000000000.0,7946.954839160066,0.0,7946954839160.065,1.0000018257418584,1e-09,0.0,0.0,1.0,0.0,0.0,0.0,1617364980000002.8,672,47.38421559333801
ring,50,1500000.0,10,9,exclude,launch,0,0.0,prior,0.0,liu_mpga,12600.0,43200.0,7372534.74247085,0,6960576.612565542,411958.12990530895,0,50,1.0,50,4.846704792834819,1200000000000000.0,7919.696655027925,0.0,7919696655027.925,1.0000018257418584,1e-09,0.0,0.0,1.0,0.0,0.0,0.0,1617364980000002.8,672,51.26028752326965
ring,50,1500000.0,9,11,exclude,launch,0,0.0,prior,0.0,liu_mpga,12600.0,43200.0,8440971.450187424,0,7962065.563333563,478905.8868538618,0,50,1.0,50,4.9817880798455585,1200000000000000.0,7695.912262605395,0.0,7695912262605.395,1.0000018257418584,1e-09,0.0,0.0,1.0,0.0,0.0,0.0,1617632800000003.2,605,83.99766230583191
ring,50,1500000.0,10,12,exclude,launch,0,0.0,prior,0.0,liu_mpga,12600.0,43200.0,9058049.864725115,0,8469794.316249242,588255.5484758726,0,50,1.0,50,4.931473114997353,1200000000000000.0,7777.833262780507,0.0,7777833262780.506,1.0000018257418584,1e-09,0.0,0.0,1.0,0.0,0.0,0.0,1617364980000002.8,672,62.41742563247681
ring,50,1500000.0,11,5,exclude,launch,0,0.0,prior,0.0,liu_mpga,12600.0,43200.0,8204144.265384967,0,7670644.283523762,533499.9818612053,0,50,1.0,50,4.830749747681187,1200000000000000.0,7946.954839160066,0.0,7946954839160.065,1.0000018257418584,1e-09,0.0,0.0,1.0,0.0,0.0,0.0,1617145854545457.5,739,54.07999300956726
ring,50,1500000.0,11,9,exclude,launch,0,0.0,prior,0.0,liu_mpga,12600.0,43200.0,7353929.279665459,0,6957186.8153815465,396742.4642839128,0,50,1.0,50,4.846704792834819,1200000000000000.0,7919.696655027925,0.0,7919696655027.925,1.0000018257418584,1e-09,0.0,0.0,1.0,0.0,0.0,0.0,1617145854545457.5,739,59.80773210525513
ring,50,1500000.0,11,2,exclude,launch,0,0.0,prior,0.0,liu_mpga,12600.0,43200.0,6792160.894125469,0,6352137.289792394,440023.60433307453,0,50,1.0,50,4.841458625364342,1200000000000000.0,7928.639575087385,0.0,7928639575087.385,1.0000018257418584,1e-09,0.0,0.0,1.0,0.0,0.0,0.0,1617145854545457.5,739,68.8778486251831
ring,50,1500000.0,12,5,exclude,launch,0,0.0,prior,0.0,liu_mpga,12600.0,43200.0,8210199.974811078,0,7673239.714003882,536960.2608071963,0,50,1.0,50,4.830749747681187,1200000000000000.0,7946.954839160066,0.0,7946954839160.065,1.0000018257418584,1e-09,0.0,0.0,1.0,0.0,0.0,0.0,1618971900000002.8,807,42.4461624622345
ring,50,1500000.0,12,2,exclude,launch,0,0.0,prior,0.0,liu_mpga,12600.0,43200.0,6794244.42284865,0,6354286.5917449435,439957.8311037073,0,50,1.0,50,4.841458625364342,1200000000000000.0,7928.639575087385,0.0,7928639575087.385,1.0000018257418584,1e-09,0.0,0.0,1.0,0.0,0.0,0.0,1618971900000002.8,807,47.835554122924805
ring,50,1500000.0,12,12,exclude,launch,0,0.0,prior,0.0,liu_mpga,12600.0,43200.0,9037412.639839694,0,8468533.965148868,568878.6746908254,0,50,1.0,50,4.931473114997353,1200000000000000.0,7777.833262780507,0.0,7777833262780.506,1.0000018257418584,1e-09,0.0,0.0,1.0,0.0,0.0,0.0,1618971900000002.8,807,43.82062244415283
ring,50,1500000.0,12,9,exclude,launch,0,0.0,prior,0.0,liu_mpga,12600.0,43200.0,7357551.489186361,0,6959540.841203787,398010.64798257477,0,50,1.0,50,4.846704792834819,1200000000000000.0,7919.696655027925,0.0,7919696655027.925,1.0000018257418584,1e-09,0.0,0.0,1.0,0.0,0.0,0.0,1618971900000002.8,807,57.38712406158447
ring,50,1500000.0,13,12,exclude,launch,0,0.0,prior,0.0,liu_mpga,12600.0,43200.0,9039244.497268282,0,8465140.7121863,574103.7850819838,0,50,1.0,50,4.931473114997353,1200000000000000.0,7777.833262780507,0.0,7777833262780.506,1.0000018257418584,1e-09,0.0,0.0,1.0,0.0,0.0,0.0,1616808738461541.5,873,55.20250868797302
ring,50,1500000.0,11,12,exclude,launch,0,0.0,prior,0.0,liu_mpga,12600.0,43200.0,9054483.487074845,0,8465669.530829825,588813.9562450196,0,50,1.0,50,4.931473114997353,1200000000000000.0,7777.833262780507,0.0,7777833262780.506,1.0000018257418584,1e-09,0.0,0.0,1.0,0.0,0.0,0.0,1617145854545457.5,739,87.37138509750366
ring,50,1500000.0,15,12,exclude,launch,0,0.0,prior,0.0,liu_mpga,12600.0,43200.0,9053319.255013162,0,8469794.316249246,583524.9387639149,0,50,1.0,50,4.931473114997353,1200000000000000.0,7777.833262780507,0.0,7777833262780.506,1.0000018257418584,1e-09,0.0,0.0,1.0,0.0,0.0,0.0,1618168440000002.8,1008,45.910173416137695
ring,50,1500000.0,16,12,exclude,launch,0,0.0,prior,0.0,liu_mpga,12600.0,43200.0,9055807.719991578,0,8466958.52627339,588849.1937181865,0,50,1.0,50,4.931473114997353,1200000000000000.0,7777.833262780507,0.0,7777833262780.506,1.0000018257418584,1e-09,0.0,0.0,1.0,0.0,0.0,0.0,1617967575000003.0,1075,47.66868877410889
ring,50,1500000.0,14,12,exclude,launch,0,0.0,prior,0.0,liu_mpga,12600.0,43200.0,9056459.318441534,0,8467633.714362884,588825.6040786509,0,50,1.0,50,4.931473114997353,1200000000000000.0,7777.833262780507,0.0,7777833262780.506,1.0000018257418584,1e-09,0.0,0.0,1.0,0.0,0.0,0.0,1618398000000002.8,941,55.097283124923706
ring,50,1500000.0,20,12,exclude,launch,0,0.0,prior,0.0,liu_mpga,12600.0,43200.0,9043983.670679348,0,8469794.31624926,574189.3544300866,0,50,1.0,50,4.931473114997353,1200000000000000.0,7777.833262780507,0.0,7777833262780.506,1.0000018257418584,1e-09,0.0,0.0,1.0,0.0,0.0,0.0,1618570170000002.8,1344,37.76583242416382
ring,50,1500000.0,19,12,exclude,launch,0,0.0,prior,0.0,liu_mpga,12600.0,43200.0,9044977.130823266,0,8468202.293806646,576774.8370166189,0,50,1.0,50,4.931473114997353,1200000000000000.0,7777.833262780507,0.0,7777833262780.506,1.0000018257418584,1e-09,0.0,0.0,1.0,0.0,0.0,0.0,1618760463157897.5,1277,43.02342653274536
ring,50,1500000.0,17,12,exclude,launch,0,0.0,prior,0.0,liu_mpga,12600.0,43200.0,9057613.35745527,0,8468904.656648964,588708.7008063061,0,50,1.0,50,4.931473114997353,1200000000000000.0,7777.833262780507,0.0,7777833262780.506,1.0000018257418584,1e-09,0.0,0.0,1.0,0.0,0.0,0.0,1619208211764708.8,1143,47.83039355278015
ring,50,1500000.0,18,12,exclude,launch,0,0.0,prior,0.0,liu_mpga,12600.0,43200.0,9042162.109442841,0,8470634.55031617,571527.5591266713,0,50,1.0,50,4.931473114997353,1200000000000000.0,7777.833262780507,0.0,7777833262780.506,1.0000018257418584,1e-09,0.0,0.0,1.0,0.0,0.0,0.0,1618971900000003.0,1210,52.9976327419281
ring,50,1500000.0,21,12,exclude,launch,0,0.0,prior,0.0,liu_mpga,12600.0,43200.0,9051380.133968147,0,8467633.714362867,583746.4196052793,0,50,1.0,50,4.931473114997353,1200000000000000.0,7777.833262780507,0.0,7777833262780.506,1.0000018257418584,1e-09,0.0,0.0,1.0,0.0,0.0,0.0,1618398000000002.8,1411,50.23943066596985
