layout,M,Emax,K,seed,coord,replan,divert,q,belief,tau,planner,L,Th,J,n_diverts,J_age,J_event,n_replans,n_never,share_never,n_reach_inf,K_reach_i,K_commute_i,r_max,r_c,rmax_over_rc,regime_bnd,P_bar,dup_frac,trunc_frac,empty_frac,T_s_over_t_c,mean_n,catch_rate,T_rev,n_sorties,secs
paper,200,1500000.0,2,1,exclude,launch,0,0.0,prior,0.0,cluster_patrol,12600.0,43200,6600007.076180928,0,3716018.61635557,2883988.4598253584,0,0,0.0,0,4.743723496829792,4.392534118679832,8098.861339634391,4435.55249190691,1.8258968537541913,2.053038646319645,332.66711719281295,0.0,0.08333333333333333,0.0,3.7871461445757792,28.694444444444443,0.36319742489270385,6494.518205867123,36,0.08999466896057129
paper,200,1500000.0,2,2,exclude,launch,0,0.0,prior,0.0,cluster_patrol,12600.0,43200,6272663.559033952,0,3443098.4817000455,2829565.077333906,0,0,0.0,0,4.655934945568595,4.7929297729461915,8257.851996279362,4066.8013251597426,2.030552106194909,2.0521351973379067,332.0965420431826,0.0,0.08333333333333333,0.0,3.7645674162598817,29.805555555555557,0.4096,6217.763037461163,36,0.12999796867370605
paper,200,1500000.0,3,2,exclude,launch,0,0.0,prior,0.0,cluster_patrol,12600.0,43200,5403705.861696095,0,2952497.1345260846,2451208.7271700106,0,0,0.0,0,4.655934945568595,4.644547946273371,8257.851996279362,4217.180655325843,1.9581451854215892,2.0421814882048386,325.8426763070557,0.0,0.018867924528301886,0.0,2.556575127870622,17.772151898734176,0.46681057744198595,4693.036580160049,79,0.13799786567687988
paper,200,1500000.0,6,1,exclude,launch,0,0.0,prior,0.0,cluster_patrol,12600.0,43200,6141874.523712465,0,4157008.16004522,1984866.363667244,0,11,0.3374199175944888,14,4.743723496829792,4.311139392152457,8098.861339634391,4527.2156713918675,1.788927660507157,2.0494472371145385,330.4018510462015,0.0,0.0,0.0,1.278725878623427,5.264150943396227,0.5608145294441387,3934.1057828808944,318,0.1399979591369629
paper,200,1500000.0,3,1,exclude,launch,0,0.0,prior,0.0,cluster_patrol,12600.0,43200,3930154.1150243413,0,2192450.4529753216,1737703.6620490197,0,0,0.0,0,4.743723496829792,5.0853485344729545,8098.861339634391,3856.2341401108965,2.1001995847175103,2.0397449782673567,324.3208859496559,0.0,0.018867924528301886,0.0,2.5662261438854017,21.39240506329114,0.5782608695652174,3909.692066029822,79,0.14899492263793945
paper,200,1500000.0,7,1,exclude,launch,0,0.0,prior,0.0,cluster_patrol,12600.0,43200,7823488.999589106,0,5890287.54354335,1933201.4560457566,0,24,0.5474036730217027,30,4.743723496829792,4.625502374764304,8098.861339634391,4217.609345409029,1.9202492873006838,2.0503817714395107,330.99055973172136,0.0,0.0,0.0,1.112171307777955,3.8985849056603774,0.559648158328752,3982.8439308692755,424,0.1549975872039795
paper,200,1500000.0,4,1,exclude,launch,0,0.0,prior,0.0,cluster_patrol,12600.0,43200,3709774.9090017597,0,2107081.367761649,1602693.5412401105,0,0,0.0,0,4.743723496829792,4.533339682739707,8098.861339634391,4327.4389531496645,1.8715137122245828,2.0389697345323134,323.8374327822438,0.0,0.0,0.0,1.9179750633930222,12.864285714285714,0.6147091108671789,3655.2638194941724,140,0.15699410438537598
paper,200,1500000.0,4,2,exclude,launch,0,0.0,prior,0.0,cluster_patrol,12600.0,43200,4165659.8626594776,0,2272678.520393672,1892981.3422658052,0,0,0.0,0,4.655934945568595,4.384432196416908,8257.851996279362,4472.992324569142,1.8461583202190706,2.0396163284445112,324.2406331105339,0.0,0.0,0.0,1.9331941582675223,12.100719424460431,0.551371705217859,3897.4570460891746,139,0.1589975357055664
paper,200,1500000.0,5,2,exclude,launch,0,0.0,prior,0.0,cluster_patrol,12600.0,43200,4509841.169186892,0,2639537.7094123135,1870303.459774579,0,3,0.09542142652721788,4,4.655934945568595,4.388807438583953,8257.851996279362,4464.571324376561,1.8496405133436857,2.0414262715260696,325.3706037074071,0.0,0.003424657534246575,0.0,1.53673801518091,9.055045871559633,0.5790899241603467,3314.4920629357853,218,0.16299748420715332
paper,200,1500000.0,5,1,exclude,launch,0,0.0,prior,0.0,cluster_patrol,12600.0,43200,5013433.900809216,0,2911589.3117229077,2101844.589086308,0,1,0.019825268651411685,1,4.743723496829792,4.277206500150992,8098.861339634391,4576.753540924945,1.7695646635142257,2.0433475760052495,326.57224930680894,0.0,0.0,0.0,1.5513598873475545,8.20183486238532,0.5099228224917309,3685.6669141889915,218,0.17500090599060059
paper,200,1500000.0,2,3,exclude,launch,0,0.0,prior,0.0,cluster_patrol,12600.0,43200,5875038.273518585,0,3165882.8874207055,2709155.3860978787,0,0,0.0,0,4.894312501170178,4.351750698682911,7839.418200296043,4477.271608028475,1.750936482441381,2.052969713624401,332.6235653430758,0.0,0.041666666666666664,0.0,3.77666611355624,30.27777777777778,0.3886532343584305,6144.202919182475,36,0.08599996566772461
paper,200,1500000.0,3,3,exclude,launch,0,0.0,prior,0.0,cluster_patrol,12600.0,43200,4362313.5217499025,0,2381022.6185399345,1981290.9032099682,0,0,0.0,0,4.894312501170178,4.961218843362406,7839.418200296043,3952.1594659942984,1.9835784127004537,2.040032785881265,324.50045871238376,0.0,0.0,0.0,2.520916896298373,19.3625,0.5183387270765911,4301.719272834899,80,0.09500002861022949
paper,200,1500000.0,8,1,exclude,launch,0,0.0,prior,0.0,cluster_patrol,12600.0,43200,11320860.508909134,0,9092957.699052509,2227902.8098566257,0,46,0.7333372050449742,54,4.743723496829792,4.781557703474766,8098.861339634391,4061.175959225153,1.9942158185087857,2.0598651191267363,336.9942212224593,0.0,0.0,0.0,0.9781553465427398,2.8330308529945554,0.5063500828271673,4202.3716315227675,551,0.23299789428710938
paper,200,1500000.0,6,2,exclude,launch,0,0.0,prior,0.0,cluster_patrol,12600.0,43200,5545635.127420022,0,3967498.4289555065,1578136.6984645156,0,13,0.4351847037896782,15,4.655934945568595,4.753897260740267,8257.851996279362,4126.977364293138,2.000944339488461,2.038816373819634,323.7418375547322,0.0,0.0,0.0,1.2964111604841941,7.854368932038835,0.6308360477741585,2687.809252961716,309,0.1549992561340332
paper,200,1500000.0,2,4,exclude,launch,0,0.0,prior,0.0,cluster_patrol,12600.0,43200,6243455.939264566,0,3470795.4106135434,2772660.528651023,0,0,0.0,0,4.882927992066068,4.560837493070556,7858.472907715733,4271.752426194201,1.8396367868905317,2.053096290718641,332.70353925760827,0.0,0.020833333333333332,0.0,3.77338005783516,28.27777777777778,0.3740701381509033,6546.268117892354,36,0.09400033950805664
paper,200,1500000.0,4,3,exclude,launch,0,0.0,prior,0.0,cluster_patrol,12600.0,43200,3546121.481659712,0,1992322.574942374,1553798.906717338,0,0,0.0,0,4.894312501170178,4.439381400933572,7839.418200296043,4418.581602518135,1.7741933736899609,2.039175728014835,323.96585810854856,0.0,0.0,0.0,1.9300268447320483,12.798561151079136,0.5858531317494601,3692.8148560289733,139,0.11799979209899902
paper,200,1500000.0,3,4,exclude,launch,0,0.0,prior,0.0,cluster_patrol,12600.0,43200,3963924.093774437,0,2175952.745444709,1787971.348329728,0,0,0.0,0,4.882927992066068,5.081971357683319,7858.472907715733,3856.0858168755294,2.037940357375972,2.0411789821619504,325.21610186873835,0.0,0.009259259259259259,0.0,2.5039333522637297,20.0,0.5549071618037136,4122.095031372431,81,0.10399866104125977
paper,200,1500000.0,7,2,exclude,launch,0,0.0,prior,0.0,cluster_patrol,12600.0,43200,8064664.311862686,0,6473776.291501183,1590888.0203615027,0,34,0.7210578519852314,37,4.655934945568595,5.0719385743038385,8257.851996279362,3869.6145082776648,2.1340244560833184,2.038066279243055,323.27448003045606,0.0,0.0,0.0,1.0882818929980635,5.587962962962963,0.6250678241996744,2719.263740469786,432,0.18700075149536133
paper,200,1500000.0,5,3,exclude,launch,0,0.0,prior,0.0,cluster_patrol,12600.0,43200,3926964.0109285195,0,2274085.287139397,1652878.7237891227,0,1,0.014607950949107636,1,4.894312501170178,4.468464588879707,7839.418200296043,4387.056883858162,1.7869424554626996,2.0404615012148035,324.7680406530486,0.0,0.0,0.003472222222222222,1.5591607456894097,9.375,0.5610687022900763,3264.993357236631,216,0.14399933815002441
paper,200,1500000.0,4,4,exclude,launch,0,0.0,prior,0.0,cluster_patrol,12600.0,43200,4006961.275099456,0,2201988.16354154,1804973.1115579158,0,0,0.0,0,4.882927992066068,4.388776034908849,7858.472907715733,4466.732742806788,1.7593335800918448,2.0404530409426505,324.76275912204267,0.0,0.0053475935828877,0.0,1.9312343724440866,11.678571428571429,0.5535331905781584,4048.7132563102964,140,0.0970001220703125
paper,200,1500000.0,6,3,exclude,launch,0,0.0,prior,0.0,cluster_patrol,12600.0,43200,4774484.658481701,0,3326900.7109712306,1447583.9475104706,0,9,0.32155427174405204,12,4.894312501170178,4.57362629649339,7839.418200296043,4282.048229855627,1.8307636391476039,2.0424327258256927,325.9997963617151,0.0,0.0,0.0,1.2865250640269092,6.597444089456869,0.5760517799352751,3181.8481868896047,313,0.16200017929077148
paper,200,1500000.0,2,5,exclude,launch,0,0.0,prior,0.0,cluster_patrol,12600.0,43200,6015844.38497452,0,3313614.1952726603,2702230.1897018594,0,0,0.0,0,4.8316606529618955,4.129120948706553,7945.393769630588,4715.0919258893,1.6850983807981708,2.0545287497062468,333.6092651871061,0.0,0.041666666666666664,0.0,3.7553942558399425,28.555555555555557,0.39989029072956667,6456.174619484367,36,0.07700014114379883
paper,200,1500000.0,5,4,exclude,launch,0,0.0,prior,0.0,cluster_patrol,12600.0,43200,5208764.70242413,0,3050419.707410428,2158344.9950137027,0,1,0.024800990278441813,3,4.882927992066068,4.421768945559433,7858.472907715733,4427.297147652433,1.7750046237313606,2.043267722359329,326.52226215504663,0.0,0.0,0.0,1.5435398364894388,8.417431192660551,0.478214093598709,3596.6210855405634,218,0.11099982261657715
paper,200,1500000.0,8,3,exclude,launch,0,0.0,prior,0.0,cluster_patrol,12600.0,43200,9461912.94116669,0,8060306.50005137,1401606.4411153186,0,52,0.8449032391167123,56,4.894312501170178,6.245247929447016,7839.418200296043,3144.829706755734,2.4927957731559767,2.0366348642554577,322.3835525369792,0.0,0.0,0.12027027027027028,0.8481934276384593,3.9927797833935017,0.5983695652173913,2945.6716465640225,554,0.21500039100646973
paper,200,1500000.0,7,4,exclude,launch,0,0.0,prior,0.0,cluster_patrol,12600.0,43200,8159775.145210389,0,6172153.373803575,1987621.771406815,0,31,0.5769850929866761,38,4.882927992066068,4.947599198434798,7858.472907715733,3965.5372011944964,1.9816918891464714,2.0387475513490645,323.69894263010315,0.0,0.0,0.0,1.1227098636108814,4.904306220095694,0.5126548196015078,3198.7905816271027,418,0.13499999046325684
paper,200,1500000.0,3,5,exclude,launch,0,0.0,prior,0.0,cluster_patrol,12600.0,43200,4443998.4972444065,0,2482411.9917662023,1961586.5054782042,0,0,0.0,0,4.8316606529618955,4.214522791382486,7945.393769630588,4643.101498269611,1.711225518673601,2.0441059722714403,327.0471843998668,0.0,0.009433962264150943,0.0,2.557965956007055,18.645569620253166,0.5035345296356716,4452.841999066374,79,0.10499811172485352
paper,200,1500000.0,7,3,exclude,launch,0,0.0,prior,0.0,cluster_patrol,12600.0,43200,7285790.443709618,0,6184168.805911801,1101621.637797818,0,34,0.7903456317047982,36,4.894312501170178,5.241480212445996,7839.418200296043,3755.2009742381256,2.087616149994887,2.0322299889076088,319.6496250000606,0.0,0.0,0.0,1.113549489172307,6.567375886524823,0.6641053787047201,2360.7968308696554,423,0.23099923133850098
paper,200,1500000.0,4,5,exclude,launch,0,0.0,prior,0.0,cluster_patrol,12600.0,43200,3925697.585009622,0,2120349.376147014,1805348.208862608,0,0,0.0,0,4.8316606529618955,4.144169090786564,7945.393769630588,4725.714506102019,1.6813105741726884,2.0424669745532755,326.021217910278,0.0,0.0,0.0,1.9198329321443586,11.857142857142858,0.5827850877192983,3955.7175818989845,140,0.10699915885925293
paper,200,1500000.0,2,6,exclude,launch,0,0.0,prior,0.0,cluster_patrol,12600.0,43200,6201445.47046242,0,3453160.0671243886,2748285.403338032,0,0,0.0,0,4.782673647657148,4.28899802444612,8030.189446355909,4543.306368707093,1.7674769858500856,2.0527313807114114,332.4730079803663,0.0,0.020833333333333332,0.0,3.7550649546014774,28.5,0.376865671641791,6471.818051172079,36,0.06800031661987305
paper,200,1500000.0,5,5,exclude,launch,0,0.0,prior,0.0,cluster_patrol,12600.0,43200,5236466.132577024,0,3115099.2389219934,2121366.8936550315,0,1,0.02840064087722339,1,4.8316606529618955,4.295504425513372,7945.393769630588,4561.086191582906,1.7419959711116908,2.0416323627056085,325.4993937107007,0.0,0.0,0.0,1.547448584609735,7.548387096774194,0.48839779005524864,4024.5287581348366,217,0.12199974060058594
paper,200,1500000.0,6,5,exclude,launch,0,0.0,prior,0.0,cluster_patrol,12600.0,43200,6241251.059772244,0,4212014.078485492,2029236.9812867518,0,14,0.34285630297826364,16,4.8316606529618955,4.333863067958067,7945.393769630588,4508.178680974565,1.7624398525199927,2.047310364796174,329.0577000628486,0.0,0.0,0.002380952380952381,1.278553181337591,4.840255591054313,0.509090909090909,4303.160893925467,313,0.10799908638000488
paper,200,1500000.0,7,5,exclude,launch,0,0.0,prior,0.0,cluster_patrol,12600.0,43200,8064473.742179815,0,6114002.187855992,1950471.5543238234,0,32,0.5670893791355346,39,4.8316606529618955,4.628144602269743,7945.393769630588,4220.028851988861,1.8827818596278074,2.048036307298786,329.5140304249425,0.0,0.001763668430335097,0.0,1.1098619594504013,4.047058823529412,0.5013743815283123,3822.033473681046,425,0.12199974060058594
paper,200,1500000.0,6,4,exclude,launch,0,0.0,prior,0.0,cluster_patrol,12600.0,43200,6362993.713818999,0,4240292.392013736,2122701.3218052625,0,13,0.29904085980494644,14,4.882927992066068,4.652029638365875,7858.472907715733,4208.013299074783,1.8675019181720687,2.043338955039438,326.566852530836,0.0,0.0,0.0,1.2891001420648542,6.29903536977492,0.5013506212857914,3343.156153890217,311,0.20599842071533203
paper,200,1500000.0,8,4,exclude,launch,0,0.0,prior,0.0,cluster_patrol,12600.0,43200,10982745.782566907,0,8992575.390430426,1990170.3921364807,0,56,0.8189235316924954,63,4.882927992066068,5.464252158408853,7858.472907715733,3599.835050913818,2.183009164745162,2.0335116159412907,320.44387808567325,0.0,0.0,0.002728512960436562,0.9751123908913095,4.260473588342441,0.5254604550379198,2795.2943795775204,549,0.18899965286254883
paper,200,1500000.0,4,6,exclude,launch,0,0.0,prior,0.0,cluster_patrol,12600.0,43200,4174115.7177868434,0,2272948.920938163,1901166.7968486808,0,0,0.0,0,4.782673647657148,4.170486809217472,8030.189446355909,4697.818516800947,1.7093443302752769,2.041629837228842,325.4978153416155,0.0,0.0,0.0,1.898470612386288,11.26056338028169,0.531517094017094,4138.5288639449345,142,0.0969996452331543
paper,200,1500000.0,8,5,exclude,launch,0,0.0,prior,0.0,cluster_patrol,12600.0,43200,12418341.99677848,0,10296391.74458997,2121950.2521885117,0,66,0.8499087303766418,75,4.8316606529618955,5.273225114885804,7945.393769630588,3728.9554221134103,2.1307290836765977,2.034213292582274,320.8791403661603,0.0,0.0,0.0013568521031207597,0.9723320120199453,3.7377938517179023,0.49116022099447515,3174.6383498299497,553,0.14599967002868652
paper,200,1500000.0,2,7,exclude,launch,0,0.0,prior,0.0,cluster_patrol,12600.0,43200,5443987.890349175,0,3005719.4948628293,2438268.3954863455,0,0,0.0,0,4.577943967789356,5.576964713170609,8404.213539551529,3500.695707388815,2.4007266675058343,2.0488385295776537,330.0186783379843,0.0,0.041666666666666664,0.0,3.7757559963689236,32.52777777777778,0.4059196617336152,5653.593027284924,36,0.07500004768371582
paper,200,1500000.0,5,6,exclude,launch,0,0.0,prior,0.0,cluster_patrol,12600.0,43200,5043415.268517749,0,3020890.828671869,2022524.43984588,0,2,0.07576853354736188,4,4.782673647657148,4.428372199147697,8030.189446355909,4424.54294356429,1.8149195405677336,2.0414909595896975,325.4110256721206,0.0,0.0,0.0,1.5008178666377805,6.950892857142857,0.4650537634408602,4239.996809386385,224,0.11099958419799805
paper,200,1500000.0,6,6,exclude,launch,0,0.0,prior,0.0,cluster_patrol,12600.0,43200,5527486.948139819,0,3748328.3656735285,1779158.5824662903,0,13,0.32321839133456987,16,4.782673647657148,4.4720211697292624,8030.189446355909,4382.553210043336,1.8323084881099492,2.0409339163149216,325.0630254404162,0.0,0.0,0.0,1.313457040425403,5.912052117263844,0.5538711423930699,3618.6833833694263,307,0.11499953269958496
paper,200,1500000.0,3,7,exclude,launch,0,0.0,prior,0.0,cluster_patrol,12600.0,43200,3891411.065909391,0,2165462.2412184794,1725948.8246909117,0,0,0.0,0,4.577943967789356,4.81476310548339,8404.213539551529,4072.4631184228583,2.0636684225654145,2.0399893844618813,324.4733759380209,0.0,0.0,0.0,2.534593214102815,20.518987341772153,0.5456017269293039,4015.406965209439,79,0.0970005989074707
paper,200,1500000.0,3,6,exclude,launch,0,0.0,prior,0.0,cluster_patrol,12600.0,43200,4592673.24299552,0,2496099.9923272813,2096573.2506682384,0,0,0.0,0,4.782673647657148,4.723699353670806,8030.189446355909,4151.0305298909125,1.9345050315895749,2.039960767909456,324.4555196372476,0.0,0.0,0.0,2.5860254050118483,19.544303797468356,0.5133547008547008,4272.174069294295,79,0.15699982643127441
paper,200,1500000.0,7,6,exclude,launch,0,0.0,prior,0.0,cluster_patrol,12600.0,43200,8551392.120539065,0,6711624.181408273,1839767.9391307915,0,40,0.6962751212976842,45,4.782673647657148,5.063650376861662,8030.189446355909,3882.444057849439,2.0683335874783952,2.0346563714923462,321.1541421209125,0.0,0.0,0.0,1.1005723093090285,4.766355140186916,0.553763440860215,3228.74514138768,428,0.14400053024291992
paper,200,1500000.0,8,6,exclude,launch,0,0.0,prior,0.0,cluster_patrol,12600.0,43200,12075180.313408572,0,9939041.822837483,2136138.49057109,0,66,0.8142550038009337,72,4.782673647657148,7.2944589079942554,8030.189446355909,2690.250535086001,2.9849225347702433,2.0383285278020713,323.4378394942849,0.0,0.0,0.2418918918918919,0.7297611318004985,2.9855595667870034,0.4658050619278406,3958.9596577147086,554,0.1269998550415039
paper,200,1500000.0,4,7,exclude,launch,0,0.0,prior,0.0,cluster_patrol,12600.0,43200,3458701.2912203292,0,1915009.8963806792,1543691.39483965,0,0,0.0,0,4.577943967789356,4.4082947410613755,8404.213539551529,4449.754237149171,1.8886916201771777,2.039169571979431,323.96201979837423,0.0,0.0,0.0,1.879962180860744,12.867132867132867,0.592274678111588,3595.2608902185984,143,0.10600042343139648
paper,200,1500000.0,2,8,exclude,launch,0,0.0,prior,0.0,cluster_patrol,12600.0,43200,6121648.347871633,0,3418228.218444703,2703420.12942693,0,0,0.0,0,4.805738054071009,4.364472702915976,7990.04999508496,4463.506783326179,1.790083533631559,2.0532981252068856,332.83108216930185,0.0,0.04081632653061224,0.0,3.748586505473319,28.45945945945946,0.3926174496644295,6426.318091781121,37,0.06799936294555664
paper,200,1500000.0,6,7,exclude,launch,0,0.0,prior,0.0,cluster_patrol,12600.0,43200,4099440.578138976,0,2530285.7103826585,1569154.8677563174,0,4,0.16572583152645948,5,4.577943967789356,4.5781711517779895,8404.213539551529,4277.936763547564,1.9645483334779752,2.0423661615035273,325.9581643942792,0.0,0.0,0.0,1.288204828970333,6.025477707006369,0.598175965665236,3474.7412498674885,314,0.11900043487548828
paper,200,1500000.0,3,8,exclude,launch,0,0.0,prior,0.0,cluster_patrol,12600.0,43200,4356319.2403027825,0,2383180.1607001317,1973139.0796026506,0,0,0.0,0,4.805738054071009,4.743520826327114,7990.04999508496,4131.176603109905,1.934085797511086,2.0411993373734885,325.22881804409747,0.0,0.0,0.0,2.520473123794809,18.209876543209877,0.5344243792325056,4514.543359409183,81,0.08600020408630371
paper,200,1500000.0,4,8,exclude,launch,0,0.0,prior,0.0,cluster_patrol,12600.0,43200,3918122.0388365015,0,2131587.183958307,1786534.8548781944,0,0,0.0,0,4.805738054071009,4.420518141349609,7990.04999508496,4437.612993820276,1.8005287992016725,2.039094670682715,323.91532039236614,0.0,0.0,0.0,1.941955702152888,11.992753623188406,0.5858528237307473,3981.6589230115155,138,0.10700130462646484
paper,200,1500000.0,7,7,exclude,launch,0,0.0,prior,0.0,cluster_patrol,12600.0,43200,5923444.330793188,0,4194778.449466452,1728665.8813267355,0,18,0.4391725748038699,21,4.577943967789356,4.95206226461569,8404.213539551529,3958.713083001605,2.122966065825418,2.0404213931038435,324.7430025684427,0.0,0.0,0.0,1.1184671461797675,4.735714285714286,0.5569280343716434,3307.7602265505743,420,0.13099908828735352
paper,200,1500000.0,5,7,exclude,launch,0,0.0,prior,0.0,cluster_patrol,12600.0,43200,3225164.555999246,0,1979073.2943196879,1246091.261679558,0,2,0.07291261511295749,3,4.577943967789356,4.411794609491343,8404.213539551529,4446.582750777775,1.8900387130052858,2.0390051686900987,323.859522169422,0.0,0.0,0.0,1.5413702583236313,9.059633027522937,0.6375335120643432,3333.525089299704,218,0.18551135063171387
paper,200,1500000.0,3,9,exclude,launch,0,0.0,prior,0.0,cluster_patrol,12600.0,43200,4570357.579251995,0,2427037.3226547064,2143320.256597289,0,0,0.0,0,4.870625266882366,4.315183291682256,7879.164612665201,4531.7270626955915,1.7386670696753006,2.0454882944926887,327.91373217636936,0.0,0.009259259259259259,0.0,2.5212749355969373,17.962962962962962,0.5186629526462395,4542.676565149087,81,0.0835115909576416
paper,200,1500000.0,2,9,exclude,launch,0,0.0,prior,0.0,cluster_patrol,12600.0,43200,6030334.574998811,0,3285656.102508112,2744678.4724906995,0,0,0.0,0,4.870625266882366,4.392492241816676,7879.164612665201,4430.408838191605,1.7784283348173577,2.0554417964333127,334.1872156975135,0.0,0.041666666666666664,0.0,3.796757337036748,29.305555555555557,0.39966923925027564,6359.839454749918,36,0.09451079368591309
paper,200,1500000.0,5,8,exclude,launch,0,0.0,prior,0.0,cluster_patrol,12600.0,43200,4386179.353370502,0,2559008.4952473473,1827170.8581231544,0,1,0.05707762201563684,2,4.805738054071009,4.3362357357039265,7990.04999508496,4516.214740593083,1.7691917798478471,2.0425491847964525,326.0726408159243,0.0,0.0,0.0,1.5227760578500729,7.1891891891891895,0.5412635173591349,4135.925881414893,222,0.13351202011108398
paper,200,1500000.0,4,9,exclude,launch,0,0.0,prior,0.0,cluster_patrol,12600.0,43200,4273967.4031585315,0,2306961.698258119,1967005.7049004124,0,0,0.0,0,4.870625266882366,4.303523134114111,7879.164612665201,4548.6380908186065,1.7322030144735494,2.0434050650565005,326.6082389356678,0.0,0.005319148936170213,0.0,1.9034989161238005,11.57857142857143,0.5239167135621835,4042.0406499404044,140,0.0965118408203125
paper,200,1500000.0,7,8,exclude,launch,0,0.0,prior,0.0,cluster_patrol,12600.0,43200,7613486.744293769,0,5807723.697746902,1805763.0465468674,0,30,0.5814667368888896,34,4.805738054071009,4.783193066785909,7990.04999508496,4091.6269763077794,1.952780652134388,2.0438360123864547,326.87808622645645,0.0,0.0,0.0,1.1080453588534482,4.168618266978923,0.568,3690.691905744152,427,0.12451052665710449
paper,200,1500000.0,6,8,exclude,launch,0,0.0,prior,0.0,cluster_patrol,12600.0,43200,5111146.034856176,0,3464323.624249973,1646822.4106062027,0,10,0.28271618646664637,12,4.805738054071009,4.713518976691982,7990.04999508496,4157.736440624392,1.9217307564317487,2.041069417788099,325.1476597960955,0.0,0.0,0.0,1.255712399651234,5.69375,0.5768132495716733,3592.612766202779,320,0.14251065254211426
paper,200,1500000.0,5,9,exclude,launch,0,0.0,prior,0.0,cluster_patrol,12600.0,43200,5270135.920299793,0,3023568.8045541616,2246567.115745631,0,1,0.010576239988108513,2,4.870625266882366,4.324745998246631,7879.164612665201,4528.940719323032,1.7397367510350075,2.042221056594916,325.86741924294677,0.0,0.0,0.0,1.547862183137255,7.830275229357798,0.4849330357142857,3872.8471714308744,218,0.10551118850708008
paper,200,1500000.0,6,9,exclude,launch,0,0.0,prior,0.0,cluster_patrol,12600.0,43200,8272175.391295911,0,5583648.873782311,2688526.5175136,0,20,0.35369436705377955,21,4.870625266882366,4.440399227255711,7879.164612665201,4408.525238098773,1.787256324308394,2.043358842430605,326.5793022234397,0.0,0.0,0.0,1.2997057910518912,4.9,0.4062850729517396,4334.737664428058,310,0.12951064109802246
paper,200,1500000.0,2,10,exclude,launch,0,0.0,prior,0.0,cluster_patrol,12600.0,43200,6230127.828453323,0,3485046.8326829253,2745080.995770398,0,0,0.0,0,4.655288193586195,5.0867910673779715,8259.045556358145,3829.1850605425198,2.1568676952865795,2.053571060441258,333.00359381979496,0.0,0.041666666666666664,0.0,3.7693261780362977,29.72222222222222,0.3841991341991342,6260.7278735777645,36,0.082000732421875
paper,200,1500000.0,8,8,exclude,launch,0,0.0,prior,0.0,cluster_patrol,12600.0,43200,9684977.349354727,0,8167165.7184062805,1517811.6309484455,0,52,0.8066438477270671,56,4.805738054071009,5.560426675421463,7990.04999508496,3534.3216653576196,2.2607025482148604,2.0353813942682195,321.6043894790407,0.0,0.0,0.001310615989515072,0.9394804628932848,4.045375218150087,0.5767468499427262,2825.2637709169685,573,0.17251062393188477
paper,200,1500000.0,2,11,exclude,launch,0,0.0,prior,0.0,cluster_patrol,12600.0,43200,6636266.424606092,0,3689654.536489465,2946611.8881166275,0,0,0.0,0,4.401387483373752,4.6372767923785805,8754.709960082677,4205.952933375496,2.081504500588067,2.050843704182326,331.28174718588957,0.0,0.04081632653061224,0.0,3.7824499078019413,28.694444444444443,0.3895474137931034,6502.3123439109,36,0.0707247257232666
paper,200,1500000.0,3,10,exclude,launch,0,0.0,prior,0.0,cluster_patrol,12600.0,43200,5275333.775033958,0,2921404.264807425,2353929.5102265333,0,0,0.0,0,4.655288193586195,5.111073795344465,8259.045556358145,3834.4348898937833,2.153914668919291,2.0410162955509157,325.11447828076535,0.0,0.0,0.0,2.538843812354124,18.4875,0.46208017334777896,4519.196999671818,80,0.10672330856323242
paper,200,1500000.0,7,9,exclude,launch,0,0.0,prior,0.0,cluster_patrol,12600.0,43200,11016980.01278975,0,8296188.268663299,2720791.744126452,0,46,0.6499819004603654,51,4.870625266882366,5.082069108131945,7879.164612665201,3865.8146358687286,2.0381641011855165,2.0360029311102785,321.99062198072653,0.0,0.0,0.0,1.0936277029429051,4.085648148148148,0.40191118605958404,3716.458427698572,432,0.1432344913482666
paper,200,1500000.0,5,10,exclude,launch,0,0.0,prior,0.0,cluster_patrol,12600.0,43200,5077771.210489494,0,2985792.968068346,2091978.2424211474,0,3,0.06633560987963709,4,4.655288193586195,4.205320671198266,8259.045556358145,4651.97606495011,1.7753843616232619,2.044670832758833,327.40114464511015,0.0,0.0,0.0,1.547272333639736,7.671232876712328,0.5155652648825778,3929.4523747046733,219,0.1157236099243164
paper,200,1500000.0,3,11,exclude,launch,0,0.0,prior,0.0,cluster_patrol,12600.0,43200,4799639.819298782,0,2633568.2275325833,2166071.591766199,0,0,0.0,0,4.401387483373752,4.327090221844742,8754.709960082677,4526.019906526333,1.9343065520897837,2.042431881666171,325.99926837422214,0.0,0.0,0.0,2.54275344198899,17.975,0.5013653741125068,4609.096974425665,80,0.08872342109680176
paper,200,1500000.0,8,9,exclude,launch,0,0.0,prior,0.0,cluster_patrol,12600.0,43200,13543621.454870773,0,11230765.921995612,2312855.5328751616,0,78,0.8782046620326172,86,4.870625266882366,5.054013932912737,7879.164612665201,3881.56032261219,2.029896216417095,2.0389999570805015,323.85627324398536,0.0,0.0,0.0013550135501355014,0.9720118587644697,3.1573236889692584,0.4281705948372615,3739.6293332485816,553,0.1612403392791748
paper,200,1500000.0,4,10,exclude,launch,0,0.0,prior,0.0,cluster_patrol,12600.0,43200,3986541.4375882163,0,2191502.540094832,1795038.897493384,0,0,0.0,0,4.655288193586195,4.3136259055962975,8259.045556358145,4541.427924713291,1.8186010420675245,2.0418558869881203,325.6391067755408,0.0,0.0,0.0,1.8907740585039126,11.76923076923077,0.5550108932461874,3944.2895429657933,143,0.1377272605895996
paper,200,1500000.0,6,10,exclude,launch,0,0.0,prior,0.0,cluster_patrol,12600.0,43200,6557750.503167286,0,4428715.559943726,2129034.9432235598,0,13,0.35028676381934587,15,4.655288193586195,4.3136816354474465,8259.045556358145,4522.91343186963,1.8260454640061763,2.0501877126222876,330.86826952284997,0.0,0.0,0.0,1.2812963732146478,5.031847133757962,0.53125,4175.105640652394,314,0.13072419166564941
paper,200,1500000.0,2,12,exclude,launch,0,0.0,prior,0.0,cluster_patrol,12600.0,43200,6662952.287803732,0,3738829.7144724815,2924122.5733312503,0,0,0.0,0,4.489254129229678,4.015843269422555,8576.832776345937,4847.391601443568,1.7693707217283063,2.054826369978869,333.79760124083964,0.0,0.02040816326530612,0.0,3.729747635335955,26.62162162162162,0.3628944504896627,6789.17925012306,37,0.07000017166137695
paper,200,1500000.0,4,11,exclude,launch,0,0.0,prior,0.0,cluster_patrol,12600.0,43200,3904436.415819623,0,2138335.083587765,1766101.3322318576,0,0,0.0,0,4.401387483373752,4.446952834814117,8754.709960082677,4413.029103992397,1.983832364069938,2.0382651377824383,323.39834890031574,0.0,0.005291005291005291,0.0,1.905253847187925,11.872340425531915,0.5872317006053935,3914.910743292637,141,0.10272526741027832
paper,200,1500000.0,5,11,exclude,launch,0,0.0,prior,0.0,cluster_patrol,12600.0,43200,4889525.461665276,0,2886539.0709054614,2002986.3907598155,0,2,0.09873195633549874,3,4.401387483373752,4.225039106166362,8754.709960082677,4631.50113630425,1.8902532251279074,2.0441251580626645,327.0592037098151,0.0,0.0,0.0,1.5062176954124664,7.4125560538116595,0.5443526170798898,3987.5871806216787,223,0.10372328758239746
paper,200,1500000.0,3,12,exclude,launch,0,0.0,prior,0.0,cluster_patrol,12600.0,43200,5182526.722420895,0,2813602.8585694833,2368923.8638514113,0,0,0.0,0,4.489254129229678,4.045613183372982,8576.832776345937,4837.46800927271,1.7730004125929963,2.0438900501393373,326.91193103397256,0.0,0.0,0.0,2.5579623308271655,16.468354430379748,0.47385800770500824,5065.88443304816,79,0.08799982070922852
paper,200,1500000.0,6,11,exclude,launch,0,0.0,prior,0.0,cluster_patrol,12600.0,43200,5611013.143597996,0,3961415.207470326,1649597.9361276696,0,14,0.366145329232583,16,4.401387483373752,4.649925886899372,8754.709960082677,4216.02977697158,2.0765294419650138,2.0403763964079698,324.71491386084983,0.0,0.0,0.0,1.274627669692013,6.198738170347003,0.5866813428728673,3344.740295920859,317,0.1247243881225586
paper,200,1500000.0,4,12,exclude,launch,0,0.0,prior,0.0,cluster_patrol,12600.0,43200,4937826.343903052,0,2697612.140536227,2240214.2033668244,0,0,0.0,0,4.489254129229678,4.069636668194281,8576.832776345937,4811.737412127578,1.782481470150211,2.042689868117039,326.1606483221786,0.0,0.005263157894736842,0.0,1.8924345294154352,10.147887323943662,0.4825484764542936,4598.78646393418,142,0.09000158309936523
paper,200,1500000.0,7,11,exclude,launch,0,0.0,prior,0.0,cluster_patrol,12600.0,43200,7830600.05533871,0,6166246.294339589,1664353.76099912,0,33,0.6781224307262929,39,4.401387483373752,4.938080840160788,8754.709960082677,3974.2540648342638,2.2028561378467812,2.0381970507846474,323.35593487738197,0.0,0.0,0.0,1.095843503726735,4.613053613053613,0.5953693495038589,3319.549403113742,429,0.1379988193511963
paper,200,1500000.0,5,12,exclude,launch,0,0.0,prior,0.0,cluster_patrol,12600.0,43200,5215811.351608329,0,3050187.5245247935,2165623.827083536,0,3,0.12365239670989611,3,4.489254129229678,4.170101325674833,8576.832776345937,4692.479320799061,1.8277827540613278,2.044141786829052,327.06962130076954,0.0,0.0,0.0,1.5295738787730757,7.172727272727273,0.5397443023902168,4155.269953185181,220,0.11099815368652344
paper,200,1500000.0,6,12,exclude,launch,0,0.0,prior,0.0,cluster_patrol,12600.0,43200,6794619.324951485,0,4661582.527669981,2133036.7972815037,0,13,0.32356945699556605,16,4.489254129229678,4.293187093141601,8576.832776345937,4545.5158419532545,1.886877765815988,2.0497316191126744,330.5809416494752,0.0,0.0,0.0,1.2703719144726988,4.702194357366771,0.49223085460599336,4399.059504928629,319,0.10699653625488281
paper,200,1500000.0,7,10,exclude,launch,0,0.0,prior,0.0,cluster_patrol,12600.0,43200,8188225.261577187,0,6242375.1383714555,1945850.1232057307,0,30,0.5910082876241346,36,4.655288193586195,4.8282697420432,8259.045556358145,4057.523729529872,2.03548915715524,2.041772725073443,325.58712321208407,0.0,0.0,0.0,1.12398664710119,4.758373205741627,0.5564116675839296,3283.939733430867,418,0.2217247486114502
paper,200,1500000.0,7,12,exclude,launch,0,0.0,prior,0.0,cluster_patrol,12600.0,43200,10428756.157544477,0,8194352.570439764,2234403.5871047126,0,36,0.6898115102950049,39,4.489254129229678,4.830546156353915,8576.832776345937,4056.804780290411,2.1141842511169475,2.041172205059732,325.21186817668325,0.0,0.0,0.0,1.1096389075284594,4.276595744680851,0.5108393551973318,3635.262536406396,423,0.14000391960144043
paper,200,3000000.0,4,1,exclude,launch,0,0.0,prior,0.0,cluster_patrol,12600.0,43200,2206443.1197447623,0,1346582.424533622,859860.6952111403,0,0,0.0,0,9.487446993659583,13.498313337632428,8098.861339634391,2926.834116730388,2.7671063738596007,2.0249409960119893,315.15121359181455,0.0,0.08,0.0,3.619998705283573,39.74324324324324,0.7169811320754716,2278.023490899339,74,0.1980302333831787
paper,200,3000000.0,5,1,exclude,launch,0,0.0,prior,0.0,cluster_patrol,12600.0,43200,1926061.1529840631,0,1242032.394056641,684028.758927422,0,0,0.0,0,9.487446993659583,13.328487645572999,8098.861339634391,2969.484840219479,2.7273624131503538,2.0212870835231858,312.90819209138857,0.0,0.012738853503184714,0.0,2.8854554605189913,30.439655172413794,0.75,1872.982096575591,116,0.20603132247924805
paper,200,3000000.0,6,1,exclude,launch,0,0.0,prior,0.0,cluster_patrol,12600.0,43200,1602685.1567548905,0,1059082.1074837684,543603.049271122,0,0,0.0,0,9.487446993659583,11.669742018113835,8098.861339634391,3394.0723360399516,2.386178177063772,2.0197966045667872,311.99553440578455,0.0,0.0,0.0,2.409057547530091,24.410714285714285,0.7825613079019074,1628.7945875812181,168,0.2110300064086914
paper,200,3000000.0,7,1,exclude,launch,0,0.0,prior,0.0,cluster_patrol,12600.0,43200,1770717.2957769474,0,1118223.9868692162,652493.308907731,0,0,0.0,0,9.487446993659583,9.930799382932054,8098.861339634391,3988.0844153635894,2.03076477228881,2.0199537979156594,312.0917249647733,0.0,0.0,0.0,2.056383164420624,17.674008810572687,0.7726027397260274,1635.189752058263,227,0.22303128242492676
paper,200,3000000.0,8,1,exclude,launch,0,0.0,prior,0.0,cluster_patrol,12600.0,43200,1329884.7572266455,0,895789.1428047348,434095.6144219107,0,0,0.0,0,9.487446993659583,10.450262089593204,8098.861339634391,3793.811133622212,2.13475606833961,2.0178417229796293,310.8005319114421,0.0,0.0,0.0,1.8982036405777545,16.20567375886525,0.7887017925040739,1438.909401546111,282,0.2480297088623047
paper,200,3000000.0,9,1,exclude,launch,0,0.0,prior,0.0,cluster_patrol,12600.0,43200,1362518.260482545,0,901581.8349066077,460936.4255759373,0,0,0.0,0,9.487446993659583,9.362961334178113,8098.861339634391,4232.314678079487,1.9135773106808402,2.0188256152343476,311.40169027729416,0.0,0.004282655246252677,0.0,1.7349541538095363,13.830945558739256,0.8005464480874317,1371.24407437936,349,0.27902936935424805
paper,200,3000000.0,4,2,exclude,launch,0,0.0,prior,0.0,cluster_patrol,12600.0,43200,2593810.118356763,0,1485949.1816197142,1107860.9367370487,0,0,0.0,0,9.31186989113719,11.860704330138468,8257.851996279362,3329.31338008033,2.4803468624152516,2.0259318453931843,315.76084541755944,0.0,0.11,0.0,3.622595292364078,36.432432432432435,0.686472148541114,2483.8091378287863,74,0.14099884033203125
paper,200,3000000.0,11,1,exclude,launch,0,0.0,prior,0.0,cluster_patrol,12600.0,43200,2653454.2833380913,0,2071835.2708089275,581619.0125291639,0,6,0.4500471054722821,7,9.487446993659583,8.288694724509327,8098.861339634391,4766.6543502137065,1.6990662096720501,2.024837529529561,315.0875885796761,0.0,0.0,0.0,1.4139083031526978,7.468330134357005,0.7733260153677278,1684.4036243409166,521,0.25103068351745605
paper,200,3000000.0,10,1,exclude,launch,0,0.0,prior,0.0,cluster_patrol,12600.0,43200,1342518.404487614,0,942742.0762930837,399776.32819453045,0,1,0.07083610004076783,1,9.487446993659583,8.810218226666876,8098.861339634391,4494.063237209172,1.8021244722546026,2.0205245977574764,312.44113638841776,0.0,0.0,0.0,1.5715218839157343,11.179069767441861,0.8180815876515987,1377.2931452932876,430,0.29868221282958984
paper,200,3000000.0,12,1,exclude,launch,0,0.0,prior,0.0,cluster_patrol,12600.0,43200,3402717.7242770432,0,2790712.0680454997,612005.6562315434,0,11,0.6129668461597076,14,9.487446993659583,9.001362842611059,8098.861339634391,4392.589197430317,1.8437556929685706,2.023303950318632,314.14529242131516,0.0,0.0011806375442739079,0.0,1.271536110252267,6.682464454976303,0.7805417357656164,1555.5482002065858,633,0.29668426513671875
paper,200,3000000.0,5,2,exclude,launch,0,0.0,prior,0.0,cluster_patrol,12600.0,43200,2104531.8740828526,0,1326113.7979329352,778418.0761499174,0,0,0.0,0,9.31186989113719,10.444022573278732,8257.851996279362,3786.548388678477,2.1808388930060367,2.0229198413005562,313.90950051790674,0.0,0.0064516129032258064,0.0,2.9348056006083953,28.973913043478262,0.7509373326191752,2016.5342641705672,115,0.1656513214111328
paper,200,3000000.0,14,1,exclude,launch,0,0.0,prior,0.0,cluster_patrol,12600.0,43200,6031326.657775241,0,5002556.477366708,1028770.1804085337,0,24,0.7063402147730744,30,9.487446993659583,11.38979242082416,8098.861339634391,3466.1682095187234,2.3365459637514,2.026397043355736,316.04726718281887,0.0,0.0,0.15743183817062445,0.9469278857242357,4.352459016393443,0.6984564498346196,1770.8805801942003,854,0.3216824531555176
paper,200,3000000.0,13,1,exclude,launch,0,0.0,prior,0.0,cluster_patrol,12600.0,43200,4655415.541501069,0,4005615.270025919,649800.2714751498,0,17,0.7191807662005064,22,9.487446993659583,10.40837908147031,8098.861339634391,3799.890286813723,2.131340835744348,2.022720277671697,313.78702990826196,0.0,0.005112474437627812,0.09100204498977506,1.1008136072773766,5.717598908594816,0.7578599007170436,1560.4382427936353,733,0.3346836566925049
paper,200,3000000.0,6,2,exclude,launch,0,0.0,prior,0.0,cluster_patrol,12600.0,43200,1609256.4646867795,0,1027988.1112628813,581268.3534238981,0,0,0.0,0,9.31186989113719,10.451043430326447,8257.851996279362,3789.1203197950235,2.1793586107938845,2.020188704051134,312.2354975620597,0.0,0.046511627906976744,0.0,2.5170026180156544,25.17610062893082,0.7926763597199784,1641.3699897705894,159,0.22065448760986328
paper,200,3000000.0,15,1,exclude,launch,0,0.0,prior,0.0,cluster_patrol,12600.0,43200,7457117.25240162,0,6293498.610286319,1163618.6421153017,0,33,0.7918840279876818,45,9.487446993659583,13.472916989028695,8098.861339634391,2936.6056500519644,2.75789884811094,2.022007317728292,313.34968724705357,0.0,0.0,0.20950155763239875,0.8370887265429879,4.40894901144641,0.684878587196468,1549.6575090502834,961,0.34467649459838867
paper,200,3000000.0,7,2,exclude,launch,0,0.0,prior,0.0,cluster_patrol,12600.0,43200,1476979.6242667004,0,957470.7216665342,519508.90260016604,0,0,0.0,0,9.31186989113719,11.117448380823474,8257.851996279362,3565.9996576446833,2.3157186733252835,2.0179182503996356,310.8472693489965,0.0,0.013888888888888888,0.0,2.200401894035276,20.64351851851852,0.8012889366272825,1491.1855013141749,216,0.27065277099609375
paper,200,3000000.0,8,2,exclude,launch,0,0.0,prior,0.0,cluster_patrol,12600.0,43200,1573131.038679144,0,1014221.6811208684,558909.3575582757,0,0,0.0,0,9.31186989113719,9.142707239543396,8257.851996279362,4332.057431857466,1.90621941794955,2.0198586011718946,312.03346991528815,0.0,0.002617801047120419,0.0,1.8792725091987943,14.514084507042254,0.769520732364028,1603.9734550892972,284,0.2506542205810547
paper,200,3000000.0,4,3,exclude,launch,0,0.0,prior,0.0,cluster_patrol,12600.0,43200,1971952.204110889,0,1227163.667122071,744788.5369888181,0,0,0.0,0,9.788625002340355,13.687257389369908,7839.418200296043,2887.219531470855,2.715213760105854,2.024387960325435,314.81120797791175,0.0,0.02040816326530612,0.0,3.74488450837234,40.52054794520548,0.7145888594164457,2271.9633203035187,73,0.16500115394592285
paper,200,3000000.0,9,2,exclude,launch,0,0.0,prior,0.0,cluster_patrol,12600.0,43200,1709752.0474903097,0,1058236.0523550434,651515.9951352663,0,0,0.0,0,9.31186989113719,8.820824161288096,8257.851996279362,4488.398980245785,1.8398212887543166,2.020641960367627,312.51300337892184,0.0,0.0020964360587002098,0.0,1.6956549859177321,11.634078212290502,0.7755651237890204,1588.5930196907414,358,0.2586536407470703
paper,200,3000000.0,5,3,exclude,launch,0,0.0,prior,0.0,cluster_patrol,12600.0,43200,1715416.039988299,0,1099474.1365766565,615941.9034116425,0,0,0.0,0,9.788625002340355,12.008136913359506,7839.418200296043,3295.306980891527,2.3789644624171347,2.0217082235577797,313.1663082256781,0.0,0.09433962264150944,0.0,2.8579162043639226,30.134453781512605,0.7355150214592274,1874.3503035833219,119,0.23699951171875
paper,200,3000000.0,10,2,exclude,launch,0,0.0,prior,0.0,cluster_patrol,12600.0,43200,1994727.441260679,0,1245208.060775295,749519.3804853843,0,2,0.09087378378802467,4,9.31186989113719,8.61610086287353,8257.851996279362,4592.704669399779,1.7980367976411993,2.0216719868409365,313.14409460865204,0.0,0.0,0.0,1.538435945796432,9.682758620689656,0.7786177105831533,1561.8805007080014,435,0.33765411376953125
paper,200,3000000.0,6,3,exclude,launch,0,0.0,prior,0.0,cluster_patrol,12600.0,43200,1283378.5644034436,0,875141.489883028,408237.0745204156,0,0,0.0,0,9.788625002340355,11.956625370967675,7839.418200296043,3314.5039565656857,2.3651859533210016,2.0186583532172744,311.29945217379867,0.0,0.0,0.0,2.5585747590336263,26.579617834394906,0.7859818084537186,1592.0159388705615,157,0.2239983081817627
paper,200,3000000.0,11,2,exclude,launch,0,0.0,prior,0.0,cluster_patrol,12600.0,43200,2953991.991409462,0,2077206.7778142416,876785.2135952205,0,6,0.363623455983215,7,9.31186989113719,8.769101326637582,8257.851996279362,4511.13669234041,1.8305479437811334,2.0223155057023723,313.53869795984934,0.0,0.0,0.0,1.4002127339275419,7.85171102661597,0.7540279269602578,1590.5885229334094,526,0.3496541976928711
paper,200,3000000.0,12,2,exclude,launch,0,0.0,prior,0.0,cluster_patrol,12600.0,43200,3416986.071824294,0,2687875.993102702,729110.0787215924,0,11,0.6040739951495727,15,9.31186989113719,9.333620674235267,8257.851996279362,4243.062613207247,1.946200833939006,2.020042001824682,312.1457056459513,0.0,0.0012135922330097086,0.0,1.3094416348860713,8.422077922077921,0.8008588298443371,1269.091634001439,616,0.40599966049194336
paper,200,3000000.0,14,2,exclude,launch,0,0.0,prior,0.0,cluster_patrol,12600.0,43200,6379590.778471156,0,5503026.8860201705,876563.8924509851,0,29,0.8247185515182214,37,9.31186989113719,10.6663114773277,8257.851996279362,3709.6287571975704,2.2260588691677423,2.0218329762157814,313.2427893846005,0.0,0.0,0.0797872340425532,1.0327856541846707,5.305687203791469,0.7467532467532467,1448.8925156960718,844,0.37000131607055664
paper,200,3000000.0,13,2,exclude,launch,0,0.0,prior,0.0,cluster_patrol,12600.0,43200,5148401.528833393,0,4280149.686144863,868251.8426885298,0,20,0.7316763810316885,26,9.31186989113719,9.290998411938036,8257.851996279362,4258.32359253312,1.9392260397399883,2.0220362656836395,313.3674385117677,0.0,0.0,0.0,1.2052312620213415,6.497237569060774,0.7789757412398922,1398.630562633765,724,0.3880002498626709
paper,200,3000000.0,9,3,exclude,launch,0,0.0,prior,0.0,cluster_patrol,12600.0,43200,1237598.1244581698,0,858084.3316675789,379513.7927905909,0,0,0.0,0,9.788625002340355,9.065177734372115,7839.418200296043,4370.386790034737,1.793758442198141,2.019267190277496,311.6716815528545,0.0,0.019189765458422176,0.0,1.7306777260033461,12.4,0.7940860215053763,1530.525721349997,350,0.25099968910217285
paper,200,3000000.0,7,3,exclude,launch,0,0.0,prior,0.0,cluster_patrol,12600.0,43200,1201177.2807158432,0,829617.9855404196,371559.2951754237,0,0,0.0,0,9.788625002340355,12.257312198934533,7839.418200296043,3235.8358761651125,2.42268721292094,2.01701093782587,310.2933742972366,0.0,0.0034602076124567475,0.0,2.1853063847032264,21.565420560747665,0.8048780487804879,1435.2068577705552,214,0.3940005302429199
paper,200,3000000.0,10,3,exclude,launch,0,0.0,prior,0.0,cluster_patrol,12600.0,43200,1339280.2820355971,0,914408.6721251057,424871.60991049133,0,0,0.0,1,9.788625002340355,9.387039417744532,7839.418200296043,4221.712788659828,1.8569283588769776,2.018704082763952,311.32740247198353,0.0,0.0,0.0,1.5739655119092608,11.44131455399061,0.8041125541125541,1347.6071613903264,426,0.309999942779541
paper,200,3000000.0,8,3,exclude,launch,0,0.0,prior,0.0,cluster_patrol,12600.0,43200,1265995.9256463125,0,877862.9562517889,388132.9693945237,0,0,0.0,0,9.788625002340355,9.294087856054178,7839.418200296043,4263.652789963895,1.8386624301934371,2.018837590975961,311.40901103570997,0.0,0.005405405405405406,0.0,1.9471383797936481,15.66304347826087,0.7857142857142857,1532.9734284024432,276,0.38700032234191895
paper,200,3000000.0,4,4,exclude,launch,0,0.0,prior,0.0,cluster_patrol,12600.0,43200,2503324.117875717,0,1450132.941828837,1053191.17604688,0,0,0.0,0,9.765855984132136,10.543058012317074,7858.472907715733,3744.6122361718026,2.0986079230862145,2.0263596954567045,316.0242673373937,0.0,0.02127659574468085,0.0,3.859498115653847,36.114285714285714,0.6775725593667546,2661.164972839734,70,0.1830003261566162
paper,200,3000000.0,11,3,exclude,launch,0,0.0,prior,0.0,cluster_patrol,12600.0,43200,2084225.4050900326,0,1592459.7403333578,491765.6647566746,0,5,0.37812773070712985,8,9.788625002340355,9.631496453415906,7839.418200296043,4113.9320083844605,1.9055779687945256,2.0190129669564056,311.5162280475889,0.0,0.0,0.0,1.401126563497322,9.838403041825096,0.7927292457948997,1269.806562076643,526,0.394000768661499
paper,200,3000000.0,6,4,exclude,launch,0,0.0,prior,0.0,cluster_patrol,12600.0,43200,1799511.7761280148,0,1106474.1599192997,693037.6162087151,0,0,0.0,0,9.765855984132136,14.116375208255771,7858.472907715733,2806.860937144193,2.7997371739090293,2.0190445291936285,311.5355257438393,0.0,0.008438818565400843,0.0,2.283692322536539,23.068181818181817,0.7643312101910829,1632.8470099688786,176,0.2559990882873535
paper,200,3000000.0,7,4,exclude,launch,0,0.0,prior,0.0,cluster_patrol,12600.0,43200,1366027.1539497026,0,911458.0339805129,454569.11996918987,0,0,0.0,0,9.765855984132136,11.010856803764334,7858.472907715733,3599.5059725965643,2.1832087424060838,2.0184870795017478,311.19477933359985,0.0,0.003389830508474576,0.0,2.147102000609456,19.15068493150685,0.7843450479233227,1584.163596505637,219,0.2460002899169922
paper,200,3000000.0,5,4,exclude,launch,0,0.0,prior,0.0,cluster_patrol,12600.0,43200,1827484.391999099,0,1135340.601624777,692143.7903743219,0,0,0.0,0,9.765855984132136,13.198493456303137,7858.472907715733,2997.8559093854824,2.6213644502102196,2.0218776460440946,313.27017704538576,0.0,0.012269938650306749,0.0,2.774589478076613,29.233333333333334,0.7464114832535885,1887.9294839895342,120,0.2839999198913574
paper,200,3000000.0,12,3,exclude,launch,0,0.0,prior,0.0,cluster_patrol,12600.0,43200,3037447.0068936064,0,2346473.291201838,690973.7156917687,0,9,0.5320356239199429,12,9.788625002340355,9.879593903432044,7839.418200296043,4012.022699577649,1.9539815168845653,2.0183083269620434,311.08555462807067,0.0,0.0,0.0,1.3102687040210677,8.627642276422764,0.7768685215493726,1242.790834280375,615,0.40999913215637207
paper,200,3000000.0,13,3,exclude,launch,0,0.0,prior,0.0,cluster_patrol,12600.0,43200,4389999.389255376,0,3691535.9274471137,698463.4618082623,0,18,0.732855411593998,26,9.788625002340355,10.341105255768708,7839.418200296043,3835.005777161434,2.044173765521304,2.0172373741470238,310.43156260845956,0.0,0.0,0.0,1.2019687452916004,7.735900962861073,0.7777173913043478,1171.2816765390794,727,0.43599987030029297
paper,200,3000000.0,14,3,exclude,launch,0,0.0,prior,0.0,cluster_patrol,12600.0,43200,6484751.847984474,0,5680300.9638527045,804450.8841317695,0,33,0.8784532200568624,36,9.788625002340355,11.920100627040105,7839.418200296043,3328.589134160897,2.3551774894176836,2.0162755056658512,309.8447710249145,0.0,0.0,0.07887817703768624,1.0223005431922374,6.348130841121495,0.7620858229223249,1209.868254907172,856,0.442004919052124
paper,200,3000000.0,8,4,exclude,launch,0,0.0,prior,0.0,cluster_patrol,12600.0,43200,1516922.4449666664,0,993945.1577145322,522977.28725213424,0,0,0.0,0,9.765855984132136,9.92953719421554,7858.472907715733,3989.2479796100106,1.969913364093244,2.019621318357525,311.8882898547413,0.0,0.0025,0.0,1.8080960617273438,14.473154362416107,0.7794352690463505,1535.0599973485237,298,0.2630040645599365
paper,200,3000000.0,15,3,exclude,launch,0,0.0,prior,0.0,cluster_patrol,12600.0,43200,7082688.573387269,0,6268544.250020056,814144.3233672135,0,40,0.89959778315004,47,9.788625002340355,12.987179349938412,7839.418200296043,3053.734500351342,2.5671577536927632,2.0171763756932064,310.3943337805099,0.0,0.0,0.13843774168600154,0.9012172821169577,5.273760330578512,0.7269251774986346,1288.1300429020062,968,0.4925193786621094
paper,200,3000000.0,9,4,exclude,launch,0,0.0,prior,0.0,cluster_patrol,12600.0,43200,1569720.6998748987,0,1018314.3835316963,551406.3163432024,0,0,0.0,0,9.765855984132136,9.695170446610359,7858.472907715733,4085.1105402707944,1.923686722855438,2.01990398330961,312.06124055124263,0.0,0.0,0.0,1.6110744219441162,11.597333333333333,0.774986638161411,1516.3344294400883,375,0.30351901054382324
paper,200,3000000.0,10,4,exclude,launch,0,0.0,prior,0.0,cluster_patrol,12600.0,43200,1896659.3980034322,0,1164004.514414393,732654.8835890392,0,0,0.0,3,9.765855984132136,9.111855858211163,7858.472907715733,4345.626158985633,1.8083637708840736,2.02036940605485,312.3461174438183,0.0,0.0,0.0,1.5516464140587443,10.119540229885057,0.7409188034188035,1501.1258491930214,435,0.29851794242858887
paper,200,3000000.0,4,5,exclude,launch,0,0.0,prior,0.0,cluster_patrol,12600.0,43200,2229805.2901846725,0,1343525.4637198818,886279.8264647906,0,0,0.0,0,9.663321305923791,9.396818041353256,7945.393769630588,4199.4471500432255,1.892009468329374,2.0272954685191835,316.60079389201456,0.0,0.041237113402061855,0.0,3.741891346415194,37.208333333333336,0.7057869118442401,2492.9528121273365,72,0.14151978492736816
paper,200,3000000.0,11,4,exclude,launch,0,0.0,prior,0.0,cluster_patrol,12600.0,43200,2719433.513332372,0,1988357.1600776643,731076.3532547076,0,7,0.36079197170440935,10,9.765855984132136,9.013011491709934,7858.472907715733,4388.206320624626,1.7908166420482121,2.022707214812768,313.77901416902694,0.0,0.0,0.0,1.3608707125672133,7.66728280961183,0.7455716586151369,1589.0592670276828,541,0.26952075958251953
paper,200,3000000.0,5,5,exclude,launch,0,0.0,prior,0.0,cluster_patrol,12600.0,43200,2010775.778888961,0,1239745.390626489,771030.3882624722,0,0,0.0,0,9.663321305923791,11.78042866091994,7945.393769630588,3357.719428631372,2.3663066371418595,2.0224811832374954,313.6403310224248,0.0,0.012195121951219513,0.0,2.747136487018174,27.59504132231405,0.7412854030501089,1967.5214491384613,121,0.16751956939697266
paper,200,3000000.0,12,4,exclude,launch,0,0.0,prior,0.0,cluster_patrol,12600.0,43200,3391018.639506744,0,2509786.5526437983,881232.0868629458,0,11,0.41914836188724214,14,9.765855984132136,10.189544434521547,7858.472907715733,3885.690453347125,2.022413520085333,2.020537983972744,312.44933301934583,0.0,0.0,0.0,1.2093333284269323,7.275862068965517,0.7135193133047211,1359.5251421633286,667,0.3085184097290039
paper,200,3000000.0,6,5,exclude,launch,0,0.0,prior,0.0,cluster_patrol,12600.0,43200,1704685.548694761,0,1065150.5263346438,639535.0223601173,0,0,0.0,0,9.663321305923791,11.802244621382497,7945.393769630588,3356.8139268276263,2.3669449492362604,2.0192872671154443,311.6839598711013,0.0,0.009216589861751152,0.0,2.4951188632574093,22.96273291925466,0.7585458491589799,1809.065175309495,161,0.19724559783935547
paper,200,3000000.0,7,5,exclude,launch,0,0.0,prior,0.0,cluster_patrol,12600.0,43200,1470473.116484529,0,955328.6259842691,515144.49050025985,0,0,0.0,0,9.663321305923791,9.71596617788673,7945.393769630588,4077.5386366436833,1.948575961543954,2.0193235388574924,311.7061430606886,0.0,0.0,0.0,2.2009980665373905,19.560747663551403,0.7873154729360307,1580.1608065297569,214,0.22124409675598145
paper,200,3000000.0,14,4,exclude,launch,0,0.0,prior,0.0,cluster_patrol,12600.0,43200,5891414.372801116,0,4741638.394832303,1149775.9779688132,0,28,0.7039819875340392,38,9.765855984132136,11.397458344644956,7858.472907715733,3476.3285482389183,2.2605668016323643,2.0191154800716635,311.578908516509,0.0,0.0,0.07869142351900972,1.0319608255958408,5.712765957446808,0.6966901790558871,1352.627417354446,846,0.3312516212463379
paper,200,3000000.0,15,4,exclude,launch,0,0.0,prior,0.0,cluster_patrol,12600.0,43200,8573268.720240364,0,7197548.385934743,1375720.3343056208,0,43,0.8405712404541528,50,9.765855984132136,12.129486816308937,7858.472907715733,3263.3331697500416,2.4081123498394312,2.021092287892467,312.7888381180419,0.0,0.0,0.13798449612403102,0.9034553210568843,4.6559917355371905,0.6532040926225094,1451.7900883168563,968,0.3572516441345215
paper,200,3000000.0,13,4,exclude,launch,0,0.0,prior,0.0,cluster_patrol,12600.0,43200,5267923.456363253,0,4024126.6833293964,1243796.773033857,0,21,0.5845453850019752,23,9.765855984132136,10.555054241681047,7858.472907715733,3754.116158502106,2.093295086226439,2.018932556066714,311.467066143794,0.0,0.0,0.0,1.1466910287617662,6.783748361730013,0.6573275862068966,1272.512587915258,763,0.38625264167785645
paper,200,3000000.0,8,5,exclude,launch,0,0.0,prior,0.0,cluster_patrol,12600.0,43200,1608866.79992766,0,992035.6769581785,616831.1229694814,0,0,0.0,0,9.663321305923791,10.80315720086053,7945.393769630588,3669.7818115087803,2.1650861489130193,2.017897245100028,310.8344404746679,0.0,0.0,0.0,1.8436364417808722,14.95221843003413,0.7683060109289618,1510.5906595725887,293,0.24673223495483398
paper,200,3000000.0,9,5,exclude,launch,0,0.0,prior,0.0,cluster_patrol,12600.0,43200,1820875.5490042132,0,1092409.9781635795,728465.5708406336,0,0,0.0,0,9.663321305923791,8.844040575859394,7945.393769630588,4477.617182533866,1.7744691977294764,2.020190386481916,312.23652740103626,0.0,0.0,0.0,1.721243959252062,11.019774011299434,0.7415485278080698,1702.4704960729796,354,0.24973177909851074
paper,200,3000000.0,10,5,exclude,launch,0,0.0,prior,0.0,cluster_patrol,12600.0,43200,2520995.561855847,0,1541438.6581711974,979556.9036846495,0,1,0.0572437573370469,1,9.663321305923791,9.461687161181237,7945.393769630588,4187.882757074701,1.8972340513134531,2.018956155235695,311.481493887813,0.0,0.0017331022530329288,0.0,1.5637943541434152,9.677494199535962,0.6963207029104888,1588.283868246945,431,0.24173593521118164
paper,200,3000000.0,12,5,exclude,launch,0,0.0,prior,0.0,cluster_patrol,12600.0,43200,3721875.3636847525,0,2814416.913295426,907458.4503893264,0,13,0.49116332420218173,16,9.663321305923791,8.483498164893387,7945.393769630588,4655.197381444032,1.706779137078382,2.0257083434528047,315.62328174860914,0.0,0.0,0.0,1.2949524099719816,5.52808988764045,0.7026431718061674,1911.1105286541713,623,0.24673032760620117
paper,200,3000000.0,11,5,exclude,launch,0,0.0,prior,0.0,cluster_patrol,12600.0,43200,3355860.9237997094,0,2222529.8147845455,1133331.1090151637,0,5,0.25654482398037004,8,9.663321305923791,8.686668077937947,7945.393769630588,4555.525555926659,1.7441223130213308,2.02161416747777,313.1086521573891,0.0,0.0,0.0,1.442736909472526,7.322265625,0.6800219538968166,1751.74117577373,512,0.25873327255249023
paper,200,3000000.0,4,6,exclude,launch,0,0.0,prior,0.0,cluster_patrol,12600.0,43200,2204308.1573740114,0,1338707.2794729166,865600.8779010947,0,0,0.0,0,9.565347295314297,12.013413319533358,8030.189446355909,3288.9334476096224,2.4415785768459997,2.0247363617279923,315.025383314257,0.0,0.09278350515463918,0.0,3.7712241646754125,38.166666666666664,0.7014767932489452,2444.6119473403014,72,0.1569986343383789
paper,200,3000000.0,13,5,exclude,launch,0,0.0,prior,0.0,cluster_patrol,12600.0,43200,4981185.821756421,0,3715186.965298772,1265998.8564576486,0,20,0.5742246749938458,24,9.663321305923791,9.768357203123067,7945.393769630588,4039.62629688938,1.9668635625401176,2.027343150345938,316.6301845688149,0.0,0.0,0.09155645981688708,1.0960829351167627,4.703401360544218,0.6719867914144194,1894.2593030254611,735,0.26824426651000977
paper,200,3000000.0,14,5,exclude,launch,0,0.0,prior,0.0,cluster_patrol,12600.0,43200,5830901.838995644,0,4610553.475503937,1220348.3634917066,0,29,0.6690366838515386,39,9.663321305923791,9.609409238435484,7945.393769630588,4101.251738126819,1.9373094550054417,2.0299104080453514,318.21463458004257,0.0,0.0,0.07974910394265233,1.046889122474873,3.9270334928229667,0.6470588235294118,1997.2416871913033,836,0.265244722366333
paper,200,3000000.0,5,6,exclude,launch,0,0.0,prior,0.0,cluster_patrol,12600.0,43200,2273117.144060824,0,1342316.266601075,930800.8774597488,0,0,0.0,0,9.565347295314297,10.727649224498062,8030.189446355909,3687.5938052119027,2.1776230980229845,2.0222849315636,313.51994439059837,0.0,0.06832298136645963,0.0,2.808371441180027,23.95798319327731,0.704135737009544,2355.056928826491,119,0.19651150703430176
paper,200,3000000.0,6,6,exclude,launch,0,0.0,prior,0.0,cluster_patrol,12600.0,43200,1544848.8969244652,0,1005281.0939851799,539567.8029392852,0,0,0.0,0,9.565347295314297,10.900529344242448,8030.189446355909,3634.4495840002087,2.209465081509698,2.0193135048935655,311.70000637752133,0.0,0.004629629629629629,0.0,2.5169366274716785,24.782608695652176,0.7595137420718816,1681.8016375549284,161,0.20451116561889648
paper,200,3000000.0,15,5,exclude,launch,0,0.0,prior,0.0,cluster_patrol,12600.0,43200,9492144.551819079,0,7902722.795588314,1589421.7562307657,0,49,0.8505095649408113,62,9.663321305923791,12.66514866243673,7945.393769630588,3120.0195598220894,2.5465846022079597,2.024521431006669,314.8932487775858,0.0,0.0,0.20647149460708783,0.8284293145293322,3.5859938208032958,0.5959206174200662,1884.0690892599648,971,0.30651211738586426
paper,200,3000000.0,7,6,exclude,launch,0,0.0,prior,0.0,cluster_patrol,12600.0,43200,1732462.2080032432,0,1080025.5068285966,652436.7011746465,0,0,0.0,0,9.565347295314297,10.923289115161024,8030.189446355909,3627.9679279883985,2.2134124682872853,2.0187062110012026,311.3287032997281,0.0,0.03481012658227848,0.0,1.9975256532273171,16.059322033898304,0.7509353287012293,1756.9932762510923,236,0.2345116138458252
paper,200,3000000.0,9,6,exclude,launch,0,0.0,prior,0.0,cluster_patrol,12600.0,43200,1505942.8670962057,0,953243.1507257558,552699.71637045,0,0,0.0,0,9.565347295314297,9.056101019367485,8030.189446355909,4375.3594303006585,1.8353210917357947,2.01899383609687,311.5045314010246,0.0,0.0,0.0,1.7307620193992614,11.86039886039886,0.7645474137931034,1594.203358521452,351,0.23410320281982422
paper,200,3000000.0,10,6,exclude,launch,0,0.0,prior,0.0,cluster_patrol,12600.0,43200,1951882.1472086222,0,1359958.437675775,591923.709532847,0,2,0.19547848843811078,4,9.565347295314297,8.477341527886225,8030.189446355909,4668.332283108438,1.7201409324292911,2.021475798577909,313.02384212411306,0.0,0.001736111111111111,0.0,1.55722548141391,9.64186046511628,0.7680301399354145,1590.6889504189378,430,0.2490983009338379
paper,200,3000000.0,11,6,exclude,launch,0,0.0,prior,0.0,cluster_patrol,12600.0,43200,2554530.107062086,0,1850789.7542462582,703740.3528158276,0,5,0.3098438460218701,9,9.565347295314297,8.176100269828138,8030.189446355909,4832.711991064085,1.6616321148878959,2.024663549671057,314.98061700734723,0.0,0.0,0.0,1.421216077852926,7.236994219653179,0.737012987012987,1751.4619608599107,519,0.24210262298583984
paper,200,3000000.0,8,6,exclude,launch,0,0.0,prior,0.0,cluster_patrol,12600.0,43200,1815293.1777463118,0,1111688.22233788,703604.9554084318,0,0,0.0,0,9.565347295314297,9.474727898159337,8030.189446355909,4182.208036584298,1.920083691703281,2.01891301764857,311.4551212601144,0.0,0.007832898172323759,0.0,1.8827586858730008,13.919298245614035,0.7379935965848452,1666.2456224861887,285,0.3031017780303955
paper,200,3000000.0,4,7,exclude,launch,0,0.0,prior,0.0,cluster_patrol,12600.0,43200,1860235.3469965123,0,1150351.9199664218,709883.4270300904,0,0,0.0,0,9.155887935578711,14.998558689151363,8404.213539551529,2636.211775064822,3.18798877201164,2.023299455343626,314.1425325919685,0.0,0.010309278350515464,0.0,3.746621332370065,43.708333333333336,0.7221929362150764,2152.8612971242437,72,0.17958974838256836
paper,200,3000000.0,5,7,exclude,launch,0,0.0,prior,0.0,cluster_patrol,12600.0,43200,1480744.438331082,0,969034.8931703881,511709.54516069393,0,0,0.0,0,9.155887935578711,12.959110459956303,8404.213539551529,3055.718793642539,2.7503229541398246,2.0202327633809047,312.26246744275113,0.0,0.013333333333333334,0.0,3.0296979220954627,33.792792792792795,0.7654516640253566,1787.5212469453968,111,0.1915905475616455
paper,200,3000000.0,12,6,exclude,launch,0,0.0,prior,0.0,cluster_patrol,12600.0,43200,3713438.773104417,0,2701354.5349879824,1012084.2381164349,0,12,0.4192062118675079,16,9.565347295314297,9.580796488387014,8030.189446355909,4133.648216648458,1.9426397761701035,2.020016223685776,312.1299289746574,0.0,0.0,0.0,1.2738531803797482,7.656645569620253,0.6990291262135923,1365.113353949504,632,0.3511011600494385
paper,200,3000000.0,13,6,exclude,launch,0,0.0,prior,0.0,cluster_patrol,12600.0,43200,5304929.248519746,0,4283383.781818277,1021545.466701469,0,26,0.6750774946909621,32,9.565347295314297,13.104976414549578,8030.189446355909,3023.7927429582032,2.6556679405546504,2.018839172283653,311.40997769389173,0.0,0.0,0.1772771792360431,0.9661323675190765,6.202879581151833,0.7069994574064026,1391.0502060638096,764,0.3191030025482178
paper,200,3000000.0,6,7,exclude,launch,0,0.0,prior,0.0,cluster_patrol,12600.0,43200,1342461.814437198,0,911189.1284926656,431272.68594453234,0,0,0.0,0,9.155887935578711,10.885868386991463,8404.213539551529,3640.283735067071,2.3086699145435388,2.0187924528564807,311.38141859919733,0.0,0.004761904761904762,0.0,2.579204366428637,25.374193548387098,0.7671451355661882,1671.8688261453326,155,0.21258974075317383
paper,200,3000000.0,15,6,exclude,launch,0,0.0,prior,0.0,cluster_patrol,12600.0,43200,8592089.408608008,0,7492030.41520718,1100058.9934008277,0,50,0.8811876960135935,61,9.565347295314297,14.516300549907134,8030.189446355909,2732.933423777585,2.938304086184513,2.0165313748647025,310.00081082529675,0.0,0.0,0.20440729483282674,0.8191664522454597,4.719066937119676,0.6598049837486457,1407.3020353864063,986,0.3354156017303467
paper,200,3000000.0,8,7,exclude,launch,0,0.0,prior,0.0,cluster_patrol,12600.0,43200,1147507.5009273586,0,786650.5220678146,360856.9788595439,0,0,0.0,0,9.155887935578711,10.865703091484416,8404.213539551529,3650.9626519229773,2.3019171492003605,2.016623218082023,310.05683026303456,0.0,0.002638522427440633,0.0,1.9024345002985388,17.418439716312058,0.8042553191489362,1356.0949483001243,282,0.26583003997802734
paper,200,3000000.0,7,7,exclude,launch,0,0.0,prior,0.0,cluster_patrol,12600.0,43200,1383228.4408766543,0,915049.1386390133,468179.3022376412,0,0,0.0,0,9.155887935578711,10.001391136238968,8404.213539551529,3962.264104653595,2.1210634419045813,2.0187668046694744,311.3657406889352,0.0,0.006688963210702341,0.0,2.1015948287571167,18.426666666666666,0.7831905781584583,1596.8710926119377,225,0.3054208755493164
paper,200,3000000.0,14,6,exclude,launch,0,0.0,prior,0.0,cluster_patrol,12600.0,43200,7300254.567479961,0,6102875.568580855,1197378.9988991069,0,39,0.8046143525420284,45,9.565347295314297,14.9641204703353,8030.189446355909,2649.9188972565207,3.0303529118078365,2.017465928062114,310.57107443018975,0.0,0.0,0.22854715378079865,0.8375802433291689,5.244040862656073,0.670075349838536,1415.5494826870447,881,0.4134206771850586
paper,200,3000000.0,4,8,exclude,launch,0,0.0,prior,0.0,cluster_patrol,12600.0,43200,2462348.506900924,0,1474167.488141234,988181.0187596898,0,0,0.0,0,9.611476108142018,10.815860699957842,7990.04999508496,3650.5788341076677,2.188707697648725,2.026129362190514,315.88244038485334,0.0,0.0392156862745098,0.0,3.5934240277818272,34.026315789473685,0.6949720670391062,2603.4489190466884,76,0.13582849502563477
paper,200,3000000.0,5,8,exclude,launch,0,0.0,prior,0.0,cluster_patrol,12600.0,43200,2284125.8531342964,0,1335700.0542945561,948425.7988397405,0,0,0.0,0,9.611476108142018,11.425486331123599,7990.04999508496,3462.73318805048,2.3074402678952466,2.022070356614048,313.3883441607501,0.0,0.05660377358490566,0.0,2.861328988054603,25.008474576271187,0.7146876758581879,2279.3652343506737,118,0.15383124351501465
paper,200,3000000.0,9,7,exclude,launch,0,0.0,prior,0.0,cluster_patrol,12600.0,43200,1411719.0152529117,0,924254.7216266728,487464.2936262389,0,0,0.0,0,9.155887935578711,9.037643493842785,8404.213539551529,4383.737028146632,1.9171345100289203,2.019250910641933,311.6617256533228,0.0,0.0,0.0,1.6963978656715841,12.68169014084507,0.7750401713979647,1468.67730973794,355,0.2988314628601074
paper,200,3000000.0,10,7,exclude,launch,0,0.0,prior,0.0,cluster_patrol,12600.0,43200,1595318.5102904032,0,1054008.455494154,541310.0547962493,0,1,0.053013190466587506,3,9.155887935578711,9.87796967809077,8404.213539551529,4012.5994970271763,2.0944561115002824,2.018350022896028,311.1110307397022,0.0,0.0016474464579901153,0.0,1.4818734994301663,10.275938189845474,0.7813504823151125,1403.4485856040071,453,0.29583239555358887
paper,200,3000000.0,12,7,exclude,launch,0,0.0,prior,0.0,cluster_patrol,12600.0,43200,2523670.8187056966,0,1737063.19883979,786607.6198659069,0,4,0.265505980145149,5,9.155887935578711,11.662065942836035,8404.213539551529,3397.358908490585,2.4737490992040767,2.0191708346384805,311.61275705330905,0.0,0.0011507479861910242,0.10356731875719218,1.1341841678192233,7.229230769230769,0.7462365591397849,1381.9224646142097,650,0.3108334541320801
paper,200,3000000.0,11,7,exclude,launch,0,0.0,prior,0.0,cluster_patrol,12600.0,43200,2033787.667938956,0,1507399.0976487778,526388.5702901784,0,4,0.3289370944144304,4,9.155887935578711,13.620423647113874,8404.213539551529,2913.135960600597,2.8849369384801538,2.016223241659831,309.81290306688453,0.0,0.0013192612137203166,0.11741424802110818,1.185623450451144,9.554577464788732,0.7789079229122056,1214.2621515888288,568,0.3418312072753906
paper,200,3000000.0,6,8,exclude,launch,0,0.0,prior,0.0,cluster_patrol,12600.0,43200,1703963.230562454,0,1083871.0127705534,620092.2177919007,0,0,0.0,0,9.611476108142018,11.20116993123443,7990.04999508496,3536.9063701384357,2.2590504692303255,2.019310194771986,311.6979819498314,0.0,0.02336448598130841,0.0,2.5317627242103673,21.51572327044025,0.7665347654041832,1958.4802405623461,159,0.18500518798828125
paper,200,3000000.0,13,7,exclude,launch,0,0.0,prior,0.0,cluster_patrol,12600.0,43200,3153766.647921834,0,2275328.864110838,878437.7838109955,0,9,0.3727183861028617,15,9.155887935578711,11.736359425083766,8404.213539551529,3375.761929057881,2.4895753066025614,2.019225279482219,311.64605110068214,0.0,0.0,0.08902077151335312,1.0639949914108133,6.109933774834437,0.7118918918918918,1406.989369918332,755,0.3073432445526123
paper,200,3000000.0,14,7,exclude,launch,0,0.0,prior,0.0,cluster_patrol,12600.0,43200,4119012.6925130016,0,3249688.602693047,869324.0898199549,0,18,0.624594364965421,21,9.155887935578711,11.33497027970315,8404.213539551529,3493.384726486002,2.4057509256947296,2.020334053609411,312.3244742865038,0.0,0.0,0.0791304347826087,1.0128212699335593,5.385150812064965,0.7265877287405813,1398.2794777423974,862,0.3288564682006836
paper,200,3000000.0,7,8,exclude,launch,0,0.0,prior,0.0,cluster_patrol,12600.0,43200,1648757.195549798,0,1035137.461044776,613619.734505022,0,0,0.0,0,9.611476108142018,10.959196196584651,7990.04999508496,3617.3129374584914,2.2088357112665884,2.0180187793938806,310.9086705595821,0.0,0.003424657534246575,0.0,2.1768780036452378,18.949771689497716,0.7730095990965556,1606.7079785554415,219,0.26580214500427246
paper,200,3000000.0,4,9,exclude,launch,0,0.0,prior,0.0,cluster_patrol,12600.0,43200,2193241.5644911695,0,1298346.8337568932,894894.7307342762,0,0,0.0,0,9.741250533764733,14.218672414495856,7879.164612665201,2777.435999011527,2.836848307384706,2.02575480738541,315.6518774622839,0.0,0.08823529411764706,0.0,3.587209404417689,38.22666666666667,0.6944596818431158,2345.224615975465,75,0.1418018341064453
paper,200,3000000.0,10,8,exclude,launch,0,0.0,prior,0.0,cluster_patrol,12600.0,43200,1621584.7655557825,0,1123852.524171881,497732.2413839014,0,1,0.15180897953390576,2,9.611476108142018,9.49427025529506,7990.04999508496,4174.102792512789,1.9141957906300122,2.0186696671484805,311.3063672305187,0.0,0.0017211703958691911,0.0,1.5489238705139443,10.142528735632183,0.8056818181818182,1501.7073018150113,435,0.27680087089538574
paper,200,3000000.0,5,9,exclude,launch,0,0.0,prior,0.0,cluster_patrol,12600.0,43200,1825068.9430575776,0,1124652.9407355415,700416.002322036,0,0,0.0,0,9.741250533764733,11.60746765701799,7879.164612665201,3407.5490449557255,2.3122674123587195,2.022601800002128,313.7143324102776,0.0,0.02631578947368421,0.0,2.9725996867302427,29.910714285714285,0.7387437465258477,1991.5101580176265,112,0.23229026794433594
paper,200,3000000.0,11,8,exclude,launch,0,0.0,prior,0.0,cluster_patrol,12600.0,43200,2067008.175841292,0,1464598.4130283936,602409.7628128981,0,4,0.28087137888257013,5,9.611476108142018,10.048612692974721,7990.04999508496,3944.3154816830925,2.0257127078677537,2.0184232279343086,311.155761358841,0.0,0.0,0.0,1.3708654259699313,9.297597042513864,0.7814645308924485,1310.4685365361222,541,0.34980249404907227
paper,200,3000000.0,8,8,exclude,launch,0,0.0,prior,0.0,cluster_patrol,12600.0,43200,1609241.4001358752,0,1024896.9891078644,584344.4110280109,0,0,0.0,0,9.611476108142018,9.653307750764794,7990.04999508496,4104.679078835012,1.9465711792875882,2.0189921357935345,311.5034918427209,0.0,0.0,0.0,1.8666328321277303,14.321678321678322,0.78827546955037,1613.549186434474,286,0.391801118850708
paper,200,3000000.0,12,8,exclude,launch,0,0.0,prior,0.0,cluster_patrol,12600.0,43200,2607984.4476338276,0,2048994.3556160876,558990.0920177401,0,9,0.49829073797811685,12,9.611476108142018,10.072699866950341,7990.04999508496,3936.285707112202,2.0298450340249166,2.0177041168581757,310.7165008410239,0.0,0.0,0.0,1.3080815174369784,8.455284552845528,0.7970268724985706,1265.138792369437,615,0.4088013172149658
paper,200,3000000.0,9,8,exclude,launch,0,0.0,prior,0.0,cluster_patrol,12600.0,43200,1739693.5196306752,0,1061363.882209834,678329.6374208414,0,0,0.0,0,9.611476108142018,10.611574975202055,7990.04999508496,3737.668661503084,2.137709550710095,2.017015988911355,310.2964565104023,0.0,0.0,0.0,1.6959546629646973,13.435393258426966,0.7765776009096077,1383.0331153958498,356,0.4508018493652344
paper,200,3000000.0,6,9,exclude,launch,0,0.0,prior,0.0,cluster_patrol,12600.0,43200,1685065.144264022,0,1040966.3568760589,644098.7873879632,0,0,0.0,0,9.741250533764733,12.177375666730535,7879.164612665201,3251.7300549554243,2.4230684833932843,2.0203276046847414,312.3205262645106,0.0,0.008658008658008658,0.0,2.336579736380845,22.459302325581394,0.7493020658849805,1730.6167522417918,172,0.26877617835998535
paper,200,3000000.0,7,9,exclude,launch,0,0.0,prior,0.0,cluster_patrol,12600.0,43200,2081679.0039877791,0,1213143.481616589,868535.5223711899,0,0,0.0,0,9.741250533764733,11.375000966573367,7879.164612665201,3480.986637012701,2.263486026888891,2.0203945515248813,312.36151223449906,0.0,0.008875739644970414,0.0,1.8633939798149148,14.861660079051383,0.7196209587513935,1776.0433891679427,253,0.2590038776397705
paper,200,3000000.0,15,8,exclude,launch,0,0.0,prior,0.0,cluster_patrol,12600.0,43200,6423581.749574484,0,5523676.8020749865,899904.9474994981,0,37,0.8470196991334684,45,9.611476108142018,11.408660936809367,7990.04999508496,3473.9503802635318,2.2999896718383295,2.018513706806944,311.21105128608644,0.0,0.0,0.06947697111631537,0.9822076274750831,5.035379812695109,0.7558739255014326,1349.8204016121974,961,0.41280388832092285
paper,200,3000000.0,13,8,exclude,launch,0,0.0,prior,0.0,cluster_patrol,12600.0,43200,3492560.226547551,0,2778925.4325857186,713634.7939618328,0,15,0.6209055951489676,22,9.611476108142018,10.505358824065688,7990.04999508496,3775.115852219996,2.116504581014733,2.0171993156143238,310.40833430587475,0.0,0.0,0.0,1.197407484207271,7.2904109589041095,0.7826834862385321,1234.7554869121466,730,0.5088002681732178
paper,200,3000000.0,8,9,exclude,launch,0,0.0,prior,0.0,cluster_patrol,12600.0,43200,1497451.3325420874,0,956437.7437095364,541013.588832551,0,0,0.0,0,9.741250533764733,9.228887097658971,7879.164612665201,4291.529132330917,1.8359806888659482,2.0198940456002736,312.055159275268,0.0,0.0,0.0,1.950795729984964,15.205776173285198,0.7910863509749304,1578.8035966055738,277,0.31600093841552734
paper,200,3000000.0,14,8,exclude,launch,0,0.0,prior,0.0,cluster_patrol,12600.0,43200,4892690.778484097,0,4169517.888063582,723172.8904205147,0,26,0.7855596589374209,34,9.611476108142018,10.43858765908404,7990.04999508496,3798.7979296678423,2.1033100846676493,2.017446616678983,310.5592853374529,0.0,0.0,0.0,1.1219423414518903,6.1597139451728244,0.7824339839265212,1273.344243359356,839,0.5048027038574219
paper,200,3000000.0,9,9,exclude,launch,0,0.0,prior,0.0,cluster_patrol,12600.0,43200,2383124.969718298,0,1374992.7462757821,1008132.2234425155,0,0,0.0,0,9.741250533764733,9.792385692349983,7879.164612665201,4043.167809498373,1.9487602256218872,2.0205970260257016,312.485486859752,0.0,0.001984126984126984,0.0,1.6021769053690385,10.263297872340425,0.7015590200445434,1718.6283800449028,376,0.37705540657043457
paper,200,3000000.0,4,10,exclude,launch,0,0.0,prior,0.0,cluster_patrol,12600.0,43200,2103543.028466858,0,1299999.841025313,803543.1874415448,0,0,0.0,0,9.31057638717239,14.459349068599106,8259.045556358145,2732.298173047083,3.0227467989511503,2.024944632615841,315.1534499784063,0.0,0.031578947368421054,0.0,3.7961071253872034,40.75714285714286,0.7134246575342466,2293.2179620195247,70,0.1670513153076172
paper,200,3000000.0,5,10,exclude,launch,0,0.0,prior,0.0,cluster_patrol,12600.0,43200,2031153.3528396,0,1266454.7895345665,764698.5633050336,0,0,0.0,0,9.31057638717239,12.604766341886574,8259.045556358145,3138.8352409388,2.6312453258578596,2.022025683240071,313.3609491607,0.0,0.00625,0.0,2.8215313186589865,27.11864406779661,0.724824986537426,2078.072171911202,118,0.20276904106140137
paper,200,3000000.0,10,9,exclude,launch,0,0.0,prior,0.0,cluster_patrol,12600.0,43200,3376283.2234774274,0,2036005.158549877,1340278.0649275503,0,0,0.0,2,9.741250533764733,9.465123246524799,7879.164612665201,4182.979051030545,1.8836251667873023,2.020589184702002,312.48068517920916,0.0,0.003284072249589491,0.0,1.4816091355381564,8.841758241758242,0.6406513194834362,1642.9804495934636,455,0.37177109718322754
paper,200,3000000.0,11,9,exclude,launch,0,0.0,prior,0.0,cluster_patrol,12600.0,43200,3359215.5139428936,0,2321586.927424743,1037628.5865181512,0,7,0.35065022579864435,9,9.741250533764733,9.269160399009225,7879.164612665201,4268.748938605245,1.84577840626992,2.021850205172222,313.2533525431537,0.0,0.0,0.0,1.3635556797289128,7.134686346863469,0.6946778711484594,1702.5280907106617,542,0.40777111053466797
paper,200,3000000.0,15,9,exclude,launch,0,0.0,prior,0.0,cluster_patrol,12600.0,43200,10140831.530274134,0,8337994.800949,1802836.7293251348,0,57,0.8671755811262228,72,9.741250533764733,11.481313314596807,7879.164612665201,3452.659666843731,2.2820565514550077,2.0181091287295736,310.96385940074754,0.0,0.0,0.06828528072837632,0.9542491857734859,4.251769464105156,0.551433389544688,1557.4460333939044,989,0.33277201652526855
paper,200,3000000.0,12,9,exclude,launch,0,0.0,prior,0.0,cluster_patrol,12600.0,43200,4384496.177401219,0,3246759.7766823755,1137736.4007188422,0,15,0.5587052117607592,21,9.741250533764733,9.67980481569748,7879.164612665201,4087.958957620033,1.9274079545192815,2.0217006924086727,313.1616914605084,0.0,0.0,0.0,1.2344390286475215,5.9036697247706424,0.6722878021360315,1696.7747301336397,654,0.4157726764678955
paper,200,3000000.0,7,10,exclude,launch,0,0.0,prior,0.0,cluster_patrol,12600.0,43200,1390765.912563595,0,941836.8196175015,448929.0929460936,0,0,0.0,0,9.31057638717239,9.79823494804441,8259.045556358145,4042.8166816586277,2.0428939045956804,2.0195661782135117,311.854557527072,0.0,0.010416666666666666,0.0,2.1998773611725664,18.855813953488372,0.7975995635570103,1646.6708447819192,215,0.25077056884765625
paper,200,3000000.0,6,10,exclude,launch,0,0.0,prior,0.0,cluster_patrol,12600.0,43200,1641012.5751297562,0,1055133.2179508281,585879.357178928,0,0,0.0,0,9.31057638717239,11.638338198946148,8259.045556358145,3403.498032683963,2.426634444047305,2.0196378902634082,311.8984281782443,0.0,0.009216589861751152,0.0,2.5000152209334985,23.5,0.7520215633423181,1755.8489731969544,162,0.33677196502685547
paper,200,3000000.0,14,9,exclude,launch,0,0.0,prior,0.0,cluster_patrol,12600.0,43200,8070122.256228977,0,6696953.521600737,1373168.7346282396,0,44,0.8331647002437205,51,9.741250533764733,10.940892681539795,7879.164612665201,3618.953467882454,2.177194231037049,2.0204784833143465,312.41290047226477,0.0,0.0,0.07705627705627706,1.010018093837611,4.502314814814815,0.6310461192350956,1685.149735085363,864,0.47428297996520996
paper,200,3000000.0,13,9,exclude,launch,0,0.0,prior,0.0,cluster_patrol,12600.0,43200,6924798.546646723,0,5492155.622013524,1432642.9246331982,0,34,0.7477175575548182,39,9.741250533764733,9.970274103314829,7879.164612665201,3972.839638393174,1.9832576519126635,2.019676691926057,311.9221668171801,0.0,0.0,0.0,1.1617496154994784,5.659574468085107,0.622334455667789,1546.1453568506927,752,0.48528218269348145
paper,200,3000000.0,8,10,exclude,launch,0,0.0,prior,0.0,cluster_patrol,12600.0,43200,1282797.3460827288,0,865708.5606027192,417088.7854800096,0,0,0.0,0,9.31057638717239,9.967084459998402,8259.045556358145,3975.6964585288097,2.0773833320802293,2.0188712786764587,311.4296047535407,0.0,0.0,0.0,1.8990445229188087,16.579505300353357,0.8153424657534246,1410.8617309380422,283,0.4232797622680664
paper,200,3000000.0,4,11,exclude,launch,0,0.0,prior,0.0,cluster_patrol,12600.0,43200,2237746.2076136307,0,1362028.8433960718,875717.364217559,0,0,0.0,0,8.802774966747505,12.864848749582949,8754.709960082677,3072.3935485655184,2.8494754404656906,2.0239904446850607,314.5669292418927,0.0,0.08421052631578947,0.0,3.855866713131311,38.91428571428571,0.7208176438945669,2458.245128323007,70,0.23451018333435059
paper,200,3000000.0,9,10,exclude,launch,0,0.0,prior,0.0,cluster_patrol,12600.0,43200,1620383.711464125,0,1043129.0923180769,577254.6191460482,0,0,0.0,0,9.31057638717239,9.441912022251095,8259.045556358145,4193.75345222631,1.9693684071899171,2.0203524681498912,312.3357477778724,0.0,0.002036659877800407,0.0,1.647137748500602,12.212534059945504,0.7722283205268935,1477.4241848181857,367,0.41022729873657227
paper,200,3000000.0,14,10,exclude,launch,0,0.0,prior,0.0,cluster_patrol,12600.0,43200,5901388.031236304,0,4912315.9677858325,989072.0634504713,0,28,0.7148693411159794,36,9.31057638717239,10.469154500694131,8259.045556358145,3773.6412754426187,2.1886143789301817,2.0249661343605494,315.1666729758024,0.0,0.0,0.07759372275501308,1.0164132645158144,4.364377182770664,0.7259218492019813,1744.5881439198233,859,0.27650976181030273
paper,200,3000000.0,5,11,exclude,launch,0,0.0,prior,0.0,cluster_patrol,12600.0,43200,2032942.8864249357,0,1236916.1041236282,796026.7823013075,0,0,0.0,0,8.802774966747505,10.462327959748537,8754.709960082677,3782.765833388343,2.314367408844022,2.0213997126075247,312.97721187442045,0.0,0.013793103448275862,0.0,3.130718146615083,28.205607476635514,0.7241566920565833,2226.087792557129,107,0.2695155143737793
paper,200,3000000.0,13,10,exclude,launch,0,0.0,prior,0.0,cluster_patrol,12600.0,43200,4453760.498918505,0,3828755.3963493127,625005.1025691926,0,21,0.7432030063682925,24,9.31057638717239,9.675394686649748,8259.045556358145,4093.539903246288,2.0175803220602537,2.0198646502961903,312.03717147713115,0.0,0.0,0.0,1.2099287702850834,6.938973647711512,0.7970132743362832,1316.1027384945369,721,0.33251047134399414
paper,200,3000000.0,10,10,exclude,launch,0,0.0,prior,0.0,cluster_patrol,12600.0,43200,1643911.190409705,0,1196950.0102524424,446961.1801572625,0,3,0.2091237799806544,4,9.31057638717239,9.36198736126683,8259.045556358145,4229.748292560954,1.9526092299354303,2.0202606865166084,312.27956053540237,0.0,0.0,0.0,1.507078004434048,10.572706935123042,0.814936847885777,1395.8952955925772,447,0.4652278423309326
paper,200,3000000.0,11,10,exclude,launch,0,0.0,prior,0.0,cluster_patrol,12600.0,43200,2436327.62291347,0,1966629.2551494655,469698.36776400433,0,7,0.5102585069843555,9,9.31057638717239,9.066966570092223,8259.045556358145,4365.059460522639,1.8920808825292086,2.0213327310160767,312.93616423342735,0.0,0.0,0.0,1.3922094141771577,8.424812030075188,0.8085339168490153,1470.2881353394541,532,0.4640209674835205
paper,200,3000000.0,6,11,exclude,launch,0,0.0,prior,0.0,cluster_patrol,12600.0,43200,1639173.719543511,0,1025105.393451531,614068.3260919801,0,0,0.0,0,8.802774966747505,12.482758868698033,8754.709960082677,3175.770036460507,2.7567203731917784,2.0180427354926085,310.92330338678187,0.0,0.009478672985781991,0.0,2.5728620071166906,25.794871794871796,0.7897042716319824,1649.83667500576,156,0.34702062606811523
paper,200,3000000.0,7,11,exclude,launch,0,0.0,prior,0.0,cluster_patrol,12600.0,43200,1507258.3292893486,0,1001306.1749065177,505952.1543828308,0,0,0.0,0,8.802774966747505,9.821667704965023,8754.709960082677,4035.3384370310887,2.1695107106118616,2.0184815600232406,311.19140643221203,0.0,0.0035460992907801418,0.0,2.237461578715728,19.01421800947867,0.787199124726477,1660.7250722457343,211,0.35151171684265137
paper,200,3000000.0,12,10,exclude,launch,0,0.0,prior,0.0,cluster_patrol,12600.0,43200,3105345.762228317,0,2598702.0648847986,506643.6973435188,0,11,0.631075758183821,15,9.31057638717239,9.608649172345748,8259.045556358145,4121.868953000856,2.0037137644430176,2.019916747575559,312.06905159553196,0.0,0.0,0.0,1.293769847431702,8.02728731942215,0.801980198019802,1318.0629805248243,623,0.5280208587646484
paper,200,3000000.0,4,12,exclude,launch,0,0.0,prior,0.0,cluster_patrol,12600.0,43200,3048255.2141278065,0,1725477.5849264,1322777.6292014066,0,0,0.0,0,8.978508258459357,9.89919399841797,8576.832776345937,3986.963827111833,2.151219110146534,2.0269724979099584,316.40175343902587,0.0,0.019801980198019802,0.0,3.5863664352912723,31.373333333333335,0.6382400869092885,2851.2317003588814,75,0.2105093002319336
paper,200,3000000.0,9,11,exclude,launch,0,0.0,prior,0.0,cluster_patrol,12600.0,43200,1327721.1641023401,0,908217.1194758314,419504.0446265086,0,0,0.0,1,8.802774966747505,9.489424430590775,8754.709960082677,4177.7426387611695,2.0955599032971355,2.0179408532187892,310.86107419553883,0.0,0.002136752136752137,0.0,1.7260976265034087,12.837142857142856,0.80043980208906,1478.3960856357573,350,0.33850932121276855
paper,200,3000000.0,8,11,exclude,launch,0,0.0,prior,0.0,cluster_patrol,12600.0,43200,1185066.855785593,0,823962.8573862353,361103.9983993576,0,0,0.0,0,8.802774966747505,10.278154025002438,8754.709960082677,3859.014822451448,2.268638593754151,2.0169652631118584,310.2655039128514,0.0,0.0027247956403269754,0.0,1.9597850650975777,17.522058823529413,0.8275862068965517,1393.106494363475,272,0.4455111026763916
paper,200,3000000.0,7,12,exclude,launch,0,0.0,prior,0.0,cluster_patrol,12600.0,43200,1815804.549036544,0,1147038.223917416,668766.3251191281,0,0,0.0,0,8.978508258459357,10.24329065467311,8576.832776345937,3868.625672332313,2.2170231763920296,2.0188022563410475,311.38741125768274,0.0,0.006711409395973154,0.0,2.129247932599141,16.121076233183857,0.7329639889196676,1860.182213565058,223,0.19277524948120117
paper,200,3000000.0,5,12,exclude,launch,0,0.0,prior,0.0,cluster_patrol,12600.0,43200,2140231.1543705785,0,1289394.5862959449,850836.5680746333,0,0,0.0,0,8.978508258459357,11.061359612432383,8576.832776345937,3576.704455493531,2.397970780944064,2.022080399640072,313.39450299852274,0.0,0.012903225806451613,0.0,2.933951374806977,27.652173913043477,0.7241379310344828,2114.3486407808487,115,0.2767775058746338
paper,200,3000000.0,10,11,exclude,launch,0,0.0,prior,0.0,cluster_patrol,12600.0,43200,1833410.6280085845,0,1371056.1699269097,462354.45808167476,0,2,0.25691741949759817,3,8.802774966747505,9.302330749828055,8754.709960082677,4260.29963711197,2.054951694904126,2.0186362355527887,311.28593411434696,0.0,0.0,0.0,1.551963348841761,10.524249422632794,0.8137362637362637,1450.3036386723147,433,0.43228793144226074
paper,200,3000000.0,12,11,exclude,launch,0,0.0,prior,0.0,cluster_patrol,12600.0,43200,3218350.324459873,0,2690509.220232514,527841.1042273592,0,13,0.6012671382032287,16,8.802774966747505,9.866254244231914,8754.709960082677,4018.1959304992833,2.178766319887954,2.017932220818552,310.8558018541768,0.0,0.0,0.0011961722488038277,1.2899962983397586,8.159744408945686,0.7926292629262927,1291.1656551318201,626,0.4092886447906494
paper,200,3000000.0,6,12,exclude,launch,0,0.0,prior,0.0,cluster_patrol,12600.0,43200,1731402.862120944,0,1125778.2311370962,605624.6309838479,0,0,0.0,0,8.978508258459357,10.359183495304626,8576.832776345937,3823.3581260142,2.243272142881151,2.019851688370197,312.0292398814624,0.0,0.0,0.0,2.5672460872200062,21.821656050955415,0.7594728171334432,1948.5845423916408,157,0.25878047943115234
paper,200,3000000.0,11,11,exclude,launch,0,0.0,prior,0.0,cluster_patrol,12600.0,43200,2256728.2110934136,0,1710636.8339558274,546091.3771375865,0,5,0.3308329017170769,8,8.802774966747505,8.870450358680445,8754.709960082677,4462.5894501734865,1.9618004429563491,2.020958441014722,312.70684148376336,0.0,0.0,0.0,1.4105495857269608,7.887619047619047,0.7846916299559471,1596.3971994453977,525,0.44328832626342773
paper,200,3000000.0,14,11,exclude,launch,0,0.0,prior,0.0,cluster_patrol,12600.0,43200,5702724.862060548,0,4994683.027769984,708041.8342905644,0,31,0.8253492198297889,39,8.802774966747505,10.726849629297844,8754.709960082677,3699.694854402768,2.3663329827497153,2.015820645357359,309.5674750602722,0.0,0.0,0.0,1.107973162412827,6.826855123674911,0.7709251101321586,1135.7958153755012,849,0.46428799629211426
paper,200,3000000.0,13,11,exclude,launch,0,0.0,prior,0.0,cluster_patrol,12600.0,43200,4715956.952017061,0,3941270.7234848673,774686.2285321942,0,21,0.6866195321814349,27,8.802774966747505,10.407068598455545,8754.709960082677,3812.652981346303,2.296225227660573,2.01620316029559,309.8006588984233,0.0,0.0,0.0,1.205398241186739,7.110344827586207,0.7721238938053098,1277.403556203099,725,0.5012829303741455
ring,200,1500000.0,2,1,exclude,launch,0,0.0,prior,0.0,cluster_patrol,12600.0,43200,4157303.652271465,0,3090007.931100913,1067295.721170552,0,0,0.0,0,4.790641138341366,2.7675777366565013,8016.279765394607,6988.823441652059,1.1470142052264625,2.0680264732137013,342.2041642455891,0.0,0.04081632653061224,0.0,3.678366098110206,33.22857142857143,0.6472019464720195,5355.051408968427,35,0.11900115013122559
ring,200,1500000.0,3,1,exclude,launch,0,0.0,prior,0.0,cluster_patrol,12600.0,43200,3385623.988386664,0,2610857.1826852034,774766.8057014608,0,0,0.0,0,4.790641138341366,2.8633099634646944,8016.279765394607,6777.787135313798,1.1827281685534181,2.0611220132139207,337.7939780781492,0.0,0.018691588785046728,0.0,2.5527582765948127,18.75,0.7311320754716981,4453.1423970690485,80,0.1360011100769043
paper,200,3000000.0,8,12,exclude,launch,0,0.0,prior,0.0,cluster_patrol,12600.0,43200,1678990.8402710198,0,1098375.7983049522,580615.0419660676,0,0,0.0,0,8.978508258459357,9.069140972175395,8576.832776345937,4367.213582790242,1.9639142015275883,2.0198513190320773,312.0290138794402,0.0,0.0025974025974025974,0.0,1.8736636442428114,12.306620209059233,0.7593406593406593,1885.8710448031466,287,0.3477780818939209
ring,200,1500000.0,4,1,exclude,launch,0,0.0,prior,0.0,cluster_patrol,12600.0,43200,4239000.9273434635,0,3154581.4942481513,1084419.4330953124,0,0,0.0,0,4.790641138341366,2.8366968331163287,8016.279765394607,6775.373248933805,1.1831495433341734,2.081200120722933,350.69811031538535,0.0,0.015706806282722512,0.0,1.8848440818353867,8.27972027972028,0.6276849642004774,5598.621941735214,143,0.12799978256225586
ring,200,1500000.0,5,1,exclude,launch,0,0.0,prior,0.0,cluster_patrol,12600.0,43200,10498893.364452263,0,8858644.0056901,1640249.3587621644,0,14,0.20810375120782104,15,4.790641138341366,2.745170417106943,8016.279765394607,6877.41579253917,1.1655947534960605,2.1186801594432554,375.43358973959636,0.0,0.0,0.007042253521126761,1.5784481023897265,2.3333333333333335,0.26150121065375304,13244.237657784382,213,0.06200146675109863
ring,200,1500000.0,6,1,exclude,launch,0,0.0,prior,0.0,cluster_patrol,12600.0,43200,26391547.456734892,0,24478797.585002758,1912749.871732133,0,150,0.9594718552178764,177,4.790641138341366,2.9081385448051753,8016.279765394607,6386.8836475637445,1.255115985783206,2.1535546351620756,399.20648889117257,0.0,0.0,0.0,1.3528856939744482,1.0869565217391304,0.12560386473429952,20251.004259663354,299,0.05500006675720215
ring,200,1500000.0,2,2,exclude,launch,0,0.0,prior,0.0,cluster_patrol,12600.0,43200,3870157.271492368,0,3035102.4183391603,835054.8531532075,0,0,0.0,0,4.800997103893391,2.7553512548945793,7998.26927637493,7019.900759217249,1.1393707049024968,2.068007206323336,342.191817827573,0.0,0.04081632653061224,0.0,3.723697595022723,33.611111111111114,0.6518518518518519,5447.0125984001,36,0.1045069694519043
paper,200,3000000.0,9,12,exclude,launch,0,0.0,prior,0.0,cluster_patrol,12600.0,43200,1839474.719646199,0,1183904.5629677407,655570.156678458,0,0,0.0,1,8.978508258459357,8.708635683160873,8576.832776345937,4544.962073815788,1.8871076671372822,2.0212014484471137,312.8557194931448,0.0,0.0,0.0,1.6670972649176823,9.725274725274724,0.7411504424778761,1870.6885770179624,364,0.36528611183166504
ring,200,1500000.0,5,2,exclude,launch,0,0.0,prior,0.0,cluster_patrol,12600.0,43200,10280883.150473017,0,8868454.638151694,1412428.5123213227,0,10,0.14803618063377866,11,4.800997103893391,2.7309281659037206,7998.26927637493,6902.791869290755,1.158700628358469,2.1219001123681265,377.5979586394843,0.0,0.0,0.0,1.5680334964586868,2.144186046511628,0.2543640897755611,14310.244354087134,215,0.07850837707519531
ring,200,1500000.0,6,2,exclude,launch,0,0.0,prior,0.0,cluster_patrol,12600.0,43200,25311270.76578141,0,23717827.361858346,1593443.4039230612,0,156,0.9632437347475434,179,4.800997103893391,2.9014243367363304,7998.26927637493,6408.286287318001,1.2481136013232594,2.1513290238302716,397.6675563341899,0.0,0.0,0.007575757575757576,1.3535110435853777,1.0236486486486487,0.1407035175879397,21616.034449181174,296,0.07534670829772949
ring,200,1500000.0,3,2,exclude,launch,0,0.0,prior,0.0,cluster_patrol,12600.0,43200,2948830.559282161,0,2330761.2728651846,618069.2864169759,0,0,0.0,0,4.800997103893391,2.8695664024164653,7998.26927637493,6756.459958502248,1.1837958524878112,2.0631200759795583,339.06728878523455,0.0,0.028037383177570093,0.0,2.512830996888987,20.05,0.7655860349127181,4114.822054091253,80,0.11101937294006348
paper,200,3000000.0,10,12,exclude,launch,0,0.0,prior,0.0,cluster_patrol,12600.0,43200,2244917.602674441,0,1626545.3016648989,618372.301009542,0,3,0.2840290246765314,3,8.978508258459357,8.995159355105082,8576.832776345937,4401.650544088536,1.948549229530435,2.0205312203758323,312.4451915285355,0.0,0.0,0.0,1.510472578525161,8.706546275395034,0.7624371157070989,1702.0400916966669,443,0.37980079650878906
ring,200,1500000.0,4,2,exclude,launch,0,0.0,prior,0.0,cluster_patrol,12600.0,43200,3980105.683888869,0,3113071.2288057003,867034.4550831689,0,0,0.0,0,4.800997103893391,2.7851348112394483,7998.26927637493,6908.1693012607675,1.1577986768383361,2.0789823261979947,349.26085807429075,0.0,0.0,0.0,1.942934588320696,8.731884057971014,0.655860349127182,5425.8924710798365,138,0.12302303314208984
ring,200,1500000.0,2,3,exclude,launch,0,0.0,prior,0.0,cluster_patrol,12600.0,43200,4043177.753243735,0,3078499.7163742403,964678.0368694944,0,0,0.0,0,4.839334046393169,2.7680025121138048,7932.266771253912,6990.352437741087,1.134744899045062,2.0672568466004213,341.7111529846427,0.0,0.04081632653061224,0.0,3.7652408971428577,34.083333333333336,0.648960739030023,5458.0332209361395,36,0.11002278327941895
paper,200,3000000.0,11,12,exclude,launch,0,0.0,prior,0.0,cluster_patrol,12600.0,43200,2468616.6675422555,0,1730587.5275750821,738029.1399671735,0,3,0.2703211345700682,5,8.978508258459357,8.994002949080055,8576.832776345937,4401.91723393475,1.9484311768123244,2.0206685811669893,312.5293057744306,0.0,0.0,0.0,1.4185943503202385,7.576923076923077,0.7583518930957683,1675.37837147629,520,0.42080020904541016
ring,200,1500000.0,6,3,exclude,launch,0,0.0,prior,0.0,cluster_patrol,12600.0,43200,26719390.24946202,0,24850428.236979313,1868962.012482705,0,157,0.9632492174906463,176,4.839334046393169,3.7188441952865343,7932.266771253912,5010.830463495296,1.583024376705967,2.1465563744391094,394.3774559300866,0.0,0.0,0.22274881516587677,1.0642296556516415,0.9053627760252366,0.1320754716981132,22913.39371896445,317,0.07567501068115234
ring,200,1500000.0,5,3,exclude,launch,0,0.0,prior,0.0,cluster_patrol,12600.0,43200,11126246.104742436,0,9572708.962924084,1553537.1418183525,0,14,0.18174982210188625,15,4.839334046393169,2.734637217813537,7932.266771253912,6917.695016656709,1.1466632674835007,2.114457011283632,372.60432899977366,0.0,0.0,0.0035087719298245615,1.5693839043415836,2.3551401869158877,0.294811320754717,13110.38657230585,214,0.08551192283630371
ring,200,1500000.0,5,4,exclude,launch,0,0.0,prior,0.0,cluster_patrol,12600.0,43200,9422003.083420858,0,7826934.9603677085,1595068.1230531503,0,9,0.1386204192516661,10,4.846178161612115,2.753241838934963,7920.593506759091,6863.365914723354,1.1540392287358252,2.116793421644373,374.16826398844387,0.0,0.0,0.0035087719298245615,1.5783296348044615,2.4790697674418603,0.28433734939759037,12420.464768386553,215,0.049002647399902344
paper,200,3000000.0,12,12,exclude,launch,0,0.0,prior,0.0,cluster_patrol,12600.0,43200,3718808.6046893243,0,2671286.2505082814,1047522.3541810428,0,8,0.403327602252461,16,8.978508258459357,8.843050228911405,8576.832776345937,4471.783613005108,1.9179892227795368,2.0230523219843564,313.99081605527476,0.0,0.0,0.0,1.3127190655073444,5.949593495934959,0.7058171745152355,1802.4719581368793,615,0.3460233211517334
ring,200,1500000.0,3,3,exclude,launch,0,0.0,prior,0.0,cluster_patrol,12600.0,43200,3283781.391822237,0,2552377.965846612,731403.4259756249,0,0,0.0,0,4.839334046393169,2.8689506118307166,7932.266771253912,6753.2829226962485,1.1745793656290286,2.064533692440177,339.9695947020954,0.0,0.01818181818181818,0.0,2.450670307087815,18.304878048780488,0.7546728971962616,4386.255066982613,82,0.13251471519470215
ring,200,1500000.0,4,3,exclude,launch,0,0.0,prior,0.0,cluster_patrol,12600.0,43200,4204139.930513827,0,3262900.4633933012,941239.4671205258,0,0,0.0,0,4.839334046393169,2.80080116430014,7932.266771253912,6868.3703356397,1.154897942834226,2.07933282337598,349.4878030850292,0.0,0.0,0.0,1.9231158968433049,8.435714285714285,0.6121495327102804,5616.5819476702345,140,0.12751460075378418
ring,200,1500000.0,2,4,exclude,launch,0,0.0,prior,0.0,cluster_patrol,12600.0,43200,3764449.4258801998,0,2873694.1267026365,890755.2991775636,0,0,0.0,0,4.846178161612115,2.761640480691209,7920.593506759091,7009.490090271262,1.1299814115940308,2.0663620881624554,341.1384309210577,0.0,0.04,0.0,3.6258554204398523,33.648648648648646,0.6729411764705883,5377.963050851573,37,0.1080026626586914
ring,200,1500000.0,5,5,exclude,launch,0,0.0,prior,0.0,cluster_patrol,12600.0,43200,9749189.824864132,0,8266144.49712775,1483045.3277363833,0,11,0.14720670922010173,11,4.7908619966838,2.7359034403076823,8015.8948489202385,6897.631700917522,1.162122768580695,2.119625932808672,376.06866882530693,0.0,0.0035087719298245615,0.0,1.5729900416369813,2.317757009345794,0.26370757180156656,13230.854986295282,214,0.04700303077697754
ring,200,1500000.0,6,4,exclude,launch,0,0.0,prior,0.0,cluster_patrol,12600.0,43200,25140926.08950055,0,23384152.56961617,1756773.5198843835,0,153,0.9636927704237823,173,4.846178161612115,2.9152624559902263,7920.593506759091,6382.179619725513,1.2410483531799663,2.149875492086066,396.66409419005157,0.0,0.0,0.017632241813602016,1.351279406939159,1.117056856187291,0.1783132530120482,19750.32020424461,299,0.07299995422363281
ring,200,1500000.0,3,4,exclude,launch,0,0.0,prior,0.0,cluster_patrol,12600.0,43200,3123655.8995492267,0,2413623.053335516,710032.8462137111,0,0,0.0,0,4.846178161612115,2.863842312113145,7920.593506759091,6773.026645007493,1.1694319130720514,2.062187290330467,338.47255192187396,0.0,0.01818181818181818,0.0,2.4473351085642725,18.28048780487805,0.777511961722488,4426.321788455358,82,0.127000093460083
paper,200,3000000.0,14,12,exclude,launch,0,0.0,prior,0.0,cluster_patrol,12600.0,43200,8090529.848904437,0,6952085.00700531,1138444.8418991275,0,34,0.8413807562974285,39,8.978508258459357,11.011721474207055,8576.832776345937,3594.8198295095694,2.38588668782214,2.020959639566747,312.70757568727856,0.0,0.0,0.07725321888412018,1.0023588088497193,4.713631156930126,0.7049089906232764,1580.8793014217695,873,0.41402339935302734
ring,200,1500000.0,4,4,exclude,launch,0,0.0,prior,0.0,cluster_patrol,12600.0,43200,3679158.7108652657,0,2737554.709366505,941604.0014987604,0,0,0.0,0,4.846178161612115,2.8182039829085754,7920.593506759091,6837.515322883429,1.158402304452741,2.0758179085304573,347.2152516944542,0.0,0.0,0.0,1.935562109800973,9.63768115942029,0.7067307692307693,4938.495161001243,138,0.13599944114685059
ring,200,1500000.0,6,5,exclude,launch,0,0.0,prior,0.0,cluster_patrol,12600.0,43200,25803863.357454654,0,24210293.05991451,1593570.2975401438,0,155,0.9713478378415799,183,4.7908619966838,2.903666187662987,8015.8948489202385,6406.788903215424,1.2511563858296064,2.1501704512154762,396.8676200547636,0.0,0.0,0.015151515151515152,1.3545272439485505,1.1308724832214765,0.1618798955613577,19559.64724477498,298,0.0559999942779541
ring,200,1500000.0,4,5,exclude,launch,0,0.0,prior,0.0,cluster_patrol,12600.0,43200,3970735.687046055,0,3195541.419859766,775194.2671862894,0,0,0.0,0,4.7908619966838,2.7914918608349115,8015.8948489202385,6888.389838493937,1.1636819397365608,2.0802039083321264,350.0521450728003,0.0,0.0053475935828877,0.0,1.9131527569030324,8.16546762589928,0.6214099216710183,5728.2208803920685,139,0.09199738502502441
ring,200,1500000.0,2,5,exclude,launch,0,0.0,prior,0.0,cluster_patrol,12600.0,43200,3890485.682490317,0,2993346.549313486,897139.1331768314,0,0,0.0,0,4.7908619966838,2.9182075962289664,8015.8948489202385,6633.493095835289,1.2083972551283522,2.0663387793549566,341.12351770686547,0.0,0.04081632653061224,0.0,3.6791206757750596,33.729729729729726,0.6328125,5306.5210483830215,37,0.11099982261657715
ring,200,1500000.0,6,6,exclude,launch,0,0.0,prior,0.0,cluster_patrol,12600.0,43200,26228120.31147444,0,24439970.154370643,1788150.1571037935,0,153,0.9650134951430936,181,4.807696645954622,2.912532936144062,7986.659159050209,6383.180674790274,1.2512036813547691,2.1515528026449915,397.8221571838604,0.0,0.0,0.015113350125944584,1.3496127432397726,1.0738255033557047,0.1347517730496454,20481.583178792353,298,0.05300307273864746
ring,200,1500000.0,3,6,exclude,launch,0,0.0,prior,0.0,cluster_patrol,12600.0,43200,3395852.7327806447,0,2690273.1669153715,705579.5658652727,0,0,0.0,0,4.807696645954622,2.837043028340547,7986.659159050209,6828.0556069846025,1.1696827938660077,2.0648904676252724,340.19751241175146,0.0,0.01834862385321101,0.0,2.4803506619539553,18.402439024390244,0.7311320754716981,4365.223454506309,82,0.08603310585021973
ring,200,1500000.0,3,5,exclude,launch,0,0.0,prior,0.0,cluster_patrol,12600.0,43200,3255663.612219276,0,2544297.4512985107,711366.1609207651,0,0,0.0,0,4.7908619966838,2.84458982338518,8015.8948489202385,6813.7631797246795,1.176426981315211,2.0637320280281726,339.4577482358785,0.0,0.01818181818181818,0.0,2.464237875433711,17.156626506024097,0.7480519480519481,4674.612830669762,83,0.13103890419006348
ring,200,1500000.0,4,6,exclude,launch,0,0.0,prior,0.0,cluster_patrol,12600.0,43200,4413189.854296682,0,3401778.2942160964,1011411.5600805868,0,0,0.0,0,4.807696645954622,2.8063164361978514,7986.659159050209,6858.473394307233,1.1644951725961945,2.0782409271867364,348.78104911815404,0.0,0.0053475935828877,0.0,1.9346500321880826,8.56115107913669,0.6141176470588235,5538.771605166367,139,0.08103299140930176
ring,200,1500000.0,5,6,exclude,launch,0,0.0,prior,0.0,cluster_patrol,12600.0,43200,10736027.688308982,0,9179127.386065312,1556900.3022436693,0,13,0.1748200352872421,14,4.807696645954622,2.739343742481201,7986.659159050209,6900.554680684319,1.1573937934882335,2.116067208551911,373.6818042014564,0.0,0.0,0.0,1.582832935736509,2.5868544600938965,0.30823529411764705,11975.490616316014,213,0.08003711700439453
paper,200,3000000.0,13,12,exclude,launch,0,0.0,prior,0.0,cluster_patrol,12600.0,43200,6619444.217719265,0,5623081.068432563,996363.149286702,0,25,0.7682825494051281,31,8.978508258459357,9.800853548115409,8576.832776345937,4040.2180095604617,2.122863854388644,2.020325228707542,312.31907170112936,0.0,0.0,0.0,1.1602244894447116,5.683023872679045,0.7206455203116305,1535.6393061479214,754,0.48805904388427734
ring,200,1500000.0,2,6,exclude,launch,0,0.0,prior,0.0,cluster_patrol,12600.0,43200,4017759.659570986,0,3073369.0069176885,944390.6526532978,0,0,0.0,0,4.807696645954622,2.8698870178717457,7986.659159050209,6742.367502220157,1.184548180801525,2.0672013073039084,341.6755890933514,0.0,0.061224489795918366,0.0,3.6967773318204684,34.138888888888886,0.6517647058823529,5377.636604905441,36,0.11703634262084961
ring,200,1500000.0,5,7,exclude,launch,0,0.0,prior,0.0,cluster_patrol,12600.0,43200,9511922.731526036,0,8054315.080533553,1457607.6509924822,0,8,0.09998883102134624,10,4.836229285138715,2.738994725805839,7937.573119120503,6884.538932370807,1.1529563848928757,2.1212601584729085,377.1673028936076,0.0,0.0,0.0,1.5692885270461538,2.483720930232558,0.2617283950617284,12276.933753177478,215,0.0720374584197998
ring,200,1500000.0,4,7,exclude,launch,0,0.0,prior,0.0,cluster_patrol,12600.0,43200,4474866.954986326,0,3493488.099822336,981378.8551639905,0,0,0.0,0,4.836229285138715,2.8021332637103606,7937.573119120503,6860.2764236674875,1.1570340069295773,2.0807964127992795,350.43626577593716,0.0,0.0,0.0,1.9212710643694753,7.621428571428571,0.5851851851851851,6220.095581367709,140,0.09103655815124512
ring,200,1500000.0,6,7,exclude,launch,0,0.0,prior,0.0,cluster_patrol,12600.0,43200,24057638.512944277,0,22520305.721185703,1537332.7917585727,0,152,0.9599854069983903,174,4.836229285138715,2.9157155835251616,7937.573119120503,6376.112954569317,1.2448921742253949,2.151586601825578,397.8455104512546,0.0,0.0,0.010050251256281407,1.3486263639149423,1.0973154362416107,0.15308641975308643,20119.428925495613,298,0.07603597640991211
ring,200,1500000.0,2,7,exclude,launch,0,0.0,prior,0.0,cluster_patrol,12600.0,43200,3311662.633247522,0,2595406.708202683,716255.9250448392,0,0,0.0,0,4.836229285138715,2.8046482968645243,7937.573119120503,6896.701119135973,1.150923170658573,2.0679506831613326,342.1555984994272,0.0,0.04081632653061224,0.0,3.7143051358910433,39.361111111111114,0.7118226600985221,4638.096415330306,36,0.11303591728210449
ring,200,1500000.0,5,8,exclude,launch,0,0.0,prior,0.0,cluster_patrol,12600.0,43200,9544353.47291608,0,8136514.882974568,1407838.589941511,0,11,0.14059405457040894,14,4.796976710386977,2.7315848664674656,8005.252074719057,6892.457665361466,1.1614510329094974,2.1245706914861677,379.39777204490315,0.0,0.0,0.006968641114982578,1.568929380130374,2.1906976744186046,0.29743589743589743,13989.553046981635,215,0.06400251388549805
ring,200,1500000.0,6,8,exclude,launch,0,0.0,prior,0.0,cluster_patrol,12600.0,43200,24481959.7051888,0,22999916.961489785,1482042.7436990142,0,154,0.9706442887647696,176,4.796976710386977,2.919271538099122,8005.252074719057,6397.47389328416,1.2513145357455362,2.141790441063801,391.1056233914007,0.0,0.0,0.017676767676767676,1.3539154346976796,1.2315436241610738,0.13881748071979436,17846.118503776142,298,0.0729990005493164
ring,200,1500000.0,3,7,exclude,launch,0,0.0,prior,0.0,cluster_patrol,12600.0,43200,3287840.6781356535,0,2590932.7328149434,696907.9453207101,0,0,0.0,0,4.836229285138715,2.8319779897623127,7937.573119120503,6851.632483364827,1.1584937076517525,2.061465438220352,338.0126629608973,0.0,0.009433962264150943,0.0,2.576907804938775,18.0126582278481,0.7241379310344828,4688.695231213474,79,0.13603663444519043
ring,200,1500000.0,4,8,exclude,launch,0,0.0,prior,0.0,cluster_patrol,12600.0,43200,3764408.1662160903,0,2971582.8813280417,792825.2848880487,0,0,0.0,0,4.796976710386977,2.830292108255585,8005.252074719057,6796.109324739833,1.1779169068951834,2.079545247935804,349.62538270223286,0.0,0.005319148936170213,0.0,1.908666254673912,8.307142857142857,0.6666666666666666,5625.089942703649,140,0.0879981517791748
ring,200,1500000.0,2,8,exclude,launch,0,0.0,prior,0.0,cluster_patrol,12600.0,43200,3616276.0791137866,0,2825662.8133929432,790613.2657208433,0,0,0.0,0,4.796976710386977,2.870034152582094,8005.252074719057,6741.7873943246705,1.187407968613485,2.0672731970222165,341.7216231246067,0.0,0.04,0.0,3.6498765101710173,33.55263157894737,0.6964285714285714,5267.150528423044,38,0.11203622817993164
ring,200,1500000.0,3,8,exclude,launch,0,0.0,prior,0.0,cluster_patrol,12600.0,43200,3164575.7311269483,0,2526341.7833301346,638233.9477968133,0,0,0.0,0,4.796976710386977,2.856940622985686,8005.252074719057,6782.59168360873,1.1802644841595125,2.064253853191847,339.79087921010796,0.0,0.027522935779816515,0.0,2.499411188827062,18.40740740740741,0.7627551020408163,4415.90660733308,81,0.1230006217956543
ring,200,1500000.0,6,9,exclude,launch,0,0.0,prior,0.0,cluster_patrol,12600.0,43200,23492126.009426035,0,21867592.179078523,1624533.8303475135,0,148,0.9543701943978836,174,4.853710806530296,2.915796166928808,7907.783946703841,6371.387107883658,1.2411400865784967,2.153122990219204,398.9077891716237,0.0,0.0,0.002506265664160401,1.3529039378298808,1.0635451505016722,0.17,20708.120126363556,299,0.07300066947937012
ring,200,1500000.0,4,9,exclude,launch,0,0.0,prior,0.0,cluster_patrol,12600.0,43200,3516194.014551596,0,2682578.9098541946,833615.1046974015,0,0,0.0,0,4.853710806530296,2.8284175490955543,7907.783946703841,6810.740504231199,1.161075501524555,2.0764531394729158,347.6254084443288,0.0,0.0,0.0,1.9277223914065487,9.557971014492754,0.7146401985111662,4987.056696885142,138,0.08899688720703125
ring,200,1500000.0,5,9,exclude,launch,0,0.0,prior,0.0,cluster_patrol,12600.0,43200,9457861.410989698,0,7917795.797751436,1540065.613238263,0,8,0.12957149068445167,9,4.853710806530296,2.718906116105556,7907.783946703841,6918.182853325965,1.143043500635737,2.1265409152836816,380.72833014245845,0.0,0.0,0.0,1.5720498976444521,2.1549295774647885,0.26119402985074625,14390.219665744145,213,0.0839996337890625
ring,200,1500000.0,2,9,exclude,launch,0,0.0,prior,0.0,cluster_patrol,12600.0,43200,3719910.2616083254,0,2874254.8916340834,845655.3699742416,0,0,0.0,0,4.853710806530296,2.788089895316098,7907.783946703841,6942.239947425301,1.139082487293836,2.0665865502844154,341.28206077428285,0.0,0.04,0.0,3.6354345450049745,33.027027027027025,0.6799007444168734,5448.494023055394,37,0.11500000953674316
ring,200,1500000.0,6,10,exclude,launch,0,0.0,prior,0.0,cluster_patrol,12600.0,43200,24544157.679222677,0,22957950.315504074,1586207.3637186,0,153,0.961145355916663,176,4.8412324859166675,2.9220690589320855,7929.025501191047,6395.396862026479,1.2398019500979982,2.140434863543762,390.17750339582346,0.0,0.0,0.015151515151515152,1.354024446408825,1.2087542087542087,0.16,18271.346490331645,297,0.04599905014038086
ring,200,1500000.0,3,9,exclude,launch,0,0.0,prior,0.0,cluster_patrol,12600.0,43200,3127400.634975561,0,2433380.312975575,694020.3219999857,0,0,0.0,0,4.853710806530296,2.854869745136707,7907.783946703841,6788.510671409058,1.1648775894260266,2.0639500761730574,339.59692937659656,0.0,0.01818181818181818,0.0,2.44196625481655,18.08433734939759,0.749379652605459,4412.063076798912,83,0.13373661041259766
ring,200,1500000.0,5,10,exclude,launch,0,0.0,prior,0.0,cluster_patrol,12600.0,43200,9899133.249732075,0,8400741.350432886,1498391.899299188,0,10,0.16718576265364118,11,4.8412324859166675,2.7322650942811073,7929.025501191047,6904.483157578298,1.1483879850569583,2.120342326614688,376.5500786413235,0.0,0.0035211267605633804,0.007042253521126761,1.5752820452690228,2.2629107981220655,0.275,13572.771157075256,213,0.0787363052368164
ring,200,1500000.0,3,10,exclude,launch,0,0.0,prior,0.0,cluster_patrol,12600.0,43200,3248479.363655657,0,2544463.6460574754,704015.7175981811,0,0,0.0,0,4.8412324859166675,2.832680640327902,7929.025501191047,6845.799017395399,1.1582322941475691,2.0627102760470915,338.80593924482554,0.0,0.018518518518518517,0.0,2.5018949959105354,17.296296296296298,0.7481662591687042,4764.475667324573,81,0.10573554039001465
ring,200,1500000.0,5,11,exclude,launch,0,0.0,prior,0.0,cluster_patrol,12600.0,43200,9572982.674042316,0,8097873.439363188,1475109.2346791278,0,5,0.059451312348269614,7,4.810166257763029,2.723348519945095,7982.387549587255,6922.088388853601,1.1531761949819967,2.12187417519493,377.5804994907915,0.0,0.0,0.0,1.5791543635435488,2.3207547169811322,0.27710843373493976,13337.207934016094,212,0.04773664474487305
ring,200,1500000.0,2,10,exclude,launch,0,0.0,prior,0.0,cluster_patrol,12600.0,43200,3652728.906038994,0,2907833.5201314134,744895.3859075806,0,0,0.0,0,4.8412324859166675,2.8626883845318094,7929.025501191047,6764.723725958173,1.1721137214761803,2.065550659694539,340.6194625126402,0.0,0.04,0.0,3.667555139158867,33.13157894736842,0.6497584541062802,5370.691006129394,38,0.11873650550842285
ring,200,1500000.0,4,10,exclude,launch,0,0.0,prior,0.0,cluster_patrol,12600.0,43200,4164197.0194629743,0,3270747.3960297666,893449.6234332079,0,0,0.0,0,4.8412324859166675,2.7860802172161314,7929.025501191047,6909.24969230704,1.1475957382202375,2.077951883465521,348.59407892005936,0.0,0.005319148936170213,0.0,1.930861869617232,7.864285714285714,0.6,5978.670001321583,140,0.1177370548248291
ring,200,1500000.0,6,11,exclude,launch,0,0.0,prior,0.0,cluster_patrol,12600.0,43200,24156333.522374865,0,22676374.93881165,1479958.5835632144,0,155,0.970804835386364,179,4.810166257763029,2.9227144344810054,7982.387549587255,6381.4012470487305,1.2508831901581097,2.1446555663435696,393.07090966839553,0.0,0.0,0.005025125628140704,1.3519770925687082,1.2895622895622896,0.18421052631578946,17237.87656849993,297,0.07873678207397461
ring,200,1500000.0,6,12,exclude,launch,0,0.0,prior,0.0,cluster_patrol,12600.0,43200,23929140.737624887,0,22193079.527689494,1736061.2099353932,0,145,0.9422831629848809,166,4.793249881478669,2.9154097052021957,8011.735459045254,6376.804795527212,1.2563871274003569,2.151578884177766,397.8401779452326,0.0,0.0,0.005037783375314861,1.3532953063217465,1.0402684563758389,0.18204488778054864,21197.474190634948,298,0.042998552322387695
ring,200,1500000.0,2,11,exclude,launch,0,0.0,prior,0.0,cluster_patrol,12600.0,43200,3689024.3283243473,0,2854879.4101776485,834144.9181466986,0,0,0.0,0,4.810166257763029,2.8455640054305533,7982.387549587255,6791.652073361252,1.1753233916231367,2.0697419548108114,343.3043549647369,0.0,0.04,0.0,3.574266383975561,33.526315789473685,0.6587112171837709,5174.453082331959,38,0.11273670196533203
ring,200,1500000.0,3,12,exclude,launch,0,0.0,prior,0.0,cluster_patrol,12600.0,43200,3430021.529724554,0,2604060.606387623,825960.9233369315,0,0,0.0,0,4.793249881478669,2.8453234802007144,8011.735459045254,6815.6190077635265,1.1754963782334746,2.062638112212971,338.75992725826427,0.0,0.01834862385321101,0.0,2.4907953595915204,17.271604938271604,0.7610837438423645,4757.039032823645,81,0.10625052452087402
ring,200,1500000.0,4,11,exclude,launch,0,0.0,prior,0.0,cluster_patrol,12600.0,43200,3752848.428793474,0,2904335.1757356725,848513.2530578014,0,0,0.0,0,4.810166257763029,2.8057454224481013,7982.387549587255,6847.4727750440625,1.1657421375488257,2.082003302570607,351.21934403211003,0.0,0.0,0.0,1.9048646646386014,8.914285714285715,0.7050359712230215,5217.3874639881815,140,0.12125039100646973
ring,200,1500000.0,5,12,exclude,launch,0,0.0,prior,0.0,cluster_patrol,12600.0,43200,9029939.340221694,0,7371034.335701206,1658905.0045204877,0,8,0.06180740093558815,8,4.793249881478669,2.7465865466179857,8011.735459045254,6867.352229514721,1.16664111454953,2.1206909339215545,376.7844508121899,0.0,0.0,0.0035087719298245615,1.5763021211901147,2.4131455399061035,0.2967581047381546,12777.757845983197,213,0.0795135498046875
ring,200,1500000.0,2,12,exclude,launch,0,0.0,prior,0.0,cluster_patrol,12600.0,43200,4177886.7783923307,0,3036347.7831133865,1141538.9952789445,0,0,0.0,0,4.793249881478669,2.96595906251066,8011.735459045254,6534.531499431823,1.2260611888919464,2.063860708653732,339.53988222516625,0.0,0.04081632653061224,0.0,3.714785536490658,33.083333333333336,0.6601466992665037,5618.751271255111,36,0.11925053596496582
ring,200,1500000.0,4,12,exclude,launch,0,0.0,prior,0.0,cluster_patrol,12600.0,43200,3890435.176143041,0,2928423.6727930875,962011.5033499538,0,0,0.0,0,4.793249881478669,2.8255777200199836,8011.735459045254,6806.17479464855,1.1771274909578568,2.0799343892337188,349.8774855148817,0.0,0.0,0.0,1.893627523367085,8.73943661971831,0.698019801980198,5302.949688053831,142,0.10651421546936035
ring,200,1500000.0,3,11,exclude,launch,0,0.0,prior,0.0,cluster_patrol,12600.0,43200,2895365.7758521093,0,2276917.936034481,618447.8398176283,0,0,0.0,0,4.810166257763029,2.8532746248273764,7982.387549587255,6791.318163729526,1.17538117890263,2.0642502231646174,339.78856125178135,0.0,0.00909090909090909,0.0,2.476063074322099,20.51219512195122,0.7613365155131265,3962.6137730974283,82,0.14725041389465332
ring,200,3000000.0,10,1,exclude,launch,0,0.0,prior,0.0,cluster_patrol,12600.0,43200,4852651.812527395,0,3960257.428125763,892394.3844016325,0,10,0.29714958989179546,15,9.581282276682732,5.573974597234432,8016.279765394607,6886.608022240891,1.164038920104839,2.084105202477421,352.58522701158313,0.0,0.0,0.0,1.583680928498903,4.016470588235294,0.6980676328502415,3855.0402695352377,425,0.13650918006896973
ring,200,3000000.0,11,1,exclude,launch,0,0.0,prior,0.0,cluster_patrol,12600.0,43200,12158416.908052523,0,10886554.856278861,1271862.0517736613,0,55,0.7203640518404609,69,9.581282276682732,5.671031180300344,8016.279765394607,6677.787553883925,1.200439472012282,2.1124933647042075,371.2924459532666,0.0,0.0,0.0014727540500736377,1.4572115999058295,1.9271653543307086,0.43855421686746987,6738.481058944665,508,0.14050912857055664
ring,200,3000000.0,12,1,exclude,launch,0,0.0,prior,0.0,cluster_patrol,12600.0,43200,24478867.65270513,0,22731850.863526568,1747016.7891785642,0,142,0.9635999898996418,177,9.581282276682732,5.78497465265644,8016.279765394607,6457.186306087829,1.2414509022043962,2.1416337857154244,390.9983102060795,0.0,0.0,0.0012594458438287153,1.3590752062089784,1.1394957983193277,0.21497584541062803,9730.435816078001,595,0.13850617408752441
ring,200,3000000.0,4,1,exclude,launch,0,0.0,prior,0.0,cluster_patrol,12600.0,43200,1076695.1063236808,0,941744.5764561817,134950.52986749916,0,0,0.0,0,9.581282276682732,6.156791438763613,8016.279765394607,6387.620332004003,1.2549712332197491,2.034213116416348,320.8790310502845,0.0,0.0,0.0,3.3919371380444074,49.97435897435897,0.9245283018867925,1692.4772581577054,78,0.22602343559265137
ring,200,3000000.0,5,2,exclude,launch,0,0.0,prior,0.0,cluster_patrol,12600.0,43200,1184344.6036787515,0,1008821.3671886689,175523.2364900827,0,0,0.0,0,9.601994207786783,5.88619962155683,7998.26927637493,6685.653531693431,1.196333198910028,2.032877148437964,320.05056112960193,0.0,0.0,0.0,2.830850554236424,33.559322033898304,0.9115479115479116,1700.1171992900217,118,0.24824786186218262
ring,200,3000000.0,8,1,exclude,launch,0,0.0,prior,0.0,cluster_patrol,12600.0,43200,1536687.533984368,0,1277149.1343479084,259538.39963645962,0,0,0.0,0,9.581282276682732,5.807332223421152,8016.279765394607,6753.941606671939,1.1869039195535325,2.039651709987695,324.26270342410146,0.0,0.0026595744680851063,0.0,1.914496549788874,12.70357142857143,0.9164677804295943,1860.7769715153713,280,0.3087606430053711
ring,200,3000000.0,9,1,exclude,launch,0,0.0,prior,0.0,cluster_patrol,12600.0,43200,2011877.3214159643,0,1596619.012314462,415258.3091015023,0,0,0.0,0,9.581282276682732,5.697699545911442,8016.279765394607,6847.88586704929,1.1706211115415057,2.0503779820540915,330.98817155520777,0.0,0.004329004329004329,0.0,1.7514888315489554,9.069565217391304,0.8520286396181385,2119.4878308881634,345,0.30576038360595703
ring,200,3000000.0,5,1,exclude,launch,0,0.0,prior,0.0,cluster_patrol,12600.0,43200,931113.8221144542,0,824671.263993912,106442.55812054222,0,0,0.0,0,9.581282276682732,6.011529543557606,8016.279765394607,6551.746413094046,1.2235332779934227,2.031177708263886,318.9982398061081,0.0,0.0,0.0,2.9263970020461794,39.469565217391306,0.9198113207547169,1482.8790743452644,115,0.3627643585205078
ring,200,3000000.0,7,1,exclude,launch,0,0.0,prior,0.0,cluster_patrol,12600.0,43200,1329848.0791848134,0,1136262.3555954872,193585.7235893262,0,0,0.0,0,9.581282276682732,5.835902721508142,8016.279765394607,6743.7827946103935,1.1886918676860692,2.0327237853439772,319.95552504455816,0.0,0.0035087719298245615,0.0,2.211586916462228,18.16509433962264,0.9219858156028369,1733.657235782874,212,0.33176136016845703
ring,200,3000000.0,10,2,exclude,launch,0,0.0,prior,0.0,cluster_patrol,12600.0,43200,4476711.086808196,0,3766207.8511296385,710503.2356785584,0,6,0.20510606114161686,11,9.601994207786783,5.594937418931591,7998.26927637493,6885.761987622359,1.1615663292969436,2.0765516939090354,347.6890648975241,0.0,0.0,0.0,1.5937374832804965,4.392018779342723,0.6733167082294265,3540.989545177035,426,0.15374016761779785
ring,200,3000000.0,6,1,exclude,launch,0,0.0,prior,0.0,cluster_patrol,12600.0,43200,1131788.3370433236,0,974626.5891591909,157161.74788413258,0,0,0.0,0,9.581282276682732,5.787779948510343,8016.279765394607,6803.864564382635,1.1781950815656754,2.031525677734976,319.2135671479806,0.0,0.0,0.0,2.5440827695604344,26.923566878980893,0.9168646080760094,1551.157555619133,157,0.35476088523864746
ring,200,3000000.0,4,2,exclude,launch,0,0.0,prior,0.0,cluster_patrol,12600.0,43200,1070135.8132394296,0,959772.2438681104,110363.56937131935,0,0,0.0,0,9.601994207786783,5.911451794991765,7998.26927637493,6652.258097109494,1.2023389891998175,2.0343550142215365,320.9670886335707,0.0,0.0,0.0,3.5186621467019727,49.9078947368421,0.9287469287469288,1742.4866636829265,76,0.30524730682373047
ring,200,3000000.0,6,2,exclude,launch,0,0.0,prior,0.0,cluster_patrol,12600.0,43200,1092911.1330844013,0,957035.984990544,135875.14809385722,0,0,0.0,0,9.601994207786783,5.881871889272992,7998.26927637493,6695.029065542936,1.194657886929772,2.031524008306758,319.212533913972,0.0,0.004672897196261682,0.0,2.5320021488207827,27.126582278481013,0.9379652605459057,1519.947913976962,158,0.3472471237182617
ring,200,3000000.0,8,2,exclude,launch,0,0.0,prior,0.0,cluster_patrol,12600.0,43200,1222191.7483928865,0,1069527.0149522272,152664.73344065904,0,0,0.0,0,9.601994207786783,5.735349224383227,7998.26927637493,6835.931888925654,1.1700334945309045,2.0404802377248368,324.7797375287798,0.0,0.0026666666666666666,0.0,1.9167730222590706,12.475,0.940149625935162,1895.957575902889,280,0.2717409133911133
ring,200,3000000.0,12,2,exclude,launch,0,0.0,prior,0.0,cluster_patrol,12600.0,43200,24787123.98422561,0,23284943.0021877,1502180.9820379077,0,151,0.9782410443580019,179,9.601994207786783,7.421338228403126,7998.26927637493,5058.379401920157,1.5811920460807651,2.131063357080894,383.79129531933046,0.0,0.0,0.21904761904761905,1.0676616630948481,1.0063492063492063,0.22443890274314215,10343.72221956665,630,0.1320033073425293
ring,200,3000000.0,11,2,exclude,launch,0,0.0,prior,0.0,cluster_patrol,12600.0,43200,10997258.412036287,0,9887483.516260538,1109774.8957757484,0,52,0.7075301150838751,67,9.601994207786783,5.634654670967005,7998.26927637493,6688.649254859548,1.1957973832405542,2.1226786882438726,378.1222311110947,0.0,0.0,0.0,1.4570515829207764,1.7834645669291338,0.4763092269326683,7299.102469207728,508,0.14800024032592773
ring,200,3000000.0,9,2,exclude,launch,0,0.0,prior,0.0,cluster_patrol,12600.0,43200,2072770.6870521314,0,1677778.7405039398,394991.9465481915,0,0,0.0,0,9.601994207786783,5.703649913118636,7998.26927637493,6835.336564386094,1.1701353987524217,2.051999367038279,332.0108004746818,0.0,0.0,0.0,1.733829121445729,7.871060171919771,0.8482587064676617,2419.2775169693177,349,0.277738094329834
ring,200,3000000.0,7,2,exclude,launch,0,0.0,prior,0.0,cluster_patrol,12600.0,43200,1179410.0668977841,0,1004453.5595181616,174956.50737962246,0,0,0.0,0,9.601994207786783,5.835242132533534,7998.26927637493,6747.610134845783,1.1853484591634207,2.031800783151957,319.38385683389777,0.0,0.0035587188612099642,0.0,2.2571170975903447,21.210526315789473,0.9407407407407408,1498.7270453158708,209,0.3247377872467041
ring,200,3000000.0,12,3,exclude,launch,0,0.0,prior,0.0,cluster_patrol,12600.0,43200,23738232.983514484,0,22015852.4194882,1722380.5640262857,0,136,0.9531975610088924,176,9.678668092786339,7.380248057835923,7932.266771253912,5066.770810306027,1.5655467887198184,2.1393791942758296,389.45548450459165,0.0,0.0,0.21428571428571427,1.0709580152899127,0.9267515923566879,0.24056603773584906,11242.044074822064,628,0.0785071849822998
ring,200,3000000.0,11,3,exclude,launch,0,0.0,prior,0.0,cluster_patrol,12600.0,43200,13690816.32394844,0,12377139.793541467,1313676.5304069733,0,65,0.7860812667742417,73,9.678668092786339,5.6547111298988995,7932.266771253912,6692.883054027687,1.185179347557908,2.1138118414890883,372.1730454723942,0.0,0.0,0.0029455081001472753,1.4554110761675787,1.8858267716535433,0.4481132075471698,6892.393819750107,508,0.08750581741333008
ring,200,3000000.0,4,3,exclude,launch,0,0.0,prior,0.0,cluster_patrol,12600.0,43200,1054702.2640386028,0,948586.1920551696,106116.07198343321,0,0,0.0,0,9.678668092786339,6.196302048869755,7932.266771253912,6347.144818925794,1.2497377951109028,2.034131379686037,320.8283131354041,0.0,0.0,0.0,3.3828333660820675,49.51898734177215,0.9237875288683602,1694.219772631127,79,0.2665097713470459
ring,200,3000000.0,10,3,exclude,launch,0,0.0,prior,0.0,cluster_patrol,12600.0,43200,5194448.602022388,0,4326246.309832596,868202.2921897919,0,9,0.25860556800236095,15,9.678668092786339,5.581161289825192,7932.266771253912,6890.931817942479,1.1511167111826626,2.080115550957069,349.99488102578783,0.0,0.0,0.0,1.5906957263596961,4.112676056338028,0.6415094339622641,3784.0835371038315,426,0.2061300277709961
ring,200,3000000.0,9,3,exclude,launch,0,0.0,prior,0.0,cluster_patrol,12600.0,43200,2249701.8242978156,0,1828041.8287388603,421659.9955589552,0,0,0.0,0,9.678668092786339,5.654018455231345,7932.266771253912,6887.273707924489,1.1517281158910608,2.054401968787983,333.5290535351924,0.0,0.004291845493562232,0.0,1.738735409914059,7.6801152737752165,0.8051643192488263,2479.1742790113512,347,0.26513195037841797
ring,200,3000000.0,6,3,exclude,launch,0,0.0,prior,0.0,cluster_patrol,12600.0,43200,1719980.03724609,0,1411209.1620021928,308770.875243897,0,0,0.0,0,9.678668092786339,5.686643279816187,7932.266771253912,6911.724768429447,1.1476537386855992,2.035389665813727,321.60952802215843,0.0,0.013215859030837005,0.0,2.405284214455463,20.779761904761905,0.8855140186915887,1911.0809270969512,168,0.29313182830810547
ring,200,3000000.0,5,3,exclude,launch,0,0.0,prior,0.0,cluster_patrol,12600.0,43200,1265596.115771507,0,1078342.2697401082,187253.8460313987,0,0,0.0,0,9.678668092786339,5.890137648436905,7932.266771253912,6681.262145409765,1.1872407635889015,2.032853261646701,320.0357580282684,0.0,0.012578616352201259,0.0,2.8538963668237463,33.403361344537814,0.9071925754060325,1693.2447547571794,119,0.31912755966186523
ring,200,3000000.0,7,3,exclude,launch,0,0.0,prior,0.0,cluster_patrol,12600.0,43200,1329636.1785189426,0,1135782.3333829567,193853.84513598602,0,0,0.0,0,9.678668092786339,5.693942861335643,7932.266771253912,6902.451094649091,1.1491956498472193,2.035511423594862,321.6851725186372,0.0,0.006896551724137931,0.0,2.1737911229265126,17.921296296296298,0.9135514018691588,1710.6732000287682,216,0.3091280460357666
ring,200,3000000.0,8,3,exclude,launch,0,0.0,prior,0.0,cluster_patrol,12600.0,43200,1558172.477971902,0,1294083.1614974802,264089.3164744217,0,0,0.0,0,9.678668092786339,5.759175226622336,7932.266771253912,6811.594087804707,1.1645242903501294,2.0392991335321646,324.0428066882126,0.0,0.0,0.0,1.931362740403749,12.271428571428572,0.9039812646370023,1934.159164605281,280,0.3141331672668457
ring,200,3000000.0,12,4,exclude,launch,0,0.0,prior,0.0,cluster_patrol,12600.0,43200,22871110.9202704,0,21282605.791301887,1588505.1289685077,0,141,0.9592566109414147,173,9.69235632322423,6.533164850598697,7920.593506759091,5729.848453665129,1.382339091654796,2.137092078421292,387.89351844253616,0.0,0.0,0.11642156862745098,1.2063283755573115,1.0686274509803921,0.23373493975903614,10063.607775112434,612,0.08199858665466309
ring,200,3000000.0,4,4,exclude,launch,0,0.0,prior,0.0,cluster_patrol,12600.0,43200,1032942.8317784531,0,922865.6382414551,110077.19353699798,0,0,0.0,0,9.69235632322423,6.014578109492542,7920.593506759091,6542.1260277676765,1.2107063473159319,2.0331335713816356,320.209492894732,0.0,0.0,0.0,3.4591200369565245,49.922077922077925,0.9203747072599532,1746.0102739624122,77,0.3081319332122803
ring,200,3000000.0,7,4,exclude,launch,0,0.0,prior,0.0,cluster_patrol,12600.0,43200,1148027.4355614916,0,1005445.7030755326,142581.73248595913,0,0,0.0,0,9.69235632322423,5.80617582525651,7920.593506759091,6773.067427875958,1.1694248715375626,2.0342972154649726,320.9312189755789,0.0,0.006756756756756757,0.0,2.122078279710313,17.96818181818182,0.9210526315789473,1679.9778077816181,220,0.2436215877532959
ring,200,3000000.0,11,4,exclude,launch,0,0.0,prior,0.0,cluster_patrol,12600.0,43200,9998862.567849128,0,8929420.328786256,1069442.239062872,0,49,0.7514447161881783,69,9.69235632322423,5.713659106483231,7920.593506759091,6670.9767310159905,1.187321411260984,2.0988733617341477,362.2567995386719,0.0,0.0,0.0014858841010401188,1.467922491226824,2.5169660678642716,0.5614457831325301,5216.6154958538355,501,0.17699837684631348
ring,200,3000000.0,5,4,exclude,launch,0,0.0,prior,0.0,cluster_patrol,12600.0,43200,896615.1411241903,0,805899.3438248343,90715.79729935603,0,0,0.0,0,9.69235632322423,6.0270248587333715,7920.593506759091,6540.297864287394,1.211044767549297,2.029501966369147,317.96228962738195,0.0,0.0,0.0,2.994619273216304,39.919642857142854,0.9401913875598086,1488.6009120095464,112,0.36095714569091797
ring,200,3000000.0,6,4,exclude,launch,0,0.0,prior,0.0,cluster_patrol,12600.0,43200,1061657.4623475147,0,937824.3844022651,123833.07794524965,0,0,0.0,0,9.69235632322423,5.776341424726391,7920.593506759091,6821.4841520445025,1.1611246658669094,2.0302908489169758,318.44977000861894,0.0,0.0,0.0,2.5636875741428953,26.605095541401273,0.9289099526066351,1586.5455257166002,157,0.3239574432373047
ring,200,3000000.0,10,4,exclude,launch,0,0.0,prior,0.0,cluster_patrol,12600.0,43200,4389705.81142948,0,3629823.8258241336,759881.985605346,0,8,0.2719631885813949,10,9.69235632322423,5.650603775573933,7920.593506759091,6823.87548214006,1.1607177662443344,2.0747417110186235,346.5209236209715,0.0,0.0,0.0,1.583936733709146,4.546099290780142,0.7132530120481928,3446.192134491647,423,0.2208271026611328
ring,200,3000000.0,5,5,exclude,launch,0,0.0,prior,0.0,cluster_patrol,12600.0,43200,1103806.9130939147,0,964482.4780938603,139324.43500005436,0,0,0.0,0,9.5817239933676,5.862840732134808,8015.8948489202385,6715.662379121133,1.193611947176127,2.0318565162558153,319.41836104187615,0.0,0.0064516129032258064,0.0,2.918751704846656,35.10434782608696,0.9250645994832042,1657.985607567729,115,0.19582581520080566
ring,200,3000000.0,8,4,exclude,launch,0,0.0,prior,0.0,cluster_patrol,12600.0,43200,1357083.1825598087,0,1151656.9064893106,205426.27607049837,0,0,0.0,0,9.69235632322423,5.752339029192356,7920.593506759091,6825.77148810551,1.1603953517285777,2.0374819387201626,322.9106319511641,0.0,0.0026954177897574125,0.0,1.9455892243527637,13.906137184115524,0.9228915662650602,1714.8184109056012,277,0.32744693756103516
ring,200,3000000.0,9,4,exclude,launch,0,0.0,prior,0.0,cluster_patrol,12600.0,43200,1706509.3162897078,0,1421528.3688078176,284980.94748189,0,0,0.0,0,9.69235632322423,5.754480390843136,7920.593506759091,6787.937084685458,1.1668631290983922,2.048075980113899,329.5389780275129,0.0,0.002145922746781116,0.0,1.7354396819323716,8.507204610951009,0.8987951807228916,2242.4931365457146,347,0.28044843673706055
ring,200,3000000.0,12,5,exclude,launch,0,0.0,prior,0.0,cluster_patrol,12600.0,43200,22679020.923065253,0,21269962.7328655,1409058.1901997505,0,136,0.9675569139981637,183,9.5817239933676,5.796753121005401,8015.8948489202385,6437.544709155007,1.2451789014405783,2.1438032462355814,392.48575982971624,0.0,0.0,0.005037783375314861,1.3570078169266744,1.2222222222222223,0.26370757180156656,9090.55625971459,594,0.10199809074401855
ring,200,3000000.0,4,5,exclude,launch,0,0.0,prior,0.0,cluster_patrol,12600.0,43200,1069098.886007023,0,948028.6033900715,121070.28261695158,0,0,0.0,0,9.5817239933676,6.000395337419601,8015.8948489202385,6555.361108558711,1.2227998909861193,2.033824627328203,320.6380080210891,0.0,0.0,0.0,3.5156241227507747,49.8421052631579,0.9123711340206185,1765.0217451177116,76,0.28482508659362793
ring,200,3000000.0,7,5,exclude,launch,0,0.0,prior,0.0,cluster_patrol,12600.0,43200,1067597.6436327172,0,946351.5745115903,121246.06912112684,0,0,0.0,0,9.5817239933676,5.823440709176386,8015.8948489202385,6758.7138552685865,1.186008909471977,2.032573545660444,319.86243815933443,0.0,0.0,0.0,2.2191145634505345,20.4811320754717,0.922077922077922,1540.652755139067,212,0.25882744789123535
ring,200,3000000.0,11,5,exclude,launch,0,0.0,prior,0.0,cluster_patrol,12600.0,43200,9939777.00657982,0,8945365.99819902,994411.0083808001,0,50,0.7076869424038927,59,9.5817239933676,5.73796174328798,8015.8948489202385,6637.182481171696,1.2077255479504536,2.100625244897132,363.4127789114613,0.0,0.0,0.0,1.4611628310489366,2.3399209486166006,0.5378590078328982,5561.141734649026,506,0.16399812698364258
ring,200,3000000.0,10,5,exclude,launch,0,0.0,prior,0.0,cluster_patrol,12600.0,43200,4195332.361381684,0,3359465.21367503,835867.1477066549,0,6,0.11704413851859288,11,9.5817239933676,5.61184527351987,8015.8948489202385,6861.499141777336,1.1682424909323648,2.0776160192852577,348.37688550606134,0.0,0.0017699115044247787,0.0,1.5935112827916185,4.080188679245283,0.6214099216710183,3832.5474125051624,424,0.20082569122314453
ring,200,3000000.0,6,5,exclude,launch,0,0.0,prior,0.0,cluster_patrol,12600.0,43200,959029.2209323606,0,863766.6725843211,95262.54834803946,0,0,0.0,0,9.5817239933676,5.870615529381672,8015.8948489202385,6711.499648640985,1.1943522712607728,2.0304241772502456,318.5321955185536,0.0,0.004761904761904762,0.0,2.565758268045976,28.670967741935485,0.9321148825065274,1481.3919621563414,155,0.37384700775146484
ring,200,3000000.0,9,5,exclude,launch,0,0.0,prior,0.0,cluster_patrol,12600.0,43200,1727542.6612495538,0,1451271.3630370635,276271.2982124903,0,0,0.0,0,9.5817239933676,5.716387745654993,8015.8948489202385,6818.629951091766,1.1755873110017903,2.0524433819223624,332.2911216456541,0.0,0.00425531914893617,0.0,1.7209902059194384,7.7272727272727275,0.8877284595300261,2427.4738765186985,352,0.2718477249145508
ring,200,3000000.0,8,5,exclude,launch,0,0.0,prior,0.0,cluster_patrol,12600.0,43200,1195966.9442011435,0,1061761.546944324,134205.39725681965,0,0,0.0,0,9.5817239933676,5.872757709167498,8015.8948489202385,6682.574242202641,1.1995220043044554,2.038468998382977,323.525358180763,0.0,0.0026595744680851063,0.0,1.908078798511585,13.975,0.9112271540469974,1684.0238186976849,280,0.3264625072479248
ring,200,3000000.0,12,6,exclude,launch,0,0.0,prior,0.0,cluster_patrol,12600.0,43200,23133160.929347843,0,21486984.65492323,1646176.2744246111,0,137,0.957707166832416,181,9.615393291909244,5.802336840395288,7986.659159050209,6451.873716325489,1.2378821269922222,2.1369836116997547,387.81951998214544,0.0,0.0,0.0,1.3596713919650358,1.1908783783783783,0.2293144208037825,9351.936845758662,592,0.13263916969299316
ring,200,3000000.0,4,6,exclude,launch,0,0.0,prior,0.0,cluster_patrol,12600.0,43200,1131230.2125859307,0,998732.9701498455,132497.24243608536,0,0,0.0,0,9.615393291909244,6.195402193396161,7986.659159050209,6348.982706746134,1.257943126945984,2.0338379076546325,320.6462457911127,0.0,0.0,0.0,3.506419877515649,49.55844155844156,0.9252336448598131,1751.1383304655062,77,0.295637845993042
ring,200,3000000.0,5,6,exclude,launch,0,0.0,prior,0.0,cluster_patrol,12600.0,43200,1133249.6489976693,0,1001345.5175618796,131904.13143578984,0,0,0.0,0,9.615393291909244,5.954861859154891,7986.659159050209,6608.463342868457,1.2085501189424068,2.0329084005955984,320.06992920628716,0.0,0.024844720496894408,0.0,2.8176531779163425,35.21848739495798,0.927570093457944,1589.6854668509498,119,0.2766389846801758
ring,200,3000000.0,11,6,exclude,launch,0,0.0,prior,0.0,cluster_patrol,12600.0,43200,12283852.034982987,0,10991124.495130455,1292727.5398525323,0,61,0.7660050422689545,75,9.615393291909244,5.693849169397493,7986.659159050209,6675.175611056401,1.1964717670980127,2.1048508780614856,366.2086388259706,0.0,0.0,0.004424778761061947,1.4582903720485094,2.0,0.4258823529411765,6491.942027020534,509,0.1556398868560791
ring,200,3000000.0,10,6,exclude,launch,0,0.0,prior,0.0,cluster_patrol,12600.0,43200,5652363.147483926,0,4810453.072683488,841910.0748004386,0,13,0.31019485536356595,14,9.615393291909244,5.6266292684244705,7986.659159050209,6852.2801133324765,1.1655476756577088,2.074944944699303,346.6519902403764,0.0,0.0,0.0,1.5852464596817701,4.284037558685446,0.6447058823529411,3633.957244802169,426,0.17563962936401367
ring,200,3000000.0,7,6,exclude,launch,0,0.0,prior,0.0,cluster_patrol,12600.0,43200,1337510.8120755048,0,1148415.9136875516,189094.8983879533,0,0,0.0,0,9.615393291909244,5.744803194277698,7986.659159050209,6846.1025331875635,1.1665994075218151,2.0340959381387007,320.8063227824878,0.0,0.007017543859649123,0.0,2.2082182079698653,16.971830985915492,0.92,1827.7704128152586,213,0.2916381359100342
ring,200,3000000.0,8,6,exclude,launch,0,0.0,prior,0.0,cluster_patrol,12600.0,43200,1702731.9043149748,0,1407898.0945317512,294833.80978322355,0,0,0.0,0,9.615393291909244,5.787100404903266,7986.659159050209,6777.026582127703,1.1784901626492859,2.0398103005477153,324.3616383375389,0.0,0.005376344086021506,0.0,1.933235076397121,12.719424460431656,0.892271662763466,1876.5590927902795,278,0.24164223670959473
ring,200,3000000.0,6,6,exclude,launch,0,0.0,prior,0.0,cluster_patrol,12600.0,43200,1333650.5646900006,0,1150372.871202582,183277.69348741832,0,0,0.0,0,9.615393291909244,5.770054692241515,7986.659159050209,6821.546667117073,1.1707988743299966,2.03248431496483,319.8071581945182,0.0,0.004651162790697674,0.0,2.510480587101031,23.88679245283019,0.9016393442622951,1753.357769278369,159,0.3146395683288574
ring,200,3000000.0,9,6,exclude,launch,0,0.0,prior,0.0,cluster_patrol,12600.0,43200,2636476.227056459,0,2111829.4159275102,524646.8111289489,0,0,0.0,0,9.615393291909244,5.71888106844021,7986.659159050209,6825.992488203011,1.1700363240734757,2.049335749087903,330.3316542941613,0.0,0.0,0.0,1.7591662662513117,7.428571428571429,0.785377358490566,2576.3516440576855,343,0.2446455955505371
ring,200,3000000.0,12,7,exclude,launch,0,0.0,prior,0.0,cluster_patrol,12600.0,43200,21993729.974399336,0,20658207.267240226,1335522.7071591066,0,140,0.9555702894546303,174,9.67245857027743,6.516033266217018,7937.573119120503,5726.92045478529,1.3860107158443313,2.1438063018216393,392.4878568260685,0.0,0.0,0.11355311355311355,1.2066940430453377,1.1008130081300813,0.25925925925925924,9629.784293748564,615,0.09300112724304199
ring,200,3000000.0,11,7,exclude,launch,0,0.0,prior,0.0,cluster_patrol,12600.0,43200,10021436.682476979,0,9096516.950466918,924919.7320100615,0,51,0.7176367460735671,68,9.67245857027743,5.652734393777619,7937.573119120503,6689.655103763454,1.1865444475089602,2.1155713635660325,373.34984016257295,0.0,0.0,0.004424778761061947,1.460087858302923,2.0019607843137255,0.5506172839506173,6478.439131525785,510,0.15399742126464844
ring,200,3000000.0,4,7,exclude,launch,0,0.0,prior,0.0,cluster_patrol,12600.0,43200,1191288.4976917505,0,1056947.4167894723,134341.08090227813,0,0,0.0,0,9.67245857027743,6.026320235686071,7937.573119120503,6527.886292777212,1.2159484346262344,2.03359843915068,320.4977200244165,0.0,0.01,0.0,3.631010172345786,46.85333333333333,0.9388753056234719,1929.2451952943472,75,0.2746150493621826
ring,200,3000000.0,10,7,exclude,launch,0,0.0,prior,0.0,cluster_patrol,12600.0,43200,4321373.14437073,0,3649968.4492457323,671404.6951249981,0,7,0.17866464437040525,10,9.67245857027743,5.612972464130279,7937.573119120503,6853.539739437906,1.158171313058076,2.0796111629944463,349.66807897866624,0.0,0.0,0.0,1.5900187752325297,4.200945626477542,0.6493827160493827,3723.171003000338,423,0.18400049209594727
ring,200,3000000.0,5,7,exclude,launch,0,0.0,prior,0.0,cluster_patrol,12600.0,43200,1161922.9029765679,0,1025925.9075184822,135996.99545808553,0,0,0.0,0,9.67245857027743,5.909933028842953,7937.573119120503,6658.3794263611335,1.1921178729609376,2.033007064571877,320.1310786366219,0.0,0.0125,0.0,2.8429501743605545,32.70338983050848,0.9533169533169533,1734.902776714064,118,0.2876155376434326
ring,200,3000000.0,6,7,exclude,launch,0,0.0,prior,0.0,cluster_patrol,12600.0,43200,972811.153345965,0,866055.6736192954,106755.47972666952,0,0,0.0,0,9.67245857027743,5.848011808265583,7937.573119120503,6732.704281092272,1.1789576354054214,2.0318526356417363,319.4159585042394,0.0,0.013953488372093023,0.0,2.5160266011262302,27.7875,0.9482758620689655,1485.8684291410407,160,0.2760004997253418
ring,200,3000000.0,9,7,exclude,launch,0,0.0,prior,0.0,cluster_patrol,12600.0,43200,1961075.1204285678,0,1628497.1129718863,332578.0074566816,0,0,0.0,0,9.67245857027743,5.669018721952312,7937.573119120503,6871.120357818674,1.1552079873100036,2.0537829296290635,333.13753883328354,0.0,0.0021413276231263384,0.0,1.7328986298641842,7.9054441260744985,0.8691358024691358,2397.1450319322994,349,0.24500226974487305
ring,200,3000000.0,4,8,exclude,launch,0,0.0,prior,0.0,cluster_patrol,12600.0,43200,982953.6108572189,0,885785.8285004816,97167.78235673724,0,0,0.0,0,9.593953420773953,6.110066634933949,8005.252074719057,6437.695215264393,1.2434965942062366,2.0338252214371795,320.63837654388993,0.0,0.0,0.0,3.465013298731983,49.782051282051285,0.9591836734693877,1733.7851604106831,78,0.24699735641479492
ring,200,3000000.0,7,7,exclude,launch,0,0.0,prior,0.0,cluster_patrol,12600.0,43200,1329406.8176445824,0,1143286.1859971243,186120.6316474582,0,0,0.0,0,9.67245857027743,5.796322330436253,7937.573119120503,6789.196795669627,1.1691475969857508,2.032914254378402,320.073557069427,0.0,0.014084507042253521,0.0,2.2386132171261535,17.704225352112676,0.9261083743842364,1773.9784245848628,213,0.29900026321411133
ring,200,3000000.0,8,7,exclude,launch,0,0.0,prior,0.0,cluster_patrol,12600.0,43200,1316293.7226880332,0,1145024.8774666805,171268.84522135273,0,0,0.0,0,9.67245857027743,5.750663194045387,7937.573119120503,6819.058247537654,1.164027763215946,2.0400821424891125,324.53125893742276,0.0,0.005361930294906166,0.0,1.9272817747903526,13.335740072202166,0.9209876543209876,1793.1257476133678,277,0.2980000972747803
ring,200,3000000.0,10,8,exclude,launch,0,0.0,prior,0.0,cluster_patrol,12600.0,43200,4660837.511996286,0,3882105.400766041,778732.1112302445,0,10,0.2375122996839136,14,9.593953420773953,5.600651989113488,8005.252074719057,6859.012923763907,1.167114301094821,2.082522864523785,351.55672566503415,0.0,0.0017513134851138354,0.0017513134851138354,1.5733882184447254,4.048951048951049,0.649616368286445,3814.0035366533384,429,0.13900256156921387
ring,200,3000000.0,12,8,exclude,launch,0,0.0,prior,0.0,cluster_patrol,12600.0,43200,22647695.288567062,0,21240543.219278697,1407152.069288366,0,143,0.9611372227534551,176,9.593953420773953,6.492686411606362,8005.252074719057,5748.569804824538,1.3925641240366569,2.1434124555942864,392.217613082447,0.0,0.0,0.11931119311193111,1.2099648904832163,1.0459770114942528,0.18717948717948718,10323.50475742335,609,0.09999895095825195
ring,200,3000000.0,11,8,exclude,launch,0,0.0,prior,0.0,cluster_patrol,12600.0,43200,10966071.482048558,0,9844295.36427158,1121776.1177769788,0,56,0.7299759938116133,71,9.593953420773953,5.723051736652537,8005.252074719057,6651.709720679979,1.2034878867054215,2.101498220491765,363.9894989239576,0.0,0.0,0.0,1.4593675303200986,2.2529644268774702,0.4358974358974359,5784.091937495547,506,0.14100122451782227
ring,200,3000000.0,5,8,exclude,launch,0,0.0,prior,0.0,cluster_patrol,12600.0,43200,1048369.7928092784,0,922535.8309969374,125833.96181234105,0,0,0.0,0,9.593953420773953,5.887236642000719,8005.252074719057,6687.888636521647,1.1969774782138969,2.031839791100243,319.40800634933777,0.0,0.07051282051282051,0.0,2.9243428346250364,34.76724137931034,0.9642857142857143,1663.0195455793146,116,0.29400110244750977
ring,200,3000000.0,6,8,exclude,launch,0,0.0,prior,0.0,cluster_patrol,12600.0,43200,917011.2016078322,0,827998.8702615725,89012.33134625973,0,0,0.0,0,9.593953420773953,5.8440333520328345,8005.252074719057,6741.590177938059,1.1874427046776512,2.0305559147708587,318.6136480407603,0.0,0.009433962264150943,0.0,2.567437454240499,27.94267515923567,0.9617346938775511,1516.5156930751336,157,0.30399465560913086
ring,200,3000000.0,8,8,exclude,launch,0,0.0,prior,0.0,cluster_patrol,12600.0,43200,1465694.8984797613,0,1260572.6013977288,205122.2970820325,0,0,0.0,0,9.593953420773953,5.725921453169666,8005.252074719057,6849.373009877903,1.1687569158774371,2.039829098264293,324.37336607913977,0.0,0.002702702702702703,0.0,1.9321051256988264,11.176258992805755,0.9358974358974359,2127.5463806032194,278,0.23050880432128906
ring,200,3000000.0,7,8,exclude,launch,0,0.0,prior,0.0,cluster_patrol,12600.0,43200,1086343.4879120898,0,966757.8643486869,119585.62356340286,0,0,0.0,0,9.593953420773953,5.77728590447842,8005.252074719057,6805.404517883681,1.1763080436559412,2.034755268367282,321.21553962415373,0.0,0.010273972602739725,0.0,2.153751674268323,18.045871559633028,0.948849104859335,1685.25534729834,218,0.32550787925720215
ring,200,3000000.0,12,9,exclude,launch,0,0.0,prior,0.0,cluster_patrol,12600.0,43200,21714856.732355937,0,20186793.567935307,1528063.1644206347,0,135,0.9488191546496623,174,9.707421613060593,7.407584304074889,7907.783946703841,5042.624472196416,1.5681881508934667,2.1416907307622517,391.03731741253324,0.0,0.0,0.2164090368608799,1.065551201799786,0.9746031746031746,0.2,10725.486301716153,630,0.09850811958312988
ring,200,3000000.0,9,8,exclude,launch,0,0.0,prior,0.0,cluster_patrol,12600.0,43200,1783300.959595518,0,1487181.2220157804,296119.73757973756,0,0,0.0,0,9.593953420773953,5.6946276743022395,8005.252074719057,6846.743454390489,1.1692057878385487,2.0518263242980295,331.9015849458912,0.0,0.002145922746781116,0.0,1.7331829405061292,7.677233429394812,0.9128205128205128,2459.5733659960006,347,0.273510217666626
ring,200,3000000.0,4,9,exclude,launch,0,0.0,prior,0.0,cluster_patrol,12600.0,43200,1000779.8959071956,0,891624.3972116559,109155.49869553976,0,0,0.0,0,9.707421613060593,5.972518858607061,7907.783946703841,6583.641233803236,1.2011261953494503,2.0345403183933266,321.0821011144097,0.0,0.0,0.0,3.3756957286458,49.89873417721519,0.9315403422982885,1702.1056757103256,79,0.22750520706176758
ring,200,3000000.0,8,9,exclude,launch,0,0.0,prior,0.0,cluster_patrol,12600.0,43200,1446740.7236877002,0,1242092.5477896484,204648.17589805202,0,0,0.0,0,9.707421613060593,5.7596831156049335,7907.783946703841,6815.423058107964,1.1602777816259477,2.037973711227134,323.2168275595892,0.0,0.0026954177897574125,0.0,1.944171411507583,10.94927536231884,0.9354838709677419,2193.0148484052925,276,0.16802024841308594
ring,200,3000000.0,11,9,exclude,launch,0,0.0,prior,0.0,cluster_patrol,12600.0,43200,9928134.515098583,0,8853977.951405516,1074156.5636930685,0,47,0.7157237810914715,59,9.707421613060593,5.721352932217965,7907.783946703841,6642.196049704326,1.1905375703350178,2.105133091396741,366.39574491003555,0.0,0.0,0.0014749262536873156,1.4578657911717914,2.3826429980276136,0.51,5464.073890953685,507,0.1710195541381836
ring,200,3000000.0,5,9,exclude,launch,0,0.0,prior,0.0,cluster_patrol,12600.0,43200,954126.658623042,0,848409.1854752055,105717.47314783653,0,0,0.0,0,9.707421613060593,5.950586963398888,7907.783946703841,6615.330064760009,1.1953725466895082,2.032257162257602,319.6664547096352,0.0,0.0,0.0,2.8156824616859164,37.06666666666667,0.9533169533169533,1510.6568311731824,120,0.2900238037109375
ring,200,3000000.0,4,10,exclude,launch,0,0.0,prior,0.0,cluster_patrol,12600.0,43200,1046950.2700912519,0,929072.2631574755,117878.00693377633,0,0,0.0,0,9.682464971833335,6.125829744105596,7929.025501191047,6423.306144757013,1.234415007240947,2.033136059784926,320.2110354083767,0.0,0.0,0.0,3.512457726418249,49.76923076923077,0.9178743961352657,1728.5587198380892,78,0.17551255226135254
ring,200,3000000.0,6,9,exclude,launch,0,0.0,prior,0.0,cluster_patrol,12600.0,43200,1037787.1861733727,0,921036.7125850108,116750.4735883618,0,0,0.0,0,9.707421613060593,5.812775943285456,7907.783946703841,6774.083935888984,1.1673584238908723,2.0316824554185384,319.31060664552757,0.0,0.013888888888888888,0.0,2.495558598532305,26.39622641509434,0.9425,1542.0833204251833,159,0.2830212116241455
ring,200,3000000.0,10,9,exclude,launch,0,0.0,prior,0.0,cluster_patrol,12600.0,43200,4832114.026751438,0,4053879.280703219,778234.7460482186,0,6,0.19582044143391514,9,9.707421613060593,5.665012327558334,7907.783946703841,6815.338264407651,1.1602922173359123,2.072057064732019,344.79190501254953,0.0,0.0,0.0,1.5941367289164574,5.156028368794326,0.6451612903225806,3034.297570801565,423,0.2420206069946289
ring,200,3000000.0,9,9,exclude,launch,0,0.0,prior,0.0,cluster_patrol,12600.0,43200,1930454.5800246808,0,1585936.7785134567,344517.80151122407,0,0,0.0,0,9.707421613060593,5.745251024143046,7907.783946703841,6803.567871460914,1.1622995604813187,2.046653189221649,328.6448695523548,0.0,0.0,0.0,1.7650586583039378,8.482456140350877,0.8883374689826302,2267.1901271407437,342,0.28602170944213867
ring,200,3000000.0,12,10,exclude,launch,0,0.0,prior,0.0,cluster_patrol,12600.0,43200,22004572.735361636,0,20570782.457941882,1433790.2774197524,0,139,0.9490793927504177,176,9.682464971833335,5.776359199286041,7929.025501191047,6452.3994180345735,1.228849143936948,2.1464192365904666,394.2831198074005,0.0,0.0,0.0037735849056603774,1.3571950607531567,1.0857142857142856,0.23880597014925373,10215.8295121916,595,0.07799959182739258
ring,200,3000000.0,7,9,exclude,launch,0,0.0,prior,0.0,cluster_patrol,12600.0,43200,1054174.6430992533,0,938427.757896269,115746.8852029844,0,0,0.0,0,9.707421613060593,5.750075129912707,7907.783946703841,6842.422082756274,1.1556995243880683,2.033324095406726,320.3276058444386,0.0,0.003484320557491289,0.0,2.204641590283148,20.135514018691588,0.9553349875930521,1539.8805855540281,214,0.3610212802886963
ring,200,3000000.0,8,10,exclude,launch,0,0.0,prior,0.0,cluster_patrol,12600.0,43200,1267824.3300894375,0,1104199.0733211313,163625.25676830614,0,0,0.0,0,9.682464971833335,5.707763669385959,7929.025501191047,6873.548157304859,1.1535564048917704,2.039121127523801,323.93181529990056,0.0,0.0026954177897574125,0.0,1.945536155592643,13.789855072463768,0.9057071960297767,1729.6953242577306,276,0.21351361274719238
ring,200,3000000.0,11,10,exclude,launch,0,0.0,prior,0.0,cluster_patrol,12600.0,43200,11459772.547510337,0,10367699.68997276,1092072.8575375758,0,54,0.7212827969207987,70,9.682464971833335,5.655201334924643,7929.025501191047,6689.964149253856,1.1852119569393187,2.1145508110864437,372.6670531480351,0.0,0.0014792899408284023,0.004437869822485207,1.4579571332978583,1.80990099009901,0.48877805486284287,7186.839929967955,505,0.14850926399230957
ring,200,3000000.0,6,10,exclude,launch,0,0.0,prior,0.0,cluster_patrol,12600.0,43200,1004850.9592729317,0,890772.4270937535,114078.53217917819,0,0,0.0,0,9.682464971833335,5.855372547721592,7929.025501191047,6728.273002187661,1.1784637006573555,2.0306349183130417,318.66250045383896,0.0,0.0,0.0,2.541048343215772,26.94904458598726,0.9312039312039312,1574.2060061438303,157,0.28002214431762695
ring,200,3000000.0,10,10,exclude,launch,0,0.0,prior,0.0,cluster_patrol,12600.0,43200,4561789.8396558575,0,3835273.3094866336,726516.5301692241,0,8,0.2711106105945108,11,9.682464971833335,5.598306758328337,7929.025501191047,6886.859437158138,1.1513267511182077,2.0749712138931766,346.66893320969103,0.0,0.0017730496453900709,0.0,1.5952688640147492,4.706161137440758,0.6401985111662531,3323.9646922743727,422,0.2255101203918457
ring,200,3000000.0,4,11,exclude,launch,0,0.0,prior,0.0,cluster_patrol,12600.0,43200,994830.4411893685,0,887203.5599161078,107626.88127326075,0,0,0.0,0,9.620332515526059,6.1129797699466195,7982.387549587255,6432.034942366326,1.2410360983907467,2.03464494310335,321.1470474868003,0.0,0.0,0.0,3.3681863195557953,49.743589743589745,0.920863309352518,1685.5249847173684,78,0.17650961875915527
ring,200,3000000.0,9,10,exclude,launch,0,0.0,prior,0.0,cluster_patrol,12600.0,43200,1879298.2920058304,0,1537494.1205331439,341804.1714726865,0,0,0.0,0,9.682464971833335,5.72242333047708,7929.025501191047,6817.512137418387,1.163037973584534,2.0506147859117094,331.13742851289203,0.0,0.0,0.0,1.7336925170445006,8.86,0.8808933002481389,2129.5912480175143,350,0.25451040267944336
ring,200,3000000.0,5,10,exclude,launch,0,0.0,prior,0.0,cluster_patrol,12600.0,43200,1091944.6466536287,0,960449.8649056905,131494.78174793813,0,0,0.0,0,9.682464971833335,5.811404657442235,7929.025501191047,6775.548934498764,1.17024105025929,2.03172246971613,319.3353763551452,0.0,0.045454545454545456,0.0,2.9340108919693404,34.35087719298246,0.9191176470588235,1711.0317527251186,114,0.3220217227935791
ring,200,3000000.0,7,10,exclude,launch,0,0.0,prior,0.0,cluster_patrol,12600.0,43200,1098746.659068884,0,958545.7965461498,140200.86252273442,0,0,0.0,0,9.682464971833335,5.825166363727791,7929.025501191047,6747.807577240785,1.1750521055067293,2.0352556276953138,321.52626440244535,0.0,0.0,0.0,2.1070131109187797,18.591928251121075,0.9379652605459057,1589.1280578192707,223,0.35302281379699707
ring,200,3000000.0,7,11,exclude,launch,0,0.0,prior,0.0,cluster_patrol,12600.0,43200,1280043.0932344983,0,1102523.9990823378,177519.09415216057,0,0,0.0,0,9.620332515526059,5.753081072219206,7982.387549587255,6825.93158902844,1.169420971405226,2.0371713579487754,322.7173277247919,0.0,0.013333333333333334,0.0,2.1063067123078345,17.3542600896861,0.9210526315789473,1715.2907462292605,223,0.19150972366333008
ring,200,3000000.0,10,11,exclude,launch,0,0.0,prior,0.0,cluster_patrol,12600.0,43200,5605835.4530559555,0,4755071.849885844,850763.6031701125,0,4,0.07069155496290916,7,9.620332515526059,5.615249355343523,7982.387549587255,6861.346324328577,1.1633850227445528,2.076402769998661,347.592876978237,0.0,0.0017605633802816902,0.0,1.5792628138861795,4.04,0.6081730769230769,3839.8664896660216,425,0.13099980354309082
ring,200,3000000.0,12,11,exclude,launch,0,0.0,prior,0.0,cluster_patrol,12600.0,43200,21972830.592596702,0,20428961.87573854,1543868.7168581642,0,138,0.9507123991863213,179,9.620332515526059,6.511356674139309,7982.387549587255,5746.298772997592,1.3891354878895714,2.1381112498309065,388.58916509750054,0.0,0.0,0.1090686274509804,1.2133502126993323,1.0949263502454991,0.21875,9795.401283172194,611,0.14099979400634766
ring,200,3000000.0,11,11,exclude,launch,0,0.0,prior,0.0,cluster_patrol,12600.0,43200,10496225.264633965,0,9370612.088251093,1125613.1763828706,0,53,0.6769263715407979,66,9.620332515526059,5.672009845565834,7982.387549587255,6683.400849146197,1.1943601363678498,2.1103549212727275,369.8664153583693,0.0,0.0,0.0014771048744460858,1.4605348633968138,2.188976377952756,0.4569377990430622,5939.473325417378,508,0.1600034236907959
ring,200,3000000.0,5,11,exclude,launch,0,0.0,prior,0.0,cluster_patrol,12600.0,43200,1111299.9109920159,0,965893.1953776949,145406.71561432088,0,0,0.0,0,9.620332515526059,5.873550077080001,7982.387549587255,6698.640064082416,1.1916430011500683,2.0333056551735402,320.3161731040858,0.0,0.006211180124223602,0.0,2.817059351589293,33.53333333333333,0.9331742243436754,1661.86544558192,120,0.3220224380493164
ring,200,3000000.0,9,11,exclude,launch,0,0.0,prior,0.0,cluster_patrol,12600.0,43200,2855191.5696243136,0,2313269.0009249053,541922.5686994083,0,0,0.0,0,9.620332515526059,5.706357287696114,7982.387549587255,6843.812314043479,1.166365642904529,2.048485696345808,329.7966766325262,0.0,0.004338394793926247,0.0,1.7574883090150752,9.492753623188406,0.7488038277511961,2027.0474502152363,345,0.22902202606201172
ring,200,3000000.0,4,12,exclude,launch,0,0.0,prior,0.0,cluster_patrol,12600.0,43200,1013253.4560488119,0,906264.325151604,106989.1308972078,0,0,0.0,0,9.586499762957338,6.06321772905229,8011.735459045254,6485.94995945001,1.2352447226904948,2.0342917103514564,320.92780263052214,0.0,0.0,0.0,3.3581391726750525,50.0,0.9482758620689655,1666.8563132611607,80,0.19251275062561035
ring,200,3000000.0,6,11,exclude,launch,0,0.0,prior,0.0,cluster_patrol,12600.0,43200,1010727.7290986911,0,895723.3953889795,115004.33370971163,0,0,0.0,0,9.620332515526059,5.848581942976916,7982.387549587255,6726.394223007156,1.186726094983262,2.033560468958992,320.4741728984195,0.0,0.01327433628318584,0.0,2.398276216162071,26.331360946745562,0.9284009546539379,1500.4007431928471,169,0.3540215492248535
ring,200,3000000.0,8,11,exclude,launch,0,0.0,prior,0.0,cluster_patrol,12600.0,43200,1537463.978136581,0,1280086.4950845516,257377.4830520293,0,0,0.0,0,9.620332515526059,5.805391163854229,7982.387549587255,6758.010965690383,1.1811741043500648,2.0391050832523105,323.92181221223734,0.0,0.00267379679144385,0.0,1.9307080562771184,13.79496402877698,0.8899521531100478,1720.75327916399,278,0.3200216293334961
ring,200,3000000.0,10,12,exclude,launch,0,0.0,prior,0.0,cluster_patrol,12600.0,43200,3532239.9844803056,0,2859103.8597837184,673136.124696587,0,6,0.10486961867430555,8,9.586499762957338,5.632731525023135,8011.735459045254,6834.182138716925,1.172303473396951,2.0781858628362953,348.74542644601394,0.0,0.0017543859649122807,0.0,1.5807341608174499,4.56440281030445,0.7189054726368159,3395.5463338204145,427,0.14451265335083008
ring,200,3000000.0,11,12,exclude,launch,0,0.0,prior,0.0,cluster_patrol,12600.0,43200,10156911.585945603,0,9001432.612546675,1155478.9733989276,0,49,0.7199318380050288,63,9.586499762957338,5.717688087426373,8011.735459045254,6648.98668210557,1.204955859004388,2.1043310529977517,365.8641223845369,0.0,0.0,0.0029498525073746312,1.4593470908828317,2.3622047244094486,0.5472636815920398,5510.644702516501,508,0.15350937843322754
ring,200,3000000.0,12,12,exclude,launch,0,0.0,prior,0.0,cluster_patrol,12600.0,43200,21248136.845426798,0,19589569.325447984,1658567.5199788157,0,128,0.9260339567018908,166,9.586499762957338,5.784892006751581,8011.735459045254,6460.622846958914,1.2400871632394492,2.1405251859546612,390.23930993907436,0.0,0.0,0.0012642225031605564,1.3634646345916188,1.2043918918918919,0.23940149625935161,9250.310985042212,592,0.14299988746643066
ring,200,3000000.0,8,12,exclude,launch,0,0.0,prior,0.0,cluster_patrol,12600.0,43200,1282360.2480926153,0,1100885.5312036858,181474.71688892957,0,0,0.0,0,9.586499762957338,5.854075561336701,8011.735459045254,6712.276128965872,1.1935944387734214,2.0359253458150803,321.9423966306279,0.0,0.0,0.0,1.9628652019018222,14.472527472527473,0.9382716049382716,1680.9888473656665,273,0.21751189231872559
ring,200,3000000.0,5,12,exclude,launch,0,0.0,prior,0.0,cluster_patrol,12600.0,43200,1008653.643221996,0,894462.7427796433,114190.9004423527,0,0,0.0,0,9.586499762957338,5.935188992339775,8011.735459045254,6635.637454246967,1.2073799260864608,2.0312939946427058,319.07019101583285,0.0,0.0,0.0,2.9088918050868293,37.14912280701754,0.9484029484029484,1549.026014004375,114,0.32851195335388184
ring,200,3000000.0,9,12,exclude,launch,0,0.0,prior,0.0,cluster_patrol,12600.0,43200,1720184.217147539,0,1385583.4974212977,334600.71972624125,0,0,0.0,0,9.586499762957338,5.781229016013688,8011.735459045254,6753.417919724254,1.1863230669681966,2.0490199524430137,330.1328581870628,0.0,0.0021321961620469083,0.0,1.7278851283610326,9.062857142857142,0.9183168316831684,2075.6201584897517,350,0.2495131492614746
ring,200,3000000.0,6,12,exclude,launch,0,0.0,prior,0.0,cluster_patrol,12600.0,43200,1108031.9401143086,0,974090.7742719797,133941.16584232886,0,0,0.0,0,9.586499762957338,5.822980850870677,8011.735459045254,6764.565835522382,1.184368022109221,2.0309755595836707,318.8731813376588,0.0,0.009345794392523364,0.0,2.5426915889883155,25.635220125786162,0.9532019704433498,1638.2628620425003,159,0.33651232719421387
core,200,1500000.0,3,1,exclude,launch,0,0.0,prior,0.0,cluster_patrol,12600.0,43200,1337681.650758164,0,1159294.2893668702,178387.36139129373,0,0,0.0,0,5.817375238242085,5.020874232748461,6542.619886436506,3892.0532408954136,1.6810201406523662,2.0469247437172244,328.81542570221296,0.0,0.21323529411764705,0.0,1.971722551377242,32.294117647058826,0.9199029126213593,1994.781067194481,102,0.19500041007995605
ring,200,3000000.0,7,12,exclude,launch,0,0.0,prior,0.0,cluster_patrol,12600.0,43200,1223830.6112643275,0,1049912.9983627321,173917.6129015953,0,0,0.0,0,9.586499762957338,5.772779394971465,8011.735459045254,6810.462832313327,1.1763863420606742,2.0348312489011,321.262714110663,0.0,0.04436860068259386,0.0,2.1472924758736944,18.099547511312217,0.9482758620689655,1671.4935047720703,221,0.3405132293701172
core,200,1500000.0,2,1,exclude,launch,0,0.0,prior,0.0,cluster_patrol,12600.0,43200,1464932.7752676082,0,1231718.1964046792,233214.57886292908,0,0,0.0,0,5.817375238242085,14.35866095609806,6542.619886436506,1362.1526842790397,4.803147225671977,2.045126894326712,327.6870675734996,0.0,0.24489795918367346,0.0,3.741475118684964,86.22222222222223,0.9158878504672897,2176.8971550116044,36,0.23699951171875
core,200,1500000.0,2,2,exclude,launch,0,0.0,prior,0.0,cluster_patrol,12600.0,43200,1549161.9049708515,0,1330287.9671365377,218873.93783431363,0,0,0.0,0,5.159223286643748,11.214429883992187,7419.771693842448,1743.0525410320915,4.25676881171297,2.0463141770465803,328.43200712659876,0.0,0.42857142857142855,0.0,3.6960576421720606,78.72972972972973,0.9230769230769231,2285.8329376089605,37,0.20874643325805664
core,200,1500000.0,3,2,exclude,launch,0,0.0,prior,0.0,cluster_patrol,12600.0,43200,1310588.9597796814,0,1136487.8438378042,174101.11594187716,0,0,0.0,0,5.159223286643748,4.8897775536921415,7419.771693842448,3997.2992908399165,1.8561961849705275,2.046464532331961,328.52640522862515,0.0,0.20930232558139536,0.0,2.101109033667077,34.354166666666664,0.9135802469135802,1991.2416913458906,96,0.23374652862548828
core,200,1500000.0,4,1,exclude,launch,0,0.0,prior,0.0,cluster_patrol,12600.0,43200,822480.3224907198,0,743025.6840760015,79454.63841471821,0,0,0.0,0,5.817375238242085,6.2007187274147215,6542.619886436506,3172.0047286301688,2.0626135350251946,2.033687098999919,320.5527055916603,0.0,0.2634146341463415,0.0,1.7549768022907102,33.6578947368421,0.9403341288782816,1274.302844458603,152,0.3687460422515869
core,200,1500000.0,4,2,exclude,launch,0,0.0,prior,0.0,cluster_patrol,12600.0,43200,772944.0769019672,0,711280.9677660646,61663.10913590262,0,0,0.0,0,5.159223286643748,6.575360212717186,7419.771693842448,2994.0487824518323,2.4781732807193553,2.0318028717532983,319.38514984750594,0.0,0.12690355329949238,0.0,1.8254657085049542,36.45890410958904,0.9423558897243107,1221.7742652823365,146,0.4220871925354004
core,200,1500000.0,2,3,exclude,launch,0,0.0,prior,0.0,cluster_patrol,12600.0,43200,1402966.9319718252,0,1190150.9000596085,212816.03191221683,0,0,0.0,0,4.838213115042605,15.58659637049729,7934.181769636198,1255.0676120181536,6.321716610054181,2.0447564170984434,327.45479132051304,0.0,0.2653061224489796,0.0,3.7338184113529214,90.08333333333333,0.9214780600461894,2106.00114343703,36,0.2333376407623291
core,200,1500000.0,6,1,exclude,launch,0,0.0,prior,0.0,cluster_patrol,12600.0,43200,436392.71477992774,0,409011.8804097912,27380.834370136574,0,0,0.0,1,5.817375238242085,11.780963512845922,6542.619886436506,1681.1226654186166,3.8918158805546335,2.019667034690006,311.91625849005294,0.0,0.018140589569160998,0.0,1.2215116196907376,29.433333333333334,0.9565217391304348,679.365319165297,330,0.569084644317627
core,200,1500000.0,3,3,exclude,launch,0,0.0,prior,0.0,cluster_patrol,12600.0,43200,1227910.0695540712,0,1074404.3717803909,153505.69777368024,0,0,0.0,0,4.838213115042605,4.737167015543398,7934.181769636198,4126.0995782466525,1.9229254212540732,2.046452127795911,328.5186167305768,0.0,0.312,0.0,2.1579454387381936,38.60215053763441,0.9203747072599532,1817.3718906005956,93,0.26033973693847656
core,200,1500000.0,5,1,exclude,launch,0,0.0,prior,0.0,cluster_patrol,12600.0,43200,516283.13399376837,0,472454.2073091342,43828.92668463412,0,0,0.0,0,5.817375238242085,10.258281776887879,6542.619886436506,1927.2465729562718,3.3948016710703235,2.02324317961543,314.1079813888484,0.0,0.02922077922077922,0.0,1.4636490091507774,36.21304347826087,0.9662650602409638,791.8888221055942,230,0.6290848255157471
core,200,1500000.0,5,2,exclude,launch,0,0.0,prior,0.0,cluster_patrol,12600.0,43200,549594.6404148121,0,512406.30621020164,37188.33420461052,0,0,0.0,0,5.159223286643748,9.048822141357093,7419.771693842448,2183.8844524115975,3.39751111174816,2.024129446013734,314.6523366577191,0.0,0.03691275167785235,0.0,1.508836913056051,33.76126126126126,0.9675,874.0831318186492,222,0.5090863704681396
core,200,1500000.0,6,2,exclude,launch,0,0.0,prior,0.0,cluster_patrol,12600.0,43200,670349.2123012792,0,619863.3216280983,50485.89067318098,0,1,0.20888991854214,1,5.159223286643748,19.373706529617085,7419.771693842448,1021.1803591063152,7.265877792964852,2.0218308611476044,313.24149263809653,0.0,0.08016877637130802,0.189873417721519,0.9468867804269775,23.281690140845072,0.9522613065326633,783.0867559455065,355,0.6805934906005859
core,200,1500000.0,3,4,exclude,launch,0,0.0,prior,0.0,cluster_patrol,12600.0,43200,1318799.744615276,0,1120377.121684936,198422.62293034003,0,0,0.0,0,6.029864771348001,4.994221086218098,6300.314603527087,3913.6164874891883,1.609844659962863,2.0465104301074337,328.5552240970938,0.0,0.2805755395683453,0.0,1.958153683607206,33.06730769230769,0.9289099526066351,1929.8685950850795,104,0.287017822265625
core,200,1500000.0,7,2,exclude,launch,0,0.0,prior,0.0,cluster_patrol,12600.0,43200,522581.32792737574,0,491925.0248370634,30656.303090312333,0,1,0.2679567463839095,1,5.159223286643748,19.162646098207233,7419.771693842448,1034.2808264867347,7.173846313139221,2.018208535319934,311.0245864195096,0.0,0.0034482758620689655,0.15517241379310345,0.9285226776039649,24.108294930875577,0.9698492462311558,620.5685490846167,434,0.7921040058135986
core,200,1500000.0,7,1,exclude,launch,0,0.0,prior,0.0,cluster_patrol,12600.0,43200,405226.7224261347,0,389421.62783441355,15805.094591721147,0,1,0.1835665789901146,1,5.817375238242085,29.973326030500974,6542.619886436506,661.7835147848938,9.88634461310678,2.0165505309326113,310.0124945818123,0.0,0.0,0.14802631578947367,0.8884087890307666,26.596491228070175,0.9734299516908212,535.6646634321332,456,0.9171035289764404
core,200,1500000.0,4,3,exclude,launch,0,0.0,prior,0.0,cluster_patrol,12600.0,43200,717861.2515565433,0,647759.7327213413,70101.51883520193,0,0,0.0,0,4.838213115042605,6.847069488924117,7934.181769636198,2876.212167011229,2.7585523281757336,2.0311141736716403,318.95893174396485,0.0,0.0979381443298969,0.0,1.8431439468411746,41.03472222222222,0.9527186761229315,1091.7203702416973,144,0.4760167598724365
core,200,1500000.0,8,1,exclude,launch,0,0.0,prior,0.0,cluster_patrol,12600.0,43200,457095.82007543946,0,433050.1702475875,24045.64982785198,0,1,0.16273630141458129,1,5.817375238242085,19.738632549171815,6542.619886436506,1005.0208479218752,6.509934495353964,2.0163590007068026,309.8956854953192,0.0,0.0012578616352201257,0.11320754716981132,0.7896007529196138,19.941275167785236,0.9781021897810219,543.9623373395389,596,0.9541029930114746
core,200,1500000.0,9,1,exclude,launch,0,0.0,prior,0.0,cluster_patrol,12600.0,43200,367403.88833800633,0,354745.4909990547,12658.397338951667,0,1,0.20246406070342882,1,5.817375238242085,17.980305162103004,6542.619886436506,1103.9949997856736,5.92631297035464,2.0150963975735006,309.12620891000955,0.0,0.0,0.09453781512605042,0.753385487183571,19.629733520336607,0.9829683698296837,461.8688256572387,713,0.9761049747467041
core,200,1500000.0,5,3,exclude,launch,0,0.0,prior,0.0,cluster_patrol,12600.0,43200,510689.78903557453,0,478772.8922769245,31916.896758650048,0,0,0.0,1,4.838213115042605,9.31113384971275,7934.181769636198,2122.684429466469,3.7378056104318973,2.0238204841293213,314.4625151168395,0.0,0.1188118811881188,0.0,1.4871823679138307,36.057522123893804,0.9647058823529412,804.1821780121719,226,0.5930192470550537
core,200,1500000.0,8,2,exclude,launch,0,0.0,prior,0.0,cluster_patrol,12600.0,43200,469660.5691613464,0,442460.19098829926,27200.378173047113,0,1,0.2981497735746647,1,5.159223286643748,16.483009115132777,7419.771693842448,1203.0594978690149,6.167418741122218,2.017141601816283,310.3731114436182,0.0,0.0,0.11857707509881422,0.8272973500414783,21.264912280701754,0.9698492462311558,533.6557956737914,570,1.0013580322265625
core,200,1500000.0,2,5,exclude,launch,0,0.0,prior,0.0,cluster_patrol,12600.0,43200,1316603.8200537218,0,1148978.362830091,167625.45722363092,0,0,0.0,0,5.1150318495492835,15.174492832574316,7486.75482575108,1289.3143037804566,5.806772486583627,2.0444994859235006,327.293752828337,0.0,0.34,0.0,3.6159426394165255,87.16666666666667,0.9112271540469974,2014.0325842475854,36,0.15199971199035645
core,200,1500000.0,4,4,exclude,launch,0,0.0,prior,0.0,cluster_patrol,12600.0,43200,627794.326143885,0,580839.1988439556,46955.12729992935,0,0,0.0,0,6.029864771348001,7.969165790884546,6300.314603527087,2473.9613299221783,2.5466503972094308,2.0288700088414324,317.5720485280107,0.0,0.06220095693779904,0.0,1.724199333249348,40.55769230769231,0.9545454545454546,1046.0799380230153,156,0.4965097904205322
core,200,1500000.0,6,3,exclude,launch,0,0.0,prior,0.0,cluster_patrol,12600.0,43200,517690.89250042004,0,491064.5772667745,26626.315233645568,0,1,0.1542407382565632,1,4.838213115042605,26.277485103752706,7934.181769636198,753.5028969417168,10.529729615956478,2.020185578133976,312.23358414976656,0.0,0.05672268907563025,0.18907563025210083,0.9472304934769782,27.51123595505618,0.9716981132075472,664.5215317030032,356,0.7910194396972656
core,200,1500000.0,3,5,exclude,launch,0,0.0,prior,0.0,cluster_patrol,12600.0,43200,1287609.8470252608,0,1117594.5010610472,170015.34596421354,0,0,0.0,0,5.1150318495492835,4.669207931267987,7486.75482575108,4183.682848052186,1.7895129955265892,2.0476608275798536,329.27796289359117,0.0,0.16279069767441862,0.0,2.108670595798672,34.94845360824742,0.9428571428571428,1976.8617575864666,97,0.17931413650512695
core,200,1500000.0,7,3,exclude,launch,0,0.0,prior,0.0,cluster_patrol,12600.0,43200,411522.7265990669,0,396535.0256624705,14987.700936596406,0,1,0.19403308805775343,1,4.838213115042605,22.284451063509454,7934.181769636198,889.6683360618431,8.918134374386314,2.017576063668847,310.6383136055357,0.0,0.013266998341625208,0.14925373134328357,0.890329833525539,26.48008849557522,0.9787234042553191,539.3094046456965,452,0.9043319225311279
core,200,1500000.0,6,4,exclude,launch,0,0.0,prior,0.0,cluster_patrol,12600.0,43200,404347.6366960657,0,381196.45304161543,23151.183654450306,0,0,0.0,0,6.029864771348001,10.85304651119716,6300.314603527087,1825.192081899144,3.4518638701147006,2.0192949124679935,311.6886355749404,0.0,0.03496503496503497,0.0,1.260077597444226,30.0625,0.9759036144578314,683.6055210006521,320,0.614314079284668
core,200,1500000.0,5,4,exclude,launch,0,0.0,prior,0.0,cluster_patrol,12600.0,43200,512850.4281694817,0,480033.81967822334,32816.608491258325,0,0,0.0,0,6.029864771348001,9.151822180540165,6300.314603527087,2159.637542436387,2.917301852615236,2.0238184444666834,314.46126216905395,0.0,0.031446540880503145,0.0,1.4150590686784994,33.088235294117645,0.9590361445783132,836.3421047828401,238,0.6223151683807373
core,200,1500000.0,8,3,exclude,launch,0,0.0,prior,0.0,cluster_patrol,12600.0,43200,422390.67275167187,0,406905.0874062343,15485.585345437614,0,1,0.18904069289168962,1,4.838213115042605,17.984628456986517,7934.181769636198,1102.6540545064627,7.195531306677561,2.017061975587989,310.32451865608317,0.0,0.0,0.11083743842364532,0.7716696736758244,20.47861842105263,0.9739952718676123,517.7607621538325,608,1.061333417892456
core,200,1500000.0,4,5,exclude,launch,0,0.0,prior,0.0,cluster_patrol,12600.0,43200,649334.3384116123,0,601053.7457631594,48280.592648453,0,0,0.0,0,5.1150318495492835,6.9876714900907695,7486.75482575108,2819.0228530008467,2.655797847747647,2.030621197064605,318.65401555166386,0.0,0.04040404040404041,0.0,1.8301943074485494,41.8843537414966,0.953125,1069.2630917764857,147,0.40531349182128906
core,200,1500000.0,2,6,exclude,launch,0,0.0,prior,0.0,cluster_patrol,12600.0,43200,1489418.6967030962,0,1285912.8540058418,203505.84269725435,0,0,0.0,0,4.910322515263031,15.351240919410348,7812.771097824855,1273.66587877473,6.134082123123815,2.0457897085409655,328.10283434705934,0.0,0.25,0.0,3.4825879551004073,83.44736842105263,0.9203747072599532,2074.0365524989816,38,0.17599916458129883
core,200,1500000.0,7,4,exclude,launch,0,0.0,prior,0.0,cluster_patrol,12600.0,43200,408723.76715279336,0,384368.79627913446,24354.970873658927,0,1,0.1850713041842084,1,6.029864771348001,22.704260487872745,6300.314603527087,873.5493489767753,7.21231675223261,2.016810929026518,310.1713396163312,0.0,0.02040816326530612,0.15306122448979592,0.9163229935057887,25.931818181818183,0.9661016949152542,568.2801004880467,440,0.8063158988952637
core,200,1500000.0,3,6,exclude,launch,0,0.0,prior,0.0,cluster_patrol,12600.0,43200,1346615.5310840586,0,1162552.8813279045,184062.64975615396,0,0,0.0,0,4.910322515263031,4.5777070061103995,7812.771097824855,4266.0444571412945,1.83138529762539,2.0482672539960225,329.6592707401084,0.0,0.23809523809523808,0.0,2.1482696048281,35.851063829787236,0.9133489461358314,1943.8729557564543,94,0.21799635887145996
core,200,1500000.0,5,5,exclude,launch,0,0.0,prior,0.0,cluster_patrol,12600.0,43200,490490.97626386804,0,460481.8186707144,30009.15759315359,0,0,0.0,0,5.1150318495492835,10.169342221445005,7486.75482575108,1944.113586976131,3.8509863188580242,2.023231105421293,314.10056853050435,0.0,0.009554140127388535,0.0,1.4363820455287928,35.91063829787234,0.9608355091383812,780.7223271964953,235,0.5023136138916016
core,200,1500000.0,8,4,exclude,launch,0,0.0,prior,0.0,cluster_patrol,12600.0,43200,359167.8240158879,0,340003.88991221145,19163.934103676464,0,1,0.2106047316173698,1,6.029864771348001,21.67353611589658,6300.314603527087,915.8318437987796,6.879335596580708,2.015182938132713,309.1789193627303,0.0,0.0,0.11292346298619825,0.787565976811559,22.488255033557046,0.9708029197080292,482.7830688224126,596,0.8978271484375
core,200,1500000.0,6,5,exclude,launch,0,0.0,prior,0.0,cluster_patrol,12600.0,43200,742558.5058755992,0,677668.7097582126,64889.79611738662,0,1,0.4107458422164875,1,5.1150318495492835,22.788919491150327,7486.75482575108,868.7339202217055,8.618006792966504,2.0204563765610204,312.39936493921414,0.0,0.05818965517241379,0.1939655172413793,0.9680680602206463,27.29310344827586,0.9321148825065274,681.5506401974997,348,0.5538256168365479
core,200,1500000.0,2,7,exclude,launch,0,0.0,prior,0.0,cluster_patrol,12600.0,43200,1447762.1059496247,0,1251756.295772919,196005.81017670585,0,0,0.0,0,5.136971107610754,10.135561569549354,7453.356364169037,1927.5524464645418,3.8667463382590483,2.0474154285324504,329.12372397834497,0.0,0.3333333333333333,0.0,3.7456397629710674,81.11428571428571,0.9135802469135802,2296.330720786185,35,0.13351225852966309
core,200,1500000.0,9,4,exclude,launch,0,0.0,prior,0.0,cluster_patrol,12600.0,43200,329708.86026019434,0,311814.4888977363,17894.37136245804,0,1,0.22939792390469596,1,6.029864771348001,21.63750258834485,6300.314603527087,918.0651212001223,6.862600983349771,2.01362859715029,308.2328798882595,0.0,0.0,0.09155645981688708,0.7292979373913685,20.23441734417344,0.9685230024213075,438.97619287871447,738,0.999826192855835
core,200,1500000.0,10,4,exclude,launch,0,0.0,prior,0.0,cluster_patrol,12600.0,43200,305490.1902010578,0,290014.40527976234,15475.78492129544,0,1,0.24760457989568246,1,6.029864771348001,19.45150932332827,6300.314603527087,1021.6374913525387,6.166878816463699,2.0128428240654563,307.7551758782667,0.0,0.0,0.0783289817232376,0.7019665373268482,19.05909617612978,0.973170731707317,393.093363236683,863,1.0008265972137451
core,200,1500000.0,7,5,exclude,launch,0,0.0,prior,0.0,cluster_patrol,12600.0,43200,669496.150149758,0,610858.1591258035,58637.99102395449,0,1,0.455568507253056,1,5.1150318495492835,20.74995669535216,7486.75482575108,955.2357870109607,7.837598766245945,2.0180513467680194,310.92856339685346,0.0,0.018867924528301886,0.14150943396226415,0.8477877965796303,23.577405857740587,0.9530026109660574,582.7673973218933,478,0.58451247215271
core,200,1500000.0,4,6,exclude,launch,0,0.0,prior,0.0,cluster_patrol,12600.0,43200,795833.6162633729,0,723251.7953637545,72581.82089961854,0,0,0.0,0,4.910322515263031,6.464757018787788,7812.771097824855,3044.376700002663,2.5662957865293152,2.032400979563325,319.7555347809939,0.0,0.046153846153846156,0.0,1.8486050618756988,38.10344827586207,0.9507042253521126,1193.2532312205296,145,0.393512487411499
core,200,1500000.0,3,7,exclude,launch,0,0.0,prior,0.0,cluster_patrol,12600.0,43200,1390381.6609647586,0,1175874.0679234879,214507.5930412707,0,0,0.0,0,5.136971107610754,4.448533010354913,7453.356364169037,4386.619300054015,1.699111742857936,2.0498082118311745,330.6291844884503,0.0,0.14728682170542637,0.0,2.1032899431623417,33.135416666666664,0.9382716049382716,2034.7482944872027,96,0.16499996185302734
core,200,1500000.0,5,6,exclude,launch,0,0.0,prior,0.0,cluster_patrol,12600.0,43200,526632.6596161056,0,489937.4385403544,36695.22107575125,0,0,0.0,1,4.910322515263031,8.833454180261509,7812.771097824855,2237.2100811410232,3.492193765656635,2.02405664764796,314.6076052775933,0.0,0.02464788732394366,0.0,1.5767781821733744,36.639810426540286,0.9502369668246445,841.1726641195086,211,0.3595130443572998
core,200,1500000.0,4,7,exclude,launch,0,0.0,prior,0.0,cluster_patrol,12600.0,43200,750666.0922193262,0,691029.2931781651,59636.799041161124,0,0,0.0,0,5.136971107610754,6.518650967478312,7453.356364169037,3019.1392466211273,2.468702419906756,2.0324464867798673,319.78372441922727,0.0,0.1306532663316583,0.0,1.8022793814755822,36.62162162162162,0.9382716049382716,1200.2281256035967,148,0.2535080909729004
core,200,1500000.0,8,5,exclude,launch,0,0.0,prior,0.0,cluster_patrol,12600.0,43200,630853.648748524,0,576457.3590871574,54396.28966136662,0,1,0.4834771820790231,1,5.1150318495492835,18.233417680121992,7486.75482575108,1087.8925052730667,6.881888412193689,2.0165357504720784,310.0034795963494,0.0,0.0,0.11479591836734694,0.7998432684779007,21.588737201365188,0.9477806788511749,513.1287097443027,586,0.6850204467773438
core,200,1500000.0,2,8,exclude,launch,0,0.0,prior,0.0,cluster_patrol,12600.0,43200,1305897.7962923618,0,1146235.1645831915,159662.63170917018,0,0,0.0,0,5.966948405413719,11.36392642560479,6370.260745628138,1720.3075948134488,3.7029777493477454,2.046093479625517,328.2934704345066,0.0,0.3469387755102041,0.0,3.7442355799421914,84.47222222222223,0.9464285714285714,2216.6302018485912,36,0.15032720565795898
core,200,1500000.0,6,6,exclude,launch,0,0.0,prior,0.0,cluster_patrol,12600.0,43200,656510.1354066132,0,600152.9887400374,56357.14666657589,0,1,0.31184399430983584,1,4.910322515263031,26.806128203992415,7812.771097824855,738.6879269339403,10.576551765578726,2.0200629345704657,312.15851714535324,0.0,0.12035010940919037,0.19693654266958424,0.982503622790905,28.309941520467838,0.9597156398104265,667.9543296189405,342,0.4898409843444824
core,200,1500000.0,3,8,exclude,launch,0,0.0,prior,0.0,cluster_patrol,12600.0,43200,1190471.0101654015,0,1049393.5418542097,141077.46831119174,0,0,0.0,0,5.966948405413719,5.1071940806858755,6370.260745628138,3825.7092468632527,1.6651188928827236,2.0472254352367907,329.0043336620658,0.0,0.3188405797101449,0.0,1.9563555034755897,32.99029126213592,0.9514066496163683,1934.15897449257,103,0.19232892990112305
core,200,1500000.0,7,6,exclude,launch,0,0.0,prior,0.0,cluster_patrol,12600.0,43200,625937.2193209647,0,578134.3145013335,47802.90481963122,0,1,0.3270838063722913,1,4.910322515263031,18.104205148811033,7812.771097824855,1094.076439048006,7.140973719005428,2.019448877859604,311.7828043707616,0.0,0.0015479876160990713,0.1393188854489164,0.8325999225000501,22.50206611570248,0.9550827423167849,595.6530746837678,484,0.6368377208709717
core,200,1500000.0,5,7,exclude,launch,0,0.0,prior,0.0,cluster_patrol,12600.0,43200,555538.077174756,0,519492.61181513336,36045.465359622576,0,0,0.0,0,5.136971107610754,9.423234138592349,7453.356364169037,2096.3544184716907,3.555389441067304,2.024861397805469,315.1022654135339,0.0,0.006172839506172839,0.0,1.3842169433268385,31.59504132231405,0.9629629629629629,857.6329801314504,242,0.46483707427978516
core,200,1500000.0,4,8,exclude,launch,0,0.0,prior,0.0,cluster_patrol,12600.0,43200,699663.5994704106,0,642255.1984688784,57408.40100153224,0,0,0.0,0,5.966948405413719,7.161411370267589,6370.260745628138,2749.65504455513,2.31674906212055,2.0313425077735934,319.1002105022172,0.0,0.1523809523809524,0.0,1.7146675809141168,35.87261146496815,0.9640102827763496,1157.8126618590734,157,0.35883569717407227
core,200,1500000.0,6,7,exclude,launch,0,0.0,prior,0.0,cluster_patrol,12600.0,43200,427861.4653593972,0,407688.05968183454,20173.405677562656,0,1,0.07169871893341435,1,5.136971107610754,26.928399461742444,7453.356364169037,735.3024440192946,10.13644987146739,2.0201491761862087,312.21130250201986,0.0,0.08369098712446352,0.19313304721030042,0.9653257690928277,28.275862068965516,0.9654320987654321,660.8735474898045,348,0.47783637046813965
core,200,1500000.0,5,8,exclude,launch,0,0.0,prior,0.0,cluster_patrol,12600.0,43200,506214.05252646114,0,476285.41183846793,29928.64068799319,0,0,0.0,0,5.966948405413719,9.402031417677643,6370.260745628138,2101.986547308748,3.0305906352180134,2.023989993391389,314.566651969709,0.0,0.025806451612903226,0.0,1.4520571056337788,33.05603448275862,0.9820051413881749,857.8432359582831,232,0.357318639755249
core,200,1500000.0,2,9,exclude,launch,0,0.0,prior,0.0,cluster_patrol,12600.0,43200,1368646.6177394835,0,1166104.611935994,202542.00580348945,0,0,0.0,0,5.152246859207978,17.773595024884184,7430.26982720097,1100.825541867096,6.749725133192845,2.044401604660881,327.232413545467,0.0,0.23529411764705882,0.0,3.5789048701059176,87.36842105263158,0.9404466501240695,1982.2070288673133,38,0.15149903297424316
core,200,1500000.0,7,7,exclude,launch,0,0.0,prior,0.0,cluster_patrol,12600.0,43200,374609.15459149017,0,361745.17887566914,12863.97571582108,0,1,0.08189100178476814,1,5.136971107610754,21.125030178140435,7453.356364169037,938.1722884878674,7.9445496905288575,2.01827366097908,311.0643745931217,0.0,0.003169572107765452,0.14263074484944532,0.8541113373503942,24.00845665961945,0.9753086419753086,572.257281240179,473,0.5428259372711182
core,200,1500000.0,8,6,exclude,launch,0,0.0,prior,0.0,cluster_patrol,12600.0,43200,525970.4644911467,0,487573.3151896932,38397.14930145357,0,1,0.3892495160430126,1,4.910322515263031,21.062715914272697,7812.771097824855,942.0151063728447,8.293679204261721,2.0159871233797464,309.6689504620357,0.0,0.0,0.11392405063291139,0.7964904409772615,21.989881956155145,0.9621749408983451,496.81679552150604,593,0.8673396110534668
core,200,1500000.0,3,9,exclude,launch,0,0.0,prior,0.0,cluster_patrol,12600.0,43200,1257117.3057365243,0,1096710.4230283294,160406.88270819484,0,0,0.0,0,5.152246859207978,5.1601777899696675,7430.26982720097,3791.43236295544,1.9597527044921457,2.0445230602435114,327.30852701414125,0.0,0.007751937984496124,0.0,2.0941614480374353,38.270833333333336,0.9523809523809523,1753.9142255170827,96,0.21699070930480957
core,200,1500000.0,6,8,exclude,launch,0,0.0,prior,0.0,cluster_patrol,12600.0,43200,368030.96800807386,0,352328.5593924203,15702.408615653594,0,0,0.0,1,5.966948405413719,11.759149625843548,6370.260745628138,1684.393202858128,3.7819321134868575,2.0194848275853574,311.8047941030237,0.0,0.036613272311212815,0.0,1.2311384956452796,31.067278287461775,0.9794344473007712,643.6543656596986,327,0.4853184223175049
core,200,1500000.0,4,9,exclude,launch,0,0.0,prior,0.0,cluster_patrol,12600.0,43200,720973.8267671202,0,656306.197562809,64667.629204311146,0,0,0.0,0,5.152246859207978,6.8513053091803275,7430.26982720097,2874.512459974915,2.584880020755176,2.0310586979268974,318.9246115712127,0.0,0.07,0.0,1.8019273431848921,38.28378378378378,0.9578163771712159,1150.98149598382,148,0.30249834060668945
core,200,1500000.0,8,7,exclude,launch,0,0.0,prior,0.0,cluster_patrol,12600.0,43200,336997.0487597086,0,323429.3630600336,13567.685699674967,0,1,0.09103082374206915,1,5.136971107610754,20.858042707984197,7453.356364169037,951.0899751290316,7.836646961984708,2.016344964065431,309.88712579434883,0.0,0.0,0.10935601458080195,0.7621382132479729,22.180194805194805,0.9654320987654321,479.14725371386123,616,0.6923332214355469
core,200,1500000.0,2,10,exclude,launch,0,0.0,prior,0.0,cluster_patrol,12600.0,43200,1392737.4045344999,0,1177203.9490124236,215533.45552207623,0,0,0.0,0,5.798634922030512,15.75797154508429,6564.841933405682,1241.6689156726734,5.2871114437532505,2.04434350313739,327.19600576358266,0.0,0.22,0.0,3.6626395510155683,87.02702702702703,0.9168704156479217,2078.5163495284,37,0.1605062484741211
core,200,1500000.0,7,8,exclude,launch,0,0.0,prior,0.0,cluster_patrol,12600.0,43200,435336.86507897574,0,420862.7725927762,14474.092486199484,0,1,0.29456194662198326,1,5.966948405413719,29.15816356814821,6370.260745628138,680.2493757441455,9.364596238930048,2.0166552974577456,310.0763981546691,0.0,0.0016286644951140066,0.1465798045602606,0.8758062109876373,25.87363834422658,0.9768637532133676,546.5937058189696,459,0.6360068321228027
core,200,1500000.0,8,8,exclude,launch,0,0.0,prior,0.0,cluster_patrol,12600.0,43200,436032.244319546,0,419772.7062827532,16259.538036792808,0,1,0.2940921825955622,1,5.966948405413719,20.580261688246054,6370.260745628138,964.0630300118928,6.607722262256601,2.0160610062942435,309.7139905535012,0.0,0.0,0.11235955056179775,0.785448807845382,21.109816971713812,0.9820051413881749,511.0284603029768,601,0.6250059604644775
core,200,1500000.0,5,9,exclude,launch,0,0.0,prior,0.0,cluster_patrol,12600.0,43200,495199.73542078387,0,465710.49343827344,29489.241982510466,0,0,0.0,0,5.152246859207978,10.725871073577661,7430.26982720097,1843.5262836646984,4.030465902786332,2.02291709786425,313.907816730906,0.0,0.0,0.0,1.4074689647127263,35.50209205020921,0.97,777.6553084629775,239,0.45000791549682617
core,200,1500000.0,6,9,exclude,launch,0,0.0,prior,0.0,cluster_patrol,12600.0,43200,635531.1860815022,0,586981.2618419256,48549.924239576736,0,1,0.2847541923247275,1,5.152246859207978,20.06275819086302,7430.26982720097,986.4610341881541,7.532248684628476,2.021107517851147,312.7981689036392,0.0,0.13071895424836602,0.19607843137254902,0.9731611813592249,25.862573099415204,0.9722222222222222,727.358112568151,342,0.4330179691314697
core,200,1500000.0,9,8,exclude,launch,0,0.0,prior,0.0,cluster_patrol,12600.0,43200,387036.0499516196,0,374877.64199941774,12158.407952201813,0,1,0.3313223004162182,1,5.966948405413719,23.734617818516757,6370.260745628138,836.9102728503215,7.611641238352247,2.0137189157686306,308.2878120561382,0.0,0.0,0.09211873080859775,0.7341122834528401,20.05449591280654,0.9922480620155039,439.2597069281954,734,0.7805147171020508
core,200,1500000.0,3,10,exclude,launch,0,0.0,prior,0.0,cluster_patrol,12600.0,43200,759901.1610853191,0,696951.1087373589,62950.05234796013,0,0,0.0,0,5.798634922030512,18.711192585884884,6564.841933405682,1052.7261337390728,6.236039671674793,2.0306876060520853,318.69508238081363,0.0,0.18487394957983194,0.0,2.2822941718125453,61.325842696629216,0.9478908188585607,1210.388489476809,89,0.40901756286621094
core,200,1500000.0,2,11,exclude,launch,0,0.0,prior,0.0,cluster_patrol,12600.0,43200,1381690.2635668528,0,1180387.03657423,201303.22699262286,0,0,0.0,0,5.637899989482576,18.59577320890686,6761.506957310247,1052.1785241815587,6.426197457859836,2.044355020484569,327.20322264339734,0.0,0.1836734693877551,0.0,3.671483831587862,85.30555555555556,0.9108433734939759,2119.55379183238,36,0.14899992942810059
core,200,1500000.0,4,10,exclude,launch,0,0.0,prior,0.0,cluster_patrol,12600.0,43200,502077.7908906719,0,471775.4710629593,30302.3198277126,0,0,0.0,0,5.798634922030512,33.748013067175734,6564.841933405682,586.1605195779692,11.19973405600963,2.0220654991707074,313.38536537852025,0.0,0.0,0.0,1.793232905047907,50.013422818791945,0.9527363184079602,878.7771104523633,149,0.4100174903869629
core,200,1500000.0,7,9,exclude,launch,0,0.0,prior,0.0,cluster_patrol,12600.0,43200,583671.767524296,0,537157.2297958612,46514.53772843474,0,1,0.3100901522289818,1,5.152246859207978,22.723687221552094,7430.26982720097,872.4739108606768,8.516323221483114,2.017570592612855,310.6349732851429,0.0,0.031746031746031744,0.14285714285714285,0.8551373985962817,22.822033898305083,0.9722921914357683,600.8038010863156,472,0.5340168476104736
core,200,1500000.0,3,11,exclude,launch,0,0.0,prior,0.0,cluster_patrol,12600.0,43200,1322149.3076808879,0,1144418.247817609,177731.0598632787,0,0,0.0,0,5.637899989482576,4.849988843113414,6761.506957310247,4027.240126101385,1.6789430839962851,2.0479140539157132,329.4371593182194,0.0,0.2835820895522388,0.0,2.0094321925544825,31.47,0.8971291866028708,2074.6271727197595,100,0.16200017929077148
core,200,1500000.0,5,10,exclude,launch,0,0.0,prior,0.0,cluster_patrol,12600.0,43200,561546.2843175806,0,517824.15012636123,43722.13419121943,0,0,0.0,0,5.798634922030512,9.517768818127461,6564.841933405682,2076.0287175690287,3.1622115233034576,2.024377411731874,314.804724499948,0.0,0.0701219512195122,0.0,1.3726229012218805,31.583673469387755,0.9650872817955112,850.637678753334,245,0.43950986862182617
core,200,1500000.0,8,9,exclude,launch,0,0.0,prior,0.0,cluster_patrol,12600.0,43200,500147.35131939483,0,465493.62252511695,34653.728794277835,0,1,0.36187040008144084,1,5.152246859207978,20.778384892967384,7430.26982720097,955.0406395210485,7.78005617742847,2.0157021182947283,309.4952379325195,0.0,0.0,0.11583011583011583,0.808665294001435,22.037735849056602,0.9798488664987406,504.0947033958428,583,0.6360180377960205
core,200,1500000.0,6,10,exclude,launch,0,0.0,prior,0.0,cluster_patrol,12600.0,43200,363366.2832689994,0,347181.3169527532,16184.966316246242,0,0,0.0,1,5.798634922030512,11.675345088260448,6564.841933405682,1696.6598160565063,3.869274129839498,2.0192751066546197,311.676522913736,0.0,0.027649769585253458,0.0,1.2387189790028417,31.935384615384617,0.97,630.9881444547393,325,0.47922396659851074
core,200,1500000.0,4,11,exclude,launch,0,0.0,prior,0.0,cluster_patrol,12600.0,43200,769011.7620277648,0,699618.3944001021,69393.36762766277,0,0,0.0,0,5.637899989482576,6.322077203683178,6761.506957310247,3112.179367293411,2.172595522086046,2.0329915668905034,320.12147318006913,0.0,0.18316831683168316,0.0,1.7785702288274055,34.12,0.944578313253012,1274.5935405202447,150,0.25472068786621094
core,200,1500000.0,2,12,exclude,launch,0,0.0,prior,0.0,cluster_patrol,12600.0,43200,1455642.793372081,0,1225204.4263158217,230438.36705625925,0,0,0.0,0,5.280353234319941,17.357254171691913,7241.91745481808,1127.3416374625413,6.423888920769779,2.044200172451018,327.1062000440208,0.0,0.22,0.0,3.6476668155762253,86.0,0.9292682926829269,2115.321191677521,37,0.1497209072113037
core,200,1500000.0,3,12,exclude,launch,0,0.0,prior,0.0,cluster_patrol,12600.0,43200,1283875.5539030253,0,1106765.3695100325,177110.1843929929,0,0,0.0,0,5.280353234319941,4.897679974499995,7241.91745481808,3992.8354084257962,1.8137280188249125,2.0454467565804806,327.88767625339403,0.0,0.27906976744186046,0.0,2.079091180761667,35.083333333333336,0.9351620947630923,1911.9786895178627,96,0.1737217903137207
core,200,1500000.0,7,10,exclude,launch,0,0.0,prior,0.0,cluster_patrol,12600.0,43200,470219.14286739234,0,454903.2954174218,15315.847449970566,0,1,0.3314768293555216,1,5.798634922030512,23.233407099783495,6564.841933405682,853.474616302563,7.691900623648304,2.0172349314997264,310.43007175897594,0.0,0.0,0.14563106796116504,0.8718767373026566,26.771058315334773,0.97,522.6106041419424,463,0.587233304977417
core,200,1500000.0,5,11,exclude,launch,0,0.0,prior,0.0,cluster_patrol,12600.0,43200,524382.2346189937,0,488323.129315133,36059.10530386069,0,0,0.0,0,5.637899989482576,9.754778380290965,6761.506957310247,2026.629675154363,3.336330776265398,2.023336829084158,314.1654797280056,0.0,0.0033333333333333335,0.0,1.4939435244214596,34.08071748878924,0.9468599033816425,857.8813569715307,223,0.4462265968322754
core,200,1500000.0,8,10,exclude,launch,0,0.0,prior,0.0,cluster_patrol,12600.0,43200,451567.23922026466,0,441076.1285109424,10491.110709322247,0,1,0.3451684202093463,1,5.798634922030512,18.873079372033754,6564.841933405682,1051.1160414920666,6.245591993902826,2.0163529774956,309.8920124592515,0.0,0.0,0.11235955056179775,0.782318318259936,22.660565723793678,0.9724310776942355,473.92781428689347,601,0.6587376594543457
core,200,1500000.0,4,12,exclude,launch,0,0.0,prior,0.0,cluster_patrol,12600.0,43200,797876.0039486461,0,721770.276487044,76105.72746160213,0,0,0.0,0,5.280353234319941,6.25499819787393,7241.91745481808,3146.606694644667,2.3015006823520023,2.0323118062508696,319.70029959747984,0.0,0.1507537688442211,0.0,1.8146427906062232,34.92617449664429,0.9678217821782178,1276.1422419912726,149,0.2945129871368408
core,200,1500000.0,6,11,exclude,launch,0,0.0,prior,0.0,cluster_patrol,12600.0,43200,551890.6915243791,0,514808.52937540936,37082.16214896968,0,1,0.13395889824690557,1,5.637899989482576,20.804676692574773,6761.506957310247,951.3019657650439,7.1076348001368785,2.0210666044502905,312.7731032170938,0.0,0.08971553610503283,0.19693654266958424,0.9824198409370054,24.746355685131196,0.9542168674698795,764.8758794000232,343,0.4860556125640869
core,200,1500000.0,9,10,exclude,launch,0,0.0,prior,0.0,cluster_patrol,12600.0,43200,461089.83004015393,0,447670.31973602786,13419.510304126099,0,1,0.3380398794880851,1,5.798634922030512,16.836592849392876,6564.841933405682,1178.7238057559398,5.5694488406429645,2.0155506993038865,309.4029668569839,0.0,0.0,0.09146341463414634,0.7276221442025828,18.85636856368564,0.9649122807017544,464.1479991424941,738,0.722567081451416
core,200,1500000.0,5,12,exclude,launch,0,0.0,prior,0.0,cluster_patrol,12600.0,43200,544395.5047257752,0,503718.66805918945,40676.836666585725,0,0,0.0,0,5.280353234319941,9.057996968395212,7241.91745481808,2181.7715778146985,3.3192830672364493,2.0240374344076644,314.59580012046945,0.0,0.08441558441558442,0.0,1.4606603684712731,33.495652173913044,0.9775561097256857,855.4939254296177,230,0.34833431243896484
core,200,1500000.0,8,11,exclude,launch,0,0.0,prior,0.0,cluster_patrol,12600.0,43200,439751.26907899935,0,414941.81394377525,24809.45513522405,0,1,0.16811928512262608,1,5.637899989482576,19.069201671542874,6761.506957310247,1040.2243490521232,6.5000468057409835,2.016510390990924,309.9880124977563,0.0,0.0,0.11378002528445007,0.7952192674568134,20.323777403035415,0.9710144927536232,538.7278534533156,593,0.6050550937652588
core,200,1500000.0,6,12,exclude,launch,0,0.0,prior,0.0,cluster_patrol,12600.0,43200,469510.60477322,0,444356.6096891737,25153.995084046303,0,1,0.09024872586762066,1,5.280353234319941,21.407562205595198,7241.91745481808,924.7657352405563,7.831083245027741,2.020510198748138,312.43231972468936,0.0,0.05043859649122807,0.19736842105263158,0.9852582750361003,28.291176470588237,0.9800498753117207,673.3407026211825,340,0.4626929759979248
core,200,1500000.0,9,11,exclude,launch,0,0.0,prior,0.0,cluster_patrol,12600.0,43200,368258.3176761623,0,351189.0266328862,17069.291043276065,0,1,0.20075763517266196,1,5.637899989482576,17.655561053905156,6761.506957310247,1124.2571353994842,6.014199727456183,2.01517522724024,309.1742226006818,0.0,0.0,0.0946372239747634,0.7538407485803205,18.931372549019606,0.9660194174757282,479.0854214749381,714,0.6914112567901611
core,200,3000000.0,5,1,exclude,launch,0,0.0,prior,0.0,cluster_patrol,12600.0,43200,457968.73443688854,0,431878.2828507973,26090.451586091232,0,0,0.0,0,11.63475047648417,22.152356104693375,6542.619886436506,1785.7374753385168,3.6638195573491235,2.022331981958829,313.54880440076016,0.0,0.0,0.0,1.498542477556026,38.870535714285715,0.970873786407767,754.1492572436424,224,0.4127004146575928
core,200,1500000.0,7,11,exclude,launch,0,0.0,prior,0.0,cluster_patrol,12600.0,43200,454925.94695658353,0,432305.86236257636,22620.084594007178,0,1,0.16251143616652192,1,5.637899989482576,21.283289032668737,6761.506957310247,931.4315806262186,7.259263157863256,2.017763629833731,310.7528418636994,0.0,0.0,0.15202702702702703,0.9086096514369466,23.686230248306998,0.9686746987951808,619.4028742648775,443,0.826927661895752
core,200,3000000.0,6,1,exclude,launch,0,0.0,prior,0.0,cluster_patrol,12600.0,43200,378752.5353407062,0,359898.4907091198,18854.0446315863,0,0,0.0,0,11.63475047648417,27.641909580755186,6542.619886436506,1433.9311802643726,4.562715405372696,2.0183367900630302,311.10294539876287,0.0,0.0,0.0,1.261600889764269,32.9496855345912,0.966183574879227,629.3095105579442,318,0.5292081832885742
core,200,1500000.0,7,12,exclude,launch,0,0.0,prior,0.0,cluster_patrol,12600.0,43200,372613.921458895,0,357790.7662884487,14823.155170446289,0,1,0.1137175275046552,1,5.280353234319941,21.58661323068168,7241.91745481808,918.5035744170972,7.8844738948500686,2.017412141772339,310.53823986773324,0.0,0.0,0.15202702702702703,0.9106275252215964,26.757918552036198,0.9825436408977556,548.6254549168426,442,0.6907155513763428
core,200,3000000.0,7,1,exclude,launch,0,0.0,prior,0.0,cluster_patrol,12600.0,43200,311775.3278933717,0,298229.95287291973,13545.375020451978,0,0,0.0,0,11.63475047648417,30.304078787301396,6542.619886436506,1309.4462952748268,4.996478213765415,2.016049584268462,309.7070273076343,0.0,0.0,0.0,1.0855297695340402,29.071428571428573,0.9805825242718447,520.0965056271103,434,0.5972089767456055
core,200,1500000.0,8,12,exclude,launch,0,0.0,prior,0.0,cluster_patrol,12600.0,43200,357867.2126974326,0,344088.40426005295,13778.808437379685,0,1,0.11840350934284777,1,5.280353234319941,19.47176755524635,7241.91745481808,1019.031230328797,7.106668803939825,2.0158913472374875,309.6105688175992,0.0,0.0,0.11703511053315994,0.815972749737491,21.949740034662046,0.9850374064837906,512.2864494921515,577,0.7477140426635742
core,200,3000000.0,8,1,exclude,launch,0,0.0,prior,0.0,cluster_patrol,12600.0,43200,298367.71773491753,0,286188.4241917307,12179.293543186863,0,0,0.0,0,11.63475047648417,28.808257090341346,6542.619886436506,1378.2210884077722,4.747148292437643,2.0149028540783886,309.0083409649378,0.0,0.0,0.0,0.9748137988811734,24.44909090909091,0.9757281553398058,486.23265389621884,550,0.6593165397644043
core,200,3000000.0,10,1,exclude,launch,0,0.0,prior,0.0,cluster_patrol,12600.0,43200,235941.43011700813,0,228062.5596508838,7878.870466124346,0,0,0.0,0,11.63475047648417,28.53030037461369,6542.619886436506,1392.9616057695698,4.696913295626625,2.0130033462376575,307.8527338466075,0.0,0.0,0.0,0.8227001199487972,20.544117647058822,0.9805352798053528,389.1820295115179,816,0.8503177165985107
core,200,3000000.0,9,1,exclude,launch,0,0.0,prior,0.0,cluster_patrol,12600.0,43200,255530.8838773829,0,245897.1922414195,9633.691635963374,0,0,0.0,0,11.63475047648417,28.49556731152258,6542.619886436506,1394.1320515471457,4.692969994611198,2.0137649029144695,308.3157835143553,0.0,0.0,0.0,0.9043760656591696,22.899700598802394,0.9854014598540146,427.5483406376582,668,1.048316240310669
core,200,3000000.0,11,1,exclude,launch,0,0.0,prior,0.0,cluster_patrol,12600.0,43200,214089.02127852742,0,207255.26438694505,6833.756891582355,0,0,0.0,0,11.63475047648417,28.957283211637264,6542.619886436506,1373.01941357227,4.765132831890676,2.012127494134017,307.32061931460134,0.0,0.0,0.0,0.7737151082287935,18.97798742138365,0.9829683698296837,360.5848955010326,954,0.9653177261352539
core,200,3000000.0,6,2,exclude,launch,0,0.0,prior,0.0,cluster_patrol,12600.0,43200,413221.23073534394,0,392785.8282383319,20435.40249701203,0,0,0.0,0,10.318446573287495,22.25395313749802,7419.771693842448,1780.029075893975,4.16834297502475,2.0195551690063644,311.84782279427884,0.0,0.0,0.0,1.3083698940334652,31.39087947882736,0.9675810473815462,686.5472504525792,307,0.47500085830688477
core,200,3000000.0,5,2,exclude,launch,0,0.0,prior,0.0,cluster_patrol,12600.0,43200,470853.1745677052,0,444436.0099685684,26417.164599136784,0,0,0.0,0,10.318446573287495,21.411018803629034,7419.771693842448,1847.6205284280877,4.015852595097011,2.0222734268992673,313.51288780331134,0.0,0.0,0.0,1.5695864159513575,38.93457943925234,0.965,784.4490281025754,214,0.6319348812103271
core,200,3000000.0,12,1,exclude,launch,0,0.0,prior,0.0,cluster_patrol,12600.0,43200,197387.47304246595,0,191143.24351369814,6244.229528767821,0,0,0.0,1,11.63475047648417,31.615269184139446,6542.619886436506,1258.2346542133805,5.199840796410747,2.011089788127145,306.6907678964986,0.0,0.0,0.0,0.7135939747998773,17.652519893899203,0.9829683698296837,326.55627412832877,1131,1.155470371246338
core,200,3000000.0,13,1,exclude,launch,0,0.0,prior,0.0,cluster_patrol,12600.0,43200,261794.51108624312,0,256366.91512464188,5427.5959616012215,0,1,0.2841392007895725,1,11.63475047648417,39.90168938629136,6542.619886436506,997.1978823214195,6.561004593396912,2.0105614715155626,306.3703463135097,0.0,0.0,0.05154639175257732,0.6152776192723344,15.931350114416476,0.9781021897810219,313.0322896890735,1311,1.1749813556671143
core,200,3000000.0,7,2,exclude,launch,0,0.0,prior,0.0,cluster_patrol,12600.0,43200,335913.8457288032,0,323367.6402118012,12546.205517001956,0,0,0.0,0,10.318446573287495,23.20173082551447,7419.771693842448,1709.3091301350023,4.340801533808241,2.0172001444382124,310.4088401535362,0.0,0.0,0.0,1.1841690150294444,28.916876574307306,0.9798994974874372,572.1073821357613,397,0.542020320892334
core,200,3000000.0,8,2,exclude,launch,0,0.0,prior,0.0,cluster_patrol,12600.0,43200,277493.5586071534,0,267362.6423717876,10130.916235365856,0,0,0.0,0,10.318446573287495,26.024878839753583,7419.771693842448,1525.366435206032,4.864255252109475,2.015241439152843,309.2145539319408,0.0,0.0,0.0,1.026046660769107,26.265774378585085,0.9824120603015075,476.83233406654415,523,0.7581925392150879
core,200,3000000.0,16,1,exclude,launch,0,0.0,prior,0.0,cluster_patrol,12600.0,43200,237769.70251767925,0,233781.2383400777,3988.4641776015555,0,1,0.31284929224997043,1,11.63475047648417,34.63830620830456,6542.619886436506,1149.1191865097599,5.693595549743209,2.0098713700701567,305.95205522621256,0.0,0.0,0.03705228489090161,0.5521042889813914,13.066812705366923,0.9805352798053528,273.7210854571687,1826,1.4261293411254883
core,200,3000000.0,14,1,exclude,launch,0,0.0,prior,0.0,cluster_patrol,12600.0,43200,254974.4122214644,0,250571.08637852993,4403.325842934437,0,1,0.2917394043702424,1,11.63475047648417,36.129512007899145,6542.619886436506,1101.3603109362332,5.940489975414878,2.0104740380182466,306.3173344526702,0.0,0.0,0.046177526936890714,0.5974587025794444,14.620901639344263,0.9781021897810219,302.1468247431013,1464,1.596639633178711
core,200,3000000.0,9,2,exclude,launch,0,0.0,prior,0.0,cluster_patrol,12600.0,43200,253241.30904102224,0,244702.902457663,8538.406583359225,0,0,0.0,0,10.318446573287495,28.0786476445923,7419.771693842448,1414.8556608662166,5.244189848524791,2.0137319619854273,308.295747225247,0.0,0.0,0.0,0.9278583013617737,23.233128834355828,0.9849246231155779,433.33966145915826,652,0.8541944026947021
core,200,3000000.0,10,2,exclude,launch,0,0.0,prior,0.0,cluster_patrol,12600.0,43200,229596.02981945476,0,222694.20991313062,6901.819906324121,0,0,0.0,0,10.318446573287495,29.076572063871563,7419.771693842448,1367.0020502220136,5.427769250702593,2.0126933715336377,307.66435942444986,0.0,0.0,0.0,0.8466864442944838,21.011363636363637,0.9849246231155779,392.5467980613591,792,0.9236700534820557
core,200,3000000.0,17,1,exclude,launch,0,0.0,prior,0.0,cluster_patrol,12600.0,43200,232995.63102032378,0,229177.05940800917,3818.571612314624,0,1,0.3192595621874731,1,11.63475047648417,33.71403345904529,6542.619886436506,1180.787649841762,5.540894577711145,2.0095900483292364,305.7816197056289,0.0,0.0,0.03414264036418816,0.5425929943332688,12.329126703685008,0.9805352798053528,267.44355718209147,1981,1.5496060848236084
core,200,3000000.0,15,1,exclude,launch,0,0.0,prior,0.0,cluster_patrol,12600.0,43200,244056.17131303085,0,239521.2456958582,4534.925617172616,0,1,0.30479083053275013,1,11.63475047648417,35.68540735244757,6542.619886436506,1115.2408439892,5.866553329443756,2.010160162882457,306.1270664024134,0.0,0.0,0.04072398190045249,0.5668826231274542,13.956652618904274,0.9878345498783455,282.3447615586757,1661,1.7821156978607178
core,200,3000000.0,5,3,exclude,launch,0,0.0,prior,0.0,cluster_patrol,12600.0,43200,451426.30981504096,0,424407.70634093456,27018.60347410645,0,0,0.0,0,9.67642623008521,21.164964975526463,7934.181769636198,1868.9279857615054,4.245311659990671,2.0224596489858957,313.6271201413083,0.0,0.0,0.0,1.5140449621297287,39.8235294117647,0.9764705882352941,745.8118995701543,221,0.40149569511413574
core,200,3000000.0,18,1,exclude,launch,0,0.0,prior,0.0,cluster_patrol,12600.0,43200,227944.99445710602,0,224341.99633545714,3602.9981216489,0,1,0.3263334793918466,1,11.63475047648417,33.69151215459089,6542.619886436506,1181.7604616102467,5.536333376327081,2.00927799403565,305.5926207733879,0.0,0.0,0.03113109650639917,0.5257176398389433,11.618959963184537,0.9854014598540146,258.51736205038844,2173,1.8206250667572021
core,200,3000000.0,12,2,exclude,launch,0,0.0,prior,0.0,cluster_patrol,12600.0,43200,343083.6049557272,0,324709.8489261367,18373.756029590488,0,1,0.4081488894535581,1,10.318446573287495,37.47708295984331,7419.771693842448,1061.2636032574662,6.991450258981874,2.0114115371085477,306.8859892188827,0.0,0.0,0.06060606060606061,0.662978122121575,16.942600896860988,0.9798994974874372,347.4007480887726,1115,1.027177095413208
core,200,3000000.0,4,3,exclude,launch,0,0.0,prior,0.0,cluster_patrol,12600.0,43200,609693.3561444122,0,564965.2652909501,44728.090853462236,0,0,0.0,0,9.67642623008521,16.05702983018481,7934.181769636198,2455.935451005281,3.230614944048518,2.0286532668758355,317.4382630362986,0.0,0.0,0.0,1.9139678110369769,47.51063829787234,0.9601873536299765,989.3576427984573,141,0.46549463272094727
core,200,3000000.0,11,2,exclude,launch,0,0.0,prior,0.0,cluster_patrol,12600.0,43200,358223.1323420835,0,338940.42963616963,19282.702705913835,0,1,0.39089935771842316,1,10.318446573287495,38.867722185279405,7419.771693842448,1022.9908216238397,7.253018831649642,2.012005483153362,307.24652937974093,0.0,0.0,0.07058823529411765,0.7016838491143623,18.199582027168233,0.9798994974874372,375.34953641371885,957,1.2184169292449951
core,200,3000000.0,13,2,exclude,launch,0,0.0,prior,0.0,cluster_patrol,12600.0,43200,330249.47746850864,0,313027.87956670613,17221.597901802506,0,1,0.42401033735399435,1,10.318446573287495,37.02584804567692,7419.771693842448,1074.5191688422715,6.905201795363778,2.010808929075134,306.52040732940566,0.0,0.0,0.052878965922444184,0.6310146229560107,15.624902114330462,0.9798994974874372,327.62686630171595,1277,1.1073970794677734
core,200,3000000.0,7,3,exclude,launch,0,0.0,prior,0.0,cluster_patrol,12600.0,43200,313351.60173911665,0,302189.27301044343,11162.328728673243,0,0,0.0,0,9.67642623008521,24.52384177772766,7934.181769636198,1617.1994394541284,4.906124486608968,2.017148628896732,310.3773999799506,0.0,0.0,0.0,1.1188473128946226,29.533175355450236,0.9764150943396226,529.3225205068862,422,0.5812528133392334
core,200,3000000.0,14,2,exclude,launch,0,0.0,prior,0.0,cluster_patrol,12600.0,43200,324750.8044515867,0,307641.588686944,17109.21576464273,0,1,0.4311896704578518,1,10.318446573287495,34.19054132659535,7419.771693842448,1163.778334175143,6.375588439787717,2.0105447427347336,306.36020312064267,0.0,0.0,0.048102618920363445,0.6219617561203652,14.547330960854092,0.9824120603015075,320.2298962200082,1405,1.1869027614593506
core,200,3000000.0,6,3,exclude,launch,0,0.0,prior,0.0,cluster_patrol,12600.0,43200,402380.80631289474,0,381680.09327131824,20700.713041576528,0,0,0.0,0,9.67642623008521,22.15336321003445,7934.181769636198,1787.937623001944,4.437616652595922,2.0197515768758376,311.9679835622272,0.0,0.0,0.0,1.2785547241707562,32.17088607594937,0.9764150943396226,649.0478109841832,316,0.5962536334991455
core,200,3000000.0,8,3,exclude,launch,0,0.0,prior,0.0,cluster_patrol,12600.0,43200,286666.0455464543,0,276066.9092487005,10599.13629775384,0,0,0.0,0,9.67642623008521,26.54275323694408,7934.181769636198,1495.405574401351,5.305705626256244,2.0155103015552243,309.3783517694348,0.0,0.0,0.0,0.9640954345460516,24.926654740608228,0.9834905660377359,474.14420767302414,559,0.8012604713439941
core,200,3000000.0,6,4,exclude,launch,0,0.0,prior,0.0,cluster_patrol,12600.0,43200,367366.90415746125,0,348396.9410926703,18969.963064790925,0,0,0.0,0,12.059729542696003,24.28515419120847,6300.314603527087,1632.1672453191275,3.8600913120856224,2.0182941604511653,311.0768991626829,0.0,0.0,0.0,1.283105628947574,32.733333333333334,0.963855421686747,639.9483241248819,315,0.48167920112609863
core,200,3000000.0,9,3,exclude,launch,0,0.0,prior,0.0,cluster_patrol,12600.0,43200,249172.4497826442,0,240974.92859759706,8197.521185047151,0,0,0.0,0,9.67642623008521,27.3076606488297,7934.181769636198,1454.3772262531456,5.4553809193483564,2.0143198121386705,308.65340438910823,0.0,0.0,0.0,0.8694415002741656,23.249283667621775,0.9834905660377359,406.83752147240756,698,0.8089144229888916
core,200,3000000.0,7,4,exclude,launch,0,0.0,prior,0.0,cluster_patrol,12600.0,43200,310697.558928026,0,297474.29076180415,13223.268166221798,0,0,0.0,0,12.059729542696003,25.282441591476143,6300.314603527087,1569.3715684586064,4.01454615984606,2.016253777041955,309.83152180561194,0.0,0.0,0.0,1.1227379134386282,28.706443914081145,0.9759036144578314,546.5650480057366,419,0.5656778812408447
core,200,3000000.0,10,3,exclude,launch,0,0.0,prior,0.0,cluster_patrol,12600.0,43200,240370.22318793583,0,231764.5794169047,8605.643771031147,0,0,0.0,1,9.67642623008521,25.35102493733913,7934.181769636198,1567.04650571662,5.063143780795356,2.013782577447971,308.3265343011153,0.0,0.0,0.0,0.8323985239702484,20.40644361833953,0.9858490566037735,400.94068700296754,807,0.9594264030456543
core,200,3000000.0,16,2,exclude,launch,0,0.0,prior,0.0,cluster_patrol,12600.0,43200,297264.34793890663,0,281160.4222957804,16103.925643126271,0,1,0.4710594907303881,1,10.318446573287495,37.42312563099541,7419.771693842448,1063.783047862845,6.974891834146891,2.009540966710394,305.75188903996684,0.0,0.0,0.03578528827037773,0.5333277851576438,13.163492063492063,0.9849246231155779,262.53152834965914,1890,1.4954276084899902
core,200,3000000.0,15,2,exclude,launch,0,0.0,prior,0.0,cluster_patrol,12600.0,43200,310269.35462448816,0,293546.42740769475,16722.9272167934,0,1,0.45131493093114905,1,10.318446573287495,35.577870450021095,7419.771693842448,1118.688230757621,6.63256436408335,2.0100227297090205,306.0437743586583,0.0,0.0,0.04139834406623735,0.576758290631125,13.834149326805386,0.9849246231155779,289.5343496630111,1634,1.610426425933838
core,200,3000000.0,12,3,exclude,launch,0,0.0,prior,0.0,cluster_patrol,12600.0,43200,274047.7061248889,0,269210.0591872815,4837.646937607371,0,1,0.29136907065215206,1,9.67642623008521,38.878328522061274,7934.181769636198,1022.8665224644176,7.756810488352065,2.01170102407384,307.0616886336171,0.0,0.0,0.055658627087198514,0.6085024670406906,17.03542009884679,0.9881796690307328,316.63881270995984,1214,1.133929967880249
core,200,3000000.0,8,4,exclude,launch,0,0.0,prior,0.0,cluster_patrol,12600.0,43200,260595.29062930384,0,251335.7260282756,9259.564601028254,0,0,0.0,0,12.059729542696003,28.40688632134581,6300.314603527087,1397.890369033607,4.507016246118525,2.014620463189923,308.83640529712034,0.0,0.0,0.0,0.9409595483023973,24.956217162872154,0.9710843373493976,460.3627375687119,571,0.7236897945404053
core,200,3000000.0,11,3,exclude,launch,0,0.0,prior,0.0,cluster_patrol,12600.0,43200,294400.71028780175,0,288232.5093090531,6168.200978748673,0,1,0.2712256548902508,1,9.67642623008521,36.07980078628591,7934.181769636198,1101.7455872680657,7.201464531671169,2.0125400714859887,307.57121890945524,0.0,0.0,0.06917755572636433,0.6881453490538119,18.401228249744115,0.983451536643026,364.1514689014139,977,1.2669315338134766
core,200,3000000.0,14,3,exclude,launch,0,0.0,prior,0.0,cluster_patrol,12600.0,43200,253056.32428579548,0,249132.24800003803,3924.0762857574714,0,1,0.31553854926693753,1,9.67642623008521,35.74032757924164,7934.181769636198,1113.065129915001,7.12822777068049,2.0109944909723767,306.6329582329484,0.0,0.0,0.04324843825084094,0.5585817648188444,14.736572890025576,0.9881796690307328,283.58176300397344,1564,1.3149254322052002
core,200,3000000.0,9,4,exclude,launch,0,0.0,prior,0.0,cluster_patrol,12600.0,43200,236907.8419687291,0,229027.3409353531,7880.501033376005,0,0,0.0,0,12.059729542696003,30.07308931802582,6300.314603527087,1321.3406594998232,4.768122859332877,2.013247385596502,308.0010793254438,0.0,0.0,0.0,0.8554926123130447,22.229901269393512,0.9734939759036144,417.3274804480423,709,0.792741060256958
core,200,3000000.0,13,3,exclude,launch,0,0.0,prior,0.0,cluster_patrol,12600.0,43200,268851.8747190435,0,263804.4873594669,5047.387359576594,0,1,0.2970000693928869,1,9.67642623008521,37.95908855545887,7934.181769636198,1047.8298490575876,7.572013506555628,2.0113305272452506,306.836830601447,0.0,0.0,0.04764425622022234,0.5678099145291472,15.38169014084507,0.9881796690307328,299.5382067161375,1420,1.6362621784210205
core,200,3000000.0,15,3,exclude,launch,0,0.0,prior,0.0,cluster_patrol,12600.0,43200,242290.73627431196,0,238516.98538782567,3773.750886486274,0,1,0.3295587222020808,1,9.67642623008521,35.315455139752494,7934.181769636198,1126.7016088223197,7.041954770908128,2.010556420340153,306.3672836072111,0.0,0.0,0.038860103626943004,0.5401404952807729,14.162737205290396,0.9881796690307328,265.2321961552494,1739,1.4257621765136719
core,200,3000000.0,11,4,exclude,launch,0,0.0,prior,0.0,cluster_patrol,12600.0,43200,198742.40353142555,0,194024.6394598994,4717.764071526177,0,0,0.0,0,12.059729542696003,30.802155714307784,6300.314603527087,1291.2343975245062,4.879295823907536,2.011424742878474,306.89400315203613,0.0,0.0,0.0,0.7562478357767274,19.337755102040816,0.9782608695652174,346.1065891396984,980,1.0000827312469482
core,200,3000000.0,10,4,exclude,launch,0,0.0,prior,0.0,cluster_patrol,12600.0,43200,215660.34496463087,0,209831.07974359527,5829.265221035602,0,0,0.0,0,12.059729542696003,29.620102412902014,6300.314603527087,1342.1298216815321,4.694266159464013,2.0123749604817895,307.47091818315164,0.0,0.0,0.0,0.8082490909574889,20.642256902761105,0.9782608695652174,382.1182969128443,833,1.154083490371704
core,200,3000000.0,12,4,exclude,launch,0,0.0,prior,0.0,cluster_patrol,12600.0,43200,198768.08078569546,0,192870.60707416534,5897.473711530147,0,0,0.0,0,12.059729542696003,30.03656515279679,6300.314603527087,1324.5840255240305,4.756447671211015,2.0107598583627313,306.49064738323466,0.0,0.0,0.0,0.7399937747796187,17.36205316223648,0.9806763285024155,347.4070394585292,1091,1.03708815574646
core,200,3000000.0,5,5,exclude,launch,0,0.0,prior,0.0,cluster_patrol,12600.0,43200,437346.20442278293,0,415067.5212623935,22278.6831603894,0,0,0.0,0,10.230063699098567,21.92410625380163,7486.75482575108,1804.3283474672767,4.14933060064161,2.022332291588202,313.54899432719543,0.0,0.0,0.0,1.48354980647801,39.21491228070175,0.95822454308094,735.2681908757557,228,0.4710245132446289
core,200,3000000.0,13,4,exclude,launch,0,0.0,prior,0.0,cluster_patrol,12600.0,43200,257944.89759059643,0,245015.33833285276,12929.55925774368,0,1,0.2932530015991642,1,12.059729542696003,36.82001029882622,6300.314603527087,1080.6878129964348,5.829911772631299,2.0105081013188952,306.3379868493356,0.0,0.0,0.05229517722254503,0.6235487519324575,15.767621998450814,0.973170731707317,317.3676497636638,1291,1.162088394165039
core,200,3000000.0,6,5,exclude,launch,0,0.0,prior,0.0,cluster_patrol,12600.0,43200,380653.966360845,0,363313.1509325745,17340.815428270547,0,0,0.0,0,10.230063699098567,21.962301618000403,7486.75482575108,1803.7794961264851,4.150593152781958,2.019429468779289,311.7709325446869,0.0,0.0,0.0,1.3112276463532901,33.36807817589577,0.9503916449086162,638.7870339934443,307,0.6537158489227295
core,200,3000000.0,14,4,exclude,launch,0,0.0,prior,0.0,cluster_patrol,12600.0,43200,235790.10317709253,0,223926.4439967749,11863.65918031763,0,1,0.3208024449086962,1,12.059729542696003,40.176420933733326,6300.314603527087,990.7764798822872,6.3589666604475905,2.009754700820519,305.88136674874096,0.0,0.0,0.04390243902439024,0.5665557362677802,15.267056530214425,0.9779951100244498,277.7466279723919,1539,1.3657801151275635
core,200,3000000.0,7,5,exclude,launch,0,0.0,prior,0.0,cluster_patrol,12600.0,43200,329001.35453677474,0,314588.1025920366,14413.251944738113,0,0,0.0,0,10.230063699098567,24.596376899411126,7486.75482575108,1612.4081375063745,4.64321324830915,2.0171763440248434,310.39431445312397,0.0,0.0,0.0,1.088042152213288,27.675925925925927,0.9608355091383812,550.567861703544,432,0.6047165393829346
core,200,3000000.0,15,4,exclude,launch,0,0.0,prior,0.0,cluster_patrol,12600.0,43200,231943.39765497323,0,220170.67176779188,11772.72588718134,0,1,0.3261151498764816,1,12.059729542696003,37.5106565003699,6300.314603527087,1061.2241089663994,5.936837045347005,2.0096860324558206,305.8397652409129,0.0,0.0,0.0392156862745098,0.5453828596043993,14.064459930313589,0.9780487804878049,269.5524757483786,1722,1.4002974033355713
core,200,3000000.0,8,5,exclude,launch,0,0.0,prior,0.0,cluster_patrol,12600.0,43200,274610.1712139342,0,265257.8520062052,9352.319207729035,0,0,0.0,0,10.230063699098567,26.93609801670579,7486.75482575108,1473.8831804415754,5.079612092125272,2.0150797580079387,309.11607453523663,0.0,0.0,0.0,0.9965325178926745,26.029574861367838,0.9712793733681462,467.01246817789036,541,0.7280223369598389
core,200,3000000.0,16,4,exclude,launch,0,0.0,prior,0.0,cluster_patrol,12600.0,43200,228729.64653214187,0,216830.0265714596,11899.619960682277,0,1,0.33069759815973354,1,12.059729542696003,36.28496806068484,6300.314603527087,1097.1679029615873,5.742343160532346,2.009509889191448,305.7330649125989,0.0,0.0,0.03522504892367906,0.5253403288653199,13.0109375,0.975609756097561,262.01985623040395,1920,1.7391133308410645
core,200,3000000.0,9,5,exclude,launch,0,0.0,prior,0.0,cluster_patrol,12600.0,43200,233915.81440713906,0,226970.25157800646,6945.562829132617,0,0,0.0,0,10.230063699098567,29.956986035631704,7486.75482575108,1326.2552232675157,5.645033244284494,2.013560869178434,308.191690658923,0.0,0.0,0.0,0.8701343644316193,23.582972582972584,0.9686684073107049,401.40332929472993,693,1.0285327434539795
core,200,3000000.0,17,4,exclude,launch,0,0.0,prior,0.0,cluster_patrol,12600.0,43200,224563.6210897942,0,212407.0328453158,12156.588244478375,0,1,0.33683462135025627,1,12.059729542696003,37.40503408523118,6300.314603527087,1064.5383745616996,5.918353677124231,2.009086385222135,305.47659985220236,0.0,0.0,0.03129346314325452,0.49778873579088195,12.271170754280426,0.9780487804878049,245.8390464395665,2161,1.8511130809783936
core,200,3000000.0,18,4,exclude,launch,0,0.0,prior,0.0,cluster_patrol,12600.0,43200,220463.87351035696,0,208597.33525055292,11866.53825980403,0,1,0.34310495187176804,1,12.059729542696003,37.8686210165443,6300.314603527087,1051.729695748274,5.990431409321958,2.008659670290908,305.21829914140875,0.0,0.0,0.028671551449506213,0.48447538539693874,11.678949597628124,0.9780487804878049,236.89759147567943,2361,1.7273907661437988
core,200,3000000.0,4,6,exclude,launch,0,0.0,prior,0.0,cluster_patrol,12600.0,43200,684342.2176688898,0,628689.9503746078,55652.26729428193,0,0,0.0,0,9.820645030526062,14.622387032589996,7812.771097824855,2695.956155807072,2.8979592568655828,2.0293590245117494,317.8740004031341,0.0,0.0,0.0,1.9948626255642086,45.582089552238806,0.9342723004694836,1074.8221284119188,134,0.27699971199035645
core,200,3000000.0,10,5,exclude,launch,0,0.0,prior,0.0,cluster_patrol,12600.0,43200,207110.6203678073,0,201710.24902214794,5400.371345659358,0,0,0.0,0,10.230063699098567,31.971967780912117,7486.75482575108,1243.3292265960763,6.021538515786311,2.0124934600939683,307.54290201991694,0.0,0.0,0.0,0.7794533645834416,21.39236111111111,0.9765013054830287,355.18056652541,864,1.1590244770050049
core,200,3000000.0,19,4,exclude,launch,0,0.0,prior,0.0,cluster_patrol,12600.0,43200,216654.762129046,0,205283.94406456157,11370.818064484449,0,1,0.349136393122932,1,12.059729542696003,36.09487594341876,6300.314603527087,1103.3961048101025,5.709930075030841,2.008690321498184,305.236849405233,0.0,0.0,0.026509572901325478,0.473941364838546,11.051312181746964,0.9780487804878049,231.1058623695521,2553,1.855255126953125
core,200,3000000.0,5,6,exclude,launch,0,0.0,prior,0.0,cluster_patrol,12600.0,43200,474988.1107410414,0,446482.35164096183,28505.759100079613,0,0,0.0,0,9.820645030526062,20.747610993575343,7812.771097824855,1906.4643680655706,4.098042024122501,2.022521736096392,313.6652102368737,0.0,0.0,0.0,1.5998066465790353,40.23444976076555,0.9552941176470588,785.0262899812666,209,0.45986366271972656
core,200,3000000.0,11,5,exclude,launch,0,0.0,prior,0.0,cluster_patrol,12600.0,43200,494935.3910084911,0,449482.94307960634,45452.44792888477,0,1,0.616250172381992,1,10.230063699098567,42.919925955932975,7486.75482575108,926.492945913452,8.080746711319756,2.011819002220963,307.1333079766277,0.0,0.0,0.06479481641468683,0.6452950947408223,18.915627996164908,0.9556135770234987,332.10474708968036,1043,1.3168885707855225
core,200,3000000.0,12,5,exclude,launch,0,0.0,prior,0.0,cluster_patrol,12600.0,43200,487707.0794255953,0,442023.464868726,45683.61455686934,0,1,0.6253744755367614,1,10.230063699098567,42.582716006537396,7486.75482575108,934.2455384106012,8.013690746105173,2.010923717572085,306.59002882492933,0.0,0.0,0.05725190839694656,0.6267355546951289,17.35169491525424,0.9607329842931938,318.5494783872953,1180,1.1671969890594482
core,200,3000000.0,13,5,exclude,launch,0,0.0,prior,0.0,cluster_patrol,12600.0,43200,477805.5939032519,0,432836.0053803023,44969.58852294964,0,1,0.6383429130612982,1,10.230063699098567,37.81564717889849,7486.75482575108,1052.1037853742932,7.1159850670888085,2.0107582835402824,306.4896923235894,0.0,0.0,0.0513405590416429,0.6120171763846656,16.15273556231003,0.968503937007874,307.6410170634713,1316,1.1717040538787842
core,200,3000000.0,14,5,exclude,launch,0,0.0,prior,0.0,cluster_patrol,12600.0,43200,467775.02724621334,0,423091.0601576715,44683.967088541875,0,1,0.652019345648019,1,10.230063699098567,36.062622015482965,7486.75482575108,1103.3570649557464,6.785432443894633,2.0105580039592965,306.3682438098593,0.0,0.0,0.0448654037886341,0.5797648321313937,15.104042412193506,0.9736842105263158,286.50648586288395,1509,1.2861173152923584
core,200,3000000.0,6,6,exclude,launch,0,0.0,prior,0.0,cluster_patrol,12600.0,43200,391379.91115475696,0,371137.8017189192,20242.10943583776,0,0,0.0,0,9.820645030526062,24.063925377394305,7812.771097824855,1646.446618948395,4.745231948555347,2.0191838326691958,311.6207054322812,0.0,0.0,0.0,1.2971083060763062,33.26451612903226,0.9620853080568721,633.0503335936542,310,0.5987837314605713
core,200,3000000.0,7,6,exclude,launch,0,0.0,prior,0.0,cluster_patrol,12600.0,43200,334030.6856138536,0,318172.9550602042,15857.730553649384,0,0,0.0,0,9.820645030526062,26.15388560698738,7812.771097824855,1516.4102335200437,5.1521487557420835,2.017144732712251,310.37502218528283,0.0,0.0,0.0,1.0827842869242454,28.588505747126437,0.9739952718676123,526.9531601522475,435,0.612783670425415
core,200,3000000.0,8,6,exclude,launch,0,0.0,prior,0.0,cluster_patrol,12600.0,43200,284414.8542775764,0,272776.1518282446,11638.702449331755,0,0,0.0,0,9.820645030526062,28.113446303861092,7812.771097824855,1412.088062762914,5.532778941943793,2.015181270932102,309.17790385539547,0.0,0.0,0.0,0.9763999126951376,25.52994555353902,0.9810874704491725,466.6284625323379,551,0.698796272277832
core,200,3000000.0,15,5,exclude,launch,0,0.0,prior,0.0,cluster_patrol,12600.0,43200,458503.517198988,0,414304.61353691894,44198.90366206906,0,1,0.6652119365758731,1,10.230063699098567,37.067433492959694,7486.75482575108,1073.7775435643969,6.972351834532552,2.00994027609605,305.99380838428965,0.0,0.0,0.03975265017667844,0.5526923262221329,14.375073486184597,0.9710526315789474,266.08554503096906,1701,1.4466140270233154
core,200,3000000.0,9,6,exclude,launch,0,0.0,prior,0.0,cluster_patrol,12600.0,43200,264224.94729320396,0,254555.54988729983,9669.39740590412,0,0,0.0,0,9.820645030526062,28.608259365148815,7812.771097824855,1388.5305360303257,5.626646944445897,2.0139241856647816,308.4126762827972,0.0,0.0,0.0,0.8987664418194665,22.59138187221397,0.9763593380614657,431.33891923384584,673,0.7877962589263916
core,200,3000000.0,5,7,exclude,launch,0,0.0,prior,0.0,cluster_patrol,12600.0,43200,465419.99127741286,0,440252.08622390067,25167.905053512186,0,0,0.0,0,10.273942215221508,22.19395139022924,7453.356364169037,1782.1271256676032,4.182280970206843,2.022631077630622,313.7322962807902,0.0,0.0,0.0,1.4749258598718644,37.43859649122807,0.9777777777777777,773.9984128433885,228,0.4117393493652344
core,200,3000000.0,10,6,exclude,launch,0,0.0,prior,0.0,cluster_patrol,12600.0,43200,232760.3813073412,0,224442.22927423517,8318.152033106016,0,0,0.0,1,9.820645030526062,30.45237681557126,7812.771097824855,1305.1623175073942,5.98605322343793,2.012816878260157,307.7394086665949,0.0,0.0,0.0,0.8080060780767151,20.902527075812273,0.9834123222748815,376.3810646044871,831,0.9206588268280029
core,200,3000000.0,6,7,exclude,launch,0,0.0,prior,0.0,cluster_patrol,12600.0,43200,354976.82955861074,0,339638.8650178504,15337.964540760313,0,0,0.0,0,10.273942215221508,24.89002556999142,7453.356364169037,1591.8650086217722,4.6821535267127405,2.0191026917712778,311.571088912639,0.0,0.0,0.0,1.2675178334001942,33.337539432176655,0.9679012345679012,618.0498949873247,317,0.5062460899353027
core,200,3000000.0,11,6,exclude,launch,0,0.0,prior,0.0,cluster_patrol,12600.0,43200,415988.3816879792,0,386369.10421542777,29619.2774725515,0,1,0.492158780806056,1,9.820645030526062,37.776299642981336,7812.771097824855,1052.3173676589151,7.424348716400914,2.0124441395089594,307.5129406878112,0.0,0.0,0.06838905775075987,0.6799247722026965,18.589068825910932,0.966824644549763,355.8016466178456,988,1.0370509624481201
core,200,3000000.0,16,5,exclude,launch,0,0.0,prior,0.0,cluster_patrol,12600.0,43200,452856.0770638108,0,408814.84308523044,44041.233978580385,0,1,0.6735115954440284,1,10.230063699098567,40.57960117785348,7486.75482575108,981.2241175440543,7.630015092260454,2.009157571641769,305.5197013205737,0.0,0.0,0.03456221198156682,0.5151945256550219,13.335717935615738,0.9710526315789474,250.00731000325618,1957,1.924450159072876
core,200,3000000.0,7,7,exclude,launch,0,0.0,prior,0.0,cluster_patrol,12600.0,43200,308013.1454489498,0,296394.9390450883,11618.206403861492,0,0,0.0,0,10.273942215221508,25.671180403719465,7453.356364169037,1544.9100170818583,4.824459859641207,2.0171628406167015,310.38607329943136,0.0,0.0,0.0,1.0934720925104757,28.37354988399072,0.9851851851851852,537.7159220684517,431,0.6116335391998291
core,200,3000000.0,12,6,exclude,launch,0,0.0,prior,0.0,cluster_patrol,12600.0,43200,403064.99972545163,0,374642.93413740024,28422.065588051435,0,1,0.5079393622701271,1,9.820645030526062,37.36050544599924,7812.771097824855,1064.458438939304,7.339667583085735,2.0116319952180604,307.019788124662,0.0,0.0,0.05932762030323006,0.6489007154663422,17.094903339191564,0.9644549763033176,336.3852765768354,1138,1.12156343460083
core,200,3000000.0,13,6,exclude,launch,0,0.0,prior,0.0,cluster_patrol,12600.0,43200,386979.780309978,0,359605.02756041795,27374.75274956005,0,1,0.5290546330469494,1,9.820645030526062,36.63136145640855,7812.771097824855,1085.897379199351,7.194760064330694,2.0111670350280266,306.7376318182112,0.0,0.0,0.05110732538330494,0.6105750398320259,16.206948640483382,0.966824644549763,304.9184271765511,1324,1.225318193435669
core,200,3000000.0,8,7,exclude,launch,0,0.0,prior,0.0,cluster_patrol,12600.0,43200,258785.20528239725,0,249944.90764023655,8840.297642160707,0,0,0.0,0,10.273942215221508,28.53870992634748,7453.356364169037,1390.9861264985902,5.358325451405277,2.0152681970540343,309.2308535848047,0.0,0.0,0.0,0.9518304982426067,26.226148409893995,0.9777777777777777,443.58411790882604,566,0.7263853549957275
core,200,3000000.0,14,6,exclude,launch,0,0.0,prior,0.0,cluster_patrol,12600.0,43200,384720.1960567582,0,357241.20975874655,27478.986298011685,0,1,0.5321614034596207,1,9.820645030526062,36.03488275845997,7812.771097824855,1104.2154892921894,7.075404369515683,2.010541485305553,306.3582280570661,0.0,0.0,0.046248715313463515,0.5981420816098046,14.66120218579235,0.9597156398104265,304.6133891761482,1464,1.2668101787567139
core,200,3000000.0,9,7,exclude,launch,0,0.0,prior,0.0,cluster_patrol,12600.0,43200,224745.04487621118,0,219465.7481792058,5279.296697005377,0,0,0.0,0,10.273942215221508,29.843069045505644,7453.356364169037,1331.208074609277,5.598941672853564,2.0137268467184537,308.2926359273216,0.0,0.0,0.0,0.8848405408865293,23.720351390922403,0.9801980198019802,403.49619376138725,683,0.8153834342956543
core,200,3000000.0,10,7,exclude,launch,0,0.0,prior,0.0,cluster_patrol,12600.0,43200,219934.97942677382,0,213919.37469320398,6015.604733569859,0,0,0.0,0,10.273942215221508,28.692514285133427,7453.356364169037,1385.0951308934245,5.381115129154643,2.012990743698903,307.8450740458971,0.0,0.0,0.0,0.8312727085939968,20.607407407407408,0.9777777777777777,392.21053059111466,810,0.8781647682189941
core,200,3000000.0,15,6,exclude,launch,0,0.0,prior,0.0,cluster_patrol,12600.0,43200,378854.0989475268,0,351816.98609940906,27037.112848117777,0,1,0.5404022922175702,1,9.820645030526062,33.753456154622306,7812.771097824855,1178.9312620666965,6.626994591804164,2.0104036042650577,306.27463305354576,0.0,0.0,0.04189944134078212,0.583232056682279,13.672862453531598,0.966824644549763,296.17750208374565,1614,1.3129034042358398
core,200,3000000.0,5,8,exclude,launch,0,0.0,prior,0.0,cluster_patrol,12600.0,43200,427903.1045216781,0,406167.30675716914,21735.79776450897,0,0,0.0,0,11.933896810827438,22.682523516057927,6370.260745628138,1744.2287259295347,3.652193460025317,2.0220653282139587,313.38526054113197,0.0,0.0,0.0,1.4943541597012682,37.9647577092511,0.982051282051282,767.1577642442705,227,0.3980116844177246
core,200,3000000.0,6,8,exclude,launch,0,0.0,prior,0.0,cluster_patrol,12600.0,43200,337142.47620488243,0,323244.4969870358,13897.979217846669,0,0,0.0,0,11.933896810827438,25.17207254559996,6370.260745628138,1574.1900975850808,4.0466909018171116,2.018895481948568,311.4444009405615,0.0,0.0,0.0,1.2481659958506366,33.05555555555556,0.9820051413881749,612.8396793388997,324,0.501011848449707
core,200,3000000.0,11,7,exclude,launch,0,0.0,prior,0.0,cluster_patrol,12600.0,43200,233845.9778897383,0,228822.2905086473,5023.687381090996,0,1,0.1311851468392874,1,10.273942215221508,38.29978459707444,7453.356364169037,1037.9715120130522,7.180694535357646,2.0123717937400123,307.46899462811115,0.0,0.0,0.0684931506849315,0.6800700145401929,18.10547667342799,0.9678217821782178,365.4069010242436,986,0.9976699352264404
core,200,3000000.0,7,8,exclude,launch,0,0.0,prior,0.0,cluster_patrol,12600.0,43200,287120.818270358,0,276877.3703150756,10243.447955282403,0,0,0.0,0,11.933896810827438,28.89236939009893,6370.260745628138,1373.2638450954064,4.638774091649933,2.016289284442344,309.8531729016994,0.0,0.0,0.0,1.0738069374193433,28.484018264840184,0.9794344473007712,526.8207077981459,438,0.5840137004852295
core,200,3000000.0,12,7,exclude,launch,0,0.0,prior,0.0,cluster_patrol,12600.0,43200,217816.33742553223,0,212880.20415662517,4936.13326890705,0,1,0.14083938473040403,1,10.273942215221508,38.54599288086381,7453.356364169037,1031.6820718047452,7.224470181138952,2.0117076458770384,307.06570821781776,0.0,0.0,0.05728835136855506,0.6259410434440476,16.931239388794566,0.9777227722772277,323.726732179861,1178,1.1301665306091309
core,200,3000000.0,8,8,exclude,launch,0,0.0,prior,0.0,cluster_patrol,12600.0,43200,264727.6368205037,0,255768.51024104824,8959.12657945544,0,0,0.0,0,11.933896810827438,27.561660353496265,6370.260745628138,1440.3187685449846,4.422813119392591,2.015236360792859,309.21146048277836,0.0,0.0,0.0,0.9597859000780434,24.62455516014235,0.9897435897435898,476.22532949668556,562,0.6837348937988281
core,200,3000000.0,13,7,exclude,launch,0,0.0,prior,0.0,cluster_patrol,12600.0,43200,207536.86962334168,0,203415.69311834418,4121.176504997509,0,1,0.14781527254852625,1,10.273942215221508,35.678307696979246,7453.356364169037,1114.7789538322986,6.685950015961891,2.011393208522768,306.87486667379375,0.0,0.0,0.05104934770277935,0.608840358190261,15.768882175226587,0.9752475247524752,312.1333270303942,1324,1.1849989891052246
core,200,3000000.0,9,8,exclude,launch,0,0.0,prior,0.0,cluster_patrol,12600.0,43200,230825.915358379,0,224293.4512688715,6532.464089507501,0,0,0.0,0,11.933896810827438,32.599241398721574,6370.260745628138,1218.9942561145167,5.225833274992636,2.0131717793753205,307.95511635676576,0.0,0.0,0.0,0.8657281122541386,22.38801711840228,0.9974160206718347,417.2736743605598,701,0.8562254905700684
core,200,3000000.0,10,8,exclude,launch,0,0.0,prior,0.0,cluster_patrol,12600.0,43200,216906.35815629404,0,211475.65403443997,5430.704121854058,0,0,0.0,0,11.933896810827438,29.175887761795416,6370.260745628138,1362.2720678482872,4.6762030111136195,2.0128066355659424,307.73318431392124,0.0,0.0,0.0,0.8185345214345301,20.07429963459196,0.9871134020618557,397.11137083349786,821,0.9052286148071289
core,200,3000000.0,15,7,exclude,launch,0,0.0,prior,0.0,cluster_patrol,12600.0,43200,187808.85102376353,0,184279.75731208175,3529.0937116817813,0,1,0.1633422428177286,1,10.273942215221508,39.14972348310913,7453.356364169037,1016.7334387947312,7.330688732933273,2.009806196912316,305.9125665967546,0.0,0.0,0.03956043956043956,0.5511024374569223,13.94155464640561,0.9827160493827161,273.7599845130006,1711,1.4024975299835205
core,200,3000000.0,14,7,exclude,launch,0,0.0,prior,0.0,cluster_patrol,12600.0,43200,194109.40714945,0,190796.9906052388,3312.416544211201,0,1,0.15804035156123483,1,10.273942215221508,38.691786623479125,7453.356364169037,1028.4009639277408,7.247519815328311,2.0105215286325775,306.3461279489763,0.0,0.0,0.04343629343629344,0.5612399579912357,14.836223506743737,0.9827160493827161,283.13940715367585,1557,1.4295010566711426
core,200,3000000.0,16,7,exclude,launch,0,0.0,prior,0.0,cluster_patrol,12600.0,43200,184249.00566099782,0,181489.88455575026,2759.121105247542,0,1,0.16649815198289739,1,10.273942215221508,35.013879879442015,7453.356364169037,1136.7396064758652,6.556784264142981,2.0099662147026676,306.00952645225044,0.0,0.0,0.03657049979683056,0.545073855366191,13.19945945945946,0.9826732673267327,267.12588854519566,1850,1.5084996223449707
core,200,3000000.0,11,8,exclude,launch,0,0.0,prior,0.0,cluster_patrol,12600.0,43200,187150.91935084836,0,182500.55626951653,4650.3630813318,0,0,0.0,0,11.933896810827438,30.51534788371335,6370.260745628138,1302.9755506889078,4.88901019075919,2.012034369242909,307.26406935866765,0.0,0.0,0.0,0.739748388685908,19.18881118881119,0.9896907216494846,341.2202337848242,1001,1.021733283996582
core,200,3000000.0,12,8,exclude,launch,0,0.0,prior,0.0,cluster_patrol,12600.0,43200,178807.27347983542,0,174799.6572511535,4007.6162286819294,0,0,0.0,1,11.933896810827438,30.334878139752938,6370.260745628138,1311.122791219324,4.858630166671036,2.0114274170908346,306.8956260129112,0.0,0.0,0.0,0.7026425357421273,17.43516100957354,0.9896907216494846,326.7051531132159,1149,1.093733549118042
core,200,3000000.0,5,9,exclude,launch,0,0.0,prior,0.0,cluster_patrol,12600.0,43200,440948.43220815045,0,417865.13455812033,23083.29765003012,0,0,0.0,0,10.304493718415957,22.67435277920473,7430.26982720097,1744.8817203380345,4.25832292274889,2.0220369837912178,313.36787887111495,0.0,0.0,0.0,1.469876789903467,38.98245614035088,0.9649122807017544,737.7141469354111,228,0.40801072120666504
core,200,3000000.0,6,9,exclude,launch,0,0.0,prior,0.0,cluster_patrol,12600.0,43200,371520.8423279504,0,354826.20465972036,16694.637668230032,0,0,0.0,0,10.304493718415957,23.127557945428254,7430.26982720097,1713.1683560622466,4.337150987471891,2.0191108628586716,311.5760852389638,0.0,0.0,0.0,1.291980040225569,32.73801916932907,0.9774436090225563,642.5074402636893,313,0.4776952266693115
core,200,3000000.0,13,8,exclude,launch,0,0.0,prior,0.0,cluster_patrol,12600.0,43200,296423.74377372605,0,288343.34997083654,8080.39380288953,0,1,0.4326025735369654,1,11.933896810827438,39.059400233467855,6370.260745628138,1018.5655584596226,6.254148977177166,2.010830341676193,306.53339389596266,0.0,0.0,0.04975124378109453,0.593883370426499,15.836764705882352,0.9845360824742269,303.32427672707644,1360,1.204427719116211
core,200,3000000.0,7,9,exclude,launch,0,0.0,prior,0.0,cluster_patrol,12600.0,43200,325759.43715849245,0,312664.14348257845,13095.293675914014,0,0,0.0,0,10.304493718415957,28.231616882603,7430.26982720097,1405.517367005136,5.2865016125936055,2.0161276183706343,309.7546010446733,0.0,0.0,0.0,1.1056540991326658,28.16941176470588,0.9824120603015075,547.0316452294242,425,0.57269287109375
core,200,3000000.0,14,8,exclude,launch,0,0.0,prior,0.0,cluster_patrol,12600.0,43200,286002.7427930142,0,278177.55551258696,7825.187280427234,0,1,0.448365191052668,1,11.933896810827438,39.62141410171458,6370.260745628138,1004.4009283240159,6.342348524366472,2.0102631418974353,306.1894847629432,0.0,0.0,0.04324843825084094,0.5592608980164734,14.809462915601022,0.9845360824742269,283.19022408473637,1564,1.3986153602600098
core,200,3000000.0,15,8,exclude,launch,0,0.0,prior,0.0,cluster_patrol,12600.0,43200,278325.7958009545,0,270819.9316943747,7505.864106579789,0,1,0.4607322653832699,1,11.933896810827438,38.03575772164167,6370.260745628138,1046.4410924095923,6.087548350150917,2.009940166082874,305.993741720251,0.0,0.0,0.039198606271777,0.5448169838423494,13.838747099767982,0.9896373056994818,272.6075477897118,1724,1.4276127815246582
core,200,3000000.0,8,9,exclude,launch,0,0.0,prior,0.0,cluster_patrol,12600.0,43200,271097.80549397966,0,261744.97387150387,9352.831622475764,0,0,0.0,0,10.304493718415957,27.722950638979526,7430.26982720097,1432.1630667277113,5.188145121056696,2.014921196386379,309.0195104623076,0.0,0.0,0.0,0.9782209184277652,25.312727272727273,0.9848866498740554,471.12198567665496,550,0.799882173538208
core,200,3000000.0,9,9,exclude,launch,0,0.0,prior,0.0,cluster_patrol,12600.0,43200,235704.15585830677,0,228758.12186061812,6946.033997688659,0,0,0.0,0,10.304493718415957,30.407359673650518,7430.26982720097,1306.6339113824492,5.686573540204211,2.0135265033192082,308.1707918791385,0.0,0.0,0.0,0.8601522949861439,23.14245014245014,0.9849624060150376,404.80016294296,702,0.8053886890411377
core,200,3000000.0,16,8,exclude,launch,0,0.0,prior,0.0,cluster_patrol,12600.0,43200,276327.7713919022,0,268876.40624144627,7451.365150455976,0,1,0.4640636508159989,1,11.933896810827438,35.327565372167406,6370.260745628138,1126.6645254139494,5.654088330585922,2.009933358276048,305.98961644762113,0.0,0.0,0.035828025477707005,0.5336344474032072,12.886062533121356,0.9845360824742269,268.8971550306768,1887,1.5509068965911865
core,200,3000000.0,10,9,exclude,launch,0,0.0,prior,0.0,cluster_patrol,12600.0,43200,214757.18810342374,0,208323.3185856603,6433.869517763424,0,0,0.0,0,10.304493718415957,31.62730243306175,7430.26982720097,1257.0023451315242,5.911102597365097,2.0122954608896224,307.4226300413201,0.0,0.0,0.0,0.8072129449577141,21.17208182912154,0.9924433249370277,371.3154061920094,831,0.880894660949707
core,200,3000000.0,17,8,exclude,launch,0,0.0,prior,0.0,cluster_patrol,12600.0,43200,273492.62189137464,0,266135.74468831543,7356.877203059199,0,1,0.46887434669044753,1,11.933896810827438,35.93550105304138,6370.260745628138,1107.8438159913374,5.750143344825015,2.0094987692528967,305.7263295369339,0.0,0.0,0.0322234156820623,0.5122840468708999,11.973821989528796,0.9871134020618557,260.52362200476796,2101,1.6079084873199463
core,200,3000000.0,6,10,exclude,launch,0,0.0,prior,0.0,cluster_patrol,12600.0,43200,343691.7539610206,0,329242.80615904834,14448.947801972334,0,0,0.0,0,11.597269844061024,25.009133260394737,6564.841933405682,1584.6177343707766,4.142855271030059,2.0186769971218963,311.31084733958505,0.0,0.0,0.0,1.2543514211514761,33.43302180685358,0.9775,610.8858995445972,321,0.49550557136535645
core,200,3000000.0,18,8,exclude,launch,0,0.0,prior,0.0,cluster_patrol,12600.0,43200,269176.5780187691,0,261668.0324019846,7508.545616784509,0,1,0.4763923940107231,1,11.933896810827438,36.066758272377115,6370.260745628138,1103.8822984630576,5.770778963026667,2.009370901138749,305.64888481969507,0.0,0.0,0.028616852146263912,0.4832190609471928,11.285109983079526,0.9896640826873385,245.17034991431598,2364,1.6989078521728516
core,200,3000000.0,5,10,exclude,launch,0,0.0,prior,0.0,cluster_patrol,12600.0,43200,467486.51005269197,0,440688.51262093976,26797.997431752217,0,0,0.0,0,11.597269844061024,21.140785082896983,6564.841933405682,1870.8492494781717,3.5090170601595965,2.0226935135077575,313.77060677125263,0.0,0.0,0.0,1.44641244415379,36.652360515021456,0.9555555555555556,779.0238181697165,233,0.6730124950408936
core,200,3000000.0,12,9,exclude,launch,0,0.0,prior,0.0,cluster_patrol,12600.0,43200,357121.72685793333,0,330542.9604665196,26578.766391413752,0,1,0.5068041999310989,1,10.304493718415957,45.294400445301136,7430.26982720097,878.3811880132658,8.459049361026109,2.0107702245361776,306.4969340426745,0.0,0.0,0.055350553505535055,0.6051956296130037,17.24754098360656,0.9798488664987406,310.8172707001674,1220,1.121199131011963
core,200,3000000.0,13,9,exclude,launch,0,0.0,prior,0.0,cluster_patrol,12600.0,43200,345525.3340451743,0,319672.2539790155,25853.08006615879,0,1,0.5238150233319993,1,10.304493718415957,43.81703511531636,7430.26982720097,908.211540872952,8.181210536103919,2.010295882210162,306.20933088324284,0.0,0.0,0.04797441364605544,0.5722288823315207,16.104890148830616,0.9798488664987406,287.8371021836027,1411,1.2378413677215576
core,200,3000000.0,7,10,exclude,launch,0,0.0,prior,0.0,cluster_patrol,12600.0,43200,284098.2278714809,0,272961.33694028546,11136.89093119542,0,0,0.0,0,11.597269844061024,28.07197849312527,6564.841933405682,1413.3807527927559,4.644779490900769,2.0163122638730604,309.8671853096357,0.0,0.0,0.0,1.0692675274252237,29.98639455782313,0.970074812967581,497.71097660402677,441,0.6196413040161133
core,200,3000000.0,14,9,exclude,launch,0,0.0,prior,0.0,cluster_patrol,12600.0,43200,345136.7907414449,0,319111.2596667858,26025.531074659168,0,1,0.5243979658246382,1,10.304493718415957,39.46241865891133,7430.26982720097,1008.5853312149466,7.36702150749152,2.0099888105626795,306.02321923854487,0.0,0.0,0.04477611940298507,0.5786191275432977,14.852415618795499,0.9773299748110831,291.08852750884574,1511,1.244842529296875
core,200,3000000.0,11,9,exclude,launch,0,0.0,prior,0.0,cluster_patrol,12600.0,43200,366010.97513059276,0,339256.4685879558,26754.506542636955,0,1,0.49447910627618347,1,10.304493718415957,48.970720673091165,7430.26982720097,812.2299118540042,9.147988418994029,2.011289158090544,306.8117283814444,0.0,0.0,0.06378454996456413,0.6341265466191857,18.95943396226415,0.9773299748110831,324.67668883197763,1060,1.561535358428955
core,200,3000000.0,8,10,exclude,launch,0,0.0,prior,0.0,cluster_patrol,12600.0,43200,254099.86556234202,0,245306.47934899924,8793.386213342752,0,0,0.0,0,11.597269844061024,28.434339332905367,6564.841933405682,1396.360690622335,4.7013941150691085,2.014880207256865,308.99455052452095,0.0,0.0,0.0,0.9549502680615368,26.44661921708185,0.9825,440.13445109907894,562,0.7126419544219971
core,200,3000000.0,9,10,exclude,launch,0,0.0,prior,0.0,cluster_patrol,12600.0,43200,245254.58461363026,0,236801.72105953822,8452.863554092035,0,0,0.0,0,11.597269844061024,27.752855089471282,6564.841933405682,1431.3872855678028,4.586349200944271,2.0138409317057855,308.36203044061654,0.0,0.0,0.0,0.8895601592703193,22.901615271659324,0.975,421.15786880603446,681,0.8281552791595459
core,200,3000000.0,15,9,exclude,launch,0,0.0,prior,0.0,cluster_patrol,12600.0,43200,335448.19774653146,0,310244.2511099113,25203.946636620167,0,1,0.5395537245417589,1,10.304493718415957,37.7788314260839,7430.26982720097,1053.6473360687644,7.051951419460569,2.0097692324008944,305.89017081104765,0.0,0.0,0.03985828166519043,0.5547392771131172,13.993510324483776,0.9848866498740554,275.8782196050083,1695,1.3863842487335205
core,200,3000000.0,10,10,exclude,launch,0,0.0,prior,0.0,cluster_patrol,12600.0,43200,214269.21627076846,0,207312.04669785296,6957.169572915489,0,0,0.0,0,11.597269844061024,30.061796415635897,6564.841933405682,1322.2694780838629,4.9648290626196525,2.0125889523626923,307.60091593409237,0.0,0.0,0.0,0.8044688779550236,20.9484412470024,0.9825,373.8390440248286,834,0.8793704509735107
core,200,3000000.0,16,9,exclude,launch,0,0.0,prior,0.0,cluster_patrol,12600.0,43200,327084.7558654242,0,301992.5403114258,25092.215553998343,0,1,0.5533487799868827,1,10.304493718415957,37.33135894128402,7430.26982720097,1066.418877171494,6.967496530920923,2.0095016328001547,305.72806398785355,0.0,0.0,0.035447026388341865,0.5288015839265866,13.263488737558932,0.9848866498740554,258.2089560345657,1909,1.4953835010528564
core,200,3000000.0,5,11,exclude,launch,0,0.0,prior,0.0,cluster_patrol,12600.0,43200,482174.31875002413,0,450806.03705222515,31368.281697799004,0,0,0.0,0,11.275799978965152,20.268451032970518,6761.506957310247,1951.4463698185798,3.464869474193567,2.022613057191749,313.7212394217166,0.0,0.0,0.0,1.5777962032023105,37.610328638497656,0.9617224880382775,826.1637661120212,213,0.3692152500152588
core,200,3000000.0,11,10,exclude,launch,0,0.0,prior,0.0,cluster_patrol,12600.0,43200,201340.19686210153,0,195262.25234100336,6077.94452109818,0,0,0.0,0,11.597269844061024,29.763771702672276,6564.841933405682,1336.053937086765,4.913605469940959,2.0117686268874264,307.1027263061006,0.0,0.0,0.0,0.7725229656639747,19.277951933124346,0.9875,355.30521980472446,957,1.0013713836669922
core,200,3000000.0,6,11,exclude,launch,0,0.0,prior,0.0,cluster_patrol,12600.0,43200,395943.6526410719,0,375432.4545556743,20511.198085397555,0,0,0.0,0,11.275799978965152,22.90516645154677,6761.506957310247,1729.7743538116306,3.908895366850007,2.0191430155010055,311.5957458133447,0.0,0.0,0.0,1.3347652689926397,31.71523178807947,0.9542168674698795,683.110531342145,302,0.45550990104675293
core,200,3000000.0,13,10,exclude,launch,0,0.0,prior,0.0,cluster_patrol,12600.0,43200,335052.60346062394,0,329682.03954060364,5370.5639200202995,0,1,0.465200834048353,1,11.597269844061024,35.76164766332012,6564.841933405682,1112.3888230864454,5.90157128259416,2.0110175023785315,306.6469170347171,0.0,0.0,0.0513405590416429,0.6122178558585734,15.779635258358663,0.9874686716791979,314.6057148179346,1316,1.1702439785003662
core,200,3000000.0,12,10,exclude,launch,0,0.0,prior,0.0,cluster_patrol,12600.0,43200,196202.87090844553,0,190381.7250101199,5821.145898325647,0,0,0.0,1,11.597269844061024,28.163320047039488,6564.841933405682,1412.1016005736105,4.648986964350847,2.0115933497768133,306.99633159380215,0.0,0.0,0.0,0.7260184832207716,17.10810810810811,0.9875,345.16122917812237,1110,1.1882426738739014
core,200,3000000.0,7,11,exclude,launch,0,0.0,prior,0.0,cluster_patrol,12600.0,43200,326983.8158618841,0,313771.42125830863,13212.394603575456,0,0,0.0,0,11.275799978965152,25.664135383647487,6761.506957310247,1545.751205743255,4.374253070085144,2.0166185392882485,310.0539763273717,0.0,0.0,0.0,1.1612588139522222,28.379310344827587,0.9710843373493976,569.4151393922983,406,0.5608735084533691
core,200,3000000.0,14,10,exclude,launch,0,0.0,prior,0.0,cluster_patrol,12600.0,43200,329965.97000385064,0,324970.25646488747,4995.713538963195,0,1,0.4723721981940636,1,11.597269844061024,35.83950752366965,6564.841933405682,1110.2691795540563,5.912838124573065,2.010479594026715,306.3207029833184,0.0,0.0,0.045180722891566265,0.5838700471456862,14.618729096989966,0.985,300.40424937766363,1495,1.2546286582946777
core,200,3000000.0,8,11,exclude,launch,0,0.0,prior,0.0,cluster_patrol,12600.0,43200,291624.59283626126,0,279248.29129053437,12376.30154572688,0,0,0.0,0,11.275799978965152,29.295171983809368,6761.506957310247,1355.4921708317956,4.988230181485341,2.01463753703003,308.84679946510937,0.0,0.0,0.0,1.005735555343564,25.27289719626168,0.9759036144578314,485.77295295570366,535,0.65789794921875
core,200,3000000.0,15,10,exclude,launch,0,0.0,prior,0.0,cluster_patrol,12600.0,43200,320793.1264080695,0,316533.9778585159,4259.148549553632,0,1,0.4858793339034397,1,11.597269844061024,33.66470957638043,6564.841933405682,1182.1694679131538,5.553215601985043,2.010181983463651,306.14029191436697,0.0,0.0,0.04178272980501393,0.5812209552876902,13.789115646258503,0.9874686716791979,293.36563022155786,1617,1.3246278762817383
core,200,3000000.0,16,10,exclude,launch,0,0.0,prior,0.0,cluster_patrol,12600.0,43200,314854.02815751533,0,310954.9142231938,3899.1139343215536,0,1,0.49504448614510405,1,11.597269844061024,32.094760747715796,6564.841933405682,1240.0904559012868,5.293841188894896,2.010029722303675,306.0480119810518,0.0,0.0,0.03816793893129771,0.5686051942466418,12.90225988700565,0.9824561403508771,286.03412598238117,1770,1.3756263256072998
core,200,3000000.0,9,11,exclude,launch,0,0.0,prior,0.0,cluster_patrol,12600.0,43200,248971.984935161,0,240358.58463000483,8613.40030515614,0,0,0.0,0,11.275799978965152,27.897557618555926,6761.506957310247,1424.0243073396823,4.748168217677326,2.0137539310811636,308.309109834754,0.0,0.0,0.0,0.924735662069044,22.667175572519085,0.9757281553398058,440.8895803924309,655,0.746896505355835
core,200,3000000.0,10,11,exclude,launch,0,0.0,prior,0.0,cluster_patrol,12600.0,43200,222512.3703089054,0,215429.60314378876,7082.767165116652,0,0,0.0,0,11.275799978965152,30.07998258775215,6761.506957310247,1321.5163500006283,5.116476203496863,2.0125184282572848,307.55807026818076,0.0,0.0,0.0,0.8409720386332689,20.914893617021278,0.9805825242718447,391.92201314470384,799,0.8478965759277344
core,200,3000000.0,17,10,exclude,launch,0,0.0,prior,0.0,cluster_patrol,12600.0,43200,305440.3656434056,0,301966.3623621553,3474.0032812502673,0,1,0.5103017417217384,1,11.597269844061024,34.31647226140714,6564.841933405682,1160.2364270033152,5.658193261835007,2.009281818895633,305.5949369859833,0.0,0.0,0.034026465028355386,0.540674462578665,12.39305485656769,0.9874686716791979,265.00906716040237,1987,1.5973632335662842
core,200,3000000.0,5,12,exclude,launch,0,0.0,prior,0.0,cluster_patrol,12600.0,43200,463460.8995679259,0,433909.1732430736,29551.72632485231,0,0,0.0,0,10.560706468639882,20.461208193122143,7241.91745481808,1933.3157126391015,3.7458535134607645,2.022348196403489,313.55875040684003,0.0,0.0,0.0,1.525415162548857,38.5,0.9776674937965261,782.1009043385743,220,0.38373637199401855
core,200,3000000.0,18,10,exclude,launch,0,0.0,prior,0.0,cluster_patrol,12600.0,43200,301420.6886377924,0,298069.5328595111,3351.1557782813825,0,1,0.5171070084285234,1,11.597269844061024,32.29418519963876,6564.841933405682,1232.7202538412505,5.3254920676034425,2.009560676989813,305.76382815723895,0.0,0.0,0.03072721065209969,0.518776856504532,11.702407996365288,0.9849624060150376,253.10843688252467,2201,1.7213616371154785
core,200,3000000.0,11,11,exclude,launch,0,0.0,prior,0.0,cluster_patrol,12600.0,43200,206520.5821020131,0,200321.89993102473,6198.682170988374,0,0,0.0,0,11.275799978965152,32.01610906563143,6761.506957310247,1242.1338228382333,5.4434609484028345,2.0116529044906164,307.0324797492902,0.0,0.0,0.0,0.7550648417031168,18.860940695296524,0.9805825242718447,353.9860327659712,978,0.9941227436065674
core,200,3000000.0,6,12,exclude,launch,0,0.0,prior,0.0,cluster_patrol,12600.0,43200,374134.88350337866,0,353036.7956430263,21098.087860352305,0,0,0.0,0,10.560706468639882,21.619667805371233,7241.91745481808,1832.4545528407625,3.9520311396488923,2.019332141844964,311.71140461947266,0.0,0.0,0.0,1.3207348091910351,34.101639344262296,0.9775561097256857,629.9713239405813,305,0.47673726081848145
core,200,3000000.0,13,11,exclude,launch,0,0.0,prior,0.0,cluster_patrol,12600.0,43200,250179.0170632619,0,242451.4288978348,7727.588165427096,0,1,0.2955110698617613,1,11.275799978965152,40.402451414920215,6761.506957310247,984.8385076864258,6.865599694303508,2.010560976261891,306.37004602301556,0.0,0.0,0.050761421319796954,0.6052201781740899,16.09152288072018,0.9733009708737864,305.3685469202862,1333,1.1902754306793213
core,200,3000000.0,7,12,exclude,launch,0,0.0,prior,0.0,cluster_patrol,12600.0,43200,304567.8999181968,0,293770.323028838,10797.576889358828,0,0,0.0,0,10.560706468639882,25.182442695334746,7241.91745481808,1575.3448677557235,4.59703624460027,2.016584803921019,310.03339906894104,0.0,0.0,0.0,1.1378279188814544,30.031400966183575,0.9875311720698254,530.3235468402468,414,0.5862517356872559
core,200,3000000.0,12,11,exclude,launch,0,0.0,prior,0.0,cluster_patrol,12600.0,43200,263283.5930363091,0,254786.24869890307,8497.34433740605,0,1,0.28080241589202604,1,11.275799978965152,43.92396915371076,6761.506957310247,905.7326807974218,7.4652346113395245,2.01089026110927,306.56973600167026,0.0,0.0,0.05739795918367347,0.6275875152472374,17.277824978759558,0.9686746987951808,323.3508855284601,1177,1.3502750396728516
core,200,3000000.0,8,12,exclude,launch,0,0.0,prior,0.0,cluster_patrol,12600.0,43200,274463.3567882747,0,264887.6243438249,9575.732444449808,0,0,0.0,0,10.560706468639882,28.27475940523379,7241.91745481808,1404.440856329451,5.156441741338295,2.0145943605978625,308.82051496709545,0.0,0.0,0.0,1.00141527908762,25.75418994413408,0.9850374064837906,474.53569822989164,537,0.663029670715332
core,200,3000000.0,14,11,exclude,launch,0,0.0,prior,0.0,cluster_patrol,12600.0,43200,244233.2847897155,0,236456.48476093018,7776.800028785301,0,1,0.30270513313934067,1,11.275799978965152,38.235159995680576,6761.506957310247,1040.877559061592,6.495967655798167,2.0101452025036823,306.1179990423617,0.0,0.0,0.045965270684371805,0.5935704033940922,14.960544217687074,0.970873786407767,297.6933360332202,1470,1.3127858638763428
paper,100,1500000.0,2,1,exclude,launch,0,0.0,prior,0.0,cluster_patrol,12600.0,43200,1900912.7075224516,0,1045523.0180705418,855389.6894519099,0,0,0.0,0,4.704263543576533,4.351562901005355,8169.591647266075,4534.298758704267,1.801732105010354,2.027237326142946,316.5649572663926,0.0,0.02127659574468085,0.0,3.8710519117320414,24.4,0.5868852459016394,3846.7784877433187,35,0.04700040817260742
paper,100,1500000.0,3,1,exclude,launch,0,0.0,prior,0.0,cluster_patrol,12600.0,43200,1007836.6482930366,0,649366.1904854785,358470.45780755806,0,0,0.0,0,4.704263543576533,4.838749833452935,8169.591647266075,4091.174655024706,1.996881662637485,2.020592802786026,312.48290072959065,0.0,0.0,0.0,2.583647005238503,16.58974358974359,0.7142857142857143,2524.163808684287,78,0.07000041007995605
core,200,3000000.0,15,11,exclude,launch,0,0.0,prior,0.0,cluster_patrol,12600.0,43200,242764.68300965085,0,234677.25306104048,8087.429948610371,0,1,0.3045363438898127,1,11.275799978965152,35.195373714317,6761.506957310247,1130.8193371144544,5.979299022745567,2.0100699896830094,306.0724152174704,0.0,0.0,0.04160887656033287,0.5789178383104365,13.64676923076923,0.9733009708737864,294.84045197539035,1625,1.3277616500854492
core,200,3000000.0,9,12,exclude,launch,0,0.0,prior,0.0,cluster_patrol,12600.0,43200,249349.11018758875,0,240957.1874133066,8391.922774282171,0,0,0.0,0,10.560706468639882,29.552952973016193,7241.91745481808,1344.5549679228625,5.386107394334176,2.013309499025322,308.03884224448467,0.0,0.0,0.0,0.9045341578742992,22.78955223880597,0.9900249376558603,431.1360200036634,670,0.76102614402771
paper,100,1500000.0,4,1,exclude,launch,0,0.0,prior,0.0,cluster_patrol,12600.0,43200,1154145.122580292,0,678979.4570318615,475165.66554843035,0,0,0.0,0,4.704263543576533,4.54396711296995,8169.591647266075,4357.782736640045,1.874712931091426,2.0200365974910612,312.14239806634225,0.0,0.0,0.0,1.8709182297050726,9.303448275862069,0.716794731064764,2465.8237058387404,145,0.08499932289123535
paper,100,1500000.0,5,1,exclude,launch,0,0.0,prior,0.0,cluster_patrol,12600.0,43200,2036478.4503168003,0,1370763.1076807026,665715.3426360976,0,3,0.28086822509571513,4,4.704263543576533,3.9400079719582317,8169.591647266075,5010.639292551011,1.6304489647481253,2.026141402270633,315.88985323618243,0.0,0.0,0.0,1.5028992188274257,5.15625,0.6416758544652701,2844.5896039777276,224,0.07300257682800293
paper,100,1500000.0,6,1,exclude,launch,0,0.0,prior,0.0,cluster_patrol,12600.0,43200,2353149.1317052487,0,1887979.8672793743,465169.2644258747,0,9,0.599362673033371,10,4.704263543576533,4.436967216357915,8169.591647266075,4456.890341027583,1.8330250515839455,2.0227481973980215,313.8041625842706,0.0,0.0,0.0,1.278745343117538,4.682539682539683,0.7079646017699115,2228.50285185792,315,0.09970474243164062
core,200,3000000.0,16,11,exclude,launch,0,0.0,prior,0.0,cluster_patrol,12600.0,43200,234064.11609056778,0,227049.42344977168,7014.692640796122,0,1,0.3158564850697649,1,11.275799978965152,36.13550350262258,6761.506957310247,1101.7467639068993,6.137079026520847,2.0094356039748726,305.6880715716349,0.0,0.0,0.03768844221105527,0.5613942917112543,12.978260869565217,0.9805825242718447,280.21227476447933,1794,1.4134669303894043
paper,100,1500000.0,2,2,exclude,launch,0,0.0,prior,0.0,cluster_patrol,12600.0,43200,1798694.697569552,0,1007368.2676388504,791326.4299307016,0,0,0.0,0,4.539162858794823,4.2845070651588575,8478.86425558954,4605.661402853391,1.8409656103543663,2.027062416360478,316.45716213006716,0.0,0.02040816326530612,0.0,3.75623891050198,25.0,0.6169527896995708,3709.7093122377773,36,0.04799962043762207
paper,100,1500000.0,8,1,exclude,launch,0,0.0,prior,0.0,cluster_patrol,12600.0,43200,5066380.24014525,0,4318256.009869497,748124.2302757538,0,27,0.8542382288608965,34,4.704263543576533,6.578086673560871,8169.591647266075,2991.0489521873383,2.731346687352507,2.0329976610346114,320.12525031089336,0.0,0.0,0.2418918918918919,0.7277517732475625,1.9765765765765766,0.6075388026607539,2970.5730337681507,555,0.08970165252685547
paper,100,1500000.0,7,1,exclude,launch,0,0.0,prior,0.0,cluster_patrol,12600.0,43200,3145988.9607901652,0,2589999.696714616,555989.264075549,0,14,0.6900666763286396,17,4.704263543576533,4.605846132708997,8169.591647266075,4287.024550460255,1.9056554379631407,2.0257908039402097,315.6740320344905,0.0,0.0,0.0,1.1024504258353016,3.1502347417840375,0.6713973799126638,2440.415496020577,426,0.09470582008361816
paper,100,1500000.0,3,2,exclude,launch,0,0.0,prior,0.0,cluster_patrol,12600.0,43200,1409006.2505119124,0,796200.1494300656,612806.1010818467,0,0,0.0,0,4.539162858794823,4.591566665512048,8478.86425558954,4310.1778370976535,1.9671727190957293,2.0211749526534284,312.83948517801934,0.0,0.009259259259259259,0.0,2.5085377926145624,15.308641975308642,0.678298800436205,2678.595901357066,81,0.06699943542480469
core,200,3000000.0,10,12,exclude,launch,0,0.0,prior,0.0,cluster_patrol,12600.0,43200,226773.80289194698,0,219365.37408596175,7408.428805985239,0,0,0.0,0,10.560706468639882,29.017190024697197,7241.91745481808,1369.9388089006652,5.286307248007304,2.012488763661251,307.54004896208664,0.0,0.0,0.0,0.8459045609079573,21.037735849056602,0.9925187032418953,393.4502115833021,795,0.9077315330505371
paper,100,1500000.0,4,2,exclude,launch,0,0.0,prior,0.0,cluster_patrol,12600.0,43200,1369048.680454247,0,796962.0881483532,572086.5923058938,0,0,0.0,0,4.539162858794823,5.0245979889563195,8478.86425558954,3945.4493029810287,2.14902374976235,2.017726063119675,310.72990186592176,0.0,0.0,0.0,1.9330238417135464,11.76978417266187,0.6724890829694323,2017.3101880633988,139,0.08500027656555176
paper,100,1500000.0,5,2,exclude,launch,0,0.0,prior,0.0,cluster_patrol,12600.0,43200,1375867.701545828,0,880498.6093919368,495369.0921538914,0,1,0.13534952648095985,2,4.539162858794823,4.256231167620245,8478.86425558954,4645.3037458069675,1.82525507901241,2.023115450933821,314.0295677818549,0.0,0.0,0.0,1.4844553436230439,6.1629955947136565,0.7138157894736842,2344.751726527066,227,0.08199954032897949
core,200,3000000.0,11,12,exclude,launch,0,0.0,prior,0.0,cluster_patrol,12600.0,43200,253316.85180981227,0,247193.16532300372,6123.686486808536,0,1,0.1644853860504886,1,10.560706468639882,40.37974494488059,7241.91745481808,984.8745743696065,7.353136778308496,2.011617892153599,307.01122791758746,0.0,0.0,0.06923682140047208,0.702873987429364,18.676439790575916,0.9825436408977556,366.50695041979435,955,0.9507308006286621
paper,100,1500000.0,6,2,exclude,launch,0,0.0,prior,0.0,cluster_patrol,12600.0,43200,1282432.8840668076,0,1012956.7346071322,269476.14945967536,0,5,0.45983099013669854,7,4.539162858794823,4.662129088024118,8478.86425558954,4245.358534160839,1.9972080537752555,2.020976777858181,312.71807427770204,0.0,0.0,0.0,1.2784579888564445,6.170886075949367,0.7783902976846747,1685.8351460269241,316,0.11299920082092285
paper,100,1500000.0,2,3,exclude,launch,0,0.0,prior,0.0,cluster_patrol,12600.0,43200,1597851.5434743995,0,892406.4257819542,705445.1176924453,0,0,0.0,0,5.054127002413989,4.456175412514204,7580.990936890765,4430.379596351317,1.711138012448,2.0260808651932494,315.8525825747182,0.0,0.020833333333333332,0.0,3.8549865075663026,29.333333333333332,0.6230529595015576,3205.0193380057917,36,0.09399986267089844
paper,100,1500000.0,7,2,exclude,launch,0,0.0,prior,0.0,cluster_patrol,12600.0,43200,2815493.0513121146,0,2405609.6399313584,409883.4113807562,0,14,0.8131514955956018,16,4.539162858794823,5.295877027612089,8478.86425558954,3742.4543622989263,2.26558921893736,2.018206433562623,311.0233024044947,0.0,0.0,0.0,1.0845408897388362,5.135632183908046,0.7853231106243155,1470.3939084143603,435,0.13650822639465332
paper,100,1500000.0,3,3,exclude,launch,0,0.0,prior,0.0,cluster_patrol,12600.0,43200,1140749.173202817,0,686979.1639192706,453770.00928354636,0,0,0.0,0,5.054127002413989,5.232586054194571,7580.990936890765,3786.1224632626536,2.002310017821748,2.019058743408907,311.54421675544216,0.0,0.009523809523809525,0.0,2.585427447318707,17.653846153846153,0.6963519313304721,2375.967635239476,78,0.07250809669494629
paper,100,1500000.0,4,3,exclude,launch,0,0.0,prior,0.0,cluster_patrol,12600.0,43200,995481.2453963067,0,624510.4967564988,370970.7486398079,0,0,0.0,0,5.054127002413989,5.976600070898943,7580.990936890765,3320.5895185964664,2.2830256177207557,2.015536201267418,309.3941328253973,0.0,0.0,0.0,1.9307063345969333,12.093525179856115,0.7252155172413793,1972.258891558598,139,0.0875084400177002
paper,100,1500000.0,5,3,exclude,launch,0,0.0,prior,0.0,cluster_patrol,12600.0,43200,1011690.4346239269,0,610083.4861306096,401606.9484933173,0,0,0.0,0,5.054127002413989,5.297011024952449,7580.990936890765,3744.307265849111,2.0246711604133254,2.0167758574077768,310.1499432621959,0.0,0.0,0.0,1.492901594991917,8.20796460176991,0.7232432432432433,1780.4786473882598,226,0.10150766372680664
paper,100,1500000.0,2,4,exclude,launch,0,0.0,prior,0.0,cluster_patrol,12600.0,43200,1796444.044459312,0,985021.9336431987,811422.1108161132,0,0,0.0,0,4.769804670462605,4.734409231141953,8052.7543083059945,4169.12500201133,1.9315214354141617,2.026512467923416,316.11835404066653,0.0,0.0425531914893617,0.0,3.9041726180785363,29.6,0.6296670030272452,3249.6342527494985,35,0.05500006675720215
paper,100,1500000.0,6,3,exclude,launch,0,0.0,prior,0.0,cluster_patrol,12600.0,43200,2153525.6434315075,0,1767442.354400584,386083.2890309238,0,8,0.6725419691994514,9,5.054127002413989,4.9834063077626105,7580.990936890765,3979.9263292157734,1.90480685062946,2.0167806258754397,310.1528523466953,0.0,0.0,0.0,1.3017649124778696,6.31715210355987,0.7193932827735645,1676.573000832553,309,0.11150813102722168
paper,100,1500000.0,3,4,exclude,launch,0,0.0,prior,0.0,cluster_patrol,12600.0,43200,1283722.830020439,0,743845.9699155453,539876.8601048937,0,0,0.0,0,4.769804670462605,4.503108286968906,8052.7543083059945,4393.963272624284,1.8326858484405368,2.021581144329798,313.0884103350539,0.0,0.009345794392523364,0.0,2.5442485291264116,16.5,0.7123983739837398,2540.382148929985,80,0.06999969482421875
paper,100,1500000.0,8,3,exclude,launch,0,0.0,prior,0.0,cluster_patrol,12600.0,43200,4542753.87933617,0,3851790.76488968,690963.1144464903,0,21,0.8561711318877224,27,5.054127002413989,6.259818778111359,7580.990936890765,3161.2905229031194,2.3980684097103753,2.0213141739730824,312.9247925874959,0.0,0.0,0.12016021361815754,0.8363249471837797,3.4661921708185055,0.6663043478260869,1678.6168511772958,562,0.1284620761871338
paper,100,1500000.0,7,3,exclude,launch,0,0.0,prior,0.0,cluster_patrol,12600.0,43200,2867277.086065986,0,2436788.7155931247,430488.3704728614,0,12,0.7810010457863826,17,5.054127002413989,4.79976378681875,7580.990936890765,4120.768517720163,1.8397031777667017,2.0223760228236896,313.5758196134356,0.0,0.0,0.0,1.1043328757828177,4.1990632318501175,0.7192224622030238,1834.515530923126,427,0.15597081184387207
paper,100,1500000.0,4,4,exclude,launch,0,0.0,prior,0.0,cluster_patrol,12600.0,43200,1068748.761688244,0,661554.2497646852,407194.5119235587,0,0,0.0,0,4.769804670462605,4.554014321291798,8052.7543083059945,4349.52859692076,1.8514085213756097,2.019404914039966,311.75591363064933,0.0,0.0,0.0,1.9443916018063931,10.804347826086957,0.7505154639175258,2198.4321116142996,138,0.09146308898925781
core,200,3000000.0,17,11,exclude,launch,0,0.0,prior,0.0,cluster_patrol,12600.0,43200,228626.25412291242,0,221828.78187436302,6797.472248549403,0,1,0.323369112934785,1,11.275799978965152,37.30004209600662,6761.506957310247,1067.6055194998853,6.333338329383725,2.008953361747851,305.39606585468715,0.0,0.0,0.03369524522650692,0.5355015473580798,12.236173393124066,0.9734299516908212,267.0376564553807,2007,1.715437650680542
paper,100,1500000.0,5,4,exclude,launch,0,0.0,prior,0.0,cluster_patrol,12600.0,43200,1292347.4709052595,0,810837.5449760595,481509.9259292,0,1,0.1233458652954338,2,4.769804670462605,4.347957337262327,8052.7543083059945,4550.859514686598,1.7695018451609046,2.0215351084881994,313.06019336219924,0.0,0.003424657534246575,0.0,1.543285133292598,7.193548387096774,0.7515592515592515,2103.5808764552276,217,0.09746289253234863
paper,100,1500000.0,6,4,exclude,launch,0,0.0,prior,0.0,cluster_patrol,12600.0,43200,2243647.166930752,0,1705269.3966098202,538377.7703209319,0,6,0.5238015996877082,7,4.769804670462605,6.365896125008281,8052.7543083059945,3107.75540026384,2.591180215670235,2.0218717942545847,313.26658916792536,0.0,0.0,0.20090293453724606,1.010997213958533,4.942598187311178,0.7286902286902287,2006.0646788454005,331,0.09846282005310059
paper,100,1500000.0,7,4,exclude,launch,0,0.0,prior,0.0,cluster_patrol,12600.0,43200,3369542.171218741,0,2599929.73918002,769612.432038721,0,11,0.6373879593805211,18,4.769804670462605,5.817952820533873,8052.7543083059945,3395.7755331096096,2.371403595376004,2.024654025726676,314.9747617313648,0.0,0.0,0.15586690017513136,0.942254745124726,3.423887587822014,0.6760416666666667,2238.28862635473,427,0.09946227073669434
core,200,3000000.0,12,12,exclude,launch,0,0.0,prior,0.0,cluster_patrol,12600.0,43200,236499.5163160846,0,230788.2468477366,5711.269468348003,0,1,0.1791662601351265,1,10.560706468639882,41.56285092462087,7241.91745481808,957.2102375910808,7.565649812775842,2.010839106038585,306.53870948906564,0.0,0.0,0.05897771952817824,0.6449278332662213,17.469405594405593,0.9850374064837906,324.8995829310908,1144,1.1197009086608887
paper,100,1500000.0,3,5,exclude,launch,0,0.0,prior,0.0,cluster_patrol,12600.0,43200,1380021.9544479412,0,821360.7033476937,558661.2511002476,0,0,0.0,0,4.716895252054816,3.863266706831313,8146.821061143593,5116.785831236657,1.5921755042803147,2.023522605692799,314.27955730925305,0.0,0.0,0.0,2.551842880329923,13.85,0.6623931623931624,2999.7053787715245,80,0.057999610900878906
paper,100,1500000.0,2,5,exclude,launch,0,0.0,prior,0.0,cluster_patrol,12600.0,43200,1803819.5487935946,0,987993.0789697737,815826.4698238209,0,0,0.0,0,4.716895252054816,4.261022217996752,8146.821061143593,4630.148101297607,1.75951630118709,2.0274554024372797,316.6993811992659,0.0,0.0,0.0,3.826259148188416,25.0,0.6111696522655427,3722.0035120051793,36,0.060999393463134766
paper,100,1500000.0,5,5,exclude,launch,0,0.0,prior,0.0,cluster_patrol,12600.0,43200,1378980.197072796,0,805916.274300909,573063.922771887,0,1,0.036796638547780466,3,4.716895252054816,4.186008963892383,8146.821061143593,4723.707992941713,1.7246665275069468,2.0229110862528232,313.9041271136792,0.0,0.0,0.0,1.5308667084979466,5.899543378995434,0.6926406926406926,2551.658941298601,219,0.07599973678588867
paper,100,1500000.0,4,5,exclude,launch,0,0.0,prior,0.0,cluster_patrol,12600.0,43200,1021981.7725311196,0,628562.0505869429,393419.7219441767,0,0,0.0,0,4.716895252054816,4.545969179057655,8146.821061143593,4357.493968297973,1.8696115520558536,2.0192807715055614,311.6799873482918,0.0,0.0,0.0,1.9739557011755537,10.911111111111111,0.7253218884120172,2223.7617871992647,135,0.09299945831298828
paper,100,1500000.0,8,4,exclude,launch,0,0.0,prior,0.0,cluster_patrol,12600.0,43200,5916490.16058151,0,5031248.717925841,885241.4426556692,0,27,0.8868498129628803,28,4.769804670462605,7.419195548330079,8052.7543083059945,2669.2528903417933,3.016857015475537,2.0198236438446244,312.01207936335817,0.0,0.0,0.2445054945054945,0.7400099059142208,2.9339449541284406,0.6208333333333333,2047.7789494634856,545,0.12000060081481934
paper,100,1500000.0,6,5,exclude,launch,0,0.0,prior,0.0,cluster_patrol,12600.0,43200,2159835.9767390555,0,1484814.8064161865,675021.1703228689,0,7,0.4033744626029626,9,4.716895252054816,4.1665250723532985,8146.821061143593,4733.469058655271,1.7211100273797968,2.0281797821895973,317.1460993510342,0.0,0.0,0.0,1.2785815857927887,3.787301587301587,0.6493506493506493,2747.2869846508383,315,0.07700037956237793
paper,100,1500000.0,7,5,exclude,launch,0,0.0,prior,0.0,cluster_patrol,12600.0,43200,4058735.3495706115,0,3179828.261004452,878907.0885661595,0,19,0.7046732075111325,22,4.716895252054816,6.605589411852104,8146.821061143593,2972.7494652706446,2.740500387375191,2.0369956717782984,322.60800698607727,0.0,0.0,0.2996632996632997,0.755500782484621,2.069506726457399,0.5799136069114471,3538.593007623487,446,0.07700085639953613
paper,100,1500000.0,2,6,exclude,launch,0,0.0,prior,0.0,cluster_patrol,12600.0,43200,1550897.1333544413,0,925066.8240096194,625830.3093448218,0,0,0.0,0,4.756459715300161,5.599757240991997,8076.28272445257,3525.8452123866973,2.2905948043549005,2.0259445232529525,315.76864943781845,0.0,0.0425531914893617,0.0,3.8711617828169134,28.37142857142857,0.6317460317460317,3352.0737979531305,35,0.05900096893310547
paper,100,1500000.0,8,5,exclude,launch,0,0.0,prior,0.0,cluster_patrol,12600.0,43200,6005886.699531122,0,5044750.334541584,961136.3649895373,0,34,0.8930429022210126,39,4.716895252054816,6.682258174797708,8146.821061143593,2944.491165637929,2.766800986267714,2.0329490045028895,320.0950937710531,0.0,0.0,0.2370860927152318,0.7120769634896377,1.9417989417989419,0.5140388768898488,2979.432033375954,567,0.0910043716430664
paper,100,1500000.0,4,6,exclude,launch,0,0.0,prior,0.0,cluster_patrol,12600.0,43200,981782.6451666972,0,645411.2471766133,336371.3979900839,0,0,0.0,0,4.756459715300161,4.448322823427612,8076.28272445257,4449.878708608652,1.8149444632790426,2.020763647471683,312.5875271999083,0.0,0.0,0.0,1.8901594479585806,10.19718309859155,0.7372421281216069,2283.584753709412,142,0.07651472091674805
paper,100,1500000.0,3,6,exclude,launch,0,0.0,prior,0.0,cluster_patrol,12600.0,43200,1326680.460352962,0,789770.2700724165,536910.1902805454,0,0,0.0,0,4.756459715300161,4.527046698530273,8076.28272445257,4368.797101822091,1.8486284751205775,2.022474904429963,313.63647905671854,0.0,0.009259259259259259,0.0,2.508549376951684,15.0375,0.6544671689989235,2746.764386880221,80,0.10951685905456543
paper,100,1500000.0,2,7,exclude,launch,0,0.0,prior,0.0,cluster_patrol,12600.0,43200,1683882.361941938,0,931141.3088673208,752741.0530746173,0,0,0.0,0,5.218509503934779,5.108394554443665,7331.690553245741,3862.643852006261,1.898101620069801,2.027173365041409,316.5255365551473,0.0,0.0425531914893617,0.0,3.8723722251878403,28.514285714285716,0.6024973985431842,3331.6343842030533,35,0.060516357421875
paper,100,1500000.0,6,6,exclude,launch,0,0.0,prior,0.0,cluster_patrol,12600.0,43200,1473274.1569651389,0,1032802.0021379982,440472.1548271407,0,3,0.25257227865265175,3,4.756459715300161,4.335254974212547,8076.28272445257,4554.430492117175,1.7732804877428756,2.0258685745668776,315.72189968516335,0.0,0.0,0.0,1.2839166935070954,4.621794871794871,0.7110141766630316,2271.3980319697744,312,0.09751462936401367
paper,100,1500000.0,3,7,exclude,launch,0,0.0,prior,0.0,cluster_patrol,12600.0,43200,1073783.3180130403,0,652708.4437165799,421074.87429646036,0,0,0.0,0,5.218509503934779,5.125789495323275,7331.690553245741,3861.5751829043033,1.8986269089629773,2.0208530300516623,312.6422726896981,0.0,0.0,0.0,2.575467992914911,17.94871794871795,0.7101910828025477,2348.1990930962816,78,0.0725104808807373
paper,100,1500000.0,7,6,exclude,launch,0,0.0,prior,0.0,cluster_patrol,12600.0,43200,3941857.76199889,0,3257293.4039597134,684564.3580391768,0,17,0.7767428021567822,22,4.756459715300161,4.700784215607549,8076.28272445257,4203.464484282303,1.9213395889632479,2.0243345766984655,314.7783975060075,0.0,0.0,0.0,1.1034960140514736,3.7858823529411763,0.6362649294245385,2027.630296331501,425,0.10851407051086426
paper,100,1500000.0,5,6,exclude,launch,0,0.0,prior,0.0,cluster_patrol,12600.0,43200,1160923.5302566395,0,821505.9277597624,339417.602496877,0,1,0.21818481192292039,1,4.756459715300161,4.505077881708165,8076.28272445257,4392.730846887399,1.8385562434755733,2.021264247789879,312.8941991441483,0.0,0.0,0.0,1.5007696448554713,7.291479820627803,0.7634989200863931,2029.4516527549051,223,0.12251448631286621
paper,100,1500000.0,8,6,exclude,launch,0,0.0,prior,0.0,cluster_patrol,12600.0,43200,6752297.675189804,0,5861770.300601713,890527.3745880907,0,36,0.944143953369312,41,4.756459715300161,5.3553141054792635,8076.28272445257,3701.6348082511786,2.1818151013844003,2.0178155861959812,310.7845702510407,0.0,0.0,0.0,0.9547261883354612,2.893805309734513,0.5484913793103449,2004.5143847572253,565,0.12651395797729492
paper,100,1500000.0,4,7,exclude,launch,0,0.0,prior,0.0,cluster_patrol,12600.0,43200,981275.732996823,0,608718.5897208414,372557.14327598154,0,0,0.0,0,5.218509503934779,4.693774367203572,7331.690553245741,4219.124956441975,1.7377277584659687,2.0198326792521684,312.01760810119686,0.0,0.005376344086021506,0.0,1.9414575062532375,11.467625899280575,0.7307286166842661,2068.028821859565,139,0.0839996337890625
paper,100,1500000.0,2,8,exclude,launch,0,0.0,prior,0.0,cluster_patrol,12600.0,43200,1607686.0502255822,0,908976.5218104337,698709.5284151485,0,0,0.0,0,4.788543228013972,4.762523185039532,8019.937817272908,4144.417743938864,1.9351181065185628,2.0265595222703725,316.14733582919274,0.0,0.0,0.0,3.8633902616807356,27.444444444444443,0.6445714285714286,3411.51480297459,36,0.053999900817871094
paper,100,1500000.0,6,7,exclude,launch,0,0.0,prior,0.0,cluster_patrol,12600.0,43200,1272022.9853714812,0,945306.7403256233,326716.2450458579,0,4,0.33299172135457616,5,5.218509503934779,4.65563406551555,7331.690553245741,4250.016942453479,1.7250967825585308,2.0215779535004192,313.0864545234315,0.0,0.0,0.0,1.3028664397589809,5.366883116883117,0.7507987220447284,1979.8076421377893,308,0.10499787330627441
paper,100,1500000.0,7,7,exclude,launch,0,0.0,prior,0.0,cluster_patrol,12600.0,43200,2774108.7503220155,0,2325218.487944608,448890.26237740734,0,14,0.754976501813487,16,5.218509503934779,5.267353707197464,7331.690553245741,3760.6371506606292,1.9495873330820515,2.0193243242544323,311.70662340502633,0.0,0.0017123287671232876,0.0,1.0741963812994835,4.342465753424658,0.7264957264957265,1728.1106768315572,438,0.11800003051757812
paper,100,1500000.0,4,8,exclude,launch,0,0.0,prior,0.0,cluster_patrol,12600.0,43200,1080002.6603678325,0,661551.3088107867,418451.35155704565,0,0,0.0,0,4.788543228013972,4.685130811098004,8019.937817272908,4228.375164368442,1.8966949491272924,2.019132210180813,311.5891385484086,0.0,0.0,0.0,1.9451184099226035,10.795620437956204,0.719441210710128,2229.0066540389307,137,0.07800030708312988
paper,100,1500000.0,8,7,exclude,launch,0,0.0,prior,0.0,cluster_patrol,12600.0,43200,4805366.497127523,0,4125894.1573276585,679472.3397998639,0,28,0.8937275614462971,39,5.218509503934779,5.223426102612349,7331.690553245741,3790.250868043788,1.9343549565703944,2.020396374211936,312.3626281514598,0.0,0.0,0.0,0.9668752601561073,3.0,0.6365568544102019,1966.9032929015984,556,0.11799979209899902
paper,100,1500000.0,5,8,exclude,launch,0,0.0,prior,0.0,cluster_patrol,12600.0,43200,1219959.544327109,0,811103.0608578635,408856.4834692453,0,1,0.17892943735009276,1,4.788543228013972,4.829900433911574,8019.937817272908,4102.854398295984,1.9547215276768743,2.01853232302929,311.2224279166326,0.0,0.0,0.0,1.5404970011591421,7.9036697247706424,0.7359154929577465,1912.1857399549788,218,0.09400010108947754
paper,100,1500000.0,3,8,exclude,launch,0,0.0,prior,0.0,cluster_patrol,12600.0,43200,1042690.4416769259,0,649892.5178822365,392797.9237946893,0,0,0.0,0,4.788543228013972,5.3515684741773315,8019.937817272908,3701.0519425554558,2.1669346828284186,2.0195458822831305,311.84214182414604,0.0,0.0,0.0,2.635670711175276,17.38157894736842,0.7312206572769953,2460.7466507763515,76,0.11700010299682617
paper,100,1500000.0,5,7,exclude,launch,0,0.0,prior,0.0,cluster_patrol,12600.0,43200,861982.1562323186,0,550575.3919310161,311406.7643013025,0,0,0.0,0,5.218509503934779,4.739775024553961,7331.690553245741,4177.740911759751,1.7549414164502322,2.020043678097249,312.1467315678489,0.0,0.003401360544217687,0.0,1.528304169297803,8.25,0.7707889125799574,1807.016962933055,220,0.17299914360046387
paper,100,1500000.0,2,9,exclude,launch,0,0.0,prior,0.0,cluster_patrol,12600.0,43200,1928012.3528919462,0,1101172.63500567,826839.7178862762,0,0,0.0,0,4.740333835912077,4.23787431598912,8104.8909320055,4657.682546896791,1.7401123520978115,2.0264786553108856,316.09752894265296,0.0,0.020833333333333332,0.0,3.861653844741135,24.333333333333332,0.5673289183222958,3861.3828259921606,36,0.04600024223327637
paper,100,1500000.0,6,8,exclude,launch,0,0.0,prior,0.0,cluster_patrol,12600.0,43200,1739548.9437759474,0,1375929.3887358576,363619.5550400899,0,5,0.5204892517711381,6,4.788543228013972,5.348178349298879,8019.937817272908,3706.420576777493,2.1637959457492966,2.017898936895956,310.8354737201751,0.0,0.0,0.0,1.2284724257255406,6.486322188449848,0.7614571092831962,1539.3389895641083,329,0.12199950218200684
paper,100,1500000.0,3,9,exclude,launch,0,0.0,prior,0.0,cluster_patrol,12600.0,43200,1369563.0944167923,0,796114.1263405101,573448.9680762823,0,0,0.0,0,4.740333835912077,4.4276657573221945,8104.8909320055,4470.642857319763,1.8129139791910238,2.020762088440577,312.58657235927046,0.0,0.0,0.0,2.601659631575329,15.756410256410257,0.6962305986696231,2685.9910391975413,78,0.06400036811828613
paper,100,1500000.0,4,9,exclude,launch,0,0.0,prior,0.0,cluster_patrol,12600.0,43200,1391172.7578799243,0,780998.6534443113,610174.1044356129,0,0,0.0,0,4.740333835912077,4.133096184425937,8104.8909320055,4791.3382909037155,1.6915714232477626,2.0198896505488038,312.05246978896827,0.0,0.0,0.0,1.9678034376286897,8.801470588235293,0.6908482142857143,2750.1068219674753,136,0.06500005722045898
paper,100,1500000.0,7,8,exclude,launch,0,0.0,prior,0.0,cluster_patrol,12600.0,43200,3321192.6136871283,0,2904823.2915807767,416369.32210635126,0,17,0.8024171129404111,18,4.788543228013972,5.666510703490198,8019.937817272908,3502.4179661237995,2.2898288824588073,2.0154698503790467,309.35370510865306,0.0,0.0,0.001718213058419244,1.078879492267073,4.949771689497717,0.7659574468085106,1511.2823273481156,438,0.13199996948242188
paper,100,1500000.0,2,10,exclude,launch,0,0.0,prior,0.0,cluster_patrol,12600.0,43200,1717559.7980113144,0,965981.4840759165,751578.3139353978,0,0,0.0,0,5.240538724622278,5.394017222607563,7299.469724120093,3661.1730182525166,1.9937516440029215,2.025477435986761,315.4811915153945,0.0,0.02127659574468085,0.0,3.8642987977460974,28.428571428571427,0.6427807486631016,3326.0711974364895,35,0.05050849914550781
core,200,3000000.0,14,12,exclude,launch,0,0.0,prior,0.0,cluster_patrol,12600.0,43200,212180.95135308304,0,207560.1233477026,4620.828005380411,0,1,0.19970093258564084,1,10.560706468639882,37.2661652846161,7241.91745481808,1067.9183316419271,6.781340145817718,2.010190608146624,306.14551943629374,0.0,0.0,0.04552352048558422,0.5875532881306579,15.07946127946128,0.9875,291.13468022582606,1485,1.2322096824645996
paper,100,1500000.0,8,8,exclude,launch,0,0.0,prior,0.0,cluster_patrol,12600.0,43200,4608823.385315004,0,4108033.1819532127,500790.20336179074,0,27,0.932936562768416,30,4.788543228013972,5.858305586533765,8019.937817272908,3389.143100182037,2.3663615197724,2.0146428313219547,308.8500225459096,0.0,0.0,0.0,0.9489400865338877,4.0583038869257955,0.7403055229142186,1421.7981874543325,566,0.15050840377807617
paper,100,1500000.0,7,9,exclude,launch,0,0.0,prior,0.0,cluster_patrol,12600.0,43200,5353741.417213088,0,4335715.580545396,1018025.8366676923,0,28,0.8317512083288723,30,4.740333835912077,5.126499808951478,8104.8909320055,3874.26015984097,2.0919841718471965,2.0139573315912784,308.4328410863117,0.0,0.0,0.0,1.1227825943663006,3.9737470167064437,0.5617214043035108,1962.9332393016034,419,0.10750794410705566
paper,100,1500000.0,5,9,exclude,launch,0,0.0,prior,0.0,cluster_patrol,12600.0,43200,1968216.7289551883,0,1146439.9834994767,821776.7454557118,0,1,0.02158589903171747,1,4.740333835912077,4.496968837868746,8104.8909320055,4401.486049695918,1.8413987549876334,2.0208811989967908,312.65952673953774,0.0,0.0,0.0,1.4806077847553505,6.3392070484581495,0.5806451612903226,2293.767562226746,227,0.13950848579406738
paper,100,1500000.0,6,9,exclude,launch,0,0.0,prior,0.0,cluster_patrol,12600.0,43200,3166977.576146562,0,2353125.386593129,813852.1895534326,0,12,0.5711756664488207,16,4.740333835912077,4.515852022097969,8104.8909320055,4383.095738858327,1.8491247773010304,2.020874445212464,312.6553898663567,0.0,0.0,0.0,1.252855932561866,3.897196261682243,0.5727069351230425,2625.7550987325317,321,0.13850879669189453
paper,100,1500000.0,3,10,exclude,launch,0,0.0,prior,0.0,cluster_patrol,12600.0,43200,959077.6480172239,0,626637.3151352738,332440.33288195,0,0,0.0,0,5.240538724622278,6.407702853830912,7299.469724120093,3093.101352366943,2.3599193471414375,2.0181966296670346,311.0173129995923,0.0,0.0,0.0,2.5648859670881525,20.615384615384617,0.7486515641855448,2035.467823394901,78,0.07950854301452637
paper,100,1500000.0,8,9,exclude,launch,0,0.0,prior,0.0,cluster_patrol,12600.0,43200,7928528.036105402,0,6690726.566551787,1237801.469553615,0,45,0.9396614556396071,52,4.740333835912077,5.8293212379142405,8104.8909320055,3398.4607039069097,2.3848711631969213,2.0191089319871365,311.5749045767884,0.0,0.0,0.11984021304926765,0.8373256426235096,2.2925531914893615,0.44568868980963045,2512.9945712446583,564,0.10550808906555176
paper,100,1500000.0,4,10,exclude,launch,0,0.0,prior,0.0,cluster_patrol,12600.0,43200,975315.3586739852,0,634100.6379667068,341214.72070727835,0,0,0.0,0,5.240538724622278,4.613071529360043,7299.469724120093,4294.458358941959,1.6997416470277498,2.019116633892849,311.5796140431272,0.0,0.0,0.0,1.915999047501114,11.02127659574468,0.755750273822563,2129.223431439346,141,0.08150815963745117
paper,100,1500000.0,5,10,exclude,launch,0,0.0,prior,0.0,cluster_patrol,12600.0,43200,1179608.8620496832,0,739650.3219064594,439958.5401432239,0,0,0.0,0,5.240538724622278,4.480961859200781,7299.469724120093,4414.8257225033385,1.6533992920520257,2.0219721978813583,313.3281519727361,0.0,0.0,0.0,1.4656184633420117,6.336244541484716,0.7130339539978094,2261.584337365104,229,0.08499956130981445
paper,100,1500000.0,6,10,exclude,launch,0,0.0,prior,0.0,cluster_patrol,12600.0,43200,1598091.6346766723,0,1152957.966763285,445133.6679133874,0,3,0.341088679055857,5,5.240538724622278,4.491275507317148,7299.469724120093,4399.38672441117,1.6592016527251492,2.0244085118033928,314.8238397165726,0.0,0.0,0.0,1.2519479546706707,4.683229813664596,0.712253829321663,2183.685921804344,322,0.09299969673156738
paper,100,1500000.0,4,11,exclude,launch,0,0.0,prior,0.0,cluster_patrol,12600.0,43200,987682.9430312321,0,627686.8823297869,359996.0607014452,0,0,0.0,0,4.559053205441548,4.5075039929388145,8440.41818863996,4391.379437872318,1.922042562719075,2.020798017762208,312.6085779201757,0.0,0.0,0.0,1.8633766588688032,9.8125,0.7284768211920529,2311.1178824564454,144,0.07599997520446777
paper,100,1500000.0,2,11,exclude,launch,0,0.0,prior,0.0,cluster_patrol,12600.0,43200,1638257.2888124892,0,943874.8098937672,694382.4789187219,0,0,0.0,0,4.559053205441548,4.557097212413482,8440.41818863996,4328.378165632583,1.9500186595656233,2.0278998385900993,316.9734234520658,0.0,0.02040816326530612,0.0,3.680081434548566,24.756756756756758,0.6006528835690969,3667.39563324992,37,0.08499908447265625
paper,100,1500000.0,7,10,exclude,launch,0,0.0,prior,0.0,cluster_patrol,12600.0,43200,3145879.296908083,0,2713903.859340603,431975.4375674798,0,13,0.7466486264882405,16,5.240538724622278,4.9803535435316055,7299.469724120093,3976.69093869008,1.8355637480152114,2.0196586699984023,311.9111409908731,0.0,0.0,0.0,1.113114742459977,4.0570071258907365,0.7524752475247525,1908.9043614158425,421,0.11100006103515625
paper,100,1500000.0,5,11,exclude,launch,0,0.0,prior,0.0,cluster_patrol,12600.0,43200,1493728.938639213,0,1101279.154428094,392449.78421111923,0,3,0.37982207806000273,4,4.559053205441548,4.280315947119418,8440.41818863996,4621.020677971063,1.826526816656849,2.0223031216612877,313.5311017675241,0.0,0.0,0.0,1.5084010793738354,6.40990990990991,0.7320044296788483,2300.453234540293,222,0.08599996566772461
paper,100,1500000.0,8,10,exclude,launch,0,0.0,prior,0.0,cluster_patrol,12600.0,43200,5464708.372910286,0,4740917.015262169,723791.3576481171,0,27,0.8852320162216883,29,5.240538724622278,6.0287941437719885,7299.469724120093,3278.486211318732,2.226475651756354,2.0237467996385634,314.41725293106015,0.0,0.0,0.11788079470198676,0.8308383120366722,2.7610619469026547,0.665938864628821,2085.8253803914986,565,0.11099839210510254
paper,100,1500000.0,3,11,exclude,launch,0,0.0,prior,0.0,cluster_patrol,12600.0,43200,1293212.2061758884,0,739326.390471792,553885.8157040965,0,0,0.0,0,4.559053205441548,5.092301392205201,8440.41818863996,3887.4349569713286,2.1712049930259996,2.020611199736642,312.4941663083603,0.0,0.0,0.0,2.5921016478372567,15.5,0.6662971175166297,2718.7321207055693,78,0.10999774932861328
paper,100,1500000.0,2,12,exclude,launch,0,0.0,prior,0.0,cluster_patrol,12600.0,43200,2055044.5020644448,0,1109709.6781666433,945334.8238978017,0,0,0.0,0,4.442264204156416,3.787330964606043,8671.083820102498,5209.071383649127,1.6646122084869792,2.027525961286419,316.742880335274,0.0,0.02127659574468085,0.0,3.8769526186249563,24.97142857142857,0.6097023153252481,3804.8694902640054,35,0.046999216079711914
paper,100,1500000.0,6,11,exclude,launch,0,0.0,prior,0.0,cluster_patrol,12600.0,43200,2470740.2753020646,0,1947100.8680334624,523639.40726860246,0,9,0.6040710449315787,9,4.559053205441548,4.8919960166865435,8440.41818863996,4045.5551129046585,2.086343642116358,2.021137102588269,312.8162946847094,0.0,0.015765765765765764,0.0,1.2100420782906758,4.708708708708708,0.6974697469746974,2099.902993561353,333,0.1139993667602539
paper,100,1500000.0,3,12,exclude,launch,0,0.0,prior,0.0,cluster_patrol,12600.0,43200,1315883.135369199,0,782449.4002169634,533433.7351522357,0,0,0.0,0,4.442264204156416,5.002882091683881,8671.083820102498,3959.746632043186,2.189807739195756,2.019167399534796,311.6106564823555,0.0,0.0,0.0,2.639069383991643,16.31578947368421,0.7039106145251397,2651.4557369964414,76,0.06499862670898438
paper,100,1500000.0,4,12,exclude,launch,0,0.0,prior,0.0,cluster_patrol,12600.0,43200,1233532.8636152446,0,715436.8517380717,518096.011877173,0,0,0.0,0,4.442264204156416,4.391663709578685,8671.083820102498,4510.192518739699,1.9225529251965265,2.019462692078876,311.79125416221274,0.0,0.0,0.0,1.916106758666987,9.929078014184396,0.7225950782997763,2347.9981388061206,141,0.0989999771118164
paper,100,1500000.0,7,11,exclude,launch,0,0.0,prior,0.0,cluster_patrol,12600.0,43200,3662401.15591661,0,2934602.7231661687,727798.4327504413,0,16,0.7250443095459717,22,4.559053205441548,5.105680318628869,8440.41818863996,3878.999189472839,2.1759267729537792,2.0196991541123426,311.93590946922797,0.0,0.0,0.0017271157167530224,1.082061467573858,3.9976958525345623,0.6310572687224669,1894.2347977898824,434,0.1380009651184082
paper,100,1500000.0,6,12,exclude,launch,0,0.0,prior,0.0,cluster_patrol,12600.0,43200,2516826.635908842,0,1813326.768212052,703499.8676967901,0,5,0.4379544101037277,6,4.442264204156416,4.37028727902834,8671.083820102498,4525.140562595641,1.9162020936491584,2.0226369240056874,313.7358835019443,0.0,0.0,0.0,1.3170558589640613,4.656957928802589,0.6809954751131222,2294.4542192527897,309,0.08700013160705566
paper,100,1500000.0,5,12,exclude,launch,0,0.0,prior,0.0,cluster_patrol,12600.0,43200,1313309.305935558,0,827743.1405028026,485566.1654327554,0,1,0.11141443353711136,1,4.442264204156416,4.447419430784958,8671.083820102498,4452.4834691331325,1.9474713112838795,2.0199917068401945,312.1149246068321,0.0,0.0,0.0,1.5369966397365946,7.298165137614679,0.7525309336332958,2081.7748037629976,218,0.09099960327148438
core,200,3000000.0,13,12,exclude,launch,0,0.0,prior,0.0,cluster_patrol,12600.0,43200,220837.48319837797,0,215655.67356427247,5181.809634105505,0,1,0.19187292505075187,1,10.560706468639882,39.544924313324955,7241.91745481808,1006.2586045125539,7.19687506009071,2.0104331248547718,306.29252994113364,0.0,0.0,0.05136986301369863,0.6123729007214191,16.381278538812786,0.9925,301.71479175268246,1314,1.5172090530395508
paper,100,1500000.0,7,12,exclude,launch,0,0.0,prior,0.0,cluster_patrol,12600.0,43200,4478191.076205754,0,3786399.7446909873,691791.3315147659,0,21,0.8340693860051759,26,4.442264204156416,4.675867707828244,8671.083820102498,4231.72657622778,2.0490652370626514,2.021529936044577,313.05702307057135,0.0,0.0,0.0017761989342806395,1.1160082682748893,3.2843601895734595,0.6918735891647856,2373.147992746253,422,0.09700131416320801
paper,100,3000000.0,5,1,exclude,launch,0,0.0,prior,0.0,cluster_patrol,12600.0,43200,677368.1573402483,0,462055.2089148871,215312.94842536128,0,0,0.0,0,9.408527087153066,8.5552353600729,8169.591647266075,4643.464362808151,1.7593742535638812,2.013798014875789,308.33592448982733,0.0,0.06557377049180328,0.0,2.475906618603656,14.753623188405797,0.7855603448275862,1664.5911276280083,138,0.10900235176086426
paper,100,3000000.0,4,1,exclude,launch,0,0.0,prior,0.0,cluster_patrol,12600.0,43200,604554.5959254743,0,409114.0202820567,195440.57564341754,0,0,0.0,0,9.408527087153066,16.45493930468393,8169.591647266075,2415.947317398639,3.381527232995564,2.01236262422651,307.46342487923584,0.0,0.0,0.0,3.058945791511297,23.724137931034484,0.806979280261723,1609.738483186826,87,0.1810016632080078
paper,100,3000000.0,6,1,exclude,launch,0,0.0,prior,0.0,cluster_patrol,12600.0,43200,485261.4578229549,0,350710.13655174704,134551.32127120785,0,0,0.0,0,9.408527087153066,10.589969234708288,8169.591647266075,3756.7768899492235,2.1746278489741493,2.0108509697769614,306.54590492970704,0.0,0.0,0.0,2.19036598904904,14.53804347826087,0.8231441048034934,1237.0110008635677,184,0.17300105094909668
paper,100,3000000.0,7,1,exclude,launch,0,0.0,prior,0.0,cluster_patrol,12600.0,43200,334161.6893122183,0,259462.91918963048,74698.77012258777,0,0,0.0,0,9.408527087153066,11.640956004368125,8169.591647266075,3420.485931248435,2.3884301270270902,2.0091554078041396,305.51839113010186,0.0,0.0,0.0,2.02620068360807,13.927038626609441,0.8554216867469879,1016.6976176620549,233,0.1710052490234375
paper,100,3000000.0,8,1,exclude,launch,0,0.0,prior,0.0,cluster_patrol,12600.0,43200,362021.07420652645,0,275885.7343272333,86135.33987929314,0,0,0.0,0,9.408527087153066,9.230540051113858,8169.591647266075,4312.068700254539,1.8945875437429436,2.0099127469210982,305.97712691811546,0.0,0.0,0.0,1.888582039186224,11.18815331010453,0.8588490770901195,1036.0418802351544,287,0.18600153923034668
paper,100,3000000.0,9,1,exclude,launch,0,0.0,prior,0.0,cluster_patrol,12600.0,43200,357120.8331430789,0,271351.9709978898,85768.86214518905,0,0,0.0,0,9.408527087153066,9.283669766706135,8169.591647266075,4287.092744310029,1.905625125117488,2.010052609915838,306.0618824393387,0.0,0.0,0.0,1.6441240291631747,8.964769647696476,0.8512035010940919,995.6171415611128,369,0.19099807739257812
core,200,3000000.0,15,12,exclude,launch,0,0.0,prior,0.0,cluster_patrol,12600.0,43200,205730.89846476345,0,201513.187831467,4217.710633296462,0,1,0.20596193463558243,1,10.560706468639882,36.692502861065705,7241.91745481808,1084.7770094911607,6.675950348740398,2.0098894841166044,305.96303103879035,0.0,0.0,0.0400890868596882,0.5575421272666351,14.091879075281565,0.9875311720698254,275.1136998335489,1687,1.5492117404937744
paper,100,3000000.0,11,1,exclude,launch,0,0.0,prior,0.0,cluster_patrol,12600.0,43200,1263557.4906814008,0,1036190.1996056344,227367.29107576623,0,4,0.593358114815914,7,9.408527087153066,9.714999064377464,8169.591647266075,4091.221978221647,1.996858564691519,2.012770136338095,307.7110047174851,0.0,0.0,0.0,1.1872517980309798,4.8076923076923075,0.8300438596491229,1097.1777650089075,624,0.20499920845031738
paper,100,3000000.0,10,1,exclude,launch,0,0.0,prior,0.0,cluster_patrol,12600.0,43200,750487.558569514,0,632820.6875546098,117666.87101490413,0,2,0.4482840662710574,4,9.408527087153066,10.359948694550152,8169.591647266075,3839.250951571573,2.1279129054905632,2.0113418114679673,306.8436778869929,0.0,0.0,0.0,1.2451240355680668,5.799628942486085,0.8558758314855875,1045.1043330069188,539,0.21199917793273926
paper,100,3000000.0,4,2,exclude,launch,0,0.0,prior,0.0,cluster_patrol,12600.0,43200,1107261.060380216,0,646738.6533642943,460522.4070159217,0,0,0.0,0,9.078325717589646,11.17349411801768,8478.86425558954,3554.6153210233415,2.3853113459119824,2.0142268173011932,308.5968110798724,0.0,0.0,0.0,2.6388470202417937,19.627450980392158,0.7396514161220044,1638.726822343898,102,0.10399913787841797
paper,100,3000000.0,12,1,exclude,launch,0,0.0,prior,0.0,cluster_patrol,12600.0,43200,1818780.9361949167,0,1602218.291217639,216562.64497727767,0,9,0.7687165525299692,10,9.408527087153066,13.841523482777214,8169.591647266075,2871.968529033549,2.844596507474696,2.012456105293907,307.52020954407215,0.0,0.0,0.17063870352716873,0.8520102175497043,3.8903061224489797,0.8224400871459695,1069.0267057730357,784,0.21999835968017578
paper,100,3000000.0,13,1,exclude,launch,0,0.0,prior,0.0,cluster_patrol,12600.0,43200,1968994.3032700615,0,1785673.965329476,183320.3379405856,0,10,0.7933820083580204,12,9.408527087153066,12.765391442360716,8169.591647266075,3116.563661717445,2.6213459868052422,2.0108507973897773,306.5458003750647,0.0,0.0,0.16950757575757575,0.9350449721486104,4.256637168141593,0.8186813186813187,974.4827235327324,791,0.23399901390075684
paper,100,3000000.0,5,2,exclude,launch,0,0.0,prior,0.0,cluster_patrol,12600.0,43200,578361.1847064598,0,404068.889798085,174292.2949083748,0,0,0.0,0,9.078325717589646,12.64185142850769,8478.86425558954,3146.499636828496,2.694697357135494,2.0111831371424906,306.74740105239874,0.0,0.005376344086021506,0.0,2.4229362829887218,17.93525179856115,0.824945295404814,1325.638783317675,139,0.1329951286315918
paper,100,3000000.0,14,1,exclude,launch,0,0.0,prior,0.0,cluster_patrol,12600.0,43200,2530898.4428774123,0,2269619.652122642,261278.7907547705,0,14,0.8593187726327524,17,9.408527087153066,14.069319249971302,8169.591647266075,2827.361944173733,2.889474997745134,2.011108466829791,306.7020995084669,0.0,0.0,0.2249163879598662,0.8227436471676084,3.763392857142857,0.812981298129813,972.5243782151268,896,0.2609987258911133
paper,100,3000000.0,6,2,exclude,launch,0,0.0,prior,0.0,cluster_patrol,12600.0,43200,386463.7180151742,0,292886.3597710828,93577.35824409136,0,0,0.0,0,9.078325717589646,13.232265483112743,8478.86425558954,3008.633697951548,2.8181776536513707,2.0094928526388554,305.72274585868024,0.0,0.0,0.0,2.1974668308583922,17.076923076923077,0.8524945770065075,1072.5811652221307,182,0.17040324211120605
paper,100,3000000.0,7,2,exclude,launch,0,0.0,prior,0.0,cluster_patrol,12600.0,43200,405007.1290619233,0,292872.17305507977,112134.95600684352,0,0,0.0,0,9.078325717589646,12.546651557354,8478.86425558954,3173.724399684866,2.6715817720125434,2.009060148963643,305.46071526795896,0.0,0.0,0.0,1.849024491772797,13.211155378486056,0.8792535675082327,978.6697832109262,251,0.18140554428100586
paper,100,3000000.0,8,2,exclude,launch,0,0.0,prior,0.0,cluster_patrol,12600.0,43200,435384.97792246763,0,321462.90400939394,113922.07391307372,0,0,0.0,0,9.078325717589646,10.638572764743337,8478.86425558954,3742.1154880491385,2.265794383596053,2.0095065780557917,305.7310593413742,0.0,0.0023584905660377358,0.0,1.6950697697490658,10.022222222222222,0.8482532751091703,1050.221397153778,315,0.18540310859680176
paper,100,3000000.0,9,2,exclude,launch,0,0.0,prior,0.0,cluster_patrol,12600.0,43200,479374.850521401,0,344490.80833503336,134884.04218636762,0,0,0.0,0,9.078325717589646,9.128115725373434,8478.86425558954,4358.158774052302,1.9455152267675933,2.010970970823812,306.6186911545324,0.0,0.0,0.0,1.5493601636467846,7.956410256410257,0.8272827282728272,1053.8009703968103,390,0.17940568923950195
paper,100,3000000.0,15,1,exclude,launch,0,0.0,prior,0.0,cluster_patrol,12600.0,43200,3512761.8841364435,0,3112703.5036423467,400058.3804940964,0,19,0.8985343822227554,27,9.408527087153066,15.578222286205941,8169.591647266075,2551.143087217599,3.202325925268359,2.0129698619047405,307.83238233819253,0.0,0.0,0.24913013221990257,0.6853357415038558,2.741187384044527,0.7767955801104972,1112.2575031225372,1078,0.3314039707183838
paper,100,3000000.0,5,3,exclude,launch,0,0.0,prior,0.0,cluster_patrol,12600.0,43200,434452.8441196006,0,324482.650487988,109970.19363161256,0,0,0.0,0,10.108254004827979,22.207572561980328,7580.990936890765,1792.5794727759014,4.229096144424331,2.00960396190315,305.79004796716106,0.0,0.0,0.0,2.1837863389239556,18.725490196078432,0.8288482238966631,1152.3740107744868,153,0.1504044532775879
paper,100,3000000.0,11,2,exclude,launch,0,0.0,prior,0.0,cluster_patrol,12600.0,43200,605745.4308445585,0,524576.1677099305,81169.26313462813,0,3,0.46233269155441953,4,9.078325717589646,9.972963285682718,8478.86425558954,3990.9702227848375,2.124512031481187,2.0099593735144325,306.0053808448995,0.0,0.0,0.0,1.306540531210345,7.453900709219858,0.891566265060241,782.1620803043651,564,0.2524092197418213
paper,100,3000000.0,13,2,exclude,launch,0,0.0,prior,0.0,cluster_patrol,12600.0,43200,1668645.0885489997,0,1506510.5590479022,162134.52950109768,0,9,0.8083559198882135,11,9.078325717589646,12.050907546124597,8478.86425558954,3299.037852342228,2.5701021434385107,2.012254623121854,307.39782660947026,0.0,0.0,0.17294685990338166,0.9561766579420617,4.509020618556701,0.8471615720524017,935.42339121191,776,0.24191856384277344
paper,100,3000000.0,10,2,exclude,launch,0,0.0,prior,0.0,cluster_patrol,12600.0,43200,656416.5152263904,0,522229.4593601905,134187.0558661999,0,1,0.2731329192959855,2,9.078325717589646,8.869476336080663,8478.86425558954,4482.72276015811,1.8914540803077642,2.0121026241208986,307.3055165257227,0.0,0.0,0.0,1.4038748871826423,6.74375,0.8549450549450549,1016.5191256852436,480,0.28891825675964355
paper,100,3000000.0,6,3,exclude,launch,0,0.0,prior,0.0,cluster_patrol,12600.0,43200,501201.975708858,0,352233.4349057107,148968.5408031473,0,0,0.0,0,10.108254004827979,13.043308320964728,7580.990936890765,3051.420351896919,2.4844138344223974,2.010019117845012,306.041585523725,0.0,0.03859649122807018,0.0,1.9012793381377993,14.27699530516432,0.8234660925726588,1092.1010924034483,213,0.15551280975341797
paper,100,3000000.0,12,2,exclude,launch,0,0.0,prior,0.0,cluster_patrol,12600.0,43200,851996.4301297002,0,755884.3684672953,96112.0616624049,0,5,0.6932408683260717,7,9.078325717589646,9.780272501193247,8478.86425558954,4070.0793081412767,2.0832184372008387,2.00972280100582,305.8620404613115,0.0,0.0,0.0,1.2736336674458768,6.933753943217666,0.8976034858387799,747.5995342710241,634,0.2839186191558838
paper,100,3000000.0,7,3,exclude,launch,0,0.0,prior,0.0,cluster_patrol,12600.0,43200,347923.0520863111,0,262356.8905144564,85566.16157185473,0,0,0.0,0,10.108254004827979,13.231555520945376,7580.990936890765,3010.12237504759,2.5184992476496606,2.008606813395053,305.18631120807703,0.0,0.0,0.0,1.8411402863244073,13.768627450980393,0.860064585575888,942.6946143814832,255,0.18402099609375
paper,100,3000000.0,8,3,exclude,launch,0,0.0,prior,0.0,cluster_patrol,12600.0,43200,369452.54528318404,0,271959.545561326,97492.99972185801,0,0,0.0,0,10.108254004827979,12.964742084151851,7580.990936890765,3072.4862366866505,2.4673799499476545,2.008335011256346,305.0218484776007,0.0,0.0,0.0,1.5931733693453913,11.632047477744807,0.8593073593073594,843.4781454743596,337,0.20502114295959473
paper,100,3000000.0,9,3,exclude,launch,0,0.0,prior,0.0,cluster_patrol,12600.0,43200,293000.64826508163,0,236177.75116899947,56822.89709608217,0,0,0.0,0,10.108254004827979,11.630733021364732,7580.990936890765,3424.827565635758,2.2135394531851382,2.0083721473240552,305.04431624967776,0.0,0.0,0.0,1.5103995171144085,10.513715710723192,0.8812095032397408,781.3913823816561,401,0.24102115631103516
paper,100,3000000.0,4,4,exclude,launch,0,0.0,prior,0.0,cluster_patrol,12600.0,43200,589991.4456463922,0,406532.1773393298,183459.26830706242,0,0,0.0,0,9.53960934092521,17.927140885086143,8052.7543083059945,2217.4824249876247,3.6314850650286146,2.012420668265519,307.4986828593601,0.0,0.0,0.0,2.7939463291671434,24.84375,0.8304568527918782,1396.2088960537842,96,0.11500024795532227
paper,100,3000000.0,10,3,exclude,launch,0,0.0,prior,0.0,cluster_patrol,12600.0,43200,366542.12635292835,0,277988.86910410976,88553.25724881861,0,0,0.0,0,10.108254004827979,10.234486851671114,7580.990936890765,3890.1679100153906,1.9487567406469024,2.0093498905422345,305.63616046128624,0.0,0.0,0.0,1.4122962018634906,8.281512605042018,0.8532901833872708,834.191508444994,476,0.23502159118652344
paper,100,3000000.0,11,3,exclude,launch,0,0.0,prior,0.0,cluster_patrol,12600.0,43200,827927.7320032998,0,689822.4541957201,138105.27780757967,0,2,0.49238666695595806,6,10.108254004827979,10.61880123756865,7580.990936890765,3748.9437713071516,2.0221671487613393,2.009581243353835,305.77628607956274,0.0,0.0,0.0,1.2395614275978475,6.844481605351171,0.8284789644012945,803.5918023880199,598,0.24502110481262207
paper,100,3000000.0,5,4,exclude,launch,0,0.0,prior,0.0,cluster_patrol,12600.0,43200,494636.54542137065,0,352575.0286924489,142061.51672892168,0,0,0.0,0,9.53960934092521,15.963249017237063,8052.7543083059945,2492.4766461354025,3.230824377348462,2.0106551971911815,306.42717828286396,0.0,0.0,0.0,2.3522286501768637,19.673758865248228,0.8404145077720208,1186.4234232111464,141,0.1380000114440918
core,200,3000000.0,16,12,exclude,launch,0,0.0,prior,0.0,cluster_patrol,12600.0,43200,197460.97839422358,0,193670.50974239255,3790.468651831043,0,1,0.21458788570126536,1,10.560706468639882,37.70189063732538,7241.91745481808,1055.9823110620393,6.857991255113567,2.009417657970558,305.67720246683007,0.0,0.0,0.03541912632821724,0.5271774532658423,13.115706806282722,0.9875,259.60030618958757,1910,2.026121139526367
paper,100,3000000.0,14,2,exclude,launch,0,0.0,prior,0.0,cluster_patrol,12600.0,43200,2530518.2904337137,0,2242474.6576594845,288043.63277422916,0,14,0.8945623464803004,16,9.078325717589646,15.407298733607087,8478.86425558954,2583.6987993335297,3.281676741025959,2.0096554277365737,305.8212248273772,0.0,0.0,0.22194719471947194,0.8145095393164894,4.723568281938326,0.8488499452354874,763.0942669530386,908,0.48242759704589844
paper,100,3000000.0,12,3,exclude,launch,0,0.0,prior,0.0,cluster_patrol,12600.0,43200,1710068.3474464987,0,1516165.1384844084,193903.20896209043,0,8,0.8382406747177554,9,10.108254004827979,11.322094898098653,7580.990936890765,3517.896065920367,2.1549786562291153,2.008538644249706,305.14505908351066,0.0,0.0,0.0,1.1404109889794576,6.412676056338028,0.8383620689655172,724.5503887000601,710,0.2800173759460449
paper,100,3000000.0,13,3,exclude,launch,0,0.0,prior,0.0,cluster_patrol,12600.0,43200,2128071.0053647147,0,1898611.577475593,229459.4278891218,0,10,0.883828864645344,12,10.108254004827979,11.381083929459686,7580.990936890765,3498.8474813990597,2.1667108889980558,2.009006534897906,305.4282562400036,0.0,0.0,0.0,1.0483903360638105,5.56062424969988,0.8304535637149028,712.2197951130274,833,0.29350829124450684
paper,100,3000000.0,6,4,exclude,launch,0,0.0,prior,0.0,cluster_patrol,12600.0,43200,526094.0865758758,0,366675.1581952393,159418.92838063656,0,0,0.0,0,9.53960934092521,10.737006968340607,8052.7543083059945,3704.531483621961,2.1737578271119804,2.0112842927201076,306.80877621072256,0.0,0.0037174721189591076,0.0,2.00566598802719,14.76,0.8608515057113187,1115.8315635723661,200,0.17600011825561523
paper,100,3000000.0,16,3,exclude,launch,0,0.0,prior,0.0,cluster_patrol,12600.0,43200,4089378.7542021917,0,3602384.317965863,486994.4362363291,0,21,0.9574201763528208,27,10.108254004827979,15.353003568911355,7580.990936890765,2593.8007196679378,2.9227345336928177,2.0089079142334088,305.36855382084195,0.0,0.0,0.17210492642354447,0.7455077661268886,3.8762798634812285,0.7783783783783784,720.6575171173469,1172,0.3372645378112793
paper,100,3000000.0,7,4,exclude,launch,0,0.0,prior,0.0,cluster_patrol,12600.0,43200,419018.3758115393,0,301318.73927528714,117699.63653625216,0,0,0.0,0,9.53960934092521,11.119844855397254,8052.7543083059945,3579.468521903046,2.2497066978045943,2.009891953158877,305.9645271165152,0.0,0.0,0.0,1.8691110307034011,13.525896414342629,0.8787564766839379,967.4251005289753,251,0.19575214385986328
paper,100,3000000.0,15,3,exclude,launch,0,0.0,prior,0.0,cluster_patrol,12600.0,43200,3637111.023973131,0,3189713.402256174,447397.62171695696,0,18,0.9476640154822696,21,10.108254004827979,14.339998073196867,7580.990936890765,2777.7828119359165,2.7291517912472627,2.0083648309390973,305.0398896824505,0.0,0.0,0.1274928774928775,0.8302951817792155,4.427350427350428,0.7681473456121344,702.2413825149065,1053,0.3792612552642822
paper,100,3000000.0,8,4,exclude,launch,0,0.0,prior,0.0,cluster_patrol,12600.0,43200,411803.24268640025,0,295609.3840849862,116193.85860141407,0,0,0.0,0,9.53960934092521,10.484743399501792,8052.7543083059945,3796.8397506061756,2.120909713669204,2.00960134700554,305.7884639626201,0.0,0.0,0.0,1.7201780042245152,11.282051282051283,0.8621761658031089,940.9888816413478,312,0.2187519073486328
paper,100,3000000.0,9,4,exclude,launch,0,0.0,prior,0.0,cluster_patrol,12600.0,43200,364306.33748367184,0,272810.94865184336,91495.38883182847,0,0,0.0,0,9.53960934092521,10.186911259338798,8052.7543083059945,3908.818183451609,2.060150646657901,2.0091020376942565,305.48607674361017,0.0,0.0,0.0,1.6510404219122572,10.138586956521738,0.890495867768595,886.1352497145216,368,0.22175192832946777
paper,100,3000000.0,10,4,exclude,launch,0,0.0,prior,0.0,cluster_patrol,12600.0,43200,563547.141760109,0,452928.2030151704,110618.9387449386,0,1,0.25752963609093393,2,9.53960934092521,10.150396250666493,8052.7543083059945,3922.360894811845,2.053037577178957,2.009367807322321,305.6470111376013,0.0,0.0,0.0,1.4599930763631266,8.354978354978355,0.8744813278008299,852.9556120316107,462,0.23775219917297363
paper,100,3000000.0,14,3,exclude,launch,0,0.0,prior,0.0,cluster_patrol,12600.0,43200,2445628.1025914336,0,2197322.509995394,248305.5925960397,0,12,0.9060302291918789,17,10.108254004827979,11.639247849364546,7580.990936890765,3421.4473059527772,2.21572634589492,2.008885642833111,305.3550720944339,0.0,0.0,0.0,0.9911679048266188,5.010537407797682,0.8189749182115594,689.6726002603093,949,0.464261531829834
paper,100,3000000.0,4,5,exclude,launch,0,0.0,prior,0.0,cluster_patrol,12600.0,43200,566234.9780105333,0,394370.5620190867,171864.41599144664,0,0,0.0,0,9.433790504109632,19.067970015333668,8146.821061143593,2085.043535579316,3.9072666455763243,2.0121965461875755,307.3625544342171,0.0,0.0,0.0,2.92471553772843,24.97826086956522,0.8042553191489362,1457.4193441815573,92,0.11399579048156738
paper,100,3000000.0,11,4,exclude,launch,0,0.0,prior,0.0,cluster_patrol,12600.0,43200,862241.4233298831,0,730027.5823077287,132213.8410221545,0,3,0.5696252457761953,6,9.53960934092521,10.252430956834726,8052.7543083059945,3883.2114248557223,2.073735737580961,2.009426368590094,305.6824780814954,0.0,0.0,0.0,1.328796967658076,6.946236559139785,0.878475798146241,849.5135154351924,558,0.24875211715698242
paper,100,3000000.0,5,5,exclude,launch,0,0.0,prior,0.0,cluster_patrol,12600.0,43200,449687.45564055326,0,328443.3786489865,121244.07699156675,0,0,0.0,0,9.433790504109632,16.27996317710843,8146.821061143593,2444.3191055514535,3.3329613317020734,2.010382366853635,306.2617581746259,0.0,0.0,0.0,2.527900994606182,20.0,0.8273684210526315,1250.730813531526,133,0.14299845695495605
paper,100,3000000.0,6,5,exclude,launch,0,0.0,prior,0.0,cluster_patrol,12600.0,43200,463300.2537193093,0,336123.049132501,127177.20458680828,0,0,0.0,0,9.433790504109632,10.982008097855163,8146.821061143593,3623.1647415611865,2.248537298812752,2.0105743882123948,306.3781782332566,0.0,0.0,0.0,2.1587093015807715,14.684491978609625,0.8263665594855305,1215.776817506797,187,0.15299725532531738
paper,100,3000000.0,7,5,exclude,launch,0,0.0,prior,0.0,cluster_patrol,12600.0,43200,504028.35994421976,0,350006.8591912088,154021.500753011,0,0,0.0,0,9.433790504109632,9.09200709559432,8146.821061143593,4375.205999256461,1.862042852960088,2.0110909660752725,306.6914825037083,0.0,0.006153846153846154,0.0,1.9501945721155225,11.358024691358025,0.8195329087048833,1204.261724400431,243,0.15799832344055176
paper,100,3000000.0,13,4,exclude,launch,0,0.0,prior,0.0,cluster_patrol,12600.0,43200,1965562.0029675488,0,1662130.5946921366,303431.4082754121,0,8,0.7368181362531854,8,9.53960934092521,14.17491728958466,8052.7543083059945,2808.594173700546,2.867183298929888,2.0094650772427993,305.7059226518434,0.0,0.0,0.168075117370892,0.9256852769889387,4.705513784461153,0.8314374353671148,877.2953600600744,798,0.29975128173828125
paper,100,3000000.0,12,4,exclude,launch,0,0.0,prior,0.0,cluster_patrol,12600.0,43200,1558451.5354788902,0,1364525.1613270931,193926.37415179712,0,6,0.7484263313944122,7,9.53960934092521,12.674061318132457,8052.7543083059945,3140.7342857763656,2.563971853580544,2.0097543971348717,305.88118275996237,0.0,0.0,0.09414225941422594,1.0333210084109938,5.624301675977653,0.8598130841121495,819.4814546255232,716,0.31275010108947754
paper,100,3000000.0,8,5,exclude,launch,0,0.0,prior,0.0,cluster_patrol,12600.0,43200,495469.32109352644,0,350758.39872885705,144710.92236466942,0,0,0.0,0,9.433790504109632,8.975328435654573,8146.821061143593,4432.717275614807,1.8378842038856742,2.0108033723453573,306.51703726342424,0.0,0.004878048780487805,0.0,1.7566017187076868,9.205211726384364,0.80931744312026,1169.090938607398,307,0.17099857330322266
paper,100,3000000.0,14,4,exclude,launch,0,0.0,prior,0.0,cluster_patrol,12600.0,43200,3023484.2639974114,0,2388233.4013430076,635250.862654404,0,11,0.7055354332301074,18,9.53960934092521,14.36731311354855,8052.7543083059945,2771.8655383552023,2.9051749433287517,2.0088257710934307,305.31883092667647,0.0,0.0,0.1468416735028712,0.8812287041072056,4.235487404162103,0.7228541882109617,841.3450825293015,913,0.29975080490112305
paper,100,3000000.0,15,4,exclude,launch,0,0.0,prior,0.0,cluster_patrol,12600.0,43200,4369145.026735871,0,3787980.0709192096,581164.9558166612,0,21,0.9232316239967313,27,9.53960934092521,15.090735576600103,8052.7543083059945,2638.6936988311472,3.0517957851163606,2.009049316804257,305.45415712294147,0.0,0.0,0.19692532942898974,0.7872148455078255,3.8604878048780487,0.7694704049844237,830.0116290741893,1025,0.31875085830688477
paper,100,3000000.0,9,5,exclude,launch,0,0.0,prior,0.0,cluster_patrol,12600.0,43200,633641.5999505806,0,414387.0372862717,219254.56266430888,0,0,0.0,0,9.433790504109632,8.84326070567365,8146.821061143593,4496.920021241448,1.8116446418129826,2.0116961968025433,307.05875838741906,0.0,0.0,0.0,1.5496261775729205,7.023017902813299,0.7948164146868251,1203.4935503630008,391,0.17399835586547852
paper,100,3000000.0,10,5,exclude,launch,0,0.0,prior,0.0,cluster_patrol,12600.0,43200,653511.1493674187,0,436901.19402570254,216609.9553417162,0,1,0.07768377381996475,3,9.433790504109632,8.938651062338264,8146.821061143593,4448.990404302868,1.831161751498575,2.011669048225839,307.0422789414522,0.0,0.0,0.0,1.42526643537014,6.08955223880597,0.7941810344827587,1148.570456834108,469,0.17599725723266602
paper,100,3000000.0,5,6,exclude,launch,0,0.0,prior,0.0,cluster_patrol,12600.0,43200,450928.24238498684,0,332900.35533101443,118027.88705397243,0,0,0.0,0,9.512919430600322,16.073487627193163,8076.28272445257,2475.2106235443025,3.262866863785508,2.010794582123599,306.5117061751261,0.0,0.0,0.0,2.426269235375767,19.73913043478261,0.847732181425486,1218.4047448103936,138,0.1419997215270996
paper,100,3000000.0,11,5,exclude,launch,0,0.0,prior,0.0,cluster_patrol,12600.0,43200,908642.776246952,0,716638.5455945176,192004.23065243434,0,5,0.49457160948218165,5,9.433790504109632,9.464997128381926,8146.821061143593,4204.869138237469,1.9374731515564951,2.010097002746945,306.0887864875083,0.0,0.0,0.0,1.3599618073433661,6.316666666666666,0.829924650161464,958.593900617854,540,0.23800134658813477
paper,100,3000000.0,6,6,exclude,launch,0,0.0,prior,0.0,cluster_patrol,12600.0,43200,426615.650691369,0,321887.12932106154,104728.5213703075,0,0,0.0,0,9.512919430600322,12.360903826222966,8076.28272445257,3219.4063767036164,2.508624814467181,2.0103142893716575,306.220488992567,0.0,0.0,0.0,2.124138746372738,15.465608465608465,0.8287815126050421,1136.5047692342084,189,0.1510014533996582
paper,100,3000000.0,13,5,exclude,launch,0,0.0,prior,0.0,cluster_patrol,12600.0,43200,2039981.9031972892,0,1640190.2025017142,399791.70069557487,0,10,0.7220517029945558,16,9.433790504109632,12.091471125772134,8146.821061143593,3287.0691114901692,2.478445321598453,2.0128064179338607,307.7330520624055,0.0,0.0,0.17013232514177692,0.934380864006692,3.8257575757575757,0.7548179871520343,1086.3218091999433,792,0.22700095176696777
paper,100,3000000.0,4,6,exclude,launch,0,0.0,prior,0.0,cluster_patrol,12600.0,43200,563082.4259442483,0,394777.7137944749,168304.71214977343,0,0,0.0,0,9.512919430600322,17.317748046805008,8076.28272445257,2295.1109529574014,3.518907316461432,2.0127734010281877,307.7129885490607,0.0,0.0,0.0,2.8760840888474144,24.69148936170213,0.8046462513199577,1456.871428790056,94,0.19499993324279785
paper,100,3000000.0,7,6,exclude,launch,0,0.0,prior,0.0,cluster_patrol,12600.0,43200,365661.7550732644,0,283628.3055437975,82033.44952946693,0,0,0.0,0,9.512919430600322,13.160926367659378,8076.28272445257,3025.4710278012503,2.669429867362497,2.0091415223823654,305.5099836588593,0.0,0.0,0.0,1.8874818157591917,13.694779116465863,0.8592592592592593,968.2198833400364,249,0.17951488494873047
paper,100,3000000.0,15,5,exclude,launch,0,0.0,prior,0.0,cluster_patrol,12600.0,43200,4312609.7194945,0,3681466.4346871166,631143.2848073831,0,25,0.9321152872534804,34,9.433790504109632,12.881281851723092,8146.821061143593,3087.1399418163896,2.6389542471956178,2.0117526738947555,307.0930419399561,0.0,0.0,0.2064466615502686,0.8242621280486828,2.9610655737704916,0.7031082529474812,1137.254899164367,976,0.23451542854309082
paper,100,3000000.0,14,5,exclude,launch,0,0.0,prior,0.0,cluster_patrol,12600.0,43200,3366300.7134756185,0,2803097.024426455,563203.6890491635,0,19,0.8586069515166922,22,9.433790504109632,12.095517631992484,8146.821061143593,3288.152454623635,2.4776287515768747,2.0114701069880203,306.9215331991073,0.0,0.0,0.1518987341772152,0.9071550751115097,3.6501687289088864,0.7170626349892009,1010.382756141498,889,0.2415156364440918
paper,100,3000000.0,12,5,exclude,launch,0,0.0,prior,0.0,cluster_patrol,12600.0,43200,1182229.1079486874,0,941636.1661232942,240592.94182539312,0,6,0.5579744884933184,9,9.433790504109632,9.251811482248423,8146.821061143593,4299.633454902019,1.8947710651603078,2.011091260433304,306.6916610773823,0.0,0.0,0.0,1.2679549560394652,5.09433962264151,0.799140708915145,1013.9020906033585,636,0.3365163803100586
paper,100,3000000.0,8,6,exclude,launch,0,0.0,prior,0.0,cluster_patrol,12600.0,43200,348229.41835414246,0,261118.678922441,87110.73943170144,0,0,0.0,0,9.512919430600322,12.800712223817344,8076.28272445257,3111.8272451898083,2.595350605319336,2.008354500872187,305.0336398287592,0.0,0.014925373134328358,0.0,1.7934185956476425,12.053333333333333,0.8690095846645367,923.262974654633,300,0.19351935386657715
paper,100,3000000.0,9,6,exclude,launch,0,0.0,prior,0.0,cluster_patrol,12600.0,43200,398169.9515313054,0,285439.45771558065,112730.4938157247,0,0,0.0,0,9.512919430600322,10.35344718816334,8076.28272445257,3844.7344146445544,2.10060874261954,2.0097344141945994,305.8690761626735,0.0,0.0,0.0,1.5648326243590578,9.244845360824742,0.8572949946751863,924.3907617144451,388,0.20506930351257324
paper,100,3000000.0,10,6,exclude,launch,0,0.0,prior,0.0,cluster_patrol,12600.0,43200,655165.8018905588,0,534736.3110233409,120429.49086721783,0,1,0.37236078899857844,1,9.512919430600322,10.390017342945164,8076.28272445257,3830.1143434633823,2.1086270539770853,2.0103051026827634,306.2149201520488,0.0,0.0,0.0,1.3462935471205595,7.147704590818363,0.8563714902807775,915.5995662222834,501,0.22007036209106445
paper,100,3000000.0,5,7,exclude,launch,0,0.0,prior,0.0,cluster_patrol,12600.0,43200,392600.6047102726,0,297669.55290907,94931.05180120257,0,0,0.0,0,10.437019007869559,21.445865014637807,7331.690553245741,1855.368860036009,3.951608066281466,2.0105559149246925,306.3669771567849,0.0,0.0,0.0,2.1593423791962887,20.135483870967743,0.8607594936708861,1059.0535634573898,155,0.1625533103942871
paper,100,3000000.0,11,6,exclude,launch,0,0.0,prior,0.0,cluster_patrol,12600.0,43200,712165.933461401,0,549302.7141816987,162863.2192797024,0,1,0.3507655212645074,1,9.512919430600322,10.058752531816495,8076.28272445257,3956.333558793719,2.041355362088079,2.010263389622743,306.1896349236102,0.0,0.0013245033112582781,0.0,1.309545083685803,6.104240282685512,0.8521739130434782,946.6719671373066,566,0.22806835174560547
paper,100,3000000.0,6,7,exclude,launch,0,0.0,prior,0.0,cluster_patrol,12600.0,43200,360143.09949579433,0,278108.57183210313,82034.52766369116,0,0,0.0,0,10.437019007869559,17.366198491671206,7331.690553245741,2292.354207039447,3.198323597082559,2.0095716817240894,305.7704941617618,0.0,0.0,0.0,1.9456257404814408,16.248803827751196,0.852510460251046,980.9071101543868,209,0.17055320739746094
paper,100,3000000.0,12,6,exclude,launch,0,0.0,prior,0.0,cluster_patrol,12600.0,43200,883587.1837162252,0,688992.4811687886,194594.7025474366,0,3,0.43211806198294944,3,9.512919430600322,10.380700441052646,8076.28272445257,3833.746754147083,2.106629165245775,2.0102029548762625,306.1530030122196,0.0,0.0,0.0,1.2026482128827618,5.372956909361069,0.8290322580645161,906.3916376081244,673,0.2530660629272461
paper,100,3000000.0,13,6,exclude,launch,0,0.0,prior,0.0,cluster_patrol,12600.0,43200,1782597.5359425608,0,1470495.1701051749,312102.36583738594,0,8,0.7335274046867736,15,9.512919430600322,10.938654831005463,8076.28272445257,3636.8347261980525,2.2206900594835433,2.01095569935456,306.60942781724015,0.0,0.0,0.0,1.0469835293118095,4.418967587034814,0.779826464208243,894.432014201288,833,0.25058579444885254
paper,100,3000000.0,7,7,exclude,launch,0,0.0,prior,0.0,cluster_patrol,12600.0,43200,304541.52330650407,0,239193.59148868464,65347.93181781942,0,0,0.0,0,10.437019007869559,15.901708346808807,7331.690553245741,2504.3593596756755,2.927571286812139,2.0088594653263154,305.3392262335499,0.0,0.0,0.0,1.7289233083370117,14.288321167883211,0.8821656050955414,846.1036908450744,274,0.2150716781616211
paper,100,3000000.0,14,6,exclude,launch,0,0.0,prior,0.0,cluster_patrol,12600.0,43200,3228252.5448433105,0,2740523.7519770735,487728.7928662374,0,15,0.829284644439845,22,9.512919430600322,10.69061581928494,8076.28272445257,3719.6436199510863,2.1712517514134255,2.011805226518483,307.12494492303574,0.0,0.0,0.0,0.9960043732705466,3.6423280423280424,0.7292576419213974,948.1490503786695,945,0.26958560943603516
paper,100,3000000.0,15,6,exclude,launch,0,0.0,prior,0.0,cluster_patrol,12600.0,43200,4723616.633047955,0,4131743.9797903146,591872.6532576409,0,25,0.9349966217637217,36,9.512919430600322,12.673417092118632,8076.28272445257,3137.2502335815316,2.57431894912398,2.0120885914095408,307.29699505840455,0.0,0.0,0.1276595744680851,0.8244544353155417,2.961210974456008,0.7,1048.410660523571,1057,0.26859045028686523
paper,100,3000000.0,9,7,exclude,launch,0,0.0,prior,0.0,cluster_patrol,12600.0,43200,280799.31889067224,0,223659.3558847936,57139.96300587864,0,0,0.0,0,10.437019007869559,13.92406010109796,7331.690553245741,2861.1773897445732,2.562473259968081,2.0080721521185696,304.8628391630893,0.0,0.0,0.0,1.4730237109826616,10.546341463414635,0.8723404255319149,763.598655099059,410,0.24557733535766602
paper,100,3000000.0,8,7,exclude,launch,0,0.0,prior,0.0,cluster_patrol,12600.0,43200,281070.9899917593,0,220958.38583173702,60112.6041600223,0,0,0.0,0,10.437019007869559,14.461217538146103,7331.690553245741,2754.5097733552434,2.6617043163782554,2.0083565182468,305.03486036724286,0.0,0.0,0.0,1.6257160954650203,12.481818181818182,0.8879492600422833,799.3674402225778,330,0.27957987785339355
paper,100,3000000.0,4,8,exclude,launch,0,0.0,prior,0.0,cluster_patrol,12600.0,43200,513549.0542563714,0,368733.03506016085,144816.01919621052,0,0,0.0,0,9.577086456027944,35.43184979957846,8019.937817272908,1122.5292724757223,7.144524435950832,2.0114001849037737,306.87910020701634,0.0,0.0,0.0,2.6544316938284473,23.901960784313726,0.8160919540229885,1387.7647344172979,102,0.11950993537902832
paper,100,3000000.0,10,7,exclude,launch,0,0.0,prior,0.0,cluster_patrol,12600.0,43200,373002.715066781,0,268789.1265792012,104213.58848757982,0,0,0.0,0,10.437019007869559,11.207086186110134,7331.690553245741,3551.885997788703,2.0641683201009915,2.0097325064644993,305.867920383324,0.0,0.0,0.0,1.3323693744099936,7.930555555555555,0.8616684266103485,824.2369832480694,504,0.31102728843688965
paper,100,3000000.0,5,8,exclude,launch,0,0.0,prior,0.0,cluster_patrol,12600.0,43200,517822.9902443379,0,359930.89094772,157892.09929661796,0,0,0.0,0,9.577086456027944,14.847027186268216,8019.937817272908,2679.4644738037523,2.9931122042039435,2.010955591183674,306.60936220365954,0.0,0.02577319587628866,0.0,2.3274426915468194,18.29655172413793,0.8346915017462165,1252.0758170190563,145,0.15350866317749023
paper,100,3000000.0,6,8,exclude,launch,0,0.0,prior,0.0,cluster_patrol,12600.0,43200,458352.444936237,0,327685.4447783941,130667.0001578429,0,0,0.0,0,9.577086456027944,15.390528081359516,8019.937817272908,2585.997757097048,3.1012934157668464,2.0100567612677773,306.0643982948257,0.0,0.003278688524590164,0.0,1.7702586256134598,14.149122807017545,0.851808634772462,1019.9351028158189,228,0.1605055332183838
paper,100,3000000.0,11,7,exclude,launch,0,0.0,prior,0.0,cluster_patrol,12600.0,43200,559174.696913921,0,458669.93071523303,100504.76619868806,0,2,0.3506838456288611,3,10.437019007869559,11.819939370879865,7331.690553245741,3368.571055341708,2.176498709035548,2.0092270920872535,305.5617970208682,0.0,0.0,0.0012239902080783353,1.206507695427247,7.1636661211129296,0.8486140724946695,749.526734543528,611,0.336026668548584
paper,100,3000000.0,12,7,exclude,launch,0,0.0,prior,0.0,cluster_patrol,12600.0,43200,782412.0021007753,0,664216.8863587799,118195.1157419953,0,4,0.5330973569598981,5,10.437019007869559,11.07380267630132,7331.690553245741,3594.5591023243746,2.0396633758239777,2.0097756387729295,305.8940521977834,0.0,0.0,0.0,1.1570683048092198,6.160228898426324,0.8562367864693446,764.4382505754679,699,0.27202939987182617
paper,100,3000000.0,15,7,exclude,launch,0,0.0,prior,0.0,cluster_patrol,12600.0,43200,3068760.8789484315,0,2698282.3393031266,370478.53964530496,0,17,0.8763873802699205,25,10.437019007869559,14.85339656482947,7331.690553245741,2678.3426828479783,2.7373982426511945,2.010935163535189,306.5969714615756,0.0,0.0,0.19091554293825408,0.763021531751085,3.197729422894986,0.7813504823151125,968.7576773002064,1057,0.25502681732177734
paper,100,3000000.0,13,7,exclude,launch,0,0.0,prior,0.0,cluster_patrol,12600.0,43200,1371002.5608588508,0,1203611.7036266006,167390.85723225027,0,9,0.7400008526791193,12,10.437019007869559,11.406614992048,7331.690553245741,3488.989926185377,2.1013791121093064,2.010173245618981,306.1349958493158,0.0,0.0,0.08838133068520357,1.0683262585242568,5.269230769230769,0.8331550802139037,824.9476644687528,754,0.3040287494659424
paper,100,3000000.0,14,7,exclude,launch,0,0.0,prior,0.0,cluster_patrol,12600.0,43200,2485332.975473266,0,2154468.897008801,330864.078464465,0,14,0.8498740925304157,16,10.437019007869559,15.78275634301586,7331.690553245741,2522.492822954922,2.906525832908886,2.009449960812118,305.69676701507586,0.0,0.0,0.22121710526315788,0.8119690360452103,4.225382932166302,0.8102345415778252,852.9048108100559,914,0.2820267677307129
paper,100,3000000.0,16,7,exclude,launch,0,0.0,prior,0.0,cluster_patrol,12600.0,43200,4524800.323183084,0,3937417.5159758073,587382.8072072768,0,27,0.9439121234455508,39,10.437019007869559,14.063098547280127,7331.690553245741,2828.0310389795836,2.592507102005209,2.0115220386722816,306.9530504159187,0.0,0.0,0.17110266159695817,0.7395389907370884,2.7362637362637363,0.7033084311632871,1012.9768856155785,1183,0.2615082263946533
paper,100,3000000.0,7,8,exclude,launch,0,0.0,prior,0.0,cluster_patrol,12600.0,43200,396819.7743129034,0,299970.270837627,96849.50347527636,0,0,0.0,0,9.577086456027944,15.300009126680417,8019.937817272908,2602.8427464601446,3.081222570276284,2.0088632161949063,305.34149669733887,0.0,0.0,0.0,1.6632556571046424,12.826855123674912,0.8632183908045977,921.8562258825539,283,0.20599818229675293
paper,100,3000000.0,8,8,exclude,launch,0,0.0,prior,0.0,cluster_patrol,12600.0,43200,478929.9874349759,0,330624.7600470956,148305.22738788024,0,0,0.0,0,9.577086456027944,13.407784404712473,8019.937817272908,2970.117650870613,2.7002087997834265,2.0089046143692224,305.3665562686527,0.0,0.0,0.0,1.513581792182721,10.194915254237289,0.865967365967366,908.4699236832238,354,0.1959974765777588
paper,100,3000000.0,4,9,exclude,launch,0,0.0,prior,0.0,cluster_patrol,12600.0,43200,602474.597539693,0,418581.77063819295,183892.82690150006,0,0,0.0,0,9.480667671824154,20.149069462916398,8104.8909320055,1973.7250535827197,4.1063930952760845,2.0116310897621354,307.0192385319977,0.0,0.0,0.0,2.8945050646319133,23.21276595744681,0.8207964601769911,1546.1624047279404,94,0.11099720001220703
paper,100,3000000.0,9,8,exclude,launch,0,0.0,prior,0.0,cluster_patrol,12600.0,43200,399452.683182854,0,291481.13451757986,107971.54866527412,0,0,0.0,0,9.577086456027944,12.352238896901444,8019.937817272908,3224.1608952788924,2.487449627286413,2.008757902196349,305.27775157307343,0.0,0.0,0.0,1.4331498802642992,9.568396226415095,0.88042203985932,815.8674880512011,424,0.23299813270568848
paper,100,3000000.0,5,9,exclude,launch,0,0.0,prior,0.0,cluster_patrol,12600.0,43200,691486.5974815325,0,446987.4631138605,244499.13436767197,0,0,0.0,0,9.480667671824154,13.246313446586791,8104.8909320055,3003.418820908759,2.6985550185615352,2.0108471574049114,306.543592690077,0.0,0.041025641025641026,0.0,2.300287487467537,16.131034482758622,0.7973273942093542,1419.6597127495902,145,0.12100028991699219
paper,100,3000000.0,10,8,exclude,launch,0,0.0,prior,0.0,cluster_patrol,12600.0,43200,695546.8935471284,0,542883.7004885718,152663.19305855653,0,1,0.295174572497046,1,9.577086456027944,12.725069806410742,8019.937817272908,3130.698043212764,2.5617091481114995,2.0081152383413228,304.8889001327947,0.0,0.0,0.0,1.338257126158926,8.44311377245509,0.857981220657277,777.4884599347984,501,0.24399876594543457
paper,100,3000000.0,6,9,exclude,launch,0,0.0,prior,0.0,cluster_patrol,12600.0,43200,507159.5533673069,0,352055.23448314785,155104.318884159,0,0,0.0,0,9.480667671824154,13.432952514643969,8104.8909320055,2963.489759504037,2.734914438631945,2.0096252399036114,305.8029375151276,0.0,0.0,0.0,1.977279210082655,13.702970297029703,0.8342602892102335,1185.7304483552239,202,0.16500282287597656
paper,100,3000000.0,11,8,exclude,launch,0,0.0,prior,0.0,cluster_patrol,12600.0,43200,698822.5397832183,0,537009.1311700697,161813.40861314852,0,1,0.29379097734613674,2,9.577086456027944,10.87296051881742,8019.937817272908,3661.9455746382855,2.1900756452572594,2.00923294501518,305.5653411912037,0.0,0.0,0.0,1.292075046062248,6.945804195804196,0.8875739644970414,828.7675682257278,572,0.2610011100769043
paper,100,3000000.0,7,9,exclude,launch,0,0.0,prior,0.0,cluster_patrol,12600.0,43200,564406.8484243392,0,387113.3309502395,177293.51747409967,0,0,0.0,0,9.480667671824154,12.235287017614896,8104.8909320055,3254.3923342754097,2.49044678683772,2.0091201862207266,305.4970650714462,0.0,0.0,0.0,1.8128036619490577,10.684615384615384,0.8327721661054994,1187.0636187851158,260,0.16200041770935059
paper,100,3000000.0,12,8,exclude,launch,0,0.0,prior,0.0,cluster_patrol,12600.0,43200,1070594.3838652214,0,849486.7490413403,221107.63482388118,0,3,0.5286598915033585,6,9.577086456027944,11.242202858588739,8019.937817272908,3541.109486519971,2.2648093338549975,2.0095518424137992,305.75847675632895,0.0,0.0,0.0,1.1409612139667435,5.984419263456091,0.8343125734430082,779.2383102853958,706,0.26799869537353516
paper,100,3000000.0,8,9,exclude,launch,0,0.0,prior,0.0,cluster_patrol,12600.0,43200,480660.1778902061,0,334764.1666893684,145896.01120083773,0,0,0.0,0,9.480667671824154,10.801600743665725,8104.8909320055,3685.8068434705556,2.1989461944712043,2.0094134014328153,305.67462449764963,0.0,0.0,0.0,1.6267409293986885,9.561933534743202,0.8568232662192393,1045.6992894201612,331,0.180999755859375
paper,100,3000000.0,13,8,exclude,launch,0,0.0,prior,0.0,cluster_patrol,12600.0,43200,1976720.2711808656,0,1728550.802132603,248169.46904826272,0,9,0.7799498512897426,14,9.577086456027944,16.02036997239559,8019.937817272908,2486.374375360506,3.2255552087203587,2.0084032907603286,305.063159044878,0.0,0.0,0.1603942652329749,0.8838392839950355,5.425149700598802,0.8386336866902238,722.2951863386423,835,0.3169987201690674
paper,100,3000000.0,14,8,exclude,launch,0,0.0,prior,0.0,cluster_patrol,12600.0,43200,2972815.2789058676,0,2674649.554897195,298165.72400867223,0,16,0.8885204126263727,18,9.577086456027944,16.56708577300758,8019.937817272908,2404.86254820974,3.334884076116208,2.007953296767379,304.79095453926834,0.0,0.0,0.13269088213491476,0.7977313096385934,4.856435643564357,0.839390386869871,666.9167653950589,1010,0.3399982452392578
paper,100,3000000.0,9,9,exclude,launch,0,0.0,prior,0.0,cluster_patrol,12600.0,43200,485751.1381340197,0,339081.9833939283,146669.15474009138,0,0,0.0,0,9.480667671824154,10.303026650820962,8104.8909320055,3863.537335561816,2.097790244552387,2.0097408049639283,305.8729479627605,0.0,0.0,0.0,1.4744773739331785,8.007317073170732,0.8761160714285714,994.1737043249059,410,0.19700121879577637
paper,100,3000000.0,15,8,exclude,launch,0,0.0,prior,0.0,cluster_patrol,12600.0,43200,3786619.166221277,0,3411048.408008261,375570.7582130156,0,22,0.9411221803102621,25,9.577086456027944,17.126281031691555,8019.937817272908,2325.801473781751,3.448246940970631,2.008418806407061,305.07254673463234,0.0,0.0,0.1804812834224599,0.7197282836644918,4.183600713012478,0.7950819672131147,698.4028498195538,1122,0.32900023460388184
paper,100,3000000.0,11,9,exclude,launch,0,0.0,prior,0.0,cluster_patrol,12600.0,43200,1283240.699900937,0,851281.0400671858,431959.6598337512,0,3,0.3128630972903723,7,9.480667671824154,9.954473423222762,8104.8909320055,3995.235177440079,2.028639259528811,2.011543119834907,306.965844985601,0.0,0.0,0.0,1.1986463516544759,4.807131280388979,0.7620650953984287,1105.0762438628806,617,0.19800186157226562
paper,100,3000000.0,10,9,exclude,launch,0,0.0,prior,0.0,cluster_patrol,12600.0,43200,751047.1582130233,0,460348.1132965304,290699.04491649295,0,1,0.05656865500277079,1,9.480667671824154,9.586309952928671,8104.8909320055,4152.150932222972,1.9519740646003723,2.009858061981161,305.943991604504,0.0,0.0,0.0,1.452730945572075,6.8785249457700655,0.8245810055865922,1039.3398795931848,461,0.22500157356262207
paper,100,3000000.0,5,10,exclude,launch,0,0.0,prior,0.0,cluster_patrol,12600.0,43200,504670.27121878805,0,363141.79900703096,141528.47221175712,0,0,0.0,0,10.481077449244555,14.898371049325146,7299.469724120093,2670.4301493263974,2.7334434214507906,2.010805100116089,306.51808512620926,0.0,0.0,0.0,2.3122366514198456,18.137931034482758,0.8336956521739131,1261.4379164509078,145,0.13300132751464844
paper,100,3000000.0,12,9,exclude,launch,0,0.0,prior,0.0,cluster_patrol,12600.0,43200,2049683.4805600324,0,1587473.1451276517,462210.33543238055,0,10,0.618937901111172,16,9.480667671824154,9.893713782254174,8104.8909320055,4020.995250256232,2.015643000694673,2.0109306080869978,306.594208310144,0.0,0.0,0.0,1.148962726269117,4.331428571428572,0.7269662921348314,1082.2408145049142,700,0.21200180053710938
paper,100,3000000.0,6,10,exclude,launch,0,0.0,prior,0.0,cluster_patrol,12600.0,43200,392416.02286978636,0,294123.67917676055,98292.34369302583,0,0,0.0,0,10.481077449244555,13.937865218086534,7299.469724120093,2856.223641155943,2.5556366171543634,2.009562495945542,305.76492996593765,0.0,0.0,0.0,2.0769223118993163,16.446153846153845,0.8651564185544768,1034.6274713627895,195,0.19199824333190918
paper,100,3000000.0,15,9,exclude,launch,0,0.0,prior,0.0,cluster_patrol,12600.0,43200,5722618.548087629,0,4926326.145030608,796292.4030570204,0,35,0.9464708664058287,44,9.480667671824154,11.175608330070027,8104.8909320055,3561.612951161239,2.2756237253020313,2.009889088174364,305.9627911240944,0.0,0.0,0.06433166547533953,0.8967378886127747,2.762857142857143,0.6283482142857143,1127.6314981045766,1050,0.2350008487701416
paper,100,3000000.0,13,9,exclude,launch,0,0.0,prior,0.0,cluster_patrol,12600.0,43200,3708574.6679291315,0,3186069.114368021,522505.55356111046,0,22,0.900612613844407,27,9.480667671824154,11.482275152369347,8104.8909320055,3467.4110228179507,2.3374474149934175,2.0093551844834394,305.6393665330795,0.0,0.0,0.08195211786372007,0.9933828216839904,4.047794117647059,0.7017937219730942,990.6142372202979,816,0.2717115879058838
paper,100,3000000.0,8,10,exclude,launch,0,0.0,prior,0.0,cluster_patrol,12600.0,43200,395131.7119468885,0,295024.97136533645,100106.74058155205,0,0,0.0,0,10.481077449244555,10.607792610616526,7299.469724120093,3752.2766221821253,1.9453442427373886,2.009879955553113,305.95725738838706,0.0,0.0,0.0,1.6271326983091843,10.407854984894259,0.8537117903930131,955.0729061820274,331,0.20171833038330078
paper,100,3000000.0,9,10,exclude,launch,0,0.0,prior,0.0,cluster_patrol,12600.0,43200,351132.45076619094,0,270845.4597178785,80286.99104831247,0,0,0.0,0,10.481077449244555,10.79016332905455,7299.469724120093,3689.771162379303,1.9782987624124422,2.0093821322573007,305.65568667608846,0.0,0.0,0.0,1.4948898970194522,9.401985111662531,0.8853711790393013,866.8185708222394,403,0.21371817588806152
paper,100,3000000.0,10,10,exclude,launch,0,0.0,prior,0.0,cluster_patrol,12600.0,43200,388156.95663681603,0,294972.98413535825,93183.97250145774,0,0,0.0,0,10.481077449244555,10.668394313856494,7299.469724120093,3731.7349485146615,1.956052566655489,2.00946357344381,305.7050118329839,0.0,0.0,0.0,1.3716347370097954,7.642276422764228,0.8849945235487404,875.180406510329,492,0.2187190055847168
paper,100,3000000.0,7,10,exclude,launch,0,0.0,prior,0.0,cluster_patrol,12600.0,43200,471565.7798521305,0,336262.8344593107,135302.94539281976,0,0,0.0,0,10.481077449244555,11.64119449961826,7299.469724120093,3419.169830613128,2.134866089062077,2.009887590478178,305.961883620546,0.0,0.0,0.0,1.7553716812418603,11.650557620817844,0.8469713071200851,1047.0852072953487,269,0.25371885299682617
paper,100,3000000.0,14,9,exclude,launch,0,0.0,prior,0.0,cluster_patrol,12600.0,43200,4472326.865568461,0,3860306.311959739,612020.5536087214,0,27,0.9248589567477804,30,9.480667671824154,11.153825889477268,8104.8909320055,3568.3483802945443,2.2713283761089755,2.0100130535505096,306.0379105027274,0.0,0.0,0.07218167072181671,0.9452406775914334,3.3740540540540542,0.6772366930917327,1046.1443806195252,925,0.3497180938720703
paper,100,3000000.0,4,11,exclude,launch,0,0.0,prior,0.0,cluster_patrol,12600.0,43200,570016.1006360535,0,398384.93831307354,171631.16232297992,0,0,0.0,0,9.118106410883096,15.748469190680243,8440.41818863996,2523.702136061954,3.3444589470493504,2.0128598933316333,307.7655490559302,0.0,0.0,0.0,3.04788441888887,23.95505617977528,0.7911255411255411,1596.7953126132106,89,0.10500502586364746
paper,100,3000000.0,11,10,exclude,launch,0,0.0,prior,0.0,cluster_patrol,12600.0,43200,660409.4560044402,0,547305.2039137033,113104.25209073679,0,2,0.4406684162060562,2,10.481077449244555,10.552815402750413,7299.469724120093,3771.623103932786,1.93536562985541,2.0099875081048184,306.0224299583343,0.0,0.0,0.0,1.238380319211573,6.79933110367893,0.8622174381054898,805.9331714235769,598,0.24771666526794434
paper,100,3000000.0,13,10,exclude,launch,0,0.0,prior,0.0,cluster_patrol,12600.0,43200,1973223.5397249637,0,1791612.2930933298,181611.24663163378,0,8,0.8198512413694173,10,10.481077449244555,12.761489976091204,7299.469724120093,3117.1002771868643,2.3417500481273428,2.0111192803155538,306.708659707753,0.0,0.0,0.1680830972615675,0.9334418951416257,4.706549118387909,0.8479212253829321,880.5846096263517,794,0.2547171115875244
paper,100,3000000.0,12,10,exclude,launch,0,0.0,prior,0.0,cluster_patrol,12600.0,43200,941348.4552965576,0,788497.43720118,152851.0180953776,0,3,0.5979639031280355,5,10.481077449244555,10.043568148569681,7299.469724120093,3960.809253938188,1.842923820899053,2.0110275871470606,306.65303459172225,0.0,0.0,0.0010940919037199124,1.177556861235115,5.649122807017544,0.856985698569857,844.7958292450519,684,0.26871776580810547
paper,100,3000000.0,5,11,exclude,launch,0,0.0,prior,0.0,cluster_patrol,12600.0,43200,497445.3274851927,0,356530.10708334134,140915.22040185134,0,0,0.0,0,9.118106410883096,13.208510256202178,8440.41818863996,3011.321261288498,2.80289529288829,2.0113102125624653,306.82450380994175,0.0,0.033707865168539325,0.0,2.5412143206480184,18.393939393939394,0.8021978021978022,1358.0086884445232,132,0.12399983406066895
paper,100,3000000.0,14,10,exclude,launch,0,0.0,prior,0.0,cluster_patrol,12600.0,43200,2734266.4210905246,0,2480480.081194758,253786.33989576626,0,13,0.8723794609626074,16,10.481077449244555,15.056934298540343,7299.469724120093,2642.8989630421474,2.7619178130509883,2.010355540201386,306.2454952846903,0.0,0.0,0.21746160064672596,0.7967590282174248,4.298491379310345,0.8344298245614035,825.4306389142014,928,0.28371763229370117
paper,100,3000000.0,6,11,exclude,launch,0,0.0,prior,0.0,cluster_patrol,12600.0,43200,475920.36723154475,0,332230.50166989,143689.8655616547,0,0,0.0,0,9.118106410883096,13.916125253865422,8440.41818863996,2860.4321639369773,2.9507492941286633,2.0097405960034265,305.87282136520645,0.0,0.004048582995951417,0.0,2.1824803827468093,15.076502732240437,0.8305830583058306,1190.0853385717182,183,0.14299988746643066
paper,100,3000000.0,7,11,exclude,launch,0,0.0,prior,0.0,cluster_patrol,12600.0,43200,578223.403550732,0,374641.61762174935,203581.7859289826,0,0,0.0,0,9.118106410883096,12.392485370282676,8440.41818863996,3211.9983054862228,2.627777908295713,2.0098158395616075,305.91840894885433,0.0,0.014084507042253521,0.0,1.7719779331738503,11.018867924528301,0.8032786885245902,1140.9178646093671,265,0.15799975395202637
paper,100,3000000.0,15,10,exclude,launch,0,0.0,prior,0.0,cluster_patrol,12600.0,43200,3563662.183016375,0,3158579.433423713,405082.7495926622,0,19,0.8860791286722267,27,10.481077449244555,14.264944694595572,7299.469724120093,2787.68140454306,2.6184734425620557,2.011762723232489,307.0991424368467,0.0,0.0,0.1893033075299085,0.7568538907464757,3.5332086061739942,0.7810457516339869,870.1793902229623,1069,0.2827184200286865
paper,100,3000000.0,10,11,exclude,launch,0,0.0,prior,0.0,cluster_patrol,12600.0,43200,956945.1087412245,0,814900.8907207253,142044.2180204993,0,3,0.5813894164832009,4,9.118106410883096,10.144717209555768,8440.41818863996,3924.210526157824,2.150857639359103,2.009545034536644,305.75435302727806,0.0,0.0,0.0,1.4324905529728547,7.513859275053305,0.8562019758507134,935.5546815753498,469,0.20751261711120605
paper,100,3000000.0,16,10,exclude,launch,0,0.0,prior,0.0,cluster_patrol,12600.0,43200,5134309.549253138,0,4519165.830478009,615143.7187751286,0,27,0.9566090293678216,29,10.481077449244555,15.342238488736445,7299.469724120093,2593.0906864252775,2.8149689335326817,2.010867950293518,306.5562038791854,0.0,0.0,0.15758640890451084,0.6828055969492713,3.297507788161994,0.7272727272727273,775.3568356653077,1284,0.3342306613922119
paper,100,3000000.0,4,12,exclude,launch,0,0.0,prior,0.0,cluster_patrol,12600.0,43200,624095.4864577838,0,433246.7288956566,190848.7575621273,0,0,0.0,0,8.884528408312832,17.205339718378973,8671.083820102498,2310.9377554482776,3.7521927190204543,2.01204869331785,307.27276729391025,0.0,0.0,0.0,2.837575812410407,23.760416666666668,0.811804008908686,1459.0561036174952,96,0.11151242256164551
paper,100,3000000.0,11,11,exclude,launch,0,0.0,prior,0.0,cluster_patrol,12600.0,43200,1434009.8823700573,0,1247977.1232584529,186032.75911160436,0,6,0.7238567735925865,7,9.118106410883096,9.473550893473798,8440.41818863996,4200.821247128685,2.009230503299585,2.0102172367161035,306.1616596074962,0.0,0.0,0.0,1.349382103637405,6.065573770491803,0.8373626373626374,992.4447559683928,549,0.21051311492919922
paper,100,3000000.0,5,12,exclude,launch,0,0.0,prior,0.0,cluster_patrol,12600.0,43200,472253.00051153504,0,342542.4284974163,129710.57201411872,0,0,0.0,0,8.884528408312832,15.646774013668518,8671.083820102498,2543.402413881917,3.4092457303553823,2.0102501248788496,306.18159444531943,0.0,0.0,0.0,2.417173733170573,20.166666666666668,0.864501679731243,1177.0569592499899,138,0.14251255989074707
paper,100,3000000.0,13,11,exclude,launch,0,0.0,prior,0.0,cluster_patrol,12600.0,43200,2108512.9833845287,0,1809480.7185959073,299032.2647886212,0,10,0.7449173836584404,13,9.118106410883096,11.979422867925281,8440.41818863996,3318.832708755529,2.5431888044169857,2.0121888112842035,307.3578569066786,0.0,0.0,0.1746341463414634,0.9632871779761009,3.7708333333333335,0.782560706401766,1129.0426817387365,768,0.21351194381713867
paper,100,3000000.0,8,11,exclude,launch,0,0.0,prior,0.0,cluster_patrol,12600.0,43200,461738.05303205026,0,319713.77432087815,142024.2787111721,0,0,0.0,0,9.118106410883096,11.518956238975333,8440.41818863996,3456.69798084105,2.4417574909412014,2.0091641607599158,305.5236910086795,0.0,0.002380952380952381,0.0,1.7131862548462624,9.843450479233226,0.8355408388520972,1069.724423084193,313,0.2905144691467285
paper,100,3000000.0,12,11,exclude,launch,0,0.0,prior,0.0,cluster_patrol,12600.0,43200,1901680.9113927807,0,1654764.4052600944,246916.50613268616,0,9,0.7976232765946468,9,9.118106410883096,11.165041772170227,8440.41818863996,3563.133007284395,2.3688192866739874,2.0109329969747787,306.5956573117222,0.0,0.0,0.09900990099009901,1.0883102318129285,4.778267254038179,0.8211920529801324,1003.6571686074869,681,0.23402619361877441
paper,100,3000000.0,6,12,exclude,launch,0,0.0,prior,0.0,cluster_patrol,12600.0,43200,466668.4819128685,0,351042.68365621264,115625.79825665586,0,0,0.0,0,8.884528408312832,12.37354005706412,8671.083820102498,3216.854235732222,2.695516546502388,2.009854581127816,305.94188250745094,0.0,0.0,0.0,2.06723825574382,14.810256410256411,0.8475336322869955,1149.571787543619,195,0.15302610397338867
paper,100,3000000.0,9,11,exclude,launch,0,0.0,prior,0.0,cluster_patrol,12600.0,43200,435858.37773382245,0,298859.71505514684,136998.66267867555,0,0,0.0,0,9.118106410883096,11.451201966313441,8440.41818863996,3477.1431244082114,2.4274002785192996,2.0091684290815675,305.5262754764876,0.0,0.0,0.0,1.4932484047023333,9.01980198019802,0.8331503841931943,907.8210786137583,404,0.32036900520324707
paper,100,3000000.0,14,11,exclude,launch,0,0.0,prior,0.0,cluster_patrol,12600.0,43200,2701864.144651528,0,2378442.2708019153,323421.87384961237,0,15,0.8506787291404819,22,9.118106410883096,13.543821893149156,8440.41818863996,2935.1957964865373,2.8755894917617546,2.0123878020377983,307.4787185144772,0.0,0.0,0.22502099076406382,0.8275168904463135,3.463605823068309,0.7682926829268293,1057.3947035591762,893,0.2443695068359375
ring,100,1500000.0,2,1,exclude,launch,0,0.0,prior,0.0,cluster_patrol,12600.0,43200,1164605.3062958738,0,941377.7489878082,223227.55730806562,0,0,0.0,0,4.85758743485816,3.034494265592725,7901.207071016175,6483.269874804255,1.2187071066904693,2.033197514552655,320.24913122333516,0.0,0.020833333333333332,0.0,3.740224893131747,28.36111111111111,0.8415300546448088,3228.390221803092,36,0.04834389686584473
ring,100,1500000.0,3,1,exclude,launch,0,0.0,prior,0.0,cluster_patrol,12600.0,43200,928909.6358317968,0,774392.796773704,154516.8390580928,0,0,0.0,0,4.85758743485816,2.912747079287822,7901.207071016175,6747.4116753526605,1.1709982214184687,2.0352605170082834,321.5293014228775,0.0,0.008695652173913044,0.0,2.318219764935959,14.08235294117647,0.8956043956043956,2716.2066066046955,85,0.06534314155578613
paper,100,3000000.0,7,12,exclude,launch,0,0.0,prior,0.0,cluster_patrol,12600.0,43200,436060.698731741,0,326506.68923678773,109554.0094949533,0,0,0.0,0,8.884528408312832,11.610938604918248,8671.083820102498,3429.4044804063196,2.528451767542783,2.009111073938791,305.4915478637699,0.0,0.0,0.0,1.913905264194144,12.66260162601626,0.8754171301446051,1060.9910417556011,246,0.20236921310424805
ring,100,1500000.0,5,1,exclude,launch,0,0.0,prior,0.0,cluster_patrol,12600.0,43200,2576370.7296321094,0,2060733.3992422095,515637.3303898997,0,3,0.1611184941050721,7,4.85758743485816,2.771820265719014,7901.207071016175,6900.288318112324,1.1450546276851323,2.091354658832589,357.316497406679,0.0,0.0,0.0035087719298245615,1.575005363464665,2.5774647887323945,0.5628415300546448,5954.939694808174,213,0.03999972343444824
ring,100,1500000.0,6,1,exclude,launch,0,0.0,prior,0.0,cluster_patrol,12600.0,43200,11314828.302977374,0,10661394.961288603,653433.3416887715,0,66,0.9665133389151961,92,4.85758743485816,2.89767872410256,7901.207071016175,6427.694318490148,1.2292443727896742,2.1476056825198557,395.0996407655592,0.0,0.0,0.005037783375314861,1.3522058922323084,1.0336700336700337,0.29508196721311475,10710.37515396737,297,0.03599977493286133
ring,100,1500000.0,4,1,exclude,launch,0,0.0,prior,0.0,cluster_patrol,12600.0,43200,937009.3075499863,0,802428.2019845353,134581.10556545103,0,0,0.0,0,4.85758743485816,2.8491478619866997,7901.207071016175,6872.245830863866,1.1497270711026013,2.042896274684453,326.28979192521274,0.0,0.0,0.0,1.8896582698093558,8.020979020979022,0.9180327868852459,2872.2133796531975,143,0.09199953079223633
ring,100,1500000.0,2,2,exclude,launch,0,0.0,prior,0.0,cluster_patrol,12600.0,43200,1362049.5533296312,0,1043906.5743082868,318142.97902134445,0,0,0.0,0,4.889237330012543,2.8128301967319076,7847.90175510476,6991.223653249983,1.1225362174555147,2.034057754116947,320.7826316548153,0.0,0.0425531914893617,0.0,3.8670312339527455,24.771428571428572,0.8078602620087336,3869.523534751226,35,0.043001651763916016
paper,100,3000000.0,10,12,exclude,launch,0,0.0,prior,0.0,cluster_patrol,12600.0,43200,623777.8058110443,0,487669.76640418335,136108.03940686097,0,1,0.23457329038755617,1,8.884528408312832,8.86618897854606,8671.083820102498,4488.612294044743,1.9317961213996675,2.0102075903849035,306.1558127013819,0.0,0.0,0.0,1.5306751490647605,6.899772209567198,0.8558659217877095,1092.1962040000158,439,0.18585705757141113
ring,100,1500000.0,5,2,exclude,launch,0,0.0,prior,0.0,cluster_patrol,12600.0,43200,2431416.182827726,0,1976703.7657475304,454712.4170801953,0,2,0.1549924799757147,2,4.889237330012543,2.780430294049648,7847.90175510476,6892.868523369883,1.13855381522176,2.0871227160238375,354.5507399085137,0.0,0.0,0.0035211267605633804,1.5789848377374156,2.7122641509433962,0.6409090909090909,5694.8982886334425,212,0.043000221252441406
paper,100,3000000.0,11,12,exclude,launch,0,0.0,prior,0.0,cluster_patrol,12600.0,43200,1057182.512181218,0,850804.108768218,206378.403413,0,3,0.46120685070606166,4,8.884528408312832,8.698218113280848,8671.083820102498,4571.873497335296,1.8966149927718727,2.0117105257514005,307.06745637485244,0.0,0.0,0.0,1.3615022996637838,5.333948339483395,0.8397291196388262,1136.0241145507825,542,0.1928565502166748
ring,100,1500000.0,4,2,exclude,launch,0,0.0,prior,0.0,cluster_patrol,12600.0,43200,1067939.6802920464,0,852247.8980078881,215691.78228415828,0,0,0.0,0,4.889237330012543,2.8445389412890076,7847.90175510476,6886.354155563238,1.1396308667576618,2.0420141804870915,325.73806570085543,0.0,0.0,0.0,1.9161832567909407,8.0,0.8371040723981901,2932.362938102727,140,0.062000274658203125
paper,100,3000000.0,8,12,exclude,launch,0,0.0,prior,0.0,cluster_patrol,12600.0,43200,427971.9467388442,0,316904.08772693423,111067.85901191,0,0,0.0,0,8.884528408312832,11.4691107471962,8671.083820102498,3472.653716303166,2.496961842004031,2.008624528609836,305.19703191402436,0.0,0.0,0.0,1.7288746093182585,10.919614147909968,0.8723404255319149,976.3406430276989,311,0.2188568115234375
ring,100,1500000.0,3,2,exclude,launch,0,0.0,prior,0.0,cluster_patrol,12600.0,43200,778747.2887172386,0,676443.2108260047,102304.07789123386,0,0,0.0,0,4.889237330012543,2.8528228503633537,7847.90175510476,6892.369773171687,1.1386362040023519,2.0343075820423433,320.93765228108356,0.0,0.0,0.0,2.463960861974492,16.6144578313253,0.918918918918919,2425.445679307404,83,0.0690007209777832
ring,100,1500000.0,2,3,exclude,launch,0,0.0,prior,0.0,cluster_patrol,12600.0,43200,1207944.3748291014,0,955287.0397072198,252657.33512188145,0,0,0.0,0,4.827164603858858,2.963223176491996,7953.104624059671,6648.548661474253,1.1962166525372389,2.0303400326211376,318.48017484651797,0.0,0.043478260869565216,0.0,3.919825931828229,27.558823529411764,0.8599033816425121,3461.57311768256,34,0.04599881172180176
paper,100,3000000.0,12,12,exclude,launch,0,0.0,prior,0.0,cluster_patrol,12600.0,43200,1548094.5110888653,0,1311282.43387547,236812.07721339536,0,5,0.6759563056845493,6,8.884528408312832,8.473793524158465,8671.083820102498,4690.393958360331,1.8486898748977871,2.012810028736074,307.73524629251017,0.0,0.0,0.0,1.2955179046503917,4.290529695024077,0.8425821064552661,1229.6310937868018,623,0.18985724449157715
paper,100,3000000.0,13,12,exclude,launch,0,0.0,prior,0.0,cluster_patrol,12600.0,43200,2504393.467377199,0,2111364.3954828256,393029.0718943733,0,11,0.8077757587920515,17,8.884528408312832,8.525920212248337,8671.083820102498,4658.092727282017,1.8615094906369647,2.014376254130548,308.6877554831765,0.0,0.0,0.0,1.198502800728923,3.4217032967032965,0.7923250564334086,1324.2259899142384,728,0.18285775184631348
paper,100,3000000.0,9,12,exclude,launch,0,0.0,prior,0.0,cluster_patrol,12600.0,43200,496872.2607139098,0,360069.5761738835,136802.68454002633,0,0,0.0,1,8.884528408312832,9.965632467419802,8671.083820102498,3995.7167262667103,2.170094732467206,2.0090485367333626,305.45368484512187,0.0,0.0,0.0,1.6326342363843243,9.11111111111111,0.8482142857142857,986.616175941221,369,0.2468569278717041
ring,100,1500000.0,6,2,exclude,launch,0,0.0,prior,0.0,cluster_patrol,12600.0,43200,11726751.333192218,0,10851895.234844003,874856.0983482162,0,66,0.959350284217207,84,4.889237330012543,2.906941692965738,7847.90175510476,6432.856185562359,1.219971584739959,2.1390445422566033,389.2267407733664,0.0,0.0,0.0,1.3562308930537952,1.1979865771812082,0.22171945701357465,9212.830095807683,298,0.06299996376037598
ring,100,1500000.0,6,3,exclude,launch,0,0.0,prior,0.0,cluster_patrol,12600.0,43200,10260721.87722012,0,9653528.532823747,607193.3443963738,0,66,0.9610742993448727,91,4.827164603858858,2.9053958328199303,7953.104624059671,6429.147450914108,1.237038765214334,2.1414172448231783,390.8499980339206,0.0,0.0,0.0,1.3543896325424132,1.32996632996633,0.33816425120772947,8322.118288326787,297,0.03699970245361328
paper,100,3000000.0,14,12,exclude,launch,0,0.0,prior,0.0,cluster_patrol,12600.0,43200,3959259.903231099,0,3385356.0405542594,573903.8626768395,0,20,0.8786735415521284,26,8.884528408312832,12.919854764245247,8671.083820102498,3076.2452642615726,2.8187231755670563,2.012849931637491,307.75949520542105,0.0,0.0,0.2258606213266163,0.8311693678411585,2.6387024608501117,0.7367231638418079,1389.3421655238008,894,0.192854642868042
ring,100,1500000.0,3,3,exclude,launch,0,0.0,prior,0.0,cluster_patrol,12600.0,43200,727642.6347521918,0,625509.6971433025,102132.9376088894,0,0,0.0,0,4.827164603858858,2.9093073067471686,7953.104624059671,6768.942605647675,1.1749404725967079,2.0311853800562116,319.00298641250214,0.0,0.008849557522123894,0.0,2.3956218354765757,16.67058823529412,0.9090909090909091,2351.5944874833185,85,0.06699919700622559
ring,100,1500000.0,2,4,exclude,launch,0,0.0,prior,0.0,cluster_patrol,12600.0,43200,1117695.2737969225,0,888891.6750168185,228803.598780104,0,0,0.0,0,4.803136565354838,2.980046965736318,7994.558130032741,6606.3875930725135,1.2101255061716132,2.0317619967550344,319.35984538438055,0.0,0.020833333333333332,0.0,3.733449694940363,28.38888888888889,0.8685446009389671,3224.0247972851116,36,0.04900002479553223
ring,100,1500000.0,4,3,exclude,launch,0,0.0,prior,0.0,cluster_patrol,12600.0,43200,895373.9801066802,0,738602.8798990689,156771.10020761134,0,0,0.0,0,4.827164603858858,2.9279078824491966,7953.104624059671,6701.944378796778,1.186686157709879,2.038457978914048,323.51849219107476,0.0,0.0,0.0,1.8587186386243713,8.25,0.8899521531100478,2790.873895357493,144,0.0709998607635498
ring,100,1500000.0,5,4,exclude,launch,0,0.0,prior,0.0,cluster_patrol,12600.0,43200,3094170.1886775293,0,2524484.033523275,569686.1551542544,0,6,0.30024298923210296,9,4.803136565354838,2.748796331244078,7994.558130032741,6974.357020706667,1.1462788765039023,2.0864753270454717,354.1285908835695,0.0,0.0,0.0034965034965034965,1.5777641599926062,2.4953271028037385,0.5428571428571428,6188.413993678734,214,0.0390009880065918
ring,100,1500000.0,5,3,exclude,launch,0,0.0,prior,0.0,cluster_patrol,12600.0,43200,2665914.2927768794,0,2138072.2031488,527842.089628079,0,2,0.09266218597173709,5,4.827164603858858,2.7860866595409703,7953.104624059671,6904.903885755529,1.1518052612530245,2.079254896348866,349.4373393879004,0.0,0.0,0.0,1.573851453501455,2.558139534883721,0.5797101449275363,5968.731223726958,215,0.06599998474121094
ring,100,1500000.0,6,4,exclude,launch,0,0.0,prior,0.0,cluster_patrol,12600.0,43200,10621412.98964661,0,9891460.117058318,729952.8725882921,0,66,0.9522245778143126,86,4.803136565354838,2.9108318769665753,7994.558130032741,6426.961534887206,1.2439094409755242,2.138145071130541,388.61226088162323,0.0,0.0,0.002512562814070352,1.353461545215969,1.2181208053691275,0.27403846153846156,9044.017748616256,298,0.038999319076538086
ring,100,1500000.0,3,4,exclude,launch,0,0.0,prior,0.0,cluster_patrol,12600.0,43200,787475.3675056652,0,657413.36514861,130062.00235705517,0,0,0.0,0,4.803136565354838,2.8611154818489197,7994.558130032741,6882.297902547334,1.1616117528236793,2.031379833453808,319.12330825656136,0.0,0.0,0.0,2.494929796135135,16.506172839506174,0.9095238095238095,2450.181038448586,81,0.07050275802612305
ring,100,1500000.0,4,4,exclude,launch,0,0.0,prior,0.0,cluster_patrol,12600.0,43200,1043634.8441749627,0,847187.2987290627,196447.5454459001,0,0,0.0,0,4.803136565354838,2.8169394625616806,7994.558130032741,6967.895859213572,1.1473417932131729,2.0378904132216276,323.1649529572083,0.0,0.0,0.0,1.9679967433904775,8.094202898550725,0.8490566037735849,2980.614897655894,138,0.05950736999511719
ring,100,1500000.0,6,5,exclude,launch,0,0.0,prior,0.0,cluster_patrol,12600.0,43200,10641395.120242527,0,9955297.776468894,686097.3437736315,0,66,0.9650813497377801,89,4.796428451629647,2.9380740621215535,8006.205221945124,6411.767863298939,1.2486735940289995,2.1233396116225687,378.567564912103,0.0,0.0,0.005025125628140704,1.3540837020236012,1.2818791946308725,0.3183856502242152,8606.373020763134,298,0.0375065803527832
ring,100,1500000.0,5,5,exclude,launch,0,0.0,prior,0.0,cluster_patrol,12600.0,43200,2007698.3708399693,0,1628906.6758587605,378791.6949812089,0,4,0.21506497553798826,4,4.796428451629647,2.826795267079656,8006.205221945124,6827.843036468611,1.1725819089839487,2.0724406736789116,345.03869956826327,0.0,0.0,0.0,1.5805211428771668,3.1121495327102804,0.7098214285714286,4973.547782519901,214,0.0485072135925293
ring,100,1500000.0,4,5,exclude,launch,0,0.0,prior,0.0,cluster_patrol,12600.0,43200,1051841.7878815746,0,860102.1587706953,191739.6291108793,0,0,0.0,0,4.796428451629647,2.8821668401949916,8006.205221945124,6793.747866793303,1.1784666400527033,2.0428263402524,326.2460327772642,0.0,0.0,0.0,1.834009746369308,6.993103448275862,0.8571428571428571,3204.406301117337,145,0.05550646781921387
ring,100,1500000.0,2,6,exclude,launch,0,0.0,prior,0.0,cluster_patrol,12600.0,43200,1332531.1525102393,0,1048115.875038942,284415.27747129725,0,0,0.0,0,4.911996387275881,2.720779098487001,7809.995131568775,7230.897569401873,1.080086539272441,2.0331737746370613,320.23441457933797,0.0,0.043478260869565216,0.0,3.919634112896893,24.676470588235293,0.8340807174887892,3841.068691129633,34,0.04350733757019043
ring,100,1500000.0,2,5,exclude,launch,0,0.0,prior,0.0,cluster_patrol,12600.0,43200,1140084.9394361204,0,916883.293631269,223201.64580485143,0,0,0.0,0,4.796428451629647,2.976795264106929,8006.205221945124,6616.9027287442395,1.2099626592915849,2.0307491254237173,318.7331278685274,0.0,0.043478260869565216,0.0,3.9375561137235526,27.705882352941178,0.8340807174887892,3450.581296836708,34,0.0635063648223877
ring,100,1500000.0,6,6,exclude,launch,0,0.0,prior,0.0,cluster_patrol,12600.0,43200,11726556.362666538,0,10812891.056197528,913665.306469009,0,72,0.9579575030092314,91,4.911996387275881,2.920655654093649,7809.995131568775,6411.193571673174,1.218181145875236,2.1361942665844578,387.28122342581815,0.0,0.0,0.002506265664160401,1.346592575031706,1.0536912751677852,0.23318385650224216,10507.545615241901,298,0.034506797790527344
ring,100,1500000.0,5,6,exclude,launch,0,0.0,prior,0.0,cluster_patrol,12600.0,43200,2633232.118148082,0,2093519.465167718,539712.6529803637,0,2,0.11983902340809442,5,4.911996387275881,2.7683444192558744,7809.995131568775,6924.143306142288,1.127936668300996,2.086766337881257,354.3183219455515,0.0,0.0,0.0,1.575582310727692,2.599056603773585,0.5964125560538116,5964.205200322866,212,0.04750967025756836
ring,100,1500000.0,3,5,exclude,launch,0,0.0,prior,0.0,cluster_patrol,12600.0,43200,722384.2111903633,0,616411.9289085659,105972.2822817975,0,0,0.0,0,4.796428451629647,2.881884048455253,8006.205221945124,6831.500733327004,1.171954089514681,2.031736435202323,319.3440215171993,0.0,0.008928571428571428,0.0,2.4442947301200046,16.686746987951807,0.9070796460176991,2389.8457371041236,83,0.07550597190856934
ring,100,1500000.0,4,6,exclude,launch,0,0.0,prior,0.0,cluster_patrol,12600.0,43200,1005689.3485662902,0,812383.5371630242,193305.811403266,0,0,0.0,0,4.911996387275881,2.850324917899998,7809.995131568775,6867.679587746844,1.1372101787484654,2.0434103883625534,326.61157156286845,0.0,0.0,0.0,1.8642705859662447,7.763888888888889,0.8834080717488789,2942.977625996362,144,0.06150555610656738
ring,100,1500000.0,2,7,exclude,launch,0,0.0,prior,0.0,cluster_patrol,12600.0,43200,1072873.160719362,0,842401.981463123,230471.17925623915,0,0,0.0,0,5.015469727232141,2.8619473296164206,7641.991446879142,6877.230447731482,1.1112018864221604,2.0322857743268,319.6841759632444,0.0,0.043478260869565216,0.0,3.9148568979195915,29.852941176470587,0.8421052631578947,3203.306497108373,34,0.04800534248352051
ring,100,1500000.0,6,7,exclude,launch,0,0.0,prior,0.0,cluster_patrol,12600.0,43200,10412956.247717248,0,9722327.354383042,690628.8933342055,0,66,0.9582198616481911,90,5.015469727232141,2.9130583666894205,7641.991446879142,6425.954172546022,1.18923839817104,2.136845787409188,387.7255033050052,0.0,0.0,0.0,1.3569123289228209,1.1496598639455782,0.25663716814159293,9567.633888433518,294,0.03400301933288574
ring,100,1500000.0,5,7,exclude,launch,0,0.0,prior,0.0,cluster_patrol,12600.0,43200,1978868.4233749236,0,1523869.3898946603,454999.0334802632,0,0,0.0,0,5.015469727232141,2.814364712628741,7641.991446879142,6823.131093644334,1.1200124022236018,2.0830317949967876,351.88736069218896,0.0,0.0,0.0,1.568969019924803,3.227906976744186,0.5982532751091703,4754.879722578078,215,0.04799962043762207
ring,100,1500000.0,6,8,exclude,launch,0,0.0,prior,0.0,cluster_patrol,12600.0,43200,10599363.543268554,0,9971074.530522348,628289.0127462061,0,68,0.9563983947506285,89,4.857512498705388,2.928258743008503,7901.334104096977,6403.661282739233,1.2338775827189128,2.1331539051181094,385.2113318053266,0.0,0.0,0.0,1.3502279124360879,1.2651006711409396,0.23756906077348067,8677.659389892218,298,0.03900146484375
ring,100,1500000.0,4,7,exclude,launch,0,0.0,prior,0.0,cluster_patrol,12600.0,43200,826187.3252642393,0,672251.7647661009,153935.5604981385,0,0,0.0,0,5.015469727232141,2.9077803038895973,7641.991446879142,6747.955496314949,1.1324899002449593,2.038572639814732,323.5899384515222,0.0,0.0,0.0,1.9152669904933814,9.354609929078014,0.8820960698689956,2500.176815741613,141,0.06800174713134766
ring,100,1500000.0,2,8,exclude,launch,0,0.0,prior,0.0,cluster_patrol,12600.0,43200,929680.2115294309,0,780737.9684305154,148942.24309891558,0,0,0.0,0,4.857512498705388,2.8735631922840614,7901.334104096977,6847.970363522329,1.1538213053878987,2.0327190959549273,319.9526193449887,0.0,0.02127659574468085,0.0,3.8849700776331724,33.714285714285715,0.8877005347593583,2826.447313573581,35,0.059000253677368164
ring,100,1500000.0,3,6,exclude,launch,0,0.0,prior,0.0,cluster_patrol,12600.0,43200,759938.5420582801,0,635144.2254019467,124794.31665633348,0,0,0.0,0,4.911996387275881,2.948308246523154,7809.995131568775,6675.352816841714,1.1699748831049637,2.0324172834701666,319.76563416237553,0.0,0.0,0.0,2.3981419529701697,16.764705882352942,0.9241071428571429,2352.507005307219,85,0.1045076847076416
ring,100,1500000.0,2,9,exclude,launch,0,0.0,prior,0.0,cluster_patrol,12600.0,43200,1221428.2919986858,0,999545.5666383345,221882.72536035138,0,0,0.0,0,4.806060742643757,2.7865128546270133,7989.491146408152,7065.047748028728,1.130847438170161,2.031813488631313,319.3917225964562,0.0,0.043478260869565216,0.0,3.8866574464796897,25.235294117647058,0.8636363636363636,3730.8079529212264,34,0.044001102447509766
ring,100,1500000.0,5,8,exclude,launch,0,0.0,prior,0.0,cluster_patrol,12600.0,43200,1719535.774360062,0,1409789.287397637,309746.48696242523,0,1,0.09064880366693584,3,4.857512498705388,2.833446972152959,7901.334104096977,6796.639265718078,1.162535452477363,2.077067842148116,348.02254097687984,0.0,0.0,0.0,1.5767192792187892,3.2196261682242993,0.7252747252747253,4801.604035529703,214,0.06299853324890137
ring,100,1500000.0,3,8,exclude,launch,0,0.0,prior,0.0,cluster_patrol,12600.0,43200,701995.7030761506,0,622829.9351034228,79165.7679727277,0,0,0.0,0,4.857512498705388,2.912269047950085,7901.334104096977,6750.569671492441,1.1704692327618214,2.034642317536064,321.1454175709194,0.0,0.008547008547008548,0.0,2.329900948004837,16.528735632183906,0.9239130434782609,2315.6612359298474,87,0.07900094985961914
ring,100,1500000.0,3,7,exclude,launch,0,0.0,prior,0.0,cluster_patrol,12600.0,43200,690490.1559787564,0,590669.0153215283,99821.14065722808,0,0,0.0,0,5.015469727232141,2.961574308180962,7641.991446879142,6641.426361012729,1.1506551501858164,2.033648992080378,320.52907164863444,0.0,0.0,0.0,2.3321229940026553,16.6046511627907,0.8951965065502183,2280.396808511084,86,0.0989990234375
ring,100,1500000.0,5,9,exclude,launch,0,0.0,prior,0.0,cluster_patrol,12600.0,43200,2836259.259647797,0,2423267.6958692563,412991.5637785405,0,4,0.18474784848305265,7,4.806060742643757,2.800476169540752,7989.491146408152,6873.563055793362,1.162350746120563,2.07800308899826,348.62719796693733,0.0,0.0,0.0035087719298245615,1.569691708834598,2.699530516431925,0.6214689265536724,5698.035124922508,213,0.044001102447509766
ring,100,1500000.0,6,9,exclude,launch,0,0.0,prior,0.0,cluster_patrol,12600.0,43200,10479699.430940185,0,9807786.009387888,671913.4215522973,0,67,0.9534053285342379,89,4.806060742643757,2.8894246149192515,7989.491146408152,6429.914888954794,1.2425500623861092,2.152996871705409,398.8205358487379,0.0,0.0,0.0,1.351435795597088,1.070469798657718,0.29775280898876405,10354.19715346849,298,0.03400015830993652
ring,100,1500000.0,4,8,exclude,launch,0,0.0,prior,0.0,cluster_patrol,12600.0,43200,902106.5530976899,0,769041.8471402102,133064.7059574796,0,0,0.0,0,4.857512498705388,2.9379501364789564,7901.334104096977,6662.223980246398,1.185990463173343,2.043602105278805,326.7316062427065,0.0,0.0,0.0,1.8093244315601313,7.837837837837838,0.8967391304347826,2867.4482222194238,148,0.08100128173828125
ring,100,1500000.0,3,9,exclude,launch,0,0.0,prior,0.0,cluster_patrol,12600.0,43200,750824.7887450694,0,649503.1275583537,101321.66118671575,0,0,0.0,0,4.806060742643757,2.9376501147119267,7989.491146408152,6702.8664925230205,1.1919514069570607,2.0314182683379602,319.1470932783829,0.0,0.0,0.0,2.4347368435998575,16.524390243902438,0.9213483146067416,2430.7124300484393,82,0.06599903106689453
ring,100,1500000.0,4,9,exclude,launch,0,0.0,prior,0.0,cluster_patrol,12600.0,43200,887993.3808767321,0,760732.1510964142,127261.2297803179,0,0,0.0,0,4.806060742643757,2.8645929858533914,7989.491146408152,6852.945213590474,1.165847806657454,2.037604106937268,322.9866848199256,0.0,0.0,0.0,1.9386967760575349,8.342857142857143,0.9101123595505618,2837.272052683211,140,0.06399726867675781
ring,100,1500000.0,2,10,exclude,launch,0,0.0,prior,0.0,cluster_patrol,12600.0,43200,1341201.8231353941,0,1031306.4668779246,309895.35625746945,0,0,0.0,0,4.810047486139929,2.858707380841176,7982.5928847049145,6885.713455536984,1.1592978616160539,2.03208253143234,319.55830550633584,0.0,0.043478260869565216,0.0,3.930603713440964,25.058823529411764,0.8037383177570093,3798.6051913655647,34,0.0429990291595459
ring,100,1500000.0,5,10,exclude,launch,0,0.0,prior,0.0,cluster_patrol,12600.0,43200,3376418.572561664,0,2731937.7081887964,644480.8643728674,0,7,0.32383095787994565,11,4.810047486139929,2.787253622426411,7982.5928847049145,6877.3729478883215,1.160703795648591,2.086704375801626,354.27792011592044,0.0,0.0,0.0,1.5628296913742696,2.4465116279069767,0.5211267605633803,6264.4579835912855,215,0.039999961853027344
ring,100,1500000.0,4,10,exclude,launch,0,0.0,prior,0.0,cluster_patrol,12600.0,43200,1087218.4611503829,0,874802.4654345502,212415.99571583277,0,0,0.0,0,4.810047486139929,2.8448597672524247,7982.5928847049145,6888.132139006111,1.1588907883315844,2.041256863736562,325.2647568835502,0.0,0.0,0.0,1.894545872133954,7.204225352112676,0.8294930875576036,3237.8686513283365,142,0.054001569747924805
ring,100,1500000.0,3,10,exclude,launch,0,0.0,prior,0.0,cluster_patrol,12600.0,43200,912396.2260517456,0,738848.7409521461,173547.48509959946,0,0,0.0,0,4.810047486139929,2.8930098167147245,7982.5928847049145,6800.097211997019,1.1738939364898617,2.0332695779219536,320.29380619770353,0.0,0.008849557522123894,0.0,2.381211206062328,14.494117647058824,0.8842592592592593,2691.34891597314,85,0.06299901008605957
ring,100,1500000.0,6,10,exclude,launch,0,0.0,prior,0.0,cluster_patrol,12600.0,43200,10396115.336562598,0,9564380.572327435,831734.7642351644,0,62,0.9522891529639956,89,4.810047486139929,2.916889661102652,7982.5928847049145,6404.524369998395,1.2463990178722537,2.1411796525818723,390.6872998400646,0.0,0.0,0.0,1.3544674138806911,1.1756756756756757,0.3192488262910798,9363.671422212898,296,0.04999828338623047
ring,100,1500000.0,6,11,exclude,launch,0,0.0,prior,0.0,cluster_patrol,12600.0,43200,10940067.990258753,0,10184635.425339822,755432.5649189306,0,63,0.951701560462403,93,4.8192721668644065,2.9085178999241696,7966.675177293168,6417.889994982598,1.2413231114153382,2.1428707734111905,391.8460814152477,0.0,0.0,0.002512562814070352,1.3552150445236606,1.1275167785234899,0.3076923076923077,9807.30172211199,298,0.03800010681152344
ring,100,1500000.0,5,11,exclude,launch,0,0.0,prior,0.0,cluster_patrol,12600.0,43200,2413638.5338950674,0,1914491.3970375466,499147.13685752073,0,2,0.10399490882563205,4,4.8192721668644065,2.8085671146794575,7966.675177293168,6844.300110886305,1.1639868281961587,2.0808757091777004,350.48768960711914,0.0,0.0,0.0,1.564654055234753,2.7429906542056073,0.6057692307692307,5581.451997905016,214,0.04199957847595215
ring,100,1500000.0,2,12,exclude,launch,0,0.0,prior,0.0,cluster_patrol,12600.0,43200,1213126.7823912401,0,990636.732785788,222490.04960545214,0,0,0.0,0,4.795621096983025,2.8364148102258504,8007.609203841761,6936.071504472601,1.1544876950415228,2.03318400893897,320.2407588981603,0.0,0.06382978723404255,0.0,3.874451899280165,25.62857142857143,0.8302752293577982,3701.2487618826362,35,0.04600095748901367
ring,100,1500000.0,2,11,exclude,launch,0,0.0,prior,0.0,cluster_patrol,12600.0,43200,1224411.4574353956,0,1011796.1459097164,212615.31152567908,0,0,0.0,0,4.8192721668644065,2.805473117881016,7966.675177293168,7020.813874023314,1.1347224581425661,2.030796563903135,318.7624668463529,0.0,0.06521739130434782,0.0,3.934984961516361,28.058823529411764,0.8516746411483254,3433.2226208380607,34,0.05900073051452637
ring,100,1500000.0,4,11,exclude,launch,0,0.0,prior,0.0,cluster_patrol,12600.0,43200,1128951.5386618853,0,920185.2226197749,208766.31604211032,0,0,0.0,0,4.8192721668644065,2.8766876450993157,7966.675177293168,6814.199831427295,1.1691284926148808,2.040574324170467,324.83847723684727,0.0,0.005154639175257732,0.0,1.8529971012865565,7.191780821917808,0.8413461538461539,3145.1831508589717,146,0.062001943588256836
ring,100,1500000.0,3,11,exclude,launch,0,0.0,prior,0.0,cluster_patrol,12600.0,43200,836703.1821922328,0,711264.6674780295,125438.5147142033,0,0,0.0,0,4.8192721668644065,2.8892836711745105,7966.675177293168,6819.798422695622,1.1681687175358222,2.030010433568796,318.2764479781737,0.0,0.02727272727272727,0.0,2.481413728229885,16.609756097560975,0.8952380952380953,2453.5740054866937,82,0.06999874114990234
ring,100,1500000.0,5,12,exclude,launch,0,0.0,prior,0.0,cluster_patrol,12600.0,43200,2420924.283286357,0,1991738.3036106569,429185.9796757001,0,4,0.20536784430961214,4,4.795621096983025,2.804351563851599,8007.609203841761,6854.652948372651,1.168200529502056,2.08085616993102,350.4750180233865,0.0,0.0,0.0,1.5718017009646141,2.8930232558139535,0.6350710900473934,5315.72517297882,215,0.04500150680541992
ring,100,1500000.0,6,12,exclude,launch,0,0.0,prior,0.0,cluster_patrol,12600.0,43200,10333406.02920477,0,9579319.948270954,754086.0809338148,0,63,0.9512173801100317,88,4.795621096983025,2.9103088699644206,8007.609203841761,6410.637846319519,1.2491127085644211,2.1439747448688653,392.6034650693355,0.0,0.0,0.0,1.3533359371864362,1.1342281879194631,0.3047619047619048,9748.994782178923,298,0.03599953651428223
ring,100,1500000.0,4,12,exclude,launch,0,0.0,prior,0.0,cluster_patrol,12600.0,43200,993101.5736621821,0,814145.259066833,178956.31459534916,0,0,0.0,0,4.795621096983025,2.8891833838374246,8007.609203841761,6779.00848787162,1.1812360492199179,2.042296086534171,325.9143396013343,0.0,0.0,0.0,1.8650473557125378,7.666666666666667,0.8767772511848341,2993.3727993803573,144,0.06400012969970703
ring,100,1500000.0,3,12,exclude,launch,0,0.0,prior,0.0,cluster_patrol,12600.0,43200,752689.8025387075,0,636642.5175537609,116047.28498494666,0,0,0.0,0,4.795621096983025,2.9141667268148685,8007.609203841761,6752.715034944724,1.1858354991145141,2.0326713842411825,319.9230563491801,0.0,0.018018018018018018,0.0,2.4404515274597927,16.817073170731707,0.9014084507042254,2382.164365150217,82,0.07599973678588867
ring,100,3000000.0,12,1,exclude,launch,0,0.0,prior,0.0,cluster_patrol,12600.0,43200,10154182.22696148,0,9597529.393130332,556652.8338311461,0,57,0.9623766057834883,92,9.71517486971632,6.4872908288564615,7901.207071016175,5759.141008482502,1.3719419370664263,2.1412575481564535,390.740637367224,0.0,0.0,0.11260709914320685,1.2074736143763958,0.9443535188216039,0.3770491803278688,5680.696213835274,611,0.06874966621398926
ring,100,3000000.0,4,1,exclude,launch,0,0.0,prior,0.0,cluster_patrol,12600.0,43200,416354.1445479708,0,382325.48661414447,34028.65793382635,0,0,0.0,0,9.71517486971632,6.07196357360623,7901.207071016175,6521.8380602734405,1.2115000400186113,2.0201834949694364,312.2323090224163,0.0,0.0,0.0,2.84443317471649,24.93617021276596,0.9619565217391305,1410.7410681303152,94,0.1157534122467041
ring,100,3000000.0,11,1,exclude,launch,0,0.0,prior,0.0,cluster_patrol,12600.0,43200,3962302.1881974754,0,3682659.749560015,279642.43863746064,0,21,0.8232169521288408,27,9.71517486971632,5.816423540353204,7901.207071016175,6639.694306781523,1.1899956091270938,2.0715044888596923,344.4365608939412,0.0,0.0,0.0,1.4383702264460423,2.2607003891050583,0.7049180327868853,2836.6362422577185,514,0.09275317192077637
ring,100,3000000.0,4,2,exclude,launch,0,0.0,prior,0.0,cluster_patrol,12600.0,43200,437011.53252729727,0,394143.2719754848,42868.26055181247,0,0,0.0,0,9.778474660025086,5.930012667246006,7847.90175510476,6674.705784839743,1.1757674432526595,2.021167186012452,312.83472653657674,0.0,0.0,0.0,2.839243391278963,24.680851063829788,0.9411764705882353,1406.7590967817096,94,0.10975074768066406
ring,100,3000000.0,10,1,exclude,launch,0,0.0,prior,0.0,cluster_patrol,12600.0,43200,1390148.3581183914,0,1177360.0386992104,212788.3194191811,0,3,0.30822426723868956,7,9.71517486971632,5.755650177349861,7901.207071016175,6793.4591953502295,1.1630609449195104,2.045995271763497,328.23183256547765,0.0,0.0,0.0,1.550050534074553,3.5806451612903225,0.8415300546448088,2129.59184512162,434,0.12575006484985352
ring,100,3000000.0,6,1,exclude,launch,0,0.0,prior,0.0,cluster_patrol,12600.0,43200,324308.72794539604,0,303323.98628105846,20984.741664337584,0,0,0.0,0,9.71517486971632,6.056319285041336,7901.207071016175,6546.641623851592,1.2069099738451317,2.017728167320368,310.73118676718263,0.0,0.0,0.0,2.257744476242516,16.608938547486034,0.9567567567567568,1125.603968400745,179,0.1477527618408203
ring,100,3000000.0,9,1,exclude,launch,0,0.0,prior,0.0,cluster_patrol,12600.0,43200,556276.0991930537,0,491556.51029638154,64719.588896672096,0,0,0.0,0,9.71517486971632,5.7909754794462955,7901.207071016175,6819.142681999903,1.1586804147495746,2.0258555865240604,315.71390532078703,0.0,0.0,0.0,1.730222827838479,6.151862464183381,0.9289617486338798,1530.7696480830996,349,0.13375163078308105
ring,100,3000000.0,5,1,exclude,launch,0,0.0,prior,0.0,cluster_patrol,12600.0,43200,358273.81758231996,0,330968.6789549976,27305.138627322278,0,0,0.0,0,9.71517486971632,6.163571139630074,7901.207071016175,6429.1375420091435,1.228968429962536,2.0188537416472574,311.41888406058484,0.0,0.0,0.0,2.4245118702364805,19.771428571428572,0.9619565217391305,1201.6151921412563,140,0.15375351905822754
ring,100,3000000.0,7,1,exclude,launch,0,0.0,prior,0.0,cluster_patrol,12600.0,43200,307534.284278312,0,287903.3018285005,19630.98244981148,0,0,0.0,0,9.71517486971632,6.077421921485011,7901.207071016175,6526.9827510107025,1.210545112868986,2.0167781800843527,310.1513602486946,0.0,0.0,0.0,2.120369359270315,14.139013452914797,0.9619565217391305,1058.8412818200084,223,0.16475272178649902
ring,100,3000000.0,8,1,exclude,launch,0,0.0,prior,0.0,cluster_patrol,12600.0,43200,428161.17311189533,0,383003.6837129389,45157.489398956444,0,0,0.0,0,9.71517486971632,5.906064286769365,7901.207071016175,6707.778441603794,1.1779171211157413,2.0193570163056234,311.72661800745084,0.0,0.0,0.0,1.9163300341451686,9.618705035971223,0.9565217391304348,1227.1945404254704,278,0.16775178909301758
ring,100,3000000.0,5,2,exclude,launch,0,0.0,prior,0.0,cluster_patrol,12600.0,43200,368042.58225449786,0,336687.5250923832,31355.05716211468,0,0,0.0,0,9.778474660025086,5.9138535600698106,7847.90175510476,6697.307136693616,1.1717995897346856,2.0198504002977566,312.0284516962485,0.0,0.0,0.0,2.4647360887610743,19.903703703703705,0.9547511312217195,1222.2141456990726,135,0.15275335311889648
ring,100,3000000.0,6,2,exclude,launch,0,0.0,prior,0.0,cluster_patrol,12600.0,43200,327364.53204703645,0,304665.4631913931,22699.068855643316,0,0,0.0,0,9.778474660025086,5.947224542338257,7847.90175510476,6662.653776655035,1.1778942772927299,2.0189632099893915,311.4858069935654,0.0,0.0,0.0,2.2336863192029637,16.593406593406595,0.9592760180995475,1100.7668269347682,182,0.1677541732788086
ring,100,3000000.0,12,2,exclude,launch,0,0.0,prior,0.0,cluster_patrol,12600.0,43200,10529555.378450727,0,9749120.619457368,780434.7589933586,0,62,0.9628700348949845,84,9.778474660025086,6.598266131865727,7847.90175510476,5754.722795692229,1.3637323696945762,2.106860350924264,367.5419509344553,0.0,0.0,0.11151960784313726,1.2101866330327136,1.2009803921568627,0.3167420814479638,4478.176305045371,612,0.07899928092956543
ring,100,3000000.0,11,2,exclude,launch,0,0.0,prior,0.0,cluster_patrol,12600.0,43200,4182838.5635588984,0,3793119.394615449,389719.16894344933,0,22,0.7977953119795447,30,9.778474660025086,5.741526636486967,7847.90175510476,6701.830040867407,1.1710087703282042,2.079070389385687,349.31787157469364,0.0,0.0,0.0,1.4479275439967043,2.0725490196078433,0.669683257918552,3122.193129255335,510,0.08700394630432129
ring,100,3000000.0,10,2,exclude,launch,0,0.0,prior,0.0,cluster_patrol,12600.0,43200,1048800.8044170742,0,902478.0633477177,146322.74106935627,0,1,0.15484699257235288,2,9.778474660025086,5.68586133846118,7847.90175510476,6883.6937601630425,1.140071308883863,2.0439590064866646,326.9551221673873,0.0,0.0,0.0,1.5823227811213185,3.7629107981220655,0.8687782805429864,2056.5441976449297,426,0.10900068283081055
ring,100,3000000.0,8,2,exclude,launch,0,0.0,prior,0.0,cluster_patrol,12600.0,43200,448687.92523881653,0,404796.35336883966,43891.57186997691,0,0,0.0,0,9.778474660025086,5.821274682818323,7847.90175510476,6793.308953901867,1.1552399292243534,2.0229750579156454,313.9433907352554,0.0,0.0,0.0,1.8465683086243707,8.731958762886597,0.9411764705882353,1306.8552774244906,291,0.1420001983642578
ring,100,3000000.0,7,2,exclude,launch,0,0.0,prior,0.0,cluster_patrol,12600.0,43200,308919.1559181537,0,286032.15123662323,22887.00468153045,0,0,0.0,0,9.778474660025086,5.91234446030685,7847.90175510476,6704.55909804553,1.1705321170772482,2.018180636868972,311.0075427884717,0.0,0.0,0.0,2.1110984289891785,14.28125,0.9547511312217195,1037.2264857742332,224,0.166001558303833
ring,100,3000000.0,4,3,exclude,launch,0,0.0,prior,0.0,cluster_patrol,12600.0,43200,394250.1245377734,0,357017.75153625605,37232.37300151731,0,0,0.0,0,9.654329207717716,6.175052370990831,7953.104624059671,6416.975414480034,1.2393852415443778,2.0189193310180196,311.45898093666256,0.0,0.0,0.0,2.737955586179779,25.010309278350515,0.9617224880382775,1347.79429442739,97,0.11599993705749512
ring,100,3000000.0,9,2,exclude,launch,0,0.0,prior,0.0,cluster_patrol,12600.0,43200,467481.6368198907,0,419655.2899837714,47826.346836119286,0,0,0.0,0,9.778474660025086,5.823008158924826,7847.90175510476,6777.447923915934,1.1579434977894054,2.027105719939612,316.48384797980066,0.0,0.002109704641350211,0.0,1.7096572987722134,6.593220338983051,0.9411764705882353,1417.972069768936,354,0.15800046920776367
ring,100,3000000.0,5,3,exclude,launch,0,0.0,prior,0.0,cluster_patrol,12600.0,43200,358188.05730673065,0,328186.09611338243,30001.9611933482,0,0,0.0,0,9.654329207717716,5.970500748727385,7953.104624059671,6641.188453124812,1.1975423796801874,2.0175923647555374,310.64826624262986,0.0,0.0,0.0,2.467570424441627,19.57037037037037,0.9617224880382775,1242.2328710380643,135,0.13100051879882812
ring,100,3000000.0,6,3,exclude,launch,0,0.0,prior,0.0,cluster_patrol,12600.0,43200,330816.71920478385,0,304291.18320332246,26525.536001461376,0,0,0.0,0,9.654329207717716,5.954233400066347,7953.104624059671,6660.939005490813,1.1939915104317405,2.01710578816863,310.3512552978389,0.0,0.0,0.0,2.2268401300238203,15.972222222222221,0.9481132075471698,1152.6936919010138,180,0.15003037452697754
ring,100,3000000.0,11,3,exclude,launch,0,0.0,prior,0.0,cluster_patrol,12600.0,43200,3754979.9571862076,0,3460551.9003239316,294428.05686227645,0,22,0.8091468891297973,32,9.654329207717716,5.778525329764257,7953.104624059671,6686.85138581849,1.1893646449099584,2.0703858674855367,343.7177715938295,0.0,0.0,0.0,1.4430294675742719,2.107421875,0.7019230769230769,3063.893896874917,512,0.08702373504638672
ring,100,3000000.0,12,3,exclude,launch,0,0.0,prior,0.0,cluster_patrol,12600.0,43200,9388118.74661962,0,8892325.481801601,495793.2648180177,0,61,0.9662694255850518,91,9.654329207717716,6.530720648824029,7953.104624059671,5750.35403922411,1.383063472233229,2.1302682544005926,383.2518980717288,0.0,0.0,0.10880195599022005,1.2050247666658378,1.1391162029459903,0.4375,4717.482155151892,611,0.07602667808532715
ring,100,3000000.0,8,3,exclude,launch,0,0.0,prior,0.0,cluster_patrol,12600.0,43200,464295.3770530246,0,416220.81482879195,48074.562224232635,0,0,0.0,0,9.654329207717716,5.822540445132806,7953.104624059671,6802.252995363161,1.169186831110369,2.0198759232959347,312.04406967562073,0.0,0.0,0.0,1.8937551904375154,8.246478873239436,0.9569377990430622,1418.72711009731,284,0.1330268383026123
ring,100,3000000.0,10,3,exclude,launch,0,0.0,prior,0.0,cluster_patrol,12600.0,43200,965322.8493270647,0,847191.8527327034,118130.99659436125,0,1,0.22857978248172017,5,9.654329207717716,5.655600759184872,7953.104624059671,6928.100570977576,1.1479487837367615,2.0417241203606427,325.55674288234627,0.0,0.0,0.0,1.5835282204868146,3.6556603773584904,0.9086538461538461,2131.067488852596,424,0.11002707481384277
ring,100,3000000.0,7,3,exclude,launch,0,0.0,prior,0.0,cluster_patrol,12600.0,43200,330336.91022535844,0,303260.70759721915,27076.202628139265,0,0,0.0,0,9.654329207717716,5.844181010880052,7953.104624059671,6787.496895452392,1.1717286573476349,2.016771447773025,310.14725310193626,0.0,0.0,0.0,2.1104079396949262,13.461883408071749,0.9665071770334929,1104.9742034850474,223,0.15802669525146484
ring,100,3000000.0,9,3,exclude,launch,0,0.0,prior,0.0,cluster_patrol,12600.0,43200,545791.1311747666,0,480451.5672799475,65339.56389481895,0,0,0.0,0,9.654329207717716,5.7296770301849085,7953.104624059671,6896.103679829601,1.1532750946482562,2.0246784589034323,314.989783242214,0.0,0.0,0.0,1.7371955364623357,6.046242774566474,0.9567307692307693,1570.999801120483,346,0.13802742958068848
ring,100,3000000.0,4,4,exclude,launch,0,0.0,prior,0.0,cluster_patrol,12600.0,43200,419071.2481052587,0,375846.25803386356,43224.99007139515,0,0,0.0,0,9.606273130709676,6.198104401872909,7994.558130032741,6393.245292904936,1.2504694820492657,2.0188764039205296,311.432737939809,0.0,0.0,0.0,2.8575173578835615,24.88421052631579,0.9302325581395349,1424.783190865028,95,0.10802626609802246
ring,100,3000000.0,5,4,exclude,launch,0,0.0,prior,0.0,cluster_patrol,12600.0,43200,360882.3906479591,0,330129.20987690403,30753.18077105502,0,0,0.0,0,9.606273130709676,6.016858974822947,7994.558130032741,6588.600955389067,1.21339237027152,2.0180268934841488,310.9136267570958,0.0,0.0,0.0,2.477284263621782,19.671641791044777,0.961352657004831,1241.327218909639,134,0.12802648544311523
ring,100,3000000.0,12,4,exclude,launch,0,0.0,prior,0.0,cluster_patrol,12600.0,43200,9626867.761136668,0,9016339.001870591,610528.7592660758,0,62,0.961699792802929,86,9.606273130709676,6.530026734249612,7994.558130032741,5752.898322576555,1.3896574703326605,2.129552392799182,382.76658242350743,0.0,0.0,0.11246943765281174,1.2052572997575237,1.0864600326264273,0.37142857142857144,4957.21065564254,613,0.07599878311157227
ring,100,3000000.0,6,4,exclude,launch,0,0.0,prior,0.0,cluster_patrol,12600.0,43200,388729.38382687204,0,344940.37077453587,43789.013052336144,0,0,0.0,0,9.606273130709676,5.941791552934491,7994.558130032741,6670.091724797194,1.1985679447722764,2.0185558436817677,311.23680200948326,0.0,0.0,0.0,2.182489564927093,14.929347826086957,0.9252336448598131,1215.9978457978139,184,0.14302754402160645
ring,100,3000000.0,11,4,exclude,launch,0,0.0,prior,0.0,cluster_patrol,12600.0,43200,4921422.061487392,0,4564893.048268794,356529.013218598,0,28,0.8947513282975783,38,9.606273130709676,5.796247099593613,7994.558130032741,6685.164817849277,1.1958655243154823,2.0645764846873007,339.9969275247512,0.0,0.0,0.0014619883040935672,1.4439931499045349,2.384765625,0.6904761904761905,2706.1556208780803,512,0.09800004959106445
ring,100,3000000.0,8,4,exclude,launch,0,0.0,prior,0.0,cluster_patrol,12600.0,43200,422164.89039104996,0,367801.8144674507,54363.07592359922,0,0,0.0,0,9.606273130709676,5.863593093021364,7994.558130032741,6756.777168893124,1.1831910288292646,2.0192336070531143,311.6511437239507,0.0,0.0,0.0,1.9002494496350357,9.226148409893993,0.9292452830188679,1266.023334186967,283,0.14702987670898438
ring,100,3000000.0,7,4,exclude,launch,0,0.0,prior,0.0,cluster_patrol,12600.0,43200,365617.12140675104,0,329364.0558049262,36253.06560182484,0,0,0.0,0,9.606273130709676,5.826411397182432,7994.558130032741,6803.32309495945,1.1750960550375553,2.0182164611748465,311.0294285422281,0.0,0.006578947368421052,0.0,2.0684527599918576,12.570796460176991,0.9476190476190476,1160.471420145649,226,0.16302967071533203
ring,100,3000000.0,10,4,exclude,launch,0,0.0,prior,0.0,cluster_patrol,12600.0,43200,1579272.8017173272,0,1397544.3957159254,181728.40600140195,0,6,0.5892936948148786,9,9.606273130709676,5.750921550672765,7994.558130032741,6833.900311250558,1.16983827183891,2.03555998228728,321.71534307444966,0.0,0.0,0.001763668430335097,1.5874039700554274,4.356132075471698,0.8571428571428571,1789.0110926761158,424,0.12250256538391113
ring,100,3000000.0,4,5,exclude,launch,0,0.0,prior,0.0,cluster_patrol,12600.0,43200,408078.22229308734,0,364592.74704033625,43485.47525275107,0,0,0.0,0,9.592856903259294,6.204008036409593,8006.205221945124,6386.58293319098,1.2535976289193695,2.019059322223276,311.54457066304883,0.0,0.0,0.0,2.7870163977192433,24.422680412371133,0.9553571428571429,1396.0947132612137,97,0.10951113700866699
ring,100,3000000.0,9,4,exclude,launch,0,0.0,prior,0.0,cluster_patrol,12600.0,43200,520829.014717296,0,450723.63414611225,70105.38057118375,0,0,0.0,0,9.606273130709676,5.764110358118796,7994.558130032741,6855.1511727936195,1.1662117914716663,2.0246066705468513,314.945648798731,0.0,0.0,0.0,1.740981795516335,6.382183908045977,0.9339622641509434,1496.6099156293512,348,0.15151500701904297
ring,100,3000000.0,5,5,exclude,launch,0,0.0,prior,0.0,cluster_patrol,12600.0,43200,340624.03540645004,0,315208.8466657764,25415.188740673657,0,0,0.0,0,9.592856903259294,6.096541603922773,8006.205221945124,6503.368678055523,1.2310858600037025,2.017753318013605,310.74654489831073,0.0,0.0,0.0,2.461222690390387,19.759124087591243,0.9422222222222222,1230.9186696318704,137,0.13151240348815918
ring,100,3000000.0,12,5,exclude,launch,0,0.0,prior,0.0,cluster_patrol,12600.0,43200,9911980.553186065,0,9210375.136409407,701605.4167766573,0,58,0.953826473655577,89,9.592856903259294,6.472180456115738,8006.205221945124,5749.234524165276,1.3925689043112284,2.1499548738286527,396.7188635526817,0.0,0.0,0.11124694376528117,1.2062562574997344,0.9198036006546645,0.34080717488789236,5793.523564417807,611,0.06950831413269043
ring,100,3000000.0,7,5,exclude,launch,0,0.0,prior,0.0,cluster_patrol,12600.0,43200,378542.96075447043,0,341233.2628484827,37309.69790598772,0,0,0.0,0,9.592856903259294,5.933696461124937,8006.205221945124,6684.31284349704,1.1977603995202157,2.0170092644281867,310.29235317982824,0.0,0.0033222591362126247,0.0,2.0911469455387377,12.142857142857142,0.9375,1205.1082673685692,224,0.14551258087158203
ring,100,3000000.0,6,5,exclude,launch,0,0.0,prior,0.0,cluster_patrol,12600.0,43200,315183.21495198435,0,290116.90871729207,25066.306234692238,0,0,0.0,0,9.592856903259294,6.044360142726608,8006.205221945124,6563.583273443566,1.2197918253491877,2.016501986970116,309.9828868542581,0.0,0.0,0.0,2.287422591293168,16.626436781609197,0.9466666666666667,1125.9231129815832,174,0.15851140022277832
ring,100,3000000.0,11,5,exclude,launch,0,0.0,prior,0.0,cluster_patrol,12600.0,43200,3751426.2299267277,0,3408885.152104204,342541.0778225237,0,19,0.8207393060527721,26,9.592856903259294,5.8244921635783005,8006.205221945124,6654.723749670701,1.2030860367932326,2.063962916091042,339.6051260450861,0.0,0.0,0.0,1.4454714405685312,2.299412915851272,0.6860986547085202,2803.944755955718,511,0.09551191329956055
ring,100,3000000.0,10,5,exclude,launch,0,0.0,prior,0.0,cluster_patrol,12600.0,43200,968853.9032586792,0,862607.8159069057,106246.08735177355,0,3,0.36394155256811567,4,9.592856903259294,5.736118478073997,8006.205221945124,6828.197022086815,1.1725211202968906,2.042517706768991,326.05295067806276,0.0,0.0,0.0,1.5572406074456815,3.8078703703703702,0.8968609865470852,2008.4318197517164,432,0.11651158332824707
ring,100,3000000.0,9,5,exclude,launch,0,0.0,prior,0.0,cluster_patrol,12600.0,43200,528641.1308196359,0,464678.1075193373,63963.02330029857,0,0,0.0,0,9.592856903259294,5.765715561015497,8006.205221945124,6849.891300678637,1.1688076307359692,2.0255972258513495,315.55490090219536,0.0,0.00211864406779661,0.0,1.721032087541256,5.8696883852691215,0.9375,1600.4594748211753,353,0.12751436233520508
ring,100,3000000.0,8,5,exclude,launch,0,0.0,prior,0.0,cluster_patrol,12600.0,43200,412491.6755792456,0,362968.2106746461,49523.4649045995,0,0,0.0,0,9.592856903259294,5.965836162313112,8006.205221945124,6641.989716588516,1.2053925952263145,2.0189263014108496,311.463242312038,0.0,0.0,0.0,1.8749212940438582,9.181184668989546,0.9464285714285714,1251.54880154034,287,0.1465167999267578
ring,100,3000000.0,4,6,exclude,launch,0,0.0,prior,0.0,cluster_patrol,12600.0,43200,413865.56142267206,0,369980.1819574412,43885.37946523085,0,0,0.0,0,9.823992774551762,6.148684164336708,7809.995131568775,6441.16075140575,1.2125136187393373,2.0199641586024955,312.09806545010883,0.0,0.0,0.0,2.756713840235832,24.88659793814433,0.9642857142857143,1372.3225685121356,97,0.12302160263061523
ring,100,3000000.0,5,6,exclude,launch,0,0.0,prior,0.0,cluster_patrol,12600.0,43200,370272.70567150955,0,335252.21735547396,35020.48831603564,0,0,0.0,0,9.823992774551762,6.005906385607223,7809.995131568775,6599.795704096474,1.1833692256142314,2.018277767526178,311.0668835514293,0.0,0.0,0.0,2.49498442135258,19.88888888888889,0.9598214285714286,1244.623650964636,135,0.12952232360839844
ring,100,3000000.0,6,6,exclude,launch,0,0.0,prior,0.0,cluster_patrol,12600.0,43200,388414.2295835228,0,352489.7225897082,35924.50699381465,0,0,0.0,0,9.823992774551762,5.852964854431402,7809.995131568775,6772.6722136536155,1.1531630182579824,2.018152655638371,310.99044905504024,0.0,0.0,0.0,2.2715891531730503,15.412429378531073,0.968609865470852,1202.7327623315216,177,0.13851332664489746
ring,100,3000000.0,12,6,exclude,launch,0,0.0,prior,0.0,cluster_patrol,12600.0,43200,10751468.093227927,0,9982865.906508543,768602.1867193853,0,67,0.9720443318943117,91,9.823992774551762,7.460086196768702,7809.995131568775,5067.920523908804,1.5410650373706045,2.1160033255296913,373.63902677799894,0.0,0.0,0.21258907363420426,1.0635614208145483,0.9300476947535771,0.31390134529147984,5605.0887496929,629,0.07751321792602539
ring,100,3000000.0,11,6,exclude,launch,0,0.0,prior,0.0,cluster_patrol,12600.0,43200,4510467.731907919,0,4056255.7143967957,454212.01751112397,0,22,0.7678421065047302,34,9.823992774551762,5.764590435950344,7809.995131568775,6721.413257349395,1.1619572897156847,2.064718893518429,340.08789666453254,0.0,0.0,0.0,1.4602585150772602,1.859683794466403,0.6860986547085202,3499.7316627364257,506,0.08751225471496582
ring,100,3000000.0,10,6,exclude,launch,0,0.0,prior,0.0,cluster_patrol,12600.0,43200,1274645.8795141762,0,955634.5153415324,319011.3641726437,0,0,0.0,5,9.823992774551762,5.637727505245617,7809.995131568775,6931.596968953901,1.1267237790294435,2.0471638459357053,328.96563607045726,0.0,0.0,0.0,1.5785700099795412,2.9484777517564402,0.8161434977578476,2632.824871030932,427,0.09151291847229004
ring,100,3000000.0,8,6,exclude,launch,0,0.0,prior,0.0,cluster_patrol,12600.0,43200,416858.98511578265,0,372834.63493384706,44024.35018193556,0,0,0.0,0,9.823992774551762,5.826033470129614,7809.995131568775,6800.7456828207205,1.1484027628466547,2.0191123129372768,311.57697191410995,0.0,0.0,0.0,1.9318056832734323,9.68100358422939,0.9551569506726457,1224.0795819173395,279,0.14851140975952148
ring,100,3000000.0,7,6,exclude,launch,0,0.0,prior,0.0,cluster_patrol,12600.0,43200,365288.8267324827,0,334194.9799565287,31093.846775953967,0,0,0.0,0,9.823992774551762,5.969823652262877,7809.995131568775,6639.657579684383,1.176264745258147,2.0182864389510256,311.0721815254682,0.0,0.003215434083601286,0.0,2.036109933734575,12.702586206896552,0.9598214285714286,1126.7356111185072,232,0.15950894355773926
ring,100,3000000.0,9,6,exclude,launch,0,0.0,prior,0.0,cluster_patrol,12600.0,43200,540014.2913858875,0,460978.1288792039,79036.16250668363,0,0,0.0,0,9.823992774551762,5.857903547641716,7809.995131568775,6741.292670425814,1.1585307912577925,2.025837416467491,315.70272150740885,0.0,0.0,0.0,1.7002036627223667,6.123595505617978,0.9372197309417041,1524.818985877207,356,0.13851356506347656
ring,100,3000000.0,5,7,exclude,launch,0,0.0,prior,0.0,cluster_patrol,12600.0,43200,330391.14850291575,0,300072.76148296177,30318.387019953985,0,0,0.0,0,10.030939454464281,6.071654805293235,7641.991446879142,6524.617467055134,1.171255094335566,2.0194256124249232,311.768573780379,0.0,0.0,0.0,2.3705760639742146,20.06338028169014,0.9301310043668122,1163.0958914937623,142,0.1415119171142578
ring,100,3000000.0,6,7,exclude,launch,0,0.0,prior,0.0,cluster_patrol,12600.0,43200,306964.3100073227,0,281854.64091391413,25109.669093408604,0,0,0.0,0,10.030939454464281,6.005778362227257,7641.991446879142,6600.1174422040285,1.1578568887294212,2.0182224027983104,311.03305846810946,0.0,0.0,0.0,2.2108723666192316,16.619565217391305,0.935064935064935,1084.4351763928796,184,0.15351200103759766
ring,100,3000000.0,12,7,exclude,launch,0,0.0,prior,0.0,cluster_patrol,12600.0,43200,9965968.608157057,0,9335588.392550973,630380.2156060834,0,64,0.9664694769072918,90,10.030939454464281,7.515160432798032,7641.991446879142,5062.52752580696,1.509520967130153,2.1027339810571744,364.80666989346133,0.0,0.0,0.21233689205219455,1.066441852056468,1.1933438985736926,0.2850877192982456,4384.316595802909,631,0.09999990463256836
ring,100,3000000.0,11,7,exclude,launch,0,0.0,prior,0.0,cluster_patrol,12600.0,43200,3715433.593421006,0,3316929.1677721553,398504.42564885074,0,18,0.7285185955641379,32,10.030939454464281,5.746607351153874,7641.991446879142,6713.213458084027,1.1383507309270324,2.073709925567916,345.855901278918,0.0,0.0,0.0,1.456335989516492,2.2465483234714005,0.6140350877192983,2893.156051588416,507,0.1060018539428711
ring,100,3000000.0,10,7,exclude,launch,0,0.0,prior,0.0,cluster_patrol,12600.0,43200,854028.692586996,0,682727.6347531052,171301.05783389087,0,0,0.0,0,10.030939454464281,5.784792268224589,7641.991446879142,6768.468872294137,1.1290576334273557,2.043204248515836,326.4825312364472,0.0,0.0,0.0,1.5564709898414886,4.073903002309469,0.8464912280701754,1873.1474746347135,433,0.11500167846679688
ring,100,3000000.0,7,7,exclude,launch,0,0.0,prior,0.0,cluster_patrol,12600.0,43200,289154.12491048354,0,265806.7947071249,23347.33020335869,0,0,0.0,0,10.030939454464281,5.912616532708451,7641.991446879142,6706.363737306539,1.139513415350235,2.017544714730218,310.61917394262036,0.0,0.0,0.0,2.104464050310431,14.351111111111111,0.9304347826086956,1031.6809419783108,225,0.16750836372375488
ring,100,3000000.0,9,7,exclude,launch,0,0.0,prior,0.0,cluster_patrol,12600.0,43200,464932.49927747855,0,408040.3161171207,56892.18316035792,0,0,0.0,0,10.030939454464281,5.859163569505337,7641.991446879142,6749.441314672886,1.1322405945312697,2.02295647644046,313.9319858074447,0.0,0.0,0.0,1.7558413433100926,6.930029154518951,0.9170305676855895,1387.9568011065746,343,0.13900208473205566
ring,100,3000000.0,4,8,exclude,launch,0,0.0,prior,0.0,cluster_patrol,12600.0,43200,375717.73688142747,0,349667.62137381843,26050.115507609025,0,0,0.0,0,9.715024997410776,6.169947235325606,7901.334104096977,6417.564865841267,1.2312044006213883,2.020404234016918,312.3674402398958,0.0,0.0,0.0,2.691409779524114,25.01010101010101,0.946236559139785,1322.0385104032537,99,0.11599898338317871
ring,100,3000000.0,8,7,exclude,launch,0,0.0,prior,0.0,cluster_patrol,12600.0,43200,355606.02548501664,0,317828.2332694051,37777.79221561156,0,0,0.0,0,10.030939454464281,5.9558119074743034,7641.991446879142,6646.445091228717,1.1497862905636944,2.020968721806129,312.7131392719323,0.0,0.0,0.0,1.8349576624266917,10.047457627118645,0.9217391304347826,1114.4946324405664,295,0.16199922561645508
ring,100,3000000.0,5,8,exclude,launch,0,0.0,prior,0.0,cluster_patrol,12600.0,43200,339647.4911929278,0,318496.98105770664,21150.510135221204,0,0,0.0,0,9.715024997410776,5.923723604318925,7901.334104096977,6688.269959181798,1.1813718872471437,2.019209617974805,311.63647361170445,0.0,0.0,0.0,2.4336407433602854,19.93525179856115,0.9459459459459459,1199.6762175104107,139,0.13900089263916016
ring,100,3000000.0,12,8,exclude,launch,0,0.0,prior,0.0,cluster_patrol,12600.0,43200,9014750.013436053,0,8473057.19609241,541692.817343643,0,61,0.9607013131760478,89,9.715024997410776,8.493748733838927,7901.334104096977,4426.465332388057,1.7850211197371437,2.127813257345164,381.5888230330528,0.0,0.0,0.31213872832369943,0.9313625108886846,0.8595679012345679,0.34806629834254144,5924.807449728147,648,0.08099675178527832
ring,100,3000000.0,7,8,exclude,launch,0,0.0,prior,0.0,cluster_patrol,12600.0,43200,333048.52451355895,0,308253.2220158566,24795.302497702334,0,0,0.0,0,9.715024997410776,5.944287149688289,7901.334104096977,6668.282393616293,1.184912941248726,2.0182558638345496,311.0535012700334,0.0,0.0,0.0,2.0425166721315433,13.203463203463203,0.9513513513513514,1096.3566147672566,231,0.16399717330932617
ring,100,3000000.0,6,8,exclude,launch,0,0.0,prior,0.0,cluster_patrol,12600.0,43200,311157.1322442978,0,290903.75522626535,20253.3770180325,0,0,0.0,0,9.715024997410776,5.891149488668562,7901.334104096977,6727.910148775508,1.1744113594523902,2.018411728105059,311.1487343825796,0.0,0.0,0.0,2.227542315735504,16.629834254143645,0.9615384615384616,1100.5734986436232,181,0.1719977855682373
ring,100,3000000.0,11,8,exclude,launch,0,0.0,prior,0.0,cluster_patrol,12600.0,43200,2810177.900075035,0,2593854.51747217,216323.38260286552,0,15,0.7381795493889147,23,9.715024997410776,5.793116755931894,7901.334104096977,6663.4999536598825,1.185763361453499,2.072408221357679,345.01781797066235,0.0,0.0,0.002932551319648094,1.4461869817694732,2.2966601178781927,0.7900552486187845,2819.4992985593485,509,0.10399723052978516
ring,100,3000000.0,10,8,exclude,launch,0,0.0,prior,0.0,cluster_patrol,12600.0,43200,762714.390502779,0,644236.8757638518,118477.51473892726,0,0,0.0,3,9.715024997410776,5.739806257524455,7901.334104096977,6819.5320673984515,1.1586328836065165,2.0437989782587285,326.85489210418956,0.0,0.0,0.0,1.562588269492309,3.5373831775700935,0.9171270718232044,2166.1250680784474,428,0.12099814414978027
ring,100,3000000.0,8,8,exclude,launch,0,0.0,prior,0.0,cluster_patrol,12600.0,43200,391186.14781170175,0,354739.39578394627,36446.75202775551,0,0,0.0,0,9.715024997410776,5.8723605997879345,7901.334104096977,6740.951258727492,1.1721393317993718,2.0209523969261047,312.7031390367476,0.0,0.002577319587628866,0.0,1.8587737359424854,9.7,0.9615384615384616,1175.510177750677,290,0.1625049114227295
ring,100,3000000.0,4,9,exclude,launch,0,0.0,prior,0.0,cluster_patrol,12600.0,43200,402359.4538910764,0,368398.8625020598,33960.59138901665,0,0,0.0,0,9.612121485287513,6.216412017974364,7989.491146408152,6373.892766335935,1.2534712206965715,2.019042417149892,311.5342343852083,0.0,0.0,0.0,2.8110875976291445,25.042105263157893,0.9661016949152542,1378.6423515129495,95,0.1275038719177246
ring,100,3000000.0,9,8,exclude,launch,0,0.0,prior,0.0,cluster_patrol,12600.0,43200,456384.2108038183,0,408008.038777574,48376.17202624429,0,0,0.0,0,9.715024997410776,5.814233916416024,7901.334104096977,6796.5620732924635,1.162548656054476,2.024455333295481,314.8526189752665,0.0,0.0,0.0,1.737137240692119,6.731428571428571,0.9615384615384616,1405.5066559677139,350,0.15250587463378906
ring,100,3000000.0,5,9,exclude,launch,0,0.0,prior,0.0,cluster_patrol,12600.0,43200,374063.671568797,0,343845.528523726,30218.143045071018,0,0,0.0,0,9.612121485287513,6.120259854661395,7989.491146408152,6479.797585614953,1.232984679049959,2.017245175357181,310.4363240362386,0.0,0.0,0.0,2.5247832916790727,19.398496240601503,0.9662921348314607,1285.318334160389,133,0.13750743865966797
ring,100,3000000.0,12,9,exclude,launch,0,0.0,prior,0.0,cluster_patrol,12600.0,43200,8890011.508933682,0,8309775.421568428,580236.0873652538,0,55,0.9284328139762296,89,9.612121485287513,6.454899126048216,7989.491146408152,5755.958888940963,1.3880382574932073,2.15319242795798,398.9558327698863,0.0,0.0,0.1100244498777506,1.205712217290785,0.940983606557377,0.39325842696629215,5750.874663613275,610,0.06850671768188477
ring,100,3000000.0,6,9,exclude,launch,0,0.0,prior,0.0,cluster_patrol,12600.0,43200,332972.6310130104,0,308494.2560693711,24478.374943639246,0,0,0.0,0,9.612121485287513,5.932100426973777,7989.491146408152,6687.659704977112,1.1946617350255109,2.016542251070727,310.0074444635823,0.0,0.0,0.0,2.339978500420622,16.61849710982659,0.9719101123595506,1156.5239186979754,173,0.15750765800476074
ring,100,3000000.0,7,9,exclude,launch,0,0.0,prior,0.0,cluster_patrol,12600.0,43200,382606.19122655084,0,347502.63024746644,35103.56097908444,0,0,0.0,0,9.612121485287513,5.890468179942433,7989.491146408152,6731.225680371832,1.1869296211097788,2.0176508798969226,310.68399400649423,0.0,0.0,0.0,2.0741437756278813,12.403508771929825,0.9662921348314607,1173.8561734177617,228,0.16550612449645996
ring,100,3000000.0,11,9,exclude,launch,0,0.0,prior,0.0,cluster_patrol,12600.0,43200,3789392.045851149,0,3530793.195867481,258598.84998366772,0,21,0.8374826621651896,31,9.612121485287513,5.803578312666569,7989.491146408152,6679.997285831237,1.196032094706752,2.0635635680275994,339.35023897067947,0.0,0.0,0.001466275659824047,1.450780812199098,2.2974559686888454,0.7640449438202247,2815.515577781441,511,0.09550619125366211
ring,100,3000000.0,8,9,exclude,launch,0,0.0,prior,0.0,cluster_patrol,12600.0,43200,405006.16637732764,0,365083.273206242,39922.89317108568,0,0,0.0,0,9.612121485287513,5.873173163691186,7989.491146408152,6743.05500088768,1.1848473941494453,2.020042371942556,312.14593216745874,0.0,0.0,0.0,1.8717481614115994,9.333333333333334,0.9606741573033708,1235.481807226728,288,0.1475052833557129
ring,100,3000000.0,10,9,exclude,launch,0,0.0,prior,0.0,cluster_patrol,12600.0,43200,1002077.7682517187,0,851803.3651329424,150274.40311877627,0,2,0.1927251625140597,7,9.612121485287513,5.64967525349715,7989.491146408152,6935.67032368719,1.1519421733645383,2.0416348036449667,325.50091924934645,0.0,0.0,0.0,1.5911869050611438,3.9406175771971497,0.9157303370786517,1982.741401581517,421,0.11850810050964355
ring,100,3000000.0,9,9,exclude,launch,0,0.0,prior,0.0,cluster_patrol,12600.0,43200,522675.8364168327,0,454941.70265216,67734.13376467268,0,0,0.0,0,9.612121485287513,5.729451971398949,7989.491146408152,6893.695014383197,1.1589562824782147,2.0254654432741406,315.473812604829,0.0,0.0,0.0,1.7377666100772733,6.829971181556196,0.96045197740113,1385.297111468652,347,0.14450716972351074
ring,100,3000000.0,4,10,exclude,launch,0,0.0,prior,0.0,cluster_patrol,12600.0,43200,439089.88595512183,0,390379.77537931834,48710.110575803505,0,0,0.0,0,9.620094972279858,6.1424912119700075,7982.5928847049145,6451.330434781328,1.2373560718062164,2.018813295809994,311.3941595157669,0.0,0.0,0.0,2.944399679641422,24.849462365591396,0.908675799086758,1456.5500525387843,93,0.10850882530212402
ring,100,3000000.0,5,10,exclude,launch,0,0.0,prior,0.0,cluster_patrol,12600.0,43200,381240.7770488926,0,343621.4990426741,37619.27800621845,0,0,0.0,0,9.620094972279858,6.027698321660043,7982.5928847049145,6578.623952339903,1.2134137689790954,2.0174529574747755,310.5631562022502,0.0,0.0,0.0,2.57708262472502,19.775193798449614,0.9223744292237442,1308.4423300273575,129,0.12600421905517578
ring,100,3000000.0,7,10,exclude,launch,0,0.0,prior,0.0,cluster_patrol,12600.0,43200,469080.9394677544,0,411292.04969691386,57788.889770840506,0,0,0.0,0,9.620094972279858,5.920504221050019,7982.5928847049145,6694.735865107877,1.192368608044596,2.018356348093477,311.1148955106848,0.0,0.0,0.0,2.0492935370149965,10.753246753246753,0.9170506912442397,1337.2967580021161,231,0.13399934768676758
ring,100,3000000.0,12,10,exclude,launch,0,0.0,prior,0.0,cluster_patrol,12600.0,43200,9062751.628914181,0,8355868.469987842,706883.1589263391,0,54,0.9532424402911052,89,9.620094972279858,7.377956487589051,7982.5928847049145,5075.074116965536,1.5729017351726537,2.1365423626308164,387.5185626163313,0.0,0.0,0.2132701421800948,1.067617841111654,0.9698412698412698,0.4460093896713615,5346.334967568452,630,0.07200098037719727
ring,100,3000000.0,6,10,exclude,launch,0,0.0,prior,0.0,cluster_patrol,12600.0,43200,350800.75412089773,0,319967.909809745,30832.84431115275,0,0,0.0,0,9.620094972279858,6.0112367577515355,7982.5928847049145,6600.945718776175,1.2093104874349578,2.016136778703205,309.7601859099978,0.0,0.0,0.0,2.3788613612814027,16.402366863905325,0.91324200913242,1203.4665847522492,169,0.13900136947631836
ring,100,3000000.0,10,10,exclude,launch,0,0.0,prior,0.0,cluster_patrol,12600.0,43200,1414505.078301951,0,1162397.4094122157,252107.66888973548,0,3,0.3257169682123921,11,9.620094972279858,5.704286775090496,7982.5928847049145,6862.672606430416,1.1631901071930955,2.043597465064855,326.7287007269374,0.0,0.0,0.0,1.5700757752338101,3.4192037470725993,0.8093023255813954,2265.2983603411917,427,0.10100197792053223
ring,100,3000000.0,11,10,exclude,launch,0,0.0,prior,0.0,cluster_patrol,12600.0,43200,4466154.5342985615,0,4022321.5621713307,443832.9721272311,0,27,0.8535344877519906,41,9.620094972279858,5.829929029101743,7982.5928847049145,6666.285067225667,1.1974574750712033,2.0584619226766083,336.10249252687856,0.0,0.0,0.0,1.4514400248851913,2.088235294117647,0.6511627906976745,3101.0559981929023,510,0.08900022506713867
ring,100,3000000.0,8,10,exclude,launch,0,0.0,prior,0.0,cluster_patrol,12600.0,43200,467052.11221293034,0,408291.285617992,58760.826594938335,0,0,0.0,0,9.620094972279858,5.814859850362175,7982.5928847049145,6806.192811988434,1.1728426016148659,2.0213731243515727,312.960917744308,0.0,0.0,0.0,1.861284410880867,8.706896551724139,0.9170506912442397,1314.6163886856464,290,0.14099526405334473
ring,100,3000000.0,9,10,exclude,launch,0,0.0,prior,0.0,cluster_patrol,12600.0,43200,602433.6263046544,0,517530.8884856223,84902.73781903205,0,0,0.0,0,9.620094972279858,5.8121892615612,7982.5928847049145,6799.044157890063,1.1740757523160639,2.0244281958827433,314.83593855587185,0.0,0.0,0.0,1.7368646811336872,6.507163323782235,0.9120370370370371,1462.118264880137,349,0.13699984550476074
ring,100,3000000.0,4,11,exclude,launch,0,0.0,prior,0.0,cluster_patrol,12600.0,43200,435670.2166982625,0,395485.9198248059,40184.2968734566,0,0,0.0,0,9.638544333728813,6.249482878176716,7966.675177293168,6342.552969882987,1.2560675827418664,2.0182817887233258,311.06934037367273,0.0,0.0,0.0,2.7997176793766823,25.0,0.9665071770334929,1377.244870923045,97,0.11299920082092285
ring,100,3000000.0,11,11,exclude,launch,0,0.0,prior,0.0,cluster_patrol,12600.0,43200,3511493.2275810037,0,3152402.6193791856,359090.6082018176,0,16,0.6983940708292323,35,9.638544333728813,5.732380237809224,7966.675177293168,6702.290534566908,1.1886496319736106,2.0822446117611517,351.3760199058138,0.0,0.0,0.00291970802919708,1.4431285692311469,1.820662768031189,0.6778846153846154,3539.8070482339513,513,0.07999992370605469
ring,100,3000000.0,12,11,exclude,launch,0,0.0,prior,0.0,cluster_patrol,12600.0,43200,10072004.380568305,0,9450539.975841688,621464.4047266174,0,59,0.9698452859977815,93,9.638544333728813,5.843987474270539,7966.675177293168,6435.733981134791,1.237881366856688,2.127074132755474,381.08883021795117,0.0,0.0,0.0,1.3501240362034386,1.2144053601340032,0.36538461538461536,4542.887857908487,597,0.07899665832519531
ring,100,3000000.0,5,11,exclude,launch,0,0.0,prior,0.0,cluster_patrol,12600.0,43200,387932.83378910745,0,358176.29236365395,29756.541425453514,0,0,0.0,0,9.638544333728813,6.11167207379369,7966.675177293168,6489.232477252781,1.2276760318295552,2.017142640762807,310.3737454973809,0.0,0.0,0.0,2.4572658645915335,19.53676470588235,0.9521531100478469,1253.7858786717195,136,0.1399996280670166
ring,100,3000000.0,6,11,exclude,launch,0,0.0,prior,0.0,cluster_patrol,12600.0,43200,355987.37622211536,0,327129.6605524694,28857.715669646044,0,0,0.0,0,9.638544333728813,6.048572510377938,7966.675177293168,6560.624611013243,1.214316570394777,2.0160064017039248,309.680702491007,0.0,0.0,0.0,2.283026344132949,16.426136363636363,0.937799043062201,1142.9620265538338,176,0.15300273895263672
ring,100,3000000.0,10,11,exclude,launch,0,0.0,prior,0.0,cluster_patrol,12600.0,43200,1290283.545096644,0,1072457.9808519639,217825.56424468014,0,2,0.19510258023846924,4,9.638544333728813,5.807317484620483,7966.675177293168,6769.320619328257,1.176879575558312,2.0350230524114425,321.38181570693,0.0,0.0,0.0,1.5769438321809175,3.7663551401869158,0.8413461538461539,2054.3115076845734,428,0.11200070381164551
ring,100,3000000.0,7,11,exclude,launch,0,0.0,prior,0.0,cluster_patrol,12600.0,43200,365172.1373255668,0,327751.27562810696,37420.86169745983,0,0,0.0,0,9.638544333728813,6.008349976891608,7966.675177293168,6605.411145674102,1.2060831644841004,2.0157418399258757,309.51944561280106,0.0,0.0,0.0,2.1153818535092146,13.47085201793722,0.9615384615384616,1103.0280948932952,223,0.15999889373779297
ring,100,3000000.0,8,11,exclude,launch,0,0.0,prior,0.0,cluster_patrol,12600.0,43200,445535.83302663383,0,392789.5404640107,52746.292562623225,0,0,0.0,0,9.638544333728813,5.875963087582049,7966.675177293168,6747.0673496523805,1.1807611758468106,2.017882540860712,310.8254600967177,0.0,0.0,0.0,1.9264554952891455,9.67383512544803,0.9230769230769231,1229.1025792696403,279,0.15199708938598633
ring,100,3000000.0,4,12,exclude,launch,0,0.0,prior,0.0,cluster_patrol,12600.0,43200,409788.0798810878,0,372417.33449619845,37370.74538488938,0,0,0.0,0,9.59124219396605,6.05477851589877,8007.609203841761,6540.730941790048,1.224268246944624,2.020065452318943,312.160058104395,0.0,0.0,0.0,2.839119803863797,24.90625,0.9308755760368663,1405.3304528641402,96,0.13100433349609375
ring,100,3000000.0,9,11,exclude,launch,0,0.0,prior,0.0,cluster_patrol,12600.0,43200,578157.1029402779,0,505659.5027359709,72497.600204307,0,0,0.0,0,9.638544333728813,5.802149507306418,7966.675177293168,6815.286497190933,1.1689420805092794,2.0230981571551307,314.01895175226724,0.0,0.0,0.0,1.7381856110056195,6.734104046242774,0.9278846153846154,1420.855816722752,346,0.14400029182434082
ring,100,3000000.0,5,12,exclude,launch,0,0.0,prior,0.0,cluster_patrol,12600.0,43200,356397.09360788466,0,325951.48356339295,30445.610044491692,0,0,0.0,0,9.59124219396605,6.001219470334826,8007.609203841761,6603.444160135738,1.2126413140861874,2.0187380443678506,311.34816091273,0.0,0.0,0.0,2.4808486513214385,19.978102189781023,0.9439252336448598,1222.351131154155,137,0.13300061225891113
ring,100,3000000.0,12,12,exclude,launch,0,0.0,prior,0.0,cluster_patrol,12600.0,43200,9694854.655914763,0,9026984.815589434,667869.8403253278,0,60,0.9611862215288451,88,9.59124219396605,8.432676435960962,8007.609203841761,4435.855853093698,1.805200499979506,2.1386864869569733,388.9820746735239,0.0,0.0,0.3125,0.9325927521063808,0.865533230293663,0.36666666666666664,5876.136744724866,647,0.06899857521057129
ring,100,3000000.0,6,12,exclude,launch,0,0.0,prior,0.0,cluster_patrol,12600.0,43200,327826.2114471947,0,301757.11615513236,26069.09529206234,0,0,0.0,0,9.59124219396605,5.793641288131032,8007.609203841761,6840.680153809021,1.1705866995379066,2.0185480862283107,311.2320611878065,0.0,0.0,0.0,2.277950991001251,16.548022598870055,0.9436619718309859,1129.3931753822023,177,0.14400124549865723
ring,100,3000000.0,10,12,exclude,launch,0,0.0,prior,0.0,cluster_patrol,12600.0,43200,1112526.725139913,0,931846.7606830684,180679.9644568445,0,2,0.2021418342678543,4,9.59124219396605,5.695631686208353,8007.609203841761,6888.294082417331,1.1624952576112466,2.0390900682644375,323.91245098973815,0.0,0.0,0.0017761989342806395,1.5993607307557982,4.119047619047619,0.8388625592417062,1915.4786113800903,420,0.11546063423156738
ring,100,3000000.0,11,12,exclude,launch,0,0.0,prior,0.0,cluster_patrol,12600.0,43200,3365496.4607121767,0,3085631.897363395,279864.5633487818,0,19,0.8164530024796034,30,9.59124219396605,5.7618468250637145,8007.609203841761,6704.940936276647,1.1942848236763894,2.070776948339258,343.96898192842036,0.0,0.0,0.0,1.4531751167338325,2.3656126482213438,0.7298578199052133,2754.399498700065,506,0.10545754432678223
ring,100,3000000.0,7,12,exclude,launch,0,0.0,prior,0.0,cluster_patrol,12600.0,43200,335944.9424463546,0,307653.7979372532,28291.144509101374,0,0,0.0,0,9.59124219396605,5.724214203680356,8007.609203841761,6924.054235255161,1.1564914039912442,2.018429798037462,311.15977605918783,0.0,0.0,0.0,2.1313980150261127,13.545045045045045,0.9439252336448598,1108.3723999167526,222,0.17046117782592773
ring,100,3000000.0,9,12,exclude,launch,0,0.0,prior,0.0,cluster_patrol,12600.0,43200,488829.5575012953,0,417016.0099619295,71813.54753936578,0,0,0.0,0,9.59124219396605,5.75668769547319,8007.609203841761,6859.136383591907,1.1674369419154829,2.026039365981909,315.82703416336744,0.0,0.0,0.0,1.7337691599780034,7.074712643678161,0.9383886255924171,1343.397391103635,348,0.14646100997924805
core,100,1500000.0,2,1,exclude,launch,0,0.0,prior,0.0,cluster_patrol,12600.0,43200,398590.0016314594,0,367001.6980065948,31588.303624864646,0,0,0.0,0,5.478029860560422,28.15920855637827,6968.561876837692,702.3992825395084,9.921083420875684,2.0223461272055108,313.55748114363206,0.0,0.0,0.0,2.666093738265295,48.53846153846154,0.9408602150537635,1328.1508420618313,52,0.1174628734588623
ring,100,3000000.0,8,12,exclude,launch,0,0.0,prior,0.0,cluster_patrol,12600.0,43200,400231.930379273,0,359525.7023601942,40706.228019078895,0,0,0.0,0,9.59124219396605,5.807422154700435,8007.609203841761,6816.1870093791695,1.1747930614026842,2.0209943189312707,312.72881978697865,0.0,0.0,0.0,1.887446111269267,9.50530035335689,0.9345794392523364,1237.746821947737,283,0.16546106338500977
core,100,1500000.0,3,1,exclude,launch,0,0.0,prior,0.0,cluster_patrol,12600.0,43200,316171.77771941264,0,292283.9282261863,23887.849493226306,0,0,0.0,0,5.478029860560422,6.171017823891232,6968.561876837692,3205.9742446334035,2.1736175480831204,2.02182313365778,313.23675494346156,0.0,0.0,0.0,1.8758379712656932,28.577981651376145,0.9726775956284153,1067.3115370604555,109,0.1454610824584961
core,100,1500000.0,3,2,exclude,launch,0,0.0,prior,0.0,cluster_patrol,12600.0,43200,321501.5399347748,0,297317.1943533697,24184.345581405047,0,0,0.0,0,6.024642709207431,6.391376172267044,6306.0645414764385,3094.3012023633996,2.037960796014274,2.0225675074311784,313.69329217620407,0.0,0.0,0.0,1.8022126520875406,27.61061946902655,0.9592760180995475,1062.9007636062254,113,0.15000057220458984
core,100,1500000.0,4,1,exclude,launch,0,0.0,prior,0.0,cluster_patrol,12600.0,43200,194416.01071551067,0,186662.38743502524,7753.623280485402,0,0,0.0,0,5.478029860560422,10.257749544744236,6968.561876837692,1935.3201437031057,3.6007282306811597,2.014907360309371,309.0110850030406,0.0,0.0,0.0,1.4008649886208093,25.197916666666668,0.9726775956284153,677.695469092516,192,0.23645734786987305
core,100,1500000.0,5,1,exclude,launch,0,0.0,prior,0.0,cluster_patrol,12600.0,43200,160242.3355771184,0,155082.90242692953,5159.43315018889,0,0,0.0,0,5.478029860560422,12.151500887038303,6968.561876837692,1636.0831399267968,4.259295696396875,2.0119848175177584,307.23398126593537,0.0,0.0,0.0,1.162985913570172,20.27777777777778,0.9836065573770492,563.6539122732019,288,0.2999711036682129
core,100,1500000.0,4,2,exclude,launch,0,0.0,prior,0.0,cluster_patrol,12600.0,43200,199635.2243963724,0,190352.60461003924,9282.619786333162,0,0,0.0,0,6.024642709207431,9.455409186149145,6306.0645414764385,2098.454807665639,3.005099046422365,2.0159513292860662,309.6471310434374,0.0,0.0,0.0,1.3666811009506783,24.474489795918366,0.9547511312217195,682.6596906797479,196,0.22251033782958984
core,100,1500000.0,6,1,exclude,launch,0,0.0,prior,0.0,cluster_patrol,12600.0,43200,325776.2668659827,0,315297.31745959533,10478.949406387315,0,1,0.634164943423574,1,5.478029860560422,27.9253215299118,6968.561876837692,712.4690413453369,9.780862707633073,2.0104617331990893,306.3098742779124,0.0,0.0,0.15126050420168066,0.7549151810800772,17.226966292134833,0.9835164835164835,421.7820305158287,445,0.3615562915802002
core,100,1500000.0,5,2,exclude,launch,0,0.0,prior,0.0,cluster_patrol,12600.0,43200,154875.63978877105,0,148638.52383150396,6237.1159572671,0,0,0.0,0,6.024642709207431,12.578420815509235,6306.0645414764385,1580.1566370472667,3.9907844536603414,2.0124900024733767,307.54080153256143,0.0,0.0,0.0,1.0692218659900865,20.022292993630572,0.9502262443438914,521.0991501833131,314,0.29109644889831543
core,100,1500000.0,2,3,exclude,launch,0,0.0,prior,0.0,cluster_patrol,12600.0,43200,408840.10293368757,0,368705.16408464534,40134.93884904225,0,0,0.0,0,4.940884818166719,63.16054384632514,7762.382610686937,313.53118216549757,24.757928564150152,2.019916377669975,312.068825231833,0.0,0.0,0.0,2.737913658344217,50.32,0.9528301886792453,1310.2101188350243,50,0.12558984756469727
core,100,1500000.0,6,2,exclude,launch,0,0.0,prior,0.0,cluster_patrol,12600.0,43200,125413.21659981781,0,121540.1880711161,3873.0285287016923,0,0,0.0,0,6.024642709207431,13.084802263061938,6306.0645414764385,1520.176962357242,4.1482437226900375,2.01093799880267,306.5986912269443,0.0,0.0,0.0,0.9318866049123802,17.327188940092167,0.9547511312217195,437.3456065790917,434,0.3556077480316162
core,100,1500000.0,3,3,exclude,launch,0,0.0,prior,0.0,cluster_patrol,12600.0,43200,290802.0485642694,0,268899.60837239755,21902.44019187184,0,0,0.0,0,4.940884818166719,6.057578213254276,7762.382610686937,3268.8312959898894,2.3746660221375175,2.020079464491512,312.1686341631869,0.0,0.0,0.0,1.8885823309106877,30.28301886792453,0.9663461538461539,1017.709403584306,106,0.1500997543334961
core,100,1500000.0,7,1,exclude,launch,0,0.0,prior,0.0,cluster_patrol,12600.0,43200,310376.55156934325,0,300723.03354012105,9653.518029222183,0,1,0.6656298190092236,1,5.478029860560422,26.26939306476136,6968.561876837692,757.8733992476309,9.194889124958921,2.009154287765205,305.5177129544694,0.0,0.0,0.11306532663316583,0.6749714956787903,14.691792294807371,0.9835164835164835,372.14160599169685,597,0.4350705146789551
core,100,1500000.0,8,1,exclude,launch,0,0.0,prior,0.0,cluster_patrol,12600.0,43200,304443.9797240799,0,295125.900422218,9318.079301861817,0,1,0.6786006674628603,1,5.478029860560422,22.194966059576817,6968.561876837692,897.256597664997,7.766520630745475,2.008578666408628,305.1692779003818,0.0,0.0,0.08937437934458789,0.6225238895383002,12.316556291390729,0.978021978021978,347.8676660006247,755,0.477069616317749
core,100,1500000.0,7,2,exclude,launch,0,0.0,prior,0.0,cluster_patrol,12600.0,43200,338767.3543894854,0,321898.8166074119,16868.537782073476,0,1,0.6887243394294473,1,6.024642709207431,26.589894717213284,6306.0645414764385,748.6402483219199,8.423357621516486,2.009417599358173,305.67716696820503,0.0,0.0,0.11097410604192355,0.6634638435700102,14.722495894909688,0.967741935483871,363.4933562873124,609,0.43660783767700195
core,100,1500000.0,2,4,exclude,launch,0,0.0,prior,0.0,cluster_patrol,12600.0,43200,387482.9115234998,0,349429.02319647133,38053.888327028486,0,0,0.0,0,5.351491471317767,52.99383825672127,7141.218427495743,373.52441573296255,19.118478275329377,2.0207641118355286,312.5878116034127,0.0,0.0,0.0,2.688990046257662,50.72,0.9299065420560748,1289.9422334037895,50,0.1135091781616211
core,100,1500000.0,4,3,exclude,launch,0,0.0,prior,0.0,cluster_patrol,12600.0,43200,200943.3958961065,0,191056.7509728192,9886.64492328731,0,0,0.0,0,4.940884818166719,9.216286346741278,7762.382610686937,2154.9521315097054,3.6021137069289826,2.0140321742781286,308.47837514136876,0.0,0.0,0.0,1.4621977898671359,25.135135135135137,0.9711538461538461,709.2858934449703,185,0.21602678298950195
core,100,1500000.0,8,2,exclude,launch,0,0.0,prior,0.0,cluster_patrol,12600.0,43200,333843.2026792129,0,317370.19988541096,16473.002793801923,0,1,0.69888295013858,1,6.024642709207431,21.047243892164598,6306.0645414764385,945.9593473502684,6.666316643670141,2.009057121242371,305.45888217898226,0.0,0.0,0.08866995073891626,0.6183080681440988,12.377952755905511,0.9631336405529954,346.17389420191523,762,0.48311948776245117
core,100,1500000.0,9,1,exclude,launch,0,0.0,prior,0.0,cluster_patrol,12600.0,43200,290931.8329416969,0,281969.9620762214,8961.87086547551,0,1,0.7101178504835938,1,5.478029860560422,24.786750882921883,6968.561876837692,803.8810409961723,8.668648122615537,2.0074678705458826,304.4974530546764,0.0,0.0,0.07120253164556962,0.5661234700935558,11.684931506849315,0.9835164835164835,294.1351423999075,949,0.5931181907653809
core,100,1500000.0,3,4,exclude,launch,0,0.0,prior,0.0,cluster_patrol,12600.0,43200,310959.5125146439,0,283446.21436090104,27513.29815374287,0,0,0.0,0,5.351491471317767,6.028730126853998,7141.218427495743,3282.6807640394154,2.175422753782584,2.0211823529507624,312.84401939341683,0.0,0.0,0.0,1.8838797422871405,29.194444444444443,0.9523809523809523,1044.790743532067,108,0.14450955390930176
core,100,1500000.0,5,3,exclude,launch,0,0.0,prior,0.0,cluster_patrol,12600.0,43200,165902.4615011326,0,158918.41556334565,6984.045937786947,0,0,0.0,1,4.940884818166719,11.915398449858637,7762.382610686937,1669.1212050034871,4.650580549463884,2.011238375800922,306.780915807746,0.0,0.0,0.0,1.1297508041299047,19.692307692307693,0.9807692307692307,559.9532373083941,299,0.29302120208740234
core,100,1500000.0,4,4,exclude,launch,0,0.0,prior,0.0,cluster_patrol,12600.0,43200,196761.7474682473,0,184238.69213682486,12523.055331422454,0,0,0.0,0,5.351491471317767,9.530285544820552,7141.218427495743,2083.421171708353,3.4276403275868232,2.014545149289873,308.79055798428305,0.0,0.0,0.0,1.426201422023678,25.333333333333332,0.9663461538461539,683.9235059536402,189,0.2145099639892578
core,100,1500000.0,9,2,exclude,launch,0,0.0,prior,0.0,cluster_patrol,12600.0,43200,327964.5677590992,0,311256.38336452004,16708.18439457916,0,1,0.7114101500852964,1,6.024642709207431,17.560678723644653,6306.0645414764385,1133.7964516480517,5.561901814307265,2.0090169476738016,305.4345602078864,0.0,0.0,0.07395234182415776,0.5877792612803294,10.824945295404815,0.967741935483871,330.0267051260868,914,0.5551190376281738
core,100,1500000.0,6,3,exclude,launch,0,0.0,prior,0.0,cluster_patrol,12600.0,43200,239550.4829536633,0,215850.03483760086,23700.448116062467,0,1,0.47160967351451794,1,4.940884818166719,27.0431163196441,7762.382610686937,736.0026934188479,10.546676907701864,2.009665844625836,305.82753534120076,0.0,0.0,0.15544041450777202,0.7748863930871084,16.27880184331797,0.9563106796116505,462.7910399378563,434,0.35901689529418945
core,100,1500000.0,2,5,exclude,launch,0,0.0,prior,0.0,cluster_patrol,12600.0,43200,384230.4220862074,0,346455.2140311491,37775.208055058276,0,0,0.0,0,5.774317772611485,51.54309481457362,6593.891938148332,384.053329260006,17.1692091586693,2.020681966469505,312.5375030028169,0.0,0.0,0.0,2.5780954938646263,48.84615384615385,0.9417040358744395,1271.2004863405273,52,0.11400008201599121
core,100,1500000.0,10,2,exclude,launch,0,0.0,prior,0.0,cluster_patrol,12600.0,43200,332050.9128768801,0,315429.70129551226,16621.211581367777,0,1,0.7026552655757144,1,6.024642709207431,15.406786780979388,6306.0645414764385,1292.2393872967764,4.879950730079538,2.0091156883711534,305.49434175503603,0.0,0.0,0.06342494714587738,0.5673778543139447,9.212746016869728,0.9587155963302753,332.6618642156538,1067,0.5711169242858887
core,100,1500000.0,5,4,exclude,launch,0,0.0,prior,0.0,cluster_patrol,12600.0,43200,151358.53112390888,0,144306.52226258957,7052.008861319309,0,0,0.0,0,5.351491471317767,12.193156562495773,7141.218427495743,1630.906096241266,4.378681546383352,2.011476138152531,306.9251934155872,0.0,0.0,0.0,1.1526831998532099,20.979310344827585,0.9663461538461539,535.4017471044543,290,0.28872251510620117
core,100,1500000.0,7,3,exclude,launch,0,0.0,prior,0.0,cluster_patrol,12600.0,43200,223471.29381507935,0,201196.19220712327,22275.101607956105,0,1,0.5054881188113501,1,4.940884818166719,22.811400017443,7762.382610686937,872.9788922034151,8.891833101593715,2.0086501800065246,305.21255568815855,0.0,0.0,0.12064343163538874,0.7223241452670439,14.410714285714286,0.9565217391304348,401.0786596096182,560,0.4362318515777588
core,100,1500000.0,3,5,exclude,launch,0,0.0,prior,0.0,cluster_patrol,12600.0,43200,314117.49732498504,0,290389.12959988846,23728.36772509655,0,0,0.0,0,5.774317772611485,6.166251381425427,6593.891938148332,3210.3358553547932,2.0539570422670317,2.020636977321142,312.50995184257096,0.0,0.0,0.0,1.8740430079117423,27.1588785046729,0.9506726457399103,1133.581751694718,107,0.14072132110595703
core,100,1500000.0,8,3,exclude,launch,0,0.0,prior,0.0,cluster_patrol,12600.0,43200,210804.8333043394,0,188827.24585046116,21977.587453878234,0,1,0.5359706450412502,1,4.940884818166719,22.631485124555045,7762.382610686937,880.3289513684598,8.81759324014099,2.007714485544997,304.64654531316535,0.0,0.0,0.09365244536940687,0.6518503103095725,12.790277777777778,0.9516908212560387,354.9887726305834,720,0.4832308292388916
core,100,1500000.0,6,4,exclude,launch,0,0.0,prior,0.0,cluster_patrol,12600.0,43200,315754.985622223,0,296082.4431766408,19672.542445582196,0,1,0.5845251293720555,1,5.351491471317767,24.558551764785214,7141.218427495743,810.29011258452,8.813162491540156,2.010095536547052,306.0878978856829,0.0,0.0,0.1615798922800718,0.8057890026692287,16.709832134292565,0.9569377990430622,471.73595265069895,417,0.34671878814697266
core,100,1500000.0,4,5,exclude,launch,0,0.0,prior,0.0,cluster_patrol,12600.0,43200,188279.33276483853,0,180205.13071855044,8074.202046288095,0,0,0.0,0,5.774317772611485,9.904731462516214,6593.891938148332,2004.8944995328543,3.2888972161301884,2.0143074618818506,308.64588816876056,0.0,0.0,0.0,1.3956458453459581,24.546875,0.968609865470852,694.2765676887052,192,0.2167210578918457
core,100,1500000.0,2,6,exclude,launch,0,0.0,prior,0.0,cluster_patrol,12600.0,43200,392238.02867552993,0,358333.7664789541,33904.26219657582,0,0,0.0,0,5.052148291863248,44.59648659718205,7584.090639439221,443.757332947364,17.090626061471312,2.0212210064012623,312.86770317456194,0.0,0.0,0.0,2.690207555510054,49.63265306122449,0.963963963963964,1316.82100784523,49,0.11100268363952637
core,100,1500000.0,5,5,exclude,launch,0,0.0,prior,0.0,cluster_patrol,12600.0,43200,154291.81958176562,0,148218.48645243613,6073.333129329497,0,0,0.0,0,5.774317772611485,11.670159809586606,6593.891938148332,1704.0475496911315,3.869546914546788,2.011414047793174,306.88751282201207,0.0,0.0,0.0,1.1981025244129797,20.380782918149468,0.9730941704035875,574.9036726835301,281,0.26772403717041016
core,100,1500000.0,3,6,exclude,launch,0,0.0,prior,0.0,cluster_patrol,12600.0,43200,309599.2833957269,0,284772.3954408969,24826.887954829963,0,0,0.0,0,5.052148291863248,5.636290946429685,7584.090639439221,3509.2510323670836,2.161170736857645,2.0223305923509844,313.5479520170144,0.0,0.0,0.0,1.875511164741145,29.444444444444443,0.9641255605381166,1033.6855117525001,108,0.14800000190734863
core,100,1500000.0,7,4,exclude,launch,0,0.0,prior,0.0,cluster_patrol,12600.0,43200,292570.20944217,0,273995.95110746525,18574.25833470476,0,1,0.6308459230097487,1,5.351491471317767,22.018538042769382,7141.218427495743,904.2272283593231,7.897592777042492,2.0090647366606573,305.4634928316126,0.0,0.0,0.11795543905635648,0.7056883647092828,14.745644599303136,0.9615384615384616,387.55799727024123,574,0.46372127532958984
core,100,1500000.0,6,5,exclude,launch,0,0.0,prior,0.0,cluster_patrol,12600.0,43200,125805.76649935877,0,121242.07646881985,4563.690030538916,0,0,0.0,1,5.774317772611485,11.57952835310478,6593.891938148332,1718.151836244071,3.8377818531817116,2.010516215897293,306.3429067774153,0.0,0.0,0.0,0.9839165937090841,17.476885644768856,0.9820627802690582,457.48365298555893,411,0.35172367095947266
core,100,1500000.0,8,4,exclude,launch,0,0.0,prior,0.0,cluster_patrol,12600.0,43200,280121.902855226,0,262205.2950542809,17916.607800945105,0,1,0.658880015948235,1,5.351491471317767,21.156860038564233,7141.218427495743,941.422728087229,7.585559828160492,2.0082792421064206,304.98810901880944,0.0,0.0,0.09045226130653267,0.6295921964639185,13.121983914209116,0.966183574879227,333.1542242228409,746,0.49872350692749023
core,100,1500000.0,4,6,exclude,launch,0,0.0,prior,0.0,cluster_patrol,12600.0,43200,190467.57915353074,0,179393.36915772175,11074.209995808982,0,0,0.0,0,5.052148291863248,10.007790390725571,7584.090639439221,1983.8283299786654,3.822957120246782,2.014733940950694,308.90549127519773,0.0,0.0,0.0,1.361137429078696,25.436548223350254,0.972972972972973,652.7401464039659,197,0.24000024795532227
core,100,1500000.0,2,7,exclude,launch,0,0.0,prior,0.0,cluster_patrol,12600.0,43200,369900.5447131052,0,339039.6258566102,30860.91885649506,0,0,0.0,0,4.789315478557099,58.46335927942285,8018.5908986554505,338.4919764421296,23.68916091583149,2.0212863656171427,312.90775217864143,0.0,0.0,0.0,2.704281157696752,51.372549019607845,0.9313304721030042,1274.9248385537721,51,0.12550687789916992
core,100,1500000.0,9,4,exclude,launch,0,0.0,prior,0.0,cluster_patrol,12600.0,43200,277080.2727356049,0,259466.35358255805,17613.91915304683,0,1,0.6661128271546717,1,5.351491471317767,19.73311344529259,7141.218427495743,1009.5568137782005,7.073617185317385,2.0078608620392338,304.73505516914037,0.0,0.0,0.07228915662650602,0.574932578636626,11.357905982905983,0.966183574879227,307.6348743565366,936,0.5702290534973145
core,100,1500000.0,7,5,exclude,launch,0,0.0,prior,0.0,cluster_patrol,12600.0,43200,268387.6280924637,0,254773.46015605613,13614.167936407574,0,1,0.6227419927181893,1,5.774317772611485,23.63430980485227,6593.891938148332,842.5179728929281,7.826411008784878,2.0088055198989974,305.306573093606,0.0,0.0,0.11873350923482849,0.7102699013283654,15.11443661971831,0.9820627802690582,377.28917635896624,568,0.4382302761077881
core,100,1500000.0,3,7,exclude,launch,0,0.0,prior,0.0,cluster_patrol,12600.0,43200,296909.69369703915,0,272446.2718824443,24463.42181459484,0,0,0.0,0,4.789315478557099,6.10904536198912,8018.5908986554505,3238.984181429122,2.475649910435019,2.0215189386006616,313.0502825759467,0.0,0.0,0.0,1.9013400951820763,30.11320754716981,0.9437229437229437,1039.1849519187697,106,0.14650654792785645
core,100,1500000.0,5,6,exclude,launch,0,0.0,prior,0.0,cluster_patrol,12600.0,43200,145548.4905654174,0,139742.06163301936,5806.428932398054,0,0,0.0,0,5.052148291863248,13.244041339511002,7584.090639439221,1501.4345500758,5.051229598423946,2.011560311409884,306.97627908589845,0.0,0.0,0.0,1.0942851336131223,21.216828478964402,0.9820627802690582,501.6801997733058,309,0.302506685256958
core,100,1500000.0,8,5,exclude,launch,0,0.0,prior,0.0,cluster_patrol,12600.0,43200,264177.9677085288,0,251308.83417711468,12869.133531414114,0,1,0.6326653497600232,1,5.774317772611485,18.865691206444772,6593.891938148332,1055.6241099306949,6.246439311225321,2.0085283632721254,305.13883785730553,0.0,0.0,0.09473684210526316,0.6591426214603788,12.67741935483871,0.9730941704035875,361.7913239458878,713,0.4665074348449707
core,100,1500000.0,6,6,exclude,launch,0,0.0,prior,0.0,cluster_patrol,12600.0,43200,405943.2795086683,0,361621.6659065742,44321.61360209406,0,1,0.6804732375971698,1,5.052148291863248,23.395300895840727,7584.090639439221,850.3209590576654,8.91909173665905,2.010705529559518,306.45770024465577,0.0,0.0,0.1490066225165563,0.7450880083454556,15.920529801324504,0.9684684684684685,454.2456558811879,453,0.368375301361084
core,100,1500000.0,4,7,exclude,launch,0,0.0,prior,0.0,cluster_patrol,12600.0,43200,183298.6351025059,0,174585.08135774228,8713.553744763654,0,0,0.0,0,4.789315478557099,10.158418352844802,8018.5908986554505,1954.3637625686247,4.1029162800872845,2.014784010201211,308.93597620801535,0.0,0.0,0.0,1.3852859687868124,25.5,0.973568281938326,662.6866931171099,194,0.22737741470336914
core,100,1500000.0,2,8,exclude,launch,0,0.0,prior,0.0,cluster_patrol,12600.0,43200,345048.47725166223,0,321042.3380498553,24006.13920180694,0,0,0.0,0,5.687677066694433,51.352299657489155,6699.414751861177,385.36613120631415,17.384544746809883,2.0212803377822315,312.9040585021766,0.0,0.0,0.0,2.4632808167576243,51.14545454545455,0.9510869565217391,1182.4277401311865,55,0.1258695125579834
core,100,1500000.0,9,5,exclude,launch,0,0.0,prior,0.0,cluster_patrol,12600.0,43200,257672.54360423947,0,244714.38072214773,12958.162882091723,0,1,0.6486381668817395,1,5.774317772611485,17.140560477959845,6593.891938148332,1162.1098942032947,5.674069183163519,2.0081112711201365,304.88650048783734,0.0,0.0,0.07867132867132867,0.6260216004011442,11.232828870779977,0.9910313901345291,338.32752120770357,859,0.5263783931732178
core,100,1500000.0,3,8,exclude,launch,0,0.0,prior,0.0,cluster_patrol,12600.0,43200,274597.7532172879,0,257696.33137900042,16901.42183828749,0,0,0.0,0,5.687677066694433,6.48556021851324,6699.414751861177,3050.8470763457717,2.195919554212979,2.021585230563981,313.0909149919389,0.0,0.0,0.0,1.741174874159449,29.37391304347826,0.9565217391304348,976.603855367028,115,0.15637731552124023
core,100,1500000.0,5,7,exclude,launch,0,0.0,prior,0.0,cluster_patrol,12600.0,43200,301673.85991191753,0,274471.294464863,27202.56544705449,0,1,0.5187602086992528,1,4.789315478557099,48.012397360678825,8018.5908986554505,414.15703671879305,19.36123302934477,2.0115996665249942,307.0001655940439,0.0,0.0,0.20134228187919462,0.8008893650674525,18.67462686567164,0.947136563876652,524.3245795655861,335,0.32288599014282227
core,100,1500000.0,7,6,exclude,launch,0,0.0,prior,0.0,cluster_patrol,12600.0,43200,383432.3430457429,0,340875.61584482505,42556.72720091783,0,1,0.7204692687772042,1,5.052148291863248,19.500960378250287,7584.090639439221,1020.5022027943592,7.431723928348529,2.009972173169085,306.0131371727653,0.0,0.0,0.11207970112079702,0.6691959056647577,14.092868988391377,0.972972972972973,384.68933724528654,603,0.44788575172424316
core,100,1500000.0,8,6,exclude,launch,0,0.0,prior,0.0,cluster_patrol,12600.0,43200,373065.3530756147,0,331037.7386357564,42027.61443985835,0,1,0.7404979165654508,1,5.052148291863248,17.66285577955379,7584.090639439221,1127.0590716943998,6.729097728690866,2.009335186581181,305.62725566126034,0.0,0.0,0.0897308075772682,0.6247464207511303,12.397606382978724,0.9684684684684685,349.88461549599106,752,0.4858834743499756
core,100,1500000.0,4,8,exclude,launch,0,0.0,prior,0.0,cluster_patrol,12600.0,43200,185737.08543855578,0,177613.9344195878,8123.151018967972,0,0,0.0,0,5.687677066694433,10.220275547943656,6699.414751861177,1942.4973006279574,3.4488669557972798,2.014823290323151,308.95989317469207,0.0,0.0,0.0,1.3289521569989207,25.00995024875622,0.9722222222222222,649.8056706624919,201,0.23388218879699707
core,100,1500000.0,6,7,exclude,launch,0,0.0,prior,0.0,cluster_patrol,12600.0,43200,277110.48554407683,0,251733.1909316148,25377.29461246205,0,1,0.5647744281509566,1,4.789315478557099,24.454865352664484,8018.5908986554505,813.4860765345554,9.857072087594403,2.010687561623018,306.44680416584464,0.0,0.0,0.14950166112956811,0.7451072526244547,16.394678492239468,0.9559471365638766,436.8909326135778,451,0.3688831329345703
core,100,1500000.0,2,9,exclude,launch,0,0.0,prior,0.0,cluster_patrol,12600.0,43200,412668.56380280067,0,375201.2444692745,37467.319333526175,0,0,0.0,0,4.852417850747997,48.73632062517525,7909.979841733408,406.1338455611964,19.476288243850707,2.020868568588729,312.65179029972035,0.0,0.0,0.0,2.569728378108806,48.38461538461539,0.9662921348314607,1290.2350001324853,52,0.11716961860656738
core,100,1500000.0,7,7,exclude,launch,0,0.0,prior,0.0,cluster_patrol,12600.0,43200,264894.80823399994,0,240488.31362173683,24406.494612263115,0,1,0.5908917468072028,1,4.789315478557099,19.669654800844608,8018.5908986554505,1011.8081326331317,7.925011313941362,2.0098566693780544,305.94314780620107,0.0,0.0,0.11734028683181226,0.7002992439381938,14.0,0.960352422907489,402.0247390854503,574,0.41754817962646484
core,100,1500000.0,3,9,exclude,launch,0,0.0,prior,0.0,cluster_patrol,12600.0,43200,297537.74538158206,0,278785.5815637355,18752.16381784655,0,0,0.0,0,4.852417850747997,6.052326268221461,7909.979841733408,3270.3817300266537,2.4186717315317625,2.020873884041408,312.65504613533716,0.0,0.0,0.0,1.9157635401802022,30.339622641509433,0.9775280898876404,1025.408120891037,106,0.15317010879516602
core,100,1500000.0,5,8,exclude,launch,0,0.0,prior,0.0,cluster_patrol,12600.0,43200,134339.78858287737,0,130286.66773295561,4053.1208499217655,0,0,0.0,0,5.687677066694433,13.937726075945134,6699.414751861177,1426.6839024106057,4.695794731083366,2.011593878775521,306.9966526728312,0.0,0.0,0.0,1.028982185476816,20.74617737003058,0.988950276243094,485.77795258834004,327,0.31467747688293457
core,100,1500000.0,8,7,exclude,launch,0,0.0,prior,0.0,cluster_patrol,12600.0,43200,249638.1252953242,0,226467.06275939106,23171.06253593312,0,1,0.6268852159223696,1,4.789315478557099,20.574635504242572,8018.5908986554505,967.9490936740826,8.284103937965341,2.008516129578636,305.1314350860816,0.0,0.0,0.0944386149003148,0.6577080601162313,12.878151260504202,0.9557522123893806,350.6357269293032,714,0.48654937744140625
core,100,1500000.0,6,8,exclude,launch,0,0.0,prior,0.0,cluster_patrol,12600.0,43200,263338.1037628504,0,256552.60619238776,6785.497570462624,0,1,0.5765596558293088,1,5.687677066694433,39.00859946272764,6699.414751861177,510.25272972848734,13.129601002675733,2.009621630395224,305.8007509685731,0.0,0.0,0.14376996805111822,0.7155696753357491,16.775641025641026,0.9833333333333333,411.5991227383572,468,0.37367773056030273
core,100,1500000.0,2,10,exclude,launch,0,0.0,prior,0.0,cluster_patrol,12600.0,43200,421820.05400497303,0,372223.7825752809,49596.27142969212,0,0,0.0,0,4.842340003327892,68.22906166796166,7927.135773030543,290.10020275326303,27.325509247481484,2.020889467239635,312.66459129624764,0.0,0.0,0.0,2.797394245551415,50.833333333333336,0.9315068493150684,1348.7573258484197,48,0.11899924278259277
core,100,1500000.0,4,9,exclude,launch,0,0.0,prior,0.0,cluster_patrol,12600.0,43200,201907.0056324968,0,192165.65178352012,9741.353848976683,0,0,0.0,0,4.852417850747997,9.27772229688254,7909.979841733408,2140.3358833637985,3.695672208841311,2.0143581486952766,308.67673614735264,0.0,0.0,0.0,1.4986496686618822,25.594444444444445,0.9831460674157303,715.4772348772957,180,0.21017193794250488
core,100,1500000.0,3,10,exclude,launch,0,0.0,prior,0.0,cluster_patrol,12600.0,43200,322947.4511929083,0,294193.56034621806,28753.89084669026,0,0,0.0,0,4.842340003327892,5.945931007255314,7927.135773030543,3328.6121240932675,2.3815138194240455,2.0210494278772115,312.7625802505142,0.0,0.0,0.0,1.9760196978822429,29.980198019801982,0.9534883720930233,1070.5029135953969,101,0.14050579071044922
core,100,1500000.0,7,8,exclude,launch,0,0.0,prior,0.0,cluster_patrol,12600.0,43200,253088.03453104614,0,246976.0057123063,6112.028818739854,0,1,0.5999103306230239,1,5.687677066694433,27.213258411377147,6699.414751861177,731.6727460025681,9.156299436411784,2.008919652522963,305.37565957411687,0.0,0.0,0.1089588377723971,0.6504838562773239,14.161550888529886,0.9777777777777777,372.4015743415913,619,0.4421839714050293
core,100,1500000.0,5,9,exclude,launch,0,0.0,prior,0.0,cluster_patrol,12600.0,43200,161379.03703858337,0,154578.35646858794,6800.680569995427,0,0,0.0,1,4.852417850747997,12.445994844362406,7909.979841733408,1597.6932342343537,4.950875219499835,2.0115784690357446,306.9872997050103,0.0,0.0,0.0,1.0972001885829352,20.04248366013072,0.9831460674157303,537.2469719879116,306,0.2931709289550781
core,100,1500000.0,8,8,exclude,launch,0,0.0,prior,0.0,cluster_patrol,12600.0,43200,243993.27808509994,0,238078.91720573264,5914.3608793672975,0,1,0.6222717595494452,1,5.687677066694433,23.72421885358658,6699.414751861177,839.5806527857393,7.9794772898022766,2.008193917978994,304.93649287495043,0.0,0.0,0.087890625,0.6128627509486033,12.691807542262678,0.9833333333333333,335.0009724369573,769,0.49918198585510254
core,100,1500000.0,6,9,exclude,launch,0,0.0,prior,0.0,cluster_patrol,12600.0,43200,355335.6576687939,0,340840.24151068815,14495.416158105798,0,1,0.5537793420359273,1,4.852417850747997,21.35351269166036,7909.979841733408,931.4786071976466,8.491853468895632,2.0110264317007216,306.65233367924816,0.0,0.022257551669316374,0.14308426073131955,0.714281940593015,14.582627118644067,0.9831460674157303,477.8119961284899,472,0.33817291259765625
core,100,1500000.0,4,10,exclude,launch,0,0.0,prior,0.0,cluster_patrol,12600.0,43200,213663.39215970974,0,199947.24761034694,13716.144549362782,0,0,0.0,0,4.842340003327892,8.66698721575174,7927.135773030543,2290.502999300574,3.460871160374453,2.0149346743899286,309.02771798369713,0.0,0.0,0.0,1.5163971726442063,25.10112359550562,0.9583333333333334,737.5421222833593,178,0.2095046043395996
core,100,1500000.0,2,11,exclude,launch,0,0.0,prior,0.0,cluster_patrol,12600.0,43200,437943.72567897406,0,393352.15436191956,44591.57131705454,0,0,0.0,0,4.789315478557101,36.04974489779835,8018.590898655449,549.2557329493245,14.599011749223308,2.0201480417977367,312.21060815512703,0.0,0.0,0.0,2.8211349189684176,51.25,0.9468599033816425,1324.0397194697687,48,0.10900092124938965
core,100,1500000.0,7,9,exclude,launch,0,0.0,prior,0.0,cluster_patrol,12600.0,43200,327454.6312875657,0,315723.31716630637,11731.314121259342,0,1,0.6009307180417375,1,4.852417850747997,18.224618748832135,7909.979841733408,1091.9361042562034,7.243995148526998,2.0100382114148276,306.05315655541915,0.0,0.0,0.11306532663316583,0.6751063100817323,13.033500837520938,0.9887005649717514,421.4074202022039,597,0.3975050449371338
core,100,1500000.0,3,11,exclude,launch,0,0.0,prior,0.0,cluster_patrol,12600.0,43200,339773.28976068436,0,309846.62514582905,29926.66461485535,0,0,0.0,0,4.789315478557101,6.202064848819752,8018.590898655449,3192.733697915173,2.511512596209173,2.0200447587501755,312.1473929561111,0.0,0.0,0.0,1.889151298205858,30.093457943925234,0.9569377990430622,1030.0350922139578,107,0.15899968147277832
core,100,1500000.0,5,10,exclude,launch,0,0.0,prior,0.0,cluster_patrol,12600.0,43200,149093.3087514359,0,142880.88076309825,6212.427988337658,0,0,0.0,1,4.842340003327892,12.746993048557153,7927.135773030543,1560.0029050327796,5.081487827655022,2.011531487834782,306.9587852643744,0.0,0.0,0.0,1.1288031343851375,21.177852348993287,0.9534883720930233,524.649441655745,298,0.28650522232055664
core,100,1500000.0,9,8,exclude,launch,0,0.0,prior,0.0,cluster_patrol,12600.0,43200,234674.06920507413,0,229172.46384461672,5501.605360457397,0,1,0.6469829708350566,1,5.687677066694433,20.50660148780081,6699.414751861177,971.4770029781779,6.896112549574851,2.0078616059647842,304.73550503337435,0.0,0.0,0.07293354943273905,0.5806142628992534,11.605603448275861,0.9833333333333333,303.34024111889863,928,0.6056766510009766
core,100,1500000.0,6,10,exclude,launch,0,0.0,prior,0.0,cluster_patrol,12600.0,43200,278906.87324512156,0,265478.23187627806,13428.641368843537,0,1,0.38012175787380165,1,4.842340003327892,20.647699103761898,7927.135773030543,963.3112236338387,8.229049530978683,2.011044628050915,306.6633719731838,0.0,0.010273972602739725,0.1541095890410959,0.7661350438043089,14.189497716894977,0.9481132075471698,516.9112719372894,438,0.30750489234924316
core,100,1500000.0,8,9,exclude,launch,0,0.0,prior,0.0,cluster_patrol,12600.0,43200,294448.90079173667,0,284427.14423631947,10021.756555417203,0,1,0.6682909875928185,1,4.852417850747997,20.848942942643657,7909.979841733408,955.3495807870058,8.279670605201144,2.008230844558393,304.9588307756791,0.0,0.0,0.09287925696594428,0.6484106349246854,12.774415405777166,0.9943181818181818,351.630626529518,727,0.474506139755249
core,100,1500000.0,4,11,exclude,launch,0,0.0,prior,0.0,cluster_patrol,12600.0,43200,211691.458693215,0,200339.31879869231,11352.139894522707,0,0,0.0,0,4.789315478557101,9.32643726728255,8018.590898655449,2129.5921234535026,3.765317691752125,2.0139458353599435,308.4258471131322,0.0,0.0,0.0,1.4516925636198585,25.630434782608695,0.9567307692307693,687.0439423398116,184,0.21700072288513184
core,100,1500000.0,2,12,exclude,launch,0,0.0,prior,0.0,cluster_patrol,12600.0,43200,427923.5320393927,0,383839.7257932426,44083.806246150074,0,0,0.0,0,4.789315478557099,44.07665884188533,8018.5908986554505,448.8913344188211,17.86310022900555,2.021669241113871,313.1424114714577,0.0,0.0,0.0,2.747167550285923,49.204081632653065,0.9528301886792453,1373.2366494771036,49,0.1120004653930664
core,100,1500000.0,3,12,exclude,launch,0,0.0,prior,0.0,cluster_patrol,12600.0,43200,329697.40024877025,0,303434.2066787874,26263.193569982825,0,0,0.0,0,4.789315478557099,5.617293727021102,8018.5908986554505,3521.9786650816695,2.276728981397595,2.0218369856174423,313.24524755272233,0.0,0.0,0.0,2.044940180693218,29.626262626262626,0.9666666666666667,1122.9132396497957,99,0.1380012035369873
core,100,1500000.0,7,10,exclude,launch,0,0.0,prior,0.0,cluster_patrol,12600.0,43200,216909.31370905502,0,208705.40215836157,8203.91155069346,0,1,0.4887691041391862,1,4.842340003327892,21.366390495050236,7927.135773030543,931.6789595506832,8.50844133783329,2.009382160386574,305.65570371200016,0.0,0.0,0.11673151750972763,0.6975927734968029,14.512110726643598,0.9671361502347418,385.375803479391,578,0.414506196975708
core,100,1500000.0,5,11,exclude,launch,0,0.0,prior,0.0,cluster_patrol,12600.0,43200,216682.3000195113,0,205856.4655748105,10825.834444700817,0,1,0.15440723133891918,1,4.789315478557101,30.829916236216086,8018.590898655449,645.0435526892886,12.43108448293867,2.01140075038309,306.8794433626433,0.0,0.0,0.2158273381294964,0.8597733591893364,17.666666666666668,0.9423076923076923,599.1500068564771,312,0.28299903869628906
core,100,1500000.0,4,12,exclude,launch,0,0.0,prior,0.0,cluster_patrol,12600.0,43200,205617.38713163228,0,194000.0037057293,11617.383425902994,0,0,0.0,0,4.789315478557099,9.234181396463592,8018.5908986554505,2149.7060427402203,3.730087155746276,2.015034621887093,309.08858508884197,0.0,0.0,0.0,1.4809971395808181,25.298342541436465,0.9714285714285714,713.4713048374019,181,0.20773959159851074
core,100,1500000.0,8,10,exclude,launch,0,0.0,prior,0.0,cluster_patrol,12600.0,43200,216601.2238495758,0,208126.99003842386,8474.233811151928,0,1,0.4894643209156025,1,4.842340003327892,18.687283908293658,7927.135773030543,1065.4782925728218,7.439978672760009,2.008950340704924,305.3942370025746,0.0,0.0,0.09081735620585267,0.6316460062683049,11.995962314939435,0.9671361502347418,365.1517971857617,743,0.45773887634277344
core,100,1500000.0,6,11,exclude,launch,0,0.0,prior,0.0,cluster_patrol,12600.0,43200,168385.64158587487,0,162390.31827214514,5995.323313729717,0,1,0.1986945781781452,1,4.789315478557101,25.47471589152162,8018.590898655449,781.2734672331906,10.263488055024528,2.009775587512671,305.8940211409677,0.0,0.0,0.15332197614991483,0.7636299783007211,16.52619589977221,0.9563106796116505,445.31275432433563,439,0.37373948097229004
core,100,1500000.0,5,12,exclude,launch,0,0.0,prior,0.0,cluster_patrol,12600.0,43200,465244.04421326343,0,412492.9996039355,52751.04460932787,0,1,0.5883561010908902,1,4.789315478557099,35.93877133757564,8018.5908986554505,553.1778274184214,14.495503075524068,2.012018647660532,307.2545229637957,0.0,0.035,0.225,0.8985304041116356,17.683333333333334,0.9380952380952381,609.3666864379883,300,0.25973939895629883
core,100,1500000.0,7,11,exclude,launch,0,0.0,prior,0.0,cluster_patrol,12600.0,43200,154361.94646091753,0,148477.21690568997,5884.729555227542,0,1,0.2167458677040754,1,4.789315478557101,23.862925867518335,8018.590898655449,834.5242539857111,9.608577414447137,2.0086179343209034,305.19304123012984,0.0,0.0,0.11406844106463879,0.6807628073430357,13.961082910321489,0.9609756097560975,390.11365292414524,591,0.415738582611084
core,100,3000000.0,5,1,exclude,launch,0,0.0,prior,0.0,cluster_patrol,12600.0,43200,160242.3355771184,0,155082.90242692953,5159.43315018889,0,0,0.0,0,10.956059721120845,24.303001774076606,6968.561876837692,1636.0831399267968,4.259295696396875,2.0119848175177584,307.23398126593537,0.0,0.0,0.0,1.162985913570172,20.27777777777778,0.9836065573770492,563.6539122732019,288,0.2862513065338135
core,100,1500000.0,6,12,exclude,launch,0,0.0,prior,0.0,cluster_patrol,12600.0,43200,406042.6122961723,0,359062.8690337701,46979.743262402226,0,1,0.6742038412235533,1,4.789315478557099,22.560346621098876,8018.5908986554505,881.7749487893948,9.093693248673398,2.0107425442063236,306.4801472006016,0.0,0.0,0.16333938294010888,0.8117352234996293,16.65133171912833,0.9428571428571428,467.6596965073208,413,0.37125110626220703
core,100,1500000.0,7,12,exclude,launch,0,0.0,prior,0.0,cluster_patrol,12600.0,43200,389282.8711510146,0,344026.82022468763,45256.05092632693,0,1,0.7032208144357638,1,4.789315478557099,20.632902089431706,8018.5908986554505,964.7600940520123,8.311486915858225,2.009464521594923,305.7055861076601,0.0,0.0,0.12534818941504178,0.7497751749392366,14.354359925788497,0.9523809523809523,424.0339790960438,539,0.3912513256072998
core,100,1500000.0,8,11,exclude,launch,0,0.0,prior,0.0,cluster_patrol,12600.0,43200,146070.63095077878,0,139883.38662081744,6187.244329961313,0,1,0.2290488773026234,1,4.789315478557101,20.422023592166315,8018.590898655449,975.3816750562123,8.220977596481221,2.008105962763306,304.88328964767976,0.0,0.0,0.09054325955734406,0.6312916891755567,12.173154362416108,0.9516908212560387,360.2616156184549,745,0.5212514400482178
core,100,3000000.0,6,1,exclude,launch,0,0.0,prior,0.0,cluster_patrol,12600.0,43200,121806.9769387405,0,118506.9796037736,3299.997334966903,0,0,0.0,0,10.956059721120845,26.459963229816953,6968.561876837692,1503.7796455971902,4.6340312540074935,2.010557733797539,306.3680800014054,0.0,0.0,0.0,0.949553056122422,18.18867924528302,0.9945054945054945,422.9177103989862,424,0.3572506904602051
core,100,1500000.0,8,12,exclude,launch,0,0.0,prior,0.0,cluster_patrol,12600.0,43200,374782.63182168436,0,330137.8369198622,44644.794901822184,0,1,0.7304405880734525,1,4.789315478557099,20.45095408123093,8018.5908986554505,973.8428702351357,8.233967864568696,2.0084338332766736,305.08163882912555,0.0,0.0,0.09857612267250822,0.686327118506887,12.774524158125915,0.9523809523809523,369.59656920388744,683,0.460766077041626
core,100,3000000.0,7,1,exclude,launch,0,0.0,prior,0.0,cluster_patrol,12600.0,43200,106511.6338651892,0,103930.44771611775,2581.1861490714487,0,0,0.0,0,10.956059721120845,29.668734119546052,6968.561876837692,1342.0212945926553,5.192586663800193,2.0092388331762745,305.56890671730247,0.0,0.0,0.0,0.8153404709826468,15.307291666666666,0.9945054945054945,370.24417923275644,576,0.43076539039611816
core,100,3000000.0,8,1,exclude,launch,0,0.0,prior,0.0,cluster_patrol,12600.0,43200,100489.74738388143,0,98330.02076482853,2159.7266190529213,0,0,0.0,0,10.956059721120845,29.29253831056467,6968.561876837692,1359.6492882446953,5.125264240629355,2.008658378946178,305.2175176254994,0.0,0.0,0.0,0.7311768794212794,12.731607629427794,0.989010989010989,348.9451890541829,734,0.5010271072387695
core,100,3000000.0,9,1,exclude,launch,0,0.0,prior,0.0,cluster_patrol,12600.0,43200,87034.41163291431,0,85166.66967603775,1867.7419568765574,0,0,0.0,0,10.956059721120845,34.13270316448722,6968.561876837692,1167.496717930928,5.968806395608188,2.007537353264121,304.53945546674106,0.0,0.0,0.0,0.6507831519287142,11.998922413793103,0.9945054945054945,292.907152028654,928,0.5890283584594727
core,100,3000000.0,6,2,exclude,launch,0,0.0,prior,0.0,cluster_patrol,12600.0,43200,125413.21659981781,0,121540.1880711161,3873.0285287016923,0,0,0.0,0,12.049285418414861,26.169604526123877,6306.0645414764385,1520.176962357242,4.1482437226900375,2.01093799880267,306.5986912269443,0.0,0.0,0.0,0.9318866049123802,17.327188940092167,0.9547511312217195,437.3456065790917,434,0.354001522064209
core,100,3000000.0,10,1,exclude,launch,0,0.0,prior,0.0,cluster_patrol,12600.0,43200,81291.36575773082,0,79702.63171704789,1588.7340406829303,0,0,0.0,0,10.956059721120845,32.188080119974664,6968.561876837692,1238.1101500497139,5.628386033793425,2.0074079018916855,304.4612042381422,0.0,0.0,0.0,0.6041252853622869,10.762376237623762,1.0,272.8343954851672,1111,0.6730282306671143
core,100,3000000.0,11,1,exclude,launch,0,0.0,prior,0.0,cluster_patrol,12600.0,43200,77401.45444622687,0,75880.80921799551,1520.6452282313685,0,0,0.0,1,10.956059721120845,33.49634383901652,6968.561876837692,1189.9731447826284,5.856066506535014,2.0070371933849813,304.23717265821006,0.0,0.0,0.0,0.5491941025768351,9.69368029739777,1.0,250.21952947978465,1345,0.7327849864959717
core,100,3000000.0,7,2,exclude,launch,0,0.0,prior,0.0,cluster_patrol,12600.0,43200,108129.90944416041,0,105115.78138899973,3014.1280551606815,0,0,0.0,0,12.049285418414861,30.169516499053444,6306.0645414764385,1319.5913592337106,4.77880102605278,2.0094729930592097,305.7107171147757,0.0,0.0,0.0,0.7949173851866236,15.181818181818182,0.9592760180995475,363.9675556821334,594,0.44075703620910645
core,100,3000000.0,8,2,exclude,launch,0,0.0,prior,0.0,cluster_patrol,12600.0,43200,103156.41353392231,0,100589.21415206046,2567.199381861855,0,0,0.0,0,12.049285418414861,28.336447191918964,6306.0645414764385,1405.2069518560347,4.487641150043572,2.009112703104905,305.49253427030663,0.0,0.0,0.0,0.7221436244018208,12.694369973190348,0.9547511312217195,347.02275883065994,746,0.48175597190856934
core,100,3000000.0,12,1,exclude,launch,0,0.0,prior,0.0,cluster_patrol,12600.0,43200,277979.5605173433,0,269517.83080355386,8461.729713789426,0,1,0.7432053186260087,1,10.956059721120845,44.39206680854768,6968.561876837692,898.1515057123797,7.758782157037628,2.0064808505916765,303.9011107823234,0.0,0.0,0.041821561338289966,0.45663473582610437,8.698206555349412,0.989010989010989,231.35486597516493,1617,0.9177830219268799
core,100,3000000.0,14,1,exclude,launch,0,0.0,prior,0.0,cluster_patrol,12600.0,43200,271661.72365561564,0,263479.8613898532,8181.862265762432,0,1,0.7604894979894626,1,10.956059721120845,37.83964640331388,6968.561876837692,1053.8111722904873,6.6127234746347705,2.0062272221985884,303.7479668080462,0.0,0.0,0.03534956794972506,0.456420055817673,7.722193211488251,0.9835164835164835,220.7959902867765,1915,0.8987817764282227
core,100,3000000.0,9,2,exclude,launch,0,0.0,prior,0.0,cluster_patrol,12600.0,43200,97290.20108034748,0,94469.54701538646,2820.6540649610374,0,0,0.0,0,12.049285418414861,26.240668017928172,6306.0645414764385,1517.469758579637,4.155644292627592,2.0090699380920594,305.4666419883339,0.0,0.0,0.0,0.6733401135245899,11.063403781979977,0.9592760180995475,330.26691108631684,899,0.5498752593994141
core,100,3000000.0,15,1,exclude,launch,0,0.0,prior,0.0,cluster_patrol,12600.0,43200,270870.09580050845,0,262798.7623577992,8071.333442709227,0,1,0.7627120566234984,1,10.956059721120845,35.243321022977256,6968.561876837692,1131.37273616611,6.1593864286071645,2.006353492652514,303.82420565217404,0.0,0.0,0.03208556149732621,0.4462436278673522,7.102369668246445,0.9835164835164835,217.45290352344693,2110,0.9389016628265381
core,100,3000000.0,16,1,exclude,launch,0,0.0,prior,0.0,cluster_patrol,12600.0,43200,270016.36362090375,0,261833.96343669275,8182.400184210995,0,1,0.7651235839019892,1,10.956059721120845,33.06749939964343,6968.561876837692,1205.7761021788137,5.7793166278927215,2.0064205188292785,303.8646782161783,0.0,0.0,0.02987056090275473,0.44506280619638927,6.677704194260485,0.9835164835164835,215.83733810991072,2265,0.9599003791809082
core,100,3000000.0,10,2,exclude,launch,0,0.0,prior,0.0,cluster_patrol,12600.0,43200,96226.17872374044,0,93659.49956504045,2566.679158699976,0,0,0.0,0,12.049285418414861,24.977191743325598,6306.0645414764385,1594.2987017112996,3.955384605599685,2.008984965839474,305.41519838702555,0.0,0.0,0.0,0.6410257171774327,9.637488106565176,0.9547511312217195,324.53531404627057,1051,0.5703847408294678
core,100,3000000.0,17,1,exclude,launch,0,0.0,prior,0.0,cluster_patrol,12600.0,43200,265193.95488359133,0,257041.20056809843,8152.754315492902,0,1,0.7790369427406305,1,10.956059721120845,35.489143960097365,6968.561876837692,1123.8029378762153,6.200875297591779,2.00587700675261,303.5365658140769,0.0,0.0,0.026627218934911243,0.4229188037707344,6.401887534408179,0.9835164835164835,200.2094911227933,2543,1.0579009056091309
core,100,3000000.0,13,1,exclude,launch,0,0.0,prior,0.0,cluster_patrol,12600.0,43200,271944.8497683668,0,263619.36646969133,8325.48329867539,0,1,0.7596977402652808,1,10.956059721120845,41.67707124214881,6968.561876837692,956.7723197421111,7.283406650723342,2.006246039152621,303.7593273931015,0.0,0.0,0.03810330228619814,0.45432666329294413,8.31418918918919,0.9835164835164835,220.46668136374888,1776,1.155900478363037
core,100,3000000.0,4,3,exclude,launch,0,0.0,prior,0.0,cluster_patrol,12600.0,43200,200943.3958961065,0,191056.7509728192,9886.64492328731,0,0,0.0,0,9.881769636333438,18.432572693482555,7762.382610686937,2154.9521315097054,3.6021137069289826,2.0140321742781286,308.47837514136876,0.0,0.0,0.0,1.4621977898671359,25.135135135135137,0.9711538461538461,709.2858934449703,185,0.21300077438354492
core,100,3000000.0,12,2,exclude,launch,0,0.0,prior,0.0,cluster_patrol,12600.0,43200,79373.41782056277,0,77834.8304111514,1538.5874094113751,0,0,0.0,0,12.049285418414861,31.12550233606583,6306.0645414764385,1280.4582722635164,4.924849702699769,2.007281063565342,304.3845423051979,0.0,0.0,0.0,0.529809160919671,8.520026263952724,0.9638009049773756,252.92774042326775,1523,0.7551381587982178
core,100,3000000.0,11,2,exclude,launch,0,0.0,prior,0.0,cluster_patrol,12600.0,43200,85343.45685824747,0,83642.11646501327,1701.34039323419,0,0,0.0,0,12.049285418414861,29.156935557553986,6306.0645414764385,1366.459246858941,4.614893972119617,2.0079432123791054,304.78485581433324,0.0,0.0,0.0,0.5652817967153779,8.94571865443425,0.9592760180995475,280.9456563910105,1308,0.886894941329956
core,100,3000000.0,5,3,exclude,launch,0,0.0,prior,0.0,cluster_patrol,12600.0,43200,165902.4615011326,0,158918.41556334565,6984.045937786947,0,0,0.0,0,9.881769636333438,23.830796899717274,7762.382610686937,1669.1212050034871,4.650580549463884,2.011238375800922,306.780915807746,0.0,0.0,0.0,1.1297508041299047,19.692307692307693,0.9807692307692307,559.9532373083941,299,0.28051042556762695
core,100,3000000.0,13,2,exclude,launch,0,0.0,prior,0.0,cluster_patrol,12600.0,43200,306334.401327007,0,290893.0516342674,15441.349692739532,0,1,0.7616425754386567,1,12.049285418414861,39.695144263491294,6306.0645414764385,1004.2940318487554,6.279101878030596,2.0067428326515673,304.05933932859057,0.0,0.0,0.03768844221105527,0.4489568161567616,7.718819599109131,0.9723502304147466,235.68386260565967,1796,0.8411390781402588
core,100,3000000.0,6,3,exclude,launch,0,0.0,prior,0.0,cluster_patrol,12600.0,43200,127983.41428058357,0,123428.56833827154,4554.845942312035,0,0,0.0,0,9.881769636333438,25.22418946826627,7762.382610686937,1578.1057178303945,4.918797595739522,2.0097251793442585,305.86348134053844,0.0,0.0,0.0,0.9878810885673704,17.376528117359413,0.9855072463768116,462.4301847547742,409,0.34751033782958984
core,100,3000000.0,14,2,exclude,launch,0,0.0,prior,0.0,cluster_patrol,12600.0,43200,300928.00249430427,0,285868.0818540796,15059.920640224644,0,1,0.7753260595167636,1,12.049285418414861,36.065911063022725,6306.0645414764385,1105.381394739573,5.70487668010926,2.0066929695464992,304.0292204803045,0.0,0.0,0.03540519276160504,0.4571120926015774,7.400313971742543,0.9769585253456221,230.5662002670736,1911,0.8681378364562988
core,100,3000000.0,7,3,exclude,launch,0,0.0,prior,0.0,cluster_patrol,12600.0,43200,112055.0992920914,0,108781.98710504334,3273.112187048057,0,0,0.0,0,9.881769636333438,26.1474795785087,7762.382610686937,1523.1556061360072,5.096250559966629,2.00870370782626,305.2449510547334,0.0,0.0,0.0,0.8827162506256812,15.162616822429907,0.9903381642512077,404.83114860550444,535,0.4065096378326416
core,100,3000000.0,15,2,exclude,launch,0,0.0,prior,0.0,cluster_patrol,12600.0,43200,298767.4624191356,0,283793.2851382962,14974.177280839413,0,1,0.780932838144348,1,12.049285418414861,38.24068673567446,6306.0645414764385,1042.532345528336,6.0487950983244,2.006664492113877,304.0120199048669,0.0,0.0,0.029088558500323207,0.4041912161289879,6.499355393210142,0.9769585253456221,215.47047129796928,2327,0.9921398162841797
core,100,3000000.0,8,3,exclude,launch,0,0.0,prior,0.0,cluster_patrol,12600.0,43200,99339.70072110923,0,96411.17400185374,2928.5267192554834,0,0,0.0,0,9.881769636333438,28.850669108514985,7762.382610686937,1381.0890858045218,5.620479294545391,2.007762802861139,304.67576004916145,0.0,0.0,0.0,0.772767240902923,13.310791366906475,0.9855072463768116,354.55138391523485,695,0.477999210357666
core,100,3000000.0,16,2,exclude,launch,0,0.0,prior,0.0,cluster_patrol,12600.0,43200,298021.1540847747,0,282849.8251907595,15171.328894015234,0,1,0.7828884600110975,1,12.049285418414861,37.40859366581184,6306.0645414764385,1065.8059862660868,5.91670962889683,2.006505941676178,303.916263188835,0.0,0.0,0.026761819803746655,0.39809843118168114,6.112998814697748,0.9769585253456221,210.71233062255067,2531,1.0120329856872559
core,100,3000000.0,9,3,exclude,launch,0,0.0,prior,0.0,cluster_patrol,12600.0,43200,87281.22768419291,0,85475.57673191772,1805.6509522751885,0,0,0.0,0,9.881769636333438,29.78166588723879,7762.382610686937,1338.2594795620698,5.800356903301808,2.0072463252964363,304.3635479469523,0.0,0.0,0.0,0.69264052286967,12.217640320733103,0.9806763285024155,307.66736092908445,873,0.5811634063720703
core,100,3000000.0,10,3,exclude,launch,0,0.0,prior,0.0,cluster_patrol,12600.0,43200,81406.41791522845,0,79579.45878210387,1826.9591331245676,0,0,0.0,1,9.881769636333438,30.43366267047579,7762.382610686937,1309.9557949282494,5.9256828671169846,2.0066846289020384,304.02418262029033,0.0,0.0,0.0,0.6546415666464076,11.11089494163424,0.9855072463768116,287.27726742415337,1028,0.6601641178131104
core,100,3000000.0,11,3,exclude,launch,0,0.0,prior,0.0,cluster_patrol,12600.0,43200,191328.47113526505,0,170666.31626134538,20662.15487391968,0,1,0.5904879208376645,1,9.881769636333438,34.92838319309732,7762.382610686937,1141.3440251186541,6.801089277073983,2.0067576830253504,304.0683096991716,0.0,0.0,0.05603985056039851,0.5577306943549233,9.386909693454847,0.9609756097560975,288.61874982941384,1207,0.6401634216308594
core,100,3000000.0,17,2,exclude,launch,0,0.0,prior,0.0,cluster_patrol,12600.0,43200,296979.4259076242,0,281874.08015871403,15105.345748910211,0,1,0.7856346333053241,1,12.049285418414861,36.90067631225463,6306.0645414764385,1080.479694626449,5.8363563636025715,2.00649947953095,303.912360688822,0.0,0.0,0.024232633279483037,0.3845318792274986,5.720214669051878,0.9769585253456221,204.07128720420906,2795,1.13818359375
core,100,3000000.0,5,4,exclude,launch,0,0.0,prior,0.0,cluster_patrol,12600.0,43200,151358.53112390888,0,144306.52226258957,7052.008861319309,0,0,0.0,0,10.702982942635535,24.386313124991545,7141.218427495743,1630.906096241266,4.378681546383352,2.011476138152531,306.9251934155872,0.0,0.0,0.0,1.1526831998532099,20.979310344827585,0.9663461538461539,535.4017471044543,290,0.28316712379455566
core,100,3000000.0,18,2,exclude,launch,0,0.0,prior,0.0,cluster_patrol,12600.0,43200,295935.1382722146,0,280858.79089136404,15076.347380850599,0,1,0.788406958816578,1,12.049285418414861,37.5086122181812,6306.0645414764385,1062.905787215714,5.932853708507129,2.006615762146134,303.98258778031243,0.0,0.0,0.02129673450070989,0.35881718437955645,5.302858938108702,0.967741935483871,193.30834969441423,3183,1.1929738521575928
core,100,3000000.0,12,3,exclude,launch,0,0.0,prior,0.0,cluster_patrol,12600.0,43200,189339.84364569807,0,168623.78987666924,20716.05376902883,0,1,0.5967172743546472,1,9.881769636333438,32.07510354786949,7762.382610686937,1242.8740750724528,6.245510117534982,2.0067570190404593,304.06790861616935,0.0,0.0,0.04947773501924134,0.5409364789729451,8.566617862371888,0.9609756097560975,279.1043201662447,1366,0.6984663009643555
core,100,3000000.0,6,4,exclude,launch,0,0.0,prior,0.0,cluster_patrol,12600.0,43200,133434.56301438675,0,128517.84647045506,4916.716543931694,0,0,0.0,0,10.702982942635535,23.648838873017116,7141.218427495743,1682.795516698356,4.243663806228109,2.010244202918477,306.1780048591164,0.0,0.0,0.0,1.0212145197331588,17.71212121212121,0.9666666666666667,470.8805781005251,396,0.3504669666290283
core,100,3000000.0,19,2,exclude,launch,0,0.0,prior,0.0,cluster_patrol,12600.0,43200,295012.05135843373,0,279884.7354925196,15127.315865914072,0,1,0.7908738687040391,1,12.049285418414861,35.63349428663671,6306.0645414764385,1118.7904577818038,5.636501900435678,2.0067017122105915,304.0345012103209,0.0,0.0,0.020306859205776174,0.3623588681573734,5.094667465548232,0.9723502304147466,192.180868590196,3338,1.274975299835205
core,100,3000000.0,13,3,exclude,launch,0,0.0,prior,0.0,cluster_patrol,12600.0,43200,184439.97021320794,0,163996.0793930958,20443.890820112156,0,1,0.6125450110980202,1,9.881769636333438,31.84500902409901,7762.382610686937,1251.945268696994,6.200257155623033,2.0066113640930245,303.9799314963658,0.0,0.0,0.04271476032273375,0.5096895667088919,7.916666666666667,0.9609756097560975,260.5290722072781,1584,0.7524664402008057
core,100,3000000.0,7,4,exclude,launch,0,0.0,prior,0.0,cluster_patrol,12600.0,43200,110126.81935130902,0,106463.9893835711,3662.829967737921,0,0,0.0,0,10.702982942635535,25.980080547471665,7141.218427495743,1532.5903738572435,4.659574110153537,2.0092010680238435,305.5460387101397,0.0,0.0,0.0,0.8563239855018423,15.38878842676311,0.9666666666666667,388.56595842329403,553,0.4353036880493164
core,100,3000000.0,14,3,exclude,launch,0,0.0,prior,0.0,cluster_patrol,12600.0,43200,179262.94533409044,0,159047.2261991834,20215.719134907056,0,1,0.6302436136866688,1,9.881769636333438,33.10947857753574,7762.382610686937,1204.3767770980069,6.445144707448365,2.006204835424114,303.7344512492606,0.0,0.0,0.03734439834024896,0.48240995446109214,7.508278145695364,0.9560975609756097,240.24893755473403,1812,0.8446903228759766
core,100,3000000.0,8,4,exclude,launch,0,0.0,prior,0.0,cluster_patrol,12600.0,43200,97770.09668092981,0,94660.69859746819,3109.3980834616286,0,0,0.0,0,10.702982942635535,28.01583634415791,7141.218427495743,1421.7895211281063,5.022697327118859,2.008404039180159,305.0636118704578,0.0,0.0,0.0,0.7422336228930588,13.565517241379311,0.9666666666666667,335.26200764915114,725,0.5145261287689209
core,100,3000000.0,9,4,exclude,launch,0,0.0,prior,0.0,cluster_patrol,12600.0,43200,91252.62172576132,0,88213.94808768474,3038.6736380765765,0,0,0.0,0,10.702982942635535,29.77412851255985,7141.218427495743,1338.275722180514,5.336133884174651,2.0077300952823185,304.6559834813133,0.0,0.0,0.0,0.6657014270136286,11.94188596491228,0.9666666666666667,303.3115228584556,912,0.5955257415771484
core,100,3000000.0,10,4,exclude,launch,0,0.0,prior,0.0,cluster_patrol,12600.0,43200,86664.96672520583,0,84421.07530611374,2243.891419092091,0,0,0.0,0,10.702982942635535,28.833773806425995,7141.218427495743,1382.2354411456477,5.166426945019467,2.007273150662755,304.3797600138217,0.0,0.0,0.0,0.6483192321149522,10.70837343599615,0.9619047619047619,296.67686996812785,1039,0.6305265426635742
core,100,3000000.0,15,3,exclude,launch,0,0.0,prior,0.0,cluster_patrol,12600.0,43200,176538.05818143662,0,156269.63396368112,20268.42421775551,0,1,0.6400241577063801,1,9.881769636333438,33.97364093740007,7762.382610686937,1173.8520612662687,6.612743519241621,2.0060166234376715,303.6208339898801,0.0,0.0,0.03251445086705202,0.4524765594202638,6.970220941402498,0.9609756097560975,224.98081896476066,2082,0.9276912212371826
core,100,3000000.0,11,4,exclude,launch,0,0.0,prior,0.0,cluster_patrol,12600.0,43200,78970.5434616282,0,77208.7059453451,1761.8375162831096,0,0,0.0,1,10.702982942635535,30.83919538953113,7141.218427495743,1292.680039008948,5.524351124792383,2.006762171481486,304.0710209778352,0.0,0.0,0.0,0.5899618536129352,9.738645418326692,0.9619047619047619,269.61300683534506,1255,0.6880350112915039
core,100,3000000.0,5,5,exclude,launch,0,0.0,prior,0.0,cluster_patrol,12600.0,43200,154291.81958176562,0,148218.48645243613,6073.333129329497,0,0,0.0,0,11.54863554522297,23.34031961917321,6593.891938148332,1704.0475496911315,3.869546914546788,2.011414047793174,306.88751282201207,0.0,0.0,0.0,1.1981025244129797,20.380782918149468,0.9730941704035875,574.9036726835301,281,0.28951120376586914
core,100,3000000.0,6,5,exclude,launch,0,0.0,prior,0.0,cluster_patrol,12600.0,43200,125805.76649935877,0,121242.07646881985,4563.690030538916,0,0,0.0,0,11.54863554522297,23.15905670620956,6593.891938148332,1718.151836244071,3.8377818531817116,2.010516215897293,306.3429067774153,0.0,0.0,0.0,0.9839165937090841,17.476885644768856,0.9820627802690582,457.48365298555893,411,0.34051084518432617
core,100,3000000.0,12,4,exclude,launch,0,0.0,prior,0.0,cluster_patrol,12600.0,43200,257621.88072794452,0,240992.65463099215,16629.226096952363,0,1,0.7164248754771266,1,10.702982942635535,40.26911378909808,7141.218427495743,990.1552283228077,7.21222109748592,2.0063866518312405,303.8442278952284,0.0,0.0,0.043689320388349516,0.4774590932886338,8.578709677419354,0.966183574879227,245.72957211753268,1550,0.7657356262207031
core,100,3000000.0,13,4,exclude,launch,0,0.0,prior,0.0,cluster_patrol,12600.0,43200,255279.1806698847,0,239018.52845358517,16260.652216299526,0,1,0.722999515026551,1,10.702982942635535,38.707667639155645,7141.218427495743,1030.1690513475262,6.932084028494719,2.0062473915967196,303.76014392856075,0.0,0.0,0.03844510892780863,0.45861757022927924,7.786606129398411,0.9710144927536232,238.15002802250962,1762,0.8088133335113525
core,100,3000000.0,7,5,exclude,launch,0,0.0,prior,0.0,cluster_patrol,12600.0,43200,103155.68486837194,0,99982.7201800448,3172.96468832715,0,0,0.0,0,11.54863554522297,27.321903956998575,6593.891938148332,1457.5471155862751,4.52396486373344,2.008891236859591,305.35845834362254,0.0,0.0,0.0,0.855649843991833,15.698181818181817,0.9865470852017937,380.3191873711655,550,0.42159008979797363
core,100,3000000.0,14,4,exclude,launch,0,0.0,prior,0.0,cluster_patrol,12600.0,43200,252819.81315451703,0,236774.64446500933,16045.168689507705,0,1,0.7300326723519056,1,10.702982942635535,35.91476491569208,7141.218427495743,1110.3528974124797,6.43148538103277,2.0061154783322728,303.6805067219333,0.0,0.0,0.03592814371257485,0.4639323126602229,7.280254777070064,0.9710144927536232,237.60115637446143,1884,0.8338148593902588
core,100,3000000.0,8,5,exclude,launch,0,0.0,prior,0.0,cluster_patrol,12600.0,43200,98932.17832453799,0,96518.4414745553,2413.736849982714,0,0,0.0,0,11.54863554522297,25.731384106986045,6593.891938148332,1547.8571156113,4.260013325289515,2.0086116218138215,305.18922109737224,0.0,0.0,0.0,0.7729076192543826,13.076258992805755,0.9775784753363229,362.0544520381261,695,0.4600956439971924
core,100,3000000.0,15,4,exclude,launch,0,0.0,prior,0.0,cluster_patrol,12600.0,43200,250320.44945131245,0,234287.1812574381,16033.268193874354,0,1,0.7373217978205974,1,10.702982942635535,33.59969987121697,7141.218427495743,1186.882297154611,6.016787380362689,2.0060739421925806,303.6554331476761,0.0,0.0,0.033482142857142856,0.465312287268605,6.893175074183977,0.966183574879227,234.0655469676386,2022,0.9113211631774902
core,100,3000000.0,9,5,exclude,launch,0,0.0,prior,0.0,cluster_patrol,12600.0,43200,92508.56300822104,0,89929.33135646625,2579.23165175478,0,0,0.0,0,11.54863554522297,25.35490971686595,6593.891938148332,1571.168970380379,4.196806366760129,2.0081910400414413,304.93475196595307,0.0,0.0,0.0,0.7193429846436643,11.531510107015459,0.9910313901345291,339.2179106045893,841,0.5300962924957275
core,100,3000000.0,16,4,exclude,launch,0,0.0,prior,0.0,cluster_patrol,12600.0,43200,249701.0351884642,0,233640.48115729305,16060.554031171128,0,1,0.7391508156199657,1,10.702982942635535,31.77474430038029,7141.218427495743,1255.0130433361392,5.69015474812325,2.0061328209743046,303.6909760325136,0.0,0.0,0.030938466827088347,0.46083571466799406,6.422567382366378,0.966183574879227,231.7465876899733,2189,0.9083216190338135
core,100,3000000.0,10,5,exclude,launch,0,0.0,prior,0.0,cluster_patrol,12600.0,43200,82636.3005503177,0,80890.26420757739,1746.0363427402879,0,0,0.0,0,11.54863554522297,27.006174152627203,6593.891938148332,1475.6247236545744,4.4685425992441425,2.0074789496031444,304.50415016803646,0.0,0.0,0.0,0.6643370604250269,10.687747035573123,0.9865470852017937,304.24141882593176,1012,0.6090543270111084
core,100,3000000.0,17,4,exclude,launch,0,0.0,prior,0.0,cluster_patrol,12600.0,43200,245992.5149478061,0,230035.01489379667,15957.500054009433,0,1,0.7502940642720914,1,10.702982942635535,33.19061224954526,7141.218427495743,1201.61269987077,5.943028421939748,2.0059043194107176,303.55304994274184,0.0,0.0,0.027214998488055638,0.43255644707499413,6.136655948553055,0.966183574879227,214.1242460032842,2488,1.036787986755371
core,100,3000000.0,11,5,exclude,launch,0,0.0,prior,0.0,cluster_patrol,12600.0,43200,78790.45279798703,0,76954.60776712894,1835.8450308580962,0,0,0.0,0,11.54863554522297,29.330065487296693,6593.891938148332,1359.0605980554637,4.85180127183647,2.006957301011604,304.18890181817227,0.0,0.0,0.0,0.5959828862696571,9.461724415793714,0.9865470852017937,279.7380040405562,1241,0.661052942276001
core,100,3000000.0,5,6,exclude,launch,0,0.0,prior,0.0,cluster_patrol,12600.0,43200,145548.4905654174,0,139742.06163301936,5806.428932398054,0,0,0.0,0,10.104296583726496,26.488082679022003,7584.090639439221,1501.4345500758,5.051229598423946,2.011560311409884,306.97627908589845,0.0,0.0,0.0,1.0942851336131223,21.216828478964402,0.9820627802690582,501.6801997733058,309,0.3034703731536865
core,100,3000000.0,6,6,exclude,launch,0,0.0,prior,0.0,cluster_patrol,12600.0,43200,133504.39528964067,0,128126.66136500638,5377.733924634273,0,0,0.0,0,10.104296583726496,23.99469851093279,7584.090639439221,1658.0682796014196,4.5740520657341985,2.0108157516564815,306.52454513905735,0.0,0.0,0.0,0.9448488199979905,16.91142191142191,0.9864864864864865,451.5437224813762,429,0.34697437286376953
core,100,3000000.0,13,5,exclude,launch,0,0.0,prior,0.0,cluster_patrol,12600.0,43200,234109.81546646944,0,222309.28404219096,11800.531424278477,0,1,0.7139224214336597,1,11.54863554522297,32.832203438863026,6593.891938148332,1214.2957552674588,5.43021904634425,2.00662158676918,303.9861056849104,0.0,0.0,0.04245283018867924,0.5062034039190813,8.117314930991217,0.9775784753363229,252.25308494670804,1594,0.7771542072296143
core,100,3000000.0,12,5,exclude,launch,0,0.0,prior,0.0,cluster_patrol,12600.0,43200,76753.88683253892,0,74785.88054756777,1968.006284971146,0,0,0.0,1,11.54863554522297,28.47041260191515,6593.891938148332,1400.2171535120797,4.70919237177553,2.0067849352118117,304.0847717308355,0.0,0.0,0.0,0.5755098806991353,8.585887384176765,0.9865470852017937,272.98671463389616,1403,0.8921546936035156
core,100,3000000.0,7,6,exclude,launch,0,0.0,prior,0.0,cluster_patrol,12600.0,43200,111025.35278124218,0,107387.42142703498,3637.9313542072036,0,0,0.0,0,10.104296583726496,24.632465938497173,7584.090639439221,1615.734662874474,4.693896104170185,2.010074036345957,306.0748676700639,0.0,0.0,0.0,0.8127929370788531,14.77508650519031,0.9864864864864865,382.85255535795216,578,0.42310023307800293
core,100,3000000.0,14,5,exclude,launch,0,0.0,prior,0.0,cluster_patrol,12600.0,43200,230277.330549369,0,218640.37032202331,11636.960227345679,0,1,0.725804168132722,1,11.54863554522297,32.295061112035704,6593.891938148332,1234.5492381933038,5.341133212149672,2.006529090492062,303.9302430020332,0.0,0.0,0.03745318352059925,0.4836311291079883,7.778516057585825,0.9775784753363229,232.45522678207112,1806,0.8350765705108643
core,100,3000000.0,9,6,exclude,launch,0,0.0,prior,0.0,cluster_patrol,12600.0,43200,89264.24642615505,0,86905.7620331982,2358.48439295685,0,0,0.0,0,10.104296583726496,28.10589099035155,7584.090639439221,1417.3366828685062,5.3509450020654254,2.008258445462881,304.9755278541675,0.0,0.0,0.0,0.6652359687017485,11.861538461538462,0.9864864864864865,303.4528155234218,910,0.5831503868103027
core,100,3000000.0,8,6,exclude,launch,0,0.0,prior,0.0,cluster_patrol,12600.0,43200,100600.76582734777,0,97564.1261024498,3036.639724897983,0,0,0.0,0,10.104296583726496,24.816956057342146,7584.090639439221,1604.2363547141579,4.727539440901494,2.00943110814372,305.68534862647755,0.0,0.0,0.0,0.7377466130470302,12.885674931129477,0.9864864864864865,348.726349557964,726,0.598151445388794
core,100,3000000.0,15,5,exclude,launch,0,0.0,prior,0.0,cluster_patrol,12600.0,43200,226086.65872086954,0,214723.84387958655,11362.81484128299,0,1,0.7392574479397207,1,11.54863554522297,36.57945426224152,6593.891938148332,1090.295835147725,6.047800721218861,2.0058959986051024,303.54802800292686,0.0,0.0,0.031512605042016806,0.43807592949910873,7.246626337831549,0.9775784753363229,209.71988710076926,2149,0.9991245269775391
core,100,3000000.0,16,5,exclude,launch,0,0.0,prior,0.0,cluster_patrol,12600.0,43200,224434.21839968872,0,213112.75967983218,11321.458719856559,0,1,0.7447003738153779,1,11.54863554522297,36.49076591962986,6593.891938148332,1093.0341583708966,6.032649471793399,2.005733709961529,303.4500886058941,0.0,0.0,0.028409090909090908,0.4231600746040235,6.776845637583893,0.9910313901345291,201.92603068675328,2384,1.0766336917877197
core,100,3000000.0,10,6,exclude,launch,0,0.0,prior,0.0,cluster_patrol,12600.0,43200,86432.32793329959,0,84316.43400362413,2115.893929675452,0,0,0.0,0,10.104296583726496,26.986971206247947,7584.090639439221,1476.283789894261,5.137285047329845,2.0080105499545233,304.8255806458861,0.0,0.0,0.0,0.6348785192824128,10.50802644003777,0.9864864864864865,293.9687494255099,1059,0.6236565113067627
core,100,3000000.0,4,7,exclude,launch,0,0.0,prior,0.0,cluster_patrol,12600.0,43200,183298.6351025059,0,174585.08135774228,8713.553744763654,0,0,0.0,0,9.578630957114198,20.316836705689603,8018.5908986554505,1954.3637625686247,4.1029162800872845,2.014784010201211,308.93597620801535,0.0,0.0,0.0,1.3852859687868124,25.5,0.973568281938326,662.6866931171099,194,0.24850773811340332
core,100,3000000.0,11,6,exclude,launch,0,0.0,prior,0.0,cluster_patrol,12600.0,43200,353523.049931662,0,312360.72918379254,41162.32074786944,0,1,0.7814348508468997,1,10.104296583726496,34.239154170378875,7584.090639439221,1163.9980424944563,6.515552743702609,2.0073112079847215,304.4027609194915,0.0,0.0,0.05521472392638037,0.548934932099553,9.50326797385621,0.954954954954955,280.7983320633321,1224,0.6491570472717285
core,100,3000000.0,5,7,exclude,launch,0,0.0,prior,0.0,cluster_patrol,12600.0,43200,147691.26718218217,0,140822.77868479863,6868.488497383548,0,0,0.0,0,9.578630957114198,26.57010107120675,8018.5908986554505,1496.6978607394583,5.35752145372466,2.0116973444846282,307.0594550511745,0.0,0.0,0.0,1.0912119936136921,20.50814332247557,0.960352422907489,518.1278686553825,307,0.29350972175598145
core,100,3000000.0,18,5,exclude,launch,0,0.0,prior,0.0,cluster_patrol,12600.0,43200,221423.0623735664,0,210134.8625202285,11288.199853337926,0,1,0.7548276342471933,1,11.54863554522297,35.987632267196744,6593.891938148332,1108.301233772472,5.949548495677323,2.0057596771959485,303.46575848198944,0.0,0.0,0.02302968270214944,0.388358711135141,5.997619857191432,0.9820627802690582,185.02382761401373,2941,1.2081282138824463
core,100,3000000.0,12,6,exclude,launch,0,0.0,prior,0.0,cluster_patrol,12600.0,43200,348001.0631859071,0,306961.6712313277,41039.39195457935,0,1,0.7938388044995637,1,10.104296583726496,34.272991289922544,7584.090639439221,1163.028640188526,6.520983557386726,2.0070008980473686,304.215242600462,0.0,0.0,0.04716981132075472,0.5155624073578258,8.884856943475226,0.9684684684684685,256.3074487716127,1433,0.761559009552002
core,100,3000000.0,17,5,exclude,launch,0,0.0,prior,0.0,cluster_patrol,12600.0,43200,222379.49673364346,0,210955.17002769606,11424.32670594738,0,1,0.7515811879878331,1,11.54863554522297,38.261514779761185,6593.891938148332,1042.505801703663,6.3250409996496835,2.0056232089181867,303.38341149447325,0.0,0.0,0.02451648052301825,0.38909528063076443,6.3233164373642285,0.9865470852017937,186.78199038896616,2762,1.33412766456604
core,100,3000000.0,6,7,exclude,launch,0,0.0,prior,0.0,cluster_patrol,12600.0,43200,123122.91859069862,0,118074.58569847546,5048.332892223155,0,0,0.0,0,9.578630957114198,24.53237670458059,8018.5908986554505,1621.759095432317,4.944378558590979,2.010777513449285,306.50135450841583,0.0,0.0,0.0,0.9498354289101265,17.53301886792453,0.973568281938326,439.49416307349924,424,0.3619999885559082
core,100,3000000.0,7,7,exclude,launch,0,0.0,prior,0.0,cluster_patrol,12600.0,43200,110544.91185923836,0,106821.26186707287,3723.6499921654845,0,0,0.0,0,9.578630957114198,24.150054290562156,8018.5908986554505,1648.1197515130448,4.8652962815924266,2.009940084501625,305.9936922849449,0.0,0.0,0.0,0.8567180603578939,14.76416819012797,0.973568281938326,404.2948819075892,547,0.4098203182220459
core,100,3000000.0,13,6,exclude,launch,0,0.0,prior,0.0,cluster_patrol,12600.0,43200,345623.6532793527,0,304680.8091437828,40942.84413556991,0,1,0.799298426373005,1,10.104296583726496,31.776799972248863,7584.090639439221,1254.2691211432755,6.046621503785621,2.007192826983089,304.33121721785585,0.0,0.0,0.041589648798521256,0.49557171862423205,8.105166051660516,0.9684684684684685,247.06935569155272,1626,0.8013780117034912
core,100,3000000.0,14,6,exclude,launch,0,0.0,prior,0.0,cluster_patrol,12600.0,43200,343812.65792897856,0,302976.5976986377,40836.06023034084,0,1,0.8035075789678554,1,10.104296583726496,30.13904282102313,7584.090639439221,1322.4290568748322,5.734969751316539,2.0071884456990823,304.3285695449198,0.0,0.0,0.03786285233487589,0.48867595896282345,7.596864501679732,0.972972972972973,240.08610221699504,1786,0.8273794651031494
core,100,3000000.0,15,6,exclude,launch,0,0.0,prior,0.0,cluster_patrol,12600.0,43200,339395.60893230094,0,298669.3727751833,40726.2361571176,0,1,0.8139661596460609,1,10.104296583726496,32.601596292932925,7584.090639439221,1222.847413916685,6.201992622405743,2.0066833735386895,304.02342436777093,0.0,0.0,0.03252620166245031,0.45168668394867323,7.126022126022126,0.972972972972973,219.44450834479275,2079,0.989882230758667
core,100,3000000.0,9,7,exclude,launch,0,0.0,prior,0.0,cluster_patrol,12600.0,43200,89971.95345374571,0,87339.02268195568,2632.9307717900247,0,0,0.0,0,9.578630957114198,26.484532224350335,8018.5908986554505,1504.096031526094,5.331169506856277,2.008270065393929,304.9825574308435,0.0,0.0,0.0,0.7123765105142176,11.608490566037736,0.9734513274336283,331.64498528592367,848,0.5823204517364502
core,100,3000000.0,8,7,exclude,launch,0,0.0,prior,0.0,cluster_patrol,12600.0,43200,95623.02322976965,0,92801.6847666442,2821.3384631254403,0,0,0.0,0,9.578630957114198,27.041794788409874,8018.5908986554505,1472.8665048464527,5.444207517972848,2.0085890393298773,305.17555507690946,0.0,0.0,0.0,0.7806201645816003,13.442503639010189,0.9647577092511013,353.6729866613255,687,0.6053247451782227
core,100,3000000.0,5,8,exclude,launch,0,0.0,prior,0.0,cluster_patrol,12600.0,43200,134339.78858287737,0,130286.66773295561,4053.1208499217655,0,0,0.0,0,11.375354133388866,27.87545215189027,6699.414751861177,1426.6839024106057,4.695794731083366,2.011593878775521,306.9966526728312,0.0,0.0,0.0,1.028982185476816,20.74617737003058,0.988950276243094,485.77795258834004,327,0.31050562858581543
core,100,3000000.0,10,7,exclude,launch,0,0.0,prior,0.0,cluster_patrol,12600.0,43200,236558.3850435681,0,213927.5199391906,22630.865104377477,0,1,0.6615538987276262,1,9.578630957114198,35.6991421292096,8018.5908986554505,1116.2298960194244,7.183637463259552,2.007606333207166,304.5811568157569,0.0,0.0,0.06550218340611354,0.5864239873003083,10.393998063891578,0.960352422907489,304.4618773957466,1033,0.5908312797546387
core,100,3000000.0,6,8,exclude,launch,0,0.0,prior,0.0,cluster_patrol,12600.0,43200,113416.93079051068,0,110416.61672531371,3000.3140651969643,0,0,0.0,0,11.375354133388866,31.588610372809672,6699.414751861177,1260.1546674536214,5.3163432433247255,2.00972027338243,305.860509143847,0.0,0.0,0.0,0.8959549103757678,17.555555555555557,0.9834254143646409,416.2435794286738,450,0.3856089115142822
core,100,3000000.0,11,7,exclude,launch,0,0.0,prior,0.0,cluster_patrol,12600.0,43200,232197.50025633103,0,209635.35639746313,22562.143858867905,0,1,0.6741086348932768,1,9.578630957114198,33.17448964622031,8018.5908986554505,1201.185392308213,6.675564779593952,2.0075931005404706,304.5731568770276,0.0,0.0,0.05511328842620943,0.5478792693690835,9.382233088834555,0.9559471365638766,283.99835594818325,1227,0.6594276428222656
core,100,3000000.0,12,7,exclude,launch,0,0.0,prior,0.0,cluster_patrol,12600.0,43200,225439.6928137144,0,203105.55694800452,22334.135865709868,0,1,0.6943142954683095,1,9.578630957114198,34.095597312543525,8018.5908986554505,1168.8992065190962,6.859950673193011,2.007310794304818,304.4025108969009,0.0,0.0,0.045824847250509164,0.500636929697786,8.7920054200542,0.9601769911504425,251.5421340717757,1476,0.7726547718048096
core,100,3000000.0,7,8,exclude,launch,0,0.0,prior,0.0,cluster_patrol,12600.0,43200,103246.57048321704,0,100839.5321661896,2407.0383170274417,0,0,0.0,0,11.375354133388866,30.63605161767054,6699.414751861177,1299.7949294788475,5.15420902168568,2.0090111910771045,305.43107511565125,0.0,0.0,0.0,0.7836185087622589,14.667221297836939,0.9779005524861878,373.2537946001725,601,0.4243299961090088
core,100,3000000.0,8,8,exclude,launch,0,0.0,prior,0.0,cluster_patrol,12600.0,43200,94088.9364567238,0,91943.21710211875,2145.719354605021,0,0,0.0,0,11.375354133388866,30.717634307335967,6699.414751861177,1296.8160383933835,5.166048655722238,2.0082780805130387,304.9874062929174,0.0,0.0,0.0,0.7184794683867057,13.061251664447404,0.9834254143646409,335.9735966395557,751,0.5073304176330566
core,100,3000000.0,16,6,exclude,launch,0,0.0,prior,0.0,cluster_patrol,12600.0,43200,337686.4452673056,0,297068.2440102795,40618.20125702609,0,1,0.8180838076836119,1,10.104296583726496,31.778150907010048,7584.090639439221,1254.5513977417766,6.045261001733984,2.006655895096748,304.00682733991056,0.0,0.0,0.029693170570768722,0.4418147984366308,6.645302897278314,0.972972972972973,215.58026515355442,2278,1.382674217224121
core,100,3000000.0,9,8,exclude,launch,0,0.0,prior,0.0,cluster_patrol,12600.0,43200,84725.50588127488,0,83026.65753758006,1698.8483436948197,0,0,0.0,0,11.375354133388866,29.48119041357679,6699.414751861177,1351.4307490164254,4.957275655254276,2.007942051219792,304.78415358514854,0.0,0.0,0.0,0.6671221688206033,11.88901098901099,0.9834254143646409,304.6962998636317,910,0.5768415927886963
core,100,3000000.0,14,7,exclude,launch,0,0.0,prior,0.0,cluster_patrol,12600.0,43200,218933.9895542595,0,196863.7250342416,22070.264520017885,0,1,0.7149429626391701,1,9.578630957114198,35.85903941903312,8018.5908986554505,1111.7791448051864,7.212395497903069,2.0066554652103026,304.00656769133144,0.0,0.0,0.03435114503816794,0.44329476627673087,7.731979695431472,0.9646017699115044,214.07842636797557,1970,0.9281654357910156
core,100,3000000.0,10,8,exclude,launch,0,0.0,prior,0.0,cluster_patrol,12600.0,43200,78351.75389961126,0,76899.68505476942,1452.0688448418384,0,0,0.0,0,11.375354133388866,30.679347364954086,6699.414751861177,1298.979238858793,5.157445593777842,2.0074357785589374,304.4780543761956,0.0,0.0,0.0,0.6086455848335574,10.72875226039783,0.9779005524861878,277.47625898890607,1106,0.6258435249328613
core,100,3000000.0,15,7,exclude,launch,0,0.0,prior,0.0,cluster_patrol,12600.0,43200,217461.03181728465,0,195323.63975209533,22137.392065189295,0,1,0.7197410812128496,1,9.578630957114198,35.780771300092894,8018.5908986554505,1114.3133471231322,7.19599286803606,2.0064713199553497,303.89535536779914,0.0,0.0,0.03068530514831231,0.4265889574240797,7.240816326530612,0.9646017699115044,204.24855061761326,2205,0.9873447418212891
core,100,3000000.0,11,8,exclude,launch,0,0.0,prior,0.0,cluster_patrol,12600.0,43200,77836.8615882496,0,76414.91104425634,1421.9505439932605,0,0,0.0,0,11.375354133388866,29.789009257502556,6699.414751861177,1338.0445469652589,5.006869739169544,2.00707386175384,304.2593289083378,0.0,0.0,0.0,0.5944713865820112,9.480738362760835,0.988950276243094,278.91811796107055,1246,0.6503338813781738
core,100,3000000.0,13,7,exclude,launch,0,0.0,prior,0.0,cluster_patrol,12600.0,43200,222278.6721120844,0,200103.45385957585,22175.218252508545,0,1,0.7041802091794527,1,9.578630957114198,33.969741747835776,8018.5908986554505,1173.4454110606182,6.833373604834204,2.0069421348206586,304.1797388631556,0.0,0.0,0.0406871609403255,0.48474373062354026,8.175797712221554,0.9646017699115044,240.39261459491712,1661,1.1551663875579834
core,100,3000000.0,4,9,exclude,launch,0,0.0,prior,0.0,cluster_patrol,12600.0,43200,201907.0056324968,0,192165.65178352012,9741.353848976683,0,0,0.0,0,9.704835701495995,18.55544459376508,7909.979841733408,2140.3358833637985,3.695672208841311,2.0143581486952766,308.67673614735264,0.0,0.0,0.0,1.4986496686618822,25.594444444444445,0.9831460674157303,715.4772348772957,180,0.21199989318847656
core,100,3000000.0,12,8,exclude,launch,0,0.0,prior,0.0,cluster_patrol,12600.0,43200,219252.38646652963,0,214296.32892782832,4956.057538701301,0,1,0.6924901886777332,1,11.375354133388866,36.33677619809297,6699.414751861177,1097.0281285523417,6.1068760020783115,2.006900446710679,304.1545528758496,0.0,0.0,0.04536290322580645,0.49592693993867704,8.912751677852349,0.9888888888888889,245.27063303060407,1490,0.7417352199554443
core,100,3000000.0,5,9,exclude,launch,0,0.0,prior,0.0,cluster_patrol,12600.0,43200,161379.03703858337,0,154578.35646858794,6800.680569995427,0,0,0.0,0,9.704835701495995,24.891989688724813,7909.979841733408,1597.6932342343537,4.950875219499835,2.0115784690357446,306.9872997050103,0.0,0.0,0.0,1.0972001885829352,20.04248366013072,0.9831460674157303,537.2469719879116,306,0.2929966449737549
core,100,3000000.0,13,8,exclude,launch,0,0.0,prior,0.0,cluster_patrol,12600.0,43200,217507.70471975932,0,212685.71069972037,4821.9940200389765,0,1,0.6980448194599448,1,11.375354133388866,34.889617736424555,6699.414751861177,1142.6286772346339,5.8631599970648045,2.0067286734486682,304.05078658311453,0.0,0.0,0.04044943820224719,0.48225787114898455,8.166766288105201,0.9833333333333333,238.80756189778205,1673,0.8067376613616943
core,100,3000000.0,6,9,exclude,launch,0,0.0,prior,0.0,cluster_patrol,12600.0,43200,142461.56089229503,0,137798.37181618327,4663.18907611178,0,0,0.0,0,9.704835701495995,24.288008059003467,7909.979841733408,1638.0810773753794,4.828808507090014,2.0107713801278955,306.4976348656951,0.0,0.0,0.0,0.915086617441525,16.289592760180994,0.9887640449438202,458.86452213739005,442,0.3540043830871582
core,100,3000000.0,7,9,exclude,launch,0,0.0,prior,0.0,cluster_patrol,12600.0,43200,123298.15011872847,0,119153.45385491065,4144.696263817827,0,0,0.0,0,9.704835701495995,23.920645951084037,7909.979841733408,1663.9636915578471,4.753697380456585,2.009894391459892,305.96600457064386,0.0,0.0,0.0,0.83224970828788,14.258407079646018,0.9887640449438202,407.6815212716999,565,0.4011399745941162
core,100,3000000.0,14,8,exclude,launch,0,0.0,prior,0.0,cluster_patrol,12600.0,43200,215577.06768763473,0,210598.3332112999,4978.73447633481,0,1,0.7042962783604068,1,11.375354133388866,33.92724283771631,6699.414751861177,1175.0661815182636,5.701308451584478,2.0066844821924015,304.024094006095,0.0,0.0,0.035842293906810034,0.46273205491924646,7.5998940116587175,0.9888888888888889,226.99158608403067,1887,0.879650354385376
core,100,3000000.0,8,9,exclude,launch,0,0.0,prior,0.0,cluster_patrol,12600.0,43200,100570.6642284907,0,98078.62934162765,2492.0348868630567,0,0,0.0,0,9.704835701495995,27.406943389856846,7909.979841733408,1453.4212820873363,5.442317337182143,2.008342917575193,305.0266318272157,0.0,0.0,0.0,0.7689137583096709,13.306704707560627,0.9887640449438202,352.2993356954789,701,0.4661390781402588
core,100,3000000.0,9,9,exclude,launch,0,0.0,prior,0.0,cluster_patrol,12600.0,43200,92007.89261333896,0,89765.2832610354,2242.609352303562,0,0,0.0,0,9.704835701495995,27.75079192184425,7909.979841733408,1435.7315917086032,5.509372286166718,2.0078966228524426,304.7566807072077,0.0,0.0,0.0,0.6933480408486766,12.057273768613975,0.9887640449438202,312.48447944450396,873,0.5424880981445312
core,100,3000000.0,15,8,exclude,launch,0,0.0,prior,0.0,cluster_patrol,12600.0,43200,212338.14025198884,0,207458.73370447097,4879.406547517851,0,1,0.7150393532319281,1,11.375354133388866,35.66524970755923,6699.414751861177,1118.0811759015846,5.991885827483845,2.006186863022975,303.7236009960045,0.0,0.0,0.031746031746031744,0.441428252356626,7.132332238385734,0.9833333333333333,214.89590581553014,2131,0.9919979572296143
core,100,3000000.0,4,10,exclude,launch,0,0.0,prior,0.0,cluster_patrol,12600.0,43200,213663.39215970974,0,199947.24761034694,13716.144549362782,0,0,0.0,0,9.684680006655784,17.33397443150348,7927.135773030543,2290.502999300574,3.460871160374453,2.0149346743899286,309.02771798369713,0.0,0.0,0.0,1.5163971726442063,25.10112359550562,0.9583333333333334,737.5421222833593,178,0.21034765243530273
core,100,3000000.0,10,9,exclude,launch,0,0.0,prior,0.0,cluster_patrol,12600.0,43200,87975.44542833832,0,86138.7474663919,1836.6979619464332,0,0,0.0,1,9.704835701495995,28.89939463931801,7909.979841733408,1379.2109874297598,5.735148511595109,2.007107034714209,304.2793738112538,0.0,0.0,0.0,0.6672102119822904,10.70763131813677,0.9887640449438202,304.68892054891654,1009,0.5694880485534668
core,100,3000000.0,16,8,exclude,launch,0,0.0,prior,0.0,cluster_patrol,12600.0,43200,208488.16865456168,0,203823.23411336908,4664.934541192613,0,1,0.7282433696456626,1,11.375354133388866,35.49228224747759,6699.414751861177,1123.5289654512223,5.962832252545099,2.006188733384917,303.72473015722306,0.0,0.0,0.028089887640449437,0.41826234951626917,6.726669431771049,0.9833333333333333,201.25449686805345,2411,1.0194106101989746
core,100,3000000.0,17,8,exclude,launch,0,0.0,prior,0.0,cluster_patrol,12600.0,43200,207187.85900540647,0,202544.3825436078,4643.476461798686,0,1,0.7328138202745277,1,11.375354133388866,34.592725582284025,6699.414751861177,1152.7801840168027,5.811528377003684,2.006128292502368,303.6882422921191,0.0,0.0,0.025899280575539568,0.41174684507196785,6.341108986615679,0.9888888888888889,196.83335348655652,2615,1.0958976745605469
core,100,3000000.0,5,10,exclude,launch,0,0.0,prior,0.0,cluster_patrol,12600.0,43200,149093.3087514359,0,142880.88076309825,6212.427988337658,0,0,0.0,0,9.684680006655784,25.493986097114306,7927.135773030543,1560.0029050327796,5.081487827655022,2.011531487834782,306.9587852643744,0.0,0.0,0.0,1.1288031343851375,21.177852348993287,0.9534883720930233,524.649441655745,298,0.29041004180908203
core,100,3000000.0,11,9,exclude,launch,0,0.0,prior,0.0,cluster_patrol,12600.0,43200,272100.2493853184,0,263211.04638484266,8889.203000475733,0,1,0.7231803247158148,1,9.704835701495995,40.246962636780594,7909.979841733408,990.5865193282195,7.985147876934237,2.0066168878188266,303.98326765261817,0.0,0.0,0.05235602094240838,0.5206997793088295,9.668213457076567,0.9943181818181818,260.9400219267907,1293,0.6958978176116943
core,100,3000000.0,6,10,exclude,launch,0,0.0,prior,0.0,cluster_patrol,12600.0,43200,154188.78917535202,0,148291.39986705495,5897.389308297082,0,0,0.0,0,9.684680006655784,22.707491273251485,7927.135773030543,1752.0463338637883,4.524501218839816,2.0108294812002567,306.53287201907426,0.0,0.0,0.0,0.9941156531800824,16.076354679802957,0.958139534883721,506.6773149683955,406,0.32291507720947266
core,100,3000000.0,12,9,exclude,launch,0,0.0,prior,0.0,cluster_patrol,12600.0,43200,267934.9443666743,0,259201.50677378805,8733.437592886268,0,1,0.7344228546629397,1,9.704835701495995,38.820354112559706,7909.979841733408,1027.1494328895376,7.700904647808989,2.006304575822619,303.79466979646253,0.0,0.0,0.04613018964633521,0.5045218846077619,8.982970027247957,0.9943181818181818,247.48954583557548,1468,0.7514111995697021
core,100,3000000.0,18,8,exclude,launch,0,0.0,prior,0.0,cluster_patrol,12600.0,43200,206778.35835966052,0,202088.1456659098,4690.2126937507055,0,1,0.7342650733698457,1,11.375354133388866,34.69187267331792,6699.414751861177,1149.6186040238708,5.82751073130865,2.005896219925535,303.54816157814406,0.0,0.0,0.023942537909018357,0.40436921230487965,6.0070696359137505,0.9833333333333333,191.81914682156577,2829,1.187408208847046
core,100,3000000.0,13,9,exclude,launch,0,0.0,prior,0.0,cluster_patrol,12600.0,43200,264698.34040776186,0,256053.61950581495,8644.720901946914,0,1,0.7434030239955292,1,9.704835701495995,36.098434565380686,7909.979841733408,1104.6452372110439,7.160651741643454,2.006221100368035,303.74427084775743,0.0,0.0,0.04153207198892478,0.49479180132346373,8.347051597051598,0.9943181818181818,239.97809633796533,1628,0.7934060096740723
core,100,3000000.0,7,10,exclude,launch,0,0.0,prior,0.0,cluster_patrol,12600.0,43200,112503.25097299497,0,107885.33051476299,4617.920458231969,0,0,0.0,0,9.684680006655784,25.44888880143044,7927.135773030543,1564.353270497368,5.067356538021749,2.0094922169317035,305.7223608137057,0.0,0.0,0.0,0.8530152345387378,15.269927536231885,0.9674418604651163,391.83675416074794,552,0.42092251777648926
core,100,3000000.0,8,10,exclude,launch,0,0.0,prior,0.0,cluster_patrol,12600.0,43200,103645.80447336115,0,99790.2727914117,3855.5316819494383,0,0,0.0,0,9.684680006655784,26.178854381124303,7927.135773030543,1521.208319220232,5.211078372943671,2.0088645632528093,305.34231209618446,0.0,0.0,0.0,0.7537893255307782,12.939775910364146,0.9720930232558139,356.7233410646991,714,0.4739217758178711
core,100,3000000.0,14,9,exclude,launch,0,0.0,prior,0.0,cluster_patrol,12600.0,43200,261077.96549814695,0,252586.0508959995,8491.91460214743,0,1,0.7537118129837885,1,9.704835701495995,38.9502777705918,7909.979841733408,1023.9888823623234,7.724673556499199,2.005784109622873,303.48050255096246,0.0,0.0,0.03528028224225794,0.45492672081652896,7.628586332811685,0.9943181818181818,222.6771768352229,1917,0.9002702236175537
core,100,3000000.0,9,10,exclude,launch,0,0.0,prior,0.0,cluster_patrol,12600.0,43200,90125.87303461593,0,87697.30088891883,2428.5721456970923,0,0,0.0,0,9.684680006655784,26.832922626566262,7927.135773030543,1484.6421108884454,5.339425383998272,2.0081688851371435,304.9213502876011,0.0,0.0,0.0,0.7005601957474407,11.993055555555555,0.9719626168224299,317.9672606141781,864,0.5400183200836182
core,100,3000000.0,4,11,exclude,launch,0,0.0,prior,0.0,cluster_patrol,12600.0,43200,211691.458693215,0,200339.31879869231,11352.139894522707,0,0,0.0,0,9.578630957114202,18.6528745345651,8018.590898655449,2129.5921234535026,3.765317691752125,2.0139458353599435,308.4258471131322,0.0,0.0,0.0,1.4516925636198585,25.630434782608695,0.9567307692307693,687.0439423398116,184,0.2145085334777832
core,100,3000000.0,5,11,exclude,launch,0,0.0,prior,0.0,cluster_patrol,12600.0,43200,183736.14742776693,0,174843.78019855262,8892.367229214327,0,0,0.0,0,9.578630957114202,21.6381249400482,8018.590898655449,1838.0183957228028,4.3626282072667335,2.0115021874599854,306.9410025709005,0.0,0.0,0.0,1.1793138073338847,19.549295774647888,0.9519230769230769,588.3163926600446,284,0.2697458267211914
core,100,3000000.0,15,9,exclude,launch,0,0.0,prior,0.0,cluster_patrol,12600.0,43200,260242.33559305838,0,251792.10588656217,8450.229706496211,0,1,0.7561319577665909,1,9.704835701495995,35.77021415244283,7909.979841733408,1114.9419183954556,7.094521886052041,2.005931982752691,303.56974617742827,0.0,0.0,0.03215434083601286,0.44697013139535774,7.059410646387833,0.9943181818181818,219.65474726564315,2104,0.959017276763916
core,100,3000000.0,10,10,exclude,launch,0,0.0,prior,0.0,cluster_patrol,12600.0,43200,88771.12186053202,0,86324.1075620505,2447.014298481515,0,0,0.0,1,9.684680006655784,26.279273897146275,7927.135773030543,1516.1165089402334,5.228579549319476,2.0079091038413344,304.7642284818723,0.0,0.0,0.0,0.6569027792998997,10.359649122807017,0.9812206572769953,310.0108374753277,1026,0.5912587642669678
core,100,3000000.0,11,10,exclude,launch,0,0.0,prior,0.0,cluster_patrol,12600.0,43200,190031.60614984747,0,184034.32722848884,5997.2789213586575,0,1,0.557899673054497,1,9.684680006655784,31.856782997382624,7927.135773030543,1250.8989400437267,6.337151243211894,2.0075475716027817,304.545632712799,0.0,0.0,0.05660377358490566,0.5630968675652425,9.198996655518394,0.971830985915493,297.31793728580595,1196,0.6242587566375732
core,100,3000000.0,6,11,exclude,launch,0,0.0,prior,0.0,cluster_patrol,12600.0,43200,135398.85964098113,0,131373.2092095793,4025.650431401804,0,0,0.0,0,9.578630957114202,24.70779080646915,8018.590898655449,1610.977398207739,4.977469521035101,2.0098637808988316,305.94745679138504,0.0,0.0,0.0,0.9754919138423854,17.70631067961165,0.9660194174757282,446.9889526847277,412,0.3577451705932617
core,100,3000000.0,12,10,exclude,launch,0,0.0,prior,0.0,cluster_patrol,12600.0,43200,181551.83526728608,0,175796.65434721985,5755.180920066207,0,1,0.5839575831604108,1,9.684680006655784,32.49983781665815,7927.135773030543,1226.4172494677832,6.46365319508561,2.007107080707409,304.2794016032998,0.0,0.0,0.04859611231101512,0.5315045406839302,8.792534099066762,0.971830985915493,266.28790635980533,1393,0.7447636127471924
core,100,3000000.0,7,11,exclude,launch,0,0.0,prior,0.0,cluster_patrol,12600.0,43200,121488.86900664175,0,117466.42623018798,4022.442776453768,0,0,0.0,0,9.578630957114202,27.5967814567672,8018.590898655449,1443.169273141442,5.556237267441851,2.008696297289136,305.24046604944385,0.0,0.0,0.0,0.8315940329767189,14.700354609929079,0.9660194174757282,392.6932586470534,564,0.40925073623657227
core,100,3000000.0,13,10,exclude,launch,0,0.0,prior,0.0,cluster_patrol,12600.0,43200,176785.27295809006,0,171504.23001996768,5281.042938122402,0,1,0.5997025044396941,1,9.684680006655784,33.60071746399661,7927.135773030543,1186.4588723953236,6.681340548304528,2.0067290967519935,304.0510422741254,0.0,0.0,0.041685965724872626,0.49710982906776907,8.192733990147783,0.9765258215962441,244.96826647927705,1624,0.7862582206726074
core,100,3000000.0,8,11,exclude,launch,0,0.0,prior,0.0,cluster_patrol,12600.0,43200,112794.22847796937,0,108872.03495975825,3922.1935182111242,0,0,0.0,0,9.578630957114202,27.319734235550047,8018.590898655449,1458.1777118558878,5.499049144325372,2.0081819580371625,304.92925815349406,0.0,0.0,0.0,0.7481348411060266,12.697350069735007,0.961352657004831,358.9706900696012,717,0.4747438430786133
core,100,3000000.0,14,10,exclude,launch,0,0.0,prior,0.0,cluster_patrol,12600.0,43200,176958.80930351283,0,171788.96547462206,5169.843828890774,0,1,0.5991144004545306,1,9.684680006655784,31.011810663674183,7927.135773030543,1285.4655739802877,6.166742955616565,2.006792239436865,304.08918401708917,0.0,0.0,0.03833049403747871,0.49536835766395326,7.5101925254813136,0.971830985915493,245.77959993886464,1766,0.8142549991607666
core,100,3000000.0,9,11,exclude,launch,0,0.0,prior,0.0,cluster_patrol,12600.0,43200,104132.48670101057,0,101112.70071708254,3019.785983928036,0,0,0.0,0,9.578630957114202,26.200232605902485,8018.590898655449,1520.5657086478482,5.273426102569366,2.0080736983043117,304.8637743638799,0.0,0.0,0.0,0.6804278627310277,10.99661781285231,0.9565217391304348,334.99024197262594,887,0.5327439308166504
core,100,3000000.0,4,12,exclude,launch,0,0.0,prior,0.0,cluster_patrol,12600.0,43200,205617.38713163228,0,194000.0037057293,11617.383425902994,0,0,0.0,0,9.578630957114198,18.468362792927184,8018.5908986554505,2149.7060427402203,3.730087155746276,2.015034621887093,309.08858508884197,0.0,0.0,0.0,1.4809971395808181,25.298342541436465,0.9714285714285714,713.4713048374019,181,0.233001708984375
core,100,3000000.0,15,10,exclude,launch,0,0.0,prior,0.0,cluster_patrol,12600.0,43200,174513.6942416728,0,169187.76301158452,5325.9312300882875,0,1,0.6075086049935009,1,9.684680006655784,32.2371705468619,7927.135773030543,1236.6762870481155,6.410032969866529,2.006674984764937,304.01835748544585,0.0,0.0,0.03275109170305677,0.4551619419308115,7.072154963680387,0.9671361502347418,223.36769584752227,2065,0.945253849029541
core,100,3000000.0,5,12,exclude,launch,0,0.0,prior,0.0,cluster_patrol,12600.0,43200,174887.14438502185,0,166658.65786993518,8228.486515086663,0,0,0.0,0,9.578630957114198,23.587033591465566,8018.5908986554505,1685.9089892674292,4.756241855107335,2.0117894906842757,307.11539203774396,0.0,0.0,0.0,1.2306748032027255,20.23076923076923,0.9714285714285714,592.1778466756807,273,0.26000499725341797
core,100,3000000.0,10,11,exclude,launch,0,0.0,prior,0.0,cluster_patrol,12600.0,43200,129416.24855400414,0,124818.68345174701,4597.565102257121,0,1,0.25852483285513067,1,9.578630957114202,33.74770413209723,8018.590898655449,1180.7626966348566,6.791026614838212,2.0076274718338625,304.59393659829044,0.0,0.0,0.062456627342123525,0.5582690072885269,9.779833487511564,0.9658536585365853,307.91950782428165,1081,0.6105067729949951
core,100,3000000.0,6,12,exclude,launch,0,0.0,prior,0.0,cluster_patrol,12600.0,43200,136541.1796819698,0,130842.90642215226,5698.273259817559,0,0,0.0,0,9.578630957114198,22.421207194707247,8018.5908986554505,1774.3955694203057,4.519054847096536,2.010854051899541,306.547774272516,0.0,0.0,0.0,1.0414741957192786,17.919689119170986,0.9714285714285714,473.1985376677681,386,0.3249986171722412
core,100,3000000.0,11,11,exclude,launch,0,0.0,prior,0.0,cluster_patrol,12600.0,43200,121290.68854396675,0,117267.47913762918,4023.20940633757,0,1,0.2758440439888636,1,9.578630957114202,34.0170691712465,8018.590898655449,1171.7630504113945,6.843184631773634,2.0070273685909417,304.2312363273589,0.0,0.0,0.05421686746987952,0.5391535392166484,9.087339743589743,0.9563106796116505,287.74812827422136,1248,0.6605043411254883
core,100,3000000.0,12,11,exclude,launch,0,0.0,prior,0.0,cluster_patrol,12600.0,43200,118012.4571034724,0,114158.04640002098,3854.4107034514254,0,1,0.2835066301248736,1,9.578630957114202,34.04033385690004,8018.590898655449,1171.1067173724286,6.84701981442518,2.006779722604838,304.08162295448244,0.0,0.0,0.04603580562659847,0.5033756687402584,8.35350101971448,0.970873786407767,265.89693849772596,1471,0.7225046157836914
core,100,3000000.0,7,12,exclude,launch,0,0.0,prior,0.0,cluster_patrol,12600.0,43200,119869.6097356345,0,115802.0992240492,4067.510511585304,0,0,0.0,0,9.578630957114198,24.24330075725537,8018.5908986554505,1642.0885285942438,4.8831660163413915,2.009563206410933,305.7653603216172,0.0,0.0,0.0,0.9197241285527149,15.189453125,0.9809523809523809,421.9676926546753,512,0.40599489212036133
paper,50,1500000.0,2,1,exclude,launch,0,0.0,prior,0.0,cluster_patrol,12600.0,43200,314144.70618102007,0,226451.88149933596,87692.82468168414,0,0,0.0,0,5.547228662646519,9.562350840549025,6877.474519126179,2079.6267938921283,3.30707150885214,2.011453111371429,306.91121895088304,0.0,0.0,0.0,3.3202125461857426,25.0,0.8013245033112583,1653.7771607658608,40,0.04900002479553223
core,100,3000000.0,8,12,exclude,launch,0,0.0,prior,0.0,cluster_patrol,12600.0,43200,105365.80365801827,0,101891.61044500755,3474.193213010714,0,0,0.0,0,9.578630957114198,26.502929562589326,8018.5908986554505,1502.8632870683166,5.335542472594145,2.008522167622793,305.13508877597314,0.0,0.0,0.0,0.8162897681675846,13.361280487804878,0.9857142857142858,371.5289889061059,656,0.44672083854675293
core,100,3000000.0,13,11,exclude,launch,0,0.0,prior,0.0,cluster_patrol,12600.0,43200,110542.59732025498,0,106996.65563550634,3545.94168474864,0,1,0.30266444644168855,1,9.578630957114202,33.449965590956765,8018.590898655449,1191.9370814807926,6.727360884429925,2.006508392783435,303.917743423048,0.0,0.0,0.040983606557377046,0.48833590945108873,8.002424242424242,0.9660194174757282,246.9401415259305,1650,0.7972302436828613
paper,50,1500000.0,3,1,exclude,launch,0,0.0,prior,0.0,cluster_patrol,12600.0,43200,258105.38543403643,0,191579.3638667999,66526.02156723656,0,0,0.0,0,5.547228662646519,7.445856989294646,6877.474519126179,2674.3185719662606,2.5716736185508364,2.008779003975644,305.2905236586276,0.0,0.0,0.0,2.291468833498628,14.977272727272727,0.8623024830699775,1251.027556199829,88,0.06423282623291016
paper,50,1500000.0,4,1,exclude,launch,0,0.0,prior,0.0,cluster_patrol,12600.0,43200,299837.1622716385,0,205061.36942889338,94775.79284274514,0,0,0.0,0,5.547228662646519,4.8488876718836185,6877.474519126179,4105.3611427997685,1.6752422697789477,2.0094004743580234,305.6667952902607,0.0,0.0,0.0,1.7971090139567651,8.523489932885907,0.8568181818181818,1284.262029739215,149,0.0685110092163086
paper,50,1500000.0,5,1,exclude,launch,0,0.0,prior,0.0,cluster_patrol,12600.0,43200,218068.72746792555,0,158397.15464646483,59671.57282146072,0,0,0.0,0,5.547228662646519,5.7139840997116345,6877.474519126179,3486.604937389322,1.9725419548897476,2.0077897046167648,304.6920266194639,0.0,0.0,0.0,1.4804538065540898,7.5394736842105265,0.88558352402746,960.0865009478471,228,0.09450793266296387
paper,50,1500000.0,6,1,exclude,launch,0,0.0,prior,0.0,cluster_patrol,12600.0,43200,505838.05854248017,0,427446.84588602616,78391.21265645404,0,1,0.4437846529386685,1,5.547228662646519,4.68200256327387,6877.474519126179,4242.81399103622,1.6209700763823722,2.013605328986347,308.2187288848564,0.0,0.0,0.0,1.1645689476004113,3.718840579710145,0.8387096774193549,1270.993518689229,345,0.0820009708404541
core,100,3000000.0,9,12,exclude,launch,0,0.0,prior,0.0,cluster_patrol,12600.0,43200,96704.48974041572,0,93452.94095741103,3251.5487830046927,0,0,0.0,0,9.578630957114198,27.5550251032377,8018.5908986554505,1445.922818451164,5.545656238584548,2.0079091763443664,304.76427232775376,0.0,0.0,0.0,0.735436857855819,11.655717761557177,0.9809523809523809,341.8133419931505,822,0.5072314739227295
core,100,3000000.0,14,11,exclude,launch,0,0.0,prior,0.0,cluster_patrol,12600.0,43200,105428.99208382667,0,102066.07829868661,3362.913785140055,0,1,0.3173445308057196,1,9.578630957114202,35.78696126558327,8018.590898655449,1114.31011046076,7.196013769757338,2.006130093564944,303.68932955310106,0.0,0.0,0.034722222222222224,0.447954869446661,7.477435897435898,0.9611650485436893,223.7137936620383,1950,0.9157388210296631
paper,50,1500000.0,7,1,exclude,launch,0,0.0,prior,0.0,cluster_patrol,12600.0,43200,726029.6202973376,0,630449.6496284405,95579.9706688972,0,3,0.6388372855268716,6,5.547228662646519,4.768159390467261,6877.474519126179,4166.765055297381,1.6505549095892893,2.013307973122685,308.0379145182012,0.0,0.0,0.0,1.0816606695330073,3.5779816513761467,0.8242009132420092,1051.5060963192539,436,0.10200071334838867
paper,50,1500000.0,2,2,exclude,launch,0,0.0,prior,0.0,cluster_patrol,12600.0,43200,638646.091921089,0,364555.912720377,274090.17920071195,0,0,0.0,0,4.6708069662053155,7.455246728750332,8230.497347191886,2666.791376286042,3.0862921713262192,2.011911756501952,307.18962088405976,0.0,0.0,0.0,3.3257934289600497,17.73170731707317,0.7024793388429752,2305.0754984330856,41,0.037999629974365234
paper,50,1500000.0,9,1,exclude,launch,0,0.0,prior,0.0,cluster_patrol,12600.0,43200,2924767.457797623,0,2554058.1956034885,370709.2621941343,0,16,0.9550307593419579,20,5.547228662646519,9.05818705422752,6877.474519126179,2193.351976966652,3.135600027423572,2.013308727377602,308.0383730938845,0.0,0.0,0.2742099898063201,0.547990340318828,1.8763586956521738,0.6522727272727272,1184.0258471804395,736,0.11100006103515625
paper,50,1500000.0,3,2,exclude,launch,0,0.0,prior,0.0,cluster_patrol,12600.0,43200,319134.2565036004,0,221315.3550222434,97818.901481357,0,0,0.0,0,4.6708069662053155,6.739358674210037,8230.497347191886,2954.667191026595,2.785592019361142,2.0087821985852434,305.29245725474345,0.0,0.0,0.0,2.5371190720496175,13.936708860759493,0.8288100208768268,1480.5394849307256,79,0.057001590728759766
paper,50,1500000.0,8,1,exclude,launch,0,0.0,prior,0.0,cluster_patrol,12600.0,43200,1696698.3468590034,0,1477697.7663832647,219000.58047573897,0,9,0.9000197337523133,14,5.547228662646519,6.188895845999413,6877.474519126179,3211.7984040724855,2.1413157533192937,2.012326931089157,307.4417446225173,0.0,0.0,0.11664482306684142,0.8213114066616933,2.567190226876091,0.7927107061503417,1108.2947751523193,573,0.11800050735473633
paper,50,1500000.0,4,2,exclude,launch,0,0.0,prior,0.0,cluster_patrol,12600.0,43200,453919.88831540954,0,280871.7445169376,173048.143798472,0,0,0.0,0,4.6708069662053155,4.985243662081809,8230.497347191886,3992.54564574103,2.0614660613765574,2.009665195768915,305.8271422641243,0.0,0.0,0.0,1.7188620151359395,6.75,0.790356394129979,1550.4913406282783,156,0.059999942779541016
core,100,3000000.0,10,12,exclude,launch,0,0.0,prior,0.0,cluster_patrol,12600.0,43200,361018.5661830298,0,316670.80885010905,44347.75733292073,0,1,0.758316912236385,1,9.578630957114198,34.83250888984135,8018.5908986554505,1143.9614863085549,7.009493758859498,2.0076769228204236,304.6238342354513,0.0,0.0,0.06686478454680535,0.5980101023189789,10.04158415841584,0.9571428571428572,321.68841089061067,1010,0.5712316036224365
paper,50,1500000.0,2,3,exclude,launch,0,0.0,prior,0.0,cluster_patrol,12600.0,43200,557995.857201164,0,335645.59887555067,222350.25832561334,0,0,0.0,0,5.385587312792127,8.033018325672158,7093.897473043144,2474.130595649309,2.8672283854043794,2.0126053078066146,307.61085281943855,0.0,0.07692307692307693,0.0,3.4936058348993617,19.763157894736842,0.7575107296137339,2165.66391917227,38,0.04099917411804199
paper,50,1500000.0,5,2,exclude,launch,0,0.0,prior,0.0,cluster_patrol,12600.0,43200,544113.810848372,0,464951.9963370295,79161.81451134257,0,2,0.590036067462809,2,4.6708069662053155,5.418171270056197,8230.497347191886,3676.681199881066,2.2385670390617842,2.007942572828689,304.78446903615503,0.0,0.0,0.0,1.4551457289576384,6.541125541125541,0.8350730688935282,1093.2082950928518,231,0.10900020599365234
paper,50,1500000.0,3,3,exclude,launch,0,0.0,prior,0.0,cluster_patrol,12600.0,43200,433506.20294959866,0,276309.6155943454,157196.5873552533,0,0,0.0,0,5.385587312792127,5.337215572041582,7093.897473043144,3726.6600377127684,1.9035536918460134,2.0110620494187716,306.67394033246603,0.0,0.0,0.0,2.190236306324335,11.33695652173913,0.7652173913043478,1562.5370093577437,92,0.053191423416137695
core,100,3000000.0,11,12,exclude,launch,0,0.0,prior,0.0,cluster_patrol,12600.0,43200,357745.67688940564,0,313726.00036224286,44019.67652716275,0,1,0.7652104573271604,1,9.578630957114198,33.03911099638907,8018.5908986554505,1206.157622375472,6.648045620159663,2.007509311170869,304.5225036287996,0.0,0.0,0.05667506297229219,0.5628765185225261,8.942162615255658,0.9523809523809523,305.22760686559127,1193,0.6364312171936035
paper,50,1500000.0,7,2,exclude,launch,0,0.0,prior,0.0,cluster_patrol,12600.0,43200,1459495.8084837436,0,1190624.5834855647,268871.2249981789,0,5,0.6733222227277921,7,4.6708069662053155,8.052599165479645,8230.497347191886,2469.8268935883757,3.332418708597798,2.011209882312132,306.7636278257148,0.0,0.0,0.2986577181208054,0.7497960615052122,2.9573991031390134,0.7668067226890757,1241.0662629114045,446,0.0971989631652832
paper,50,1500000.0,8,2,exclude,launch,0,0.0,prior,0.0,cluster_patrol,12600.0,43200,2406342.166391428,0,1977886.1576801357,428456.00871129264,0,11,0.8683049371564123,17,4.6708069662053155,8.823022909569422,8230.497347191886,2251.1528040282897,3.6561255781766357,2.013898643278264,308.3971376524515,0.0,0.0,0.35876840696117807,0.5984931857890768,2.0125,0.6582809224318659,1454.443453698654,560,0.09820032119750977
paper,50,1500000.0,6,2,exclude,launch,0,0.0,prior,0.0,cluster_patrol,12600.0,43200,681482.9310902744,0,594505.4881385128,86977.44295176152,0,3,0.6997893681765882,3,4.6708069662053155,8.18218858333052,8230.497347191886,2435.230072768324,3.379761706800709,2.0074766763269523,304.50277600284085,0.0,0.0,0.19910514541387025,1.0052166228011017,5.385074626865672,0.8721174004192872,906.8008120335062,335,0.10420083999633789
core,100,3000000.0,15,11,exclude,launch,0,0.0,prior,0.0,cluster_patrol,12600.0,43200,103906.09991431917,0,100579.02956039862,3327.070353920567,0,1,0.321995667759165,1,9.578630957114202,35.63663042103473,8018.590898655449,1119.1135734431657,7.165127015647508,2.005945782976152,303.578075486251,0.0,0.0,0.03113109650639917,0.43287543208449575,6.872183908045977,0.9563106796116505,218.8070326017971,2175,0.9734346866607666
paper,50,1500000.0,4,3,exclude,launch,0,0.0,prior,0.0,cluster_patrol,12600.0,43200,278170.00105379947,0,192432.56150338863,85737.43955041085,0,0,0.0,0,5.385587312792127,5.2009193655741806,7093.897473043144,3827.7198273377517,1.8532959027926235,2.009276611506717,305.5917835603441,0.0,0.0,0.0,1.8783243011169404,9.615384615384615,0.8142548596112311,1203.196512140287,143,0.0762016773223877
paper,50,1500000.0,2,4,exclude,launch,0,0.0,prior,0.0,cluster_patrol,12600.0,43200,377327.1625252447,0,255615.756999048,121711.40552619667,0,0,0.0,0,4.949329094370788,15.633089341890566,7748.570140310145,1271.804720232984,6.092578535870406,2.011846069860699,307.1497407277627,0.0,0.0,0.0,3.514857140794651,25.23076923076923,0.7820773930753564,1682.6818412017155,39,0.04899907112121582
paper,50,1500000.0,5,3,exclude,launch,0,0.0,prior,0.0,cluster_patrol,12600.0,43200,280350.0658842391,0,198922.05505227495,81428.01083196417,0,0,0.0,0,5.385587312792127,5.273957227820287,7093.897473043144,3774.351621330824,1.8795009540054084,2.0094677061993886,305.7075149578366,0.0,0.0,0.0,1.4307116607086028,6.085106382978723,0.8301075268817204,1155.362618903319,235,0.09720087051391602
paper,50,1500000.0,6,3,exclude,launch,0,0.0,prior,0.0,cluster_patrol,12600.0,43200,694332.4120232878,0,565563.8607635205,128768.55125976742,0,2,0.5978862331837969,3,5.385587312792127,4.97978795604763,7093.897473043144,3995.6471305058944,1.77540639634636,2.010305281502819,306.2150285497472,0.0,0.0,0.0,1.2375990816901,4.724770642201835,0.8077753779697624,1067.2849871589644,327,0.09401059150695801
paper,50,1500000.0,3,4,exclude,launch,0,0.0,prior,0.0,cluster_patrol,12600.0,43200,265532.2937495941,0,188355.6723044458,77176.6214451483,0,0,0.0,0,4.949329094370788,11.293372197003524,7748.570140310145,1763.4244124752558,4.39404722169733,2.0085354490088347,305.1431255722356,0.0,0.0,0.0,2.6000571921153233,16.71794871794872,0.8309572301425662,1274.448541997243,78,0.06799864768981934
paper,50,1500000.0,7,3,exclude,launch,0,0.0,prior,0.0,cluster_patrol,12600.0,43200,1143847.9199419294,0,980618.4776286738,163229.4423132557,0,5,0.8168860383390897,6,5.385587312792127,5.0072146733914105,7093.897473043144,3970.7449025606875,1.7865407240007716,2.011832376818356,307.1414276333653,0.0,0.0,0.0,1.066876701297813,3.324200913242009,0.7991266375545851,1120.9645604413352,438,0.0989999771118164
paper,50,1500000.0,9,3,exclude,launch,0,0.0,prior,0.0,cluster_patrol,12600.0,43200,3117613.1926064505,0,2658017.555729391,459595.63687705965,0,15,0.9333376894110633,21,5.385587312792127,8.619601279383113,7093.897473043144,2304.3422945356924,3.078491198926898,2.0138439902602787,308.36389097606525,0.0,0.0,0.29302832244008714,0.5847818733298412,1.6777939042089987,0.6535087719298246,1413.7274408449,689,0.09699892997741699
paper,50,1500000.0,4,4,exclude,launch,0,0.0,prior,0.0,cluster_patrol,12600.0,43200,248113.37219547693,0,185762.15170780322,62351.22048767371,0,0,0.0,0,4.949329094370788,6.186658953250584,7748.570140310145,3219.3499732648215,2.4068741219992713,2.0083325379856385,305.0203521481676,0.0,0.0,0.0,1.958776447835353,10.786764705882353,0.8474226804123711,1112.5665318445133,136,0.07499885559082031
paper,50,1500000.0,8,3,exclude,launch,0,0.0,prior,0.0,cluster_patrol,12600.0,43200,2445718.1255926294,0,2137384.0380519596,308334.0875406697,0,12,0.9478877830917131,14,5.385587312792127,8.059771646751896,7093.897473043144,2470.663193681599,2.8712523387181497,2.0087399111368613,305.26686249612084,0.0,0.0,0.24350205198358413,0.7356490725264074,3.085610200364299,0.7127192982456141,965.9093393026533,549,0.11700010299682617
paper,50,1500000.0,5,4,exclude,launch,0,0.0,prior,0.0,cluster_patrol,12600.0,43200,380046.6604996125,0,239788.52727529753,140258.13322431495,0,0,0.0,1,4.949329094370788,4.301640925755569,7748.570140310145,4621.875193625756,1.6764992163779238,2.011905704841067,307.1859466469688,0.0,0.0,0.0,1.521314893663878,5.579185520361991,0.8024691358024691,1332.8650358825275,221,0.07499957084655762
core,100,3000000.0,12,12,exclude,launch,0,0.0,prior,0.0,cluster_patrol,12600.0,43200,354417.962762449,0,310260.2497919792,44157.712970469816,0,1,0.7724439540929371,1,9.578630957114198,32.8511927503634,8018.5908986554505,1213.3580789047949,6.608593982324836,2.007011488346971,304.22164129883475,0.0,0.0,0.05011135857461024,0.5483067566651356,8.36962962962963,0.9523809523809523,288.94140598872093,1350,0.7354319095611572
paper,50,1500000.0,2,5,exclude,launch,0,0.0,prior,0.0,cluster_patrol,12600.0,43200,469072.18516821455,0,290518.7855876017,178553.39958061284,0,0,0.0,0,5.240392698674983,6.167110305718616,7299.682415679881,3223.588696813692,2.2644583730223222,2.012049452557993,307.27322832687986,0.0,0.0,0.0,3.6061013814928176,20.763157894736842,0.7203219315895373,2130.2715154859416,38,0.047002315521240234
paper,50,1500000.0,3,5,exclude,launch,0,0.0,prior,0.0,cluster_patrol,12600.0,43200,228265.44631216495,0,163873.7061058965,64391.74020626843,0,0,0.0,0,5.240392698674983,7.123755383617547,7299.682415679881,2795.475992224972,2.6112484728834775,2.008608176629249,305.1871361890136,0.0,0.0,0.0,2.3888315750905784,15.261904761904763,0.8024439918533605,1287.4137459038739,84,0.06299996376037598
paper,50,1500000.0,6,4,exclude,launch,0,0.0,prior,0.0,cluster_patrol,12600.0,43200,727455.8527614144,0,613591.8461049647,113864.0066564497,0,4,0.6592958900668419,6,4.949329094370788,5.59090685087606,7748.570140310145,3561.352661727537,2.1757379502403666,2.008920511604238,305.3761796207271,0.0,0.0,0.0,1.176248568700528,4.459302325581396,0.8381147540983607,1068.1095076459508,344,0.09900212287902832
paper,50,1500000.0,7,4,exclude,launch,0,0.0,prior,0.0,cluster_patrol,12600.0,43200,1509566.4672777408,0,1261369.6901114883,248196.77716625264,0,7,0.8180773675699434,9,4.949329094370788,6.9428468885793295,7748.570140310145,2865.5074895781577,2.7040830179267275,2.0105776734460266,306.38017022027503,0.0,0.0,0.141287284144427,0.8427890926447267,2.9414225941422596,0.7530864197530864,1149.2901928804793,478,0.10399746894836426
paper,50,1500000.0,4,5,exclude,launch,0,0.0,prior,0.0,cluster_patrol,12600.0,43200,197802.8032882537,0,148582.13179556935,49220.67149268434,0,0,0.0,0,5.240392698674983,5.725812840618245,7299.682415679881,3479.0152627454027,2.09820361923893,2.0080129491543266,304.8270316988411,0.0,0.0,0.0,1.8482363575288918,10.246575342465754,0.8289205702647657,1101.8576837472372,146,0.07799983024597168
paper,50,1500000.0,8,4,exclude,launch,0,0.0,prior,0.0,cluster_patrol,12600.0,43200,2872142.981907085,0,2420185.7010902367,451957.28081684833,0,13,0.9322125590072438,17,4.949329094370788,8.397613294251984,7748.570140310145,2370.7631696975886,3.2683864163869822,2.009166590371655,305.5251621367055,0.0,0.0,0.23246753246753246,0.6984258576590732,2.6920415224913494,0.6378600823045267,1047.0504485463562,578,0.11250734329223633
paper,50,1500000.0,2,6,exclude,launch,0,0.0,prior,0.0,cluster_patrol,12600.0,43200,438675.0079997345,0,278113.72521184926,160561.2827878852,0,0,0.0,0,5.492649806966811,6.364888651047301,6949.126209101812,3122.2779941201597,2.225659029141009,2.012786045201442,307.7206720064331,0.0,0.0,0.0,3.4090310054261135,21.564102564102566,0.7892376681614349,1911.1562929329507,39,0.041507720947265625
paper,50,1500000.0,7,5,exclude,launch,0,0.0,prior,0.0,cluster_patrol,12600.0,43200,1384209.2160964936,0,1172375.8952778832,211833.3208186105,0,8,0.8117350730995087,9,5.240392698674983,5.570717273098052,7299.682415679881,3563.5602582733,2.048424016047618,2.0149522874790797,309.03844375770507,0.0,0.0,0.14983164983164984,0.904154982292323,2.215730337078652,0.6781376518218624,1650.9062008750977,445,0.08350539207458496
paper,50,1500000.0,5,5,exclude,launch,0,0.0,prior,0.0,cluster_patrol,12600.0,43200,196457.91927205678,0,148947.8609610918,47510.058310965,0,0,0.0,0,5.240392698674983,4.962990802418753,7299.682415679881,4012.8462761733335,1.8190785076972567,2.0084637505835055,305.09974087228517,0.0,0.0,0.0,1.5489807771152466,6.940366972477064,0.8367346938775511,1091.1938032934058,218,0.09350752830505371
paper,50,1500000.0,6,5,exclude,launch,0,0.0,prior,0.0,cluster_patrol,12600.0,43200,756294.9320971617,0,629248.9411227471,127045.99097441451,0,3,0.7107752703347684,5,5.240392698674983,4.577544356984215,7299.682415679881,4345.308837392461,1.6798995626879962,2.010975507356659,306.6214429425164,0.0,0.0,0.0,1.2594660709107477,4.009375,0.8,1276.813047648169,320,0.08650922775268555
paper,50,1500000.0,3,6,exclude,launch,0,0.0,prior,0.0,cluster_patrol,12600.0,43200,331278.13942786475,0,224739.51567159823,106538.6237562665,0,0,0.0,0,5.492649806966811,5.255861209926441,6949.126209101812,3785.6596715765186,1.835644725614726,2.0103632393727784,306.2501626427564,0.0,0.0,0.0,2.341981785336788,12.313953488372093,0.82,1553.8334668939335,86,0.06350564956665039
core,100,3000000.0,13,12,exclude,launch,0,0.0,prior,0.0,cluster_patrol,12600.0,43200,353450.5862431746,0,309357.7167205403,44092.869522634326,0,1,0.7745570595188234,1,9.578630957114198,31.136945062332586,8018.5908986554505,1280.0371490645289,6.264342331404649,2.0072035329208653,304.33768701848186,0.0,0.0,0.0430622009569378,0.5134746117765807,7.363867684478372,0.9523809523809523,282.10336096682704,1572,0.7409436702728271
paper,50,1500000.0,8,5,exclude,launch,0,0.0,prior,0.0,cluster_patrol,12600.0,43200,2627128.86924214,0,2284932.7250082646,342196.1442338756,0,16,0.9569410236096252,17,5.240392698674983,8.777778631257386,7299.682415679881,2266.0062964164463,3.221386642757301,2.0110101147738177,306.6424356524903,0.0,0.0,0.3676268861454047,0.6152894096113608,2.208791208791209,0.6008146639511202,1358.0510703844423,546,0.09350848197937012
paper,50,1500000.0,4,6,exclude,launch,0,0.0,prior,0.0,cluster_patrol,12600.0,43200,264095.88142129476,0,179957.44314001338,84138.43828128139,0,0,0.0,0,5.492649806966811,5.312898930002045,6949.126209101812,3748.0487014373216,1.8540650782997894,2.008737613352566,305.26547177766935,0.0,0.0,0.0,1.9046593164772605,9.410071942446043,0.84375,1235.5401945876376,139,0.06850790977478027
paper,50,1500000.0,5,6,exclude,launch,0,0.0,prior,0.0,cluster_patrol,12600.0,43200,289069.5853721096,0,193190.9308250889,95878.65454702068,0,0,0.0,0,5.492649806966811,5.0495664678391545,6949.126209101812,3942.8006695566637,1.7624847897479903,2.009097792474039,305.4835064327937,0.0,0.0,0.0,1.5131487212092942,5.861607142857143,0.8244444444444444,1260.866049064644,224,0.07550907135009766
paper,50,1500000.0,2,7,exclude,launch,0,0.0,prior,0.0,cluster_patrol,12600.0,43200,354644.9947340632,0,235552.21355949074,119092.78117457246,0,0,0.0,0,5.03597052905245,13.05797475880605,7609.524904069072,1522.7646613337267,4.9971772377513695,2.0116451612464674,307.0277796820173,0.0,0.0,0.0,3.592531435836261,25.027027027027028,0.7965367965367965,1749.9647516481423,37,0.04799962043762207
paper,50,1500000.0,6,6,exclude,launch,0,0.0,prior,0.0,cluster_patrol,12600.0,43200,704639.0160963287,0,534507.5428532036,170131.47324312504,0,2,0.4217541259620616,2,5.492649806966811,4.4696928853326385,6949.126209101812,4439.609940733646,1.5652560251618564,2.0157538251091225,309.526749967144,0.0,0.0,0.0,1.1680184452935938,3.1271676300578033,0.7865168539325843,1515.7926162325596,346,0.0820016860961914
core,100,3000000.0,14,12,exclude,launch,0,0.0,prior,0.0,cluster_patrol,12600.0,43200,350359.224421053,0,306709.5270415627,43649.69737949031,0,1,0.7813848790837137,1,9.578630957114198,29.373913868143877,8018.5908986554505,1356.8803877611938,5.909578302539881,2.0071813113870585,304.32425820220664,0.0,0.0,0.0394563787812363,0.5091858422150191,6.908401400233372,0.9523809523809523,274.7080492863772,1714,0.7889420986175537
paper,50,1500000.0,7,6,exclude,launch,0,0.0,prior,0.0,cluster_patrol,12600.0,43200,2359036.482109943,0,2019651.9192061964,339384.5629037466,0,11,0.9213085724933826,16,5.492649806966811,6.606838783597186,6949.126209101812,3011.223113656639,2.307742052585148,2.0105892050124696,306.3871623863207,0.0,0.0,0.14084507042253522,0.8419481167965852,3.231732776617954,0.7262443438914027,1051.4352031423402,479,0.10000085830688477
paper,50,1500000.0,5,7,exclude,launch,0,0.0,prior,0.0,cluster_patrol,12600.0,43200,259943.95517821517,0,176852.26623503544,83091.68894317976,0,0,0.0,0,5.03597052905245,4.484054262379295,7609.524904069072,4435.983938429698,1.7154085789505318,2.01094025026559,306.6000568821161,0.0,0.0,0.0,1.5052592904921327,5.874439461883408,0.8423326133909287,1252.4866352003014,223,0.07399892807006836
paper,50,1500000.0,4,7,exclude,launch,0,0.0,prior,0.0,cluster_patrol,12600.0,43200,222089.0009279679,0,159718.93032670993,62370.07060125795,0,0,0.0,0,5.03597052905245,6.802872937300136,7609.524904069072,2928.1252637685475,2.5987702774284607,2.008065988023162,304.8591108627341,0.0,0.0,0.0,1.808169309608455,9.765100671140939,0.8273684210526315,1123.735756618366,149,0.07699918746948242
paper,50,1500000.0,3,7,exclude,launch,0,0.0,prior,0.0,cluster_patrol,12600.0,43200,409687.22447268973,0,253962.7526660604,155724.47180662936,0,0,0.0,0,5.03597052905245,4.916755522891444,7609.524904069072,4045.3166108059495,1.8810702934208714,2.0110777413917407,306.6834597413471,0.0,0.008620689655172414,0.0,2.3109928208649957,12.19767441860465,0.7866379310344828,1560.083524846858,86,0.0800011157989502
paper,50,1500000.0,2,8,exclude,launch,0,0.0,prior,0.0,cluster_patrol,12600.0,43200,465550.21068169497,0,306887.9537363862,158662.25694530882,0,0,0.0,0,4.785052335032881,6.10210929650253,8026.03187300879,3256.8068706267222,2.4643868033428413,2.01274151097451,307.69361041528003,0.0,0.02,0.0,3.661061288545124,21.16216216216216,0.7770562770562771,2127.716448453721,37,0.0429997444152832
paper,50,1500000.0,3,8,exclude,launch,0,0.0,prior,0.0,cluster_patrol,12600.0,43200,343534.7634302586,0,242469.75465716145,101065.00877309719,0,0,0.0,0,4.785052335032881,6.272173610523588,8026.03187300879,3173.6591219119396,2.528952091166485,2.0094705348349926,305.7092282100137,0.0,0.0,0.0,2.4402816698772383,12.585365853658537,0.7809110629067245,1579.3831408592853,82,0.05300140380859375
paper,50,1500000.0,9,6,exclude,launch,0,0.0,prior,0.0,cluster_patrol,12600.0,43200,4067572.8165775877,0,3541689.985464065,525882.8311135226,0,23,0.9853666706172266,27,5.492649806966811,6.583455754025137,6949.126209101812,3023.2884459453,2.298532321129223,2.009678035097642,305.8349203675908,0.0,0.0,0.09307135470527404,0.740789513342463,2.2524137931034485,0.562358276643991,994.199778050843,725,0.12700200080871582
paper,50,1500000.0,6,7,exclude,launch,0,0.0,prior,0.0,cluster_patrol,12600.0,43200,695965.3639494155,0,551189.1094269536,144776.2545224619,0,2,0.513042145076011,3,5.03597052905245,4.739845827606463,7609.524904069072,4192.302617673539,1.8151182292970716,2.0129971100506165,307.8489434912703,0.0,0.0,0.0,1.1802427581308748,3.841642228739003,0.7811158798283262,1254.4073347775131,341,0.09400415420532227
paper,50,1500000.0,8,6,exclude,launch,0,0.0,prior,0.0,cluster_patrol,12600.0,43200,3516206.0885999696,0,3059008.5774778337,457197.5111221361,0,18,0.9735237152506716,20,5.492649806966811,6.868476528183081,6949.126209101812,2900.1562516092117,2.3961213142381363,2.0080668924421614,304.8596578913989,0.0,0.0,0.11392405063291139,0.7953761995155412,3.106239460370995,0.6238738738738738,883.448380205599,593,0.14044713973999023
paper,50,1500000.0,4,8,exclude,launch,0,0.0,prior,0.0,cluster_patrol,12600.0,43200,382761.6913224811,0,251543.70816316805,131217.983159313,0,0,0.0,0,4.785052335032881,6.5965950076552415,8026.03187300879,3019.5797035452088,2.657996364058759,2.0081385439668433,304.90299714947605,0.0,0.0,0.0,1.7509368155215086,7.733766233766234,0.7912087912087912,1390.612649563493,154,0.06444668769836426
paper,50,1500000.0,7,7,exclude,launch,0,0.0,prior,0.0,cluster_patrol,12600.0,43200,1104736.9771737745,0,999546.9970912656,105189.98008250876,0,7,0.8633582613426253,8,5.03597052905245,5.959648341006135,7609.524904069072,3335.9252271890277,2.2810837731159626,2.011977174781574,307.2293406836688,0.0,0.0,0.15570934256055363,0.9326429046657995,3.571759259259259,0.8433476394849786,1055.9994371049763,432,0.11444520950317383
paper,50,1500000.0,2,9,exclude,launch,0,0.0,prior,0.0,cluster_patrol,12600.0,43200,501333.8680873817,0,309674.2208200632,191659.64726731853,0,0,0.0,0,5.052756717411576,7.551102537937538,7583.137266203306,2632.323418086211,2.8807771925368146,2.0123817782804734,307.47505949830014,0.0,0.0,0.0,3.8512851458691433,22.428571428571427,0.7787234042553192,2097.5100076317844,35,0.0394444465637207
paper,50,1500000.0,3,9,exclude,launch,0,0.0,prior,0.0,cluster_patrol,12600.0,43200,427137.0865930091,0,273420.0752980807,153717.0112949284,0,0,0.0,0,5.052756717411576,5.73040095280345,7583.137266203306,3473.0480193426356,2.1834242498146086,2.00985253032966,305.9406399039651,0.0,0.0,0.0,2.5788993507803237,12.227848101265822,0.8172268907563025,1706.978537854895,79,0.0524444580078125
paper,50,1500000.0,5,8,exclude,launch,0,0.0,prior,0.0,cluster_patrol,12600.0,43200,432338.1471359374,0,342296.1990951874,90041.94804075,0,1,0.3642918814565014,1,4.785052335032881,5.561457278560201,8026.03187300879,3581.45972862748,2.2409945891209557,2.0082201193255833,304.95234270386806,0.0,0.0,0.0,1.4829751396543245,6.325991189427313,0.8278145695364238,1145.8690869773986,227,0.08245015144348145
paper,50,1500000.0,8,7,exclude,launch,0,0.0,prior,0.0,cluster_patrol,12600.0,43200,1910458.967000138,0,1634839.5455329756,275619.4214671625,0,11,0.8691238755467584,17,5.03597052905245,8.937028632557901,7609.524904069072,2222.8424132248756,3.4233308032975924,2.0135302900264245,308.1730946403142,0.0,0.0,0.3684931506849315,0.6137667397380046,2.159340659340659,0.7103004291845494,1384.6340649144893,546,0.1344456672668457
paper,50,1500000.0,6,8,exclude,launch,0,0.0,prior,0.0,cluster_patrol,12600.0,43200,703894.9485718413,0,614845.8035906857,89049.1449811557,0,3,0.6861844395642551,4,4.785052335032881,5.019050349644391,8026.03187300879,3967.516921905588,2.022935763347396,2.008721144662051,305.2555043064956,0.0,0.0,0.0,1.324505288770657,4.845394736842105,0.8163716814159292,1121.1207290844425,304,0.08744645118713379
core,100,3000000.0,15,12,exclude,launch,0,0.0,prior,0.0,cluster_patrol,12600.0,43200,347369.0115888515,0,303719.79990167596,43649.21168717554,0,1,0.7881042315751575,1,9.578630957114198,29.079708219251522,8018.5908986554505,1370.8225951958048,5.849473831812713,2.0068674457799953,304.13461601145957,0.0,0.0,0.036101083032490974,0.5023516334771075,6.574172892209178,0.9571428571428572,264.55231349344376,1874,0.8403871059417725
paper,50,1500000.0,7,8,exclude,launch,0,0.0,prior,0.0,cluster_patrol,12600.0,43200,1438138.334038306,0,1288972.4241466504,149165.90989165564,0,7,0.8137762079323491,7,4.785052335032881,6.931645509496558,8026.03187300879,2872.660091956557,2.793937192737026,2.0088125172122964,305.31080846526294,0.0,0.0,0.14858096828046743,0.8991448519265648,3.447661469933185,0.8362831858407079,1057.2645796593279,449,0.11444568634033203
paper,50,1500000.0,5,9,exclude,launch,0,0.0,prior,0.0,cluster_patrol,12600.0,43200,548199.5530935043,0,305609.224556838,242590.3285366663,0,0,0.0,0,5.052756717411576,4.615808899192337,7583.137266203306,4309.591977221573,1.7595951789134834,2.0108330614587375,306.5350434414133,0.0,0.0,0.0,1.4634677687495854,5.206896551724138,0.7340425531914894,1369.5101008239703,232,0.07500243186950684
paper,50,1500000.0,2,10,exclude,launch,0,0.0,prior,0.0,cluster_patrol,12600.0,43200,421588.9062816504,0,261774.86417152456,159814.04211012585,0,0,0.0,0,4.601112145414482,6.09334185463953,8360.21699446392,3262.0818145784556,2.5628471233006995,2.0123781729530212,307.47286952150915,0.0,0.0,0.0,3.7036820819464773,21.86111111111111,0.7522123893805309,2093.9195326273407,36,0.04199647903442383
paper,50,1500000.0,8,8,exclude,launch,0,0.0,prior,0.0,cluster_patrol,12600.0,43200,2508303.5921165324,0,2225346.0724685597,282957.51964797283,0,12,0.9587980861506956,14,4.785052335032881,6.759690502499364,8026.03187300879,2946.8167467178596,2.7236277525394543,2.0080755586525996,304.8648995858253,0.0,0.0,0.11898395721925134,0.8390824628843535,3.0729537366548043,0.7863436123348018,947.4495298795329,562,0.1194467544555664
paper,50,1500000.0,4,9,exclude,launch,0,0.0,prior,0.0,cluster_patrol,12600.0,43200,320215.70140191406,0,208453.2376577017,111762.46374421236,0,0,0.0,0,5.052756717411576,5.7796244369885335,7583.137266203306,3446.0112160455087,2.2005550158671223,2.0083698175096645,305.04290665934224,0.0,0.0,0.0,1.9576900476186427,9.028985507246377,0.8237791932059448,1323.561295250357,138,0.10044240951538086
paper,50,1500000.0,3,10,exclude,launch,0,0.0,prior,0.0,cluster_patrol,12600.0,43200,352143.04314263293,0,232030.49505921052,120112.54808342239,0,0,0.0,0,4.601112145414482,5.845574706230377,8360.21699446392,3404.63210432853,2.4555419611519946,2.009845094239485,305.93613430786627,0.0,0.0,0.0,2.3587922441812945,12.8,0.7797356828193832,1509.7783965937256,85,0.055999040603637695
paper,50,1500000.0,6,9,exclude,launch,0,0.0,prior,0.0,cluster_patrol,12600.0,43200,1156907.1413787252,0,864496.0912393582,292411.0501393668,0,5,0.6202833603068963,8,5.052756717411576,4.727664380413441,7583.137266203306,4206.618564743676,1.8026681405722778,2.011315586009801,306.8277643519041,0.0,0.0,0.0,1.212070059361407,3.6876876876876876,0.6794871794871795,1339.1137323974438,333,0.09299969673156738
paper,50,1500000.0,2,11,exclude,launch,0,0.0,prior,0.0,cluster_patrol,12600.0,43200,461559.87763985404,0,303017.492860493,158542.38477936105,0,0,0.0,0,5.369437041051388,7.043738333696931,7116.237207150667,2823.056696121227,2.5207560361533323,2.011579388336995,306.9878576724746,0.0,0.0,0.0,3.9513652636412084,22.823529411764707,0.7763157894736842,2101.4818939654565,34,0.03799796104431152
paper,50,1500000.0,4,10,exclude,launch,0,0.0,prior,0.0,cluster_patrol,12600.0,43200,215983.74879519836,0,157247.86000781448,58735.888787383876,0,0,0.0,0,4.601112145414482,5.541090476149532,8360.21699446392,3594.0003050010773,2.3261592334398578,2.0085684665774113,305.1631055322933,0.0,0.0,0.0,1.8452452337316336,9.510344827586207,0.8501118568232662,1195.4289713477674,145,0.07200074195861816
paper,50,1500000.0,5,10,exclude,launch,0,0.0,prior,0.0,cluster_patrol,12600.0,43200,550954.5496687373,0,432679.9982936966,118274.55137504074,0,1,0.529950925363749,1,4.601112145414482,4.450294349385536,8360.21699446392,4470.7779140998255,1.8699691988943763,2.0104263031656386,306.28839423869374,0.0,0.0,0.0,1.5007835426520915,5.826666666666667,0.8307349665924276,1261.265339397936,225,0.07499837875366211
paper,50,1500000.0,7,9,exclude,launch,0,0.0,prior,0.0,cluster_patrol,12600.0,43200,2821520.682389924,0,2348016.1556171626,473504.5267727615,0,14,0.9403482478327668,15,5.052756717411576,6.186367981125604,7583.137266203306,3216.991238733524,2.3572141493268917,2.0098996002051184,305.9691607483374,0.0,0.0,0.14983164983164984,0.9045141397448206,3.096412556053812,0.6115879828326181,1174.4508370833157,446,0.10600066184997559
paper,50,1500000.0,8,9,exclude,launch,0,0.0,prior,0.0,cluster_patrol,12600.0,43200,3887513.3822631394,0,3279721.32158052,607792.0606826193,0,21,0.9701680983518568,28,5.052756717411576,5.866585582644849,7583.137266203306,3393.498874849406,2.2346072728666586,2.009217125446333,305.5557618882478,0.0,0.0,0.12378303198887343,0.8717512134727179,2.2764378478664193,0.44516129032258067,1329.6640882223285,539,0.10599923133850098
paper,50,1500000.0,3,11,exclude,launch,0,0.0,prior,0.0,cluster_patrol,12600.0,43200,320542.03299806063,0,219081.7897413866,101460.24325667406,0,0,0.0,0,5.369437041051388,5.520645909090668,7116.237207150667,3606.1137017985575,1.9733812618280526,2.0092347588485793,305.566439540445,0.0,0.0,0.0,2.4926926776674247,13.987654320987655,0.8157894736842105,1453.3610787747534,81,0.06099820137023926
paper,50,1500000.0,6,10,exclude,launch,0,0.0,prior,0.0,cluster_patrol,12600.0,43200,909499.7683754636,0,812801.1968484264,96698.57152703722,0,4,0.7373631232793104,5,4.601112145414482,5.824448482100259,8360.21699446392,3411.5714902784885,2.450547209192873,2.013032129638252,307.87022870382356,0.0,0.0,0.19646799116997793,0.9907254171006297,3.328402366863905,0.8203991130820399,1460.237009300197,338,0.07999992370605469
paper,50,1500000.0,4,11,exclude,launch,0,0.0,prior,0.0,cluster_patrol,12600.0,43200,291177.47851010965,0,202637.2306246104,88540.24788549924,0,0,0.0,0,5.369437041051388,6.3470118733264425,7116.237207150667,3139.0600013949556,2.2669962358120928,2.007664147467663,304.61611022751964,0.0,0.0,0.0,1.7864241153548346,8.417218543046358,0.8079470198675497,1295.0648143861779,151,0.06999897956848145
paper,50,1500000.0,7,10,exclude,launch,0,0.0,prior,0.0,cluster_patrol,12600.0,43200,1386077.454220693,0,1225105.7053683505,160971.74885234263,0,7,0.8246208831330959,9,4.601112145414482,5.6184431505395755,8360.21699446392,3532.800083816992,2.366456294190068,2.0152314789193735,309.2084867366453,0.0,0.0,0.1490787269681742,0.901316037146497,2.3803131991051454,0.802247191011236,1541.6226211368482,447,0.08199954032897949
paper,50,1500000.0,2,12,exclude,launch,0,0.0,prior,0.0,cluster_patrol,12600.0,43200,372045.13402492617,0,254197.02652386512,117848.10750106104,0,0,0.0,0,4.61728825227823,6.153334538352582,8329.760200033028,3229.090838563188,2.579599217388207,2.0131178600377493,307.92233949824055,0.0,0.04081632653061224,0.0,3.7204107791964023,23.083333333333332,0.7523148148148148,1993.9130373368348,36,0.040999412536621094
paper,50,1500000.0,5,11,exclude,launch,0,0.0,prior,0.0,cluster_patrol,12600.0,43200,270978.51327973616,0,194702.29074969387,76276.22253004229,0,0,0.0,0,5.369437041051388,5.493399408348892,7116.237207150667,3626.6672319621334,1.962197453473164,2.0077568051520354,304.6721334990712,0.0,0.0,0.0,1.527084853379306,6.352941176470588,0.835920177383592,1174.8830494803308,221,0.08799982070922852
paper,50,1500000.0,6,11,exclude,launch,0,0.0,prior,0.0,cluster_patrol,12600.0,43200,924713.8024632331,0,800589.7493132553,124124.05314997776,0,3,0.7252956932372143,3,5.369437041051388,5.290715983186463,7116.237207150667,3764.4349662666627,1.89038654430737,2.0083793357933954,305.04866545653863,0.0,0.0,0.0,1.2243528838601618,4.636363636363637,0.8219780219780219,1073.7789355730558,330,0.09799981117248535
paper,50,1500000.0,7,11,exclude,launch,0,0.0,prior,0.0,cluster_patrol,12600.0,43200,1404487.4770676554,0,1227121.0734353564,177366.4036322989,0,6,0.8084300322192718,9,5.369437041051388,6.172376960398743,7116.237207150667,3224.960754018316,2.2066120334282524,2.009477352666747,305.71335766411903,0.0,0.0,0.1583629893238434,0.9602387412819697,3.3056872037914693,0.7902869757174393,1175.0692483970486,422,0.09200000762939453
paper,50,1500000.0,3,12,exclude,launch,0,0.0,prior,0.0,cluster_patrol,12600.0,43200,361475.1476593553,0,230067.72113146892,131407.42652788642,0,0,0.0,0,4.61728825227823,6.015606405308507,8329.760200033028,3307.8535572508517,2.5181768345742213,2.0101770189970267,306.13728291291596,0.0,0.0,0.0,2.2540859086673515,12.02247191011236,0.788235294117647,1542.23717236851,89,0.08299875259399414
paper,50,1500000.0,5,12,exclude,launch,0,0.0,prior,0.0,cluster_patrol,12600.0,43200,535134.6779086671,0,470130.1488703057,65004.52903836146,0,2,0.5772235969224253,2,4.61728825227823,4.431455817189572,8329.760200033028,4489.588219010276,1.8553506009219958,2.010513797952538,306.3414407557387,0.0,0.0,0.0,1.5233703963594736,5.709090909090909,0.828978622327791,1313.7154138012147,220,0.0735025405883789
paper,50,1500000.0,4,12,exclude,launch,0,0.0,prior,0.0,cluster_patrol,12600.0,43200,274660.50272858125,0,195902.8041452652,78757.69858331607,0,0,0.0,0,4.61728825227823,4.697410021660889,8329.760200033028,4236.412609908621,1.9662296775697448,2.010033378119438,306.0502274746089,0.0,0.0,0.0,1.9010251582875817,8.859154929577464,0.7830188679245284,1316.1399064764155,142,0.09250783920288086
paper,50,1500000.0,6,12,exclude,launch,0,0.0,prior,0.0,cluster_patrol,12600.0,43200,705469.3937807863,0,626715.924387141,78753.46939364525,0,4,0.6501600776602003,6,4.61728825227823,4.28257692144665,8329.760200033028,4639.014624404545,1.7955882605354405,2.0133954249194064,308.09108617427535,0.0,0.0,0.0,1.2728454628606287,3.858490566037736,0.8080568720379147,1342.999153877313,318,0.07450532913208008
paper,50,1500000.0,8,11,exclude,launch,0,0.0,prior,0.0,cluster_patrol,12600.0,43200,2643743.0674215322,0,2360978.9803301166,282764.0870914157,0,14,0.9575926659817702,18,5.369437041051388,6.5958869324486455,7116.237207150667,3017.8955635750763,2.3580130780670854,2.009474883939334,305.7118623912998,0.0,0.0,0.11352040816326531,0.8000562811044467,2.606473594548552,0.7592997811816192,1069.307072448902,587,0.11350560188293457
paper,50,1500000.0,9,11,exclude,launch,0,0.0,prior,0.0,cluster_patrol,12600.0,43200,3489153.3626801916,0,3087493.428013022,401659.9346671696,0,19,0.979366231344588,23,5.369437041051388,7.7890431225885735,7116.237207150667,2556.958337601183,2.7830868819813404,2.0084093349855854,305.06681606582123,0.0,0.0,0.1933404940923738,0.6735446322502666,2.340974212034384,0.70509977827051,999.9256475351785,698,0.12450456619262695
paper,50,3000000.0,5,1,exclude,launch,0,0.0,prior,0.0,cluster_patrol,12600.0,43200,144656.66735403336,0,115825.2932962852,28831.374057748137,0,0,0.0,0,11.094457325293037,12.734909168177843,6877.474519126179,3130.517316546889,2.1969131053114133,2.0066795501571724,304.02111501139404,0.0,0.0,0.0,1.6065517915799608,9.738095238095237,0.8977272727272727,809.049409123948,210,0.10750579833984375
paper,50,1500000.0,7,12,exclude,launch,0,0.0,prior,0.0,cluster_patrol,12600.0,43200,1766159.834359739,0,1638406.1713052704,127753.6630544686,0,11,0.9393162996514769,13,4.61728825227823,4.967143182198755,8329.760200033028,4008.0341614599884,2.078265769321383,2.0091941165685263,305.54182947495855,0.0,0.0,0.0,1.11855723583336,4.085308056872038,0.7801418439716312,955.530650169521,422,0.11150598526000977
paper,50,3000000.0,6,1,exclude,launch,0,0.0,prior,0.0,cluster_patrol,12600.0,43200,135345.88589229167,0,111143.05524514896,24202.830647142702,0,0,0.0,0,11.094457325293037,11.841173025207926,6877.474519126179,3367.5102274528376,2.0423024889602948,2.006255944027924,303.7653074674586,0.0,0.0,0.0,1.4884582306368748,7.874538745387454,0.8977777777777778,770.630562771106,271,0.1175069808959961
paper,50,3000000.0,7,1,exclude,launch,0,0.0,prior,0.0,cluster_patrol,12600.0,43200,120108.5555620966,0,98396.99241652062,21711.563145575987,0,0,0.0,0,11.094457325293037,11.252516492275234,6877.474519126179,3543.787607152048,1.9407129550445141,2.006192690791412,303.7271193006186,0.0,0.0,0.0,1.3597149877636914,7.04927536231884,0.9187358916478555,676.4180099088791,345,0.14650607109069824
paper,50,3000000.0,4,2,exclude,launch,0,0.0,prior,0.0,cluster_patrol,12600.0,43200,241861.9246710619,0,172347.66050856526,69514.26416249665,0,0,0.0,0,9.341613932410631,13.786030690830177,8230.497347191886,2891.3105161505855,2.846632107211284,2.0070399176824845,304.23881874178335,0.0,0.0,0.0,2.089070533257916,11.169230769230769,0.8493723849372385,1147.3817007222806,130,0.07451272010803223
paper,50,3000000.0,8,1,exclude,launch,0,0.0,prior,0.0,cluster_patrol,12600.0,43200,106701.69250637936,0,89282.21726918731,17419.47523719205,0,0,0.0,0,11.094457325293037,11.204586957755449,6877.474519126179,3559.1454647570445,1.9323386996197558,2.006080688590659,303.6595055865163,0.0,0.0,0.0,1.2506734189123123,6.221445221445221,0.9142212189616253,617.640504040307,429,0.17001914978027344
paper,50,3000000.0,9,1,exclude,launch,0,0.0,prior,0.0,cluster_patrol,12600.0,43200,96312.32563740593,0,82750.1570859432,13562.168551462748,0,0,0.0,0,11.094457325293037,12.07269495307693,6877.474519126179,3303.0371447281386,2.0821668718146493,2.0061911124443395,303.72616642859333,0.0,0.0,0.0,1.0670506773260606,5.169014084507042,0.9138321995464853,560.5975488419086,568,0.18501758575439453
paper,50,3000000.0,5,2,exclude,launch,0,0.0,prior,0.0,cluster_patrol,12600.0,43200,173297.22519500332,0,139796.7845446603,33500.44065034302,0,0,0.0,0,9.341613932410631,13.610911598048329,8230.497347191886,2929.8767472215523,2.8091616328219247,2.006103902148995,303.67351857583026,0.0,0.0,0.0,1.7682635753971925,9.342105263157896,0.8677685950413223,939.20032204737,190,0.0945127010345459
paper,50,3000000.0,11,1,exclude,launch,0,0.0,prior,0.0,cluster_patrol,12600.0,43200,95664.91815856895,0,81839.55367911888,13825.364479450072,0,0,0.0,0,11.094457325293037,10.774857062961043,6877.474519126179,3699.96933789602,1.8587923009754024,2.006690267567687,304.0275884446504,0.0,0.0,0.0,1.0520035201137805,4.213675213675214,0.9406392694063926,553.6316563960082,702,0.20551180839538574
paper,50,3000000.0,12,1,exclude,launch,0,0.0,prior,0.0,cluster_patrol,12600.0,43200,368175.6182575246,0,313458.9413171882,54716.67694033644,0,1,0.7000890752909402,1,11.094457325293037,13.597109821277877,6877.474519126179,2930.0794336209565,2.3471972944525534,2.008001290573158,304.81998053914566,0.0,0.0,0.07154213036565978,0.782441821175098,2.9925925925925925,0.9204545454545454,579.2236582932625,945,0.2213428020477295
paper,50,3000000.0,13,1,exclude,launch,0,0.0,prior,0.0,cluster_patrol,12600.0,43200,422354.699652026,0,396140.4987491943,26214.20090283171,0,2,0.7620061477712103,3,11.094457325293037,12.464069563950792,6877.474519126179,3197.4293620393955,2.1509386886781963,2.0073780178227705,304.4431412377603,0.0,0.0,0.07081038552321008,0.8462540818896972,3.0345911949685536,0.918552036199095,567.5654648128776,954,0.2263481616973877
paper,50,3000000.0,6,2,exclude,launch,0,0.0,prior,0.0,cluster_patrol,12600.0,43200,150880.6279856463,0,122386.91487480928,28493.713110837016,0,0,0.0,0,9.341613932410631,11.54493276912065,8230.497347191886,3454.02215976656,2.3828733477923443,2.0061964578709555,303.72939354961727,0.0,0.0,0.0,1.5554009377397309,8.237547892720306,0.8962655601659751,775.7436563292639,261,0.12783336639404297
paper,50,3000000.0,7,2,exclude,launch,0,0.0,prior,0.0,cluster_patrol,12600.0,43200,149578.4219937133,0,117614.1279865666,31964.294007146695,0,0,0.0,0,9.341613932410631,10.197860579440018,8230.497347191886,3910.5645873307976,2.1046826266101157,2.0060486152922667,303.64014489944634,0.0,0.0,0.0,1.5365879164082512,6.967532467532467,0.8865546218487395,771.6130242177865,308,0.12383055686950684
paper,50,3000000.0,10,1,exclude,launch,0,0.0,prior,0.0,cluster_patrol,12600.0,43200,97327.58618351608,0,82615.95819206751,14711.627991448571,0,0,0.0,0,11.094457325293037,11.387887228217304,6877.474519126179,3501.3990907584775,1.96420754699984,2.006343154876427,303.8179636099921,0.0,0.0,0.0,1.0577358969388406,4.618524332810047,0.9230769230769231,558.5988372881818,637,0.2868514060974121
paper,50,3000000.0,17,1,exclude,launch,0,0.0,prior,0.0,cluster_patrol,12600.0,43200,2769257.2189676114,0,2424233.8831954286,345023.33577218285,0,14,0.9666558181188447,16,11.094457325293037,22.423352427756736,6877.474519126179,1775.2040977688607,3.8741880597110114,2.009745905260439,305.8760379570671,0.0,0.0,0.30474806201550386,0.43321105845701197,1.6436410587475792,0.7162471395881007,641.8900462690063,1549,0.24534368515014648
paper,50,3000000.0,8,2,exclude,launch,0,0.0,prior,0.0,cluster_patrol,12600.0,43200,197507.49069654968,0,135486.23748695978,62021.25320958987,0,0,0.0,0,9.341613932410631,8.942919465135695,8230.497347191886,4457.955562045733,1.846249302542386,2.0066652605412783,304.0124840341918,0.0,0.0,0.0,1.4834304146128388,5.765193370165746,0.8854166666666666,792.3960364659466,362,0.12583160400390625
paper,50,3000000.0,15,1,exclude,launch,0,0.0,prior,0.0,cluster_patrol,12600.0,43200,1147425.9532820187,0,1048385.6782911286,99040.27499088994,0,7,0.9173474102770901,9,11.094457325293037,16.101434503717247,6877.474519126179,2472.3020003908487,2.781810036977243,2.0096660549790606,305.82766277309366,0.0,0.0,0.1514301738642737,0.6027412247641692,2.2158327109783422,0.8526077097505669,551.9452091206923,1339,0.2713441848754883
paper,50,3000000.0,16,1,exclude,launch,0,0.0,prior,0.0,cluster_patrol,12600.0,43200,1595932.2263073842,0,1433401.9559632852,162530.2703440988,0,9,0.9395072728192841,14,11.094457325293037,17.3643013430097,6877.474519126179,2292.552144247645,2.999920650172685,2.009617715010757,305.7983791390625,0.0,0.0,0.18556701030927836,0.5544483165276288,1.9649725274725274,0.8140589569160998,572.4020648029953,1456,0.25434374809265137
paper,50,3000000.0,14,1,exclude,launch,0,0.0,prior,0.0,cluster_patrol,12600.0,43200,620275.191406694,0,549183.6260917697,71091.56531492434,0,3,0.7930943912180534,6,11.094457325293037,14.79855243681027,6877.474519126179,2689.872301117978,2.556803353180643,2.0097363538468,305.8702512839492,0.0,0.0,0.11069882498453927,0.6652334774250473,2.3136288998357966,0.9084668192219679,581.0735848561325,1218,0.34334373474121094
paper,50,3000000.0,9,2,exclude,launch,0,0.0,prior,0.0,cluster_patrol,12600.0,43200,117089.81976697438,0,95862.22589589519,21227.59387107919,0,0,0.0,0,9.341613932410631,9.408492776646153,8230.497347191886,4239.15618250315,1.9415414277876206,2.0058133323358334,303.4981378513543,0.0,0.0,0.0,1.4250828940106932,5.862884160756501,0.9163179916317992,659.4973220452378,423,0.15183162689208984
paper,50,3000000.0,10,2,exclude,launch,0,0.0,prior,0.0,cluster_patrol,12600.0,43200,467201.02396678587,0,409723.4137832151,57477.610183570745,0,2,0.6756481137632762,2,9.341613932410631,14.240684435866623,8230.497347191886,2800.0509529619194,2.9394098484120765,2.0062876037578765,303.7844224430308,0.0,0.024675324675324677,0.23246753246753246,0.932205450081068,4.105902777777778,0.8900414937759336,698.0032889680937,576,0.15983247756958008
paper,50,3000000.0,5,3,exclude,launch,0,0.0,prior,0.0,cluster_patrol,12600.0,43200,169921.47979472508,0,132952.455319711,36969.02447501407,0,0,0.0,0,10.771174625584255,12.717034628541333,7093.897473043144,3134.5004123813874,2.26316686545071,2.0069465292529007,304.18239383233885,0.0,0.0,0.0,1.6843065679042168,9.315,0.8531317494600432,883.5571063268318,200,0.0989995002746582
paper,50,3000000.0,11,2,exclude,launch,0,0.0,prior,0.0,cluster_patrol,12600.0,43200,642988.3547401216,0,564041.2443880562,78947.1103520654,0,3,0.7478407568428422,3,9.341613932410631,15.768481020788144,8230.497347191886,2527.6276785181285,3.256214282325464,2.0071832534174456,304.3254317893651,0.0,0.0,0.28987068965517243,0.7732428106723395,3.1841726618705035,0.859538784067086,743.7927634883756,695,0.16499948501586914
paper,50,3000000.0,6,3,exclude,launch,0,0.0,prior,0.0,cluster_patrol,12600.0,43200,163847.5081834053,0,129555.29637872199,34292.21180468331,0,0,0.0,0,10.771174625584255,11.108487551499893,7093.897473043144,3588.0669430024545,1.9770805800816662,2.007125447363288,304.290500018011,0.0,0.0,0.0,1.4864045236677155,7.297794117647059,0.8747300215982722,834.1285117556272,272,0.11299943923950195
paper,50,3000000.0,12,2,exclude,launch,0,0.0,prior,0.0,cluster_patrol,12600.0,43200,641144.9283703676,0,563155.8635253977,77989.0648449699,0,3,0.7495148416587294,3,9.341613932410631,15.124187428760296,8230.497347191886,2635.649046129936,3.1227592153352752,2.0069213615109556,304.1671884801228,0.0,0.0,0.2608695652173913,0.7813113959882678,3.111969111969112,0.872651356993737,681.3151301254969,777,0.190504789352417
paper,50,3000000.0,7,3,exclude,launch,0,0.0,prior,0.0,cluster_patrol,12600.0,43200,137211.34422055274,0,109852.9685510323,27358.375669520432,0,0,0.0,0,10.771174625584255,10.62640681843775,7093.897473043144,3751.5347738827304,1.89093208529723,2.0067560099628885,304.06729907891867,0.0,0.0,0.0,1.4149909956699087,6.731927710843373,0.8633405639913232,740.9320108424467,332,0.13150763511657715
paper,50,3000000.0,13,2,exclude,launch,0,0.0,prior,0.0,cluster_patrol,12600.0,43200,877947.0093303794,0,804066.4560094227,73880.55332095672,0,4,0.8246052054354134,5,9.341613932410631,13.9279834870029,8230.497347191886,2861.4706467703422,2.876317237949446,2.0073007577632116,304.3964449771021,0.0,0.0,0.23767605633802816,0.7895985718606333,2.8317647058823527,0.8640167364016736,681.3572650212599,850,0.18550586700439453
paper,50,3000000.0,8,3,exclude,launch,0,0.0,prior,0.0,cluster_patrol,12600.0,43200,115729.88594124393,0,96303.75399566868,19426.131945575264,0,0,0.0,0,10.771174625584255,11.25572180719632,7093.897473043144,3542.5090747898116,2.002506506906845,2.00634523507295,303.8192196462092,0.0,0.0,0.0,1.269160507716719,6.212264150943396,0.8900862068965517,628.9561485473603,424,0.15350794792175293
paper,50,3000000.0,14,2,exclude,launch,0,0.0,prior,0.0,cluster_patrol,12600.0,43200,1155851.8146124878,0,1022190.9583757845,133660.85623670334,0,5,0.857840078201451,7,9.341613932410631,15.260956121867473,8230.497347191886,2613.0646292734086,3.1497488638390343,2.006125470865788,303.6865389374712,0.0,0.0,0.20119225037257824,0.7354562401779715,2.8699106256206552,0.8517745302713987,567.5992766787786,1007,0.21325159072875977
paper,50,3000000.0,15,2,exclude,launch,0,0.0,prior,0.0,cluster_patrol,12600.0,43200,1264046.2680481926,0,1142311.2061699743,121735.06187821842,0,7,0.8910054128190531,10,9.341613932410631,16.80791664456391,8230.497347191886,2372.610895457351,3.4689621306848766,2.0060861564196175,303.6628062417599,0.0,0.0,0.23997326203208555,0.658869314272719,2.5026737967914436,0.8466386554621849,584.7662219544723,1122,0.21925115585327148
paper,50,3000000.0,4,4,exclude,launch,0,0.0,prior,0.0,cluster_patrol,12600.0,43200,202560.62742162225,0,150962.54468764685,51598.082733975396,0,0,0.0,0,9.898658188741576,14.94924240356121,7748.570140310145,2665.6947519538217,2.9067732284916823,2.0075223357092224,304.53037708589017,0.0,0.0,0.0,2.0484330268195836,12.46923076923077,0.8721649484536083,1006.6079121606332,130,0.08274269104003906
paper,50,3000000.0,11,3,exclude,launch,0,0.0,prior,0.0,cluster_patrol,12600.0,43200,131588.5332395363,0,100152.04212731682,31436.491112219483,0,0,0.0,2,10.771174625584255,10.766407923238955,7093.897473043144,3702.2987191930633,1.9160791743431493,2.007001511851989,304.2156134616576,0.0,0.0,0.0,1.0628666391453125,4.2063492063492065,0.8881720430107527,563.091580117629,693,0.19425082206726074
paper,50,3000000.0,5,4,exclude,launch,0,0.0,prior,0.0,cluster_patrol,12600.0,43200,170561.17723843845,0,130226.63902591885,40334.5382125196,0,0,0.0,0,9.898658188741576,12.532717546979939,7748.570140310145,3180.6552087216996,2.436155330217098,2.0069111323721422,304.16100854848503,0.0,0.0,0.0,1.8028739548041033,10.032085561497325,0.8857142857142857,884.6129220374117,187,0.09599876403808594
paper,50,3000000.0,12,3,exclude,launch,0,0.0,prior,0.0,cluster_patrol,12600.0,43200,503812.2622654708,0,450872.41000393464,52939.852261536194,0,2,0.8318557205452748,3,10.771174625584255,10.792985943958541,7093.897473043144,3694.323118882766,1.9202157593590445,2.006381421784557,303.8410698339319,0.0,0.0,0.0,1.044067551918923,4.031128404669261,0.9023861171366594,527.8712157565891,771,0.2122504711151123
paper,50,3000000.0,9,3,exclude,launch,0,0.0,prior,0.0,cluster_patrol,12600.0,43200,108544.91305182631,0,91822.05916638277,16722.85388544354,0,0,0.0,0,10.771174625584255,11.486018415854812,7093.897473043144,3471.6557252795055,2.0433758512941282,2.006244355604561,303.75831095581157,0.0,0.0,0.0,1.1615841791585482,5.313461538461539,0.8709677419354839,596.9798285170456,520,0.26024961471557617
paper,50,3000000.0,13,3,exclude,launch,0,0.0,prior,0.0,cluster_patrol,12600.0,43200,790901.1402182461,0,705272.6225980828,85628.5176201633,0,4,0.8862593636683898,4,10.771174625584255,11.497403491978233,7093.897473043144,3467.0021445186153,2.0461185708404326,2.006947925117336,304.1832371694324,0.0,0.0,0.0,0.9163885249067487,3.339979013641133,0.8736383442265795,515.1508552190489,953,0.22625041007995605
paper,50,3000000.0,6,4,exclude,launch,0,0.0,prior,0.0,cluster_patrol,12600.0,43200,146956.22029227816,0,115862.63247103711,31093.587821241043,0,0,0.0,0,9.898658188741576,15.45266118721494,7748.570140310145,2581.1835731461674,3.0019446198727837,2.0057084861424066,303.43486772965554,0.0,0.0,0.0,1.4973145663679164,8.337037037037037,0.8918367346938776,725.1281409606141,270,0.11999869346618652
paper,50,3000000.0,10,3,exclude,launch,0,0.0,prior,0.0,cluster_patrol,12600.0,43200,115079.29132475187,0,96110.79183623676,18968.499488515117,0,0,0.0,0,10.771174625584255,11.667261734244804,7093.897473043144,3417.753076020777,2.075602688448877,2.0062283519204813,303.7486488625823,0.0,0.0,0.0,1.0785698991180797,4.728295819935691,0.8874458874458875,558.2719506938572,622,0.2812507152557373
paper,50,3000000.0,14,3,exclude,launch,0,0.0,prior,0.0,cluster_patrol,12600.0,43200,996753.2264678194,0,900744.8812288105,96008.34523900895,0,5,0.9066575998038937,6,10.771174625584255,12.351182566737995,7093.897473043144,3226.6975173984815,2.198500923868,2.007350409086051,304.4264540057504,0.0,0.0,0.06460875807609476,0.8368336224294713,2.934034416826004,0.8456521739130435,536.4998181904417,1046,0.23025083541870117
paper,50,3000000.0,15,3,exclude,launch,0,0.0,prior,0.0,cluster_patrol,12600.0,43200,1240088.9552992913,0,1096636.7629848688,143452.1923144225,0,6,0.9157909256447997,12,10.771174625584255,13.043900594049678,7093.897473043144,3054.7277084042908,2.3222683493281986,2.00775169991193,304.6690466026154,0.0,0.0,0.11941294196130754,0.7780889884828924,2.6076512455516014,0.8267543859649122,555.9928458972837,1124,0.24074554443359375
paper,50,3000000.0,16,3,exclude,launch,0,0.0,prior,0.0,cluster_patrol,12600.0,43200,2412510.0589825693,0,2105685.3699264987,306824.6890560705,0,12,0.9667751219748684,14,10.771174625584255,15.63003048774092,7093.897473043144,2549.9700420446393,2.7819532606567616,2.007220499031214,304.3479401006064,0.0,0.0,0.21553281155930162,0.6478742230746225,2.1235955056179776,0.7516339869281046,616.3448435328827,1246,0.24325180053710938
paper,50,3000000.0,7,4,exclude,launch,0,0.0,prior,0.0,cluster_patrol,12600.0,43200,145744.30261942503,0,111831.87625937794,33912.42636004708,0,0,0.0,0,9.898658188741576,13.108599296311112,7748.570140310145,3042.213243800963,2.547017424271359,2.00606059054863,303.6473735565174,0.0,0.0,0.0,1.310825073082988,6.4789915966386555,0.9014373716632443,709.4219824753073,357,0.14250659942626953
paper,50,3000000.0,17,3,exclude,launch,0,0.0,prior,0.0,cluster_patrol,12600.0,43200,2718404.428568592,0,2349514.809277792,368889.61929079966,0,13,0.9764244188746842,15,10.771174625584255,16.848146453525974,7093.897473043144,2366.06994335053,2.998177417780668,2.0068285892399382,304.11114243326534,0.0,0.0,0.2525366403607666,0.6067435581938116,2.141891891891892,0.7685589519650655,571.5842156324173,1332,0.2512493133544922
paper,50,3000000.0,8,4,exclude,launch,0,0.0,prior,0.0,cluster_patrol,12600.0,43200,135154.14431875714,0,106760.75027807032,28393.39404068682,0,0,0.0,0,9.898658188741576,11.4148416488807,7748.570140310145,3493.5698511197406,2.2179519719139473,2.0060911628129956,303.6658283671218,0.0,0.0,0.0,1.319880312920225,5.864532019704433,0.9096509240246407,691.5952828565626,406,0.1455063819885254
paper,50,3000000.0,9,4,exclude,launch,0,0.0,prior,0.0,cluster_patrol,12600.0,43200,122291.0324586392,0,98901.25263943049,23389.779819208703,0,0,0.0,0,9.898658188741576,11.356948052786118,7748.570140310145,3512.097023156252,2.2062517320055863,2.0056809182948117,303.4182328266889,0.0,0.0,0.0,1.2796822255268439,5.3734177215189876,0.917864476386037,646.3709489591458,474,0.16850876808166504
paper,50,3000000.0,5,5,exclude,launch,0,0.0,prior,0.0,cluster_patrol,12600.0,43200,134346.48950158415,0,105795.63126129266,28550.85824029148,0,0,0.0,0,10.480785397349965,14.006206095922199,7299.682415679881,2847.3927494636664,2.563637354578095,2.00595921914607,303.58618517549115,0.0,0.0,0.0,1.7245512624500856,10.128865979381443,0.8536585365853658,841.0879793784152,194,0.11150527000427246
paper,50,3000000.0,10,4,exclude,launch,0,0.0,prior,0.0,cluster_patrol,12600.0,43200,128511.64644811611,0,104784.24423561702,23727.40221249908,0,0,0.0,1,9.898658188741576,10.527287227431302,7748.570140310145,3788.115697688384,2.0454945832405653,2.0060893840052847,303.66475458244014,0.0,0.0,0.0,1.2309086504067532,4.769652650822669,0.9200819672131147,630.5098700167913,547,0.18150854110717773
paper,50,3000000.0,6,5,exclude,launch,0,0.0,prior,0.0,cluster_patrol,12600.0,43200,131966.64110143232,0,103355.61680185515,28611.02429957718,0,0,0.0,0,10.480785397349965,11.687994622106908,7299.682415679881,3412.384689914549,2.1391733579318912,2.005820192962778,303.5022781715041,0.0,0.0,0.0,1.6107608410695031,8.18,0.8757637474541752,809.4928775160654,250,0.1269986629486084
paper,50,3000000.0,11,4,exclude,launch,0,0.0,prior,0.0,cluster_patrol,12600.0,43200,410044.2422215688,0,366917.19885915215,43127.043362416676,0,3,0.7097778384309477,3,9.898658188741576,10.792547581776768,7748.570140310145,3695.0328369396943,2.0970233506037466,2.0060775267704942,303.6575969617902,0.0,0.0,0.0,1.099693910819841,3.9807407407407407,0.9158110882956879,612.0018036273042,675,0.18850922584533691
paper,50,3000000.0,7,5,exclude,launch,0,0.0,prior,0.0,cluster_patrol,12600.0,43200,128228.52884974469,0,102093.44293135354,26135.085918391167,0,0,0.0,0,10.480785397349965,10.394445594744163,7299.682415679881,3836.7159738005425,1.9025860828705081,2.005991120554924,303.60544039060557,0.0,0.0,0.0,1.4889025008749985,6.65615141955836,0.8795918367346939,782.6952797858356,317,0.14800143241882324
paper,50,3000000.0,12,4,exclude,launch,0,0.0,prior,0.0,cluster_patrol,12600.0,43200,596076.0431464311,0,531645.4085797421,64430.63456668901,0,4,0.8102241239288084,6,9.898658188741576,11.106583471745996,7748.570140310145,3590.3398173115943,2.1581717983765074,2.0061987089905426,303.73075259227033,0.0,0.0,0.0,1.0191555712672495,3.720606826801517,0.8993839835728953,558.9095277880637,791,0.21950912475585938
paper,50,3000000.0,8,5,exclude,launch,0,0.0,prior,0.0,cluster_patrol,12600.0,43200,127947.95794966143,0,99069.87665249115,28878.081297170284,0,0,0.0,0,10.480785397349965,9.8950425894346,7299.682415679881,4030.571074433588,1.8110789465995705,2.005883635752306,303.54056660228343,0.0,0.0,0.0,1.428929189203896,5.803713527851459,0.8924949290060852,756.8136454488917,377,0.14500093460083008
paper,50,3000000.0,9,5,exclude,launch,0,0.0,prior,0.0,cluster_patrol,12600.0,43200,117919.71461357299,0,94118.57276818158,23801.141845391423,0,0,0.0,0,10.480785397349965,9.877950299524509,7299.682415679881,4037.9926245355564,1.8077503092318004,2.0056614580659176,303.4064904717802,0.0,0.0,0.0,1.356788353501992,5.251685393258427,0.889795918367347,702.0654803139482,445,0.15200161933898926
paper,50,3000000.0,13,4,exclude,launch,0,0.0,prior,0.0,cluster_patrol,12600.0,43200,1019573.2067639679,0,919071.3552758715,100501.85148809633,0,6,0.8927436678198312,6,9.898658188741576,14.791966239494384,7748.570140310145,2696.0015910828365,2.874097020542917,2.0060600809742777,303.6470659589912,0.0,0.0,0.14365522745411013,0.7862052561452821,3.197018104366347,0.8788501026694046,547.1323102943669,939,0.240509033203125
paper,50,3000000.0,15,4,exclude,launch,0,0.0,prior,0.0,cluster_patrol,12600.0,43200,1770079.2533059744,0,1552720.8998918415,217358.35341413275,0,9,0.9401189896936647,13,9.898658188741576,16.37150525015772,7748.570140310145,2434.9244848149037,3.1822630182714557,2.0068544622451685,304.1267724429023,0.0,0.0,0.24010731052984574,0.6613002043610177,2.4128686327077746,0.8292181069958847,608.3304394241246,1119,0.23150849342346191
paper,50,3000000.0,14,4,exclude,launch,0,0.0,prior,0.0,cluster_patrol,12600.0,43200,1318354.2476326036,0,1163584.2769364119,154769.97069619168,0,7,0.9268548284999883,9,9.898658188741576,15.505330660678979,7748.570140310145,2571.253046606954,3.013538535437117,2.0066153744547948,303.98235362662996,0.0,0.0,0.19549418604651161,0.7172915480013938,2.769825918762089,0.8395061728395061,573.2786943321497,1034,0.24550867080688477
paper,50,3000000.0,10,5,exclude,launch,0,0.0,prior,0.0,cluster_patrol,12600.0,43200,114541.8701652968,0,91593.72444382502,22948.145721471778,0,0,0.0,0,10.480785397349965,10.218640429091849,7299.682415679881,3903.879890380066,1.869853228237822,2.0053972822190533,303.24710852803764,0.0,0.0,0.0,1.2691019110217727,4.780718336483932,0.8726899383983573,647.9565795293969,529,0.17299890518188477
paper,50,3000000.0,11,5,exclude,launch,0,0.0,prior,0.0,cluster_patrol,12600.0,43200,285064.7265567856,0,240546.26065998565,44518.465896799935,0,1,0.5824136244328556,1,10.480785397349965,9.972550384314232,7299.682415679881,3999.691066615668,1.8250615595310202,2.0056599380727107,303.4055733133224,0.0,0.0,0.0,1.2064202975892275,4.13562091503268,0.8811475409836066,645.312458812444,612,0.17342162132263184
paper,50,3000000.0,5,6,exclude,launch,0,0.0,prior,0.0,cluster_patrol,12600.0,43200,161541.11058612005,0,123633.6680557641,37907.442530355955,0,0,0.0,0,10.985299613933622,15.6989084321876,6949.126209101812,2540.5114784225275,2.7353256492337175,2.005854232472354,303.52282109476454,0.0,0.0,0.0,1.7982702591204889,9.689839572192513,0.8914027149321267,911.7693484006078,187,0.11442136764526367
paper,50,3000000.0,6,6,exclude,launch,0,0.0,prior,0.0,cluster_patrol,12600.0,43200,151783.62220337664,0,118295.67770734793,33487.94449602871,0,0,0.0,0,10.985299613933622,12.27017589435986,6949.126209101812,3249.903678502824,2.138256052038797,2.006174514900133,303.71614633035546,0.0,0.0,0.0,1.5223854939214405,7.37218045112782,0.8820861678004536,837.5443544568616,266,0.11142134666442871
paper,50,3000000.0,13,5,exclude,launch,0,0.0,prior,0.0,cluster_patrol,12600.0,43200,1028121.0510121234,0,893275.726016379,134845.3249957443,0,6,0.9065749799912547,8,10.480785397349965,12.090373700711595,7299.682415679881,3297.7765264878412,2.2135163971993284,2.006453225759068,303.88442869224997,0.0,0.0,0.16391941391941392,0.9032049265813741,2.8557457212713935,0.8357289527720739,696.2017944365675,818,0.17942190170288086
paper,50,3000000.0,7,6,exclude,launch,0,0.0,prior,0.0,cluster_patrol,12600.0,43200,144771.94383482434,0,113811.05339238899,30960.89044243538,0,0,0.0,0,10.985299613933622,12.162755149757595,6949.126209101812,3278.404727893878,2.1196669678932807,2.006298071233285,303.79074245034883,0.0,0.0,0.0,1.282822422574328,6.173441734417344,0.8901098901098901,728.2747668204612,369,0.1334214210510254
paper,50,3000000.0,12,5,exclude,launch,0,0.0,prior,0.0,cluster_patrol,12600.0,43200,631521.8882475685,0,557641.8168591347,73880.0713884337,0,3,0.8439280287400455,5,10.480785397349965,9.620360801572476,7299.682415679881,4143.860584432903,1.7615656383572227,2.0067510147545073,304.06428171276906,0.0,0.0,0.0,1.1194943724308912,3.4923717059639388,0.8757637474541752,654.6958413433088,721,0.21842169761657715
paper,50,3000000.0,14,5,exclude,launch,0,0.0,prior,0.0,cluster_patrol,12600.0,43200,1241284.7529343728,0,1065570.5784343872,175714.17449998544,0,8,0.9350214922545393,9,10.480785397349965,13.545072954848427,7299.682415679881,2944.253908303254,2.479297860518633,2.0060113145295952,303.6176294884693,0.0,0.0,0.2215815485996705,0.8109595086942663,2.6864686468646863,0.7750511247443763,674.5771578484538,909,0.2024211883544922
paper,50,3000000.0,8,6,exclude,launch,0,0.0,prior,0.0,cluster_patrol,12600.0,43200,138086.42565075704,0,107559.46239052342,30526.963260233624,0,0,0.0,0,10.985299613933622,11.681492928492387,6949.126209101812,3413.4035363605612,2.0358349474586612,2.006337555263679,303.8145825402233,0.0,0.0,0.0,1.198262106521575,5.52549889135255,0.9202733485193622,658.7493982832538,451,0.15642094612121582
paper,50,3000000.0,15,5,exclude,launch,0,0.0,prior,0.0,cluster_patrol,12600.0,43200,1477747.4490203457,0,1259058.4714104945,218688.97760985137,0,9,0.9381010212888998,16,10.480785397349965,13.81344229304272,7299.682415679881,2886.719513942857,2.528712048545905,2.0062427542539756,303.75734414658797,0.0,0.0,0.1905099150141643,0.7625286896002309,2.4347826086956523,0.7418032786885246,634.4323614158978,1058,0.22242116928100586
paper,50,3000000.0,10,6,exclude,launch,0,0.0,prior,0.0,cluster_patrol,12600.0,43200,158168.253451381,0,115574.1985036102,42594.05494777078,0,0,0.0,0,10.985299613933622,10.479612644492086,6949.126209101812,3803.8707007084417,1.826856577382504,2.006868935735521,304.13551612475413,0.0,0.0,0.0,1.130920045084635,4.203361344537815,0.905829596412556,657.8929211630203,595,0.16242289543151855
paper,50,3000000.0,16,5,exclude,launch,0,0.0,prior,0.0,cluster_patrol,12600.0,43200,2585898.867117019,0,2246912.491941565,338986.3751754538,0,16,0.9785750824046542,17,10.480785397349965,19.71471610786015,7299.682415679881,2022.9164629258084,3.6084942455419626,2.005956498434789,303.58454302295445,0.0,0.0,0.32234871180347513,0.5366663166638814,1.9289137380191694,0.6428571428571429,677.3840176374849,1252,0.26542043685913086
paper,50,3000000.0,9,6,exclude,launch,0,0.0,prior,0.0,cluster_patrol,12600.0,43200,152694.46816899313,0,114356.09233886335,38338.3758301298,0,0,0.0,0,10.985299613933622,10.826838401860414,6949.126209101812,3681.570805653835,1.887543816468218,2.007036057384036,304.236486261475,0.0,0.0,0.0,1.1350388448151247,4.613084112149533,0.9026548672566371,670.4619769052156,535,0.2214210033416748
paper,50,3000000.0,11,6,exclude,launch,0,0.0,prior,0.0,cluster_patrol,12600.0,43200,168847.16495061407,0,129558.42422187232,39288.74072874174,0,0,0.0,1,10.985299613933622,9.776121170546997,6949.126209101812,4075.5734426781664,1.7050671045042824,2.0078658236462403,304.73805554223435,0.0,0.0,0.0,1.1118487805377564,3.48644578313253,0.89749430523918,708.772808486653,664,0.1589984893798828
paper,50,3000000.0,5,7,exclude,launch,0,0.0,prior,0.0,cluster_patrol,12600.0,43200,166048.2662907853,0,125337.88597548567,40710.38031529962,0,0,0.0,0,10.0719410581049,11.135254300566793,7609.524904069072,3579.3645258271154,2.1259429848963687,2.007168893260851,304.3167538656864,0.0,0.0,0.0,1.8274063839515613,9.584699453551913,0.8632478632478633,931.1375378882161,183,0.09400629997253418
paper,50,3000000.0,12,6,exclude,launch,0,0.0,prior,0.0,cluster_patrol,12600.0,43200,539886.2751837317,0,441149.57974719064,98736.69543654106,0,2,0.5652411858001779,2,10.985299613933622,10.574259833865305,6949.126209101812,3767.443618968382,1.8445202933135472,2.0081365810321685,304.9018098045692,0.0,0.0,0.0,0.9835958360441796,3.129268292682927,0.8656036446469249,641.7229405181051,820,0.18351507186889648
paper,50,3000000.0,14,6,exclude,launch,0,0.0,prior,0.0,cluster_patrol,12600.0,43200,2269968.92443781,0,1959037.587109968,310931.337327842,0,11,0.9605245369053624,16,10.985299613933622,11.15225751117837,6949.126209101812,3567.66247566643,1.9478093167442172,2.0106822197114207,306.4435647722412,0.0,0.0,0.06493506493506493,0.839876381027442,2.295761078998073,0.7697368421052632,681.6838031263974,1038,0.19351458549499512
paper,50,3000000.0,6,7,exclude,launch,0,0.0,prior,0.0,cluster_patrol,12600.0,43200,140937.95166811105,0,111497.29061551267,29440.661052598374,0,0,0.0,0,10.0719410581049,10.565335136284714,7609.524904069072,3772.4852274812747,2.017111915677301,2.0071469119861653,304.30347069698064,0.0,0.0,0.0,1.5521333755120206,7.6061776061776065,0.8704883227176221,829.4796500040002,259,0.1205146312713623
paper,50,3000000.0,15,6,exclude,launch,0,0.0,prior,0.0,cluster_patrol,12600.0,43200,2952324.1701088115,0,2581943.3950960925,370380.7750127191,0,16,0.9777110912181137,18,10.985299613933622,16.670669233350345,6949.126209101812,2388.6774772751514,2.9091940101637013,2.008997691491519,305.4229024305644,0.0,0.0,0.29504950495049503,0.5908473667350238,2.0140969162995597,0.7004405286343612,717.2287329264414,1135,0.19751477241516113
paper,50,3000000.0,7,7,exclude,launch,0,0.0,prior,0.0,cluster_patrol,12600.0,43200,125737.34368786552,0,100090.19055877058,25647.15312909493,0,0,0.0,0,10.0719410581049,9.827257644047018,7609.524904069072,4055.750730374705,1.8762309150508465,2.007180317893548,304.3236578256446,0.0,0.0,0.0,1.4644128833229253,6.919254658385094,0.8940677966101694,739.3111776711786,322,0.12584900856018066
paper,50,3000000.0,16,6,exclude,launch,0,0.0,prior,0.0,cluster_patrol,12600.0,43200,3576997.614664701,0,3044361.646189024,532635.9684756768,0,18,0.9817016323020997,20,10.985299613933622,17.571832052094663,6949.126209101812,2265.707642747905,3.0670886560958692,2.00941238008272,305.6740059192785,0.0,0.0,0.2473771397018222,0.5426877541280589,1.8225331369661266,0.6328828828828829,659.6556220892495,1358,0.21785879135131836
paper,50,3000000.0,13,6,exclude,launch,0,0.0,prior,0.0,cluster_patrol,12600.0,43200,1609405.9589838,0,1368125.4501839387,241280.50879986107,0,7,0.9442678360629339,11,10.985299613933622,9.98175339174734,6949.126209101812,3991.3874157123582,1.7410302447079231,2.0079794656960415,304.80678097946316,0.0,0.0,0.0,1.0010290515763993,2.9656357388316152,0.817351598173516,636.3329578536706,873,0.29085826873779297
paper,50,3000000.0,8,7,exclude,launch,0,0.0,prior,0.0,cluster_patrol,12600.0,43200,111590.80626230959,0,90258.0489802815,21332.7572820281,0,0,0.0,0,10.0719410581049,10.40635407156578,7609.524904069072,3831.4915173108257,1.9860476970101453,2.006427724072826,303.8690291347227,0.0,0.0,0.0,1.3596066194751009,6.19647355163728,0.9120171673819742,670.1460410481666,397,0.16785955429077148
paper,50,3000000.0,9,7,exclude,launch,0,0.0,prior,0.0,cluster_patrol,12600.0,43200,99978.90229866804,0,82629.58356487303,17349.31873379501,0,0,0.0,0,10.0719410581049,10.601180705655,7609.524904069072,3761.7501249817974,2.0228682531394595,2.0060687167311206,303.6522788355011,0.0,0.0,0.0,1.2785223672827544,5.697478991596639,0.9171974522292994,608.9132054263029,476,0.17485952377319336
paper,50,3000000.0,10,7,exclude,launch,0,0.0,prior,0.0,cluster_patrol,12600.0,43200,100329.28711539404,0,84490.64962785326,15838.63748754077,0,0,0.0,0,10.0719410581049,10.121347018442044,7609.524904069072,3939.148766240339,1.9317688555672063,2.0065467792193754,303.94092562706925,0.0,0.0,0.0,1.2120632162579852,4.955035971223022,0.9291845493562232,596.1325876507811,556,0.17485976219177246
paper,50,3000000.0,17,6,exclude,launch,0,0.0,prior,0.0,cluster_patrol,12600.0,43200,3828893.7706842595,0,3335848.8379707593,493044.93271350063,0,20,0.9842770458409039,23,10.985299613933622,18.301270846380866,6949.126209101812,2174.189419752269,3.1961917144705856,2.0105337168115964,306.3535178439177,0.0,0.0,0.2774626095925735,0.5077592274829424,1.5741758241758241,0.6361607142857143,713.0889740834358,1456,0.28085827827453613
paper,50,3000000.0,11,7,exclude,launch,0,0.0,prior,0.0,cluster_patrol,12600.0,43200,457432.05811679503,0,432716.7382148518,24715.319901943225,0,2,0.7857676681249853,2,10.0719410581049,11.321806459826883,7609.524904069072,3520.132010346684,2.161715777051111,2.0073139830066014,304.40443810818726,0.0,0.0,0.1016949152542373,1.015410432963202,3.914156626506024,0.9141630901287554,632.9781936109785,664,0.17985224723815918
paper,50,3000000.0,4,8,exclude,launch,0,0.0,prior,0.0,cluster_patrol,12600.0,43200,201859.39583488024,0,154931.94425850775,46927.45157637249,0,0,0.0,0,9.570104670065762,26.859201385165605,8026.03187300879,1484.666163111723,5.405950558061463,2.0061716125764066,303.714394186382,0.0,0.0,0.0,2.0006273391758955,11.607407407407408,0.8347826086956521,1066.9952505108358,135,0.08799910545349121
paper,50,3000000.0,12,7,exclude,launch,0,0.0,prior,0.0,cluster_patrol,12600.0,43200,453549.7106168778,0,429041.9788664512,24507.731750426672,0,2,0.7924937734899533,3,10.0719410581049,12.112456579649477,7609.524904069072,3290.805457489832,2.312359391148416,2.0070377674495044,304.2375195209044,0.0,0.0,0.08490566037735849,0.9294969644653177,3.7613065326633164,0.9098712446351931,549.1508767218291,796,0.20934700965881348
paper,50,3000000.0,5,8,exclude,launch,0,0.0,prior,0.0,cluster_patrol,12600.0,43200,184361.12257050024,0,140164.21619485918,44196.906375641076,0,0,0.0,0,9.570104670065762,14.424740832182385,8026.03187300879,2764.3563037427784,2.9033999206766534,2.0062633913339925,303.76980382169637,0.0,0.0,0.0,1.7281957745238439,8.99492385786802,0.8593073593073594,948.8736940289739,197,0.11300015449523926
paper,50,3000000.0,13,7,exclude,launch,0,0.0,prior,0.0,cluster_patrol,12600.0,43200,644538.9700228046,0,601080.0882495088,43458.88177329582,0,3,0.8221679497419502,7,10.0719410581049,11.68097829669947,7609.524904069072,3412.5040480293937,2.22989476260499,2.0069548147941862,304.1873997111584,0.0,0.0,0.078125,0.9350770886285977,3.340301974448316,0.8862660944206009,563.6488568609608,861,0.20934391021728516
paper,50,3000000.0,6,8,exclude,launch,0,0.0,prior,0.0,cluster_patrol,12600.0,43200,221786.39441878456,0,155908.00628634452,65878.38813244003,0,0,0.0,0,9.570104670065762,10.822570050143755,8026.03187300879,3683.517652241,2.1789041429259517,2.0067664239423406,304.0735897132947,0.0,0.0,0.0,1.566178300938858,6.92578125,0.8577680525164114,931.5868025295613,256,0.11100053787231445
paper,50,3000000.0,14,7,exclude,launch,0,0.0,prior,0.0,cluster_patrol,12600.0,43200,1037349.6318728983,0,954912.5906180043,82437.04125489404,0,7,0.9214094785525169,8,10.0719410581049,12.78878133102171,7609.524904069072,3116.585086638652,2.4416227032248994,2.0071592775901186,304.3109431307547,0.0,0.0,0.13793103448275862,0.8245890775628182,2.94672131147541,0.8648068669527897,565.8397626378189,976,0.21834397315979004
paper,50,3000000.0,7,8,exclude,launch,0,0.0,prior,0.0,cluster_patrol,12600.0,43200,228205.6307317323,0,156992.8261675184,71212.8045642139,0,0,0.0,0,9.570104670065762,11.316197086795535,8026.03187300879,3523.218092818018,2.278040036570439,2.006549864438277,303.9427888802144,0.0,0.0,0.0,1.342746576120201,5.742857142857143,0.8652173913043478,818.3460120492857,350,0.11799979209899902
paper,50,3000000.0,8,8,exclude,launch,0,0.0,prior,0.0,cluster_patrol,12600.0,43200,173030.24695711155,0,128742.83589779874,44287.41105931283,0,0,0.0,0,9.570104670065762,10.926671681619435,8026.03187300879,3649.622946206742,2.1991400183820895,2.0061070062497204,303.6753924074325,0.0,0.011131725417439703,0.0,1.3343039341755776,5.344913151364764,0.8736383442265795,763.850162627303,403,0.13100099563598633
paper,50,3000000.0,15,7,exclude,launch,0,0.0,prior,0.0,cluster_patrol,12600.0,43200,1127261.6372327404,0,1029125.9222221028,98135.71501063774,0,8,0.9313163643674696,10,10.0719410581049,13.01510232801618,7609.524904069072,3062.3989131139933,2.48482484482446,2.0071537355987323,304.3075941391444,0.0,0.0,0.12178619756427606,0.7876859291015094,2.6368563685636857,0.8469827586206896,557.3078351785856,1107,0.2397921085357666
paper,50,3000000.0,9,8,exclude,launch,0,0.0,prior,0.0,cluster_patrol,12600.0,43200,168110.354514219,0,124376.20845664768,43734.14605757134,0,0,0.0,0,9.570104670065762,11.131297020685865,8026.03187300879,3583.407404453346,2.2397765498375346,2.005617123600123,303.37973978333565,0.0,0.0,0.0,1.2669014726669827,4.873949579831932,0.8763796909492274,707.5561184029273,476,0.1584484577178955
paper,50,3000000.0,16,7,exclude,launch,0,0.0,prior,0.0,cluster_patrol,12600.0,43200,1703292.9660068294,0,1530358.80791863,172934.1580881993,0,11,0.9629807889258001,17,10.0719410581049,16.07716424171518,7609.524904069072,2479.9706748300123,3.068393098878341,2.0064761096211035,303.89824777140944,0.0,0.0,0.21991447770311545,0.656096067088666,2.464983713355049,0.8137044967880086,542.8413068210747,1228,0.2484574317932129
paper,50,3000000.0,10,8,exclude,launch,0,0.0,prior,0.0,cluster_patrol,12600.0,43200,261643.63861627114,0,238869.99768475594,22773.640931515183,0,1,0.6029279336823533,1,9.570104670065762,11.239189078865548,8026.03187300879,3549.7314503283037,2.2610250902970384,2.005208380913607,303.1331667176866,0.0,0.0,0.0,1.2134195096301725,4.822784810126582,0.8869565217391304,619.6039521079089,553,0.1734483242034912
paper,50,3000000.0,5,9,exclude,launch,0,0.0,prior,0.0,cluster_patrol,12600.0,43200,183170.06827361078,0,140331.5231190581,42838.545154552674,0,0,0.0,0,10.105513434823152,12.346275828392372,7583.137266203306,3228.9810584195816,2.3484613656776476,2.006728017632795,304.0503904460572,0.0,0.0,0.0,1.8360681798527776,9.735135135135135,0.8747346072186837,929.6958483737207,185,0.09444785118103027
paper,50,3000000.0,11,8,exclude,launch,0,0.0,prior,0.0,cluster_patrol,12600.0,43200,272285.13050117856,0,242824.05273277615,29461.07776840241,0,1,0.5784277560646535,2,9.570104670065762,10.468019188243973,8026.03187300879,3810.338697823944,2.1063827941574846,2.0056811619632624,303.41837985833325,0.0,0.0,0.0,1.1787939038441066,4.297770700636943,0.8896247240618101,608.5511540921755,628,0.17844843864440918
paper,50,3000000.0,6,9,exclude,launch,0,0.0,prior,0.0,cluster_patrol,12600.0,43200,170119.48058076497,0,128519.15702894932,41600.32355181565,0,0,0.0,0,10.105513434823152,12.093093298350098,7583.137266203306,3297.425219399335,2.2997147051555165,2.0062157165896735,303.7410204936211,0.0,0.0,0.0,1.606840829618263,7.873015873015873,0.8978723404255319,838.4486151482965,252,0.11144828796386719
paper,50,3000000.0,12,8,exclude,launch,0,0.0,prior,0.0,cluster_patrol,12600.0,43200,618806.9710445445,0,557193.7530330142,61613.21801153026,0,3,0.7792448611029182,4,9.570104670065762,11.817046557323,8026.03187300879,3374.1774193885194,2.378663263789874,2.0063797027162344,303.840031811765,0.0,0.0,0.08803165182987141,0.9767681278289688,3.250990752972259,0.8565121412803532,667.392535979136,757,0.18444466590881348
paper,50,3000000.0,7,9,exclude,launch,0,0.0,prior,0.0,cluster_patrol,12600.0,43200,152083.92393392738,0,120353.84161565604,31730.08231827133,0,0,0.0,0,10.105513434823152,10.410262675768335,7583.137266203306,3830.688745370493,1.9795754158746948,2.006094712916072,303.66797140730216,0.0,0.0,0.0,1.5903773856803631,7.013513513513513,0.8940677966101694,796.4241656396327,296,0.1284472942352295
paper,50,3000000.0,13,8,exclude,launch,0,0.0,prior,0.0,cluster_patrol,12600.0,43200,968859.3120675206,0,883603.2446164887,85256.06745103185,0,5,0.8375662047729673,7,9.570104670065762,14.541912437561551,8026.03187300879,2741.0161113577055,2.9281228372763053,2.0070439071816457,304.2412292975027,0.0,0.0,0.231433506044905,0.775662910687166,2.5806451612903225,0.8722466960352423,729.9738131028643,868,0.17644977569580078
paper,50,3000000.0,8,9,exclude,launch,0,0.0,prior,0.0,cluster_patrol,12600.0,43200,150686.4474797635,0,122544.95200630506,28141.495473458443,0,0,0.0,0,10.105513434823152,9.867536078347811,7583.137266203306,4041.3881162488947,1.8763694671428306,2.0060913437170895,303.66593757073764,0.0,0.0,0.0,1.4950122491075486,5.8694444444444445,0.8959660297239915,781.0161509935501,360,0.1309983730316162
paper,50,3000000.0,14,8,exclude,launch,0,0.0,prior,0.0,cluster_patrol,12600.0,43200,1325040.8203037905,0,1223107.2596889976,101933.56061479288,0,7,0.8830428170062746,7,9.570104670065762,14.910854973416429,8026.03187300879,2674.4683868476486,3.0009821437706132,2.0060879630446005,303.66389681497014,0.0,0.0,0.2053639846743295,0.7560185589756402,2.5762538382804503,0.8609271523178808,649.3570347141147,977,0.19644784927368164
paper,50,3000000.0,9,9,exclude,launch,0,0.0,prior,0.0,cluster_patrol,12600.0,43200,145864.2474019833,0,117933.94498074142,27930.302421241882,0,0,0.0,0,10.105513434823152,9.816986461757619,7583.137266203306,4062.4793272429815,1.8666279026580632,2.005952435338049,303.5820906487656,0.0,0.0,0.0,1.4030534330043256,5.201388888888889,0.9046610169491526,735.7524863436089,432,0.15099859237670898
paper,50,3000000.0,10,9,exclude,launch,0,0.0,prior,0.0,cluster_patrol,12600.0,43200,187195.61503712268,0,139356.84344292106,47838.77159420165,0,0,0.0,0,10.105513434823152,9.286333479260852,7583.137266203306,4293.322593053432,1.7662630985318395,2.0065601809801006,303.949019380408,0.0,0.0,0.0,1.32138193089832,4.12573673870334,0.8789808917197452,787.2808543672905,509,0.14799857139587402
paper,50,3000000.0,15,8,exclude,launch,0,0.0,prior,0.0,cluster_patrol,12600.0,43200,1572757.1899678872,0,1443401.9362267503,129355.25374113693,0,8,0.9323021015130077,11,9.570104670065762,14.846948452049284,8026.03187300879,2686.3543000294603,2.9877041434634184,2.005808630415554,303.49530030552376,0.0,0.0,0.1843191196698762,0.7398184668921032,2.4862385321100917,0.8407079646017699,603.0566020078415,1090,0.2464461326599121
paper,50,3000000.0,4,10,exclude,launch,0,0.0,prior,0.0,cluster_patrol,12600.0,43200,170954.2312640266,0,128513.06903256454,42441.16223146206,0,0,0.0,0,9.202224290828964,14.003223204864392,8360.21699446392,2846.3206645661194,2.937201383716306,2.00714223608126,304.300645109628,0.0,0.0,0.0,2.0655741470957194,12.318181818181818,0.8830022075055187,1021.4977910514361,132,0.07999944686889648
paper,50,3000000.0,5,10,exclude,launch,0,0.0,prior,0.0,cluster_patrol,12600.0,43200,156531.7720190956,0,120272.30949073426,36259.46252836133,0,0,0.0,0,9.202224290828964,10.955625626268235,8360.21699446392,3638.46384508741,2.297732601012853,2.0069416226547956,304.17942943040197,0.0,0.0,0.0,1.8272823837166179,9.641304347826088,0.8913525498891353,935.7938630171411,184,0.09399986267089844
paper,50,3000000.0,6,10,exclude,launch,0,0.0,prior,0.0,cluster_patrol,12600.0,43200,145559.62174967656,0,109827.80590750126,35731.81584217532,0,0,0.0,0,9.202224290828964,10.373035778250687,8360.21699446392,3842.929656486817,2.1754801002802586,2.006881253643565,304.1429576816512,0.0,0.0,0.0,1.5731638746384233,7.52734375,0.8849557522123894,858.0277647925744,256,0.11899876594543457
paper,50,3000000.0,7,10,exclude,launch,0,0.0,prior,0.0,cluster_patrol,12600.0,43200,126163.04959166983,0,101159.08780394983,25003.961787719985,0,0,0.0,0,9.202224290828964,10.399321211403237,8360.21699446392,3834.3749322973636,2.180333728985366,2.0062747966696484,303.77668992376266,0.0,0.0,0.0,1.4828660543282572,6.613924050632911,0.8888888888888888,777.9243988120985,316,0.13900327682495117
paper,50,3000000.0,8,10,exclude,launch,0,0.0,prior,0.0,cluster_patrol,12600.0,43200,113740.16242425077,0,91983.46077881298,21756.701645437788,0,0,0.0,0,9.202224290828964,10.767227401083025,8360.21699446392,3704.137245713583,2.2569943929961935,2.0058526744553196,303.5218808126757,0.0,0.0,0.0,1.3617282333381855,6.0,0.8920704845814978,695.233460534804,395,0.16699886322021484
paper,50,3000000.0,9,10,exclude,launch,0,0.0,prior,0.0,cluster_patrol,12600.0,43200,123467.7963573453,0,100440.42927732911,23027.367080016196,0,0,0.0,0,9.202224290828964,10.014964018165962,8360.21699446392,3981.3505890104643,2.099844464222828,2.0063660543980544,303.8317906334123,0.0,0.0,0.0,1.283908547947475,5.150743099787686,0.8861607142857143,679.4329689643739,471,0.1510016918182373
paper,50,3000000.0,10,10,exclude,launch,0,0.0,prior,0.0,cluster_patrol,12600.0,43200,360624.0222354305,0,332382.41890795453,28241.603327475965,0,1,0.7400364677296511,1,9.202224290828964,9.617006668579233,8360.21699446392,4145.953727330006,2.016476194452826,2.0064374215520893,303.8748850501254,0.0,0.0,0.0,1.2443815412691124,4.835489833641405,0.8950892857142857,627.9039719985667,541,0.1659986972808838
paper,50,3000000.0,12,9,exclude,launch,0,0.0,prior,0.0,cluster_patrol,12600.0,43200,953998.6498652316,0,760873.0182164944,193125.63164873718,0,5,0.7588913886180803,8,10.105513434823152,30.804348753866698,7583.137266203306,1292.8793269488708,5.8653093975128545,2.008722592418223,305.2563805364822,0.0,0.0,0.030821917808219176,0.33626581203883793,1.6007276034561164,0.7692307692307693,467.4311405917933,2199,0.3418893814086914
paper,50,3000000.0,11,10,exclude,launch,0,0.0,prior,0.0,cluster_patrol,12600.0,43200,358875.8951512645,0,331927.0453894651,26948.849761799418,0,1,0.7436412732069407,1,9.202224290828964,9.186276940419138,8360.21699446392,4339.4234911761705,1.926573198366943,2.0068661940761543,304.13385983201994,0.0,0.0,0.0,1.2218089550497009,4.382838283828383,0.8950892857142857,620.3641317273326,606,0.17889046669006348
paper,50,3000000.0,11,9,exclude,launch,0,0.0,prior,0.0,cluster_patrol,12600.0,43200,617230.4857352052,0,508829.73592463735,108400.74981056785,0,3,0.7613067309568337,3,10.105513434823152,31.694242899868026,7583.137266203306,1257.8980573404554,6.028419570212357,2.0066154815245345,303.9824182934612,0.0,0.0,0.0,0.36193736791963005,1.7802251590797846,0.8432203389830508,454.6000940961363,2043,0.4018890857696533
paper,50,3000000.0,5,11,exclude,launch,0,0.0,prior,0.0,cluster_patrol,12600.0,43200,161317.91833633414,0,126519.3837051787,34798.53463115546,0,0,0.0,0,10.738874082102775,18.49205975458878,7116.237207150667,2157.412267586247,3.298505952741451,2.0052639900512146,303.1667069081064,0.0,0.0,0.0,1.7369645173586559,9.628865979381443,0.87117903930131,890.2911877016028,194,0.09888839721679688
paper,50,3000000.0,12,10,exclude,launch,0,0.0,prior,0.0,cluster_patrol,12600.0,43200,771289.9407744374,0,717638.6615267209,53651.27924771649,0,4,0.8959728108837941,5,9.202224290828964,10.577288356429387,8360.21699446392,3769.0111366681053,2.218146004698344,2.0067266676350286,304.0495749982587,0.0,0.0,0.09523809523809523,1.0446447964017778,3.758132956152758,0.8977777777777778,609.9511246125747,707,0.18588900566101074
paper,50,3000000.0,14,9,exclude,launch,0,0.0,prior,0.0,cluster_patrol,12600.0,43200,2691004.6990556703,0,2288290.1376727284,402714.5613829417,0,14,0.9757619535046661,15,10.105513434823152,31.860804084583705,7583.137266203306,1251.9686279863135,6.056970675375585,2.005579161410248,303.3568349587613,0.0,0.0,0.056502525252525256,0.33901291933498146,1.5643605870020965,0.6893617021276596,441.3197336503689,2385,0.3868887424468994
paper,50,3000000.0,13,9,exclude,launch,0,0.0,prior,0.0,cluster_patrol,12600.0,43200,2150520.456245848,0,1818085.1547709818,332435.30147486634,0,12,0.9560456551504288,14,10.105513434823152,33.45490545316157,7583.137266203306,1191.7774370799127,6.362880375368972,2.006480858998998,303.9011158594081,0.0,0.0,0.05832518735744542,0.31957078545781836,1.6062310688013848,0.683083511777302,442.8511077896663,2311,0.4198896884918213
paper,50,3000000.0,13,10,exclude,launch,0,0.0,prior,0.0,cluster_patrol,12600.0,43200,1051719.8515156275,0,955237.0272331851,96482.82428244228,0,6,0.9054593894106838,7,9.202224290828964,15.502548709219324,8360.21699446392,2571.212027154719,3.2514693094817484,2.0070074820425576,304.21922066690746,0.0,0.0,0.3263254113345521,0.7375280580974001,2.867970660146699,0.8609271523178808,697.9505099435036,818,0.17888569831848145
paper,50,3000000.0,15,9,exclude,launch,0,0.0,prior,0.0,cluster_patrol,12600.0,43200,3131954.564727798,0,2632976.8118153755,498977.752912423,0,17,0.97709056121977,20,10.105513434823152,36.29936366270661,7583.137266203306,1098.9234606957953,6.900514492066591,2.0055039885110224,303.3114812734722,0.0,0.0,0.10880829015544041,0.2995117696923544,1.401297122010539,0.6012793176972282,474.8078035712195,2467,0.37488889694213867
paper,50,3000000.0,6,11,exclude,launch,0,0.0,prior,0.0,cluster_patrol,12600.0,43200,149777.12821216203,0,120181.45412530696,29595.674086855077,0,0,0.0,0,10.738874082102775,13.578680483075324,7116.237207150667,2937.9680991626947,2.4221628577855414,2.005327649822025,303.2051050490028,0.0,0.0,0.0,1.5693226713949024,7.996108949416342,0.8896247240618101,800.9718561342765,257,0.145890474319458
paper,50,3000000.0,7,11,exclude,launch,0,0.0,prior,0.0,cluster_patrol,12600.0,43200,129287.22795035363,0,105814.9748156218,23472.253134731814,0,0,0.0,0,10.738874082102775,11.990297504857166,7116.237207150667,3327.4155824283257,2.1386679934813806,2.0051782346536022,303.1149850263997,0.0,0.0,0.0,1.50062150542208,7.079365079365079,0.8923076923076924,742.8677106205421,315,0.12900018692016602
paper,50,3000000.0,8,11,exclude,launch,0,0.0,prior,0.0,cluster_patrol,12600.0,43200,120210.95456962161,0,97436.32393339346,22774.63063622814,0,0,0.0,0,10.738874082102775,11.679601935361246,7116.237207150667,3416.305211581759,2.0830215002528503,2.00495801250125,302.982182067139,0.0,0.0,0.0,1.3999683260727152,6.2890625,0.8964757709251101,685.49039071959,384,0.1419987678527832
paper,50,3000000.0,14,10,exclude,launch,0,0.0,prior,0.0,cluster_patrol,12600.0,43200,1214904.46654743,0,1134583.984359436,80320.48218799396,0,7,0.9312014562702967,9,9.202224290828964,15.98389414966858,8360.21699446392,2495.116736261248,3.350631604912843,2.005933460736021,303.5706382285044,0.0,0.0,0.290480065093572,0.7288270215797641,2.812160694896851,0.8780487804878049,634.0075712696042,921,0.21088814735412598
paper,50,3000000.0,16,9,exclude,launch,0,0.0,prior,0.0,cluster_patrol,12600.0,43200,3882894.795855722,0,3248096.1606017887,634798.6352539331,0,21,0.9819373577368488,28,10.105513434823152,36.165548822087636,7583.137266203306,1102.9310722251269,6.875440775192396,2.005610316805962,303.37563277997606,0.0,0.0,0.13005528076811174,0.2865642904460291,1.256965944272446,0.505307855626327,505.1975338969888,2584,0.44388794898986816
paper,50,3000000.0,9,11,exclude,launch,0,0.0,prior,0.0,cluster_patrol,12600.0,43200,109792.43823843703,0,91950.8005327745,17841.637705662535,0,0,0.0,0,10.738874082102775,11.743201458045013,7116.237207150667,3398.467587779278,2.0939547085104784,2.0045659234892406,302.7458083907372,0.0,0.0,0.0,1.3437261962662173,5.6815144766147,0.8920704845814978,648.4328542860841,449,0.15399861335754395
paper,50,3000000.0,10,11,exclude,launch,0,0.0,prior,0.0,cluster_patrol,12600.0,43200,120030.47811215065,0,99201.81753583287,20828.660576317776,0,0,0.0,0,10.738874082102775,11.535051183440672,7116.237207150667,3459.2345396690366,2.057171066472849,2.0048895511717015,302.94090301621924,0.0,0.0,0.0,1.194964400551452,4.7736185383244205,0.9013157894736842,613.188473534265,561,0.1695098876953125
paper,50,3000000.0,4,12,exclude,launch,0,0.0,prior,0.0,cluster_patrol,12600.0,43200,171187.61173785187,0,133204.11165745935,37983.50008039251,0,0,0.0,0,9.23457650455646,13.9506854020121,8329.760200033028,2856.6625967456903,2.9159062080073053,2.007407273273886,304.46082427353764,0.0,0.0,0.0,2.0856981140064232,12.3125,0.8622327790973872,1035.6124023973232,128,0.07951140403747559
paper,50,3000000.0,11,11,exclude,launch,0,0.0,prior,0.0,cluster_patrol,12600.0,43200,114392.8083654021,0,94695.35443614204,19697.453929260075,0,0,0.0,1,10.738874082102775,11.049578191276334,7116.237207150667,3610.3725445660866,1.971053435430424,2.005359637931371,303.22440047444945,0.0,0.0,0.0,1.1189018366328882,4.455370650529501,0.9269911504424779,556.5797041694333,661,0.19350957870483398
paper,50,3000000.0,5,12,exclude,launch,0,0.0,prior,0.0,cluster_patrol,12600.0,43200,147048.96486318854,0,117872.07810782838,29176.88675536016,0,0,0.0,0,9.23457650455646,11.570937510082501,8329.760200033028,3444.905253320276,2.4179939904020933,2.006985140468972,304.2057219375944,0.0,0.0,0.0,1.8146273401157524,9.777173913043478,0.8447058823529412,922.3432876590316,184,0.0945119857788086
paper,50,3000000.0,6,12,exclude,launch,0,0.0,prior,0.0,cluster_patrol,12600.0,43200,125844.04325022675,0,103507.65613852591,22336.387111700842,0,0,0.0,0,9.23457650455646,10.649144448448245,8329.760200033028,3743.537765332158,2.2251038248291697,2.006748977191088,304.0630509225906,0.0,0.0,0.0,1.6310783109758549,8.186234817813766,0.8773584905660378,820.8896728021709,247,0.11051058769226074
paper,50,3000000.0,12,11,exclude,launch,0,0.0,prior,0.0,cluster_patrol,12600.0,43200,769306.6874877404,0,701045.4277658011,68261.25972193938,0,3,0.8904827767806239,3,10.738874082102775,12.91326777583179,7116.237207150667,3090.515637303637,2.3026051449975276,2.0045776540370506,302.7528788971751,0.0,0.0,0.0,0.9564389849908687,3.736654804270463,0.918141592920354,521.3992450196644,843,0.23051190376281738
paper,50,3000000.0,15,11,exclude,launch,0,0.0,prior,0.0,cluster_patrol,12600.0,43200,1869679.2877320831,0,1659832.0890468245,209847.19868525874,0,10,0.9506230569971723,14,10.738874082102775,18.729111738625445,7116.237207150667,2129.393820141441,3.3419075136970124,2.005934819287053,303.571458196223,0.0,0.0,0.21394517282479142,0.5881868556523885,2.34181240063593,0.8101545253863135,556.6539620365002,1258,0.24805927276611328
paper,50,3000000.0,7,12,exclude,launch,0,0.0,prior,0.0,cluster_patrol,12600.0,43200,113669.50106551833,0,93437.47974507634,20232.021320441974,0,0,0.0,0,9.23457650455646,11.633537143363576,8329.760200033028,3428.103505100899,2.4298450112835375,2.005969290302209,303.59226390933895,0.0,0.0,0.0,1.4464347847147188,7.271604938271605,0.8891509433962265,703.4437543674105,324,0.13602209091186523
paper,50,3000000.0,8,12,exclude,launch,0,0.0,prior,0.0,cluster_patrol,12600.0,43200,107195.98758332558,0,89968.39920306897,17227.588380256613,0,0,0.0,0,9.23457650455646,10.019322762257353,8329.760200033028,3979.984325101223,2.0929128156355685,2.006181670556572,303.72046624920415,0.0,0.0,0.0,1.4456929798027836,6.4972972972972975,0.8915094339622641,682.4320177363818,370,0.14351105690002441
paper,50,3000000.0,13,11,exclude,launch,0,0.0,prior,0.0,cluster_patrol,12600.0,43200,821790.0135008403,0,727490.9229813444,94299.09051949589,0,3,0.8477593955945617,4,10.738874082102775,14.139358303187267,7116.237207150667,2820.3164547941005,2.523205222255881,2.00614558210517,303.69867971692537,0.0,0.0,0.06444605358435916,0.7777231643516817,2.77487922705314,0.8837719298245614,569.0743052343499,1035,0.2920229434967041
paper,50,3000000.0,17,11,exclude,launch,0,0.0,prior,0.0,cluster_patrol,12600.0,43200,2998619.3764021397,0,2727315.465422331,271303.9109798087,0,17,0.9762852044509814,19,10.738874082102775,20.696347191575896,7116.237207150667,1926.9016165092717,3.693098363808667,2.0060268640165457,303.62701533688954,0.0,0.0,0.27457972491085075,0.5015025203549047,1.8792401628222524,0.7728285077951003,590.1744022032204,1474,0.2530202865600586
ring,50,1500000.0,2,1,exclude,launch,0,0.0,prior,0.0,cluster_patrol,12600.0,43200,277308.1892348059,0,235172.0396804269,42136.14955437897,0,0,0.0,0,4.934279871545503,2.828902999231763,7773.219404112283,7015.646174043327,1.1079833861735853,2.0154603440339898,309.34791309168884,0.0,0.0,0.0,3.835740023531348,25.085714285714285,0.9345794392523364,1862.61126676941,35,0.0410003662109375
paper,50,3000000.0,16,11,exclude,launch,0,0.0,prior,0.0,cluster_patrol,12600.0,43200,2582100.1026294073,0,2332607.01816112,249493.08446828742,0,14,0.9729862196067917,18,10.738874082102775,17.718091626239932,7116.237207150667,2250.6781918184183,3.1618190610365122,2.006132625874752,303.69085825488725,0.0,0.0,0.19373988127361036,0.5807884761135047,2.1056793673616103,0.7716186252771619,559.4963267830301,1391,0.2680208683013916
paper,50,3000000.0,9,12,exclude,launch,0,0.0,prior,0.0,cluster_patrol,12600.0,43200,102533.70602967966,0,86299.94029118498,16233.765738494676,0,0,0.0,0,9.23457650455646,10.314780651175937,8329.760200033028,3866.6489686978393,2.1542581877656763,2.0058351767567926,303.5113208404103,0.0,0.0,0.0,1.3486938575328191,5.708240534521158,0.8844339622641509,643.0668539042978,449,0.15451335906982422
paper,50,3000000.0,14,11,exclude,launch,0,0.0,prior,0.0,cluster_patrol,12600.0,43200,1054394.290630242,0,938520.6489062848,115873.64172395729,0,5,0.8691237871240446,9,10.738874082102775,13.472837696800278,7116.237207150667,2958.6057368913084,2.405267156220653,2.0069835550719946,304.20476405562994,0.0,0.0,0.0583989501312336,0.7631573477814334,2.456692913385827,0.8561946902654868,582.3245600289603,1143,0.29902219772338867
paper,50,3000000.0,10,12,exclude,launch,0,0.0,prior,0.0,cluster_patrol,12600.0,43200,428230.0115632186,0,402396.3034846147,25833.70807860395,0,2,0.7213234833606774,2,9.23457650455646,11.579105861971255,8329.760200033028,3443.5927138929173,2.418915618687202,2.006333765990116,303.8122945715549,0.0,0.0,0.12275862068965518,1.1123240542582404,4.245387453874539,0.9040767386091128,711.7340600776598,542,0.1623249053955078
ring,50,1500000.0,6,1,exclude,launch,0,0.0,prior,0.0,cluster_patrol,12600.0,43200,4557286.736855965,0,4228084.379294147,329202.3575618182,0,30,0.9557707313723651,46,4.934279871545503,3.664019098085773,7773.219404112283,5066.585110107308,1.5342127360311233,2.1547005383792515,400.0,0.0,0.0,0.21666666666666667,1.0639924206072249,0.7827476038338658,0.35514018691588783,6642.036980381512,313,0.028813600540161133
ring,50,1500000.0,5,1,exclude,launch,0,0.0,prior,0.0,cluster_patrol,12600.0,43200,626162.5432951951,0,499342.2977164294,126820.2455787657,0,0,0.0,2,4.934279871545503,2.8540895243433066,7773.219404112283,6847.184015508409,1.1352432454723673,2.046823526978725,328.7518489908531,0.0,0.0,0.0,1.5460437344545948,2.5161290322580645,0.7476635514018691,3026.943370509764,217,0.03781461715698242
ring,50,1500000.0,4,1,exclude,launch,0,0.0,prior,0.0,cluster_patrol,12600.0,43200,303566.0543644489,0,257919.2979235611,45646.7564408878,0,0,0.0,0,4.934279871545503,2.9042287893778944,7773.219404112283,6809.41868668349,1.1415393533244773,2.0226424927447417,313.73930039015374,0.0,0.0,0.0,1.7891577971763977,5.533333333333333,0.9252336448598131,1962.6701137697737,150,0.046811819076538086
ring,50,1500000.0,3,1,exclude,launch,0,0.0,prior,0.0,cluster_patrol,12600.0,43200,290457.79153589054,0,244940.71863031993,45517.07290557059,0,0,0.0,0,4.934279871545503,2.8031892585387803,7773.219404112283,7074.2967830209345,1.0987974695617573,2.0170854445172473,310.338840434654,0.0,0.008620689655172414,0.0,2.3369167436252627,10.244186046511627,0.9439252336448598,1851.7813014640951,86,0.055814504623413086
ring,50,1500000.0,2,2,exclude,launch,0,0.0,prior,0.0,cluster_patrol,12600.0,43200,310310.76541268796,0,262129.88421349807,48180.88119918987,0,0,0.0,0,4.841458625364342,2.993173113889384,7928.639575087385,6626.280965569721,1.1965444291126115,2.0167789930401767,310.1518562063387,0.0,0.0,0.0,3.8487634229703382,21.62857142857143,0.9272727272727272,2171.9455758418976,35,0.040813446044921875
ring,50,1500000.0,4,2,exclude,launch,0,0.0,prior,0.0,cluster_patrol,12600.0,43200,256897.32769842856,0,223354.5028107149,33542.82488771365,0,0,0.0,0,4.841458625364342,2.968173597140965,7928.639575087385,6671.598630808858,1.188416751942124,2.019950760089,312.0898659018386,0.0,0.0,0.0,1.9000230358002304,6.232394366197183,0.9158878504672897,1865.9912454675284,142,0.04981398582458496
ring,50,1500000.0,3,2,exclude,launch,0,0.0,prior,0.0,cluster_patrol,12600.0,43200,228791.9191743603,0,202125.08679390818,26666.832380452106,0,0,0.0,0,4.841458625364342,2.9245498083535826,7928.639575087385,6783.850516859595,1.1687521055162844,2.016158631480791,309.77350929987426,0.0,0.0,0.0,2.5119351097421347,12.08641975308642,0.9537037037037037,1694.55238214938,81,0.05181288719177246
paper,50,3000000.0,11,12,exclude,launch,0,0.0,prior,0.0,cluster_patrol,12600.0,43200,518688.2358729117,0,486786.8761397669,31901.35973314481,0,3,0.7434888373911006,4,9.23457650455646,11.680882736838901,8329.760200033028,3411.2111035221637,2.4418776637518373,2.0077319317278173,304.6570938671634,0.0,0.0,0.09468085106382979,0.9532196773254611,3.451063829787234,0.8741092636579573,676.0325138054513,705,0.18932652473449707
ring,50,1500000.0,5,2,exclude,launch,0,0.0,prior,0.0,cluster_patrol,12600.0,43200,680630.8764918852,0,543974.5660167144,136656.31047517073,0,1,0.10513700702398304,3,4.841458625364342,2.8177847561438334,7928.639575087385,6850.629350990932,1.1573592977907237,2.0721524567933622,344.85326718241294,0.0,0.0,0.0,1.507716745454299,1.8468468468468469,0.8317757009345794,3979.2120125431306,222,0.03600001335144043
ring,50,1500000.0,6,2,exclude,launch,0,0.0,prior,0.0,cluster_patrol,12600.0,43200,4092251.3273830693,0,3826328.3006531144,265923.0267299548,0,31,0.970646690460417,42,4.841458625364342,2.9615153884738117,7928.639575087385,6398.540469704198,1.239132519771954,2.1108874436399105,370.2212737310446,0.0,0.0,0.0025,1.3425056875276133,1.2374581939799332,0.3644859813084112,4445.7873268057065,299,0.0370028018951416
ring,50,1500000.0,2,3,exclude,launch,0,0.0,prior,0.0,cluster_patrol,12600.0,43200,424764.7187623927,0,360122.08403632854,64642.6347260642,0,0,0.0,0,4.789496627266479,2.9961532991192543,8018.275011535528,6622.386413757473,1.210783320477677,2.0159578280940322,309.651092539663,0.0,0.0,0.0,3.67620904816175,20.0,0.9142857142857143,2241.720529425675,36,0.03499913215637207
ring,50,1500000.0,3,3,exclude,launch,0,0.0,prior,0.0,cluster_patrol,12600.0,43200,339897.2788162594,0,300131.6914132386,39765.587403020785,0,0,0.0,0,4.789496627266479,2.9419123840036745,8018.275011535528,6747.709202203558,1.1882958751270802,2.0149946567268024,309.064245955188,0.0,0.0,0.0,2.4942655164538983,10.1125,0.9047619047619048,2000.1462311083146,80,0.04199957847595215
ring,50,1500000.0,5,3,exclude,launch,0,0.0,prior,0.0,cluster_patrol,12600.0,43200,1248074.3801042866,0,1100038.0724320335,148036.307672253,0,4,0.5733604870125526,5,4.789496627266479,2.8436810989324184,8018.275011535528,6893.7774561006445,1.1631177627354015,2.040430658885337,324.748786784573,0.0,0.0,0.0,1.5692083594295083,2.2777777777777777,0.7428571428571429,3360.740257038877,216,0.03999972343444824
ring,50,1500000.0,4,3,exclude,launch,0,0.0,prior,0.0,cluster_patrol,12600.0,43200,379053.8614155759,0,314135.1009750187,64918.76044055719,0,0,0.0,0,4.789496627266479,2.840844276830435,8018.275011535528,6970.383232312755,1.150334887523119,2.020021104578653,312.1329161357568,0.0,0.0,0.0,1.91319196470308,5.574468085106383,0.8761904761904762,2109.3850505635314,141,0.04500222206115723
ring,50,1500000.0,6,3,exclude,launch,0,0.0,prior,0.0,cluster_patrol,12600.0,43200,5377600.261843937,0,5043323.46942771,334276.79241622664,0,33,0.9771097000247229,47,4.789496627266479,2.9613165029638133,8018.275011535528,6451.876633689027,1.2427818240769544,2.0935778256663307,358.77373823672986,0.0,0.0,0.002506265664160401,1.3532426489499745,1.1616161616161615,0.3142857142857143,4741.760999715773,297,0.03599834442138672
paper,50,3000000.0,12,12,exclude,launch,0,0.0,prior,0.0,cluster_patrol,12600.0,43200,593531.7450998875,0,558275.6882548914,35256.05684499612,0,4,0.7707815546863855,6,9.23457650455646,11.473260123849698,8329.760200033028,3473.602068140624,2.398017975758474,2.0073499069409135,304.4261505041601,0.0,0.0,0.08729388942774007,0.958548940660109,3.3984476067270375,0.8764845605700713,626.6337212239803,773,0.20432543754577637
ring,50,1500000.0,2,4,exclude,launch,0,0.0,prior,0.0,cluster_patrol,12600.0,43200,320352.3593222662,0,284626.1897958744,35726.16952639172,0,0,0.0,0,4.816998253248284,2.8696879065054426,7970.593281758647,6912.908846883189,1.1530013570701623,2.0163433788405962,309.88615911393606,0.0,0.0,0.0,3.7765285646593627,25.0,0.9464285714285714,1834.6366891518205,37,0.04300093650817871
ring,50,1500000.0,3,4,exclude,launch,0,0.0,prior,0.0,cluster_patrol,12600.0,43200,383466.7505730424,0,325424.26253738086,58042.48803566151,0,0,0.0,0,4.816998253248284,2.7767313436966115,7970.593281758647,7139.741506877317,1.116370007805047,2.0176398185773365,310.67724010623436,0.0,0.0,0.0,2.4060497574462576,9.759036144578314,0.8928571428571429,2030.7729272348859,83,0.04199719429016113
ring,50,1500000.0,5,4,exclude,launch,0,0.0,prior,0.0,cluster_patrol,12600.0,43200,760815.8463736747,0,636678.9410892874,124136.90528438738,0,1,0.29391852160566206,4,4.816998253248284,2.8218960709203142,7970.593281758647,6917.815084618056,1.152183627961012,2.04903807018483,330.1442618091334,0.0,0.0,0.0,1.5596225084177968,2.6451612903225805,0.8909090909090909,2881.059167309476,217,0.038997650146484375
ring,50,1500000.0,4,4,exclude,launch,0,0.0,prior,0.0,cluster_patrol,12600.0,43200,379097.08136715664,0,329987.1540064616,49109.927360695,0,0,0.0,0,4.816998253248284,2.8599822873915386,7970.593281758647,6919.571325917606,1.1518911947484933,2.0212380140692696,312.87812441404355,0.0,0.005235602094240838,0.0,1.8916117057022273,5.5874125874125875,0.9285714285714286,2075.0179821624306,143,0.04400229454040527
ring,50,1500000.0,6,4,exclude,launch,0,0.0,prior,0.0,cluster_patrol,12600.0,43200,4803617.831527645,0,4456580.327107857,347037.5044197881,0,27,0.9653775757612667,41,4.816998253248284,2.9419490148009566,7970.593281758647,6431.741584995929,1.2392589435422245,2.113957551611783,372.2704280378755,0.0,0.0,0.0,1.3517186679267772,1.4882154882154883,0.42727272727272725,3733.15871472561,297,0.040001630783081055
paper,50,3000000.0,13,12,exclude,launch,0,0.0,prior,0.0,cluster_patrol,12600.0,43200,1214285.1498970112,0,1129257.0035184652,85028.146378546,0,8,0.9097129949245543,10,9.23457650455646,15.103916268665715,8329.760200033028,2638.8007181042663,3.1566461775170307,2.0072146774418353,304.34442193627814,0.0,0.0,0.21941272430668843,0.7291456402768064,2.797606093579978,0.8400954653937948,633.6923179308768,919,0.20632266998291016
ring,50,1500000.0,2,5,exclude,launch,0,0.0,prior,0.0,cluster_patrol,12600.0,43200,294195.0609031118,0,256344.2750576886,37850.78584542323,0,0,0.0,0,4.830749747681187,3.016293685901297,7946.954839160066,6578.587521636392,1.2080032093550834,2.0158290960246354,309.5726256990682,0.0,0.0,0.0,3.7371230238709225,25.0,0.928,1863.8242477582364,36,0.042999982833862305
ring,50,1500000.0,5,5,exclude,launch,0,0.0,prior,0.0,cluster_patrol,12600.0,43200,1006415.5832990418,0,845330.4827331661,161085.10056587576,0,2,0.39831434754931716,2,4.830749747681187,2.8718388951543075,7946.954839160066,6832.504280408888,1.163110114975952,2.038543605874259,323.5718463906923,0.0,0.0,0.0,1.5741917955808724,2.5069767441860464,0.8387096774193549,3053.680197594412,215,0.03800320625305176
ring,50,1500000.0,6,5,exclude,launch,0,0.0,prior,0.0,cluster_patrol,12600.0,43200,5311288.073934051,0,4948131.639577955,363156.43435609614,0,33,0.9749849665726731,46,4.830749747681187,2.8934121462154354,7946.954839160066,6415.976593514983,1.2386196743910407,2.1547005383792515,400.0,0.0,0.0,0.0,1.3394504046153095,1.0,0.3467741935483871,5457.6668460283845,301,0.03600001335144043
ring,50,1500000.0,4,5,exclude,launch,0,0.0,prior,0.0,cluster_patrol,12600.0,43200,382684.5926803751,0,313369.08350286837,69315.50917750671,0,0,0.0,0,4.830749747681187,2.941050164888476,7946.954839160066,6739.043054246551,1.179240846985294,2.0181773514664436,311.0055357117665,0.0,0.0,0.0,1.931617914067149,5.913669064748201,0.9193548387096774,2004.6200473368315,139,0.04599761962890625
ring,50,1500000.0,2,6,exclude,launch,0,0.0,prior,0.0,cluster_patrol,12600.0,43200,349575.8662805588,0,305287.2692036859,44288.59707687286,0,0,0.0,0,4.886337746151113,2.9248349458835725,7852.756551981561,6778.904901987718,1.1584107854469188,2.017432843772513,310.55087747610685,0.0,0.04081632653061224,0.0,3.647621664135631,20.166666666666668,0.9130434782608695,2213.7376623006953,36,0.035997629165649414
ring,50,1500000.0,3,5,exclude,launch,0,0.0,prior,0.0,cluster_patrol,12600.0,43200,258782.0790199238,0,228770.2718828232,30011.807137100608,0,0,0.0,0,4.830749747681187,3.0779634634867716,7946.954839160066,6450.866401325246,1.2319205428789328,2.014552006513808,308.7947321763581,0.0,0.0,0.0,2.484038365008848,13.268292682926829,0.936,1537.970789689757,82,0.05799984931945801
ring,50,1500000.0,6,6,exclude,launch,0,0.0,prior,0.0,cluster_patrol,12600.0,43200,4836397.50005564,0,4546480.6372928135,289916.86276282574,0,35,0.9769252138111516,45,4.886337746151113,3.658188017195552,7852.756551981561,5075.19479390591,1.5472818031360758,2.1544739765122807,399.84304873322344,0.0,0.0,0.21226415094339623,1.0606438153240658,0.819620253164557,0.18085106382978725,6320.689212077825,316,0.030000925064086914
ring,50,1500000.0,5,6,exclude,launch,0,0.0,prior,0.0,cluster_patrol,12600.0,43200,771409.7558964752,0,611935.3259320004,159474.4299644748,0,1,0.2118360455994069,2,4.886337746151113,2.8483930184843516,7852.756551981561,6850.369198901559,1.1463260335283436,2.049963367646998,330.72692202018754,0.0,0.0,0.0,1.550826666306545,2.522935779816514,0.7368421052631579,3008.1085864099173,218,0.03699779510498047
ring,50,1500000.0,3,6,exclude,launch,0,0.0,prior,0.0,cluster_patrol,12600.0,43200,247429.8133970211,0,220580.91808662575,26848.89531039532,0,0,0.0,0,4.886337746151113,3.042923281734942,7852.756551981561,6522.270078417567,1.203991318600348,2.015441560328751,309.3364687328665,0.0,0.0,0.0,2.493343257526758,12.654320987654321,0.9468085106382979,1600.803631705247,81,0.0500025749206543
ring,50,1500000.0,4,6,exclude,launch,0,0.0,prior,0.0,cluster_patrol,12600.0,43200,266304.5131707227,0,234649.73187604712,31654.781294675544,0,0,0.0,0,4.886337746151113,2.8910079909564548,7852.756551981561,6843.647996614428,1.147451849637261,2.0217294423600283,313.1793160156005,0.0,0.0,0.0,1.8853918549966886,6.230769230769231,0.9263157894736842,1861.0432818535644,143,0.04900217056274414
ring,50,1500000.0,2,7,exclude,launch,0,0.0,prior,0.0,cluster_patrol,12600.0,43200,368951.5970489644,0,316371.6118626163,52579.985186348065,0,0,0.0,0,4.904499792679758,2.959421208855358,7822.442319813243,6701.695348011903,1.167233351204754,2.0168264487912735,310.18080808844167,0.0,0.0,0.0,3.7222125540939097,20.0,0.9587628865979382,2260.261186882517,36,0.03800058364868164
ring,50,1500000.0,3,7,exclude,launch,0,0.0,prior,0.0,cluster_patrol,12600.0,43200,356274.8918257514,0,308534.95815127186,47739.93367447952,0,0,0.0,0,4.904499792679758,2.964967461357119,7822.442319813243,6693.334116860396,1.1686914448374306,2.015568466045819,309.4137927679971,0.0,0.0,0.0,2.533422787049336,9.69620253164557,0.9019607843137255,2154.872388507208,79,0.03900027275085449
ring,50,1500000.0,6,7,exclude,launch,0,0.0,prior,0.0,cluster_patrol,12600.0,43200,5723127.425062213,0,5388516.174201927,334611.2508602865,0,37,0.987235380770549,49,4.904499792679758,2.8769339096736135,7822.442319813243,6452.725432130719,1.2122695134155486,2.1547005383792515,400.0,0.0,0.0,0.0,1.3461211255592518,1.0,0.26262626262626265,5481.121409716277,297,0.03500103950500488
ring,50,1500000.0,5,7,exclude,launch,0,0.0,prior,0.0,cluster_patrol,12600.0,43200,920823.9606307822,0,778056.2975601837,142767.66307059847,0,2,0.2450072720612107,3,4.904499792679758,2.8368686437193347,7822.442319813243,6839.767204168851,1.1436708423417465,2.061481509950208,338.022898789852,0.0,0.0,0.0,1.5163190767450232,2.0585585585585586,0.7575757575757576,3613.791550345675,222,0.03699994087219238
paper,50,3000000.0,14,12,exclude,launch,0,0.0,prior,0.0,cluster_patrol,12600.0,43200,1754856.597236614,0,1619553.1821607067,135303.41507590722,0,11,0.9552586404013483,13,9.23457650455646,14.197848583137693,8329.760200033028,2807.613084232582,2.9668476211385943,2.0069205922208275,304.16672371150264,0.0,0.0,0.2030188679245283,0.74443680161017,2.55678391959799,0.7862232779097387,645.4579481382914,995,0.215775728225708
ring,50,1500000.0,4,7,exclude,launch,0,0.0,prior,0.0,cluster_patrol,12600.0,43200,322851.5918874079,0,286458.0256274817,36393.5662599262,0,0,0.0,0,4.904499792679758,2.895069695213441,7822.442319813243,6839.369975623073,1.1437372663993968,2.0201558269129074,312.2153733553074,0.0,0.0,0.0,1.9200426723954986,5.631205673758865,0.9393939393939394,2074.6182976382206,141,0.043999433517456055
ring,50,1500000.0,2,8,exclude,launch,0,0.0,prior,0.0,cluster_patrol,12600.0,43200,306887.40528126736,0,266694.78400036145,40192.6212809059,0,0,0.0,0,4.830167068576244,2.9575634405830327,7947.95371783911,6710.4853493672545,1.1844081767630323,2.0154498197914172,309.3415009543263,0.0,0.0,0.0,3.9267115661371452,24.885714285714286,0.9361702127659575,1948.8295172113706,35,0.039999961853027344
ring,50,1500000.0,3,8,exclude,launch,0,0.0,prior,0.0,cluster_patrol,12600.0,43200,335133.7281893961,0,287073.7985149659,48059.92967443019,0,0,0.0,0,4.830167068576244,2.960906990655659,7947.95371783911,6697.685551775483,1.1866716728336395,2.0170212417324738,310.2996618405188,0.0,0.0,0.0,2.279079007296432,9.045454545454545,0.9247311827956989,2056.7367862622204,88,0.04600238800048828
ring,50,1500000.0,5,8,exclude,launch,0,0.0,prior,0.0,cluster_patrol,12600.0,43200,639580.5136026648,0,537126.9142550237,102453.59934764118,0,1,0.12128080666768437,3,4.830167068576244,2.871560077176253,7947.95371783911,6820.049327082174,1.165380679327064,2.0424647443851907,326.0198229858243,0.0,0.0,0.0,1.5570002718999552,2.574074074074074,0.7849462365591398,2966.5389831731454,216,0.04099702835083008
ring,50,1500000.0,4,8,exclude,launch,0,0.0,prior,0.0,cluster_patrol,12600.0,43200,285249.4020701042,0,249228.41262769495,36020.98944240926,0,0,0.0,0,4.830167068576244,2.900966235897321,7947.95371783911,6821.504135979335,1.165132140860024,2.0213297612670624,312.9343443749506,0.0,0.0,0.0,1.8456911647980638,6.241379310344827,0.9247311827956989,1798.5041041422278,145,0.04900026321411133
ring,50,1500000.0,2,9,exclude,launch,0,0.0,prior,0.0,cluster_patrol,12600.0,43200,268602.3359424871,0,237983.38930011983,30618.946642367322,0,0,0.0,0,4.846704792834819,3.115325109598421,7919.696655027925,6369.861225199655,1.2433075659006516,2.0157034770698434,309.4960659995311,0.0,0.0,0.0,3.8160547893981405,25.0,0.9142857142857143,1854.7082959638806,36,0.04000067710876465
ring,50,1500000.0,6,8,exclude,launch,0,0.0,prior,0.0,cluster_patrol,12600.0,43200,5247427.573337441,0,4938528.623188235,308898.9501492067,0,30,0.9808700987378174,46,4.830167068576244,2.946117392848223,7947.95371783911,6470.543090743007,1.2283286899379033,2.0983078702027735,361.88405332480573,0.0,0.0,0.0,1.3595506898566814,1.4579124579124578,0.40860215053763443,3807.6837405845463,297,0.047997474670410156
ring,50,1500000.0,6,9,exclude,launch,0,0.0,prior,0.0,cluster_patrol,12600.0,43200,4621488.939583265,0,4343421.152699059,278067.78688420745,0,33,0.9762120927044666,43,4.846704792834819,3.001357699963411,7919.696655027925,6386.544770870388,1.240059678458747,2.0867781122764706,354.32599959696256,0.0,0.0,0.0,1.3450494880998567,1.29,0.25742574257425743,4233.767302083195,300,0.037999868392944336
ring,50,1500000.0,2,10,exclude,launch,0,0.0,prior,0.0,cluster_patrol,12600.0,43200,297198.8691285131,0,263946.9920544028,33251.87707411027,0,0,0.0,0,4.875077529902852,2.894139230389253,7871.664383040849,6854.31091956224,1.1484253450737225,2.0164003794207,309.9209193859629,0.0,0.0,0.0,3.9040753268091497,24.857142857142858,0.9368421052631579,1936.6090769256446,35,0.039999961853027344
ring,50,1500000.0,4,9,exclude,launch,0,0.0,prior,0.0,cluster_patrol,12600.0,43200,307605.6413243226,0,266757.8500467484,40847.7912775742,0,0,0.0,0,4.846704792834819,2.929666788505752,7919.696655027925,6755.591403801411,1.1723172971313016,2.0210561948568886,312.76672591668853,0.0,0.0,0.0,1.8521229689652854,5.6482758620689655,0.9603960396039604,2007.3090664550784,145,0.046000003814697266
ring,50,1500000.0,5,9,exclude,launch,0,0.0,prior,0.0,cluster_patrol,12600.0,43200,740218.392704269,0,620835.9609260256,119382.43177824335,0,1,0.23069092582309986,2,4.846704792834819,2.834420013640453,7919.696655027925,6887.426610945291,1.1498774654734152,2.0489851044578997,330.1109248123653,0.0,0.0,0.0,1.5574890069265028,2.372093023255814,0.7722772277227723,3221.654735937837,215,0.047000885009765625
ring,50,1500000.0,3,9,exclude,launch,0,0.0,prior,0.0,cluster_patrol,12600.0,43200,326662.3371420166,0,285990.94720920007,40671.38993281653,0,0,0.0,0,4.846704792834819,2.9569172589559978,7919.696655027925,6711.958652859492,1.1799382363081008,2.015447763977548,309.3402484101006,0.0,0.0,0.0,2.4960129545678504,9.175,0.8857142857142857,2222.7312444358618,80,0.05400228500366211
ring,50,1500000.0,4,10,exclude,launch,0,0.0,prior,0.0,cluster_patrol,12600.0,43200,323456.6982546738,0,281669.3712135621,41787.32704111172,0,0,0.0,0,4.875077529902852,2.8933484728692225,7871.664383040849,6838.659324969714,1.1510537386033204,2.0215676489409304,313.0801384088099,0.0,0.0,0.0,1.8684092465248834,5.631944444444445,0.9247311827956989,2038.27863748035,144,0.045000314712524414
ring,50,1500000.0,3,10,exclude,launch,0,0.0,prior,0.0,cluster_patrol,12600.0,43200,351132.45521184563,0,298314.2171594545,52818.23805239112,0,0,0.0,0,4.875077529902852,2.9023728725183577,7871.664383040849,6835.656783198616,1.151559335510911,2.016167159218646,309.7787086423479,0.0,0.0,0.0,2.535340284695023,10.1,0.8936170212765957,2051.518829623872,80,0.049997806549072266
ring,50,1500000.0,5,10,exclude,launch,0,0.0,prior,0.0,cluster_patrol,12600.0,43200,766746.9883420396,0,671187.5291211101,95559.45922092957,0,1,0.3373382495464073,2,4.875077529902852,2.883203646541374,7871.664383040849,6785.93878996715,1.159996372893743,2.0444417199663607,327.257551921887,0.0,0.0,0.0,1.5473439975413208,2.4055299539170507,0.8709677419354839,3155.7212893496135,217,0.042502641677856445
ring,50,1500000.0,2,11,exclude,launch,0,0.0,prior,0.0,cluster_patrol,12600.0,43200,295819.13143543695,0,266163.0033072707,29656.128128166234,0,0,0.0,0,4.9817880798455585,2.9870123140256375,7695.912262605395,6644.4665363328795,1.158243813934958,2.0154074509551387,309.3156874365637,0.0,0.0,0.0,3.731917026421416,25.0,0.9081632653061225,1838.4253732752154,36,0.041506052017211914
ring,50,1500000.0,6,10,exclude,launch,0,0.0,prior,0.0,cluster_patrol,12600.0,43200,4312711.298784014,0,4037252.099586691,275459.1991973232,0,28,0.9489992844515946,43,4.875077529902852,2.899160134536573,7871.664383040849,6458.915549699291,1.2187284881604208,2.136132467314047,387.23909498553115,0.0,0.0,0.0,1.3547755446747363,1.1973244147157192,0.42857142857142855,4607.096479102816,299,0.0445101261138916
ring,50,1500000.0,3,11,exclude,launch,0,0.0,prior,0.0,cluster_patrol,12600.0,43200,358263.23199027707,0,318452.4506061182,39810.78138415889,0,0,0.0,0,4.9817880798455585,2.969249272755812,7695.912262605395,6686.464009081292,1.1509689205166005,2.014729851498183,308.9030014564574,0.0,0.0,0.0,2.4637116801939385,9.925925925925926,0.8969072164948454,2010.0358210983322,81,0.04850506782531738
ring,50,1500000.0,6,11,exclude,launch,0,0.0,prior,0.0,cluster_patrol,12600.0,43200,5465525.907159231,0,5137542.295697534,327983.6114616963,0,30,0.9757565146947156,42,4.9817880798455585,2.9217403070803343,7695.912262605395,6457.61556670873,1.1917575741548503,2.120050432796903,376.3538916025591,0.0,0.0,0.0,1.3523581373697506,1.1644295302013423,0.38144329896907214,4747.489334062437,298,0.03850984573364258
ring,50,1500000.0,2,12,exclude,launch,0,0.0,prior,0.0,cluster_patrol,12600.0,43200,342437.43822835956,0,297251.85516453756,45185.58306382204,0,0,0.0,0,4.931473114997353,2.962311905266373,7777.833262780507,6696.00197137187,1.1615637653683355,2.0165715439321703,310.02531117979095,0.0,0.0,0.0,3.9358932980394017,25.0,0.8921568627450981,1904.776380372982,34,0.03951096534729004
ring,50,1500000.0,5,11,exclude,launch,0,0.0,prior,0.0,cluster_patrol,12600.0,43200,705501.893973198,0,586080.0224510245,119421.87152217363,0,0,0.0,1,4.9817880798455585,2.8210792720723603,7695.912262605395,6932.246115800931,1.1101614302273273,2.0453645675927805,327.8361237535323,0.0,0.0,0.0,1.5708384813731586,2.705607476635514,0.8041237113402062,2864.0060791673486,214,0.043511152267456055
ring,50,1500000.0,4,11,exclude,launch,0,0.0,prior,0.0,cluster_patrol,12600.0,43200,395980.0561439571,0,328264.1189642442,67715.93717971284,0,0,0.0,0,4.9817880798455585,2.927784664985158,7695.912262605395,6761.59238820977,1.13818044933096,2.0205605671356714,312.46316135768484,0.0,0.0,0.0,1.8405178696740716,5.972413793103448,0.9375,1865.6518509988612,145,0.04751110076904297
ring,50,1500000.0,6,12,exclude,launch,0,0.0,prior,0.0,cluster_patrol,12600.0,43200,5782475.187879009,0,5412041.99466296,370433.1932160501,0,30,0.9667379879522292,45,4.931473114997353,2.8935128108618504,7777.833262780507,6415.753383162235,1.2123024060109557,2.1547005383792515,400.0,0.0,0.0,0.0024937655860349127,1.3435628926362002,1.0,0.3557692307692308,5492.909715940535,299,0.03050994873046875
ring,50,1500000.0,5,12,exclude,launch,0,0.0,prior,0.0,cluster_patrol,12600.0,43200,876574.7935843732,0,731731.5171302884,144843.2764540848,0,1,0.254105463630557,2,4.931473114997353,2.8883389398136763,7777.833262780507,6774.195505591209,1.1481560070654775,2.044344629143806,327.1967113264542,0.0,0.0,0.0,1.550356585590089,2.3211009174311927,0.8076923076923077,3268.9766191802905,218,0.03750944137573242
ring,50,1500000.0,3,12,exclude,launch,0,0.0,prior,0.0,cluster_patrol,12600.0,43200,352181.7822042905,0,292454.36677507096,59727.41542921954,0,0,0.0,0,4.931473114997353,3.0355060005239416,7777.833262780507,6535.861781280022,1.190024135005078,2.0161648379157144,309.7772933448809,0.0,0.0,0.0,2.436885979220189,11.46987951807229,0.9134615384615384,1733.6355406788227,83,0.05182933807373047
ring,50,1500000.0,4,12,exclude,launch,0,0.0,prior,0.0,cluster_patrol,12600.0,43200,340607.43863897474,0,291612.3570890514,48995.081549923416,0,0,0.0,0,4.931473114997353,2.934119616662751,7777.833262780507,6750.067781815238,1.1522600237784397,2.019640367148509,311.89994349562363,0.0,0.0,0.0,1.9275992621071056,6.264285714285714,0.8942307692307693,1895.6875060853774,140,0.08282780647277832
ring,50,3000000.0,5,1,exclude,launch,0,0.0,prior,0.0,cluster_patrol,12600.0,43200,151042.77863034053,0,138623.86527355778,12418.913356782785,0,0,0.0,0,9.868559743091007,6.030560687240497,7773.219404112283,6596.389059877057,1.1784052355846275,2.0110646493322752,306.675517538819,0.0,0.0,0.0,2.0966745916333105,9.45625,0.9537037037037037,1090.527818840736,160,0.07732152938842773
ring,50,3000000.0,4,1,exclude,launch,0,0.0,prior,0.0,cluster_patrol,12600.0,43200,177868.72038059213,0,159190.03774463927,18678.682635952857,0,0,0.0,0,9.868559743091007,5.5903932303770025,7773.219404112283,7113.8938683136785,1.0926813849072639,2.011593612438201,306.99649101773093,0.0,0.0,0.0,2.520832436649837,12.317757009345794,0.9537037037037037,1259.9120322769304,107,0.08132696151733398
ring,50,3000000.0,12,1,exclude,launch,0,0.0,prior,0.0,cluster_patrol,12600.0,43200,4468181.38251024,0,4139357.685899083,328823.69661115704,0,29,0.9557307728546828,46,9.868559743091007,11.543926267811921,7773.219404112283,3278.6229171384116,2.370879360196983,2.113707909627105,372.10359238979277,0.0,0.0,0.49396267837541163,0.6883606373258098,0.6152716593245228,0.3644859813084112,3911.2697526432157,681,0.05932188034057617
ring,50,3000000.0,4,2,exclude,launch,0,0.0,prior,0.0,cluster_patrol,12600.0,43200,145394.249932261,0,134203.04196198075,11191.207970280273,0,0,0.0,0,9.682917250728684,5.917903281118968,7928.639575087385,6716.283849161801,1.1805098999913304,2.0127650450874257,307.70791096528063,0.0,0.0,0.0,2.403615756364986,12.633928571428571,0.9259259259259259,1163.46142645426,112,0.06932210922241211
ring,50,3000000.0,11,1,exclude,launch,0,0.0,prior,0.0,cluster_patrol,12600.0,43200,1428823.7484264276,0,1326893.2702661047,101930.4781603228,0,8,0.8506965041303923,18,9.868559743091007,5.835706106745784,7773.219404112283,6727.139663029374,1.155501415680708,2.037821456135096,323.12201244431117,0.0,0.0,0.0,1.4516453598924448,1.9882583170254402,0.794392523364486,1622.9283661588215,511,0.08032011985778809
ring,50,3000000.0,5,2,exclude,launch,0,0.0,prior,0.0,cluster_patrol,12600.0,43200,139883.16848162777,0,127664.3142381147,12218.854243513071,0,0,0.0,0,9.682917250728684,5.985531558856514,7928.639575087385,6642.361877224361,1.1936476394448596,2.0121702778311574,307.3466013974407,0.0,0.0,0.0,2.1307279578224474,9.477707006369426,0.9259259259259259,1101.3681717928225,157,0.07999897003173828
ring,50,3000000.0,8,1,exclude,launch,0,0.0,prior,0.0,cluster_patrol,12600.0,43200,156594.03719982636,0,141268.74673887054,15325.29046095582,0,0,0.0,0,9.868559743091007,5.919724801220652,7773.219404112283,6719.028399972583,1.1568963459276347,2.0113238002907283,306.8327487103442,0.0,0.0,0.0,1.767985758022575,5.391447368421052,0.9439252336448598,1010.1615360971413,304,0.0993199348449707
ring,50,3000000.0,7,1,exclude,launch,0,0.0,prior,0.0,cluster_patrol,12600.0,43200,130154.83176446463,0,117407.66648627364,12747.165278190989,0,0,0.0,0,9.868559743091007,5.947981962218096,7773.219404112283,6688.794507300772,1.16212561106906,2.0108167322356705,306.5251398502799,0.0,0.0,0.0,1.8589917229559105,6.9523809523809526,0.9626168224299065,941.894768900737,252,0.10732245445251465
ring,50,3000000.0,10,1,exclude,launch,0,0.0,prior,0.0,cluster_patrol,12600.0,43200,252230.5157605498,0,202244.90191808547,49985.61384246435,0,0,0.0,2,9.868559743091007,5.768929447754106,7773.219404112283,6846.465705735121,1.1353623516438331,2.0254816928080173,315.483810685319,0.0,0.0,0.0,1.5363842218764325,2.8993135011441646,0.9532710280373832,1300.414768741168,437,0.10231995582580566
ring,50,3000000.0,9,1,exclude,launch,0,0.0,prior,0.0,cluster_patrol,12600.0,43200,140334.12203767482,0,125426.28412672471,14907.837910950106,0,0,0.0,0,9.868559743091007,5.870204255662268,7773.219404112283,6768.442541712171,1.1484502315278486,2.0134832800852234,308.14450770369086,0.0,0.0,0.0,1.6693409485807524,4.867403314917127,0.9719626168224299,929.8240696070162,362,0.10731911659240723
ring,50,3000000.0,6,1,exclude,launch,0,0.0,prior,0.0,cluster_patrol,12600.0,43200,138302.63325771992,0,126700.75930309537,11601.873954624538,0,0,0.0,0,9.868559743091007,5.961075821744005,7773.219404112283,6674.537435632439,1.1646079565925365,2.0106856011876912,306.44561533443766,0.0,0.0,0.0,1.9764724903887927,8.05911330049261,0.9626168224299065,1008.0052291197236,203,0.13931965827941895
ring,50,3000000.0,7,2,exclude,launch,0,0.0,prior,0.0,cluster_patrol,12600.0,43200,120644.51295223185,0,111414.341107989,9230.171844242846,0,0,0.0,0,9.682917250728684,5.870132576562363,7928.639575087385,6773.199946517575,1.1705899187523434,2.012093605434343,307.30003984832626,0.0,0.0,0.0,1.8852219363449572,6.875502008032129,0.9537037037037037,967.7638145297191,249,0.0970001220703125
ring,50,3000000.0,11,2,exclude,launch,0,0.0,prior,0.0,cluster_patrol,12600.0,43200,1710650.3339366494,0,1599213.6766774543,111436.65725919521,0,12,0.9017153793204126,18,9.682917250728684,6.7536510306942645,7928.639575087385,5805.511373332754,1.365709076293793,2.040379213269783,324.71667222115553,0.0,0.0,0.12674094707520892,1.25568737198753,1.6256983240223464,0.7102803738317757,1869.1267899363336,537,0.07699966430664062
ring,50,3000000.0,12,2,exclude,launch,0,0.0,prior,0.0,cluster_patrol,12600.0,43200,3900812.168137734,0,3649850.2689405475,250961.89919718678,0,29,0.9769666773013146,42,9.682917250728684,8.649257922843653,7928.639575087385,4438.124535601301,1.7864842483545067,2.084066892200982,352.56030802988863,0.0,0.0,0.3103448275862069,0.9314484044998026,0.8652373660030628,0.40186915887850466,2924.5306151577765,653,0.06800246238708496
ring,50,3000000.0,6,2,exclude,launch,0,0.0,prior,0.0,cluster_patrol,12600.0,43200,130808.77243425664,0,121977.27223342689,8831.500200829749,0,0,0.0,0,9.682917250728684,5.907534117127629,7928.639575087385,6732.1981692476775,1.1777192791657543,2.011531589207168,306.9588467891939,0.0,0.0,0.0,2.029231076516172,7.929292929292929,0.9444444444444444,1046.8684257350324,198,0.11799979209899902
ring,50,3000000.0,9,2,exclude,launch,0,0.0,prior,0.0,cluster_patrol,12600.0,43200,127253.69689167605,0,117901.5236739058,9352.17321777026,0,0,0.0,0,9.682917250728684,5.86706000394421,7928.639575087385,6764.946301425773,1.1720181095031537,2.015603498495989,309.4351398471877,0.0,0.0,0.0,1.6566664421330173,4.673130193905817,0.9439252336448598,965.1278226482132,361,0.10499811172485352
ring,50,3000000.0,4,3,exclude,launch,0,0.0,prior,0.0,cluster_patrol,12600.0,43200,188395.80280128034,0,173077.23597701616,15318.566824264217,0,0,0.0,0,9.578993254532959,6.187299919343625,8018.275011535528,6429.833223685299,1.2470424554713107,2.01089368543205,306.5718129739178,0.0,0.0,0.0,2.4321506717084542,12.445454545454545,0.9523809523809523,1201.0291992824948,110,0.07400035858154297
ring,50,3000000.0,10,2,exclude,launch,0,0.0,prior,0.0,cluster_patrol,12600.0,43200,220641.4092646538,0,190181.79581524187,30459.613449411958,0,0,0.0,3,9.682917250728684,5.79729353886061,7928.639575087385,6815.708019096337,1.1632892067666079,2.0246675337661038,314.98306642629285,0.0,0.0,0.0,1.5500413276852034,2.8983833718244805,0.9345794392523364,1314.5248651682641,433,0.09900069236755371
ring,50,3000000.0,8,2,exclude,launch,0,0.0,prior,0.0,cluster_patrol,12600.0,43200,117505.62041516908,0,109005.42687076356,8500.193544405514,0,0,0.0,0,9.682917250728684,5.889654967548877,7928.639575087385,6749.479244393183,1.1747038975893933,2.012472096578356,307.5299239049316,0.0,0.0,0.0,1.7850822199300957,5.8903654485049834,0.9345794392523364,933.1675694642057,301,0.11600041389465332
ring,50,3000000.0,5,3,exclude,launch,0,0.0,prior,0.0,cluster_patrol,12600.0,43200,174291.36198714917,0,159812.86532171027,14478.496665438894,0,0,0.0,0,9.578993254532959,5.975266035420266,8018.275011535528,6659.258507069466,1.2040792534218834,2.0105129127925054,306.3409040761181,0.0,0.0,0.0,2.2055395281695587,9.751633986928105,0.9528301886792453,1110.253688673465,153,0.07600212097167969
ring,50,3000000.0,6,3,exclude,launch,0,0.0,prior,0.0,cluster_patrol,12600.0,43200,164376.85654875374,0,149937.3501979313,14439.50635082248,0,0,0.0,0,9.578993254532959,5.889490118796498,8018.275011535528,6757.013717814724,1.186659572762967,2.0102843370661447,306.20233251635386,0.0,0.0,0.0,2.055894929314444,8.111675126903553,0.9433962264150944,1033.8392948958658,197,0.08800148963928223
ring,50,3000000.0,7,3,exclude,launch,0,0.0,prior,0.0,cluster_patrol,12600.0,43200,159035.0698687074,0,144861.18172624466,14173.888142462756,0,0,0.0,0,9.578993254532959,5.942558569830859,8018.275011535528,6695.436818850258,1.1975730976896035,2.010655193415654,306.4271759934098,0.0,0.0,0.0,1.8852438736931694,6.665338645418327,0.9433962264150944,988.1265421046318,251,0.09800028800964355
ring,50,3000000.0,10,3,exclude,launch,0,0.0,prior,0.0,cluster_patrol,12600.0,43200,868837.0126429949,0,769048.5140946631,99788.49854833174,0,3,0.603014820774434,5,9.578993254532959,5.746702726153086,8018.275011535528,6876.784725110629,1.165991859866827,2.024351043864111,314.78851831964806,0.0,0.0,0.0,1.5423750484734027,2.129032258064516,0.8571428571428571,1781.3956688903183,434,0.0725092887878418
ring,50,3000000.0,4,4,exclude,launch,0,0.0,prior,0.0,cluster_patrol,12600.0,43200,216269.22072464006,0,198231.72160351434,18037.49912112575,0,0,0.0,0,9.633996506496567,5.507707117096915,7970.593281758647,7219.440822525462,1.1040457949166236,2.011942609674985,307.20835358274576,0.0,0.0,0.0,2.6091042620878455,12.470588235294118,0.9553571428571429,1298.2057880571315,102,0.06351017951965332
ring,50,3000000.0,9,3,exclude,launch,0,0.0,prior,0.0,cluster_patrol,12600.0,43200,261991.35227559996,0,226053.12814123018,35938.22413436978,0,0,0.0,0,9.578993254532959,5.804318676412838,8018.275011535528,6840.798212059601,1.172125644255982,2.0148000754177233,308.9457579203451,0.0,0.0,0.0,1.6640005022261752,3.547945205479452,0.9047619047619048,1275.71988656286,365,0.08751249313354492
ring,50,3000000.0,5,4,exclude,launch,0,0.0,prior,0.0,cluster_patrol,12600.0,43200,186970.29169676665,0,170967.65925124034,16002.632445526318,0,0,0.0,0,9.633996506496567,5.684388899503013,7970.593281758647,6997.146585163657,1.1391205235944364,2.011338802983052,306.84185232575777,0.0,0.0,0.0,2.2632338955559037,9.932432432432432,0.9464285714285714,1125.8237298878319,148,0.07450985908508301
ring,50,3000000.0,11,3,exclude,launch,0,0.0,prior,0.0,cluster_patrol,12600.0,43200,3002547.8412140068,0,2781395.8273006384,221152.01391336854,0,18,0.9498811193080106,21,9.578993254532959,6.838556494573098,8018.275011535528,5772.113382836938,1.3891402472060628,2.0267057259592516,316.2373943152541,0.0,0.0,0.12447552447552447,1.2556930890193132,1.8093457943925233,0.6190476190476191,1695.7625518143702,535,0.0855095386505127
ring,50,3000000.0,8,3,exclude,launch,0,0.0,prior,0.0,cluster_patrol,12600.0,43200,235352.44982963736,0,202377.22642006815,32975.223409569204,0,0,0.0,0,9.578993254532959,5.778500866502609,8018.275011535528,6879.86014088161,1.1654706414581326,2.012311432752111,307.4323310641897,0.0,0.0,0.0,1.7819036973994258,4.46843853820598,0.9428571428571428,1226.1305897087095,301,0.1285099983215332
ring,50,3000000.0,6,4,exclude,launch,0,0.0,prior,0.0,cluster_patrol,12600.0,43200,168881.20559919198,0,158245.8150482272,10635.39055096479,0,0,0.0,0,9.633996506496567,5.726273725653425,7970.593281758647,6947.2268493072725,1.1473057458248133,2.0109737544046924,306.6203796285357,0.0,0.0,0.0,2.0836375401020444,8.234375,0.9285714285714286,1044.5415994240168,192,0.08650779724121094
ring,50,3000000.0,8,4,exclude,launch,0,0.0,prior,0.0,cluster_patrol,12600.0,43200,232712.24837140387,0,205218.23046722455,27494.01790417931,0,0,0.0,0,9.633996506496567,5.802696546480647,7970.593281758647,6846.9682153773265,1.1641054888874491,2.0135472051350902,308.18338111114565,0.0,0.0,0.0,1.7766592421553724,4.79,0.9375,1146.0795908772332,300,0.0895078182220459
ring,50,3000000.0,7,4,exclude,launch,0,0.0,prior,0.0,cluster_patrol,12600.0,43200,189705.64064099023,0,171132.1619784787,18573.47866251154,0,0,0.0,0,9.633996506496567,5.708413661103842,7970.593281758647,6965.985014596213,1.1442162544216536,2.0118334018621042,307.1420499371515,0.0,0.0,0.0,1.9196287475334946,6.394308943089431,0.9375,1059.655069439693,246,0.09550786018371582
ring,50,3000000.0,12,3,exclude,launch,0,0.0,prior,0.0,cluster_patrol,12600.0,43200,5301623.569311796,0,4961344.20982847,340279.3594833263,0,32,0.9781000886986376,47,9.578993254532959,8.559462103820758,8018.275011535528,4451.743276470239,1.8011539555562988,2.0994880259656696,362.66217577256555,0.0,0.0,0.31062355658198615,0.9302593756519127,0.7638888888888888,0.3238095238095238,3307.986404356639,648,0.10951018333435059
ring,50,3000000.0,9,4,exclude,launch,0,0.0,prior,0.0,cluster_patrol,12600.0,43200,197830.4653078264,0,175980.81224696804,21849.65306085837,0,0,0.0,0,9.633996506496567,5.784527528038466,7970.593281758647,6858.424857745705,1.16216091115395,2.016497602658121,309.980212862912,0.0,0.0,0.0,1.6480413233519338,4.371584699453552,0.9724770642201835,1024.8816500885675,366,0.10050749778747559
ring,50,3000000.0,10,4,exclude,launch,0,0.0,prior,0.0,cluster_patrol,12600.0,43200,462451.9678238332,0,415899.43456268555,46552.53326114763,0,1,0.4835483127741724,4,9.633996506496567,5.796341200573191,7970.593281758647,6827.957467539249,1.1673466508324921,2.0213673086015116,312.9573537239686,0.0,0.0,0.0,1.5619861878718322,3.3093023255813954,0.9099099099099099,1163.5452515708307,430,0.09950995445251465
ring,50,3000000.0,12,4,exclude,launch,0,0.0,prior,0.0,cluster_patrol,12600.0,43200,4718519.424026251,0,4410129.021100132,308390.40292611974,0,27,0.9762356135301172,41,9.633996506496567,10.006940792396307,7970.593281758647,3829.855983563022,2.0811731083275307,2.0874025685791757,354.7333038457767,0.0,0.0,0.40382452193475815,0.8049472143118077,1.0526315789473684,0.44954128440366975,2358.226950076971,665,0.07500076293945312
ring,50,3000000.0,11,4,exclude,launch,0,0.0,prior,0.0,cluster_patrol,12600.0,43200,2103778.2980848597,0,1964198.5903778896,139579.70770697016,0,12,0.8968185011524563,15,9.633996506496567,6.721220282066053,7970.593281758647,5812.768145998429,1.3712216075994168,2.047664764432491,329.2804375900158,0.0,0.0,0.12343966712898752,1.245600840599973,1.7736549165120594,0.7272727272727273,1718.7114373360384,539,0.08200240135192871
ring,50,3000000.0,4,5,exclude,launch,0,0.0,prior,0.0,cluster_patrol,12600.0,43200,189674.7842485298,0,170724.4565015341,18950.327746995674,0,0,0.0,0,9.661499495362374,6.164227293721939,7946.954839160066,6452.100295887873,1.2316849513676826,2.0114545929698595,306.91211809194743,0.0,0.0,0.0,2.3894605669734537,12.141592920353983,0.9596774193548387,1196.8235463236124,113,0.0690000057220459
ring,50,3000000.0,5,5,exclude,launch,0,0.0,prior,0.0,cluster_patrol,12600.0,43200,170599.9395110072,0,155004.05802612563,15595.881484881558,0,0,0.0,0,9.661499495362374,5.870740194418222,7946.954839160066,6775.680967361123,1.1728643773874599,2.011148671956352,306.7264910397282,0.0,0.0,0.0,2.202771554666147,9.84967320261438,0.9516129032258065,1100.0571007330598,153,0.07900047302246094
ring,50,3000000.0,6,5,exclude,launch,0,0.0,prior,0.0,cluster_patrol,12600.0,43200,162584.46281717968,0,147641.98751480796,14942.4753023717,0,0,0.0,0,9.661499495362374,5.928594410814724,7946.954839160066,6712.123851684072,1.1839702327849886,2.010380602664852,306.2606886724168,0.0,0.0,0.0,2.06138218146103,8.117948717948718,0.9838709677419355,1042.1385498396066,195,0.08999752998352051
ring,50,3000000.0,12,5,exclude,launch,0,0.0,prior,0.0,cluster_patrol,12600.0,43200,5277992.69510131,0,4912157.554947614,365835.1401536961,0,33,0.9806152391887568,46,9.661499495362374,8.35477338042249,7946.954839160066,4443.94210596085,1.7882669597564005,2.1547005383792515,400.0,0.0,0.0,0.3073394495412844,0.9258194714991322,0.6921898928024502,0.3467741935483871,3630.4243026129634,653,0.06100130081176758
ring,50,3000000.0,9,5,exclude,launch,0,0.0,prior,0.0,cluster_patrol,12600.0,43200,198932.18571122544,0,183175.49745644355,15756.688254781899,0,0,0.0,0,9.661499495362374,5.858190826467604,7946.954839160066,6781.631591293408,1.171835233480208,2.013688451162579,308.26928280611656,0.0,0.0,0.0,1.6815194728587046,4.089136490250697,0.9435483870967742,1116.1190392269466,359,0.0950007438659668
ring,50,3000000.0,8,5,exclude,launch,0,0.0,prior,0.0,cluster_patrol,12600.0,43200,149453.3459340386,0,138043.63562288578,11409.71031115283,0,0,0.0,0,9.661499495362374,5.9777415044131725,7946.954839160066,6657.327450540382,1.1937154809044286,2.0102632679668195,306.1895611808992,0.0,0.0,0.0,1.8317060900436688,5.908163265306122,0.967741935483871,955.8898179071457,294,0.10100126266479492
ring,50,3000000.0,11,5,exclude,launch,0,0.0,prior,0.0,cluster_patrol,12600.0,43200,2285639.621055864,0,2130176.6864434984,155462.93461236532,0,13,0.9024910158165181,20,9.661499495362374,5.846894200452376,7946.954839160066,6704.669811752312,1.1852865334591434,2.040738495352664,324.940984712678,0.0,0.0,0.0,1.436687374996758,1.5719844357976653,0.7258064516129032,2041.1959676800984,514,0.08900070190429688
ring,50,3000000.0,7,5,exclude,launch,0,0.0,prior,0.0,cluster_patrol,12600.0,43200,150571.75880313606,0,135015.06564415252,15556.693158983539,0,0,0.0,0,9.661499495362374,5.955865631848011,7946.954839160066,6682.714155041996,1.1891807213038166,2.0099821965175586,306.0192111847296,0.0,0.0,0.0,1.949507058818981,7.1037344398340245,0.9596774193548387,966.5606654107248,241,0.11900138854980469
ring,50,3000000.0,4,6,exclude,launch,0,0.0,prior,0.0,cluster_patrol,12600.0,43200,159734.00000509902,0,148308.0032209834,11425.996784115598,0,0,0.0,0,9.772675492302225,6.112488820562932,7852.756551981561,6504.227628688452,1.2073311391109838,2.012223317612518,307.37881341554794,0.0,0.0,0.0,2.3876742961361366,12.451327433628318,0.9166666666666666,1182.6417195126746,113,0.07000088691711426
ring,50,3000000.0,10,5,exclude,launch,0,0.0,prior,0.0,cluster_patrol,12600.0,43200,606013.4896100912,0,558328.2406550617,47685.24895502944,0,2,0.605957040400997,2,9.661499495362374,5.806980099869603,7946.954839160066,6818.929991897304,1.1654254917711655,2.020335139607262,312.32513913521126,0.0,0.0,0.0,1.563964403475207,2.8372093023255816,0.9032258064516129,1349.4581663006632,430,0.1080007553100586
ring,50,3000000.0,5,6,exclude,launch,0,0.0,prior,0.0,cluster_patrol,12600.0,43200,146585.69354530826,0,136875.22089873443,9710.472646573831,0,0,0.0,0,9.772675492302225,6.053871218274449,7852.756551981561,6566.366324380346,1.1959059492043507,2.0124805946339004,307.535086353065,0.0,0.0,0.0,2.0672496285155013,9.411042944785276,0.9270833333333334,1082.930364551811,163,0.08000040054321289
ring,50,3000000.0,6,6,exclude,launch,0,0.0,prior,0.0,cluster_patrol,12600.0,43200,143169.661989235,0,131903.41390892136,11266.24808031365,0,0,0.0,0,9.772675492302225,5.905228078011512,7852.756551981561,6731.051328550467,1.166646363053757,2.012659968326708,307.64406343543476,0.0,0.0,0.0,1.9432725763730339,7.751196172248804,0.9484536082474226,1026.2937042177016,209,0.08599853515625
ring,50,3000000.0,7,6,exclude,launch,0,0.0,prior,0.0,cluster_patrol,12600.0,43200,131219.92222033715,0,120648.31315500155,10571.609065335593,0,0,0.0,0,9.772675492302225,5.914847586588193,7852.756551981561,6722.504640934414,1.1681295843464148,2.011941357272949,307.20759316782556,0.0,0.0,0.0,1.872270265161793,6.905138339920948,0.9473684210526315,950.2784514666369,253,0.10699892044067383
ring,50,3000000.0,12,6,exclude,launch,0,0.0,prior,0.0,cluster_patrol,12600.0,43200,4942827.196024527,0,4640468.9387953635,302358.25722916285,0,35,0.9863618809402833,45,9.772675492302225,11.354451034945594,7852.756551981561,3293.1748807342906,2.3845549769985506,2.139484039990682,389.52716321804576,0.0,0.0,0.4912472647702407,0.6871015921132906,0.5591240875912409,0.1595744680851064,4303.314807445559,685,0.05800008773803711
ring,50,3000000.0,8,6,exclude,launch,0,0.0,prior,0.0,cluster_patrol,12600.0,43200,120862.95757124474,0,113560.82213961842,7302.135431626308,0,0,0.0,0,9.772675492302225,5.919775277456477,7852.756551981561,6716.935808217736,1.1690980494966503,2.0119332520533395,307.2026719833742,0.0,0.0,0.0,1.7934666887773574,6.1066666666666665,0.9578947368421052,901.482256389265,300,0.10500407218933105
ring,50,3000000.0,11,6,exclude,launch,0,0.0,prior,0.0,cluster_patrol,12600.0,43200,1732793.1060774198,0,1618963.791694226,113829.31438319394,0,13,0.8795551306709588,17,9.772675492302225,6.656557563592988,7852.756551981561,5867.871311054858,1.3382632535221504,2.048140353242737,329.57946002874274,0.0,0.0,0.125,1.258509873073383,1.4048964218455744,0.6914893617021277,2188.282526921543,531,0.0689997673034668
ring,50,3000000.0,4,7,exclude,launch,0,0.0,prior,0.0,cluster_patrol,12600.0,43200,178329.79287889713,0,163587.8102776493,14741.982601247846,0,0,0.0,0,9.808999585359516,6.175621080738634,7822.442319813243,6440.610711863255,1.214549779480497,2.011325204782313,306.8336009483962,0.0,0.0,0.0,2.49209534047339,12.476635514018692,0.979381443298969,1224.8978267765128,107,0.06500005722045898
ring,50,3000000.0,10,6,exclude,launch,0,0.0,prior,0.0,cluster_patrol,12600.0,43200,263976.78085514857,0,227530.7868823334,36445.993972815166,0,0,0.0,2,9.772675492302225,5.797094267847602,7852.756551981561,6820.35844583256,1.1513700657155088,2.02335657355988,314.17760299446564,0.0,0.0,0.0,1.5567782234193355,2.9395348837209303,0.9468085106382979,1295.9821872078612,430,0.09100079536437988
ring,50,3000000.0,5,7,exclude,launch,0,0.0,prior,0.0,cluster_patrol,12600.0,43200,170982.08093527795,0,157510.02948343175,13472.051451846197,0,0,0.0,0,9.808999585359516,6.112030012392556,7822.442319813243,6508.636766588539,1.2018557188456112,2.0110111276754243,306.64305008505994,0.0,0.0,0.0,2.177142052990102,9.15032679738562,0.979381443298969,1163.7279366972368,153,0.07600164413452148
ring,50,3000000.0,9,6,exclude,launch,0,0.0,prior,0.0,cluster_patrol,12600.0,43200,184155.0319435243,0,162867.7727378213,21287.259205703012,0,0,0.0,0,9.772675492302225,5.815623720669369,7852.756551981561,6820.462788976174,1.1513524514309894,2.0168789990812117,310.21286963172224,0.0,0.0,0.0,1.6464912098586792,3.877384196185286,0.9361702127659575,1161.0676395720714,367,0.13000154495239258
ring,50,3000000.0,8,7,exclude,launch,0,0.0,prior,0.0,cluster_patrol,12600.0,43200,170851.226480683,0,159392.01768586333,11459.208794819655,0,0,0.0,0,9.808999585359516,6.0088714870648765,7822.442319813243,6621.785238537132,1.1813192421718222,2.010582878236434,306.3833261353907,0.0,0.0,0.0,1.826787197407304,5.204778156996587,0.94,1086.3333797051046,293,0.09600067138671875
ring,50,3000000.0,7,7,exclude,launch,0,0.0,prior,0.0,cluster_patrol,12600.0,43200,185310.09828095985,0,170102.9137782399,15207.184502719962,0,0,0.0,0,9.808999585359516,6.082790907398481,7822.442319813243,6541.00303073085,1.195908682974454,2.010679029964133,306.44163048277227,0.0,0.0,0.0,1.890249019477034,5.951807228915663,0.94,1124.7804541886817,249,0.10500049591064453
ring,50,3000000.0,9,7,exclude,launch,0,0.0,prior,0.0,cluster_patrol,12600.0,43200,208123.92994812867,0,190063.66766551847,18060.2622826102,0,0,0.0,0,9.808999585359516,5.911319258270438,7822.442319813243,6715.521333743795,1.1648302389432448,2.0152356556669417,309.2110309612456,0.0,0.0,0.0,1.6541460707493476,3.568306010928962,0.93,1271.1246934085832,366,0.08600020408630371
ring,50,3000000.0,6,7,exclude,launch,0,0.0,prior,0.0,cluster_patrol,12600.0,43200,156193.338710878,0,144727.61373073838,11465.724980139625,0,0,0.0,0,9.808999585359516,6.115882925372591,7822.442319813243,6506.451720050594,1.2022593352544566,2.010419149055851,306.2840570336251,0.0,0.0,0.0,2.0291870277210995,7.791878172588833,0.9690721649484536,1065.0903460453621,197,0.11300134658813477
ring,50,3000000.0,12,7,exclude,launch,0,0.0,prior,0.0,cluster_patrol,12600.0,43200,5513959.846232707,0,5176047.653584644,337912.1926480625,0,35,0.9914165066181979,49,9.808999585359516,7.260668256418542,7822.442319813243,5113.596696584855,1.5297339199701663,2.1547005383792515,400.0,0.0,0.0,0.2111506524317912,1.0649657083799136,0.7876386687797148,0.2755102040816326,3299.760147727204,631,0.06099820137023926
ring,50,3000000.0,11,7,exclude,launch,0,0.0,prior,0.0,cluster_patrol,12600.0,43200,2366895.1778542674,0,2227764.035827855,139131.14202641233,0,13,0.9214460584307417,19,9.808999585359516,5.861425304332418,7822.442319813243,6688.147927986452,1.1695976829520103,2.0407080698714433,324.9219860086632,0.0,0.0,0.0,1.4356660629657745,1.5813953488372092,0.7171717171717171,2023.0775729432467,516,0.07500076293945312
ring,50,3000000.0,10,7,exclude,launch,0,0.0,prior,0.0,cluster_patrol,12600.0,43200,355830.2406018212,0,307272.90084848215,48557.33975333906,0,0,0.0,3,9.808999585359516,5.761535098932612,7822.442319813243,6849.4490737184005,1.1420542346724285,2.02719783659811,316.5406186535513,0.0,0.0,0.0,1.5400062474087342,2.289293849658314,0.9292929292929293,1644.1916403910998,439,0.07600021362304688
ring,50,3000000.0,4,8,exclude,launch,0,0.0,prior,0.0,cluster_patrol,12600.0,43200,177127.09141671166,0,161450.85102824873,15676.24038846293,0,0,0.0,0,9.660334137152487,6.167829014321703,7947.95371783911,6448.589793873754,1.2325103583716508,2.011374360622005,306.8634291970709,0.0,0.0,0.0,2.386346703071023,12.477477477477477,0.956989247311828,1174.7303114826534,111,0.06800055503845215
ring,50,3000000.0,6,8,exclude,launch,0,0.0,prior,0.0,cluster_patrol,12600.0,43200,152644.98457983474,0,140122.7975776446,12522.187002190129,0,0,0.0,0,9.660334137152487,5.933086428595459,7947.95371783911,6707.15955670119,1.1849954739630773,2.0103453709524057,306.2393305814862,0.0,0.0,0.0,2.0534474959922844,8.294416243654823,0.956989247311828,1010.8266693394478,197,0.08699917793273926
ring,50,3000000.0,5,8,exclude,launch,0,0.0,prior,0.0,cluster_patrol,12600.0,43200,163557.35246597245,0,152034.57215105923,11522.780314913227,0,0,0.0,0,9.660334137152487,6.046649793089376,7947.95371783911,6580.204933784706,1.2078580831171353,2.0106466352496,306.42198640240116,0.0,0.0,0.0,2.1871946865648515,9.816993464052288,0.989247311827957,1094.930373213165,153,0.11099863052368164
ring,50,3000000.0,7,8,exclude,launch,0,0.0,prior,0.0,cluster_patrol,12600.0,43200,142559.62801547872,0,131325.98393343113,11233.644082047604,0,0,0.0,0,9.660334137152487,5.9715931794829675,7947.95371783911,6663.509765562301,1.1927578704716464,2.0104660101994383,306.31246733051137,0.0,0.0,0.0,1.9012205421382484,7.092369477911647,0.967741935483871,942.7757502509859,249,0.09599828720092773
ring,50,3000000.0,4,9,exclude,launch,0,0.0,prior,0.0,cluster_patrol,12600.0,43200,174116.99518679344,0,160838.3225348913,13278.672651902121,0,0,0.0,0,9.693409585669638,5.593202851698711,7919.696655027925,7108.248348147971,1.1141558745751157,2.0121799803924945,307.3524938122051,0.0,0.0,0.0,2.5504959070806916,12.447619047619048,0.9523809523809523,1269.412243718787,105,0.06599807739257812
ring,50,3000000.0,11,8,exclude,launch,0,0.0,prior,0.0,cluster_patrol,12600.0,43200,1279887.78851163,0,1188309.8320324798,91577.95647915013,0,7,0.794929813507147,11,9.660334137152487,5.793712580661871,7947.95371783911,6680.109469164446,1.1897939329478155,2.0670427609240143,341.57407609210287,0.0,0.0,0.0,1.4190402797497343,1.6,0.7849462365591398,1974.6234064620623,520,0.07299947738647461
ring,50,3000000.0,12,8,exclude,launch,0,0.0,prior,0.0,cluster_patrol,12600.0,43200,5120784.193910721,0,4826045.811301862,294738.3826088592,0,29,0.9830089165574666,46,9.660334137152487,9.918068692776439,7947.95371783911,3844.9863402292253,2.067095436642118,2.0978192865675167,361.5621557878836,0.0,0.0,0.4047350620067644,0.8060897230099938,0.838855421686747,0.45161290322580644,2954.2460517968348,664,0.08199906349182129
ring,50,3000000.0,10,8,exclude,launch,0,0.0,prior,0.0,cluster_patrol,12600.0,43200,298099.84551269276,0,274945.469917861,23154.375594831796,0,1,0.24599196092804926,3,9.660334137152487,5.839532857432824,7947.95371783911,6775.431253337733,1.1730550308401055,2.0219710698986892,313.3274603129614,0.0,0.0,0.0,1.542711115387125,2.9379310344827587,0.9139784946236559,1295.6919669563672,435,0.09099984169006348
ring,50,3000000.0,5,9,exclude,launch,0,0.0,prior,0.0,cluster_patrol,12600.0,43200,158571.34382494757,0,144326.24307134375,14245.100753603843,0,0,0.0,0,9.693409585669638,5.8889220780795135,7919.696655027925,6754.597529801186,1.1724897923357147,2.0111974159376595,306.7560641997001,0.0,0.0,0.0,2.214198876544925,9.77124183006536,0.9514563106796117,1115.8960935104997,153,0.08199954032897949
ring,50,3000000.0,6,9,exclude,launch,0,0.0,prior,0.0,cluster_patrol,12600.0,43200,148197.72291329037,0,135606.65191567838,12591.070997611989,0,0,0.0,0,9.693409585669638,5.966052109141725,7919.696655027925,6667.406281512344,1.187822718556687,2.0111572311904684,306.73168385663246,0.0,0.0,0.0,1.996623475922411,7.8817733990147785,0.9611650485436893,1033.3405999655433,203,0.0859994888305664
ring,50,3000000.0,7,9,exclude,launch,0,0.0,prior,0.0,cluster_patrol,12600.0,43200,129882.51167083747,0,121519.36804370691,8363.143627130561,0,0,0.0,0,9.693409585669638,5.947240113513191,7919.696655027925,6689.862449893286,1.1838354995107945,2.0107465194310077,306.482557962569,0.0,0.0,0.0,1.909704582305914,7.0242914979757085,0.9611650485436893,958.6563769112902,247,0.10499930381774902
ring,50,3000000.0,8,8,exclude,launch,0,0.0,prior,0.0,cluster_patrol,12600.0,43200,153559.9951124482,0,142498.84118310252,11061.153929345684,0,0,0.0,0,9.660334137152487,5.883080182761211,7947.95371783911,6759.097674985758,1.1758897562988475,2.011854167402627,307.1546568270189,0.0,0.0,0.0,1.774921344342999,5.628289473684211,0.978494623655914,967.9204145078033,304,0.1359996795654297
ring,50,3000000.0,12,9,exclude,launch,0,0.0,prior,0.0,cluster_patrol,12600.0,43200,4384516.465267465,0,4130324.9442157596,254191.52105170614,0,31,0.9766685538002065,43,9.693409585669638,9.918559022792637,7919.696655027925,3837.2412956053286,2.06390373837009,2.101949585096962,364.28786642860996,0.0,0.0,0.4024663677130045,0.8047549845139931,0.695067264573991,0.27722772277227725,3549.9618498445875,669,0.06200003623962402
ring,50,3000000.0,9,8,exclude,launch,0,0.0,prior,0.0,cluster_patrol,12600.0,43200,152407.83561533125,0,141909.00346050746,10498.832154823776,0,0,0.0,0,9.660334137152487,5.856988042808259,7947.95371783911,6782.101758574971,1.1719012779172902,2.0139623526282504,308.4358957642251,0.0,0.0,0.0,1.6721254298523056,4.720994475138122,0.967741935483871,967.9429935648919,362,0.1399991512298584
ring,50,3000000.0,4,10,exclude,launch,0,0.0,prior,0.0,cluster_patrol,12600.0,43200,185090.37584272935,0,168609.47493547955,16480.90090724979,0,0,0.0,0,9.750155059805705,6.12922406282238,7871.664383040849,6488.829031764749,1.213110153543376,2.01149129569791,306.9343923817911,0.0,0.0,0.0,2.471538300001356,12.38888888888889,0.9354838709677419,1226.9663000467178,108,0.06499934196472168
ring,50,3000000.0,9,9,exclude,launch,0,0.0,prior,0.0,cluster_patrol,12600.0,43200,188512.32871294723,0,168012.64431735972,20499.68439558751,0,0,0.0,0,9.693409585669638,5.857326866503848,7919.696655027925,6776.6893412123145,1.1686675094967733,2.015454274408814,309.3442150245391,0.0,0.0,0.0,1.6501084267053363,3.8392370572207084,0.9702970297029703,1175.496537020043,367,0.09499979019165039
ring,50,3000000.0,11,9,exclude,launch,0,0.0,prior,0.0,cluster_patrol,12600.0,43200,1363584.0814800095,0,1251997.0389441792,111587.04253583048,0,9,0.8394325946299611,16,9.693409585669638,6.778150994948196,7919.696655027925,5801.177576304667,1.3651877659074778,2.0345229263459634,321.07130554062456,0.0,0.0,0.12693935119887165,1.2685997078481974,1.9227871939736347,0.6534653465346535,1618.641980903763,531,0.0840001106262207
ring,50,3000000.0,10,9,exclude,launch,0,0.0,prior,0.0,cluster_patrol,12600.0,43200,234898.82411155646,0,204684.12768232057,30214.696429235875,0,0,0.0,2,9.693409585669638,5.772928340893707,7919.696655027925,6848.676447227766,1.1563835313367286,2.023425277406461,314.21978953034744,0.0,0.0,0.0,1.557594166268295,2.9421296296296298,0.9504950495049505,1300.4005080308732,432,0.10000014305114746
ring,50,3000000.0,8,9,exclude,launch,0,0.0,prior,0.0,cluster_patrol,12600.0,43200,142925.50155612646,0,134333.2328985805,8592.268657545965,0,0,0.0,0,9.693409585669638,5.932446856900247,7919.696655027925,6703.489692087732,1.181428930125112,2.0116627984324973,307.03848531968146,0.0,0.0,0.0,1.7865983271695982,5.702970297029703,0.9514563106796117,956.1881978728069,303,0.12600016593933105
ring,50,3000000.0,5,10,exclude,launch,0,0.0,prior,0.0,cluster_patrol,12600.0,43200,160194.57785203864,0,149252.0006637054,10942.57718833323,0,0,0.0,0,9.750155059805705,5.975230352620287,7871.664383040849,6656.817478927641,1.1824966521853488,2.0112621705316016,306.7953532644859,0.0,0.0,0.0,2.195678256568416,9.875816993464053,0.956989247311828,1094.234308381872,153,0.0819997787475586
ring,50,3000000.0,6,10,exclude,launch,0,0.0,prior,0.0,cluster_patrol,12600.0,43200,151122.52465924463,0,140990.54449031228,10131.98016893233,0,0,0.0,0,9.750155059805705,5.955782078935026,7871.664383040849,6679.283707223494,1.178519243691928,2.011042725923755,306.66221809300123,0.0,0.0,0.0,2.02523472370169,8.104477611940299,0.9354838709677419,1017.3821206526557,201,0.10043811798095703
ring,50,3000000.0,7,10,exclude,launch,0,0.0,prior,0.0,cluster_patrol,12600.0,43200,145085.24749026535,0,133395.52562587612,11689.721864389214,0,0,0.0,0,9.750155059805705,5.950375461153409,7871.664383040849,6685.34800787357,1.1774502051007834,2.011044114546953,306.6630604680096,0.0,0.0,0.0,1.9021479077332644,7.008032128514056,0.956989247311828,948.9452862577932,249,0.11443519592285156
ring,50,3000000.0,11,10,exclude,launch,0,0.0,prior,0.0,cluster_patrol,12600.0,43200,1911621.141340207,0,1773481.2692465754,138139.87209363165,0,9,0.8926980236861651,17,9.750155059805705,5.940323960158067,7871.664383040849,6614.490600235272,1.1900635829402888,2.036026625997684,322.0053509328435,0.0,0.0,0.0014492753623188406,1.4343067444551434,1.8535645472061657,0.717391304347826,1718.395586880009,519,0.08643460273742676
ring,50,3000000.0,8,10,exclude,launch,0,0.0,prior,0.0,cluster_patrol,12600.0,43200,181137.17243244074,0,165198.85638648763,15938.316045953094,0,0,0.0,0,9.750155059805705,5.984838285739891,7871.664383040849,6641.675573430735,1.1851925460693298,2.0126113116238753,307.6145005285875,0.0,0.0,0.0,1.7391236257171188,5.087096774193548,0.9354838709677419,1044.7141157619326,310,0.10543465614318848
ring,50,3000000.0,12,10,exclude,launch,0,0.0,prior,0.0,cluster_patrol,12600.0,43200,3909579.435264878,0,3696463.6232840647,213115.81198081304,0,26,0.9763671641598481,43,9.750155059805705,5.878894796796483,7871.664383040849,6456.513579295157,1.2191818829722312,2.1076390168963233,368.059257525316,0.0,0.0,0.0,1.3495219988415503,1.2938230383973288,0.5217391304347826,2131.9012122904396,599,0.0874338150024414
ring,50,3000000.0,4,11,exclude,launch,0,0.0,prior,0.0,cluster_patrol,12600.0,43200,194042.91160844013,0,176917.48203241345,17125.429576026694,0,0,0.0,0,9.963576159691117,6.079537874336569,7695.912262605395,6542.430765484911,1.1763077881092396,2.0113158829444764,306.82794452872963,0.0,0.0,0.0,2.3846007444848385,12.178571428571429,0.9489795918367347,1206.927324607997,112,0.08443546295166016
ring,50,3000000.0,10,10,exclude,launch,0,0.0,prior,0.0,cluster_patrol,12600.0,43200,487931.6507868797,0,449773.78793136386,38157.86285551583,0,1,0.5378174073333598,2,9.750155059805705,5.92244376704543,7871.664383040849,6688.612641145512,1.176875505484905,2.019542494398324,311.840069365187,0.0,0.0,0.0,1.548416000426036,2.824884792626728,0.8913043478260869,1339.3617286849346,434,0.10343432426452637
ring,50,3000000.0,9,10,exclude,launch,0,0.0,prior,0.0,cluster_patrol,12600.0,43200,187634.80428362012,0,170050.46820078767,17584.336082832448,0,0,0.0,0,9.750155059805705,5.984927785773845,7871.664383040849,6640.8837830427865,1.185333856186553,2.0128211739513846,307.7420191212785,0.0,0.0,0.0,1.6816740667080665,4.196675900277008,0.946236559139785,1086.2461662446774,361,0.1281445026397705
ring,50,3000000.0,5,11,exclude,launch,0,0.0,prior,0.0,cluster_patrol,12600.0,43200,176316.09855114017,0,164509.34429883465,11806.754252305513,0,0,0.0,0,9.963576159691117,5.92496696928633,7695.912262605395,6715.87004245826,1.1459293008874845,2.010489317290868,306.32659810768916,0.0,0.0,0.0,2.220128763230331,9.730263157894736,0.9489795918367347,1124.5231358667108,152,0.0981438159942627
ring,50,3000000.0,6,11,exclude,launch,0,0.0,prior,0.0,cluster_patrol,12600.0,43200,155933.3192112972,0,145742.2074060251,10191.111805272129,0,0,0.0,0,9.963576159691117,5.860853262237976,7695.912262605395,6787.255725063753,1.1338768678165736,2.0111058363500787,306.70050369035755,0.0,0.0,0.0,1.9912791641185676,8.217821782178218,0.9587628865979382,987.1381210420179,202,0.09914541244506836
ring,50,3000000.0,7,11,exclude,launch,0,0.0,prior,0.0,cluster_patrol,12600.0,43200,145178.9601014755,0,136315.87799633393,8863.082105141571,0,0,0.0,0,9.963576159691117,5.945072625557244,7695.912262605395,6690.351114240289,1.1503002056535998,2.0113326898844086,306.83814288864994,0.0,0.0,0.0,1.840221654823037,6.9609375,0.9693877551020408,929.3357720461083,256,0.1151435375213623
ring,50,3000000.0,12,11,exclude,launch,0,0.0,prior,0.0,cluster_patrol,12600.0,43200,5211194.165813977,0,4888912.949066814,322281.21674716374,0,28,0.9778400815934245,42,9.963576159691117,8.453392558090826,7695.912262605395,4460.2614707738385,1.7254397108854211,2.1217715948548452,377.5114533069548,0.0,0.0,0.3086705202312139,0.9318957736745053,0.7789799072642968,0.4166666666666667,3240.5569297706734,647,0.06370902061462402
ring,50,3000000.0,8,11,exclude,launch,0,0.0,prior,0.0,cluster_patrol,12600.0,43200,159698.09001392912,0,148801.63669932052,10896.453314608614,0,0,0.0,0,9.963576159691117,5.964283347160681,7695.912262605395,6665.988351243318,1.1545043071024839,2.0121815804941736,307.353465567505,0.0,0.0,0.0,1.7284537231204986,5.543408360128617,0.9690721649484536,958.4641385278468,311,0.12214541435241699
ring,50,3000000.0,4,12,exclude,launch,0,0.0,prior,0.0,cluster_patrol,12600.0,43200,207662.4238335153,0,190245.01229362295,17417.41153989237,0,0,0.0,0,9.862946229994707,6.0852812045087905,7777.833262780507,6535.065864059524,1.1901690701475176,2.0116821666083733,307.05024187002374,0.0,0.0,0.0,2.512571724578753,12.50925925925926,0.8846153846153846,1242.412489867518,108,0.06570935249328613
ring,50,3000000.0,11,11,exclude,launch,0,0.0,prior,0.0,cluster_patrol,12600.0,43200,2283117.522744534,0,2159333.641730332,123783.88101420212,0,12,0.8866373624174065,19,9.963576159691117,5.9202346136822355,7695.912262605395,6637.9249551579405,1.1593852468346082,2.0357232231704776,321.81677850439297,0.0,0.0,0.0,1.4277483300077243,1.7659574468085106,0.7216494845360825,1807.324831971118,517,0.07970857620239258
ring,50,3000000.0,5,12,exclude,launch,0,0.0,prior,0.0,cluster_patrol,12600.0,43200,188818.0839470814,0,174814.97960334335,14003.104343738067,0,0,0.0,0,9.862946229994707,5.90179649771286,7777.833262780507,6740.234092089421,1.15394111784765,2.011086619852196,306.68884585324184,0.0,0.0,0.0,2.2817166488991187,9.89795918367347,0.9038461538461539,1136.6694156889298,147,0.07470822334289551
ring,50,3000000.0,9,11,exclude,launch,0,0.0,prior,0.0,cluster_patrol,12600.0,43200,181496.42376993055,0,168418.60411107034,13077.819658860211,0,0,0.0,0,9.963576159691117,5.921947702184346,7695.912262605395,6700.5758278831945,1.1485449102120886,2.016105679004572,309.7412252716028,0.0,0.0,0.0,1.6061388465574566,4.301587301587301,0.9690721649484536,1018.6196333900789,378,0.12670493125915527
ring,50,3000000.0,7,12,exclude,launch,0,0.0,prior,0.0,cluster_patrol,12600.0,43200,170605.99348806508,0,155460.35601439184,15145.637473673232,0,0,0.0,0,9.862946229994707,5.864790587680991,7777.833262780507,6782.39700481221,1.146767618772835,2.0111954140125583,306.7548495960087,0.0,0.0,0.0,1.9402332699871019,6.8765432098765435,0.9326923076923077,991.2344367831823,243,0.09199833869934082
ring,50,3000000.0,8,12,exclude,launch,0,0.0,prior,0.0,cluster_patrol,12600.0,43200,153034.2528229697,0,141271.9084522943,11762.344370675397,0,0,0.0,0,9.862946229994707,5.957285546721194,7777.833262780507,6676.851530005019,1.1648953444340944,2.011267567550467,306.7986279538318,0.0,0.0,0.0,1.8186673678992575,6.142372881355932,0.9326923076923077,907.4769615106884,295,0.10700058937072754
ring,50,3000000.0,12,12,exclude,launch,0,0.0,prior,0.0,cluster_patrol,12600.0,43200,5280947.142992528,0,4989802.823574594,291144.3194179341,0,28,0.9767007609417444,45,9.862946229994707,7.399655403124489,7777.833262780507,5084.010810265377,1.5298616688768443,2.1265325087475695,380.722647979528,0.0,0.0,0.21208530805687204,1.0626795190972045,0.865506329113924,0.4519230769230769,3007.613186806137,632,0.06599855422973633
ring,50,3000000.0,11,12,exclude,launch,0,0.0,prior,0.0,cluster_patrol,12600.0,43200,1858444.6683524854,0,1675063.6437240844,183381.02462840115,0,10,0.7939258644469398,17,9.862946229994707,6.7606319774322765,7777.833262780507,5796.236980649691,1.3418763395537878,2.041533723556153,325.43774919142334,0.0,0.0,0.12447552447552447,1.2577494678479215,1.5084112149532711,0.6442307692307693,2039.5038183115132,535,0.07300066947937012
ring,50,3000000.0,9,12,exclude,launch,0,0.0,prior,0.0,cluster_patrol,12600.0,43200,203229.99412058233,0,180988.65275955218,22241.34136103015,0,0,0.0,0,9.862946229994707,5.914312642246249,7777.833262780507,6713.895296738714,1.1584680604951647,2.014703516182153,308.88696772572735,0.0,0.0,0.0,1.662731247887293,4.331506849315068,0.9134615384615384,1048.2101813685342,365,0.10599780082702637
ring,50,3000000.0,10,11,exclude,launch,0,0.0,prior,0.0,cluster_patrol,12600.0,43200,255572.74890257133,0,222921.74897557695,32650.99992699437,0,0,0.0,1,9.963576159691117,5.848052290161368,7695.912262605395,6761.031172075983,1.138274926817466,2.0233257168073777,314.15865680379994,0.0,0.0,0.0,1.5304652906244687,3.1977272727272728,0.9381443298969072,1170.5842760406483,440,0.15870904922485352
ring,50,3000000.0,10,12,exclude,launch,0,0.0,prior,0.0,cluster_patrol,12600.0,43200,327512.54109158274,0,274618.8293447729,52893.71174680985,0,0,0.0,2,9.862946229994707,5.797190713394209,7777.833262780507,6815.1903121250925,1.1412496066240072,2.02485724947188,315.0997145385202,0.0,0.0,0.0,1.547122141415056,2.574370709382151,0.8942307692307693,1465.3285797106528,437,0.09600090980529785
ring,50,3000000.0,6,12,exclude,launch,0,0.0,prior,0.0,cluster_patrol,12600.0,43200,174139.34151420317,0,158928.47550948508,15210.86600471808,0,0,0.0,0,9.862946229994707,5.8972665772525765,7777.833262780507,6745.001495288053,1.153125506082389,2.0112088752526693,306.76301681693064,0.0,0.0,0.0,2.056985811818088,8.233502538071066,0.9326923076923077,1015.8183431016307,197,0.14770889282226562
core,50,1500000.0,2,1,exclude,launch,0,0.0,prior,0.0,cluster_patrol,12600.0,43200,127887.53073607793,0,119255.37435774277,8632.156378335158,0,0,0.0,0,4.789315478557101,34.12365397500877,8018.590898655449,583.1096037946404,13.751429999563918,2.0102694262452943,306.1932940817986,0.0,0.0,0.0,1.868671226900896,26.041095890410958,0.9719626168224299,871.7209765748489,73,0.10199999809265137
core,50,1500000.0,2,2,exclude,launch,0,0.0,prior,0.0,cluster_patrol,12600.0,43200,177600.55765263631,0,163340.5824158017,14259.975236834594,0,0,0.0,0,4.789315478557101,3.8421533974195357,8018.590898655449,5149.03006493983,1.5573012387817844,2.021900891032748,313.2844293280573,0.0,0.0,0.0,2.126323768785957,19.0,0.9444444444444444,1356.3930611512167,64,0.05699920654296875
core,50,1500000.0,3,1,exclude,launch,0,0.0,prior,0.0,cluster_patrol,12600.0,43200,93367.0522649115,0,87730.65138254609,5636.400882365407,0,0,0.0,0,4.789315478557101,7.341800049296153,8018.590898655449,2710.1421371597035,2.958734447433496,2.010320818597825,306.2244469476537,0.0,0.0,0.0,1.491364023053011,17.525925925925925,0.9813084112149533,691.235280218349,135,0.11700010299682617
core,50,1500000.0,4,1,exclude,launch,0,0.0,prior,0.0,cluster_patrol,12600.0,43200,67616.31686068373,0,64322.457983573826,3293.8588771099076,0,0,0.0,0,4.789315478557101,11.164693081041886,8018.590898655449,1784.7593992794712,4.492813374112304,2.0073981739852176,304.4553242846251,0.0,0.0,0.0,1.0643176982714737,13.19047619047619,0.9626168224299065,493.5108514558572,252,0.15400004386901855
core,50,1500000.0,2,3,exclude,launch,0,0.0,prior,0.0,cluster_patrol,12600.0,43200,137176.70340212446,0,129183.17525415539,7993.528147969067,0,0,0.0,0,5.810765870883612,42.87180047576383,6550.440834961872,464.09181634819157,14.114536400373217,2.010408714917758,306.27773135452645,0.0,0.0,0.0,1.706010521151086,25.265822784810126,0.9714285714285714,820.3709223733026,79,0.08800148963928223
core,50,1500000.0,4,2,exclude,launch,0,0.0,prior,0.0,cluster_patrol,12600.0,43200,66624.93650714985,0,64244.041321516306,2380.8951856335384,0,0,0.0,0,4.789315478557101,10.311609008426096,8018.590898655449,1931.542617102709,4.151392171032311,2.0083031031781893,305.00254436362997,0.0,0.0,0.0,1.1351742880542774,12.919148936170213,0.9809523809523809,538.8374835744182,235,0.14951157569885254
core,50,1500000.0,3,2,exclude,launch,0,0.0,prior,0.0,cluster_patrol,12600.0,43200,87842.43736502476,0,83543.40280818357,4299.034556841181,0,0,0.0,0,4.789315478557101,7.097078964472004,8018.590898655449,2801.479456597835,2.8622701050941717,2.0118375595734213,307.14457408904894,0.0,0.0,0.0,1.4715903464980364,17.125,0.9619047619047619,696.0541733809822,136,0.16451168060302734
core,50,1500000.0,5,1,exclude,launch,0,0.0,prior,0.0,cluster_patrol,12600.0,43200,281905.45358132315,0,255761.8661877634,26143.58739355977,0,1,0.8208451068843168,1,4.789315478557101,34.53294692162636,8018.590898655449,577.4742295458595,13.885625519534392,2.005828243107197,303.50713638963333,0.0,0.0,0.16393442622950818,0.6519461835129766,9.990243902439024,0.9523809523809523,391.75905058443215,410,0.2345125675201416
core,50,1500000.0,3,3,exclude,launch,0,0.0,prior,0.0,cluster_patrol,12600.0,43200,103006.70359802802,0,96056.89085183137,6949.812746196656,0,0,0.0,0,5.810765870883612,7.852888037222794,6550.440834961872,2533.368104855065,2.58566483978712,2.01063059760091,306.4122614421517,0.0,0.0,0.0,1.3581454483490552,16.630872483221477,0.9714285714285714,664.3612887942927,149,0.11351203918457031
core,50,1500000.0,5,2,exclude,launch,0,0.0,prior,0.0,cluster_patrol,12600.0,43200,119238.24412371778,0,115078.87383524148,4159.370288476295,0,1,0.6153041553577988,1,4.789315478557101,27.194585414618228,8018.590898655449,732.9133407513456,10.940708065751943,2.0068962527818837,304.15201915985955,0.0,0.0,0.16453382084095064,0.6544040786429685,10.136585365853659,0.9714285714285714,387.7408953375901,410,0.20451092720031738
core,50,1500000.0,6,2,exclude,launch,0,0.0,prior,0.0,cluster_patrol,12600.0,43200,114866.45564989866,0,110872.2928479442,3994.162801954469,0,1,0.6387180963295784,1,4.789315478557101,18.511603645910448,8018.590898655449,1076.86334281007,7.4462474298094055,2.006574804917635,303.9578513684924,0.0,0.0,0.1267605633802817,0.6298336686514767,8.806390977443609,0.9714285714285714,344.535168870448,532,0.24351239204406738
core,50,1500000.0,7,1,exclude,launch,0,0.0,prior,0.0,cluster_patrol,12600.0,43200,270480.8902636891,0,245087.08609437358,25393.804169315557,0,1,0.8555159366365652,1,4.789315478557101,17.427001732859974,8018.590898655449,1144.4850337313446,7.00628724913298,2.0055209317823923,303.3217032757593,0.0,0.0,0.09345794392523364,0.5585178340518078,7.391424619640388,0.9345794392523364,305.6829896591801,723,0.28751468658447266
core,50,1500000.0,8,1,exclude,launch,0,0.0,prior,0.0,cluster_patrol,12600.0,43200,268267.77216022636,0,243015.92829173972,25251.84386848668,0,1,0.8625736528576571,1,4.789315478557101,14.721052280752584,8018.590898655449,1354.7743514676724,5.9187649145916,2.005645485238049,303.39685259390143,0.0,0.0,0.07785467128027682,0.5420806524108172,6.417050691244239,0.9433962264150944,292.23980767170315,868,0.30051159858703613
core,50,1500000.0,4,3,exclude,launch,0,0.0,prior,0.0,cluster_patrol,12600.0,43200,73136.17963590882,0,70160.2597472832,2975.9198886256363,0,0,0.0,0,5.810765870883612,10.136500535215887,6550.440834961872,1965.0575524672079,3.3334600438229063,2.008152402697815,304.9113801196132,0.0,0.0,0.0,1.0287622119049689,13.218390804597702,0.9809523809523809,474.39028041853277,261,0.15951251983642578
core,50,1500000.0,6,1,exclude,launch,0,0.0,prior,0.0,cluster_patrol,12600.0,43200,272957.9708480407,0,247396.57935881737,25561.391489223308,0,1,0.8477521702601448,1,4.789315478557101,23.949972710257626,8018.590898655449,832.812601648534,9.628325607444971,2.0054307986277875,303.26732724879315,0.0,0.0,0.11597938144329897,0.577766682071382,8.701543739279588,0.9433962264150944,321.27498442645003,583,0.34751296043395996
core,50,1500000.0,2,4,exclude,launch,0,0.0,prior,0.0,cluster_patrol,12600.0,43200,156640.7456704884,0,145271.69766070147,11369.048009786939,0,0,0.0,0,5.258009724989983,58.206076921842296,7274.107902442663,341.8007425172996,21.281720598001616,2.0105675115861468,306.3740086420252,0.0,0.0,0.0,1.8431241250655703,25.0,0.9464285714285714,898.6802739771135,73,0.0820002555847168
core,50,1500000.0,5,3,exclude,launch,0,0.0,prior,0.0,cluster_patrol,12600.0,43200,57432.180567024814,0,55242.11867543105,2190.0618915937607,0,0,0.0,0,5.810765870883612,12.678199046662542,6550.440834961872,1572.3105954426032,4.16612395410204,2.006615138678951,303.9822112252932,0.0,0.0,0.0,0.8077200898052974,10.793764988009592,0.9904761904761905,363.4253865710485,417,0.21300005912780762
core,50,1500000.0,7,2,exclude,launch,0,0.0,prior,0.0,cluster_patrol,12600.0,43200,108281.12321628479,0,104640.10479554771,3641.0184207370903,0,1,0.6776003492463657,1,4.789315478557101,19.481745106517145,8018.590898655449,1023.4982573580178,7.834493943696634,2.0060651205535556,303.6501080383321,0.0,0.0,0.08522727272727272,0.5086828340936519,7.452830188679245,0.9714285714285714,275.8999845157865,795,0.33451294898986816
core,50,1500000.0,8,2,exclude,launch,0,0.0,prior,0.0,cluster_patrol,12600.0,43200,105602.01826498118,0,102087.35192514233,3514.6663398388487,0,1,0.6947943504103714,1,4.789315478557101,17.33644776025814,8018.590898655449,1150.277313174019,6.9710067362185395,2.0058447759669136,303.51711400197917,0.0,0.0,0.07131537242472266,0.4954369101752742,6.535374868004224,0.9714285714285714,262.9421720920205,947,0.335512638092041
core,50,1500000.0,3,4,exclude,launch,0,0.0,prior,0.0,cluster_patrol,12600.0,43200,120727.18502701109,0,112452.85042210176,8274.334604909323,0,0,0.0,0,5.258009724989983,7.268628909622834,7274.107902442663,2736.5322401725684,2.658148073557485,2.0109761741076317,306.62184738399117,0.0,0.0,0.0,1.4937264425736627,16.748148148148147,0.9545454545454546,731.253785761147,135,0.10499715805053711
core,50,1500000.0,4,4,exclude,launch,0,0.0,prior,0.0,cluster_patrol,12600.0,43200,78934.8919876006,0,76318.27359459436,2616.618393006244,0,0,0.0,0,5.258009724989983,11.769442047201967,7274.107902442663,1692.9354849673214,4.296742532148574,2.0075376937511216,304.5396612987985,0.0,0.0,0.0,1.0895229682919654,13.643724696356275,0.9724770642201835,486.5013555269974,247,0.1549999713897705
core,50,1500000.0,2,5,exclude,launch,0,0.0,prior,0.0,cluster_patrol,12600.0,43200,142149.95075747283,0,131760.57471366404,10389.376043808781,0,0,0.0,0,5.537141230626804,60.75511108896206,6890.610997136995,327.4743966324786,21.041678580051748,2.010480297417273,306.32112944055007,0.0,0.0,0.0,1.8042007205369028,24.736842105263158,0.976,889.6437430368123,76,0.08299970626831055
core,50,1500000.0,7,3,exclude,launch,0,0.0,prior,0.0,cluster_patrol,12600.0,43200,212148.28863116849,0,210963.72929707085,1184.559334097623,0,1,0.7886637174067572,1,5.810765870883612,18.45981922245339,6550.440834961872,1080.5608018449425,6.062075196303337,2.005318399083235,303.1995250605835,0.0,0.0,0.09453781512605042,0.5647255970952625,7.317482517482517,0.9809523809523809,312.3573931787323,715,0.2690002918243408
core,50,1500000.0,3,5,exclude,launch,0,0.0,prior,0.0,cluster_patrol,12600.0,43200,101931.35016768935,0,96632.27939750567,5299.070770183686,0,0,0.0,0,5.537141230626804,7.934342200745741,6890.610997136995,2507.4009516755686,2.748108950238832,2.010598145811274,306.39258369515545,0.0,0.0,0.0,1.4139964295147087,16.711267605633804,0.9758064516129032,689.5823269410159,142,0.11200308799743652
core,50,1500000.0,5,4,exclude,launch,0,0.0,prior,0.0,cluster_patrol,12600.0,43200,63180.41530247509,0,60927.91125815416,2252.504044320929,0,0,0.0,0,5.258009724989983,12.230683030889118,7274.107902442663,1629.8245741394646,4.463123220659093,2.006635163685754,303.9943058305936,0.0,0.0,0.0,0.8783068442819671,11.031331592689295,0.981651376146789,387.34269521217993,383,0.20799922943115234
core,50,1500000.0,8,3,exclude,launch,0,0.0,prior,0.0,cluster_patrol,12600.0,43200,208542.044885222,0,207602.89768666914,939.1471985528708,0,1,0.8023017998381393,1,5.810765870883612,17.226399524524286,6550.440834961872,1157.9923671533293,5.6567219446054695,2.005209618513652,303.13391314570856,0.0,0.0,0.07311129163281885,0.5087375921021701,6.304864864864865,0.9809523809523809,279.54310131602574,925,0.31654977798461914
core,50,1500000.0,4,5,exclude,launch,0,0.0,prior,0.0,cluster_patrol,12600.0,43200,66939.00089315425,0,64640.15256618892,2298.8483269653248,0,0,0.0,0,5.537141230626804,12.19486071127707,6890.610997136995,1633.8279867434935,4.217464171899268,2.0075982852624907,304.57629133917334,0.0,0.0,0.0,1.0120179197028172,13.387218045112782,0.9838709677419355,461.33269065633493,266,0.1665496826171875
core,50,1500000.0,9,3,exclude,launch,0,0.0,prior,0.0,cluster_patrol,12600.0,43200,207070.9603558933,0,206177.50290667854,893.4574492147661,0,1,0.8080015549538048,1,5.810765870883612,14.817366241124919,6550.440834961872,1346.1428559158603,4.866081490664095,2.0053852908404695,303.2398749115125,0.0,0.0,0.0635593220338983,0.5052008720962868,5.581766917293233,0.9809523809523809,274.95824944099195,1064,0.334550142288208
core,50,1500000.0,6,3,exclude,launch,0,0.0,prior,0.0,cluster_patrol,12600.0,43200,48708.19111642004,0,47392.72505731165,1315.4660591083984,0,0,0.0,1,5.810765870883612,12.79427101018205,6550.440834961872,1558.5125345603087,4.203008118128416,2.0060148610445396,303.61977019273934,0.0,0.0,0.0,0.7121798183602066,8.984070796460177,0.9809523809523809,321.68550566759137,565,0.43255019187927246
core,50,1500000.0,2,6,exclude,launch,0,0.0,prior,0.0,cluster_patrol,12600.0,43200,160157.8426409051,0,147632.53093900555,12525.311701899558,0,0,0.0,0,4.998140959091332,15.73600211405526,7669.642238462474,1263.360327649368,6.070827198391416,2.0120480646669123,307.2723855588128,0.0,0.0,0.0,2.136385807357684,22.285714285714285,0.9368421052631579,1171.3639786106476,63,0.06500029563903809
core,50,1500000.0,7,4,exclude,launch,0,0.0,prior,0.0,cluster_patrol,12600.0,43200,195996.74231707462,0,187341.93554161963,8654.806775454981,0,1,0.7560542929971329,1,5.258009724989983,20.045456878173226,7274.107902442663,995.106847574297,7.309876241103407,2.0052767451623885,303.17440030928583,0.0,0.0,0.09365244536940687,0.5586288087223686,7.445983379501385,0.981651376146789,303.21847490131853,722,0.2835500240325928
core,50,1500000.0,5,5,exclude,launch,0,0.0,prior,0.0,cluster_patrol,12600.0,43200,56414.80745539019,0,54685.47362132142,1729.3338340687694,0,0,0.0,0,5.537141230626804,11.874241594631776,6890.610997136995,1678.656183291132,4.104837587186813,2.006745768741572,304.06111286371794,0.0,0.0,0.0,0.8676369992845502,10.842783505154639,0.9758064516129032,390.4815497596223,388,0.20055007934570312
core,50,1500000.0,3,6,exclude,launch,0,0.0,prior,0.0,cluster_patrol,12600.0,43200,98854.95902936716,0,94437.25063048808,4417.708398879076,0,0,0.0,0,4.998140959091332,7.05211874050633,7669.642238462474,2819.4083067748784,2.7203020648101086,2.01178886574701,307.11501265488647,0.0,0.0,0.0,1.4579905910264668,16.364963503649633,0.9782608695652174,720.9426162819414,137,0.10400032997131348
core,50,1500000.0,6,4,exclude,launch,0,0.0,prior,0.0,cluster_patrol,12600.0,43200,205728.3938726479,0,196918.28552721872,8810.10834542919,0,1,0.7202903578492299,1,5.258009724989983,22.126209293949344,7274.107902442663,901.2431297082027,8.07119373525523,2.0059079895024396,303.5552650034521,0.0,0.0,0.11597938144329897,0.5773233129096939,8.283505154639176,0.963302752293578,338.64852215565776,582,0.3605489730834961
core,50,1500000.0,8,4,exclude,launch,0,0.0,prior,0.0,cluster_patrol,12600.0,43200,192966.37659988384,0,184820.63301171185,8145.743588171991,0,1,0.7679274547893777,1,5.258009724989983,20.184391863705347,7274.107902442663,988.5711552767755,7.358203669624664,2.0046399814715627,302.79044771135443,0.0,0.0,0.07646559048428207,0.532083849689955,6.406108597285068,0.9724770642201835,288.1313320056695,884,0.31854987144470215
core,50,1500000.0,4,6,exclude,launch,0,0.0,prior,0.0,cluster_patrol,12600.0,43200,64816.883834033346,0,62903.93224223682,1912.9515917965207,0,0,0.0,0,4.998140959091332,11.095852648832581,7669.642238462474,1795.206645919593,4.272289352256551,2.008097813340226,304.87836037840356,0.0,0.0,0.0,1.0861045493313353,13.582995951417004,0.978494623655914,486.45366198137464,247,0.17299866676330566
core,50,1500000.0,2,7,exclude,launch,0,0.0,prior,0.0,cluster_patrol,12600.0,43200,136488.97444494034,0,126117.94535249454,10371.029092445779,0,0,0.0,0,5.781865362986433,55.659070016813786,6584.84920617487,357.36942388722264,18.4258886352093,2.010974917126915,306.6210849179316,0.0,0.0,0.0,1.7966805001266504,24.4,0.95,896.6524187141712,75,0.08199810981750488
core,50,1500000.0,6,5,exclude,launch,0,0.0,prior,0.0,cluster_patrol,12600.0,43200,96938.0895962292,0,88672.13095148127,8265.958644747929,0,1,0.5193337555342279,1,5.537141230626804,29.397277397447343,6890.610997136995,678.5456348380746,10.154970636251079,2.0052744478970865,303.1730146784375,0.0,0.0,0.11207970112079702,0.5584816961909385,8.734660033167495,0.959349593495935,309.12679585404317,603,0.28354930877685547
core,50,1500000.0,7,5,exclude,launch,0,0.0,prior,0.0,cluster_patrol,12600.0,43200,93397.34230338233,0,85526.69838459519,7870.643918787135,0,1,0.5390219987287598,1,5.537141230626804,21.334043785776984,6890.610997136995,935.0473772603095,7.369264023098484,2.005179208633975,303.1155724410073,0.0,0.0,0.08902077151335312,0.531273334725073,7.3649538866930175,0.959349593495935,291.89039910215973,759,0.30954861640930176
core,50,1500000.0,3,7,exclude,launch,0,0.0,prior,0.0,cluster_patrol,12600.0,43200,87963.66101215212,0,83925.78559883582,4037.875413316292,0,0,0.0,0,5.781865362986433,8.580793155653707,6584.84920617487,2317.8485244740987,2.840931638390356,2.0111640971334097,306.7358493994869,0.0,0.0,0.0,1.2913485931339743,16.916666666666668,0.9595959595959596,623.4232932361795,156,0.12199950218200684
core,50,1500000.0,8,5,exclude,launch,0,0.0,prior,0.0,cluster_patrol,12600.0,43200,91773.17034166899,0,83790.37184782146,7982.798493847527,0,1,0.5485614361680762,1,5.537141230626804,17.755425155639912,6890.610997136995,1123.381537073094,6.133811861542683,2.0054028759385965,303.2504828836803,0.0,0.0,0.07003891050583658,0.48751335938191426,6.0310880829015545,0.959349593495935,279.96222598688826,965,0.3290555477142334
core,50,1500000.0,5,6,exclude,launch,0,0.0,prior,0.0,cluster_patrol,12600.0,43200,56668.50767280184,0,55007.17624790389,1661.331424897957,0,0,0.0,1,4.998140959091332,14.100356632473412,7669.642238462474,1413.643167622195,5.4254442805132514,2.0067353247163364,304.0548042095122,0.0,0.0,0.0,0.8028446219596475,9.990453460620525,0.967741935483871,390.71826744256373,419,0.24350905418395996
core,50,1500000.0,6,6,exclude,launch,0,0.0,prior,0.0,cluster_patrol,12600.0,43200,289357.9551505132,0,276932.5914114698,12425.36373904348,0,1,0.8426114904565775,1,4.998140959091332,20.139176981764983,7669.642238462474,989.8673920151953,7.748151217354919,2.006509659466916,303.91850838006235,0.0,0.0,0.11523687580025609,0.5745152786936895,8.114529914529914,0.967741935483871,343.19380438965857,585,0.24550962448120117
core,50,1500000.0,4,7,exclude,launch,0,0.0,prior,0.0,cluster_patrol,12600.0,43200,65329.59322190854,0,63259.372415650614,2070.2208062579257,0,0,0.0,0,5.781865362986433,12.89134685538588,6584.84920617487,1545.4223797675895,4.26087346241559,2.007772495342988,304.68162071094997,0.0,0.0,0.0,0.9811439565920701,13.283636363636363,0.9595959595959596,450.06279823889224,275,0.17050862312316895
core,50,1500000.0,2,8,exclude,launch,0,0.0,prior,0.0,cluster_patrol,12600.0,43200,147999.30997153607,0,137514.81054576492,10484.499425771146,0,0,0.0,0,5.526537023394481,44.16175422583286,6904.472155108215,450.495315118477,15.326401681430115,2.0105894341416217,306.3873013196051,0.0,0.0,0.0,1.7613562992876224,23.805194805194805,0.978494623655914,907.8296255342894,77,0.08350586891174316
core,50,1500000.0,7,6,exclude,launch,0,0.0,prior,0.0,cluster_patrol,12600.0,43200,283194.32582009427,0,271120.0211963234,12074.304623770906,0,1,0.8609506463760602,1,4.998140959091332,18.51857532534289,7669.642238462474,1076.8221035114618,7.122478460882408,2.0058962079518077,303.548154351548,0.0,0.0,0.09137055837563451,0.5455196985607879,7.451962110960758,0.967391304347826,295.6294349790806,739,0.29601502418518066
core,50,1500000.0,5,7,exclude,launch,0,0.0,prior,0.0,cluster_patrol,12600.0,43200,54003.398447056796,0,52730.16160016209,1273.2368468947022,0,0,0.0,0,5.781865362986433,12.341796832116419,6584.84920617487,1614.9282330040032,4.0774872044475226,2.0069121919010233,304.161648659677,0.0,0.0,0.0,0.8568333703024428,10.801526717557252,0.9696969696969697,387.888438680702,393,0.20801568031311035
core,50,1500000.0,9,5,exclude,launch,0,0.0,prior,0.0,cluster_patrol,12600.0,43200,87035.77995494554,0,79271.27276648021,7764.507188465327,0,1,0.5784198423956635,1,5.537141230626804,16.590608365253754,6890.610997136995,1202.3188940832706,5.731100984145195,2.005293784900675,303.1846781879776,0.0,0.0,0.0587467362924282,0.46715318060378047,5.601216333622936,0.959349593495935,252.2812456555061,1151,0.4332609176635742
core,50,1500000.0,3,8,exclude,launch,0,0.0,prior,0.0,cluster_patrol,12600.0,43200,106097.92578533928,0,100967.35668803,5130.569097309281,0,0,0.0,0,5.526537023394481,7.722124478306629,6904.472155108215,2576.2058690038057,2.680093325685229,2.0106784718623256,306.44129204578957,0.0,0.0,0.0,1.4290974410110169,16.307142857142857,0.978494623655914,709.9193112746035,140,0.11120128631591797
core,50,1500000.0,8,6,exclude,launch,0,0.0,prior,0.0,cluster_patrol,12600.0,43200,276912.80764465843,0,265158.3564376256,11754.45120703285,0,1,0.8804805380389377,1,4.998140959091332,18.839819570974015,7669.642238462474,1058.7906826273586,7.24377571913504,2.005271314443272,303.1711246927513,0.0,0.0,0.07275666936135812,0.5066933622553819,6.765591397849462,0.967741935483871,260.30586969089404,930,0.34771013259887695
core,50,1500000.0,6,7,exclude,launch,0,0.0,prior,0.0,cluster_patrol,12600.0,43200,46231.011712389605,0,44902.88150544761,1328.130206941998,0,0,0.0,1,5.781865362986433,12.798964094717274,6584.84920617487,1557.7404155568533,4.227180049007685,2.0062732505501413,303.7757564318243,0.0,0.0,0.0,0.7327875267244685,9.03448275862069,0.9897959183673469,329.67654401891394,551,0.25971341133117676
core,50,1500000.0,4,8,exclude,launch,0,0.0,prior,0.0,cluster_patrol,12600.0,43200,71401.29302397382,0,68931.83563960715,2469.4573843666776,0,0,0.0,0,5.526537023394481,11.549998909877798,6904.472155108215,1725.125238993526,4.002301977296691,2.0075086212819526,304.5220865872385,0.0,0.0,0.0,1.0727491855828672,13.338645418326694,1.0,493.1946331684227,251,0.18220138549804688
core,50,1500000.0,2,9,exclude,launch,0,0.0,prior,0.0,cluster_patrol,12600.0,43200,133592.74965886952,0,125331.9679838752,8260.781674994325,0,0,0.0,0,5.246536392218966,19.862666264447483,7290.744155068959,1001.1902453429029,7.282076697193463,2.0114342281321322,306.89975935117246,0.0,0.0,0.0,2.0427206905298947,25.363636363636363,0.9702970297029703,972.9735068919358,66,0.07400226593017578
core,50,1500000.0,5,8,exclude,launch,0,0.0,prior,0.0,cluster_patrol,12600.0,43200,57960.34292379192,0,56741.3917294795,1218.9511943124098,0,0,0.0,0,5.526537023394481,11.834962512428797,6904.472155108215,1684.3272161221034,4.09924632756613,2.006626939499272,303.98933859770136,0.0,0.0,0.0,0.8842928259946172,10.761154855643044,1.0,401.6568472765656,381,0.19720172882080078
core,50,1500000.0,7,7,exclude,launch,0,0.0,prior,0.0,cluster_patrol,12600.0,43200,159695.85795702226,0,154838.1702602381,4857.687696784148,0,1,0.7669500815939279,1,5.781865362986433,20.672992589144005,6584.84920617487,964.700381152157,6.825797247338578,2.0056917691204097,303.42478034296187,0.0,0.0,0.08482563619227144,0.506687556657869,7.703889585947302,0.9896907216494846,265.8755325754364,797,0.3227109909057617
core,50,1500000.0,3,9,exclude,launch,0,0.0,prior,0.0,cluster_patrol,12600.0,43200,90377.81560317909,0,86071.30861647193,4306.50698670717,0,0,0.0,0,5.246536392218966,7.392721983365189,7290.744155068959,2690.1876661685455,2.7101247421346923,2.011282338655063,306.8075905426962,0.0,0.0,0.0,1.4231278520009927,17.163120567375888,0.9801980198019802,674.8017923098275,141,0.11100053787231445
core,50,1500000.0,8,7,exclude,launch,0,0.0,prior,0.0,cluster_patrol,12600.0,43200,157261.0376750198,0,152660.8720689809,4600.165606038858,0,1,0.7788245143304507,1,5.781865362986433,17.97720803079246,6584.84920617487,1109.4823782640212,5.935064256250754,2.0054753970050943,303.29423219476547,0.0,0.0,0.07171314741035857,0.49939959451991583,6.760593220338983,0.9896907216494846,256.04489072219235,944,0.34771180152893066
core,50,1500000.0,4,9,exclude,launch,0,0.0,prior,0.0,cluster_patrol,12600.0,43200,70048.67722153997,0,67503.16269715189,2545.514524388081,0,0,0.0,0,5.246536392218966,10.192099614783166,7290.744155068959,1954.4019350280778,3.730422091996249,2.008086644323349,304.8716047389332,0.0,0.0,0.0,1.1163397169827032,13.125,0.9900990099009901,519.2753276701388,240,0.14599919319152832
core,50,1500000.0,6,8,exclude,launch,0,0.0,prior,0.0,cluster_patrol,12600.0,43200,269823.57864224695,0,258759.8788680428,11063.699774204139,0,1,0.8172973998708436,1,5.526537023394481,19.507169359282265,6904.472155108215,1022.2755280067582,6.754022732570558,2.005846857378719,303.51837014959364,0.0,0.0,0.1276595744680851,0.6354692713321053,8.531190926275993,0.989247311827957,361.90170237794155,529,0.2422027587890625
core,50,1500000.0,9,7,exclude,launch,0,0.0,prior,0.0,cluster_patrol,12600.0,43200,156594.73782595067,0,151966.93874579802,4627.7990801526585,0,1,0.7821383591221344,1,5.781865362986433,16.147364685234628,6584.84920617487,1235.0847578542666,5.331495805692589,2.0056796835023496,303.4174877428157,0.0,0.0,0.05913272010512484,0.4701035799038426,5.742556917688266,0.9896907216494846,248.20048619216016,1142,0.38621950149536133
core,50,1500000.0,2,10,exclude,launch,0,0.0,prior,0.0,cluster_patrol,12600.0,43200,144824.83844485288,0,133699.15733100104,11125.681113851842,0,0,0.0,0,5.753442760502199,40.91980985386957,6619.025743670595,486.0534356305623,13.617897248444839,2.0111402928501114,306.7214075475027,0.0,0.0,0.0,1.7222183569644907,24.692307692307693,0.9247311827956989,848.5025144535192,78,0.08650732040405273
core,50,1500000.0,7,8,exclude,launch,0,0.0,prior,0.0,cluster_patrol,12600.0,43200,262818.89648835396,0,252140.76125819888,10678.13523015506,0,1,0.8390801125592835,1,5.526537023394481,19.073001875259617,6904.472155108215,1045.854556647685,6.601751755272135,2.005255180252848,303.1613932275559,0.0,0.0,0.09513742071881606,0.5687513701339331,7.441631504922644,0.989247311827957,308.6951082718978,711,0.2782020568847656
core,50,1500000.0,3,10,exclude,launch,0,0.0,prior,0.0,cluster_patrol,12600.0,43200,111733.61690731814,0,105044.36882291918,6689.248084398969,0,0,0.0,0,5.753442760502199,7.300008081950504,6619.025743670595,2723.7691024208934,2.430097961603128,2.0117145699094934,307.0699112901454,0.0,0.0,0.0,1.3891121639427382,15.572413793103449,0.9560439560439561,720.3770509170246,145,0.10850691795349121
core,50,1500000.0,5,9,exclude,launch,0,0.0,prior,0.0,cluster_patrol,12600.0,43200,57055.3908395472,0,55299.50813273905,1755.882706808157,0,0,0.0,0,5.246536392218966,10.604193629565449,7290.744155068959,1879.3013245266602,3.879497162013271,2.0071781574797924,304.32235227131696,0.0,0.0,0.0,0.9168088453830847,10.53133514986376,0.9801980198019802,423.29538874388425,367,0.20350956916809082
core,50,1500000.0,6,9,exclude,launch,0,0.0,prior,0.0,cluster_patrol,12600.0,43200,279407.98243383714,0,265088.83815812296,14319.144275714163,0,1,0.8224928920564264,1,5.246536392218966,17.35361170144177,7290.744155068959,1148.7540095078557,6.346653935242784,2.006518071474917,303.92358846167576,0.0,0.0,0.12517385257301808,0.6230076716105661,7.799628942486085,0.9702970297029703,387.02462930807036,539,0.2211899757385254
core,50,1500000.0,2,11,exclude,launch,0,0.0,prior,0.0,cluster_patrol,12600.0,43200,220833.70732212887,0,203021.46654927035,17812.240772858524,0,0,0.0,0,4.7893154785571,3.83447202299022,8018.59089865545,5164.379756796678,1.5526725911475496,2.019929667011569,312.0769576950988,0.0,0.0,0.0,2.1267544967174663,19.0,0.9696969696969697,1358.2068656158024,64,0.06268167495727539
core,50,1500000.0,8,8,exclude,launch,0,0.0,prior,0.0,cluster_patrol,12600.0,43200,257380.31758406476,0,246877.70163886296,10502.615945201807,0,1,0.8568103082557084,1,5.526537023394481,19.135749076202547,6904.472155108215,1042.6619415762448,6.621966219147095,2.0047997627526053,302.8867689683076,0.0,0.0,0.07395234182415776,0.5151207969331865,6.592552026286966,0.989247311827957,270.46875158243694,913,0.3658876419067383
core,50,1500000.0,4,10,exclude,launch,0,0.0,prior,0.0,cluster_patrol,12600.0,43200,70581.42989415972,0,67805.95113996761,2775.4787541921046,0,0,0.0,0,5.753442760502199,11.988421615531752,6619.025743670595,1661.8501119595821,3.9829258343074785,2.0077338103141136,304.65822973506044,0.0,0.0,0.0,1.070620943449848,13.321428571428571,0.967032967032967,487.3525488544438,252,0.15519094467163086
core,50,1500000.0,7,9,exclude,launch,0,0.0,prior,0.0,cluster_patrol,12600.0,43200,271276.45928561833,0,257160.9084159218,14115.550869696548,0,1,0.8471471506994867,1,5.246536392218966,15.197022555635384,7290.744155068959,1311.859429204342,5.557565081108485,2.0063845830497344,303.8429787000564,0.0,0.0,0.09594882729211088,0.5732487184049397,7.1477272727272725,0.9900990099009901,324.2589441757976,704,0.2701914310455322
core,50,1500000.0,9,8,exclude,launch,0,0.0,prior,0.0,cluster_patrol,12600.0,43200,254245.80333370273,0,243829.80816133282,10415.995172369912,0,1,0.8673736453329349,1,5.526537023394481,17.706485853839133,6904.472155108215,1126.8354555821438,6.1273117746736485,2.0047818001498774,302.8759397737284,0.0,0.0,0.05996002664890073,0.4770087542256846,5.976063829787234,0.989247311827957,242.01436179370313,1128,0.3951904773712158
core,50,1500000.0,5,10,exclude,launch,0,0.0,prior,0.0,cluster_patrol,12600.0,43200,61061.06499023879,0,59408.33764839147,1652.7273418473274,0,0,0.0,0,5.753442760502199,12.428316527423394,6619.025743670595,1603.667617014427,4.127429944612425,2.0069350897329405,304.1754824806455,0.0,0.0,0.0,0.8443229151851354,9.709273182957393,0.978021978021978,420.48764639492214,399,0.1946849822998047
core,50,1500000.0,3,11,exclude,launch,0,0.0,prior,0.0,cluster_patrol,12600.0,43200,107327.66302165946,0,101606.96069162288,5720.702330036596,0,0,0.0,0,4.7893154785571,6.633986253461845,8018.59089865545,2997.894665945185,2.674740707117982,2.0112638819218143,306.7963916638733,0.0,0.0,0.0,1.477184596636026,17.441176470588236,1.0,690.6417185340855,136,0.10999894142150879
core,50,1500000.0,8,9,exclude,launch,0,0.0,prior,0.0,cluster_patrol,12600.0,43200,268253.22012985963,0,254457.15306825144,13796.067061608233,0,1,0.8566945791905426,1,5.246536392218966,14.011461635575278,7290.744155068959,1422.963475907053,5.123634076708505,2.0062395905536654,303.7554340792824,0.0,0.0,0.07867132867132867,0.5478151489336127,6.287209302325581,0.9900990099009901,302.3854628608068,860,0.30519580841064453
core,50,1500000.0,2,12,exclude,launch,0,0.0,prior,0.0,cluster_patrol,12600.0,43200,169956.46541258084,0,159081.77068288604,10874.694729694807,0,0,0.0,0,5.470710591405869,23.945431891931655,6978.331089719389,830.3899928535031,8.403679174576109,2.011662915731602,307.03855651996986,0.0,0.0,0.0,2.111015705381111,25.0,0.9134615384615384,1026.9103487544978,64,0.07100057601928711
core,50,1500000.0,6,10,exclude,launch,0,0.0,prior,0.0,cluster_patrol,12600.0,43200,52015.280635323215,0,50488.29450268486,1526.9861326383532,0,0,0.0,1,5.753442760502199,14.542942079441252,6619.025743670595,1371.296644944997,4.826837262433531,2.005747702591453,303.45853238039575,0.0,0.0,0.0,0.7310509743398146,8.574545454545454,0.967032967032967,346.8621905599939,550,0.2436845302581787
core,50,1500000.0,4,11,exclude,launch,0,0.0,prior,0.0,cluster_patrol,12600.0,43200,78432.09856711644,0,75782.9243146903,2649.1742524261326,0,0,0.0,0,4.7893154785571,10.559763831029215,8018.59089865545,1886.7882579165198,4.249862625025001,2.0076251205410243,304.59251506359396,0.0,0.0,0.0,1.096392158333483,13.412244897959184,0.9896907216494846,498.67101821499375,245,0.17499876022338867
core,50,1500000.0,3,12,exclude,launch,0,0.0,prior,0.0,cluster_patrol,12600.0,43200,123164.0900863842,0,116475.41877984801,6688.6713065361855,0,0,0.0,0,5.470710591405869,7.330033819457979,6978.331089719389,2713.1200295670783,2.5720686934860355,2.011337752722847,306.8412150247495,0.0,0.0,0.0,1.5063504855898322,16.134328358208954,0.941747572815534,761.3764853442048,134,0.1099998950958252
core,50,1500000.0,7,10,exclude,launch,0,0.0,prior,0.0,cluster_patrol,12600.0,43200,251266.14241185156,0,250264.99117892174,1001.1512329298104,0,1,0.8189777099380309,1,5.753442760502199,19.421506659692632,6619.025743670595,1026.9113384840673,6.445566910812029,2.005599091222922,303.36885968051,0.0,0.0,0.09268795056642637,0.5532045088588793,7.0699588477366255,0.978021978021978,316.6563514313254,729,0.2776827812194824
core,50,1500000.0,4,12,exclude,launch,0,0.0,prior,0.0,cluster_patrol,12600.0,43200,93831.16273108122,0,90111.8843556987,3719.2783753825265,0,0,0.0,0,5.470710591405869,9.90568089528472,6978.331089719389,2010.4224318044817,3.4710770131309636,2.008576312116733,305.16785320889676,0.0,0.0,0.0,1.1214007905772523,12.255230125523013,0.9411764705882353,557.7179642817861,239,0.13999390602111816
core,50,1500000.0,5,11,exclude,launch,0,0.0,prior,0.0,cluster_patrol,12600.0,43200,344110.03415743774,0,302196.1017974034,41913.93236003434,0,1,0.8421000374893244,1,4.7893154785571,41.271971799992436,8018.59089865545,483.2074280002508,16.594510833246726,2.0057240011454733,303.44422994401805,0.0,0.0,0.15517241379310345,0.6175882685682069,9.977011494252874,0.96875,377.5172305460197,435,0.24100017547607422
core,50,1500000.0,8,10,exclude,launch,0,0.0,prior,0.0,cluster_patrol,12600.0,43200,244322.84579124933,0,243439.40720938472,883.4385818646414,0,1,0.8422518542258695,1,5.753442760502199,18.19212115182467,6619.025743670595,1096.4610151766492,6.036717814909465,2.0053189454356186,303.19985461553546,0.0,0.0,0.07352941176470588,0.511449113060238,6.593478260869565,0.978021978021978,268.4078773705078,920,0.3426830768585205
core,50,1500000.0,6,11,exclude,launch,0,0.0,prior,0.0,cluster_patrol,12600.0,43200,340149.70571364777,0,298378.2792070651,41771.426506582655,0,1,0.8519045226173912,1,4.7893154785571,23.328103121187713,8018.59089865545,854.9855653134364,9.37862722362552,2.005495917692288,303.30661214875704,0.0,0.0,0.11811023622047244,0.588814051659577,8.359019264448337,0.96875,339.75083691262756,571,0.26000356674194336
core,50,1500000.0,5,12,exclude,launch,0,0.0,prior,0.0,cluster_patrol,12600.0,43200,80189.16070767687,0,77148.1729416924,3040.987765984454,0,0,0.0,0,5.470710591405869,12.453097583393415,6978.331089719389,1600.3738190268336,4.360438171853386,2.0070637264878073,304.2532047622528,0.0,0.0,0.0,0.8516653873166726,9.05089058524173,0.9509803921568627,458.50628774003496,393,0.17899847030639648
core,50,1500000.0,7,11,exclude,launch,0,0.0,prior,0.0,cluster_patrol,12600.0,43200,338488.57266540756,0,296831.2772591231,41657.29540628443,0,1,0.8560852450131888,1,4.7893154785571,19.222002506767414,8018.59089865545,1037.648640441735,7.7276551870601145,2.0054463141193413,303.2766871728509,0.0,0.0,0.08729388942774007,0.5218081253736753,6.67312661498708,0.96875,313.5706001606713,774,0.2820017337799072
core,50,1500000.0,9,10,exclude,launch,0,0.0,prior,0.0,cluster_patrol,12600.0,43200,243851.43211970566,0,243097.4974775019,753.9346422037695,0,1,0.843880095797033,1,5.753442760502199,16.127535651548296,6619.025743670595,1236.7138819911252,5.352107581273269,2.0055003632524055,303.3092941502159,0.0,0.0,0.06093432633716994,0.48378510062279206,5.54954954954955,0.978021978021978,264.0418147538545,1110,0.3886866569519043
core,50,3000000.0,4,1,exclude,launch,0,0.0,prior,0.0,cluster_patrol,12600.0,43200,67616.31686068373,0,64322.457983573826,3293.8588771099076,0,0,0.0,0,9.578630957114202,22.32938616208377,8018.590898655449,1784.7593992794712,4.492813374112304,2.0073981739852176,304.4553242846251,0.0,0.0,0.0,1.0643176982714737,13.19047619047619,0.9626168224299065,493.5108514558572,252,0.15350699424743652
core,50,1500000.0,8,11,exclude,launch,0,0.0,prior,0.0,cluster_patrol,12600.0,43200,330896.07685982034,0,289678.96268649003,41217.114173330316,0,1,0.8757283417028561,1,4.7893154785571,18.45828250823817,8018.59089865545,1080.797403772286,7.4191433756856915,2.0050463193237356,303.03543119585663,0.0,0.0,0.07042253521126761,0.49046548339651896,6.217708333333333,0.9789473684210527,272.95031267811186,960,0.33550524711608887
core,50,1500000.0,6,12,exclude,launch,0,0.0,prior,0.0,cluster_patrol,12600.0,43200,328316.3213433533,0,312541.1549580118,15775.166385341478,0,1,0.8419814094809955,1,5.470710591405869,23.14630400805902,6978.331089719389,861.4823412258663,8.100376241942941,2.006004757832947,303.6136718347579,0.0,0.0,0.11873350923482849,0.5925432474452583,8.708771929824561,0.9603960396039604,329.3815817108446,570,0.24750757217407227
core,50,1500000.0,7,12,exclude,launch,0,0.0,prior,0.0,cluster_patrol,12600.0,43200,325632.8295813551,0,310048.21522455354,15584.614356801529,0,1,0.8489200531644481,1,5.470710591405869,20.70624595446463,6978.331089719389,963.2787443515981,7.244352821691961,2.005426020695328,303.2644449273725,0.0,0.0,0.09414225941422594,0.5616481974663234,7.112813370473537,0.97,319.57214283967636,718,0.27150726318359375
core,50,3000000.0,5,1,exclude,launch,0,0.0,prior,0.0,cluster_patrol,12600.0,43200,53814.306877650044,0,51804.89735219975,2009.4095254502972,0,0,0.0,0,9.578630957114202,27.39863274863755,8018.590898655449,1455.6346476762933,5.508656249324616,2.0058973820380146,303.5488629572793,0.0,0.0,0.0,0.8718699522599351,10.798955613577023,0.9626168224299065,392.79799941880174,383,0.20250511169433594
core,50,1500000.0,8,12,exclude,launch,0,0.0,prior,0.0,cluster_patrol,12600.0,43200,323957.2257993809,0,308612.93659925915,15344.28920012181,0,1,0.8533109218915298,1,5.470710591405869,16.572442671025108,6978.331089719389,1203.2773303280765,5.799437015751581,2.0058928544379633,303.5461303828061,0.0,0.0,0.07305194805194805,0.508111514888011,5.861920172599784,0.9509803921568627,301.1539582718803,927,0.32550549507141113
core,50,3000000.0,6,1,exclude,launch,0,0.0,prior,0.0,cluster_patrol,12600.0,43200,44898.73615939883,0,43435.107324809476,1463.6288345893527,0,0,0.0,0,9.578630957114202,27.508119173785296,8018.590898655449,1450.1319832865347,5.5295593718872125,2.0054948848172343,303.305989018087,0.0,0.0,0.0,0.7256671088532447,9.196043165467627,0.9626168224299065,319.3909309705534,556,0.2705090045928955
core,50,1500000.0,9,12,exclude,launch,0,0.0,prior,0.0,cluster_patrol,12600.0,43200,317683.2996960567,0,302568.64512115176,15114.6545749049,0,1,0.8701629555748558,1,5.470710591405869,17.143556655732482,6978.331089719389,1163.4709193191545,5.997856047663832,2.0054116411512437,303.2557704487313,0.0,0.0,0.058900523560209424,0.4683540723814278,5.575783972125436,0.97,255.1070487518137,1148,0.3770136833190918
core,50,3000000.0,7,1,exclude,launch,0,0.0,prior,0.0,cluster_patrol,12600.0,43200,42391.21777430698,0,41121.15659157937,1270.0611827276055,0,0,0.0,0,9.578630957114202,24.178984258006462,8018.590898655449,1649.7217174338793,4.8605718248822365,2.005585785253021,303.36083145088026,0.0,0.0,0.0,0.6759017042123171,7.735632183908046,0.9626168224299065,303.5533259960486,696,0.29401087760925293
core,50,3000000.0,8,1,exclude,launch,0,0.0,prior,0.0,cluster_patrol,12600.0,43200,40013.66551678672,0,39048.17500309192,965.4905136948037,0,0,0.0,0,9.578630957114202,22.412287991981053,8018.590898655449,1779.6525243997123,4.505705910967181,2.0057120220134927,303.4370013667404,0.0,0.0,0.0,0.6387043312614438,6.670630202140309,0.9626168224299065,290.5373044134365,841,0.3210172653198242
core,50,3000000.0,4,2,exclude,launch,0,0.0,prior,0.0,cluster_patrol,12600.0,43200,66624.93650714985,0,64244.041321516306,2380.8951856335384,0,0,0.0,0,9.578630957114202,20.623218016852192,8018.590898655449,1931.542617102709,4.151392171032311,2.0083031031781893,305.00254436362997,0.0,0.0,0.0,1.1351742880542774,12.919148936170213,0.9809523809523809,538.8374835744182,235,0.1565103530883789
core,50,3000000.0,9,1,exclude,launch,0,0.0,prior,0.0,cluster_patrol,12600.0,43200,35081.96483067173,0,34313.70243730144,768.2623933702869,0,0,0.0,0,9.578630957114202,24.292283246071932,8018.590898655449,1642.3253692487165,4.882461812255608,2.0052219462551255,303.1413483698828,0.0,0.0,0.0,0.5780587716468032,6.173040152963671,0.9626168224299065,252.9238714285581,1046,0.3595445156097412
core,50,3000000.0,5,2,exclude,launch,0,0.0,prior,0.0,cluster_patrol,12600.0,43200,47064.774247637426,0,45607.45403277317,1457.3202148642574,0,0,0.0,0,9.578630957114202,24.574296939239392,8018.590898655449,1622.0316074524012,4.943547870346142,2.007010167079521,304.22084298045763,0.0,0.0,0.0,0.8747191945245478,10.955613577023499,0.9904761904761905,389.21492502234355,383,0.20203781127929688
core,50,3000000.0,10,1,exclude,launch,0,0.0,prior,0.0,cluster_patrol,12600.0,43200,260739.81236954464,0,235749.45673341063,24990.355636134023,0,1,0.887477482143272,1,9.578630957114202,33.7275844553667,8018.590898655449,1183.2685399174893,6.776645054058983,2.0045709422629896,302.7488334117454,0.0,0.0,0.0510783200908059,0.4568676133279423,5.479969765684052,0.9439252336448598,224.384318471978,1323,0.4315476417541504
core,50,3000000.0,6,2,exclude,launch,0,0.0,prior,0.0,cluster_patrol,12600.0,43200,42647.80670994253,0,41390.31476498214,1257.4919449603956,0,0,0.0,0,9.578630957114202,22.52903496337227,8018.590898655449,1769.5741273686635,4.531367618139288,2.006682383485359,304.0228263659291,0.0,0.0,0.0,0.7955154820102689,9.356435643564357,0.9904761904761905,344.60272643242615,505,0.2355334758758545
core,50,3000000.0,11,1,exclude,launch,0,0.0,prior,0.0,cluster_patrol,12600.0,43200,260158.13870799856,0,235228.49494402096,24929.643763977587,0,1,0.889461745557598,1,9.578630957114202,30.4543269512663,8018.590898655449,1310.284843486847,6.119731093978682,2.0048194344142614,302.898628732979,0.0,0.0,0.045203415369161226,0.44917995860763,4.9505347593582885,0.9528301886792453,220.1171842145388,1496,0.4480414390563965
core,50,3000000.0,7,2,exclude,launch,0,0.0,prior,0.0,cluster_patrol,12600.0,43200,36047.95837791341,0,35166.76427599845,881.1941019149597,0,0,0.0,0,9.578630957114202,26.9965849119672,8018.590898655449,1477.1155606065654,5.428546765401808,2.00616516338134,303.71050080065976,0.0,0.0,0.0,0.6134529272379838,7.766927083333333,0.9904761904761905,274.06435732310433,768,0.3270421028137207
core,50,3000000.0,12,1,exclude,launch,0,0.0,prior,0.0,cluster_patrol,12600.0,43200,259357.62846830767,0,234321.3076590339,25036.320809273766,0,1,0.8922070792473695,1,9.578630957114202,31.25996352805652,8018.590898655449,1276.2472349957338,6.282944776512878,2.0052416003412743,303.15320251700604,0.0,0.0,0.036202735317779566,0.39530330476517345,4.295940170940171,0.9622641509433962,202.80692693147472,1872,0.5175540447235107
core,50,3000000.0,13,1,exclude,launch,0,0.0,prior,0.0,cluster_patrol,12600.0,43200,257951.31442045447,0,233163.33408134122,24787.98033911324,0,1,0.8970712659329807,1,9.578630957114202,31.11815428636696,8018.590898655449,1282.1269976683152,6.254131543316779,2.005141899256348,303.0930712921976,0.0,0.0,0.03230437903804738,0.3847796438861378,3.9813931297709924,0.9433962264150944,194.99058102933677,2096,0.5651111602783203
core,50,3000000.0,8,2,exclude,launch,0,0.0,prior,0.0,cluster_patrol,12600.0,43200,33371.318175818815,0,32606.267444750596,765.0507310682216,0,0,0.0,0,9.578630957114202,26.02095170025878,8018.590898655449,1532.6698386108847,5.231779667513385,2.005941204536061,303.57531209503816,0.0,0.0,0.0,0.5824479396805433,6.770652173913043,0.9904761904761905,262.00639931826066,920,0.36460375785827637
core,50,3000000.0,9,2,exclude,launch,0,0.0,prior,0.0,cluster_patrol,12600.0,43200,29821.17309607895,0,29266.190516191375,554.982579887577,0,0,0.0,0,9.578630957114202,28.55338008017297,8018.590898655449,1397.1021972414323,5.739444769672609,2.005415119736508,303.2578688984331,0.0,0.0,0.0,0.520455853929259,6.254091300602928,0.9904761904761905,224.33117903616684,1161,0.4116041660308838
core,50,3000000.0,14,1,exclude,launch,0,0.0,prior,0.0,cluster_patrol,12600.0,43200,256607.7256807527,0,231910.9323483911,24696.793332361573,0,1,0.901768298527843,1,9.578630957114202,33.66633622666426,8018.590898655449,1185.3129318016768,6.764956901691086,2.004754089090598,302.8592338632833,0.0,0.0,0.027573529411764705,0.3555003642945932,3.6887983706720977,0.9619047619047619,179.77875102782934,2455,0.6451139450073242
core,50,3000000.0,15,1,exclude,launch,0,0.0,prior,0.0,cluster_patrol,12600.0,43200,256491.08927234856,0,231779.96972457104,24711.119547777544,0,1,0.9021783674150411,1,9.578630957114202,31.80365774895716,8018.590898655449,1254.5849527766675,6.391429198085451,2.004992910784238,303.0032252179726,0.0,0.0,0.02577319587628866,0.357768415256711,3.4683929931454682,0.9619047619047619,178.79936502768487,2626,0.6411142349243164
core,50,3000000.0,10,2,exclude,launch,0,0.0,prior,0.0,cluster_patrol,12600.0,43200,101904.26012955494,0,98571.6169725313,3332.6431570236323,0,1,0.7199658566884128,1,9.578630957114202,31.75286428246595,8018.590898655449,1256.116461076583,6.383636507544002,2.0057517181203113,303.46095555058747,0.0,0.0,0.04939626783754116,0.44142345847297787,5.142335766423358,0.9714285714285714,230.94926261279286,1370,0.42307448387145996
core,50,3000000.0,5,3,exclude,launch,0,0.0,prior,0.0,cluster_patrol,12600.0,43200,57432.180567024814,0,55242.11867543105,2190.0618915937607,0,0,0.0,0,11.621531741767225,25.356398093325083,6550.440834961872,1572.3105954426032,4.16612395410204,2.006615138678951,303.9822112252932,0.0,0.0,0.0,0.8077200898052974,10.793764988009592,0.9904761904761905,363.4253865710485,417,0.21556377410888672
core,50,3000000.0,11,2,exclude,launch,0,0.0,prior,0.0,cluster_patrol,12600.0,43200,101600.11336722638,0,98265.16312312579,3334.9502441006,0,1,0.7221108471904499,1,9.578630957114202,30.25587506938095,8018.590898655449,1318.222720942417,6.082880207771597,2.0058177762525142,303.50081970766604,0.0,0.0,0.043331728454501686,0.43021424281324816,4.6318822023047375,0.9714285714285714,225.35337996891894,1562,0.44258666038513184
core,50,3000000.0,6,3,exclude,launch,0,0.0,prior,0.0,cluster_patrol,12600.0,43200,48708.19111642004,0,47392.72505731165,1315.4660591083984,0,0,0.0,0,11.621531741767225,25.5885420203641,6550.440834961872,1558.5125345603087,4.203008118128416,2.0060148610445396,303.61977019273934,0.0,0.0,0.0,0.7121798183602066,8.984070796460177,0.9809523809523809,321.68550566759137,565,0.25151515007019043
core,50,3000000.0,12,2,exclude,launch,0,0.0,prior,0.0,cluster_patrol,12600.0,43200,99165.54619694446,0,95915.48115965657,3250.0650372878795,0,1,0.7398981488794113,1,9.578630957114202,31.48571697840776,8018.590898655449,1267.0818159691241,6.328392371823639,2.0052648506337056,303.16722597588193,0.0,0.0,0.03795866722901729,0.4147060864977409,4.363025210084033,0.9809523809523809,209.34801908027512,1785,0.4805874824523926
core,50,3000000.0,7,3,exclude,launch,0,0.0,prior,0.0,cluster_patrol,12600.0,43200,46888.60348822862,0,45691.18457360913,1197.4189146194863,0,0,0.0,0,11.621531741767225,25.42534736516616,6550.440834961872,1568.970694737827,4.174992469222914,2.005433475359474,303.268942012029,0.0,0.0,0.0,0.6750826276159062,7.5767575322812055,0.9809523809523809,309.4481216651597,697,0.2802462577819824
core,50,3000000.0,13,2,exclude,launch,0,0.0,prior,0.0,cluster_patrol,12600.0,43200,98093.13971140813,0,94926.2479717251,3166.891739683032,0,1,0.7479853113458724,1,9.578630957114202,30.366480049826148,8018.590898655449,1313.7255813452873,6.103703096383504,2.0053532073218103,303.2205214416753,0.0,0.0,0.034129692832764506,0.40681556858818246,4.065458207452165,0.9809523809523809,202.02195879241222,1986,0.5293173789978027
core,50,3000000.0,14,2,exclude,launch,0,0.0,prior,0.0,cluster_patrol,12600.0,43200,97491.902876623,0,94339.66193121723,3152.2409454057683,0,1,0.7525988999499897,1,9.578630957114202,29.682520997697498,8018.590898655449,1343.9654927150425,5.966366653102462,2.0054003447092232,303.2489559424275,0.0,0.0,0.030949105914718018,0.39942152361371464,3.76599634369287,0.9714285714285714,197.82419679513615,2188,0.5553174018859863
core,50,3000000.0,8,3,exclude,launch,0,0.0,prior,0.0,cluster_patrol,12600.0,43200,43287.65308859322,0,42330.54685221325,957.1062363799782,0,0,0.0,0,11.621531741767225,25.99190206379591,6550.440834961872,1534.8561637596044,4.267788076582158,2.00532257277102,303.2020425968829,0.0,0.0,0.0,0.5924473538640317,6.484013230429989,0.9809523809523809,277.2882409417182,907,0.3472452163696289
core,50,3000000.0,9,3,exclude,launch,0,0.0,prior,0.0,cluster_patrol,12600.0,43200,41827.679225408996,0,40902.00508580366,925.6741396053342,0,0,0.0,0,11.621531741767225,23.78003686185977,6550.440834961872,1677.4680972776382,3.904957027553953,2.005502437481515,303.3105455343804,0.0,0.0,0.0,0.5776701433403829,5.717703349282297,0.9809523809523809,272.9614405181145,1045,0.3402442932128906
core,50,3000000.0,15,2,exclude,launch,0,0.0,prior,0.0,cluster_patrol,12600.0,43200,97122.8276494708,0,93996.23854948583,3126.5890999849735,0,1,0.755392610878937,1,9.578630957114202,28.25936390176022,8018.590898655449,1411.5289331738675,5.680783943001008,2.005569980237004,303.35129554615463,0.0,0.0,0.028911018310311596,0.4021572295338081,3.551665243381725,0.9714285714285714,195.91944407023487,2342,0.5678074359893799
core,50,3000000.0,10,3,exclude,launch,0,0.0,prior,0.0,cluster_patrol,12600.0,43200,38896.50095738514,0,38027.786986867766,868.7139705173727,0,0,0.0,0,11.621531741767225,24.118345798186645,6550.440834961872,1653.7993467088088,3.9608437674121504,2.0056708073293397,303.4121318143339,0.0,0.0,0.0,0.5258011967443372,5.172926447574335,0.9809523809523809,246.7929767462342,1278,0.38924455642700195
core,50,3000000.0,11,3,exclude,launch,0,0.0,prior,0.0,cluster_patrol,12600.0,43200,34077.82756047956,0,33441.13436321554,636.6931972640136,0,0,0.0,0,11.621531741767225,26.452127560724943,6550.440834961872,1508.2389721009097,4.343105407120862,2.0052070373120303,303.13235635848895,0.0,0.0,0.0,0.4770509627448914,5.0,0.9809523809523809,210.62718011510862,1551,0.4792635440826416
core,50,3000000.0,5,4,exclude,launch,0,0.0,prior,0.0,cluster_patrol,12600.0,43200,63180.41530247509,0,60927.91125815416,2252.504044320929,0,0,0.0,0,10.516019449979966,24.461366061778236,7274.107902442663,1629.8245741394646,4.463123220659093,2.006635163685754,303.9943058305936,0.0,0.0,0.0,0.8783068442819671,11.031331592689295,0.981651376146789,387.34269521217993,383,0.20401859283447266
core,50,3000000.0,12,3,exclude,launch,0,0.0,prior,0.0,cluster_patrol,12600.0,43200,33579.99325485271,0,32871.236206044014,708.7570488086944,0,0,0.0,1,11.621531741767225,26.870694854817817,6550.440834961872,1484.7007091848857,4.411960467479081,2.005266848053026,303.16843073833957,0.0,0.0,0.0,0.44754243235259017,4.433962264150943,0.9809523809523809,204.29407336460324,1802,0.5282638072967529
core,50,3000000.0,6,4,exclude,launch,0,0.0,prior,0.0,cluster_patrol,12600.0,43200,59459.82764286701,0,57926.620379517386,1533.2072633496155,0,0,0.0,0,10.516019449979966,26.216400471546564,7274.107902442663,1521.175637678739,4.781898764525771,2.006030644421976,303.6292972548289,0.0,0.0,0.0,0.7215815832119419,8.689285714285715,0.954954954954955,338.34885631274597,560,0.24379467964172363
core,50,3000000.0,13,3,exclude,launch,0,0.0,prior,0.0,cluster_patrol,12600.0,43200,197600.53839002838,0,197064.27810746428,536.2602825641012,0,1,0.846726731194896,1,11.621531741767225,30.236068638014416,6550.440834961872,1319.592922384364,4.963986032242369,2.0050475982815703,303.036202443466,0.0,0.0,0.033682634730538924,0.40143167314667133,4.070752366716492,0.9903846153846154,198.9296168448238,2007,0.5355231761932373
core,50,3000000.0,7,4,exclude,launch,0,0.0,prior,0.0,cluster_patrol,12600.0,43200,49749.31115591765,0,48351.033290861604,1398.2778650560413,0,0,0.0,0,10.516019449979966,26.701792159012587,7274.107902442663,1494.0028565122318,4.868871482230066,2.0053867817581637,303.2407742802111,0.0,0.0,0.0,0.673460656805422,7.744285714285715,0.9818181818181818,305.25008604687804,700,0.29679250717163086
core,50,3000000.0,14,3,exclude,launch,0,0.0,prior,0.0,cluster_patrol,12600.0,43200,196394.6735809549,0,195841.32869948554,553.3448814693505,0,1,0.8519256398487417,1,11.621531741767225,31.544650961340967,6550.440834961872,1264.9747181975918,5.178317590643482,2.0048524466007422,302.9185318318493,0.0,0.0,0.02926829268292683,0.3778325820210998,3.7524881003894417,0.9903846153846154,187.86216657226595,2311,0.5755219459533691
core,50,3000000.0,8,4,exclude,launch,0,0.0,prior,0.0,cluster_patrol,12600.0,43200,46680.9873865594,0,45824.370430094976,856.616956464423,0,0,0.0,0,10.516019449979966,28.636045770287875,7274.107902442663,1393.5403212002198,5.219876161299491,2.004736971909554,302.8489148165942,0.0,0.0,0.0,0.6246160879776418,6.621809744779583,0.9727272727272728,289.21484654556065,862,0.31879234313964844
core,50,3000000.0,15,3,exclude,launch,0,0.0,prior,0.0,cluster_patrol,12600.0,43200,195864.9119973795,0,195343.61952965602,521.2924677234857,0,1,0.8542298681633084,1,11.621531741767225,30.55874418695001,6550.440834961872,1305.6777375177373,5.016889425881695,2.0050189649065326,303.01893594653944,0.0,0.0,0.02684964200477327,0.373185940469335,3.501190476190476,0.9903846153846154,184.11938342704286,2520,0.6445221900939941
core,50,3000000.0,16,3,exclude,launch,0,0.0,prior,0.0,cluster_patrol,12600.0,43200,195189.1613571815,0,194688.71860935976,500.4427478217141,0,1,0.857187237190738,1,11.621531741767225,29.773907551834974,6550.440834961872,1339.980359056739,4.888460335025332,2.0051908711032356,303.1226062047844,0.0,0.0,0.02481389578163772,0.36936529029302084,3.2983870967741935,0.9903846153846154,180.5524285040478,2728,0.6537909507751465
core,50,3000000.0,9,4,exclude,launch,0,0.0,prior,0.0,cluster_patrol,12600.0,43200,45138.94418496672,0,44225.65640517983,913.2877797868936,0,0,0.0,0,10.516019449979966,25.66653369937044,7274.107902442663,1554.5004508557784,4.679386164499435,2.005080965014208,303.0563238701675,0.0,0.0,0.0,0.5813754215389356,5.742802303262956,0.9818181818181818,275.68443741361887,1042,0.36977219581604004
core,50,3000000.0,10,4,exclude,launch,0,0.0,prior,0.0,cluster_patrol,12600.0,43200,41986.396782533244,0,41010.76703040852,975.6297521247228,0,0,0.0,0,10.516019449979966,25.822767649841314,7274.107902442663,1545.0911984212892,4.707882557272378,2.0050863519418765,303.05957245794883,0.0,0.0,0.0,0.5348188792162943,5.264285714285714,0.9818181818181818,248.83135423460084,1260,0.3857729434967041
core,50,3000000.0,17,3,exclude,launch,0,0.0,prior,0.0,cluster_patrol,12600.0,43200,194444.0233240117,0,193929.2999709933,514.7233530183644,0,1,0.8604721044808682,1,11.621531741767225,30.209045266946887,6550.440834961872,1320.6466593486527,4.960025294118088,2.0052399570048447,303.1522113477306,0.0,0.0,0.0224159402241594,0.35574805400059933,3.1091992058239577,0.9903846153846154,173.19549477286995,3022,0.7287921905517578
core,50,3000000.0,5,5,exclude,launch,0,0.0,prior,0.0,cluster_patrol,12600.0,43200,56414.80745539019,0,54685.47362132142,1729.3338340687694,0,0,0.0,0,11.074282461253608,23.748483189263553,6890.610997136995,1678.656183291132,4.104837587186813,2.006745768741572,304.06111286371794,0.0,0.0,0.0,0.8676369992845502,10.842783505154639,0.9758064516129032,390.4815497596223,388,0.20551013946533203
core,50,3000000.0,11,4,exclude,launch,0,0.0,prior,0.0,cluster_patrol,12600.0,43200,185070.27405679668,0,176854.9140020802,8215.360054716462,0,1,0.8006914086959208,1,10.516019449979966,36.04873832907155,7274.107902442663,1107.0774769521918,6.570549987583921,2.0045731190205327,302.7501454375924,0.0,0.0,0.04105839416058394,0.4077147867304015,4.6909090909090905,0.981651376146789,210.45296448993824,1650,0.48328161239624023
core,50,3000000.0,18,3,exclude,launch,0,0.0,prior,0.0,cluster_patrol,12600.0,43200,193721.93546049483,0,193237.86671824116,484.06874225365624,0,1,0.8636794669412058,1,11.621531741767225,32.411997124512695,6550.440834961872,1230.717129044498,5.32245849218617,2.0055151643113427,303.31822369802,0.0,0.0,0.019063757678457954,0.32137847436332834,2.868354430379747,0.9903846153846154,159.7006013973462,3555,0.7933008670806885
core,50,3000000.0,12,4,exclude,launch,0,0.0,prior,0.0,cluster_patrol,12600.0,43200,184212.08224674288,0,176066.88730131698,8145.19494542591,0,1,0.8044216027252306,1,10.516019449979966,35.83801494006761,7274.107902442663,1113.724554968935,6.531334763150264,2.004325472663613,302.6008965122968,0.0,0.0,0.03646677471636953,0.3982354447108181,4.258342303552206,0.981651376146789,205.96273734588019,1858,0.5105068683624268
core,50,3000000.0,6,5,exclude,launch,0,0.0,prior,0.0,cluster_patrol,12600.0,43200,47229.789306198545,0,45747.281951428704,1482.5073547698398,0,0,0.0,0,11.074282461253608,31.72783679041879,6890.610997136995,1257.3271606737526,5.480364389364329,2.0054009988114383,303.24935052331136,0.0,0.0,0.0,0.693239741629769,9.11492281303602,0.9838709677419355,308.34394770314935,583,0.26950907707214355
core,50,3000000.0,7,5,exclude,launch,0,0.0,prior,0.0,cluster_patrol,12600.0,43200,43644.70461582485,0,42602.944515878844,1041.7600999460008,0,0,0.0,0,11.074282461253608,28.524541052238988,6890.610997136995,1398.5922546766083,4.926819074034046,2.0053039193838744,303.1907910985737,0.0,0.0,0.0,0.6368415792966827,7.62787550744249,0.991869918699187,291.5011752162058,739,0.29950881004333496
core,50,3000000.0,13,4,exclude,launch,0,0.0,prior,0.0,cluster_patrol,12600.0,43200,183585.04739144738,0,175417.90767765552,8167.139713791849,0,1,0.8071691052611292,1,10.516019449979966,39.53471273270736,7274.107902442663,1009.560215465808,7.205224404654666,2.0043758980993234,302.63128340484684,0.0,0.0,0.028409090909090908,0.33801547637982443,3.749266247379455,0.9724770642201835,182.3495565392927,2385,0.60550856590271
core,50,3000000.0,8,5,exclude,launch,0,0.0,prior,0.0,cluster_patrol,12600.0,43200,42009.99944760444,0,40865.20461220652,1144.794835397918,0,0,0.0,0,11.074282461253608,26.77401496808909,6890.610997136995,1489.8644445936236,4.624991905902206,2.005532615698243,303.32875236988525,0.0,0.0,0.0,0.5691498470549233,6.208465608465609,0.991869918699187,279.807020913221,945,0.34951019287109375
core,50,3000000.0,14,4,exclude,launch,0,0.0,prior,0.0,cluster_patrol,12600.0,43200,181737.04657374596,0,173662.95841210286,8074.088161643104,0,1,0.8153768383274944,1,10.516019449979966,35.83441079558961,7274.107902442663,1113.8053844010506,6.530860780812546,2.004381593649227,302.6347156984082,0.0,0.0,0.027598896044158234,0.3558276550198046,3.5945395273023637,0.9724770642201835,184.5067672320666,2454,0.6085104942321777
core,50,3000000.0,9,5,exclude,launch,0,0.0,prior,0.0,cluster_patrol,12600.0,43200,37296.270873298396,0,36348.981729843996,947.2891434543975,0,0,0.0,0,11.074282461253608,26.422138049128826,6890.610997136995,1509.7895802525109,4.563954531984879,2.0054212193570367,303.26154850001717,0.0,0.0,0.0,0.5351583464591414,5.745132743362832,0.991869918699187,252.47238582301333,1130,0.40196800231933594
core,50,3000000.0,15,4,exclude,launch,0,0.0,prior,0.0,cluster_patrol,12600.0,43200,181379.67901497355,0,173208.12435714316,8171.554657830399,0,1,0.8169833536316039,1,10.516019449979966,39.772883448953635,7274.107902442663,1003.5376633820827,7.248465272272646,2.004330028203345,302.6036416652793,0.0,0.0,0.022376926902038786,0.3105447790861224,3.1786068009243973,0.981651376146789,169.1356267582495,3029,0.7139668464660645
core,50,3000000.0,4,6,exclude,launch,0,0.0,prior,0.0,cluster_patrol,12600.0,43200,64816.883834033346,0,62903.93224223682,1912.9515917965207,0,0,0.0,0,9.996281918182664,22.191705297665163,7669.642238462474,1795.206645919593,4.272289352256551,2.008097813340226,304.87836037840356,0.0,0.0,0.0,1.0861045493313353,13.582995951417004,0.978494623655914,486.45366198137464,247,0.1554563045501709
core,50,3000000.0,10,5,exclude,launch,0,0.0,prior,0.0,cluster_patrol,12600.0,43200,33593.658105352966,0,32814.01734033655,779.640765016421,0,0,0.0,0,11.074282461253608,30.785501675802223,6890.610997136995,1296.115613266966,5.3163552129185785,2.00493367139465,302.9675051708191,0.0,0.0,0.0,0.4556133780727568,5.224406779661017,0.983739837398374,212.78218175097425,1475,0.4609706401824951
core,50,3000000.0,16,4,exclude,launch,0,0.0,prior,0.0,cluster_patrol,12600.0,43200,181100.997232365,0,172991.58740857133,8109.409823793682,0,1,0.8182405437124438,1,10.516019449979966,40.50105915731664,7274.107902442663,985.384654739456,7.381998357145107,2.0045542372614857,302.7387646800017,0.0,0.0,0.019438444924406047,0.28892653615274827,2.844278749641526,0.9724770642201835,164.23266966635734,3487,0.7894802093505859
core,50,3000000.0,11,5,exclude,launch,0,0.0,prior,0.0,cluster_patrol,12600.0,43200,33041.175993036,0,32283.179295038357,757.9966979976401,0,0,0.0,0,11.074282461253608,34.82469476892753,6890.610997136995,1146.1180502807165,6.012130247359154,2.0043488723184018,302.6149971981737,0.0,0.0,0.0,0.41195343823717506,4.583612040133779,0.975609756097561,199.6184616547267,1794,0.5139713287353516
core,50,3000000.0,5,6,exclude,launch,0,0.0,prior,0.0,cluster_patrol,12600.0,43200,56668.50767280184,0,55007.17624790389,1661.331424897957,0,0,0.0,0,9.996281918182664,28.200713264946824,7669.642238462474,1413.643167622195,5.4254442805132514,2.0067353247163364,304.0548042095122,0.0,0.0,0.0,0.8028446219596475,9.990453460620525,0.967741935483871,390.71826744256373,419,0.20502758026123047
core,50,3000000.0,12,5,exclude,launch,0,0.0,prior,0.0,cluster_patrol,12600.0,43200,81008.26871844004,0,73459.92273319466,7548.345985245384,0,1,0.6214578205504016,1,11.074282461253608,37.85724358335957,6890.610997136995,1054.3262230570401,6.535558773410311,2.004315057688684,302.5946205300676,0.0,0.0,0.03431185665268776,0.3743737774611274,4.266970618034448,0.9512195121951219,193.35207787985996,1974,0.5621969699859619
core,50,3000000.0,6,6,exclude,launch,0,0.0,prior,0.0,cluster_patrol,12600.0,43200,48850.83302068087,0,47562.550605596276,1288.282415084595,0,0,0.0,0,9.996281918182664,24.773576949580715,7669.642238462474,1609.2810684719875,4.765881105992753,2.006639549713758,303.9969549143751,0.0,0.0,0.0,0.7197923845385191,8.551785714285714,0.978494623655914,340.195670189351,560,0.2617349624633789
core,50,3000000.0,13,5,exclude,launch,0,0.0,prior,0.0,cluster_patrol,12600.0,43200,79391.72668982674,0,71825.19798510498,7566.52870472175,0,1,0.6341116917762495,1,11.074282461253608,35.04529647416532,6890.610997136995,1138.8041151831292,6.050742972621703,2.0045238172389332,302.7204298200833,0.0,0.0,0.03115264797507788,0.3711256247513667,4.0556577736890524,0.959349593495935,185.05464503304782,2174,0.5761921405792236
core,50,3000000.0,7,6,exclude,launch,0,0.0,prior,0.0,cluster_patrol,12600.0,43200,42665.23201303715,0,41749.90763511615,915.3243779210048,0,0,0.0,0,9.996281918182664,25.471381234233696,7669.642238462474,1565.6813844683393,4.898597067414751,2.0060146620894854,303.61965010170644,0.0,0.0,0.0,0.6584569938346052,7.771708683473389,0.9782608695652174,293.4242550516585,714,0.28473448753356934
core,50,3000000.0,14,5,exclude,launch,0,0.0,prior,0.0,cluster_patrol,12600.0,43200,78204.24229006482,0,70726.28290669202,7477.9593833727895,0,1,0.6437402965634113,1,11.074282461253608,36.79934969463988,6890.610997136995,1084.6185531289275,6.353027040943412,2.004346554689705,302.6136005751242,0.0,0.0,0.026817640047675805,0.34586336531256645,3.7493069306930695,0.9512195121951219,172.2489772716828,2525,0.6511924266815186
core,50,3000000.0,8,6,exclude,launch,0,0.0,prior,0.0,cluster_patrol,12600.0,43200,36414.52902897777,0,35790.20614342383,624.3228855539388,0,0,0.0,0,9.996281918182664,27.496081562935572,7669.642238462474,1450.8498356482667,5.286310168023374,2.0053801634220916,303.23678190078965,0.0,0.0,0.0,0.5958393557429931,6.992273730684326,0.9578947368421052,261.57858259987466,906,0.33222103118896484
core,50,3000000.0,15,5,exclude,launch,0,0.0,prior,0.0,cluster_patrol,12600.0,43200,77681.04599034516,0,70207.01347539948,7474.032514945675,0,1,0.6480760072486709,1,11.074282461253608,37.00723123844123,6890.610997136995,1078.4623919967614,6.389291873571135,2.004464587945333,302.68473253085637,0.0,0.0,0.023554043444124574,0.3270519462899215,3.428720445062587,0.9512195121951219,165.3180972555736,2876,0.7027044296264648
core,50,3000000.0,9,6,exclude,launch,0,0.0,prior,0.0,cluster_patrol,12600.0,43200,34232.33270020099,0,33705.063525415266,527.2691747857257,0,0,0.0,0,9.996281918182664,33.33526688197783,7669.642238462474,1197.033730375897,6.40720645027607,2.004839739828311,302.91087082146845,0.0,0.0,0.0,0.48607955035790595,5.949519230769231,0.9473684210526315,222.93984523485085,1248,0.42173242568969727
core,50,3000000.0,16,5,exclude,launch,0,0.0,prior,0.0,cluster_patrol,12600.0,43200,76944.28338729547,0,69535.25594320966,7409.0274440858175,0,1,0.6542815126488712,1,11.074282461253608,35.11879397926731,6890.610997136995,1136.3787702901827,6.063656922574704,2.0045979505170264,302.76511265490296,0.0,0.0,0.02220577350111029,0.33033667961515545,3.2683727034120733,0.9512195121951219,163.55867054816844,3048,0.7297027111053467
core,50,3000000.0,5,7,exclude,launch,0,0.0,prior,0.0,cluster_patrol,12600.0,43200,54003.398447056796,0,52730.16160016209,1273.2368468947022,0,0,0.0,0,11.563730725972865,24.683593664232838,6584.84920617487,1614.9282330040032,4.0774872044475226,2.0069121919010233,304.161648659677,0.0,0.0,0.0,0.8568333703024428,10.801526717557252,0.9696969696969697,387.888438680702,393,0.20551180839538574
core,50,3000000.0,10,6,exclude,launch,0,0.0,prior,0.0,cluster_patrol,12600.0,43200,31841.80520844211,0,31410.02020843516,431.7850000069529,0,0,0.0,1,9.996281918182664,29.51621082407942,7669.642238462474,1351.9506903457816,5.6730192108566095,2.0047883567983877,302.8798925872814,0.0,0.0,0.0,0.5054333648882033,5.559639909977494,0.9578947368421052,223.38171535298648,1333,0.4277324676513672
core,50,3000000.0,6,7,exclude,launch,0,0.0,prior,0.0,cluster_patrol,12600.0,43200,46231.011712389605,0,44902.88150544761,1328.130206941998,0,0,0.0,0,11.563730725972865,25.597928189434548,6584.84920617487,1557.7404155568533,4.227180049007685,2.0062732505501413,303.7757564318243,0.0,0.0,0.0,0.7327875267244685,9.03448275862069,0.9897959183673469,329.67654401891394,551,0.2575111389160156
core,50,3000000.0,11,6,exclude,launch,0,0.0,prior,0.0,cluster_patrol,12600.0,43200,270784.37538533786,0,259285.55811094114,11498.81727439674,0,1,0.9004077045356835,1,9.996281918182664,32.92805584502544,7669.642238462474,1211.7247090320566,6.329525329717091,2.00502565254761,303.02296868362475,0.0,0.0,0.04335260115606936,0.43042812351084225,5.014084507042254,0.9782608695652174,207.76047354680898,1562,0.47621726989746094
core,50,3000000.0,17,5,exclude,launch,0,0.0,prior,0.0,cluster_patrol,12600.0,43200,76549.58117355262,0,69085.62464515567,7463.956528396953,0,1,0.6576550955933457,1,11.074282461253608,36.02864569731271,6890.610997136995,1107.584431490096,6.2212963646181505,2.0047730105947394,302.8706408458849,0.0,0.0,0.019535489472541783,0.3098865284967012,3.0011534025374855,0.943089430894309,156.55353247575653,3468,0.7987020015716553
core,50,3000000.0,7,7,exclude,launch,0,0.0,prior,0.0,cluster_patrol,12600.0,43200,38684.709537830975,0,37715.05503391717,969.6545039138052,0,0,0.0,0,11.563730725972865,28.46483732049285,6584.84920617487,1401.1858984349649,4.699482926233932,2.005790282556915,303.4842277457756,0.0,0.0,0.0,0.6045243079467195,7.944801026957638,1.0,265.45206555735365,779,0.3189995288848877
core,50,3000000.0,12,6,exclude,launch,0,0.0,prior,0.0,cluster_patrol,12600.0,43200,269586.34362070245,0,258122.9549982239,11463.38862247853,0,1,0.9044090831540088,1,9.996281918182664,35.23888749684632,7669.642238462474,1132.4210965578582,6.772782900084918,2.0047482652784576,302.8557229740209,0.0,0.0,0.035913806863527534,0.39181222701806206,4.45015906680806,0.9782608695652174,194.10828826411162,1886,0.5385057926177979
core,50,3000000.0,13,6,exclude,launch,0,0.0,prior,0.0,cluster_patrol,12600.0,43200,268809.04314711085,0,257310.55923411335,11498.483912997466,0,1,0.9070243136552798,1,9.996281918182664,33.1493578598422,7669.642238462474,1203.742632513091,6.371496723058087,2.004846953263228,302.91521984471746,0.0,0.0,0.03275109170305677,0.389964033149184,4.1339458413926495,0.9782608695652174,190.85407662671818,2068,0.5840029716491699
core,50,3000000.0,8,7,exclude,launch,0,0.0,prior,0.0,cluster_patrol,12600.0,43200,36243.88365205737,0,35536.35702575587,707.5266263015012,0,0,0.0,0,11.563730725972865,26.961230050598946,6584.84920617487,1479.4913349717108,4.450752127115891,2.005570158243569,303.351402944999,0.0,0.0,0.0,0.58155398135512,6.944924406047516,1.0,255.49388955671563,926,0.34449195861816406
core,50,3000000.0,14,6,exclude,launch,0,0.0,prior,0.0,cluster_patrol,12600.0,43200,268646.37646272307,0,257066.52106908066,11579.85539364242,0,1,0.9075735212779763,1,9.996281918182664,36.218085608140186,7669.642238462474,1101.6023819866227,6.962260034905779,2.005116587485685,303.0778063316606,0.0,0.0,0.02585463947141626,0.33330896119264536,3.533231474407945,0.9782608695652174,176.22272065380227,2618,0.6390030384063721
core,50,3000000.0,9,7,exclude,launch,0,0.0,prior,0.0,cluster_patrol,12600.0,43200,35591.41179661007,0,34845.18411234311,746.2276842669584,0,0,0.0,0,11.563730725972865,25.866853034444787,6584.84920617487,1541.9256268435422,4.2705361993721045,2.005778468269666,303.47709817046274,0.0,0.0,0.0,0.5373379825793114,5.878113879003559,1.0,248.556491610512,1124,0.3974921703338623
core,50,3000000.0,10,7,exclude,launch,0,0.0,prior,0.0,cluster_patrol,12600.0,43200,34003.12750945951,0,33528.857614527,474.26989493251585,0,0,0.0,0,11.563730725972865,27.003714445501014,6584.84920617487,1477.266623581844,4.457454802714599,2.0054304015505986,303.2670877086594,0.0,0.0,0.0,0.5003025374674167,5.254477611940299,0.9896907216494846,232.39284725089996,1340,0.43049120903015137
core,50,3000000.0,15,6,exclude,launch,0,0.0,prior,0.0,cluster_patrol,12600.0,43200,268112.48127838504,0,256494.65775734783,11617.823521037208,0,1,0.9093807819102724,1,9.996281918182664,34.23498625362559,7669.642238462474,1165.3592873866776,6.581354198207554,2.005210580589037,303.1344933984446,0.0,0.0,0.02439685551640011,0.3389005427484696,3.3843659942363113,0.9782608695652174,173.60545777185774,2776,0.6840038299560547
core,50,3000000.0,11,7,exclude,launch,0,0.0,prior,0.0,cluster_patrol,12600.0,43200,30342.244677134848,0,29822.68413386269,519.560543272156,0,0,0.0,0,11.563730725972865,28.508987838599445,6584.84920617487,1399.3385993386755,4.705686821822007,2.005327799484677,303.2051953250108,0.0,0.0,0.0,0.45312955909314195,5.065070595457335,0.9896907216494846,198.96946333318263,1629,0.5065023899078369
core,50,3000000.0,5,8,exclude,launch,0,0.0,prior,0.0,cluster_patrol,12600.0,43200,57960.34292379192,0,56741.3917294795,1218.9511943124098,0,0,0.0,0,11.053074046788963,23.669925024857594,6904.472155108215,1684.3272161221034,4.09924632756613,2.006626939499272,303.98933859770136,0.0,0.0,0.0,0.8842928259946172,10.761154855643044,1.0,401.6568472765656,381,0.19901323318481445
core,50,3000000.0,12,7,exclude,launch,0,0.0,prior,0.0,cluster_patrol,12600.0,43200,29411.481553047175,0,28930.29622988409,481.18532316308176,0,0,0.0,1,11.563730725972865,27.360399540926544,6584.84920617487,1457.9419937641628,4.51653716974973,2.005521428275027,303.322002816075,0.0,0.0,0.0,0.44336262867214243,4.653083700440528,1.0,193.6229526200393,1816,0.5125048160552979
core,50,3000000.0,6,8,exclude,launch,0,0.0,prior,0.0,cluster_patrol,12600.0,43200,51970.85195914904,0,50745.69739916655,1225.154559982491,0,0,0.0,0,11.053074046788963,23.45911451311995,6904.472155108215,1699.9881053156412,4.061482626565933,2.0060072075617263,303.61515049984285,0.0,0.0,0.0,0.7931797428266867,8.958742632612967,1.0,361.7779469052254,509,0.2280130386352539
core,50,3000000.0,13,7,exclude,launch,0,0.0,prior,0.0,cluster_patrol,12600.0,43200,149594.08249042288,0,145285.78130502353,4308.301185399348,0,1,0.8187406162820025,1,11.563730725972865,35.42810192273759,6584.84920617487,1126.162285771659,5.847158344201571,2.0051234793904857,303.081962646611,0.0,0.0,0.02957607624055209,0.3520627397078516,4.003933566433567,0.979381443298969,177.6860985964844,2288,0.6031527519226074
core,50,3000000.0,7,8,exclude,launch,0,0.0,prior,0.0,cluster_patrol,12600.0,43200,44992.647589902146,0,44128.34524008078,864.3023498213679,0,0,0.0,0,11.053074046788963,25.807738959958503,6904.472155108215,1545.7493213698845,4.466747654134039,2.0053997904406202,303.24862158541305,0.0,0.0,0.0,0.6830279019652032,7.725036179450072,1.0,308.71083533408535,691,0.28066134452819824
core,50,3000000.0,8,8,exclude,launch,0,0.0,prior,0.0,cluster_patrol,12600.0,43200,39587.45730752087,0,38860.73054093829,726.7267665825833,0,0,0.0,0,11.053074046788963,27.901956750142137,6904.472155108215,1430.0623153074778,4.82809181194575,2.004935305053496,302.9684902028891,0.0,0.0,0.0,0.6023737421794422,6.79372197309417,1.0,271.08619957985843,892,0.32566118240356445
core,50,3000000.0,14,7,exclude,launch,0,0.0,prior,0.0,cluster_patrol,12600.0,43200,148499.50191012735,0,144180.53749082962,4318.9644192977385,0,1,0.8247755023749203,1,11.563730725972865,38.728068298569454,6584.84920617487,1030.093181738289,6.3924791687902385,2.005338255744845,303.21150253922605,0.0,0.0,0.023622047244094488,0.3044939221847851,3.6694560669456067,0.979381443298969,154.8617638635903,2868,0.734154224395752
core,50,3000000.0,9,8,exclude,launch,0,0.0,prior,0.0,cluster_patrol,12600.0,43200,36432.01424731012,0,35814.091374883596,617.9228724265286,0,0,0.0,0,11.053074046788963,27.694843227677296,6904.472155108215,1440.7722439783176,4.792202365061748,2.004913972783968,302.9556278089374,0.0,0.0,0.0,0.5467825293138878,6.125564588979223,1.0,242.69039685928612,1107,0.4029068946838379
core,50,3000000.0,10,8,exclude,launch,0,0.0,prior,0.0,cluster_patrol,12600.0,43200,34353.993296644156,0,33801.059415245654,552.9338813985092,0,0,0.0,0,11.053074046788963,26.53126612995401,6904.472155108215,1503.8374173981933,4.591235778036247,2.0050773200915204,303.0541258087058,0.0,0.0,0.0,0.5157837480631792,5.534509202453988,1.0,227.98673810253837,1304,0.42290806770324707
core,50,3000000.0,15,7,exclude,launch,0,0.0,prior,0.0,cluster_patrol,12600.0,43200,147317.0308703919,0,142971.13964022303,4345.891230168874,0,1,0.8313957358949634,1,11.563730725972865,37.91111099268874,6584.84920617487,1052.3086559779194,6.25752640992534,2.005304518977663,303.191152763073,0.0,0.0,0.02180232558139535,0.3026749168936311,3.5186735350933676,0.979381443298969,149.10300817829923,3106,0.7664144039154053
core,50,3000000.0,16,7,exclude,launch,0,0.0,prior,0.0,cluster_patrol,12600.0,43200,146727.17990380895,0,142448.41417406604,4278.765729742936,0,1,0.8347379904026274,1,11.563730725972865,36.052760940139564,6584.84920617487,1106.4208873531732,5.951486709481258,2.0055389098496614,303.3325497664937,0.0,0.0,0.020552637588490522,0.3057005931633685,3.33879781420765,0.979381443298969,147.9171168164651,3294,0.7864139080047607
core,50,3000000.0,11,8,exclude,launch,0,0.0,prior,0.0,cluster_patrol,12600.0,43200,32042.52857883745,0,31594.465808238598,448.06277059885235,0,0,0.0,0,11.053074046788963,28.452377070046516,6904.472155108215,1402.4269255756874,4.92323131365577,2.004892956313345,302.9429560944522,0.0,0.0,0.0,0.46364234477925415,5.0087664370695055,1.0,205.6867383131265,1597,0.4949076175689697
core,50,3000000.0,12,8,exclude,launch,0,0.0,prior,0.0,cluster_patrol,12600.0,43200,249437.6116468439,0,239186.2236173916,10251.388029452284,0,1,0.8840932519846989,1,11.053074046788963,33.45661297393235,6904.472155108215,1192.592501243258,5.789464672895742,2.0050072173200246,303.01185205960184,0.0,0.0,0.035046728971962614,0.3830686473827883,4.25530813050233,0.989247311827957,198.2447624503611,1931,0.5369079113006592
core,50,3000000.0,5,9,exclude,launch,0,0.0,prior,0.0,cluster_patrol,12600.0,43200,57055.3908395472,0,55299.50813273905,1755.882706808157,0,0,0.0,0,10.493072784437931,21.208387259130898,7290.744155068959,1879.3013245266602,3.879497162013271,2.0071781574797924,304.32235227131696,0.0,0.0,0.0,0.9168088453830847,10.53133514986376,0.9801980198019802,423.29538874388425,367,0.18800020217895508
core,50,3000000.0,17,7,exclude,launch,0,0.0,prior,0.0,cluster_patrol,12600.0,43200,146203.7258004407,0,141947.23357676045,4256.492223680261,0,1,0.8377266079903227,1,11.563730725972865,42.03949330821174,6584.84920617487,948.7054623520521,6.940878352117382,2.0058622861797586,303.5276816276312,0.0,0.0,0.01593484419263456,0.2525592649097008,2.767097532314924,0.979381443298969,138.52177993592096,4255,0.9059207439422607
core,50,3000000.0,6,9,exclude,launch,0,0.0,prior,0.0,cluster_patrol,12600.0,43200,52668.85135014701,0,51168.02428271047,1500.8270674365438,0,0,0.0,0,10.493072784437931,21.885209233466323,7290.744155068959,1821.6495231545898,4.002275993487166,2.0066630763703435,304.0111647982211,0.0,0.0,0.0,0.7800892626619425,8.232558139534884,0.9801980198019802,383.0575162874612,516,0.22499942779541016
core,50,3000000.0,13,8,exclude,launch,0,0.0,prior,0.0,cluster_patrol,12600.0,43200,248819.53229849256,0,238689.89355410653,10129.638744386033,0,1,0.8862893809462025,1,11.053074046788963,32.079541712190576,6904.472155108215,1243.6459357420447,5.551798913722604,2.005234078493095,303.1486657691584,0.0,0.0,0.031413612565445025,0.37423478848001535,3.9039888682745825,0.989247311827957,193.65421439597935,2156,0.556525468826294
core,50,3000000.0,7,9,exclude,launch,0,0.0,prior,0.0,cluster_patrol,12600.0,43200,44491.57679031406,0,43241.86720544054,1249.7095848735146,0,0,0.0,0,10.493072784437931,21.81988739582243,7290.744155068959,1827.22728485006,3.990058716569148,2.006526548542924,303.9287078765191,0.0,0.0,0.0,0.6906742241698465,7.453744493392071,1.0,321.39921003897064,681,0.26726579666137695
core,50,3000000.0,18,7,exclude,launch,0,0.0,prior,0.0,cluster_patrol,12600.0,43200,146308.21849807395,0,142017.09805273518,4291.120445338768,0,1,0.8371283072656805,1,11.563730725972865,44.86272033740845,6584.84920617487,889.041651791311,7.406682457348538,2.005775279276004,303.47517372081734,0.0,0.0,0.013878180416345412,0.23372931416750514,2.4647973802701597,0.979381443298969,135.35968286317404,4886,0.9771866798400879
core,50,3000000.0,14,8,exclude,launch,0,0.0,prior,0.0,cluster_patrol,12600.0,43200,248866.66795405129,0,238659.31941772916,10207.348536322113,0,1,0.8861215166382642,1,11.053074046788963,32.13896752843729,6904.472155108215,1241.3159146232138,5.562219958489764,2.005283326366409,303.1783698810936,0.0,0.0,0.027881040892193308,0.35970934625568834,3.466255144032922,0.989247311827957,193.5899205654534,2430,0.6205258369445801
core,50,3000000.0,8,9,exclude,launch,0,0.0,prior,0.0,cluster_patrol,12600.0,43200,41489.42835156245,0,40536.634329684275,952.7940218781769,0,0,0.0,0,10.493072784437931,21.595026134504234,7290.744155068959,1846.3912742641292,3.948645260996834,2.006376876542329,303.83832529172827,0.0,0.0,0.0,0.642530371344718,6.505980861244019,1.0,299.99059372101556,836,0.29926586151123047
core,50,3000000.0,15,8,exclude,launch,0,0.0,prior,0.0,cluster_patrol,12600.0,43200,247209.90937977546,0,237064.80831073443,10145.10106904102,0,1,0.8920601516396854,1,11.053074046788963,35.466738824367276,6904.472155108215,1124.8299891474473,6.138236197224244,2.0053114962882423,303.1953613707915,0.0,0.0,0.02277327935222672,0.3162616814488094,3.225806451612903,0.989247311827957,169.92235944607503,2976,0.6875252723693848
core,50,3000000.0,9,9,exclude,launch,0,0.0,prior,0.0,cluster_patrol,12600.0,43200,38459.31460572916,0,37493.079448784,966.2351569451621,0,0,0.0,0,10.493072784437931,23.899990935838108,7290.744155068959,1668.6874420627603,4.369149051698053,2.0059368338380885,303.57267410165923,0.0,0.0,0.0,0.5639948868262348,5.75839552238806,1.0,263.493662100963,1072,0.35178279876708984
core,50,3000000.0,10,9,exclude,launch,0,0.0,prior,0.0,cluster_patrol,12600.0,43200,35234.84382050522,0,34495.448488191454,739.3953323137694,0,0,0.0,0,10.493072784437931,23.716889385479305,7290.744155068959,1681.6839250981084,4.33538315152987,2.005801196629609,303.490814142466,0.0,0.0,0.0,0.5418709182100923,5.366208569118836,1.0,245.82516144367088,1237,0.39177966117858887
core,50,3000000.0,16,8,exclude,launch,0,0.0,prior,0.0,cluster_patrol,12600.0,43200,246381.14845020446,0,236249.08882432999,10132.059625874488,0,1,0.8950608057285034,1,11.053074046788963,33.757383439817644,6904.472155108215,1181.6966435215074,5.842846548613854,2.0054655602231852,303.28829783847726,0.0,0.0,0.021608643457382955,0.3216299796380915,3.1093401338858784,0.989247311827957,167.059061530815,3137,0.7460403442382812
core,50,3000000.0,5,10,exclude,launch,0,0.0,prior,0.0,cluster_patrol,12600.0,43200,61061.06499023879,0,59408.33764839147,1652.7273418473274,0,0,0.0,0,11.506885521004397,24.85663305484679,6619.025743670595,1603.667617014427,4.127429944612425,2.0069350897329405,304.1754824806455,0.0,0.0,0.0,0.8443229151851354,9.709273182957393,0.978021978021978,420.48764639492214,399,0.19551563262939453
core,50,3000000.0,11,9,exclude,launch,0,0.0,prior,0.0,cluster_patrol,12600.0,43200,260538.03564899624,0,246966.62793371157,13571.407715284678,0,1,0.8820634536650365,1,10.493072784437931,28.625760171794084,7290.744155068959,1393.5554399770956,5.231757521745091,2.0054355419745002,303.27018871966703,0.0,0.0,0.046248715313463515,0.45977759761503945,4.7207392197125255,0.9900990099009901,236.2274519153403,1461,0.42677950859069824
core,50,3000000.0,17,8,exclude,launch,0,0.0,prior,0.0,cluster_patrol,12600.0,43200,245902.7860390021,0,235720.23866462428,10182.547374377813,0,1,0.8968019956194279,1,11.053074046788963,32.32058334462734,6904.472155108215,1234.1216149050138,5.594644864590293,2.005639330718794,303.3931390465632,0.0,0.0,0.02057142857142857,0.3266001706875699,2.9887640449438204,0.989247311827957,165.6529699660381,3293,0.7466404438018799
core,50,3000000.0,6,10,exclude,launch,0,0.0,prior,0.0,cluster_patrol,12600.0,43200,52015.280635323215,0,50488.29450268486,1526.9861326383532,0,0,0.0,0,11.506885521004397,29.085884158882504,6619.025743670595,1371.296644944997,4.826837262433531,2.005747702591453,303.45853238039575,0.0,0.0,0.0,0.7310509743398146,8.574545454545454,0.967032967032967,346.8621905599939,550,0.24137401580810547
core,50,3000000.0,12,9,exclude,launch,0,0.0,prior,0.0,cluster_patrol,12600.0,43200,258005.65950062024,0,244546.83506147025,13458.824439149977,0,1,0.8907210794540907,1,10.493072784437931,30.133695140832945,7290.744155068959,1324.0045745612067,5.5065853208892515,2.005155745939266,303.10142207841676,0.0,0.0,0.03902862098872507,0.42627357063509136,4.362586605080831,0.9900990099009901,215.7555668739264,1732,0.5166394710540771
core,50,3000000.0,13,9,exclude,launch,0,0.0,prior,0.0,cluster_patrol,12600.0,43200,256969.11001278926,0,243558.50975577458,13410.600257014681,0,1,0.8943140267879695,1,10.493072784437931,28.28217339838688,7290.744155068959,1410.5589702433194,5.168691496684691,2.0053305000972,303.2068243277058,0.0,0.0,0.035828025477707005,0.42714453677130443,4.071504237288136,0.9900990099009901,211.8833307095934,1888,0.5353729724884033
core,50,3000000.0,7,10,exclude,launch,0,0.0,prior,0.0,cluster_patrol,12600.0,43200,48013.73694277915,0,47011.92569689535,1001.8112458837976,0,0,0.0,0,11.506885521004397,26.55786352023435,6619.025743670595,1501.8754950015123,4.407173407982085,2.0056858978603236,303.42123754653767,0.0,0.0,0.0,0.6609987540637949,7.326760563380281,0.978021978021978,313.75772127224275,710,0.2808561325073242
core,50,3000000.0,14,9,exclude,launch,0,0.0,prior,0.0,cluster_patrol,12600.0,43200,256726.86559085458,0,243317.37682651548,13409.48876433908,0,1,0.8951578908843454,1,10.493072784437931,26.900327766032095,7290.744155068959,1482.902528498406,4.91653632990403,2.0054868082660304,303.30111647910275,0.0,0.0,0.033198081888601995,0.42863531983789305,3.792545365375184,0.9900990099009901,210.50476354193074,2039,0.5403735637664795
core,50,3000000.0,15,9,exclude,launch,0,0.0,prior,0.0,cluster_patrol,12600.0,43200,255612.4029502255,0,242263.15261770153,13349.250332523983,0,1,0.8990607532468147,1,10.493072784437931,26.1651928278073,7290.744155068959,1524.3724555912615,4.7827839766634215,2.005741472978035,303.45477314040807,0.0,0.0,0.03035413153456998,0.42197974398610116,3.5795607350963694,0.9801980198019802,203.81212957906112,2231,0.5643730163574219
core,50,3000000.0,8,10,exclude,launch,0,0.0,prior,0.0,cluster_patrol,12600.0,43200,40997.8101725495,0,40187.26253641334,810.5476361361602,0,0,0.0,0,11.506885521004397,27.096930790949294,6619.025743670595,1472.2057376900173,4.4959923563783,2.005401700676788,303.2497739171334,0.0,0.0,0.0,0.5955380716030201,6.785793562708102,0.967032967032967,266.3194962720287,901,0.33936572074890137
core,50,3000000.0,9,10,exclude,launch,0,0.0,prior,0.0,cluster_patrol,12600.0,43200,40605.31521641248,0,39844.09395205117,761.2212643613158,0,0,0.0,0,11.506885521004397,25.74347105093769,6619.025743670595,1549.4643856153414,4.271815348012643,2.0055859803571834,303.36094916727535,0.0,0.0,0.0,0.5527460928835949,5.69019248395967,0.978021978021978,262.00286851951853,1091,0.382091760635376
core,50,3000000.0,16,9,exclude,launch,0,0.0,prior,0.0,cluster_patrol,12600.0,43200,254852.7297520369,0,241582.07950328305,13270.650248753815,0,1,0.90174070240196,1,10.493072784437931,26.69534166611917,7290.744155068959,1493.916994376051,4.880287313495627,2.0059866371477204,303.60273423593367,0.0,0.0,0.026833631484794274,0.3995706988976294,3.2892234548335977,0.9801980198019802,196.25935012057607,2524,0.6346092224121094
core,50,3000000.0,10,10,exclude,launch,0,0.0,prior,0.0,cluster_patrol,12600.0,43200,34475.73816122267,0,33917.40350552478,558.334655697887,0,0,0.0,0,11.506885521004397,28.9328829066774,6619.025743670595,1378.8418355679798,4.800424220479248,2.005320648327443,303.2008817860532,0.0,0.0,0.0,0.4730653325915283,5.444601270289343,0.978021978021978,210.91367065057835,1417,0.45409464836120605
core,50,3000000.0,4,11,exclude,launch,0,0.0,prior,0.0,cluster_patrol,12600.0,43200,78432.09856711644,0,75782.9243146903,2649.1742524261326,0,0,0.0,0,9.5786309571142,21.11952766205843,8018.59089865545,1886.7882579165198,4.249862625025001,2.0076251205410243,304.59251506359396,0.0,0.0,0.0,1.096392158333483,13.412244897959184,0.9896907216494846,498.67101821499375,245,0.15172815322875977
core,50,3000000.0,11,10,exclude,launch,0,0.0,prior,0.0,cluster_patrol,12600.0,43200,32704.50905817503,0,32142.760116371057,561.7489418039758,0,0,0.0,0,11.506885521004397,27.665110058861988,6619.025743670595,1442.024233641343,4.590093279470409,2.0053261899144,303.20422443834104,0.0,0.0,0.0,0.4667748847204179,5.048101265822785,0.978021978021978,204.5572314805262,1580,0.4790952205657959
core,50,3000000.0,5,11,exclude,launch,0,0.0,prior,0.0,cluster_patrol,12600.0,43200,58199.37658515098,0,56569.502736022674,1629.8738491283073,0,0,0.0,0,9.5786309571142,30.648649302223877,8018.59089865545,1301.3207527606055,6.161886592252457,2.0058307805328637,303.50866772020487,0.0,0.0,0.0,0.821919128125673,10.735294117647058,0.9895833333333334,374.11551217030745,408,0.22251152992248535
core,50,3000000.0,12,10,exclude,launch,0,0.0,prior,0.0,cluster_patrol,12600.0,43200,31608.310532467887,0,31059.77758152843,548.5329509394594,0,0,0.0,1,11.506885521004397,28.503738204139964,6619.025743670595,1399.5618621018316,4.729355609712233,2.0053771723340486,303.234977595122,0.0,0.0,0.0,0.43050097009613586,4.595187165775401,0.967391304347826,191.96008233436032,1870,0.5417447090148926
core,50,3000000.0,6,11,exclude,launch,0,0.0,prior,0.0,cluster_patrol,12600.0,43200,54294.29041685776,0,52741.57501122677,1552.7154056309896,0,0,0.0,0,9.5786309571142,26.82430617990314,8018.59089865545,1487.0227826106438,5.392379318209145,2.00559790366846,303.36814315872016,0.0,0.0,0.0,0.7405879910703442,8.847426470588236,0.9895833333333334,338.73033094492496,544,0.25850963592529297
core,50,3000000.0,13,10,exclude,launch,0,0.0,prior,0.0,cluster_patrol,12600.0,43200,233694.95979089433,0,233319.9176119776,375.0421789167278,0,1,0.880555447501098,1,11.506885521004397,31.960870737249124,6619.025743670595,1248.2084977226318,5.30282060709174,2.005322605022206,303.2020620505905,0.0,0.0,0.032119914346895075,0.3829776728431172,4.221747388414055,0.978021978021978,183.41530709000335,2106,0.5753302574157715
core,50,3000000.0,14,10,exclude,launch,0,0.0,prior,0.0,cluster_patrol,12600.0,43200,232891.48200117602,0,232455.49109752793,435.9909036480795,0,1,0.8835933720254397,1,11.506885521004397,30.547034846444728,6619.025743670595,1305.9207959676303,5.0684741096922235,2.0054142142313065,303.2573226535068,0.0,0.0,0.029693170570768722,0.3835590755516256,3.957437472575691,0.978021978021978,180.76484701280248,2279,0.5993313789367676
core,50,3000000.0,7,11,exclude,launch,0,0.0,prior,0.0,cluster_patrol,12600.0,43200,52559.77307043387,0,51200.207592738305,1359.5654776955616,0,0,0.0,0,9.5786309571142,26.512836505258683,8018.59089865545,1504.5296969854362,5.329632851197267,2.005547853092101,303.33794545744,0.0,0.0,0.0,0.6299559106869452,6.967871485943775,0.9895833333333334,313.21154709369404,747,0.2960970401763916
core,50,3000000.0,8,11,exclude,launch,0,0.0,prior,0.0,cluster_patrol,12600.0,43200,44891.69678940469,0,44047.964519416244,843.7322699884469,0,0,0.0,0,9.5786309571142,27.404892616708185,8018.59089865545,1455.8511720981915,5.507836963237769,2.005140928831134,303.0924860434545,0.0,0.0,0.0,0.5761514808990014,6.440514469453376,0.9895833333333334,271.16097759673784,933,0.33209681510925293
core,50,3000000.0,15,10,exclude,launch,0,0.0,prior,0.0,cluster_patrol,12600.0,43200,231916.4753665127,0,231555.82798285567,360.64738365701885,0,1,0.8873081119925246,1,11.506885521004397,29.798720276045866,6619.025743670595,1338.5856746308132,4.944790512192017,2.0056086804708926,303.3746454715231,0.0,0.0,0.02710027100271003,0.3768964337160277,3.699519230769231,0.978021978021978,176.59065627717845,2496,0.6553335189819336
core,50,3000000.0,9,11,exclude,launch,0,0.0,prior,0.0,cluster_patrol,12600.0,43200,42822.27920821864,0,41973.89279736169,848.3864108569531,0,0,0.0,0,9.5786309571142,25.749015867827893,8018.59089865545,1549.3996722372053,5.1752888827433825,2.0052378443734398,303.15093712816787,0.0,0.0,0.0,0.5498229302592229,5.718437783832879,1.0,259.3511647042751,1101,0.36009788513183594
core,50,3000000.0,16,10,exclude,launch,0,0.0,prior,0.0,cluster_patrol,12600.0,43200,231034.21667048216,0,230708.48566510362,325.73100537852275,0,1,0.8906965074827883,1,11.506885521004397,30.672287562225506,6619.025743670595,1300.4912649504593,5.089634911098568,2.005563329855654,303.3472831051171,0.0,0.0,0.02407060711420166,0.35865133963715495,3.469605403483825,0.978021978021978,167.26113866963823,2813,0.678333044052124
core,50,3000000.0,5,12,exclude,launch,0,0.0,prior,0.0,cluster_patrol,12600.0,43200,80189.16070767687,0,77148.1729416924,3040.987765984454,0,0,0.0,0,10.941421182811737,24.90619516678683,6978.331089719389,1600.3738190268336,4.360438171853386,2.0070637264878073,304.2532047622528,0.0,0.0,0.0,0.8516653873166726,9.05089058524173,0.9509803921568627,458.50628774003496,393,0.1915125846862793
core,50,3000000.0,17,10,exclude,launch,0,0.0,prior,0.0,cluster_patrol,12600.0,43200,230208.14689864498,0,229821.13504976174,387.0118488832477,0,1,0.8938926474570931,1,11.506885521004397,32.56011815257945,6619.025743670595,1225.227147086269,5.402284596298244,2.0053371711473895,303.2108483071906,0.0,0.0,0.021101992966002344,0.33540269944992357,3.249298846992833,0.978021978021978,156.50367662165843,3209,0.7738440036773682
core,50,3000000.0,10,11,exclude,launch,0,0.0,prior,0.0,cluster_patrol,12600.0,43200,326041.9937675858,0,285076.01324849867,40965.980519087134,0,1,0.888766104377932,1,9.5786309571142,30.30376505655122,8018.59089865545,1316.6944522396839,6.089940521140579,2.004972364951337,302.9908362947651,0.0,0.0,0.05344418052256532,0.47813667443652513,5.1524486571879935,0.9789473684210527,250.1479040235292,1266,0.40709996223449707
core,50,3000000.0,18,10,exclude,launch,0,0.0,prior,0.0,cluster_patrol,12600.0,43200,229227.49218026627,0,228898.70547409155,328.7867061747277,0,1,0.8977167962715086,1,11.506885521004397,32.3986223928301,6619.025743670595,1231.414179222236,5.375141731639948,2.005207373067167,303.1325588605783,0.0,0.0,0.019745502413339184,0.333271171303312,3.0822637106184363,0.978021978021978,154.13129424173857,3428,0.7838423252105713
core,50,3000000.0,11,11,exclude,launch,0,0.0,prior,0.0,cluster_patrol,12600.0,43200,324536.7250376264,0,283497.91571609303,41038.80932153336,0,1,0.8928883861474711,1,9.5786309571142,30.329411485278712,8018.59089865545,1315.6873122120032,6.094602284469985,2.0048104485435143,302.89321125066556,0.0,0.0,0.04568527918781726,0.45422618831924777,4.7231600270087775,0.9789473684210527,233.25440751411858,1481,0.4400980472564697
core,50,3000000.0,6,12,exclude,launch,0,0.0,prior,0.0,cluster_patrol,12600.0,43200,55378.38538731012,0,53729.624157222825,1648.7612300872963,0,0,0.0,0,10.941421182811737,26.959551479912893,6978.331089719389,1479.1405548740177,4.7178282460883185,2.0061706833487323,303.71383320913645,0.0,0.0,0.0,0.7369501474381185,9.12568306010929,0.9607843137254902,326.70103140421855,549,0.2639641761779785
core,50,3000000.0,12,11,exclude,launch,0,0.0,prior,0.0,cluster_patrol,12600.0,43200,322665.92533322406,0,281693.8397096144,40972.085623609666,0,1,0.8980653050525067,1,9.5786309571142,33.34788466197752,8018.59089865545,1196.8252742882323,6.699884328081399,2.0044302314100575,302.66402693113844,0.0,0.0,0.03751563151313047,0.40978304275768723,4.310803324099723,0.9789473684210527,209.68929478515926,1805,0.5015537738800049
core,50,3000000.0,7,12,exclude,launch,0,0.0,prior,0.0,cluster_patrol,12600.0,43200,52585.019792864914,0,51243.18234694184,1341.8374459230754,0,0,0.0,0,10.941421182811737,27.45549585642654,6978.331089719389,1452.8513178931698,4.8031969987396295,2.005577845997663,303.35604130839,0.0,0.0,0.0,0.6745221397332872,7.393113342898135,0.9607843137254902,317.565160596458,697,0.2749643325805664
core,50,3000000.0,8,12,exclude,launch,0,0.0,prior,0.0,cluster_patrol,12600.0,43200,51017.07805367151,0,49806.11710359519,1210.9609500763236,0,0,0.0,0,10.941421182811737,25.152841799443664,6978.331089719389,1585.476065498034,4.4014105552122205,2.006056854748954,303.64511849620726,0.0,0.0,0.0,0.5936822972891055,6.048565121412803,0.9607843137254902,298.7119742075305,906,0.3199644088745117
core,50,3000000.0,13,11,exclude,launch,0,0.0,prior,0.0,cluster_patrol,12600.0,43200,322116.76889287314,0,281188.79077134404,40927.978121529086,0,1,0.8995963596071093,1,9.5786309571142,30.583807395795894,8018.59089865545,1304.7233009017234,6.145817195963024,2.004841384220522,302.91186223266453,0.0,0.0,0.03392385978137957,0.4041886798257936,3.9323985978968454,0.9789473684210527,207.75484640672985,1997,0.5499656200408936
core,50,3000000.0,14,11,exclude,launch,0,0.0,prior,0.0,cluster_patrol,12600.0,43200,320894.74735263287,0,280012.737268597,40882.010084035894,0,1,0.9030221748877552,1,9.5786309571142,29.708181034574302,8018.59089865545,1342.992915536224,5.9706874145749484,2.005119236693318,303.0794039912874,0.0,0.0,0.03032345013477089,0.391442085655722,3.6233766233766236,0.9789473684210527,201.60571674054995,2233,0.5814762115478516
core,50,3000000.0,9,12,exclude,launch,0,0.0,prior,0.0,cluster_patrol,12600.0,43200,44700.06357795553,0,43757.950678968395,942.1128989871314,0,0,0.0,0,10.941421182811737,27.11599726927919,6978.331089719389,1471.0517347350751,4.743770001383488,2.005563693303201,303.34750238687246,0.0,0.0,0.0,0.5365611933632052,5.718472468916518,0.98,253.58421115705306,1126,0.3649632930755615
core,50,3000000.0,15,11,exclude,launch,0,0.0,prior,0.0,cluster_patrol,12600.0,43200,320316.7979210778,0,279447.3673579454,40869.430563132395,0,1,0.9046515029655989,1,9.5786309571142,30.94336820484158,8018.59089865545,1289.4280537550203,6.218719125354868,2.0050503689406787,303.0378732323382,0.0,0.0,0.026423957721667644,0.36709009394582304,3.3095238095238093,0.9789473684210527,192.18636117426922,2562,0.660475492477417
core,50,3000000.0,10,12,exclude,launch,0,0.0,prior,0.0,cluster_patrol,12600.0,43200,38743.26059213596,0,38100.8914080187,642.3691841172487,0,0,0.0,0,10.941421182811737,26.723018835156914,6978.331089719389,1492.7137644131474,4.674929149904961,2.005524314900294,303.3237443567118,0.0,0.0,0.0,0.5086402008495723,5.504157218442932,0.99,224.6597885580691,1323,0.42496323585510254
core,50,3000000.0,11,12,exclude,launch,0,0.0,prior,0.0,cluster_patrol,12600.0,43200,38371.54746903562,0,37834.19551020065,537.3519588349798,0,0,0.0,1,10.941421182811737,27.127621407875537,6978.331089719389,1470.3704466150455,4.745968001318494,2.005633181548542,303.38942874943285,0.0,0.0,0.0,0.4680583192526166,4.669411019632679,0.99,221.78808444314072,1579,0.4709630012512207
core,50,3000000.0,12,12,exclude,launch,0,0.0,prior,0.0,cluster_patrol,12600.0,43200,313228.9712384131,0,298377.2695024051,14851.70173600811,0,1,0.8825372630997279,1,10.941421182811737,29.597064668949933,6978.331089719389,1347.3836257309017,5.179171660137938,2.006088463207378,303.66419873969505,0.0,0.0,0.037236243276789406,0.40671724654354147,4.032471106219043,0.98,222.56555895165553,1817,0.4709630012512207
core,50,3000000.0,13,12,exclude,launch,0,0.0,prior,0.0,cluster_patrol,12600.0,43200,312820.0971989081,0,297876.62080575177,14943.476393156367,0,1,0.8836907905713024,1,10.941421182811737,28.06021095312492,6978.331089719389,1421.0543756770808,4.910671406500168,2.006265287755192,303.7709488023119,0.0,0.0,0.03429878048780488,0.4088773319851362,3.7692697768762677,0.97,219.8714167627964,1972,0.48896336555480957
core,50,3000000.0,14,12,exclude,launch,0,0.0,prior,0.0,cluster_patrol,12600.0,43200,312144.1099435447,0,297287.3870259167,14856.722917627989,0,1,0.8856045339131682,1,10.941421182811737,27.873320224632494,6978.331089719389,1430.403295484752,4.87857593152041,2.0065167095182765,303.9227659618496,0.0,0.0,0.030539531727180182,0.3943812656919704,3.447000451059991,0.97,213.83320545334612,2217,0.510509729385376
core,50,3000000.0,15,12,exclude,launch,0,0.0,prior,0.0,cluster_patrol,12600.0,43200,306044.6715752605,0,291400.4426733262,14644.228901934324,0,1,0.9032545398599252,1,10.941421182811737,29.161272900772826,6978.331089719389,1367.5947973263,5.102630620825914,2.0059775572325727,303.5972536966842,0.0,0.0,0.02723146747352496,0.37857950402205603,3.5207243460764586,0.98,186.26288906094717,2485,0.5885088443756104
core,50,3000000.0,16,12,exclude,launch,0,0.0,prior,0.0,cluster_patrol,12600.0,43200,303848.9836741911,0,289233.8374612836,14615.146212907563,0,1,0.9097816805492683,1,10.941421182811737,28.80041831379576,6978.331089719389,1384.5914890357926,5.039992766804444,2.0061783231632804,303.71844540110123,0.0,0.0,0.024916943521594685,0.37115547461912946,3.4409274935590726,0.98,173.9664416181945,2717,0.6355094909667969
core,50,3000000.0,17,12,exclude,launch,0,0.0,prior,0.0,cluster_patrol,12600.0,43200,303212.7096923419,0,288583.8277231553,14628.881969186576,0,1,0.9116908037291136,1,10.941421182811737,30.622447228076908,6978.331089719389,1302.2988300758516,5.358471441852513,2.0060393218420787,303.63453512774066,0.0,0.0,0.021728633510381457,0.3450793293549056,3.1469361565607956,0.98,166.06332037828085,3117,0.6905159950256348
core,100,1500000.0,10,1,exclude,launch,0,0.0,prior,0.0,cluster_patrol,12600.0,43200,285187.26935927296,0,276505.29752636096,8681.971832912026,0,1,0.7244218450212255,1,5.478029860560422,21.381524292369466,6968.561876837692,931.9668996207583,7.47726328013729,2.007339545590226,304.4198880329768,0.0,0.0,0.059721300597213006,0.5340242321184837,10.52208480565371,0.989010989010989,273.85890030480135,1132,0.6908872127532959
core,100,1500000.0,11,1,exclude,launch,0,0.0,prior,0.0,cluster_patrol,12600.0,43200,292099.4927089788,0,282790.5102782816,9308.982430697224,0,1,0.7072791737151131,1,5.478029860560422,19.717890489229617,6968.561876837692,1010.5583700010097,6.895753955143362,2.007419495459616,304.4682119496324,0.0,0.0,0.04891304347826087,0.4861287994286963,8.994938539407086,0.9835164835164835,262.35142403571973,1383,0.7128863334655762
core,100,1500000.0,12,1,exclude,launch,0,0.0,prior,0.0,cluster_patrol,12600.0,43200,295291.9591608423,0,285466.89230070915,9825.066860133136,0,1,0.6996326226860783,1,5.478029860560422,20.00931087929053,6968.561876837692,995.9810031442873,6.996681517858387,2.007136018679672,304.29688803658223,0.0,0.0,0.04094631483166515,0.4475545168822132,8.01817080557238,0.989010989010989,246.46971220519993,1651,0.8053939342498779
core,100,1500000.0,16,1,exclude,launch,0,0.0,prior,0.0,cluster_patrol,12600.0,43200,303769.71475530654,0,293839.4579075726,9930.256847733905,0,1,0.6801069290670663,11,5.478029860560422,14.693164107107988,6968.561876837692,1355.332358291968,5.14158894990133,2.008624959241453,305.19729252144685,0.0,0.0,0.02805486284289277,0.4175605279673427,5.203066721922918,0.978021978021978,259.6883991697258,2413,0.8543939590454102
core,100,1500000.0,11,2,exclude,launch,0,0.0,prior,0.0,cluster_patrol,12600.0,43200,323658.0132837005,0,307129.6431311357,16528.370152564876,0,1,0.7208760877106628,1,6.024642709207431,17.44653029297434,6306.0645414764385,1141.6918901161266,5.523438150055546,2.00817708158333,304.9263083489641,0.0,0.0,0.050818746470920384,0.5041850387027268,8.489122280570143,0.967741935483871,289.1148143507069,1333,0.7678816318511963
core,100,1500000.0,13,1,exclude,launch,0,0.0,prior,0.0,cluster_patrol,12600.0,43200,277279.15680967446,0,268390.78113165626,8888.375678018203,0,1,0.7450826460339314,1,5.478029860560422,20.533534360312093,6968.561876837692,970.9477262307062,7.177072141556153,2.006321065127689,303.8046258359179,0.0,0.0,0.03810330228619814,0.4541087267194253,8.109797297297296,0.9835164835164835,225.84194089646013,1776,0.9063942432403564
core,100,1500000.0,14,1,exclude,launch,0,0.0,prior,0.0,cluster_patrol,12600.0,43200,278379.89666034916,0,269550.95609392074,8828.940566428415,0,1,0.742136520360434,1,5.478029860560422,18.17498919617579,6968.561876837692,1096.8084201219108,6.35349049933728,2.006573415520408,303.95701224972584,0.0,0.0,0.03480278422273782,0.44947867918546053,7.346529562982005,0.9835164835164835,228.48964367909466,1945,1.0289018154144287
core,100,1500000.0,15,1,exclude,launch,0,0.0,prior,0.0,cluster_patrol,12600.0,43200,290345.4548883047,0,281607.2364992481,8738.218389056625,0,1,0.7115519956228901,8,5.478029860560422,15.872329782476564,6968.561876837692,1255.2873844817082,5.55136772900408,2.0075952005865423,304.5744264735104,0.0,0.0,0.031045187995860642,0.43180035664985905,6.127922971114168,0.9835164835164835,243.9633092989766,2181,1.0439014434814453
core,100,1500000.0,18,1,exclude,launch,0,0.0,prior,0.0,cluster_patrol,12600.0,43200,1964104.2770498805,0,1887497.9617680348,76606.31528184561,0,11,0.9660854321439715,24,5.478029860560422,17.651428871999386,6968.561876837692,1129.0792809162135,6.171897752992965,2.0070384210271577,304.2379144274613,0.0,0.0,0.04440585462664351,0.3545513808180483,4.747611202635914,0.9120879120879121,225.93065876362758,3035,1.0788850784301758
core,100,1500000.0,17,1,exclude,launch,0,0.0,prior,0.0,cluster_patrol,12600.0,43200,1430028.9089545903,0,1382711.2225010856,47317.686453504706,0,8,0.9569738957806659,21,5.478029860560422,16.720263946900268,6968.561876837692,1192.263675000427,5.844816061208269,2.0065248838015206,303.92770251349924,0.0,0.0,0.025048705816866128,0.39792573600546866,5.556788753237144,0.9395604395604396,216.94885830237595,2703,1.1908848285675049
core,100,1500000.0,20,1,exclude,launch,0,0.0,prior,0.0,cluster_patrol,12600.0,43200,3527360.9719399544,0,3324577.8048431873,202783.16709676705,0,22,0.9884960409361884,32,5.478029860560422,20.46361716696897,6968.561876837692,974.4339648223319,7.151394684921791,2.0059734267248084,303.5947605829359,0.0,0.0,0.05306766620635234,0.2994543258506265,4.409698558322412,0.7747252747252747,193.43838670462492,3815,1.2408850193023682
core,100,1500000.0,19,1,exclude,launch,0,0.0,prior,0.0,cluster_patrol,12600.0,43200,3214486.846691837,0,3043190.880635036,171295.96605680112,0,19,0.9859424629426432,26,5.478029860560422,19.82158364509599,6968.561876837692,1005.8625499221309,6.927946444946344,2.006240544754739,303.75601017249426,0.0,0.0,0.060031243026110244,0.31887213557757527,4.775207591933571,0.7967032967032966,202.25829403161703,3372,1.255885124206543
core,100,1500000.0,12,2,exclude,launch,0,0.0,prior,0.0,cluster_patrol,12600.0,43200,334083.6386112992,0,316721.3629651248,17362.275646174377,0,1,0.6983799725781296,1,6.024642709207431,17.223850952055553,6306.0645414764385,1156.5299821518047,5.452573334712487,2.008042205603087,304.8447264831409,0.0,0.0,0.04312410158121706,0.47119967113611977,7.555130656469089,0.9723502304147466,275.32141107255984,1569,0.687941312789917
core,100,1500000.0,13,2,exclude,launch,0,0.0,prior,0.0,cluster_patrol,12600.0,43200,334206.37834057806,0,316514.37136801763,17692.006972560495,0,1,0.6981234874410243,1,6.024642709207431,17.986703153096812,6306.0645414764385,1107.6885302161556,5.692994347649213,2.0076627690496003,304.6152768386124,0.0,0.0,0.036555645816409424,0.43560169556542067,6.769978401727862,0.9769585253456221,260.41604832939976,1852,0.7409412860870361
core,100,1500000.0,9,3,exclude,launch,0,0.0,prior,0.0,cluster_patrol,12600.0,43200,198749.51163336073,0,177897.05896299248,20852.45267036827,0,1,0.5684198424347782,1,4.940884818166719,21.246561815053713,7762.382610686937,937.9515100321107,8.275889028017229,2.007201363042782,304.3363757145712,0.0,0.0,0.07525083612040134,0.5979346622712954,11.830734966592427,0.9560975609756097,307.7739343469497,898,0.5554337501525879
core,100,1500000.0,16,2,exclude,launch,0,0.0,prior,0.0,cluster_patrol,12600.0,43200,354393.00978130486,0,335932.3581368212,18460.6516444837,0,1,0.6583575745925145,15,6.024642709207431,17.157645948913693,6306.0645414764385,1160.9953651433248,5.4316018227152485,2.0080374284971043,304.8418371753162,0.0,0.0,0.02530933633295838,0.3769501675251291,4.976448598130841,0.9723502304147466,244.5036155651496,2675,0.8789408206939697
core,100,1500000.0,10,3,exclude,launch,0,0.0,prior,0.0,cluster_patrol,12600.0,43200,192747.69710476027,0,172001.65054696618,20746.046557794096,0,1,0.5861686655648607,1,4.940884818166719,20.566313556828835,7762.382610686937,969.2445275758678,8.008693771117873,2.00664330697171,303.99922424128187,0.0,0.0,0.06419400855920114,0.5747886645136127,10.80721747388414,0.9609756097560975,287.3271013165112,1053,0.6048455238342285
core,100,1500000.0,17,2,exclude,launch,0,0.0,prior,0.0,cluster_patrol,12600.0,43200,1135717.4410640097,0,1062473.8101817041,73243.63088230562,0,7,0.9005109393762775,23,6.024642709207431,16.940693887707756,6306.0645414764385,1175.92123137548,5.362658971723989,2.007939229392378,304.78244704443017,0.0,0.0,0.022727272727272728,0.36104672029121393,4.5392354124748495,0.9216589861751152,240.87033884796259,2982,0.9433529376983643
core,100,1500000.0,11,3,exclude,launch,0,0.0,prior,0.0,cluster_patrol,12600.0,43200,196841.10643079836,0,175863.29027321242,20977.816157585967,0,1,0.5739969028273849,1,4.940884818166719,16.68635744303228,7762.382610686937,1194.353401677385,6.499234313550093,2.0070842271994493,304.2655922021736,0.0,0.0,0.05518087063151441,0.5492544254912448,9.022022838499185,0.9658536585365853,295.32254093594526,1226,0.6228454113006592
core,100,1500000.0,12,3,exclude,launch,0,0.0,prior,0.0,cluster_patrol,12600.0,43200,194828.23387369572,0,173824.62200816534,21003.611865530373,0,1,0.5799009009197363,1,4.940884818166719,15.47419840635059,7762.382610686937,1287.912893975523,6.027102179811287,2.0070830309923613,304.2648693938286,0.0,0.0,0.04880694143167028,0.5337291760635283,8.256854256854258,0.9609756097560975,285.2117618717229,1386,0.6734259128570557
core,100,1500000.0,18,2,exclude,launch,0,0.0,prior,0.0,cluster_patrol,12600.0,43200,2358821.063830114,0,2202443.3747491078,156377.6890810059,0,13,0.9620343112478643,30,6.024642709207431,18.573806233560784,6306.0645414764385,1072.6442241585803,5.878989882617544,2.007721095318156,304.65054178476737,0.0,0.0,0.040714770413933496,0.32339942491896884,4.2168168168168165,0.8709677419354839,232.00406071208877,3330,1.0303525924682617
core,100,1500000.0,19,2,exclude,launch,0,0.0,prior,0.0,cluster_patrol,12600.0,43200,3639407.97626271,0,3416439.2326508868,222968.743611823,0,20,0.9824226171901416,37,6.024642709207431,18.95217221495222,6306.0645414764385,1051.301405289036,5.998341208097884,2.0075841225257007,304.5677291897658,0.0,0.0,0.058011645460427,0.3079244250420499,3.896877685476941,0.8055555555555556,239.35057685231988,3491,1.0324780941009521
core,100,1500000.0,20,2,exclude,launch,0,0.0,prior,0.0,cluster_patrol,12600.0,43200,4766240.62586479,0,4473033.954356445,293206.6715083457,0,26,0.9898245083356857,42,6.024642709207431,18.389000221198433,6306.0645414764385,1083.5900962265052,5.819603338417988,2.0074135267835467,304.46460418393906,0.0,0.0,0.05371405750798722,0.30297869478072714,3.4318302387267905,0.7453703703703703,251.68713738784174,3770,1.0134766101837158
core,100,1500000.0,15,2,exclude,launch,0,0.0,prior,0.0,cluster_patrol,12600.0,43200,331194.9282148132,0,314439.3446158543,16755.58359895882,0,1,0.7044713022321061,5,6.024642709207431,17.509243835811787,6306.0645414764385,1137.729022379318,5.542677050013761,2.007954020723605,304.7913923678645,0.0,0.0,0.027846534653465347,0.3868919035741756,5.466913275791204,0.9769585253456221,245.39451178401288,2433,1.2389814853668213
core,100,1500000.0,14,2,exclude,launch,0,0.0,prior,0.0,cluster_patrol,12600.0,43200,321695.4327661708,0,305384.4273641906,16311.00540198018,0,1,0.7252739660178837,1,6.024642709207431,16.843919162756457,6306.0645414764385,1182.920706782056,5.330927512995411,2.007526139110391,304.53267629720756,0.0,0.0,0.03415559772296015,0.4409315977241787,6.487127713276124,0.9769585253456221,253.3219927456243,1981,1.2919838428497314
core,100,1500000.0,13,3,exclude,launch,0,0.0,prior,0.0,cluster_patrol,12600.0,43200,189575.21800261564,0,168748.28494130628,20826.93306130937,0,1,0.5958832128410706,1,4.940884818166719,15.582283784761916,7762.382610686937,1279.1141568940507,6.068561252996825,2.0068715496767195,304.1370952645197,0.0,0.0,0.04211511464670098,0.5025774606691582,7.64881693648817,0.9609756097560975,265.5550749373036,1606,0.7425501346588135
core,100,1500000.0,14,3,exclude,launch,0,0.0,prior,0.0,cluster_patrol,12600.0,43200,189140.24677917652,0,167781.9261411675,21358.32063800903,0,1,0.5973246502623739,1,4.940884818166719,16.05723120933107,7762.382610686937,1241.46076259703,6.2526201750015,2.0065793225421347,303.9605797708148,0.0,0.0,0.036585365853658534,0.472537340803229,7.1600865332612225,0.9609756097560975,246.40851597961276,1849,0.7985725402832031
core,100,1500000.0,10,4,exclude,launch,0,0.0,prior,0.0,cluster_patrol,12600.0,43200,281024.70134862687,0,263153.8814112307,17870.819937396136,0,1,0.6567633483283575,1,5.351491471317767,18.295992888159407,7141.218427495743,1089.0920830030393,6.557038232988251,2.007425365536498,304.4717601379039,0.0,0.0,0.06293706293706294,0.5629471652683886,9.814711359404097,0.961352657004831,310.4759357768989,1074,0.5615279674530029
core,100,1500000.0,16,3,exclude,launch,0,0.0,prior,0.0,cluster_patrol,12600.0,43200,352021.7027180588,0,313239.8163393184,38781.88637874033,0,2,0.7209053322521121,15,4.940884818166719,14.728338128577928,7762.382610686937,1352.45862006984,5.739460339486094,2.0080857720961465,304.871077170805,0.0,0.0,0.027649769585253458,0.4115486227275756,4.964460784313726,0.9414634146341463,267.89553241631296,2448,0.8908693790435791
core,100,1500000.0,15,3,exclude,launch,0,0.0,prior,0.0,cluster_patrol,12600.0,43200,203324.7787539451,0,181603.78608531674,21720.9926686284,0,1,0.5556987983001503,10,4.940884818166719,15.736521133844944,7762.382610686937,1266.479387951184,6.129102995702395,2.00702663496326,304.2307930576281,0.0,0.0,0.03128258602711158,0.435023808825263,5.990286771507863,0.9609756097560975,251.58509165632248,2162,0.992281436920166
core,100,1500000.0,17,3,exclude,launch,0,0.0,prior,0.0,cluster_patrol,12600.0,43200,1681700.371485722,0,1581269.186374095,100431.18511162704,0,10,0.9576428622472238,22,4.940884818166719,14.943013067398592,7762.382610686937,1333.4642111941062,5.821215556835821,2.007430188400317,304.47467535008946,0.0,0.0,0.024923843810578786,0.3959040376271043,4.699558173784978,0.8878048780487805,255.25586863115277,2716,0.9048693180084229
core,100,1500000.0,13,4,exclude,launch,0,0.0,prior,0.0,cluster_patrol,12600.0,43200,277665.17934863083,0,260240.29961541886,17424.879733212,0,1,0.664709648698739,1,5.351491471317767,17.373841253222984,7141.218427495743,1147.0054144759586,6.225967495330794,2.007237094579707,304.357969409211,0.0,0.0,0.037037037037037035,0.44172747181288324,6.7013129102844635,0.9758454106280193,266.63616993675396,1828,0.726238489151001
core,100,1500000.0,18,3,exclude,launch,0,0.0,prior,0.0,cluster_patrol,12600.0,43200,2346159.2338933535,0,2212474.2183475103,133685.01554584294,0,15,0.9743480283174928,30,4.940884818166719,15.598953899420605,7762.382610686937,1277.8520432007429,6.074555072310131,2.0067069048983996,304.03763771103456,0.0,0.0,0.022260697501855057,0.37550699567768064,4.397764628533859,0.8634146341463415,243.67537102656294,3042,0.9588704109191895
core,100,1500000.0,11,4,exclude,launch,0,0.0,prior,0.0,cluster_patrol,12600.0,43200,265858.98113280645,0,249042.48100537612,16816.500127430314,0,1,0.6942279062165783,1,5.351491471317767,18.601941743410674,7141.218427495743,1071.38277353997,6.665422110438035,2.0070447332068673,304.2417284039073,0.0,0.0,0.05178365937859609,0.5142651678110151,9.108645753634278,0.961352657004831,273.9514609741774,1307,0.7672379016876221
core,100,1500000.0,12,4,exclude,launch,0,0.0,prior,0.0,cluster_patrol,12600.0,43200,269953.56052942504,0,252867.98141799032,17085.579111434734,0,1,0.6836980533197432,1,5.351491471317767,18.265792306548743,7141.218427495743,1091.069967353246,6.545151677870072,2.0070993698297417,304.27474221343886,0.0,0.0,0.042492917847025496,0.4646534250432666,7.826959247648903,0.966183574879227,261.90877134093466,1595,0.8407483100891113
core,100,1500000.0,14,4,exclude,launch,0,0.0,prior,0.0,cluster_patrol,12600.0,43200,280274.1864397765,0,262858.3868564483,17415.799583328157,0,1,0.6585220214718573,1,5.351491471317767,16.23479017041364,7141.218427495743,1227.5119122176259,5.817636762965828,2.0071858934461675,304.3270271870863,0.0,0.0,0.03453568687643899,0.4458904668652937,6.194486983154671,0.970873786407767,268.0614372222454,1959,0.7447481155395508
core,100,1500000.0,20,3,exclude,launch,0,0.0,prior,0.0,cluster_patrol,12600.0,43200,3664491.5934011713,0,3459890.944012868,204600.6493883031,0,24,0.9866588410088009,39,4.940884818166719,18.02507024464978,7762.382610686937,1105.7279989986073,7.02015560582428,2.006941523703388,304.1793696474302,0.0,0.0,0.07917308115240818,0.3143233483382989,3.9117732982763656,0.8,243.27568132200932,3423,1.0993902683258057
core,100,1500000.0,19,3,exclude,launch,0,0.0,prior,0.0,cluster_patrol,12600.0,43200,3018736.726889344,0,2849993.1167246443,168743.61016469938,0,20,0.9791935779708518,33,4.940884818166719,16.583924755976124,7762.382610686937,1201.4461178087986,6.460866197515371,2.007559262029085,304.55269995017824,0.0,0.0,0.06372433325466131,0.337140384356052,3.867001254705144,0.8333333333333334,264.02047083083363,3188,1.137390375137329
core,100,1500000.0,15,4,exclude,launch,0,0.0,prior,0.0,cluster_patrol,12600.0,43200,282656.75220774004,0,264965.8697209168,17690.882486823248,0,1,0.6529712181970189,11,5.351491471317767,14.814851495273542,7141.218427495743,1344.6134112933416,5.310982597315333,2.0080071285366023,304.8235113541819,0.0,0.0,0.031239153071850052,0.4341745264497667,5.2353484079372405,0.966183574879227,287.3198553608549,2167,0.7387371063232422
core,100,1500000.0,16,4,exclude,launch,0,0.0,prior,0.0,cluster_patrol,12600.0,43200,562474.438375226,0,525325.1100143293,37149.328360896725,0,4,0.8011555448438219,21,5.351491471317767,14.125162286928987,7141.218427495743,1409.8954641714718,5.065069438812824,2.0085360533684824,305.1434912832222,0.0,0.0,0.028239723878255414,0.42033307312713303,4.5969962453066335,0.941747572815534,295.60591696751925,2397,0.7354812622070312
core,100,1500000.0,10,5,exclude,launch,0,0.0,prior,0.0,cluster_patrol,12600.0,43200,247809.45064627996,0,235670.61375157768,12138.83689470228,0,1,0.6744546905024149,1,5.774317772611485,17.538414697043514,6593.891938148332,1136.1471023001563,5.803730806335591,2.007405415234931,304.4597011933993,0.0,0.0,0.06569343065693431,0.5874496971771943,10.453398058252427,0.9820627802690582,303.0108810772979,1030,0.7062747478485107
core,100,1500000.0,18,4,exclude,launch,0,0.0,prior,0.0,cluster_patrol,12600.0,43200,3321895.100417688,0,3107263.2321188734,214631.86829881454,0,20,0.9808133230397915,36,5.351491471317767,16.24860987203536,7141.218427495743,1226.3304722522566,5.823241441909462,2.0074108169470666,304.4629662305869,0.0,0.0,0.07198080511863503,0.35719714298849886,4.089716312056738,0.7815533980582524,281.8887034100399,2820,0.8082766532897949
core,100,1500000.0,19,4,exclude,launch,0,0.0,prior,0.0,cluster_patrol,12600.0,43200,3886001.6062693875,0,3627196.39088476,258805.21538462793,0,24,0.9846415787142261,43,5.351491471317767,17.0972106269082,7141.218427495743,1165.4833084936026,6.1272592884456065,2.007375740080446,304.44176451078783,0.0,0.0,0.08957452102513062,0.3335311315992534,3.8111147866357924,0.7524271844660194,282.4111555770842,3023,0.8379592895507812
core,100,1500000.0,17,4,exclude,launch,0,0.0,prior,0.0,cluster_patrol,12600.0,43200,2023382.153083454,0,1882674.0997148354,140708.05336861857,0,13,0.9621196474616965,26,5.351491471317767,15.042263127950026,7141.218427495743,1324.7530475312747,5.390603509690853,2.0072981425638248,304.39486440375936,0.0,0.0,0.02461706783369803,0.3909785290868788,4.486909090909091,0.8454106280193237,264.34044453051354,2750,0.8669600486755371
core,100,1500000.0,11,5,exclude,launch,0,0.0,prior,0.0,cluster_patrol,12600.0,43200,252682.12675047974,0,240072.38219423607,12609.744556243686,0,1,0.6614486291080457,1,5.774317772611485,16.66184227557753,6593.891938148332,1195.820847775009,5.514113548377405,2.007570714238444,304.5596232572903,0.0,0.0,0.0528169014084507,0.5249396004076996,8.75448168355417,0.9820627802690582,290.57802615311624,1283,0.8029601573944092
core,100,1500000.0,20,4,exclude,launch,0,0.0,prior,0.0,cluster_patrol,12600.0,43200,4218074.247417304,0,3938344.9192009405,279729.32821636286,0,27,0.9854191311328085,45,5.351491471317767,17.335334590525566,7141.218427495743,1149.3709022426358,6.213154007607032,2.0075555196167567,304.5504375330577,0.0,0.0,0.10736489717838354,0.3205952623434818,3.5330368487928845,0.7281553398058253,292.864884133238,3148,0.8509597778320312
core,100,1500000.0,12,5,exclude,launch,0,0.0,prior,0.0,cluster_patrol,12600.0,43200,258135.82333089455,0,244950.5091450728,13185.314185821737,0,1,0.6474740475093339,1,5.774317772611485,15.530407604367328,6593.891938148332,1282.9146207368683,5.139774566105572,2.007610149254667,304.58346386430384,0.0,0.0,0.04653567735263702,0.5086964439287406,7.709965635738832,0.9820627802690582,291.12008998096155,1455,0.7604501247406006
core,100,1500000.0,13,5,exclude,launch,0,0.0,prior,0.0,cluster_patrol,12600.0,43200,240249.9384134749,0,228156.49718734957,12093.441226125362,0,1,0.6956765418668477,1,5.774317772611485,15.813763428983057,6593.891938148332,1260.3345742175563,5.231858327969751,2.0069608629749363,304.19105386896837,0.0,0.0,0.04197761194029851,0.5003868305399244,7.740694789081886,0.9775784753363229,261.6621225730453,1612,0.8144500255584717
core,100,1500000.0,14,5,exclude,launch,0,0.0,prior,0.0,cluster_patrol,12600.0,43200,244064.17709836952,0,231468.18406025288,12595.993038116627,0,1,0.6848044982522961,1,5.774317772611485,14.876547412401628,6593.891938148332,1339.3367314745908,4.9232517732031065,2.0075578140610926,304.5518246026702,0.0,0.0,0.036275695284159616,0.4683528644369576,6.898123324396783,0.9775784753363229,253.57150207814604,1865,0.8814256191253662
core,100,1500000.0,15,5,exclude,launch,0,0.0,prior,0.0,cluster_patrol,12600.0,43200,246972.0760174891,0,234317.2520060561,12654.824011433006,0,1,0.6767414722924866,11,5.774317772611485,16.186164453810175,6593.891938148332,1231.0901911251458,5.356140423896882,2.0073641870470222,304.4347816034724,0.0,0.0,0.030040053404539385,0.4173599054956149,6.102882483370288,0.9730941704035875,237.26414106709885,2255,1.0129334926605225
core,100,1500000.0,9,6,exclude,launch,0,0.0,prior,0.0,cluster_patrol,12600.0,43200,361744.4762296948,0,320396.20706517564,41348.26916451918,0,1,0.7636613602614093,1,5.052148291863248,19.175274327996824,7584.090639439221,1038.764250859779,7.301070125547654,2.0081743265767518,304.9246418305461,0.0,0.0,0.07240547063555913,0.5765896774599352,11.499465240641712,0.9684684684684685,304.6762018963175,935,0.6120014190673828
core,100,1500000.0,16,5,exclude,launch,0,0.0,prior,0.0,cluster_patrol,12600.0,43200,827794.4752339238,0,778639.7673547028,49154.70787922098,0,5,0.9111295623728198,15,5.774317772611485,16.57485028072975,6593.891938148332,1202.3494830550362,5.484172473209691,2.007149197814355,304.3048519974297,0.0,0.0,0.02607184241019699,0.38826812732150584,5.583140877598153,0.9551569506726457,224.7849706997211,2598,1.00244140625
core,100,1500000.0,10,6,exclude,launch,0,0.0,prior,0.0,cluster_patrol,12600.0,43200,365024.84346238885,0,323747.333787926,41277.509674462875,0,1,0.7568160411108833,1,5.052148291863248,16.678090285265398,7584.090639439221,1194.2788534070742,6.350351609930212,2.008204464827698,304.94287286955176,0.0,0.0,0.06219765031098825,0.556429244363215,9.899724011039558,0.9684684684684685,302.64191264179635,1087,0.6425075531005859
core,100,1500000.0,17,5,exclude,launch,0,0.0,prior,0.0,cluster_patrol,12600.0,43200,1565203.1658805888,0,1485152.3406037856,80050.82527680317,0,11,0.9535234964128637,25,5.774317772611485,18.612012434909396,6593.891938148332,1070.892272891321,6.157381190495816,2.0068775392739346,304.1407137283002,0.0,0.0,0.045754956786985254,0.34045501594783517,5.0151924375422015,0.9237668161434978,219.30859244744272,2962,0.9925234317779541
core,100,1500000.0,11,6,exclude,launch,0,0.0,prior,0.0,cluster_patrol,12600.0,43200,353523.049931662,0,312360.72918379254,41162.32074786944,0,1,0.7814348508468997,1,5.052148291863248,17.119577085189437,7584.090639439221,1163.9980424944563,6.515552743702609,2.0073112079847215,304.4027609194915,0.0,0.0,0.05521472392638037,0.548934932099553,9.50326797385621,0.954954954954955,280.7983320633321,1224,0.717336893081665
core,100,1500000.0,12,6,exclude,launch,0,0.0,prior,0.0,cluster_patrol,12600.0,43200,351111.0456396931,0,309870.79190103465,41240.25373865845,0,1,0.7867816381764215,1,5.052148291863248,16.888137653506124,7584.090639439221,1180.0455925613828,6.4269471342860145,2.007148217056637,304.3042593361089,0.0,0.0,0.04677754677754678,0.5111793903015447,8.680276816608997,0.972972972972973,259.41432278892705,1445,0.7933371067047119
core,100,1500000.0,18,5,exclude,launch,0,0.0,prior,0.0,cluster_patrol,12600.0,43200,2034738.6401747274,0,1913670.3505682314,121068.28960649604,0,15,0.9706690303760939,27,5.774317772611485,17.90070136710449,6593.891938148332,1113.5029034043673,5.92175549609121,2.0067745754445236,304.0785137284503,0.0,0.0,0.042432814710042434,0.3367070947020521,4.694644534920138,0.8565022421524664,217.39725769183121,3193,1.0355300903320312
core,100,1500000.0,13,6,exclude,launch,0,0.0,prior,0.0,cluster_patrol,12600.0,43200,350692.31572846026,0,309820.8614200165,40871.454308443695,0,1,0.7877397475984772,1,5.052148291863248,15.475953916129649,7584.090639439221,1287.5127665866007,5.890497427490247,2.0074790396071363,304.50420457431505,0.0,0.0,0.04124656278643447,0.49165375481459594,7.818403412553321,0.963963963963964,253.79333353335525,1641,0.8998465538024902
core,100,1500000.0,19,5,exclude,launch,0,0.0,prior,0.0,cluster_patrol,12600.0,43200,3004965.6875258936,0,2795833.7910171794,209131.8965087143,0,20,0.9845125794290815,31,5.774317772611485,19.57616260843509,6593.891938148332,1018.4130626021599,6.474673372020775,2.0063581775494965,303.82703445622315,0.0,0.0,0.05803667745415318,0.3083631216476645,4.589449541284404,0.7982062780269058,203.5112202484502,3488,1.1415295600891113
core,100,1500000.0,20,5,exclude,launch,0,0.0,prior,0.0,cluster_patrol,12600.0,43200,3842198.4923388776,0,3565260.981449293,276937.51088958484,0,25,0.9895921213560906,34,5.774317772611485,20.15630119550208,6593.891938148332,989.1117646216753,6.666478121075048,2.0063365481431448,303.81397443859794,0.0,0.0,0.07313585291113381,0.29201295305004304,4.225088243279935,0.7309417040358744,209.31363210230847,3683,1.1578474044799805
core,100,1500000.0,14,6,exclude,launch,0,0.0,prior,0.0,cluster_patrol,12600.0,43200,354933.0664979148,0,313135.20749063767,41797.8590072771,0,1,0.7783311531763067,1,5.052148291863248,14.642145014933943,7584.090639439221,1360.5784921270488,5.57416619719065,2.0078519473956096,304.729664360737,0.0,0.0,0.03654080389768575,0.47170107248820514,6.922204213938412,0.9594594594594594,254.26111159283838,1851,0.8603527545928955
core,100,1500000.0,9,7,exclude,launch,0,0.0,prior,0.0,cluster_patrol,12600.0,43200,244014.5154282823,0,221000.32010981758,23014.195318464732,0,1,0.6414520446625105,1,4.789315478557099,18.26954513979898,8018.5908986554505,1090.2467683343566,7.354840327484751,2.0082022462696356,304.94153081494176,0.0,0.0,0.07718696397941681,0.6142016479835126,11.21689497716895,0.960352422907489,332.3447068399003,876,0.5355129241943359
core,100,1500000.0,15,6,exclude,launch,0,0.0,prior,0.0,cluster_patrol,12600.0,43200,356303.5042974067,0,314973.58618001983,41329.91811738684,0,1,0.7752863979923648,5,5.052148291863248,15.080836633959557,7584.090639439221,1320.9364205498218,5.741450172357612,2.0079488306761446,304.7882535784221,0.0,0.0,0.031239153071850052,0.4340959293059229,6.13428703276419,0.972972972972973,245.39484934411138,2167,0.9129488468170166
core,100,1500000.0,16,6,exclude,launch,0,0.0,prior,0.0,cluster_patrol,12600.0,43200,879422.2278127985,0,799644.7010810884,79777.52673171005,0,3,0.8998194448713379,13,5.052148291863248,14.191977808232098,7584.090639439221,1402.7439700512716,5.406610758171369,2.009271654088196,305.5887815237771,0.0,0.0,0.027539779681762546,0.40996353424212323,5.055307035380236,0.9684684684684685,261.79096378396866,2459,0.9329497814178467
core,100,1500000.0,17,6,exclude,launch,0,0.0,prior,0.0,cluster_patrol,12600.0,43200,1154714.195084577,0,1062626.7822898536,92087.4127947236,0,5,0.9187768851517252,28,5.052148291863248,13.671160973321848,7584.090639439221,1456.0696175055066,5.208604415791637,2.009428022349021,305.6834796910366,0.0,0.0,0.02575107296137339,0.4090393276833009,4.615589353612167,0.9324324324324325,268.7578142360478,2630,0.8654413223266602
core,100,1500000.0,18,6,exclude,launch,0,0.0,prior,0.0,cluster_patrol,12600.0,43200,1903603.9714156853,0,1745777.7593163352,157826.21209935023,0,11,0.9550665127853056,31,5.052148291863248,14.93827154612332,7584.090639439221,1332.4961231874108,5.691641804778854,2.0095262675516237,305.74298546301384,0.0,0.0,0.07513966480446928,0.3743362587945108,4.232998885172798,0.8513513513513513,285.9725951972097,2691,0.8504452705383301
core,100,1500000.0,20,6,exclude,launch,0,0.0,prior,0.0,cluster_patrol,12600.0,43200,4832787.052055759,0,4500370.267639366,332416.7844163928,0,29,0.9898845391270447,41,5.052148291863248,19.266444716902864,7584.090639439221,1034.0137215446039,7.334613150113859,2.0078539009736556,304.7308457123447,0.0,0.0,0.16410122619358206,0.30313185123169,3.748525841137704,0.7027027027027027,301.331900566822,2883,0.8086144924163818
core,100,1500000.0,10,7,exclude,launch,0,0.0,prior,0.0,cluster_patrol,12600.0,43200,236558.3850435681,0,213927.5199391906,22630.865104377477,0,1,0.6615538987276262,1,4.789315478557099,17.8495710646048,8018.5908986554505,1116.2298960194244,7.183637463259552,2.007606333207166,304.5811568157569,0.0,0.0,0.06550218340611354,0.5864239873003083,10.393998063891578,0.960352422907489,304.4618773957466,1033,0.7091042995452881
core,100,1500000.0,12,7,exclude,launch,0,0.0,prior,0.0,cluster_patrol,12600.0,43200,227840.30731945392,0,205283.86685500137,22556.440464452557,0,1,0.6869866950282246,1,4.789315478557099,16.63052602503538,8018.5908986554505,1198.1106330994303,6.69269654832451,2.0075070661865757,304.5211465247645,0.0,0.0,0.0457084814626714,0.49947796768208746,8.669594594594594,0.9513274336283186,254.452453651692,1480,0.7281248569488525
core,100,1500000.0,11,7,exclude,launch,0,0.0,prior,0.0,cluster_patrol,12600.0,43200,235767.21434294764,0,213002.72103200387,22764.493310943762,0,1,0.6637100394264833,1,4.789315478557099,16.073584354395418,8018.5908986554505,1239.3979290630357,6.469746891313085,2.007874163503969,304.7430988376476,0.0,0.0,0.0545785324439054,0.5425885654162705,9.154032258064516,0.9601769911504425,287.76722521981674,1240,0.8051254749298096
core,100,1500000.0,19,6,exclude,launch,0,0.0,prior,0.0,cluster_patrol,12600.0,43200,3557889.918952902,0,3301067.684501304,256822.23445159817,0,22,0.9809620319283976,36,5.052148291863248,15.629628776965628,7584.090639439221,1273.9960646983,5.952993772579069,2.0088302599152303,305.3215479961894,0.0,0.0,0.09383167799268165,0.3504477359593286,3.763806877387982,0.7522522522522522,300.6962371408474,2879,1.1506354808807373
core,100,1500000.0,13,7,exclude,launch,0,0.0,prior,0.0,cluster_patrol,12600.0,43200,228105.4174808267,0,205896.68038686758,22208.737093959106,0,1,0.6861756415843042,1,4.789315478557099,16.337160306322442,8018.5908986554505,1219.7381473108617,6.574026496042546,2.007320935880002,304.40864035864905,0.0,0.0,0.040268456375838924,0.47981460520823843,7.882072662298987,0.9557522123893806,246.87321407016069,1679,0.7821249961853027
core,100,1500000.0,14,7,exclude,launch,0,0.0,prior,0.0,cluster_patrol,12600.0,43200,242396.30000053323,0,219253.15551105747,23143.144489475777,0,1,0.6457431844880507,1,4.789315478557099,16.394768814182157,8018.5908986554505,1215.1557866859223,6.598817194068954,2.007810564206167,304.70463999766605,0.0,0.0,0.03306392358559882,0.42656454836061103,6.639960918417196,0.9730941704035875,238.97622382444789,2047,0.897148847579956
core,100,1500000.0,15,7,exclude,launch,0,0.0,prior,0.0,cluster_patrol,12600.0,43200,237714.07395320392,0,214980.21582497863,22733.85812822529,0,1,0.6584407847490635,8,4.789315478557099,16.65910495401931,8018.5908986554505,1195.9995797030913,6.704509796438288,2.0076005222948345,304.577643758647,0.0,0.0,0.029277813923227064,0.406812378693385,6.19533275713051,0.9646017699115044,227.17147179343678,2314,0.9071452617645264
core,100,1500000.0,10,8,exclude,launch,0,0.0,prior,0.0,cluster_patrol,12600.0,43200,228350.47411349489,0,223042.7872164702,5307.686897024652,0,1,0.6648995455853034,1,5.687677066694433,20.207132013373403,6699.414751861177,986.1207431820527,6.793706346996865,2.0073597800227057,304.43211792221814,0.0,0.0,0.06012024048096192,0.538153946090651,10.513345195729537,0.9777777777777777,275.87227106541854,1124,0.6500442028045654
core,100,1500000.0,11,8,exclude,launch,0,0.0,prior,0.0,cluster_patrol,12600.0,43200,231973.344180786,0,226445.3466300261,5527.99755075989,0,1,0.6545154013640678,1,5.687677066694433,18.227222251520107,6699.414751861177,1093.3409360060223,6.127470884181982,2.007168780203651,304.31668554507297,0.0,0.0,0.05341246290801187,0.5309263281206007,9.081358609794629,0.9833333333333333,283.75306516157303,1266,0.6325342655181885
core,100,1500000.0,16,7,exclude,launch,0,0.0,prior,0.0,cluster_patrol,12600.0,43200,804079.2352093699,0,748827.5996558904,55251.6355534795,0,5,0.8996651379379069,15,4.789315478557099,15.558927316164674,8018.5908986554505,1280.193362696887,6.263577934635817,2.00818985198322,304.93403329258416,0.0,0.0,0.026455026455026454,0.39412051444674023,5.278842393429801,0.9203539823008849,241.3036870197411,2557,0.9705543518066406
core,100,1500000.0,17,7,exclude,launch,0,0.0,prior,0.0,cluster_patrol,12600.0,43200,1610699.7665676698,0,1504017.2510211158,106682.51554655396,0,10,0.9548292406024104,22,4.789315478557099,15.61248959475864,8018.5908986554505,1275.9269433145134,6.284521963166102,2.0079921978785737,304.81448129522335,0.0,0.0,0.02375923970432946,0.37720599955345613,4.830175438596491,0.8755555555555555,236.61754905734017,2850,0.9445545673370361
core,100,1500000.0,19,7,exclude,launch,0,0.0,prior,0.0,cluster_patrol,12600.0,43200,3149481.72229008,0,3001845.621574642,147636.100715438,0,20,0.9848585992322606,39,4.789315478557099,15.284880978437094,8018.5908986554505,1303.60211478867,6.151103015014181,2.0074876108240463,304.50938578918345,0.0,0.0,0.020202020202020204,0.36090425387368813,4.297732696897374,0.8133333333333334,226.19460458671168,3352,1.0620639324188232
core,100,1500000.0,20,7,exclude,launch,0,0.0,prior,0.0,cluster_patrol,12600.0,43200,4110580.159366315,0,3934377.6787892007,176202.480577114,0,26,0.9892118549791663,43,4.789315478557099,16.848225124885392,8018.5908986554505,1182.8225184549908,6.779200407115496,2.0071796742971397,304.3232688951877,0.0,0.0,0.035835835835835834,0.3218859570913289,3.8121840915137004,0.7866666666666666,227.18231645121236,3759,1.0500645637512207
core,100,1500000.0,13,8,exclude,launch,0,0.0,prior,0.0,cluster_patrol,12600.0,43200,222564.60718797255,0,217435.6046537681,5129.00253420443,0,1,0.6821845053918167,1,5.687677066694433,17.260199370800184,6699.414751861177,1154.7462744770114,5.801633570885834,2.006908690834144,304.15953350319893,0.0,0.0,0.039805395842547546,0.47473737154759416,7.877058823529412,0.9833333333333333,244.00978054059306,1700,0.7780411243438721
core,100,1500000.0,14,8,exclude,launch,0,0.0,prior,0.0,cluster_patrol,12600.0,43200,224454.40745705957,0,219031.02456781844,5423.382889241145,0,1,0.6764408335412108,1,5.687677066694433,16.30481587154984,6699.414751861177,1222.1661220333197,5.481590948303616,2.007307242286073,304.40036410859204,0.0,0.0,0.03464203233256351,0.4470232084167173,6.976946721311475,0.9833333333333333,239.0131406894065,1952,0.8040409088134766
core,100,1500000.0,18,7,exclude,launch,0,0.0,prior,0.0,cluster_patrol,12600.0,43200,2383628.357704178,0,2260488.103138094,123140.25456608449,0,14,0.9729810847286904,32,4.789315478557099,15.527372673883137,8018.5908986554505,1282.9939728249306,6.249905353023523,2.0078783570452092,304.74563478004524,0.0,0.0,0.02161902474177276,0.3647548564449876,4.484355044699872,0.8577777777777778,231.88840108383695,3132,1.3992383480072021
core,100,1500000.0,15,8,exclude,launch,0,0.0,prior,0.0,cluster_patrol,12600.0,43200,225043.32237943384,0,219661.53362818988,5381.788751243956,0,1,0.6746706583733193,2,5.687677066694433,16.93616850389499,6699.414751861177,1176.7882752706848,5.692965245018419,2.006995933904094,304.21224326981354,0.0,0.0,0.030272452068617558,0.42074406604739667,6.325425246195166,0.9944444444444445,230.7308940315818,2234,0.8572144508361816
core,100,1500000.0,12,8,exclude,launch,0,0.0,prior,0.0,cluster_patrol,12600.0,43200,225252.07365379867,0,219790.76194131817,5461.3117124805085,0,1,0.674045410590118,1,5.687677066694433,17.835315592107168,6699.414751861177,1117.4045480267862,5.995514125740412,2.0070988317776677,304.27441709038294,0.0,0.0,0.04475385380407757,0.4892598195885311,8.596026490066226,0.9888888888888889,250.91911003769303,1510,1.217238187789917
core,100,1500000.0,9,9,exclude,launch,0,0.0,prior,0.0,cluster_patrol,12600.0,43200,285786.9640970244,0,276138.2741248686,9648.689972155838,0,1,0.688546264968621,1,4.852417850747997,19.277286009170286,7909.979841733408,1033.4644116246284,7.653848311330575,2.0077913303113304,304.6930096352044,0.0,0.0,0.07512520868113523,0.5981622581957787,11.662958843159066,0.9887005649717514,312.40818286040684,899,0.5361948013305664
core,100,1500000.0,10,9,exclude,launch,0,0.0,prior,0.0,cluster_patrol,12600.0,43200,285952.8961595042,0,276650.73879453045,9302.15736497373,0,1,0.688146716989245,1,4.852417850747997,18.355968728858066,7909.979841733408,1085.6160007525627,7.286167333799529,2.0072730164164234,304.3796788801922,0.0,0.0,0.06470165348670022,0.5790858583586699,10.103250478011473,0.9943181818181818,309.444807496765,1046,0.5591938495635986
core,100,1500000.0,16,8,exclude,launch,0,0.0,prior,0.0,cluster_patrol,12600.0,43200,221911.57734427144,0,216431.7297301841,5479.847614087309,0,1,0.6841920024600789,5,5.687677066694433,16.47665603872018,6699.414751861177,1209.291976585685,5.5399480700899915,2.0075193697118836,304.5285841033895,0.0,0.0,0.02653301886792453,0.3948302879247607,5.827978056426332,0.9944444444444445,218.7299282690646,2552,0.9402148723602295
core,100,1500000.0,17,8,exclude,launch,0,0.0,prior,0.0,cluster_patrol,12600.0,43200,395910.094616943,0,375806.35973163066,20103.734885312377,0,2,0.8157496899512642,17,5.687677066694433,16.076299479363765,6699.414751861177,1239.2804140438525,5.405890931496732,2.0077254187155136,304.65315585760726,0.0,0.0,0.024174053182917002,0.38391963289078757,5.250357142857143,0.9777777777777777,221.63954058487053,2800,0.9572138786315918
core,100,1500000.0,11,9,exclude,launch,0,0.0,prior,0.0,cluster_patrol,12600.0,43200,272100.2493853184,0,263211.04638484266,8889.203000475733,0,1,0.7231803247158148,1,4.852417850747997,20.123481318390297,7909.979841733408,990.5865193282195,7.985147876934237,2.0066168878188266,303.98326765261817,0.0,0.0,0.05235602094240838,0.5206997793088295,9.668213457076567,0.9943181818181818,260.9400219267907,1293,0.68019700050354
core,100,1500000.0,12,9,exclude,launch,0,0.0,prior,0.0,cluster_patrol,12600.0,43200,272937.83593999466,0,263891.61416613386,9046.221773860798,0,1,0.7209610423854573,1,4.852417850747997,18.83037185773409,7909.979841733408,1058.6833406982862,7.471525750576319,2.006480834281878,303.9011009330235,0.0,0.0,0.045871559633027525,0.5011711987478323,8.72406779661017,0.9943181818181818,253.3119643346352,1475,0.7202157974243164
core,100,1500000.0,18,8,exclude,launch,0,0.0,prior,0.0,cluster_patrol,12600.0,43200,539949.6990826837,0,514396.4370659104,25553.262016773268,0,4,0.8488683754447384,25,5.687677066694433,15.969329928311316,6699.414751861177,1247.3887540225057,5.370751283637357,2.0080359024672787,304.8409141989063,0.0,0.0,0.021754894851341553,0.36722629082597535,4.761721258831085,0.9555555555555556,219.80937873393347,3114,1.0157220363616943
core,100,1500000.0,13,9,exclude,launch,0,0.0,prior,0.0,cluster_patrol,12600.0,43200,270591.7335756159,0,261926.42255826946,8665.311017346468,0,1,0.7272119665501126,1,4.852417850747997,17.1941532878772,7909.979841733408,1159.3683278393235,6.822663386427829,2.006585941533734,303.96457730800614,0.0,0.0,0.04094631483166515,0.4879866516188638,7.959443099273607,0.9943181818181818,247.95840780414548,1652,0.9055473804473877
core,100,1500000.0,19,8,exclude,launch,0,0.0,prior,0.0,cluster_patrol,12600.0,43200,1879625.7634827078,0,1767099.138565411,112526.62491729668,0,12,0.9660101121336424,29,5.687677066694433,16.9465837137492,6699.414751861177,1175.6798516685462,5.698332537002523,2.0076534734917635,304.60965679200496,0.0,0.0,0.040035786177588906,0.33990855094953276,4.429378531073446,0.8833333333333333,218.56760497454025,3363,1.4312329292297363
core,100,1500000.0,16,9,exclude,launch,0,0.0,prior,0.0,cluster_patrol,12600.0,43200,582185.3931075479,0,563922.3606444615,18263.032463086445,0,3,0.8515641763207534,15,4.852417850747997,15.132540889565279,7909.979841733408,1316.3684832094489,6.008940462056658,2.0080321388060263,304.83863785975564,0.0,0.0,0.027198549410698096,0.4049018644793178,5.253113700281237,0.9715909090909091,249.0327871020233,2489,0.8670368194580078
core,100,1500000.0,10,10,exclude,launch,0,0.0,prior,0.0,cluster_patrol,12600.0,43200,201374.6861276179,0,194398.17179189986,6976.514335718035,0,1,0.526474171007938,1,4.842340003327892,16.455469720597538,7927.135773030543,1210.518939680061,6.548543366967622,2.008066628740364,304.85949839398893,0.0,0.0,0.063875088715401,0.5717673136946516,9.64494806421152,0.971830985915493,319.8620297395966,1059,0.5700199604034424
core,100,1500000.0,17,9,exclude,launch,0,0.0,prior,0.0,cluster_patrol,12600.0,43200,996378.377392107,0,962983.5959070494,33394.78148505764,0,7,0.9071098551633477,21,4.852417850747997,15.797013330613856,7909.979841733408,1260.9976467969896,6.272795085562004,2.0080324675888113,304.83883671395614,0.0,0.0,0.05117998294000568,0.3810444961811017,4.90854119425548,0.9431818181818182,250.74507182982114,2646,0.9150378704071045
core,100,1500000.0,14,9,exclude,launch,0,0.0,prior,0.0,cluster_patrol,12600.0,43200,276540.6407550313,0,267602.8164084114,8937.824346619866,0,1,0.711568274986538,1,4.852417850747997,17.30903643413985,7909.979841733408,1151.5830510153392,6.868787999926934,2.0067433613625063,304.0596586942436,0.0,0.0,0.03414264036418816,0.4403278046029616,6.786074672048436,0.9943181818181818,242.80693596527283,1982,1.0810368061065674
core,100,1500000.0,18,9,exclude,launch,0,0.0,prior,0.0,cluster_patrol,12600.0,43200,1999713.0554295178,0,1945794.6658096183,53918.38961989935,0,14,0.9682553992053732,27,4.852417850747997,16.237488927123614,7909.979841733408,1227.092280756122,6.446116535636063,2.007538576229769,304.54019477733317,0.0,0.0,0.045203415369161226,0.3588458695009306,4.592122830440587,0.8977272727272727,236.8167053003431,2996,0.946037769317627
core,100,1500000.0,20,8,exclude,launch,0,0.0,prior,0.0,cluster_patrol,12600.0,43200,2736070.9741532328,0,2589283.162020204,146787.81213302832,0,17,0.9818937607473557,31,5.687677066694433,17.336382802304737,6699.414751861177,1149.510866113971,5.828056914772086,2.00718971236611,304.3293350088382,0.0,0.0,0.03627888123226591,0.32597811666911275,4.133890086206897,0.85,212.1083245723903,3712,1.7667412757873535
core,100,1500000.0,9,10,exclude,launch,0,0.0,prior,0.0,cluster_patrol,12600.0,43200,194589.2548667114,0,188523.3704090898,6065.884457621585,0,1,0.5448326065775855,1,4.842340003327892,18.50922570866625,7927.135773030543,1076.1961863578235,7.365883538259311,2.0080766731282074,304.86557367157053,0.0,0.0,0.07588532883642496,0.6043404084217203,11.602693602693602,0.9765258215962441,316.50799555120415,891,0.827019453048706
core,100,1500000.0,19,9,exclude,launch,0,0.0,prior,0.0,cluster_patrol,12600.0,43200,2859950.4757095696,0,2755024.8366050823,104925.63910448701,0,18,0.9799318745043115,32,4.852417850747997,17.723562174051466,7909.979841733408,1124.2357930462035,7.035872626240361,2.007481585119506,304.5057433064737,0.0,0.0,0.0608322026232474,0.3231588339378117,4.342350465885182,0.8579545454545454,225.1234185152829,3327,1.0274641513824463
core,100,1500000.0,15,9,exclude,launch,0,0.0,prior,0.0,cluster_patrol,12600.0,43200,288112.4795700282,0,278443.77150291053,9668.70806711768,0,1,0.6829886265232051,7,4.852417850747997,15.618915694487773,7909.979841733408,1275.5590791731245,6.201186578406872,2.0077449039808206,304.66493744979414,0.0,0.0,0.030211480362537766,0.42008098289815476,5.671575189647479,0.9886363636363636,256.71174408162574,2241,1.3404674530029297
core,100,1500000.0,11,10,exclude,launch,0,0.0,prior,0.0,cluster_patrol,12600.0,43200,208292.03621064566,0,199918.43296356883,8373.60324707681,0,1,0.5089900356718654,1,4.842340003327892,15.133837762394041,7927.135773030543,1316.2532789543575,6.0225003042939615,2.0080358000427574,304.84085225035255,0.0,0.0,0.055658627087198514,0.5530309744149783,8.414814814814815,0.9765258215962441,318.8301507491678,1215,0.5669393539428711
core,100,1500000.0,12,10,exclude,launch,0,0.0,prior,0.0,cluster_patrol,12600.0,43200,190274.45371616792,0,183953.310495516,6321.143220651935,0,1,0.5571876248777428,1,4.842340003327892,15.68993137082311,7927.135773030543,1269.918561503138,6.242239473724673,2.0075347722030794,304.53789515949325,0.0,0.0,0.047443331576172906,0.5185240786665264,8.192145862552595,0.9671361502347418,279.1306880971552,1426,0.8174667358398438
core,100,1500000.0,13,10,exclude,launch,0,0.0,prior,0.0,cluster_patrol,12600.0,43200,188776.60391570596,0,182387.47738759467,6389.126528111257,0,1,0.5616086355084592,1,4.842340003327892,16.183771533871557,7927.135773030543,1231.3258082517477,6.437886479684522,2.007276823648941,304.3819798380899,0.0,0.0,0.0401965163019205,0.47930342733302794,7.431710213776722,0.971830985915493,260.4261236041606,1684,0.7349557876586914
core,100,1500000.0,20,9,exclude,launch,0,0.0,prior,0.0,cluster_patrol,12600.0,43200,3364560.969569379,0,3229131.343333471,135429.6262359079,0,21,0.9849662443001258,35,4.852417850747997,18.29752551687935,7909.979841733408,1089.1386522226442,7.262601346110736,2.007171394528604,304.3182653870078,0.0,0.0,0.054222938923604115,0.3060706345756716,4.038018741633199,0.8125,215.67013917147355,3735,1.484015941619873
core,100,1500000.0,14,10,exclude,launch,0,0.0,prior,0.0,cluster_patrol,12600.0,43200,195471.7018516533,0,188659.80490854097,6811.896943112326,0,1,0.5423729876843295,1,4.842340003327892,14.776198078040764,7927.135773030543,1348.3099526568478,5.87931265908859,2.0077403478977827,304.66218263434325,0.0,0.0,0.036422501011736136,0.47022330403278,6.457974137931035,0.9671361502347418,271.76392128272795,1856,0.9129784107208252
core,100,1500000.0,15,10,exclude,launch,0,0.0,prior,0.0,cluster_patrol,12600.0,43200,214935.7493473746,0,205997.7547493692,8937.994598005369,0,1,0.49325703733758886,12,4.842340003327892,14.793738475997099,7927.135773030543,1346.0723305620709,5.889086041699155,2.008693421435291,305.2387255340502,0.0,0.0,0.03026227303295225,0.4202655100743137,5.449463327370304,0.9765258215962441,267.5471774516844,2236,0.9194886684417725
core,100,1500000.0,16,10,exclude,launch,0,0.0,prior,0.0,cluster_patrol,12600.0,43200,675825.6735651674,0,639581.4963263351,36244.17723883218,0,3,0.8525199713522068,15,4.842340003327892,14.50727244461861,7927.135773030543,1372.5987954562809,5.7752751927742985,2.008771836271181,305.28618529617916,0.0,0.0,0.027531355154481494,0.4098415307984947,5.021978021978022,0.9436619718309859,263.9299649071583,2457,0.9114892482757568
core,100,1500000.0,9,11,exclude,launch,0,0.0,prior,0.0,cluster_patrol,12600.0,43200,150166.7098864006,0,144039.62678835707,6127.0830980435285,0,1,0.22280113915708674,1,4.789315478557101,16.23479856049104,8018.590898655449,1226.6580151225348,6.536940858658512,2.008582090982736,305.17135027533243,0.0,0.0,0.07305194805194805,0.5808926864069838,9.970747562296857,0.9611650485436893,350.41040814696555,923,0.7330591678619385
core,100,1500000.0,10,11,exclude,launch,0,0.0,prior,0.0,cluster_patrol,12600.0,43200,134780.75798344836,0,129730.19007340119,5050.5679100471725,0,1,0.24823509324877394,1,4.789315478557101,16.34204526652832,8018.590898655449,1219.0084494656692,6.577961704999056,2.007922130119873,304.77210611561463,0.0,0.0,0.06155950752393981,0.5505040724221721,9.44211485870556,0.9611650485436893,315.06368113133965,1097,0.7380602359771729
core,100,1500000.0,18,10,exclude,launch,0,0.0,prior,0.0,cluster_patrol,12600.0,43200,2679387.9017241173,0,2533807.214491729,145580.68723238824,0,15,0.9691654858676394,30,4.842340003327892,16.03153874025607,7927.135773030543,1242.351227627241,6.380752557527979,2.008354570776941,305.03368212202463,0.0,0.0,0.07240915208613728,0.36059202013179076,4.3419262441818836,0.8826291079812206,268.45330316657265,2793,0.9604892730712891
core,100,1500000.0,17,10,exclude,launch,0,0.0,prior,0.0,cluster_patrol,12600.0,43200,2233130.8392415927,0,2089192.8247316873,143938.01450990507,0,12,0.9667340500657245,27,4.842340003327892,15.84282965697287,7927.135773030543,1257.4023463181647,6.304374885447138,2.007950360683193,304.78917888041383,0.0,0.0,0.05053340819764177,0.37636553649417337,4.8194029850746265,0.8779342723004695,251.93721993209434,2680,1.0414891242980957
core,100,1500000.0,19,10,exclude,launch,0,0.0,prior,0.0,cluster_patrol,12600.0,43200,3726532.130320295,0,3475262.414062228,251269.716258067,0,21,0.9802379758050707,38,4.842340003327892,15.462883870568485,7927.135773030543,1287.91661411758,6.155006998230118,2.008545856558907,305.1494234346419,0.0,0.0,0.06635421805624075,0.35264082439979044,3.8688094457199083,0.8309859154929577,276.0236659394704,3049,1.0384891033172607
core,100,1500000.0,11,11,exclude,launch,0,0.0,prior,0.0,cluster_patrol,12600.0,43200,129653.11230651052,0,125183.56565452108,4469.546651989437,0,1,0.2580525328776231,1,4.789315478557101,16.06390210883886,8018.590898655449,1240.3641353774633,6.464707153287094,2.0075193594922975,304.52857792553067,0.0,0.0,0.05319148936170213,0.528830265705857,8.58805031446541,0.9563106796116505,298.8768631180183,1272,0.7680447101593018
core,100,1500000.0,20,10,exclude,launch,0,0.0,prior,0.0,cluster_patrol,12600.0,43200,4477157.833784097,0,4178883.240611135,298274.59317296173,0,28,0.9858845073669071,43,4.842340003327892,18.129494440440975,7927.135773030543,1098.5832127960427,7.215780908261752,2.008358965873133,305.03634121702004,0.0,0.0,0.13208936901546772,0.3071407301167449,3.670691906005222,0.7830188679245284,289.2194952447784,3064,1.230576515197754
core,100,1500000.0,12,11,exclude,launch,0,0.0,prior,0.0,cluster_patrol,12600.0,43200,133023.20714286066,0,127791.95972026604,5231.247422594609,0,1,0.25151486529888073,1,4.789315478557101,15.73434899593444,8018.590898655449,1266.3052039218717,6.332273510225722,2.0075798169642063,304.56512626608696,0.0,0.0,0.044709388971684055,0.4892482369871004,7.6158415841584155,0.9660194174757282,283.09939833682677,1515,0.7990446090698242
core,100,1500000.0,13,11,exclude,launch,0,0.0,prior,0.0,cluster_patrol,12600.0,43200,122520.57299840567,0,117931.1928620152,4589.380136390472,0,1,0.2730750698219269,1,4.789315478557101,15.428724650276921,8018.590898655449,1291.463076059059,6.208919981765515,2.007464939398814,304.4956812353568,0.0,0.0,0.039473684210526314,0.4706048030692791,7.244600116754232,0.970873786407767,262.5603737876446,1713,0.909024715423584
core,100,1500000.0,14,11,exclude,launch,0,0.0,prior,0.0,cluster_patrol,12600.0,43200,125223.47321528547,0,120275.77704396662,4947.696171318853,0,1,0.2671808501002162,1,4.789315478557101,16.392432400925053,8018.590898655449,1215.671983161125,6.596015216049168,2.0072440629647006,304.36218071329125,0.0,0.0,0.03312476996687523,0.4273459997523763,6.577299412915851,0.9611650485436893,242.41785747091873,2044,0.832024335861206
core,100,1500000.0,15,11,exclude,launch,0,0.0,prior,0.0,cluster_patrol,12600.0,43200,136178.5368514927,0,129627.34602847841,6551.19082301432,0,1,0.24568713102452924,6,4.789315478557101,16.127852788825255,8018.590898655449,1235.4929461440709,6.490195612756174,2.0074427589358024,304.48227375965433,0.0,0.0,0.02932551319648094,0.40744831917429325,5.732034632034632,0.9609756097560975,246.33948946899443,2310,0.8340237140655518
core,100,1500000.0,9,12,exclude,launch,0,0.0,prior,0.0,cluster_patrol,12600.0,43200,366402.46658292034,0,321697.5607481606,44704.905834759804,0,1,0.7471544783417289,1,4.789315478557099,19.4903333310596,8018.5908986554505,1022.1494944883848,7.844831839073585,2.007827075973425,304.7146245195432,0.0,0.0,0.07957559681697612,0.6334236289223899,11.237926972909305,0.9523809523809523,343.2081062480509,849,0.6020233631134033
core,100,1500000.0,16,11,exclude,launch,0,0.0,prior,0.0,cluster_patrol,12600.0,43200,149406.46211539468,0,140962.17624742707,8444.285867967626,0,1,0.22393485229789264,12,4.789315478557101,16.92699160988138,8018.590898655449,1177.1319121784384,6.811973081093337,2.007497803428783,304.51554717414683,0.0,0.0,0.02502780867630701,0.37237777634030694,5.102734663710273,0.9658536585365853,236.1857443269113,2706,0.9770238399505615
core,100,1500000.0,10,12,exclude,launch,0,0.0,prior,0.0,cluster_patrol,12600.0,43200,361018.5661830298,0,316670.80885010905,44347.75733292073,0,1,0.758316912236385,1,4.789315478557099,17.416254444920675,8018.5908986554505,1143.9614863085549,7.009493758859498,2.0076769228204236,304.6238342354513,0.0,0.0,0.06686478454680535,0.5980101023189789,10.04158415841584,0.9571428571428572,321.68841089061067,1010,0.6075103282928467
core,100,1500000.0,17,11,exclude,launch,0,0.0,prior,0.0,cluster_patrol,12600.0,43200,1190857.3635447028,0,1126455.195994999,64402.16754970359,0,7,0.9295952241325087,18,4.789315478557101,17.334744540116773,8018.590898655449,1149.8010261231163,6.973894366482195,2.0068728310394306,304.13786936560746,0.0,0.0,0.022315893875526904,0.35418331226290795,4.975633849193283,0.9170731707317074,215.6992376322957,3037,1.0500233173370361
core,100,1500000.0,12,12,exclude,launch,0,0.0,prior,0.0,cluster_patrol,12600.0,43200,380348.4003658553,0,333742.5077308563,46605.89263499901,0,1,0.7197830302296441,1,4.789315478557099,14.317006577621225,8018.5908986554505,1391.0981328433008,5.764216563403797,2.008399012396911,305.0605704609194,0.0,0.0,0.048179871520342615,0.5266364965477435,7.061253561253562,0.9476190476190476,329.30797653591094,1404,0.7610197067260742
core,100,1500000.0,11,12,exclude,launch,0,0.0,prior,0.0,cluster_patrol,12600.0,43200,366303.4623697765,0,321493.9225217932,44809.53984798323,0,1,0.7473770088950148,1,4.789315478557099,15.547377231305987,8018.5908986554505,1281.2651256593347,6.258338526563041,2.0080006535128367,304.8195952446919,0.0,0.0,0.05593536357986327,0.5558177051598675,8.43755169561621,0.9476190476190476,319.09558199043954,1209,0.8254923820495605
core,100,1500000.0,19,11,exclude,launch,0,0.0,prior,0.0,cluster_patrol,12600.0,43200,2557095.169734862,0,2429262.323086619,127832.84664824307,0,14,0.9712966650405591,28,4.789315478557101,21.17008414007341,8018.590898655449,941.5253744720767,8.516595639444724,2.0068059421183007,304.09746152541555,0.0,0.0,0.05368860608470869,0.2840256037182689,4.246897280168999,0.848780487804878,202.3386641940463,3787,1.2145195007324219
core,100,1500000.0,14,12,exclude,launch,0,0.0,prior,0.0,cluster_patrol,12600.0,43200,384326.53468319756,0,337566.4688688845,46760.06581431307,0,1,0.7123299808777468,1,4.789315478557099,13.512616831105909,8018.5908986554505,1473.5669098708954,5.441619817153731,2.0088646145070004,305.3423431213075,0.0,0.0,0.03714403631861329,0.4795687953478251,5.542009884678748,0.9476190476190476,322.44180349417786,1821,0.6550049781799316
core,100,1500000.0,20,11,exclude,launch,0,0.0,prior,0.0,cluster_patrol,12600.0,43200,3553034.0568254404,0,3351269.229708862,201764.82711657847,0,19,0.982752182202773,31,4.789315478557101,22.080673735123796,8018.590898655449,902.6311590902517,8.883574223980109,2.006953680364715,304.18671432001315,0.0,0.0,0.06632181784592647,0.2640043696162317,4.003677371904879,0.8,199.27517023190876,4079,1.2535185813903809
core,100,1500000.0,15,12,exclude,launch,0,0.0,prior,0.0,cluster_patrol,12600.0,43200,396341.65171588707,0,349157.29844707524,47184.35326881182,0,1,0.6907368989603737,12,4.789315478557099,12.866037660070646,8018.5908986554505,1546.8658496337766,5.1837661944336455,2.009844794976612,305.93595298240666,0.0,0.0,0.03313696612665685,0.4606344178705794,4.7776689520078355,0.9476190476190476,334.1168235367135,2042,0.6910011768341064
core,100,1500000.0,16,12,exclude,launch,0,0.0,prior,0.0,cluster_patrol,12600.0,43200,997864.0818863855,0,926036.3578667146,71827.72401967086,0,4,0.8840955119884664,22,4.789315478557099,12.738515418099892,8018.5908986554505,1561.615655901025,5.13480437286527,2.0107914037225223,306.50977855180423,0.0,0.0,0.02900418949403803,0.4319736708370269,4.063811563169165,0.9238095238095239,343.6810204954909,2335,0.6560008525848389
core,100,1500000.0,18,11,exclude,launch,0,0.0,prior,0.0,cluster_patrol,12600.0,43200,2248574.929448168,0,2126344.9739398398,122229.95550832835,0,12,0.9674996965697994,22,4.789315478557101,22.483171749498545,8018.590898655449,886.8598345483003,9.041553790447074,2.0060762064402766,303.65679994957765,0.0,0.0,0.059721300597213006,0.2962264924955592,4.567734352042316,0.8682926829268293,209.17348841989062,3403,1.4900236129760742
core,100,1500000.0,13,12,exclude,launch,0,0.0,prior,0.0,cluster_patrol,12600.0,43200,382272.83743416984,0,335490.03060610767,46782.806828062225,0,1,0.7161600750939863,1,4.789315478557099,14.042972109430146,8018.5908986554505,1417.886126622907,5.655313743533108,2.00890594910033,305.3673642390112,0.0,0.0,0.040522287257991896,0.4828558477394259,6.044337926902337,0.9428571428571428,323.20394164042824,1669,0.8875107765197754
core,100,1500000.0,17,12,exclude,launch,0,0.0,prior,0.0,cluster_patrol,12600.0,43200,2207742.3255768227,0,2068121.1460523265,139621.1795244961,0,12,0.9606615998168947,29,4.789315478557099,13.248242051285816,8018.5908986554505,1502.7086565083068,5.336091506445065,2.009217484728037,305.5559794442355,0.0,0.0,0.026231419411250366,0.4167452273808691,4.052672347017816,0.8333333333333334,311.1796347469455,2582,0.76300048828125
core,100,1500000.0,18,12,exclude,launch,0,0.0,prior,0.0,cluster_patrol,12600.0,43200,3370359.5740286326,0,3125063.800814302,245295.7732143301,0,20,0.9805168982383801,36,4.789315478557099,13.455853605095458,8018.5908986554505,1479.710790007089,5.419025766931817,2.0089628099626866,305.40178556634,0.0,0.0,0.02346805736636245,0.39592550179847547,3.556865464632455,0.7571428571428571,317.82576513481695,2884,0.7535922527313232
core,100,1500000.0,19,12,exclude,launch,0,0.0,prior,0.0,cluster_patrol,12600.0,43200,4474709.658676047,0,4144063.216188903,330646.4424871434,0,26,0.9897315286262172,39,4.789315478557099,14.39929909226404,8018.5908986554505,1383.4046684410682,5.796272834391577,2.0080263235319964,304.8351206800299,0.0,0.0,0.020604395604395604,0.3680973599179348,3.6873668188736684,0.7095238095238096,268.88469496921266,3285,0.8975920677185059
core,100,1500000.0,20,12,exclude,launch,0,0.0,prior,0.0,cluster_patrol,12600.0,43200,5325680.798473778,0,4922542.265800133,403138.53267364495,0,32,0.9912697411333076,42,4.789315478557099,16.951915240376547,8018.5908986554505,1175.0625049713035,6.823969673724952,2.008076484986291,304.865459874695,0.0,0.0,0.10769968817462221,0.3215642024640695,3.520395156150414,0.6238095238095238,294.18332124045276,3138,0.8150825500488281
core,200,1500000.0,9,2,exclude,launch,0,0.0,prior,0.0,cluster_patrol,12600.0,43200,443691.5294152558,0,419493.8017884787,24197.727626777178,0,1,0.3156003283113128,1,5.159223286643748,16.767741867654088,7419.771693842448,1183.5984129478325,6.268825314967263,2.015491809402596,309.3670844891274,0.0,0.0,0.09533898305084745,0.7588278453133013,18.627118644067796,0.9748743718592965,490.39906142135123,708,0.7002980709075928
core,200,1500000.0,10,1,exclude,launch,0,0.0,prior,0.0,cluster_patrol,12600.0,43200,405844.2022246398,0,387287.31838700577,18556.883837634075,0,1,0.183287287938065,1,5.817375238242085,14.922416131707791,6542.619886436506,1329.6753718958892,4.920464065682326,2.0159289411991237,309.63348406979185,0.0,0.0,0.07468879668049792,0.6692936151848141,15.160220994475138,0.9781021897810219,477.159812778741,905,0.734809160232544
core,200,1500000.0,10,2,exclude,launch,0,0.0,prior,0.0,cluster_patrol,12600.0,43200,427726.30019116646,0,404390.4648716471,23335.83531951932,0,1,0.32738036517702734,1,5.159223286643748,16.323380489350118,7419.771693842448,1216.379788378602,6.099880781258938,2.014562252640663,308.8009693449888,0.0,0.0,0.0783289817232376,0.7009367287353351,16.60672853828306,0.9773869346733668,456.9461516376445,862,0.8555309772491455
core,200,1500000.0,11,2,exclude,launch,0,0.0,prior,0.0,cluster_patrol,12600.0,43200,425386.6721413305,0,401820.6236582766,23566.048483053906,0,1,0.3291809582268211,1,5.159223286643748,14.791831820204989,7419.771693842448,1342.2171929878639,5.527996312821435,2.0147224853503047,308.89851668264976,0.0,0.0,0.06493506493506493,0.6461562356245084,13.935638808837655,0.9748743718592965,450.2684293950942,1041,0.8365335464477539
core,200,1500000.0,12,1,exclude,launch,0,0.0,prior,0.0,cluster_patrol,12600.0,43200,343593.77951919683,0,331905.8427728662,11687.936746330677,0,1,0.2164942661512485,1,5.817375238242085,15.586889691221094,6542.619886436506,1274.1556625937433,5.134867017047179,2.0140861395810807,308.5112095471378,0.0,0.0,0.053003533568904596,0.5794532759168783,12.750588235294117,0.9708029197080292,401.8266212462893,1275,0.9675326347351074
core,200,1500000.0,14,1,exclude,launch,0,0.0,prior,0.0,cluster_patrol,12600.0,43200,375290.2884694041,0,359505.61847227387,15784.669997130279,0,1,0.1982094539523542,1,5.817375238242085,13.910540603473464,6542.619886436506,1427.3122054463543,4.58387440496277,2.014637917125018,308.84703086033846,0.0,0.0,0.04122766834631241,0.5329689889851756,9.83373934226553,0.9732360097323601,404.43404688822915,1642,1.0070407390594482
core,200,1500000.0,15,1,exclude,launch,0,0.0,prior,0.0,cluster_patrol,12600.0,43200,401779.2966671477,0,380665.4655387387,21113.831128409038,0,1,0.18514165306224578,19,5.817375238242085,13.709684119554776,6542.619886436506,1447.483650977988,4.519995705662033,2.0156674176866165,309.47409100505985,0.0,0.0,0.03525264394829612,0.49024197542184506,8.78374153204794,0.9683698296836983,387.17801248114415,1919,1.0440402030944824
core,200,1500000.0,11,1,exclude,launch,0,0.0,prior,0.0,cluster_patrol,12600.0,43200,353837.1648095952,0,341770.8882294274,12066.276580167843,0,1,0.2102268799015806,1,5.817375238242085,15.383439305705696,6542.619886436506,1290.6323490305317,5.069313419387825,2.014670385787314,308.8667975381329,0.0,0.0,0.06311360448807854,0.6279314869966234,14.1484593837535,0.9781021897810219,431.12140333596665,1071,1.0580408573150635
core,200,1500000.0,13,1,exclude,launch,0,0.0,prior,0.0,cluster_patrol,12600.0,43200,348385.9265879234,0,336485.0645981921,11900.86198973127,0,1,0.21351632621810207,1,5.817375238242085,15.454691358946825,6542.619886436506,1285.376709280636,5.0900407944205694,2.013581575315807,308.2042829459019,0.0,0.0,0.04639175257731959,0.5532821246401098,11.83618917066484,0.9732360097323601,377.95485363967435,1459,1.1910429000854492
core,200,1500000.0,16,1,exclude,launch,0,0.0,prior,0.0,cluster_patrol,12600.0,43200,1464208.9540448259,0,1368696.8299708115,95512.12407401443,0,7,0.7497401065047502,35,5.817375238242085,13.182959575958423,6542.619886436506,1504.8380847471135,4.347723487830245,2.0163099676639638,309.86578511193807,0.0,0.0,0.03155680224403927,0.47037273136666263,7.270862470862471,0.9318734793187348,418.05894683132965,2145,1.2310395240783691
core,200,1500000.0,17,1,exclude,launch,0,0.0,prior,0.0,cluster_patrol,12600.0,43200,3873573.7464131336,0,3605289.7360537765,268284.01035935647,0,22,0.9295281613073723,51,5.817375238242085,13.18511202220537,6542.619886436506,1504.8448910818188,4.347703823304393,2.015971690447711,309.65954273735395,0.0,0.0,0.027967681789931635,0.44409733249712274,6.423315419594874,0.848780487804878,418.94317727604687,2419,1.243039846420288
core,200,1500000.0,18,1,exclude,launch,0,0.0,prior,0.0,cluster_patrol,12600.0,43200,5719084.958979446,0,5306402.165259014,412682.79372043227,0,33,0.9634001871214791,62,5.817375238242085,13.49024871798505,6542.619886436506,1471.0848579627382,4.447479593731382,2.015590530351699,309.4272376020137,0.0,0.0,0.024786560176259985,0.418333580773042,5.730234260614934,0.7931873479318735,416.5170698372103,2732,1.474782943725586
core,200,1500000.0,12,2,exclude,launch,0,0.0,prior,0.0,cluster_patrol,12600.0,43200,432075.93037889455,0,405118.82046914706,26957.109909747494,0,1,0.3240846862948583,1,5.159223286643748,14.352070680677985,7419.771693842448,1383.2557953403968,5.363991041162826,2.014850968398488,308.97674641780475,0.0,0.0,0.05402160864345738,0.5911351203024393,12.24060751398881,0.9748743718592965,426.70369004188274,1251,0.9314897060394287
core,200,1500000.0,14,2,exclude,launch,0,0.0,prior,0.0,cluster_patrol,12600.0,43200,440498.55561082513,0,415899.8855961737,24598.670014651456,0,1,0.317887971637563,1,5.159223286643748,13.050464598838106,7419.771693842448,1520.258525659133,4.880598640698617,2.0161208956050434,309.7505023455586,0.0,0.0,0.04076086956521739,0.5268058889722605,8.569277108433734,0.9673366834170855,458.55416945091855,1660,0.8752565383911133
core,200,1500000.0,15,2,exclude,launch,0,0.0,prior,0.0,cluster_patrol,12600.0,43200,470184.51215143525,0,440779.71655041736,29404.795601017926,0,1,0.29781753489000956,20,5.159223286643748,13.307231118912167,7419.771693842448,1490.5722099506265,4.977800903780582,2.0165977187149826,310.0412765089519,0.0,0.0,0.03500583430571762,0.4869944553358978,8.118924508790073,0.9748743718592965,415.560177245292,1934,0.964968204498291
core,200,1500000.0,13,2,exclude,launch,0,0.0,prior,0.0,cluster_patrol,12600.0,43200,427359.0536280691,0,403964.5304618695,23394.52316619963,0,1,0.3276616960928338,1,5.159223286643748,13.827835256972515,7419.771693842448,1435.6669313430882,5.168170647283168,2.014893507430444,309.00264942734054,0.0,0.0,0.04714510214772132,0.5625234215010694,10.748256624825663,0.9698492462311558,423.6678100661705,1434,1.1696922779083252
core,200,1500000.0,10,3,exclude,launch,0,0.0,prior,0.0,cluster_patrol,12600.0,43200,381395.5133855659,0,367263.9711891116,14131.542196454286,0,1,0.2093601593242706,1,4.838213115042605,15.297185438933786,7934.181769636198,1297.52240441209,6.114870727978829,2.0152716447426715,309.23295378554684,0.0,0.0,0.07712082262210797,0.6910333605006284,16.76738882554162,0.9858156028368794,445.66803229245545,877,0.7544584274291992
core,200,1500000.0,9,3,exclude,launch,0,0.0,prior,0.0,cluster_patrol,12600.0,43200,364525.2230101632,0,351520.30982501124,13004.913185151956,0,1,0.219049383712295,1,4.838213115042605,18.382439365262112,7934.181769636198,1079.751545253723,7.348155049661727,2.015268956283359,309.23131607781016,0.0,0.0,0.0897308075772682,0.7152287922411181,20.266932270916335,0.983451536643026,429.0745419408461,753,0.9304604530334473
core,200,1500000.0,16,2,exclude,launch,0,0.0,prior,0.0,cluster_patrol,12600.0,43200,1367489.1130611885,0,1276848.147526645,90640.96553454337,0,7,0.7465191867896144,37,5.159223286643748,14.003739811246309,7419.771693842448,1416.9286407878526,5.236517549477187,2.0158953330179803,309.61299829431397,0.0,0.0,0.030201342281879196,0.4497941495204495,7.7028112449799195,0.9319899244332494,377.76587963133727,2241,1.0813989639282227
core,200,1500000.0,11,3,exclude,launch,0,0.0,prior,0.0,cluster_patrol,12600.0,43200,351026.45903700404,0,340845.72468611936,10180.734350884712,0,1,0.22747295365431738,1,4.838213115042605,14.651167189907582,7934.181769636198,1355.1290507671097,5.854927075133418,2.014684807211818,308.87557739594547,0.0,0.0,0.06578947368421052,0.654156153064785,15.010710808179162,0.9810874704491725,423.6649299299889,1027,0.8238906860351562
core,200,1500000.0,17,2,exclude,launch,0,0.0,prior,0.0,cluster_patrol,12600.0,43200,3553146.9078344614,0,3337867.599970223,215279.30786423857,0,22,0.9235895398873206,49,5.159223286643748,14.22617672596856,7419.771693842448,1395.8228847470425,5.315697123841821,2.014380355518436,308.6902516985127,0.0,0.0,0.027116601385959626,0.4305964725382434,6.9093461692739675,0.8438287153652393,378.72956816695466,2493,1.122889757156372
core,200,1500000.0,18,2,exclude,launch,0,0.0,prior,0.0,cluster_patrol,12600.0,43200,5122020.762530243,0,4828385.849104267,293634.91342597664,0,32,0.9530587816258351,57,5.159223286643748,14.593381226577447,7419.771693842448,1361.065521213588,5.451443430310865,2.01384031639887,308.361656146728,0.0,0.0,0.023968042609853527,0.4047024076470366,6.092776203966006,0.783375314861461,378.7868273058051,2824,1.2845003604888916
core,200,1500000.0,13,3,exclude,launch,0,0.0,prior,0.0,cluster_patrol,12600.0,43200,355688.92824682867,0,343719.5508302225,11969.37741660616,0,1,0.22449117503188742,1,4.838213115042605,15.967879894913303,7934.181769636198,1243.7395147718626,6.379295403420188,2.0141105369258696,308.52605433122255,0.0,0.0,0.0430622009569378,0.5135643432332243,11.637173774665818,0.9858156028368794,356.5764215595354,1571,1.0227575302124023
core,200,1500000.0,12,3,exclude,launch,0,0.0,prior,0.0,cluster_patrol,12600.0,43200,372872.44312047015,0,357891.3350105964,14981.108109873758,0,1,0.21414568687277477,1,4.838213115042605,15.450035260423684,7934.181769636198,1285.1868927025234,6.173562627107097,2.01448588511687,308.7544833304076,0.0,0.0,0.05166475315729047,0.5650526558180715,13.038990825688073,0.9810874704491725,382.8441661772717,1308,1.3860094547271729
core,200,1500000.0,14,3,exclude,launch,0,0.0,prior,0.0,cluster_patrol,12600.0,43200,357919.98747002764,0,346040.3135319625,11879.673938065172,0,1,0.22309183125641902,1,4.838213115042605,14.60285705879821,7934.181769636198,1359.4349563201172,5.836382044429253,2.014947449617881,309.03549764575246,0.0,0.0,0.03857693956279468,0.4980393979581766,10.120365088419852,0.9810874704491725,366.7640348575523,1753,1.0359656810760498
core,200,1500000.0,15,3,exclude,launch,0,0.0,prior,0.0,cluster_patrol,12600.0,43200,376450.262683287,0,362778.22684996336,13672.035833323607,0,1,0.21211042563448188,18,4.838213115042605,14.212723780690428,7934.181769636198,1396.3731289539674,5.681992588599687,2.015492529091226,309.3675229920282,0.0,0.0,0.034129692832764506,0.47480676171647934,9.362903225806452,0.9763593380614657,351.4778195693908,1984,1.125964879989624
core,200,1500000.0,11,4,exclude,launch,0,0.0,prior,0.0,cluster_patrol,12600.0,43200,328260.5932885693,0,310296.1505495516,17964.44273901775,0,1,0.23043097536863646,1,6.029864771348001,16.45983650043274,6300.314603527087,1207.0307689007511,5.2196801985957775,2.0133354170201967,308.05460021624873,0.0,0.0,0.063875088715401,0.6359555941537183,15.758751182592242,0.9658536585365853,392.98604631191245,1057,0.898252010345459
core,200,1500000.0,13,4,exclude,launch,0,0.0,prior,0.0,cluster_patrol,12600.0,43200,336136.9544753034,0,319012.5816440853,17124.372831218076,0,1,0.22503316782120047,1,6.029864771348001,14.318653118007381,6300.314603527087,1387.1581909967294,4.541886170170725,2.0138718557849886,308.38084198586915,0.0,0.0,0.04689942678478374,0.5595509374400607,11.240638002773926,0.973170731707317,402.50467522634557,1442,0.93882155418396
core,200,1500000.0,12,4,exclude,launch,0,0.0,prior,0.0,cluster_patrol,12600.0,43200,347648.53028309846,0,328408.66577930836,19239.86450379015,0,1,0.2175769276178216,1,6.029864771348001,14.640586660038668,6300.314603527087,1356.5385303060384,4.644405199538062,2.0140459655639047,308.4867660829295,0.0,0.0,0.05402160864345738,0.5907177823686669,12.20943245403677,0.9707317073170731,427.9086422613847,1251,1.009331226348877
core,200,1500000.0,16,3,exclude,launch,0,0.0,prior,0.0,cluster_patrol,12600.0,43200,1369407.911082201,0,1300589.6657803138,68818.24530188706,0,7,0.7692646345632126,33,4.838213115042605,13.908310213221434,7934.181769636198,1426.8964614600281,5.560446734528859,2.0155480761122204,309.40136846856956,0.0,0.0,0.03072721065209969,0.458142204859819,8.547229791099001,0.9598108747044918,346.7226813723119,2202,1.1817610263824463
core,200,1500000.0,14,4,exclude,launch,0,0.0,prior,0.0,cluster_patrol,12600.0,43200,318386.5929980973,0,299996.89756647847,18389.695431618846,0,1,0.23757703741393177,1,6.029864771348001,15.22820484848424,6300.314603527087,1304.6821004674316,4.829003633352414,2.013291114955288,308.02766509419934,0.0,0.0,0.03949100482667837,0.5100850549029422,10.985997666277713,0.973170731707317,346.7183128500707,1714,1.0753302574157715
core,200,1500000.0,18,3,exclude,launch,0,0.0,prior,0.0,cluster_patrol,12600.0,43200,5226473.413981913,0,4940955.756989792,285517.65699212067,0,32,0.9647776561758533,54,4.838213115042605,16.47379957415079,7934.181769636198,1206.5222286331482,6.5760759158368085,2.012476815274751,307.53279044067085,0.0,0.0,0.049078091106290675,0.38752566445874315,7.621981981981982,0.8439716312056738,307.8194607736582,2775,1.3962676525115967
core,200,1500000.0,17,3,exclude,launch,0,0.0,prior,0.0,cluster_patrol,12600.0,43200,3143330.050577921,0,2998518.8261373607,144811.22444056053,0,18,0.9209737465001938,47,4.838213115042605,14.222600976402964,7934.181769636198,1395.7808609189847,5.684403613624791,2.014947461039241,309.0355046010003,0.0,0.0,0.02697033263410249,0.42856124450162947,7.783127735773975,0.9148936170212766,332.81276380675865,2513,1.5172669887542725
core,200,1500000.0,15,4,exclude,launch,0,0.0,prior,0.0,cluster_patrol,12600.0,43200,353923.3275252238,0,332616.9952015998,21306.332323624003,0,1,0.2137232063295793,12,6.029864771348001,14.421020704645077,6300.314603527087,1377.00488061701,4.575375652048549,2.014320215977966,308.65365016247625,0.0,0.0,0.03453568687643899,0.48031603781499893,9.427115188583079,0.9706601466992665,352.56194228380934,1962,1.110227346420288
core,200,1500000.0,9,5,exclude,launch,0,0.0,prior,0.0,cluster_patrol,12600.0,43200,587192.1086974645,0,536057.5901993308,51134.51849813363,0,1,0.5194251642596747,1,5.1150318495492835,17.788473086707235,7486.75482575108,1115.8245304212205,6.709616630246381,2.015233692685544,309.20983522917754,0.0,0.0,0.09109311740890688,0.7257069592558741,19.93243243243243,0.9556135770234987,438.7716650397567,740,0.736736536026001
core,200,1500000.0,16,4,exclude,launch,0,0.0,prior,0.0,cluster_patrol,12600.0,43200,896201.247763716,0,833944.5476534533,62256.700110262726,0,5,0.6601725171064032,21,6.029864771348001,14.393762100154252,6300.314603527087,1379.7606753190678,4.56623725855221,2.0141040743868768,308.5221221064193,0.0,0.0,0.030853616729516628,0.45930498950278736,8.625170998632012,0.9511002444987775,344.55728475168723,2193,1.2964556217193604
core,200,1500000.0,10,5,exclude,launch,0,0.0,prior,0.0,cluster_patrol,12600.0,43200,522336.76166599215,0,474900.5280706592,47436.23359533291,0,1,0.583909228942707,1,5.1150318495492835,21.806415284354227,7486.75482575108,911.3142082461318,8.215338637328722,2.0128321998345857,307.7487195065297,0.0,0.0,0.0749375520399667,0.6718467021657456,19.913429522752498,0.9685863874345549,364.1868907920678,901,0.9588963985443115
core,200,1500000.0,17,4,exclude,launch,0,0.0,prior,0.0,cluster_patrol,12600.0,43200,1967518.2407907513,0,1802761.9766591191,164756.26413163205,0,12,0.8539298825200552,37,6.029864771348001,15.089893071267607,6300.314603527087,1316.5865708146418,4.78534016918367,2.0133737776692526,308.0779239802955,0.0,0.0,0.026841634357291977,0.4265860809254298,7.76,0.8875305623471883,332.97409131383097,2525,1.295600175857544
core,200,1500000.0,11,5,exclude,launch,0,0.0,prior,0.0,cluster_patrol,12600.0,43200,534284.7948266228,0,486900.51093153894,47384.28389508386,0,1,0.5708638743347653,1,5.1150318495492835,17.051827996976375,7486.75482575108,1164.9214712791018,6.426832203144567,2.0136890016273887,308.2696176060997,0.0,0.0,0.06198347107438017,0.6161911724256681,16.464220183486237,0.9578947368421052,364.1842306635995,1090,0.9608972072601318
core,200,1500000.0,18,4,exclude,launch,0,0.0,prior,0.0,cluster_patrol,12600.0,43200,2830511.2583023296,0,2624278.3126701503,206232.94563217953,0,18,0.8995902913383351,50,6.029864771348001,15.283491093365992,6300.314603527087,1300.1736735425277,4.8457484809401565,2.0129642183177756,307.82895227764266,0.0,0.0,0.024154589371980676,0.40788574491912,7.095611844452373,0.8606356968215159,327.7950702448833,2803,1.3448951244354248
core,200,1500000.0,12,5,exclude,launch,0,0.0,prior,0.0,cluster_patrol,12600.0,43200,555109.8779674426,0,503584.57730272674,51525.30066471588,0,1,0.5494407123797066,1,5.1150318495492835,16.124436488178635,7486.75482575108,1232.066127110547,6.076585226240321,2.0134526811501647,308.1259010791372,0.0,0.0,0.053475935828877004,0.5847775560623594,13.836896278701504,0.9631578947368421,373.5516467053238,1263,0.9763867855072021
core,200,1500000.0,13,5,exclude,launch,0,0.0,prior,0.0,cluster_patrol,12600.0,43200,540493.295795235,0,492577.852704405,47915.44309082994,0,1,0.5643069393678201,1,5.1150318495492835,14.768107537404171,7486.75482575108,1344.974193829959,5.566467267622242,2.013822522403003,308.350832079476,0.0,0.0,0.046875,0.5593081201847108,12.004854368932039,0.9605263157894737,377.4442830807302,1442,1.0313873291015625
core,200,1500000.0,14,5,exclude,launch,0,0.0,prior,0.0,cluster_patrol,12600.0,43200,547081.7395022396,0,498030.48359230364,49051.255909935906,0,1,0.5575110466135222,1,5.1150318495492835,14.704919350696118,7486.75482575108,1350.443831545405,5.5439216729091765,2.014284537437561,308.6319368654781,0.0,0.0,0.03940455341506129,0.5087792709508148,10.631701631701631,0.9605263157894737,357.1320494313299,1716,1.0538933277130127
core,200,1500000.0,9,6,exclude,launch,0,0.0,prior,0.0,cluster_patrol,12600.0,43200,501374.9415351204,0,465242.29691066407,36132.64462445635,0,1,0.4083385381356505,1,4.910322515263031,19.4607092091978,7812.771097824855,1020.1245031786925,7.658644678644987,2.0148751874594693,308.9914938362678,0.0,0.0,0.09230769230769231,0.7341968421374456,19.422131147540984,0.957345971563981,460.66757344466225,732,0.7103054523468018
core,200,1500000.0,16,5,exclude,launch,0,0.0,prior,0.0,cluster_patrol,12600.0,43200,1227831.8216991809,0,1146978.5798338328,80853.24186534806,0,6,0.7632616738088575,23,5.1150318495492835,15.173177269648509,7486.75482575108,1308.984592527611,5.7195133300189385,2.013951116117808,308.4290597629645,0.0,0.0,0.03,0.44711156023304355,8.525942350332594,0.9394736842105263,339.2844159670478,2255,1.1940422058105469
core,200,1500000.0,10,6,exclude,launch,0,0.0,prior,0.0,cluster_patrol,12600.0,43200,490599.2707937671,0,455837.279130779,34761.99166298815,0,1,0.4173095598261833,1,4.910322515263031,17.140836983948134,7812.771097824855,1158.3185285811162,6.744924565261957,2.014651647394567,308.85538966815244,0.0,0.0,0.0750625521267723,0.6728918682960283,17.107538802660756,0.9597156398104265,424.0829036568058,902,0.7841613292694092
core,200,1500000.0,17,5,exclude,launch,0,0.0,prior,0.0,cluster_patrol,12600.0,43200,2152141.4203613084,0,2034556.1594357046,117585.26092560375,0,13,0.8748967908909733,38,5.1150318495492835,15.787434091748692,7486.75482575108,1258.095609585803,5.950863168671186,2.01388558833259,308.38919586855644,0.0,0.0,0.025597269624573378,0.4062627739331785,7.767951625094482,0.9184210526315789,316.83905784536176,2646,1.2780418395996094
core,200,1500000.0,15,5,exclude,launch,0,0.0,prior,0.0,cluster_patrol,12600.0,43200,555335.2387704008,0,505814.9408948401,49520.29787556066,0,1,0.5492241295934951,13,5.1150318495492835,14.625158545937825,7486.75482575108,1357.66785245877,5.514422995427329,2.0144935158494293,308.75912811016093,0.0,0.0,0.03446955189582535,0.47935698013620875,9.594195519348268,0.9710526315789474,345.92829839197356,1964,1.4310417175292969
core,200,1500000.0,11,6,exclude,launch,0,0.0,prior,0.0,cluster_patrol,12600.0,43200,462754.4149314637,0,430204.51609265193,32549.898838811827,0,1,0.442422391929829,1,4.910322515263031,15.694739236415103,7812.771097824855,1265.2615277857512,6.174827042672717,2.0143066386371578,308.64538715502295,0.0,0.0,0.06465517241379311,0.6427041630429736,15.30622009569378,0.9597156398104265,408.5115194887232,1045,0.8611605167388916
core,200,1500000.0,12,6,exclude,launch,0,0.0,prior,0.0,cluster_patrol,12600.0,43200,464054.97041598766,0,430358.12267045514,33696.8477455325,0,1,0.4411850148604282,1,4.910322515263031,14.538136056320095,7812.771097824855,1365.6373982357516,5.720970374652941,2.0147253963138283,308.9002889772767,0.0,0.0,0.054249547920433995,0.5935038780996198,12.996792301523657,0.9597156398104265,403.18980304264494,1247,0.8948991298675537
core,200,1500000.0,18,5,exclude,launch,0,0.0,prior,0.0,cluster_patrol,12600.0,43200,3214237.8022494633,0,3038636.628720549,175601.17352891417,0,21,0.9290498433278886,51,5.1150318495492835,15.22347665578935,7486.75482575108,1304.5207924105946,5.739084320700227,2.0141654412263756,308.5594626533667,0.0,0.0,0.023340248962655602,0.3939231894181129,6.785443256295275,0.8763157894736842,331.06780420633856,2899,1.3200597763061523
core,200,1500000.0,13,6,exclude,launch,0,0.0,prior,0.0,cluster_patrol,12600.0,43200,453839.80577628687,0,421078.07400583685,32761.73177045005,0,1,0.45111268173810387,1,4.910322515263031,14.93082685029646,7812.771097824855,1330.0545007225383,5.874023277678207,2.014219031625161,308.5920732332039,0.0,0.0,0.045988758303525806,0.5487292595500188,12.074779061862678,0.9715639810426541,367.7607411503646,1471,0.9918994903564453
core,200,1500000.0,14,6,exclude,launch,0,0.0,prior,0.0,cluster_patrol,12600.0,43200,485042.5607754855,0,451185.2019104804,33857.358865005044,0,1,0.4220821880868931,1,4.910322515263031,13.660772949673381,7812.771097824855,1453.2321579653296,5.376134195078311,2.0148824706686796,308.995928781169,0.0,0.0,0.04149377593360996,0.5360809255735175,9.51379521765788,0.9691943127962085,420.6492718212362,1631,1.0094034671783447
core,200,1500000.0,16,6,exclude,launch,0,0.0,prior,0.0,cluster_patrol,12600.0,43200,1065965.2096669138,0,979554.6056645116,86410.60400240231,0,4,0.6739958799735576,32,4.910322515263031,12.585792052122963,7812.771097824855,1574.7276486329242,4.961347509588336,2.0182454714322637,311.0471520276939,0.0,0.0,0.03162333099086437,0.47104581939511597,6.533862680990191,0.9547619047619048,466.0257887160705,2141,0.9028952121734619
core,200,1500000.0,9,7,exclude,launch,0,0.0,prior,0.0,cluster_patrol,12600.0,43200,279422.7886438496,0,272521.4386573904,6901.34998645926,0,1,0.10978746256212817,1,5.136971107610754,19.123110543936523,7453.356364169037,1038.1387036020396,7.179538088993365,2.0148655583134625,308.9856304352688,0.0,0.0,0.09394572025052192,0.7479731753209927,20.94853963838665,0.9728395061728395,429.13927353594516,719,0.7599594593048096
core,200,1500000.0,10,7,exclude,launch,0,0.0,prior,0.0,cluster_patrol,12600.0,43200,300157.1623458833,0,290619.1607950874,9538.001550795958,0,1,0.10220352134023525,1,5.136971107610754,16.35338692946412,7453.356364169037,1213.9988015873296,6.139508831823897,2.014809643276183,308.95158362590024,0.0,0.0,0.07712082262210797,0.690828420301141,16.511972633979475,0.9703703703703703,451.04877559446385,877,0.7579596042633057
core,200,1500000.0,15,6,exclude,launch,0,0.0,prior,0.0,cluster_patrol,12600.0,43200,504692.57941519807,0,468891.96641569614,35800.61299950196,0,1,0.405657483123942,18,4.910322515263031,12.6245437510538,7812.771097824855,1570.4187765024549,4.974960319326418,2.0175709699496704,310.6352036652939,0.0,0.0,0.03577106518282989,0.49742504837137513,7.517186673717609,0.9643705463182898,458.71197190576095,1891,1.4491214752197266
core,200,1500000.0,17,6,exclude,launch,0,0.0,prior,0.0,cluster_patrol,12600.0,43200,3276849.3866915777,0,3045869.811708596,230979.57498298178,0,19,0.9146371558040061,42,4.910322515263031,13.971240754996831,7812.771097824855,1420.4150937602683,5.500343619372621,2.015624999324972,309.448241776155,0.0,0.0,0.026897788404064555,0.4273557098056703,6.631558028616852,0.8854415274463007,390.6098742179039,2516,1.0779755115509033
core,200,1500000.0,12,7,exclude,launch,0,0.0,prior,0.0,cluster_patrol,12600.0,43200,268272.7342981451,0,259683.54763984817,8589.186658296947,0,1,0.1143504912174528,1,5.136971107610754,16.062555633831153,7453.356364169037,1236.573049940848,6.027429082758654,2.0138428121333107,308.3631743143139,0.0,0.0,0.05303476723629935,0.580247619091549,13.68025078369906,0.9752475247524752,374.0065707910629,1276,0.9624669551849365
core,200,1500000.0,18,6,exclude,launch,0,0.0,prior,0.0,cluster_patrol,12600.0,43200,5346101.722181645,0,5002386.63482929,343715.0873523556,0,31,0.964559032594426,54,4.910322515263031,14.210574949146096,7812.771097824855,1397.5709820025552,5.590249939670378,2.0140695662846166,308.5011255794011,0.0,0.0,0.02446316933949443,0.4130008778531672,6.359927797833935,0.837708830548926,370.1685665597682,2770,1.1744673252105713
core,200,1500000.0,13,7,exclude,launch,0,0.0,prior,0.0,cluster_patrol,12600.0,43200,278566.077023611,0,269436.04535615526,9130.031667455765,0,1,0.11012510667134262,1,5.136971107610754,14.527391058809368,7453.356364169037,1366.7149310473428,5.45348279648732,2.014625955856184,308.8397490891224,0.0,0.0,0.04605936540429888,0.5490746576883211,11.49011588275392,0.9727722772277227,386.96636773729784,1467,0.966728925704956
core,200,1500000.0,14,7,exclude,launch,0,0.0,prior,0.0,cluster_patrol,12600.0,43200,286378.9690865449,0,276667.70567594643,9711.26341059844,0,1,0.10712071157002975,1,5.136971107610754,14.929427680775559,7453.356364169037,1329.8175081794045,5.604796386214756,2.0147667983618263,308.9254965172534,0.0,0.0,0.03836317135549872,0.4954792537466664,10.072521246458923,0.9826732673267327,367.1847312188642,1765,1.055049180984497
core,200,1500000.0,15,7,exclude,launch,0,0.0,prior,0.0,cluster_patrol,12600.0,43200,311782.43854434096,0,299934.41046558117,11848.028078759802,0,1,0.09839270964223769,14,5.136971107610754,14.509967617010684,7453.356364169037,1367.9295969582026,5.448640325308186,2.01525404691832,309.2222339352079,0.0,0.0,0.033949453036589965,0.47236567323090417,8.659136546184738,0.9653465346534653,378.41584631988934,1992,1.0450496673583984
core,200,1500000.0,16,7,exclude,launch,0,0.0,prior,0.0,cluster_patrol,12600.0,43200,522387.9405270293,0,495133.80976642953,27254.13076059972,0,2,0.273348681986217,26,5.136971107610754,13.468688483514578,7453.356364169037,1471.976696740132,5.063501603439365,2.0175938640411397,310.64918164025323,0.0,0.0,0.030333670374115267,0.4518702521866578,7.045760430686406,0.9554455445544554,414.4787892876845,2229,1.0155463218688965
core,200,1500000.0,11,7,exclude,launch,0,0.0,prior,0.0,cluster_patrol,12600.0,43200,300918.5447567212,0,291285.11606806825,9633.428688652877,0,1,0.1019449265649058,1,5.136971107610754,14.588572098170406,7453.356364169037,1360.6264515372616,5.4778858339466305,2.015154253500686,309.16144752016044,0.0,0.0,0.06437768240343347,0.6407384897611258,14.093422306959008,0.9777777777777777,442.5071837932616,1049,1.3433001041412354
core,200,1500000.0,10,8,exclude,launch,0,0.0,prior,0.0,cluster_patrol,12600.0,43200,386235.82968467206,0,373801.7310044562,12434.098680215864,0,1,0.3320087484339975,1,5.966948405413719,18.100542492360375,6370.260745628138,1097.3512682812077,5.8051245118675086,2.013829646787734,308.3551658117225,0.0,0.0,0.0774526678141136,0.6940912778700266,17.021788990825687,0.9845360824742269,436.34299433368665,872,0.7663402557373047
core,200,1500000.0,17,7,exclude,launch,0,0.0,prior,0.0,cluster_patrol,12600.0,43200,2197566.038454234,0,2066864.5000951746,130701.53835905972,0,15,0.8833014886619702,36,5.136971107610754,14.246023539236056,7453.356364169037,1393.0082792180992,5.350547068071005,2.0156384583582767,309.45644342891296,0.0,0.0,0.026761819803746655,0.4250754683612957,6.548042704626335,0.8762376237623762,393.67054950644285,2529,1.080061674118042
core,200,1500000.0,12,8,exclude,launch,0,0.0,prior,0.0,cluster_patrol,12600.0,43200,364812.4351558237,0,351986.48012472945,12825.955031094254,0,1,0.35150576585801696,1,5.966948405413719,15.539188630452854,6370.260745628138,1278.2372077942453,4.983629569523173,2.0138179035385324,308.3480224605796,0.0,0.0,0.05398920215956809,0.5906419188939599,13.209098164405427,0.9922279792746114,394.77809287068806,1253,0.9780256748199463
core,200,1500000.0,18,7,exclude,launch,0,0.0,prior,0.0,cluster_patrol,12600.0,43200,3477508.011232939,0,3270433.4733191086,207074.53791383014,0,23,0.9387896765545279,53,5.136971107610754,14.15433002351612,7453.356364169037,1402.257175375565,5.315256356005318,2.0153153042015575,309.25955008377053,0.0,0.0,0.024416711882799782,0.41240437257177415,6.328525063108547,0.8267326732673267,371.5091732568938,2773,1.2010455131530762
core,200,1500000.0,11,8,exclude,launch,0,0.0,prior,0.0,cluster_patrol,12600.0,43200,352984.52392701217,0,340642.3551343182,12342.168792694009,0,1,0.3632841264182157,1,5.966948405413719,17.845879300543864,6370.260745628138,1113.3884542210271,5.721507818297826,2.013146250802845,307.93959765475853,0.0,0.0,0.06405693950177936,0.6370956627497992,16.617424242424242,0.9870801033591732,372.63991930697796,1056,1.1536335945129395
core,200,1500000.0,13,8,exclude,launch,0,0.0,prior,0.0,cluster_patrol,12600.0,43200,374984.543411718,0,360626.0310491529,14358.512362565098,0,1,0.3419705602990154,1,5.966948405413719,15.67290770812803,6370.260745628138,1267.3059270403642,5.02661639128059,2.0138584847249197,308.37270811461326,0.0,0.0,0.044532409698169226,0.5313102424758621,11.693675889328063,0.9922279792746114,366.95586067008605,1518,1.0501270294189453
core,200,1500000.0,9,9,exclude,launch,0,0.0,prior,0.0,cluster_patrol,12600.0,43200,455818.0276945822,0,423511.19438605005,32306.83330853214,0,1,0.397068001607391,1,5.152246859207978,21.090934303294052,7430.26982720097,941.5441730250657,7.891578579184901,2.0142968448110654,308.6394268181047,0.0,0.0,0.08946322067594434,0.7116862103231077,20.043766578249336,0.9798488664987406,426.9846593329568,754,0.7722928524017334
core,200,1500000.0,15,8,exclude,launch,0,0.0,prior,0.0,cluster_patrol,12600.0,43200,398027.0095466636,0,377326.8534953503,20700.15605131334,0,1,0.32217329813880907,13,5.966948405413719,14.900349142679806,6370.260745628138,1332.7387465333447,4.779827075785221,2.0142738860775897,308.6254547936806,0.0,0.0,0.03436426116838488,0.47848095614105873,9.43140243902439,0.9870466321243523,351.407321518328,1968,1.114126443862915
core,200,1500000.0,10,9,exclude,launch,0,0.0,prior,0.0,cluster_patrol,12600.0,43200,429813.00318029674,0,398568.9298718003,31244.073308496456,0,1,0.4210945667738241,1,5.152246859207978,20.530573534882425,7430.26982720097,967.8318116089845,7.677232488203113,2.013070648534103,307.89364167639235,0.0,0.0,0.07588532883642496,0.6797809405074853,18.56580427446569,0.9748110831234257,391.74579531028553,889,0.842799186706543
core,200,1500000.0,17,8,exclude,launch,0,0.0,prior,0.0,cluster_patrol,12600.0,43200,2221713.254210494,0,2068677.4445114771,153035.80969901656,0,13,0.8696160641672833,43,5.966948405413719,14.224467825474536,6370.260745628138,1395.4178220547806,4.5651278383758935,2.0152071650841785,309.1936764114765,0.0,0.0,0.027124773960216998,0.43121240440812797,6.779559118236473,0.927461139896373,385.52390234089734,2495,1.0963108539581299
core,200,1500000.0,11,9,exclude,launch,0,0.0,prior,0.0,cluster_patrol,12600.0,43200,407745.3561110234,0,378170.07261417696,29575.283496846445,0,1,0.4438427590051835,1,5.152246859207978,19.24672059686009,7430.26982720097,1032.4796784309465,7.196528883253866,2.012897855095874,307.7886194573464,0.0,0.0,0.06044325050369376,0.6013264629423756,16.288908765652952,0.9848866498740554,358.7045768267622,1118,0.9437980651855469
core,200,1500000.0,14,8,exclude,launch,0,0.0,prior,0.0,cluster_patrol,12600.0,43200,380171.57050864305,0,364213.49099080765,15958.079517835436,0,1,0.33730474438792996,1,5.966948405413719,15.80782626656134,6370.260745628138,1256.6726920910153,5.069148701742273,2.0135650260948648,308.19421863680526,0.0,0.0,0.03865979381443299,0.4992417488253844,10.66,0.9896373056994818,349.8061969402629,1750,1.518632411956787
core,200,1500000.0,18,8,exclude,launch,0,0.0,prior,0.0,cluster_patrol,12600.0,43200,4124372.664826576,0,3818461.85526093,305910.8095656463,0,24,0.9469254384509523,47,5.966948405413719,14.761233796019127,6370.260745628138,1344.8656202051093,4.736726591803715,2.0149229379719626,309.020571006492,0.0,0.0,0.023547880690737835,0.3972861996786701,6.377607788595271,0.8704663212435233,355.20968835592527,2876,1.2858221530914307
core,200,1500000.0,16,8,exclude,launch,0,0.0,prior,0.0,cluster_patrol,12600.0,43200,1203846.2203622109,0,1122399.2799267562,81446.94043545476,0,6,0.7529480529577665,25,5.966948405413719,14.071061575197838,6370.260745628138,1410.6022271351667,4.515986592879331,2.015248296011778,309.2187307664456,0.0,0.0,0.030706243602865915,0.4574088934951961,7.8612244897959185,0.9637305699481865,376.6141250584811,2205,1.4248225688934326
core,200,1500000.0,12,9,exclude,launch,0,0.0,prior,0.0,cluster_patrol,12600.0,43200,398497.9407756785,0,369180.4411444523,29317.499631226154,0,1,0.45418325070433646,1,5.152246859207978,18.574698612867326,7430.26982720097,1070.0620189724877,6.943774935901177,2.0124693102090783,307.52823123457415,0.0,0.0,0.05154639175257732,0.5632764382528743,14.54988575780655,0.9697732997481109,341.57842492769606,1313,1.0111188888549805
core,200,1500000.0,14,9,exclude,launch,0,0.0,prior,0.0,cluster_patrol,12600.0,43200,425828.24215011875,0,393991.4387457366,31836.803404382124,0,1,0.4250295728732133,1,5.152246859207978,16.00283976909862,7430.26982720097,1241.9159569527467,5.982908735171105,2.0126614452641967,307.6449608173714,0.0,0.0,0.04034065441506051,0.5211116617309405,10.99880739415623,0.9722921914357683,353.6807451661113,1677,1.0610182285308838
core,200,1500000.0,13,9,exclude,launch,0,0.0,prior,0.0,cluster_patrol,12600.0,43200,398617.99050386564,0,367732.14767212456,30885.84283174111,0,1,0.4540445381843534,1,5.152246859207978,18.591680617565977,7430.26982720097,1069.384239065762,6.948175927571385,2.0119054272115644,307.18577808606574,0.0,0.0,0.04457652303120357,0.5315518005442819,13.452569169960475,0.9773299748110831,319.68330413377714,1518,1.3324015140533447
core,200,1500000.0,16,9,exclude,launch,0,0.0,prior,0.0,cluster_patrol,12600.0,43200,588775.7747048914,0,548690.0837292328,40085.69097565859,0,2,0.46530501060766377,24,5.152246859207978,13.794155857988496,7430.26982720097,1438.3585448710664,5.16579809234353,2.0160333166438242,309.6971101590749,0.0,0.0,0.030748206354629312,0.45770615766427025,7.882780554293503,0.9696969696969697,375.26335747516885,2201,1.076812744140625
core,200,1500000.0,11,10,exclude,launch,0,0.0,prior,0.0,cluster_patrol,12600.0,43200,404530.5025901526,0,395927.3047710582,8603.197819094406,0,1,0.38530283768952145,1,5.798634922030512,16.56008123251684,6564.841933405682,1199.7016096579912,5.4720622866190665,2.0133732164324005,308.07758273476446,0.0,0.0,0.06526468455402465,0.648970781019329,15.617391304347827,0.974937343358396,404.6787628219851,1035,0.8503072261810303
core,200,1500000.0,10,10,exclude,launch,0,0.0,prior,0.0,cluster_patrol,12600.0,43200,417792.01651831024,0,406149.99589893786,11642.020619372382,0,1,0.3730725921449534,1,5.798634922030512,17.209226048359646,6564.841933405682,1153.9852059974462,5.688844102408892,2.014180610332757,308.568693112477,0.0,0.0,0.07569386038687972,0.6775945336244507,17.56165919282511,0.9699248120300752,417.16931285665993,892,0.9873075485229492
core,200,1500000.0,15,9,exclude,launch,0,0.0,prior,0.0,cluster_patrol,12600.0,43200,441451.43246932165,0,409317.82797799073,32133.60449133089,0,1,0.40998391708456905,11,5.152246859207978,14.570830419866727,7430.26982720097,1362.9947947321946,5.451429349486909,2.014102137201527,308.5209434030112,0.0,0.0,0.035211267605633804,0.48971036976559845,9.4105098855359,0.9797979797979798,360.62768489402094,1922,1.3618113994598389
core,200,1500000.0,12,10,exclude,launch,0,0.0,prior,0.0,cluster_patrol,12600.0,43200,421757.6745791937,0,412279.2251862889,9478.449392904795,0,1,0.3695647049824728,1,5.798634922030512,14.495623030368188,6564.841933405682,1369.9974736038275,4.791864262447601,2.014203464921396,308.5826004775695,0.0,0.0,0.05507955936352509,0.6026813629889244,12.66231647634584,0.9774436090225563,420.8311894892896,1226,0.9403069019317627
core,200,1500000.0,18,9,exclude,launch,0,0.0,prior,0.0,cluster_patrol,12600.0,43200,3799866.1514904033,0,3602998.0309340716,196868.12055633188,0,23,0.9450900613806247,49,5.152246859207978,14.695105121272649,7430.26982720097,1351.6223518079682,5.497297242282233,2.013872303187912,308.3811141514684,0.0,0.0,0.024278392230914485,0.4100335518884676,6.762468604233943,0.8863636363636364,345.8965375350935,2787,1.2703273296356201
core,200,1500000.0,13,10,exclude,launch,0,0.0,prior,0.0,cluster_patrol,12600.0,43200,418468.86265055556,0,405629.6709345696,12839.191715985935,0,1,0.3724691715237898,1,5.798634922030512,14.641638896426349,6564.841933405682,1356.574205942648,4.839279638848761,2.013848261846415,308.366489414699,0.0,0.0,0.04685059864653826,0.5591780449041135,11.818307905686547,0.9799498746867168,383.0520914481575,1442,1.0475947856903076
core,200,1500000.0,14,10,exclude,launch,0,0.0,prior,0.0,cluster_patrol,12600.0,43200,465267.4885576838,0,446622.59617976204,18644.892377921733,0,1,0.3350046036165947,1,5.798634922030512,14.07570823234154,6564.841933405682,1410.3137767690444,4.654880383034613,2.0149950655655693,309.0644949367362,0.0,0.0,0.0394563787812363,0.5098456569196367,9.484530064214828,0.974937343358396,401.0150402149856,1713,1.028595209121704
core,200,1500000.0,17,9,exclude,launch,0,0.0,prior,0.0,cluster_patrol,12600.0,43200,1728415.6668012147,0,1634001.9299653796,94413.73683583476,0,11,0.8406025267106867,41,5.152246859207978,14.979829192633405,7430.26982720097,1326.0188496915816,5.603442084499156,2.0137401645174795,308.30073634677797,0.0,0.0,0.02717391304347826,0.43207282024698657,7.638810767376456,0.9343434343434344,342.8922270956734,2489,1.5556120872497559
core,200,1500000.0,15,10,exclude,launch,0,0.0,prior,0.0,cluster_patrol,12600.0,43200,470276.6335981761,0,448575.61899875535,21701.014599420767,0,1,0.33143630672735563,20,5.798634922030512,12.87302795943742,6564.841933405682,1540.8696087697767,4.260478560964689,2.016570405493148,310.0246167973509,0.0,0.0,0.035813768404297654,0.49782205807202884,8.244044467972472,0.974937343358396,418.6031007736978,1889,0.9265933036804199
core,200,1500000.0,16,10,exclude,launch,0,0.0,prior,0.0,cluster_patrol,12600.0,43200,1956494.1555791225,0,1837914.2600405617,118579.89553856057,0,8,0.8458003138014072,33,5.798634922030512,12.47756304660586,6564.841933405682,1588.4334201613492,4.132903431822053,2.0181860617489127,311.010856901928,0.0,0.0,0.03139169863969306,0.4674772096864924,6.866759517177345,0.9348370927318296,440.3641521917271,2154,1.0751025676727295
core,200,1500000.0,10,11,exclude,launch,0,0.0,prior,0.0,cluster_patrol,12600.0,43200,349967.194641882,0,334655.80860354507,15311.386038336928,0,1,0.21125028323006653,1,5.637899989482576,16.269270544699502,6761.506957310247,1220.3368827745924,5.5406888480966785,2.014708287032974,308.8898723320176,0.0,0.0,0.07731958762886598,0.6917160840414801,16.574857142857145,0.975669099756691,449.08328799248403,875,0.9939017295837402
core,200,1500000.0,17,10,exclude,launch,0,0.0,prior,0.0,cluster_patrol,12600.0,43200,3751502.276578534,0,3520851.990091181,230650.2864873531,0,21,0.9409604364481579,44,5.798634922030512,13.620511603345507,6564.841933405682,1457.1464772857414,4.5052724868361596,2.015409772570113,309.3171018692665,0.0,0.0,0.027330701488004858,0.4342227418857349,6.837979797979798,0.8696741854636592,384.92698482379376,2475,1.2764098644256592
core,200,1500000.0,13,11,exclude,launch,0,0.0,prior,0.0,cluster_patrol,12600.0,43200,345095.2563794756,0,330526.8910090359,14568.365370439655,0,1,0.2142326433720461,1,5.637899989482576,15.465239861893222,6761.506957310247,1284.3366438023959,5.264590860922716,2.013837656527232,308.3600381377888,0.0,0.0,0.04543160020191822,0.5418685723166772,11.776209677419354,0.9684466019417476,371.807081534916,1488,1.0034101009368896
core,200,1500000.0,14,11,exclude,launch,0,0.0,prior,0.0,cluster_patrol,12600.0,43200,364118.391345464,0,344202.26036982867,19916.130975635308,0,1,0.2030401944712144,1,5.637899989482576,14.248550076403546,6761.506957310247,1393.343175931796,4.852721909509838,2.014796665108876,308.9436814548289,0.0,0.0,0.03991130820399113,0.51542744605141,10.04250295159386,0.975669099756691,383.5794308398349,1694,0.9759042263031006
core,200,1500000.0,11,11,exclude,launch,0,0.0,prior,0.0,cluster_patrol,12600.0,43200,351836.7474672635,0,334427.3139890353,17409.43347822812,0,1,0.21012776386073242,1,5.637899989482576,17.124246296999146,6761.506957310247,1159.9848265467595,5.828961554125716,2.0137067104981976,308.280388472723,0.0,0.0,0.06267409470752089,0.6227847790606337,14.89990732159407,0.9781021897810219,405.7801308317875,1079,1.2699253559112549
core,200,1500000.0,18,10,exclude,launch,0,0.0,prior,0.0,cluster_patrol,12600.0,43200,5072120.859564377,0,4777044.270990097,295076.5885742802,0,30,0.9600666847965559,53,5.798634922030512,13.538721574797858,6564.841933405682,1464.9854485691937,4.481165283803577,2.0167358726250115,310.12555040476315,0.0,0.0,0.02398720682302772,0.4047738028877989,5.769230769230769,0.8245614035087719,400.41258857262716,2821,1.4719245433807373
core,200,1500000.0,12,11,exclude,launch,0,0.0,prior,0.0,cluster_patrol,12600.0,43200,342830.2401226469,0,328495.3816057058,14334.858516941129,0,1,0.2156480389911951,1,5.637899989482576,16.69039058912384,6761.506957310247,1190.233430535304,5.680824268454028,2.0135450320698123,308.1820596100191,0.0,0.0,0.05196304849884527,0.5685330810368657,13.362307692307692,0.970873786407767,374.91333236233044,1300,1.3356616497039795
core,200,1500000.0,15,11,exclude,launch,0,0.0,prior,0.0,cluster_patrol,12600.0,43200,414957.9926893124,0,387512.36549114925,27445.62719816313,0,1,0.17816422455243994,18,5.637899989482576,13.439906319529676,6761.506957310247,1476.3740833007216,4.579806049015425,2.015892350630784,309.61118042104187,0.0,0.0,0.03557312252964427,0.49486427875444705,8.460284061020516,0.9659367396593674,405.4949412319493,1901,1.163862705230713
core,200,1500000.0,16,11,exclude,launch,0,0.0,prior,0.0,cluster_patrol,12600.0,43200,1558501.7365080495,0,1437143.3733760042,121358.36313204507,0,7,0.7538196822938432,36,5.637899989482576,13.938764151844287,6761.506957310247,1424.279529530976,4.747317374937525,2.0148396518277107,308.9698556765368,0.0,0.0,0.031490552834149754,0.46961590568737993,7.732899022801303,0.9367396593673966,392.7818460084818,2149,1.3118617534637451
core,200,1500000.0,10,12,exclude,launch,0,0.0,prior,0.0,cluster_patrol,12600.0,43200,332567.84719589574,0,320329.3117652041,12238.535430691632,0,1,0.12741079517876566,1,5.280353234319941,16.74971543053155,7241.91745481808,1185.6189484840538,6.10813235068289,2.0142224249297693,308.5941381691265,0.0,0.0,0.0774526678141136,0.693034467941748,16.70446735395189,0.9800498753117207,448.38128387702494,873,0.8142673969268799
core,200,1500000.0,9,12,exclude,launch,0,0.0,prior,0.0,cluster_patrol,12600.0,43200,342221.6573185141,0,330550.8964858723,11670.760832641794,0,1,0.12381663449979112,1,5.280353234319941,18.924507601298696,7241.91745481808,1049.1823370830575,6.902439355729242,2.0145796018976716,308.8115305760513,0.0,0.0,0.09345794392523364,0.7448948634261382,19.074688796680498,0.9825436408977556,470.01542171719746,723,1.0388603210449219
core,200,1500000.0,17,11,exclude,launch,0,0.0,prior,0.0,cluster_patrol,12600.0,43200,3645920.6107583577,0,3420588.9556375425,225331.65512081518,0,21,0.9200808061128128,43,5.637899989482576,14.241025055658271,6761.506957310247,1394.629363491773,4.848246519334192,2.0140021780622934,308.46012513452246,0.0,0.0,0.027598896044158234,0.4389004887511962,6.841224489795918,0.8734793187347932,388.6660241706681,2450,1.4908792972564697
core,200,1500000.0,18,11,exclude,launch,0,0.0,prior,0.0,cluster_patrol,12600.0,43200,4547307.86232381,0,4279064.158395987,268243.7039278236,0,30,0.9534347571282337,54,5.637899989482576,13.950098306453828,6761.506957310247,1423.2713201224772,4.750680254505794,2.014628739813021,308.8414438963678,0.0,0.0,0.024603608529250958,0.4152221084205687,6.094943615860313,0.8223844282238443,388.6846331010176,2749,1.5538811683654785
core,200,1500000.0,11,12,exclude,launch,0,0.0,prior,0.0,cluster_patrol,12600.0,43200,316946.35380606534,0,304923.5236189175,12022.83018714782,0,1,0.13369055473673708,1,5.280353234319941,15.51465660283383,7241.91745481808,1280.159705069379,5.657042184768345,2.0139731246883974,308.4424492771057,0.0,0.0,0.06540697674418605,0.6493549779396176,14.86544046466602,0.9825,423.9451524455559,1033,0.9122684001922607
core,200,1500000.0,12,12,exclude,launch,0,0.0,prior,0.0,cluster_patrol,12600.0,43200,333504.49342073285,0,321367.9284198388,12136.565000894094,0,1,0.12705296239791347,1,5.280353234319941,14.976823843834588,7241.91745481808,1325.776189068861,5.462398189474448,2.0145129095804233,308.7709331116008,0.0,0.0,0.05232558139534884,0.572269577785609,12.35548686244204,0.9825436408977556,408.4133929562012,1294,0.9677779674530029
core,200,1500000.0,13,12,exclude,launch,0,0.0,prior,0.0,cluster_patrol,12600.0,43200,295245.65416749025,0,284779.12787717336,10466.526290316902,0,1,0.1435168757406371,1,5.280353234319941,14.950681599601698,7241.91745481808,1328.4747115158702,5.451302453890607,2.0139361942749727,308.4199818182445,0.0,0.0,0.04568527918781726,0.5448076823201063,11.8,0.985,373.6289903827723,1480,0.94826340675354
core,200,1500000.0,15,12,exclude,launch,0,0.0,prior,0.0,cluster_patrol,12600.0,43200,416044.9668819803,0,390788.72783461196,25256.239047368337,0,1,0.10184652437855077,21,5.280353234319941,14.074507220686474,7241.91745481808,1410.1766096117788,5.135468426760942,2.0153630242195204,309.2886212856631,0.0,0.0,0.034482758620689655,0.47945884878292394,8.893530310748854,0.97,373.75226921371467,1963,1.0132827758789062
core,200,1500000.0,14,12,exclude,launch,0,0.0,prior,0.0,cluster_patrol,12600.0,43200,336339.7324944001,0,321589.6934820315,14750.039012368583,0,1,0.12598194554021178,1,5.280353234319941,14.000045755849515,7241.91745481808,1418.0544995703135,5.106938736848592,2.0148263131710715,308.96173377131686,0.0,0.0,0.03996447602131439,0.5165612870421388,9.867021276595745,0.9825436408977556,390.9685158352914,1692,1.0802826881408691
core,200,1500000.0,16,12,exclude,launch,0,0.0,prior,0.0,cluster_patrol,12600.0,43200,2339189.3925309572,0,2182653.0999099244,156536.2926210327,0,14,0.8814037015349193,36,5.280353234319941,14.21173684054726,7241.91745481808,1396.9905307122542,5.183941691520125,2.0147416844630355,308.91020585606367,0.0,0.0,0.03029294274300932,0.445793294551832,7.580973451327433,0.9,380.00447875513424,2260,1.049546718597412
core,200,1500000.0,17,12,exclude,launch,0,0.0,prior,0.0,cluster_patrol,12600.0,43200,3907196.7683710326,0,3635046.9624353726,272149.8059356602,0,23,0.9376185310270011,48,5.280353234319941,14.24453357623152,7241.91745481808,1393.8915961191283,5.195466760098863,2.0145718370173653,308.80680374063735,0.0,0.0,0.02673002673002673,0.4243699434021465,6.862954186413902,0.8625,375.0211942361714,2532,1.1000492572784424
core,200,1500000.0,18,12,exclude,launch,0,0.0,prior,0.0,cluster_patrol,12600.0,43200,5356306.890985736,0,5019715.594524479,336591.2964612571,0,33,0.9630449417924603,62,5.280353234319941,14.625372407369621,7241.91745481808,1358.4829324959064,5.330885859208174,2.0132553946348954,308.0059484270153,0.0,0.0,0.024154589371980676,0.40756038804598976,6.629457917261056,0.8225,350.69055763374115,2804,1.2007429599761963
core,200,3000000.0,20,1,exclude,launch,0,0.0,prior,0.0,cluster_patrol,12600.0,43200,216679.87547158467,0,213558.26674445317,3121.608727131494,0,1,0.3432994549643682,1,11.63475047648417,33.728497830587244,6542.619886436506,1180.7138912204553,5.541240714694793,2.0088537255566883,305.33575187088286,0.0,0.0,0.025959042399769254,0.4902127382779654,10.543711656441717,0.9805352798053528,237.98532985153724,2608,1.9097998142242432
core,200,3000000.0,22,1,exclude,launch,0,0.0,prior,0.0,cluster_patrol,12600.0,43200,210259.13772798976,0,207659.54284322137,2599.5948847684253,0,1,0.3537828793313835,1,11.63475047648417,34.47417863815773,6542.619886436506,1155.5172488888659,5.662070291661873,2.0082585587759816,304.97559640350585,0.0,0.0,0.022343594836146972,0.4660908622183615,9.651700231099372,0.9805352798053528,223.5880783581348,3029,2.1011197566986084
core,200,3000000.0,21,1,exclude,launch,0,0.0,prior,0.0,cluster_patrol,12600.0,43200,212991.18695065175,0,210240.40752313082,2750.779427520932,0,1,0.34924488762239825,1,11.63475047648417,34.06914142025781,6542.619886436506,1169.0840553757923,5.596363970880978,2.008551911158258,305.15308725029246,0.0,0.0,0.024057738572574178,0.4778263978258993,10.07708703374778,0.9805352798053528,230.4243721904363,2815,2.2441203594207764
core,200,3000000.0,25,1,exclude,launch,0,0.0,prior,0.0,cluster_patrol,12600.0,43200,204683.15439421407,0,202231.7344744515,2451.419919762541,0,1,0.36342064089884835,1,11.63475047648417,31.941873355361118,6542.619886436506,1247.163076364231,5.24600191460908,2.008197208035175,304.9384830869763,0.0,0.0,0.01898333684876608,0.45251041872194625,8.530286034772855,0.9854014598540146,214.64341945050907,3566,2.3176283836364746
core,200,3000000.0,26,1,exclude,launch,0,0.0,prior,0.0,cluster_patrol,12600.0,43200,202933.06614018406,0,200428.34591963928,2504.7202205447725,0,1,0.36655476885051946,1,11.63475047648417,32.31238284613509,6542.619886436506,1232.9783451577425,5.306354253609757,2.008008523843074,304.8243552420878,0.0,0.0,0.017790077090334058,0.44159478621115433,8.161892247043363,0.9854014598540146,210.23809709769063,3805,2.375351905822754
core,200,3000000.0,24,1,exclude,launch,0,0.0,prior,0.0,cluster_patrol,12600.0,43200,206850.9436218592,0,204479.84783199686,2371.0957898623346,0,1,0.359612007799811,1,11.63475047648417,31.716631865240924,6542.619886436506,1255.8838247530937,5.2095741321636835,2.0084150110980246,305.0702503823488,0.0,0.0,0.020183897734918143,0.4613104477509984,8.898598270205786,0.9878345498783455,218.57002860736992,3353,2.451860189437866
core,200,3000000.0,29,1,exclude,launch,0,0.0,prior,0.0,cluster_patrol,12600.0,43200,217252.92216172782,0,212974.15109027576,4278.771071452065,0,1,0.34239393611363045,8,11.63475047648417,29.92885165214991,6542.619886436506,1330.8016461501556,4.916299814749625,2.0085682989792955,305.1630041117968,0.0,0.0,0.015319148936170212,0.4260199488611831,7.001584786053883,0.9854014598540146,211.0373997150996,4417,2.530860424041748
core,200,3000000.0,30,1,exclude,launch,0,0.0,prior,0.0,cluster_patrol,12600.0,43200,222045.21869967048,0,217709.19700871938,4336.0216909511,0,1,0.3350042103439963,19,11.63475047648417,30.051628002316477,6542.619886436506,1325.1501109626947,4.937266980027965,2.0088934626695076,305.35980570518075,0.0,0.0,0.014206787687450671,0.40892670073677506,6.595592864637985,0.9829683698296837,207.7388583430117,4765,2.5743730068206787
core,200,3000000.0,27,1,exclude,launch,0,0.0,prior,0.0,cluster_patrol,12600.0,43200,205701.77670447188,0,202531.5887903744,3170.1879140974943,0,1,0.3616210046547679,1,11.63475047648417,30.902443332273428,6542.619886436506,1289.0451742287182,5.0755551607034946,2.0083020470643715,305.0019054342605,0.0,0.0,0.01699074948083821,0.4387345135366023,7.775658720200753,0.9829683698296837,210.75882048940773,3985,2.622373104095459
core,200,3000000.0,23,1,exclude,launch,0,0.0,prior,0.0,cluster_patrol,12600.0,43200,208124.30382446633,0,205953.19031244898,2171.113512017353,0,1,0.3574118052732563,1,11.63475047648417,32.77057840703736,6542.619886436506,1215.4745820936298,5.382769810921903,2.008445256515074,305.088550616326,0.0,0.0,0.021101992966002344,0.46116592251567917,9.221009975062344,0.9829683698296837,220.83590155133064,3208,2.6253745555877686
core,200,3000000.0,31,1,exclude,launch,0,0.0,prior,0.0,cluster_patrol,12600.0,43200,250209.04619741932,0,242865.0488509244,7343.997346494939,0,1,0.29729573843005547,27,11.63475047648417,29.956990328713033,6542.619886436506,1329.1096301075686,4.922558484439687,2.0092362412534905,305.5673371978422,0.0,0.0,0.013343217197924388,0.39744437051126463,6.080394088669951,0.9781021897810219,211.21378827580804,5075,2.6538798809051514
core,200,3000000.0,28,1,exclude,launch,0,0.0,prior,0.0,cluster_patrol,12600.0,43200,214111.24068323825,0,210471.6884740446,3639.552209193606,0,1,0.347417925905121,1,11.63475047648417,30.074921059603607,6542.619886436506,1324.3470201560992,4.940260963977051,2.008554832387762,305.15485497981206,0.0,0.0,0.016143497757847534,0.4328721273040503,7.269909394372914,0.9829683698296837,214.07807052785617,4194,2.9465959072113037
core,200,3000000.0,20,2,exclude,launch,0,0.0,prior,0.0,cluster_patrol,12600.0,43200,296522.0424727286,0,279051.96304737526,17470.079425353302,0,1,0.4722387286445343,1,10.318446573287495,33.801047009388434,7419.771693842448,1178.1013388349588,6.298075937321289,2.008987268038421,305.41659211909104,0.0,0.0,0.025524673851389675,0.48143814297227605,10.186792452830188,0.9874371859296482,241.66005008797794,2650,1.8229784965515137
core,200,3000000.0,21,2,exclude,launch,0,0.0,prior,0.0,cluster_patrol,12600.0,43200,300985.6787342982,0,283306.23465777835,17679.444076519892,0,1,0.4652353990437452,1,10.318446573287495,34.381283509480156,7419.771693842448,1158.2931941518643,6.405780273340395,2.00885873075803,305.3387815880113,0.0,0.0,0.02305327868852459,0.4576003528467085,9.512602179836513,0.9849246231155779,234.0100457052709,2936,1.9162547588348389
core,200,3000000.0,22,2,exclude,launch,0,0.0,prior,0.0,cluster_patrol,12600.0,43200,298406.61776355334,0,281003.8044352534,17402.81332829994,0,1,0.4692563234752318,1,10.318446573287495,33.42449532853265,7419.771693842448,1191.4765319747949,6.2273754410795314,2.0088135803397966,305.3114519633996,0.0,0.0,0.02174438270113554,0.4531786936985491,9.089331619537274,0.9824120603015075,230.73881541007154,3112,2.150390148162842
core,200,3000000.0,33,1,exclude,launch,0,0.0,prior,0.0,cluster_patrol,12600.0,43200,1884220.9069103387,0,1764793.6213003614,119427.28560997733,0,11,0.910419415067334,45,11.63475047648417,30.0255003275437,6542.619886436506,1325.9559587378335,4.934266363314489,2.0094196028207834,305.6783803676604,0.0,0.0,0.01181412444211079,0.3749953398096672,5.381151832460733,0.9148418491484185,211.32335185065475,5730,2.747220039367676
core,200,3000000.0,24,2,exclude,launch,0,0.0,prior,0.0,cluster_patrol,12600.0,43200,267255.5676305563,0,252130.429340237,15125.138290319328,0,1,0.523952386077032,1,10.318446573287495,33.19831772557524,7419.771693842448,1199.8559555977774,6.183885373262044,2.0083749618071636,305.04601907987956,0.0,0.0,0.01933404940923738,0.44134867694415036,8.859183090545558,0.9849246231155779,210.57795462918227,3501,2.3189663887023926
core,200,3000000.0,32,1,exclude,launch,0,0.0,prior,0.0,cluster_patrol,12600.0,43200,1251294.7490727326,0,1175489.1547067284,75805.5943660041,0,7,0.8747310518444305,35,11.63475047648417,30.682322570776034,6542.619886436506,1297.7646131445576,5.041453450162557,2.0091197722886225,305.4968144471524,0.0,0.0,0.012308533916849015,0.37853513004573675,5.728413015815306,0.9416058394160584,206.7124010902256,5501,2.987539529800415
core,200,3000000.0,25,2,exclude,launch,0,0.0,prior,0.0,cluster_patrol,12600.0,43200,270075.7470768818,0,254676.53510765525,15399.211969226588,0,1,0.5184811811796638,1,10.318446573287495,31.934153995844753,7419.771693842448,1247.2370399627923,5.948966761012643,2.0085635254796923,305.1601154784076,0.0,0.0,0.01837109614206981,0.43773237250398295,8.43392130257802,0.9874371859296482,210.17993837480356,3685,2.327965021133423
core,200,3000000.0,26,2,exclude,launch,0,0.0,prior,0.0,cluster_patrol,12600.0,43200,279044.27355112915,0,263803.3697794269,15240.90377170226,0,1,0.5018171151494544,1,10.318446573287495,32.13534441839479,7419.771693842448,1239.363255299223,5.986761074380143,2.0086691615756864,305.22404325413936,0.0,0.0,0.01694277108433735,0.4203018882717574,7.802453680520781,0.9874371859296482,209.2857796903151,3994,2.36796498298645
core,200,3000000.0,23,2,exclude,launch,0,0.0,prior,0.0,cluster_patrol,12600.0,43200,273853.26600937656,0,258366.9985253729,15486.26748400365,0,1,0.5113292764147914,1,10.318446573287495,33.68196146218954,7419.771693842448,1182.5919532979642,6.274160477035626,2.0084345919627564,305.0820978801274,0.0,0.0,0.020524515393386546,0.4483484045227892,9.164138349514563,0.9849246231155779,216.41592765158853,3296,2.5209877490997314
core,200,3000000.0,34,1,exclude,launch,0,0.0,prior,0.0,cluster_patrol,12600.0,43200,3219159.850629618,0,3005128.4041416803,214031.44648793782,0,20,0.9621035895787181,51,11.63475047648417,30.055146543715846,6542.619886436506,1325.0377453688984,4.937685669184466,2.0088286203380825,305.32055556397177,0.0,0.0,0.011375126390293226,0.37265198258554805,5.317937520994289,0.8710462287104623,205.9637206211464,5954,2.8384201526641846
core,200,3000000.0,28,2,exclude,launch,0,0.0,prior,0.0,cluster_patrol,12600.0,43200,289426.3765094368,0,272746.53298167133,16679.843527765468,0,1,0.4838162783958856,1,10.318446573287495,32.64229574601916,7419.771693842448,1220.041230061711,6.081574549302033,2.008791140262381,305.2978694015624,0.0,0.0,0.014657980456026058,0.39259176045300304,7.0476293570036805,0.9874055415617129,200.25486115477554,4619,2.468963861465454
core,200,3000000.0,27,2,exclude,launch,0,0.0,prior,0.0,cluster_patrol,12600.0,43200,285185.3793508442,0,269110.83225667325,16074.54709417097,0,1,0.4910111194029158,1,10.318446573287495,31.05288467623776,7419.771693842448,1282.4626989777894,5.785565303190896,2.008830502854609,305.32169504696503,0.0,0.0,0.016283698208793197,0.4201419868593134,7.40567853705486,0.9849246231155779,212.01771288458391,4156,2.7156829833984375
core,200,3000000.0,29,2,exclude,launch,0,0.0,prior,0.0,cluster_patrol,12600.0,43200,280768.327440613,0,264553.75609419186,16214.571346421157,0,1,0.4987357143480496,10,10.318446573287495,32.63928598705722,7419.771693842448,1220.3104248423383,6.0802329823586225,2.00853320565085,305.14176807011387,0.0,0.0,0.014086711535451558,0.3911712109299146,6.989386056191467,0.9899244332493703,194.03644299875847,4805,2.5852699279785156
core,200,3000000.0,20,3,exclude,launch,0,0.0,prior,0.0,cluster_patrol,12600.0,43200,216307.50099144058,0,213312.14651603196,2995.3544754086406,0,1,0.3691458922227719,1,9.67642623008521,38.59648837061611,7934.181769636198,1031.835783410518,7.689384199694466,2.0087764540678013,305.288980284482,0.0,0.0,0.022865853658536585,0.43129029841410094,10.641796083727211,0.9881796690307328,207.7182197244541,2962,2.0820443630218506
core,200,3000000.0,30,2,exclude,launch,0,0.0,prior,0.0,cluster_patrol,12600.0,43200,308899.956009192,0,289934.23642492923,18965.719584262763,0,1,0.4533156759278895,20,10.318446573287495,32.498897484557865,7419.771693842448,1225.298836313351,6.055479262648183,2.008997230345818,305.4226232536596,0.0,0.0,0.013066202090592335,0.3760155028748243,6.290484462458985,0.9824120603015075,200.34821481000898,5181,2.8057761192321777
core,200,3000000.0,21,3,exclude,launch,0,0.0,prior,0.0,cluster_patrol,12600.0,43200,213764.09687819463,0,210914.28328176076,2849.8135964338785,0,1,0.3735380572045404,1,9.67642623008521,38.041341668851224,7934.181769636198,1046.9041349190911,7.578708981075313,2.0087562745127645,305.2767664106616,0.0,0.0,0.021018215787015414,0.41735486149341494,10.121315544523735,0.9905437352245863,200.57109992615304,3223,2.14787220954895
core,200,3000000.0,23,3,exclude,launch,0,0.0,prior,0.0,cluster_patrol,12600.0,43200,224501.29054504706,0,221198.46385009307,3302.8266949539943,0,1,0.3556729017196525,1,9.67642623008521,36.10794531240222,7934.181769636198,1102.8832209920115,7.19403615778979,2.0088970520024843,305.3619784617912,0.0,0.0,0.018386108273748723,0.40137830295552274,8.868385345997286,0.983451536643026,199.7695801069106,3685,2.3186967372894287
core,200,3000000.0,22,3,exclude,launch,0,0.0,prior,0.0,cluster_patrol,12600.0,43200,218656.93594649335,0,215287.17945962178,3369.7564868715567,0,1,0.3651794767100508,1,9.67642623008521,36.805428318939214,7934.181769636198,1082.0055452567042,7.332847603617249,2.00885515724646,305.33661849083376,0.0,0.0,0.019650655021834062,0.40952944486345916,9.47069065583285,0.9929078014184397,199.87839424316337,3446,2.419388771057129
core,200,3000000.0,32,2,exclude,launch,0,0.0,prior,0.0,cluster_patrol,12600.0,43200,1180472.0430646364,0,1104433.1301115432,76038.91295309334,0,7,0.8647869863786436,37,10.318446573287495,31.02096071126586,7419.771693842448,1283.3552854833633,5.781541384346941,2.0094992097367914,305.7265963377619,0.0,0.0,0.01199360341151386,0.36896372763899404,5.702089975203684,0.9496221662468514,202.6237924987821,5646,2.637897491455078
core,200,3000000.0,31,2,exclude,launch,0,0.0,prior,0.0,cluster_patrol,12600.0,43200,329658.6991387728,0,308277.43474478205,21381.264393990747,0,1,0.4247702023887908,27,10.318446573287495,31.53535699030939,7419.771693842448,1262.2423488525594,5.878246519448018,2.0097844810250187,305.8994094356899,0.0,0.0,0.012376237623762377,0.368354193414027,5.763201169376941,0.982367758186398,206.70741611642723,5473,3.0369865894317627
core,200,3000000.0,24,3,exclude,launch,0,0.0,prior,0.0,cluster_patrol,12600.0,43200,222733.087961091,0,219362.62699844042,3370.460962650573,0,1,0.3584964684811994,1,9.67642623008521,34.990495970220245,7934.181769636198,1138.1461370427296,6.9711450150432865,2.0088238682359814,305.3176791367824,0.0,0.0,0.0176678445229682,0.4033125855759531,8.569379238393322,0.9881796690307328,198.71642010071315,3834,2.2926766872406006
core,200,3000000.0,33,2,exclude,launch,0,0.0,prior,0.0,cluster_patrol,12600.0,43200,1982411.0153241383,0,1869852.0620036335,112558.9533205049,0,11,0.9231111790188727,44,10.318446573287495,30.336272197696662,7419.771693842448,1312.224368427978,5.654346826931133,2.009646523111919,305.8158304895962,0.0,0.0,0.011591962905718702,0.36802896946971153,5.422161328994691,0.9269521410579346,206.06974381768728,5839,2.8678977489471436
core,200,3000000.0,25,3,exclude,launch,0,0.0,prior,0.0,cluster_patrol,12600.0,43200,219792.13184065415,0,216926.55755854576,2865.5742821084236,0,1,0.36329337533270895,1,9.67642623008521,34.60827225850738,7934.181769636198,1150.7330379113996,6.894893522859894,2.0087943876847154,305.29983498725386,0.0,0.0,0.016672841793256763,0.39703088406041603,8.163300492610837,0.9858156028368794,196.95373366383438,4060,2.3673810958862305
core,200,3000000.0,34,2,exclude,launch,0,0.0,prior,0.0,cluster_patrol,12600.0,43200,3336334.6258215774,0,3138849.530136593,197485.0956849844,0,20,0.9628052265463308,49,10.318446573287495,30.311898473605346,7419.771693842448,1313.6287573634488,5.648301814535855,2.0091122520110836,305.49226114766424,0.0,0.0,0.011131725417439703,0.36470663749493654,5.305934571757357,0.871536523929471,202.03439196778993,6083,2.976600170135498
core,200,3000000.0,26,3,exclude,launch,0,0.0,prior,0.0,cluster_patrol,12600.0,43200,232705.09321137943,0,228452.26580820308,4252.827403176364,0,1,0.34313398278495055,1,9.67642623008521,34.13344489581382,7934.181769636198,1166.6256553718715,6.800966302345813,2.0089926265939555,305.41983615629084,0.0,0.0,0.015608740894901144,0.38712172160141745,7.653145886148883,0.9905437352245863,196.66201557447806,4339,2.8745675086975098
core,200,3000000.0,27,3,exclude,launch,0,0.0,prior,0.0,cluster_patrol,12600.0,43200,229362.20003814984,0,224905.4893303666,4456.710707783215,0,1,0.3481350694869591,1,9.67642623008521,34.16655171351344,7934.181769636198,1165.4326155551316,6.807928372466993,2.00910053590537,305.48516746935144,0.0,0.0,0.014565463667260074,0.3756648657492397,7.433426543342654,0.983451536643026,188.77130869585508,4649,2.6960620880126953
core,200,3000000.0,20,4,exclude,launch,0,0.0,prior,0.0,cluster_patrol,12600.0,43200,215520.09580996953,0,204325.22082012822,11194.874989841317,0,1,0.35097320322019915,1,12.059729542696003,34.10027164108214,6300.314603527087,1167.8778781495635,5.394669015830302,2.0087908257910216,305.29767906003923,0.0,0.0,0.02486874827300359,0.4695176951242423,10.434239529757532,0.975609756097561,229.53681747240037,2722,2.1012074947357178
core,200,3000000.0,29,3,exclude,launch,0,0.0,prior,0.0,cluster_patrol,12600.0,43200,229535.7925356202,0,225480.782853147,4055.0096824731872,0,1,0.34787178315805195,11,9.67642623008521,33.73300231443846,7934.181769636198,1180.573826981143,6.720614660689855,2.0088237766226698,305.317623683768,0.0,0.0,0.013392857142857142,0.37186610235612433,6.932370970931382,0.9881796690307328,185.9270101922557,5057,2.9692320823669434
core,200,3000000.0,21,4,exclude,launch,0,0.0,prior,0.0,cluster_patrol,12600.0,43200,208666.77642450787,0,197664.74402610038,11002.032398407502,0,1,0.36250271616628627,1,12.059729542696003,33.980977566583746,6300.314603527087,1172.0941180209736,5.375263391104525,2.0085915530039964,305.177076237304,0.0,0.0,0.023118417672745955,0.45919222904380247,10.083304882212358,0.980440097799511,220.86208017601243,2929,2.4192442893981934
core,200,3000000.0,31,3,exclude,launch,0,0.0,prior,0.0,cluster_patrol,12600.0,43200,254950.6803442417,0,247593.4128861202,7357.26745812149,0,1,0.31319400811227194,21,9.67642623008521,33.00876249471377,7934.181769636198,1206.140099122052,6.578159349325571,2.009384222818106,305.65695278223365,0.0,0.0,0.012022441891530858,0.35792652219295085,6.278665246716365,0.9881796690307328,184.51405445794578,5634,2.8089470863342285
core,200,3000000.0,22,4,exclude,launch,0,0.0,prior,0.0,cluster_patrol,12600.0,43200,204866.6555204907,0,194121.4826899708,10745.17283051987,0,1,0.3692302036712158,1,12.059729542696003,37.439122397204365,6300.314603527087,1064.0942484064767,5.920823848979596,2.0080948911443057,304.8765928653749,0.0,0.0,0.020197486535008975,0.42116908370018236,9.487623024157472,0.9780487804878049,205.3419842522005,3353,2.663012981414795
core,200,3000000.0,28,3,exclude,launch,0,0.0,prior,0.0,cluster_patrol,12600.0,43200,233037.33943625924,0,228644.64595039818,4392.69348586107,0,1,0.3426447694653861,1,9.67642623008521,34.050710760934415,7934.181769636198,1169.5708784342617,6.783840052736194,2.0088025882095875,305.3047985935088,0.0,0.0,0.01404932875429285,0.37627033195879706,7.16860223973455,0.9858156028368794,188.5160741676964,4822,3.4395711421966553
core,200,3000000.0,32,3,exclude,launch,0,0.0,prior,0.0,cluster_patrol,12600.0,43200,1097646.9284190855,0,1035081.017077898,62565.91134118744,0,6,0.833326365833988,33,9.67642623008521,32.77460768751109,7934.181769636198,1214.5470115309047,6.532626316074311,2.0097320358925472,305.8676352923123,0.0,0.0,0.011293763332915046,0.34724691755879616,5.885776221444055,0.9645390070921985,184.61218352547925,5997,3.1077163219451904
core,200,3000000.0,30,3,exclude,launch,0,0.0,prior,0.0,cluster_patrol,12600.0,43200,249440.3192478654,0,242188.32899278094,7251.990255084491,0,1,0.32011274556066666,18,9.67642623008521,33.98992264176254,7934.181769636198,1171.412367414504,6.7731756897429864,2.009231628195454,305.56454380501424,0.0,0.0,0.012357544967733078,0.35523977332677725,6.495257205399489,0.9858156028368794,183.0645240879327,5482,3.3127167224884033
core,200,3000000.0,33,3,exclude,launch,0,0.0,prior,0.0,cluster_patrol,12600.0,43200,1947320.4397194772,0,1877867.806618323,69452.63310115406,0,12,0.9239007099074986,41,9.67642623008521,32.91972763933861,7934.181769636198,1209.5371058707874,6.559684470303296,2.009160158224627,305.5212674843862,0.0,0.0,0.010887974836680378,0.34569115604098116,5.804564448730312,0.9598108747044918,180.66476937445495,6222,3.2879316806793213
core,200,3000000.0,34,3,exclude,launch,0,0.0,prior,0.0,cluster_patrol,12600.0,43200,3021274.2867170842,0,2883819.310695619,137454.97602146523,0,18,0.9581795291971479,47,9.67642623008521,32.89905289241652,7934.181769636198,1210.2399172975133,6.5558751254489795,2.009255280232524,305.5788662031692,0.0,0.0,0.010273972602739725,0.3364748874808849,5.487494315597999,0.9196217494089834,180.1532359218487,6597,3.6783878803253174
core,200,3000000.0,25,4,exclude,launch,0,0.0,prior,0.0,cluster_patrol,12600.0,43200,210342.74430157946,0,198549.8367534062,11792.907548173274,0,1,0.3596157469329676,1,12.059729542696003,37.50928344329926,6300.314603527087,1062.1674367966011,5.931564445741486,2.0079746990744995,304.8038981922985,0.0,0.0,0.016051364365971106,0.38228936115035,8.114400757934629,0.9780487804878049,190.6199070321881,4222,2.5210487842559814
core,200,3000000.0,27,4,exclude,launch,0,0.0,prior,0.0,cluster_patrol,12600.0,43200,224609.11873995484,0,212247.05503532075,12362.063704634096,0,1,0.3367707756828594,1,12.059729542696003,34.90689007868112,6300.314603527087,1141.0106396977155,5.52169662957412,2.008580002058207,305.17008616551993,0.0,0.0,0.014427701186277652,0.37210054482458665,7.2634717784877525,0.973170731707317,191.3926789257854,4695,2.6276702880859375
core,200,3000000.0,23,4,exclude,launch,0,0.0,prior,0.0,cluster_patrol,12600.0,43200,210197.56648976664,0,198462.7380552021,11734.828434564553,0,1,0.3598500769731646,1,12.059729542696003,37.40554024680459,6300.314603527087,1065.1385291365136,5.91501896812861,2.0079271901245574,304.7751661777159,0.0,0.0,0.01888772298006296,0.41250321826472003,9.007252440725244,0.975609756097561,202.31354526768263,3585,3.4071600437164307
core,200,3000000.0,24,4,exclude,launch,0,0.0,prior,0.0,cluster_patrol,12600.0,43200,207362.68117711385,0,196368.9541136229,10993.727063490973,0,1,0.3647847159793933,1,12.059729542696003,36.643058884135066,6300.314603527087,1087.3379923934122,5.7942559237344815,2.007861274728269,304.7353047290675,0.0,0.0,0.017906884202148827,0.4085273530892971,8.642422639513356,0.975609756097561,200.0124448219023,3781,3.44366717338562
core,200,3000000.0,29,4,exclude,launch,0,0.0,prior,0.0,cluster_patrol,12600.0,43200,208717.22322075878,0,197272.90566534226,11444.31755541655,0,1,0.3624153767882159,8,12.059729542696003,33.617154664854745,6300.314603527087,1184.8388728501075,5.317444209415411,2.0084903082303267,305.11581053834993,0.0,0.0,0.013430831219221012,0.3731591692262938,6.977588258627529,0.975609756097561,185.35226121079202,5042,2.8358449935913086
core,200,3000000.0,30,4,exclude,launch,0,0.0,prior,0.0,cluster_patrol,12600.0,43200,217175.35837849235,0,205325.4682928069,11849.890085685416,0,1,0.348303248344911,12,12.059729542696003,32.92898893303806,6300.314603527087,1209.2969382734373,5.209898747054056,2.0089939899990483,305.42066155626003,0.0,0.0,0.01266891891891892,0.36444479143607095,6.547886270108492,0.9780487804878049,186.19915234018046,5346,2.8458471298217773
core,200,3000000.0,31,4,exclude,launch,0,0.0,prior,0.0,cluster_patrol,12600.0,43200,222904.02119019334,0,210446.85192435994,12457.169265833403,0,1,0.33934571072082054,15,12.059729542696003,34.68041193437869,6300.314603527087,1148.4178466936673,5.486082109979307,2.0086571114791747,305.2167505612538,0.0,0.0,0.011662563172217182,0.34693103325924834,6.266999483559993,0.9780487804878049,179.10244642180476,5809,2.9188613891601562
core,200,3000000.0,26,4,exclude,launch,0,0.0,prior,0.0,cluster_patrol,12600.0,43200,219716.3101207097,0,207855.9772197742,11860.332900935473,0,1,0.34426953363669865,1,12.059729542696003,35.547680316940024,6300.314603527087,1120.5789337955168,5.62237466145046,2.0083355107583536,305.0221506768931,0.0,0.0,0.015355741341068077,0.3807630184964092,7.6504194060303785,0.9780487804878049,193.46243924705277,4411,3.458372116088867
core,200,3000000.0,28,4,exclude,launch,0,0.0,prior,0.0,cluster_patrol,12600.0,43200,206976.8824521955,0,195424.10975720716,11552.772694988362,0,1,0.3654653587602935,1,12.059729542696003,34.418181222276964,6300.314603527087,1157.365571398493,5.443668585988914,2.008313515376522,305.0088435872879,0.0,0.0,0.014036182158452901,0.3760074360561772,7.310051813471502,0.9780487804878049,184.7477103332681,4825,3.7705204486846924
core,200,3000000.0,33,4,exclude,launch,0,0.0,prior,0.0,cluster_patrol,12600.0,43200,1413377.3951289002,0,1296166.3894964021,117211.00563249816,0,8,0.8981962347937023,29,12.059729542696003,34.30428448098266,6300.314603527087,1160.8418152940621,5.427367037024854,2.008947456748719,305.39249114391225,0.0,0.0,0.02171276079573023,0.33563546412978507,5.654044473090558,0.9315403422982885,185.89197635246282,6206,3.2806472778320312
core,200,3000000.0,20,5,exclude,launch,0,0.0,prior,0.0,cluster_patrol,12600.0,43200,435459.81874803605,0,391923.3119117695,43536.50683626656,0,1,0.7004175521697898,1,10.230063699098567,38.843709695054464,7486.75482575108,1025.4709131951843,7.30079686260792,2.008380245090992,305.0492156069308,0.0,0.0,0.02358490566037736,0.44530672211421085,10.566550522648084,0.963254593175853,215.5200961024945,2870,2.039544105529785
core,200,3000000.0,32,4,exclude,launch,0,0.0,prior,0.0,cluster_patrol,12600.0,43200,734023.940268826,0,685932.8090223529,48091.131246473095,0,5,0.8060347644421417,21,12.059729542696003,34.94186234592365,6300.314603527087,1139.7807549000968,5.5276548375124275,2.0087348709842243,305.26381198186783,0.0,0.0,0.02282525995434948,0.3395400002576583,5.98989558773998,0.9584352078239609,183.40040163506197,5938,3.7835936546325684
core,200,3000000.0,34,4,exclude,launch,0,0.0,prior,0.0,cluster_patrol,12600.0,43200,1814186.9710040234,0,1665433.654053986,148753.3169500373,0,12,0.9261059057246418,37,12.059729542696003,34.12100144692427,6300.314603527087,1167.0422986296153,5.398531493610087,2.0090077902298784,305.42901622337456,0.0,0.0,0.020679297597042515,0.33010295675638085,5.430785758133824,0.8997555012224939,184.34451676152912,6516,3.2955939769744873
core,200,3000000.0,21,5,exclude,launch,0,0.0,prior,0.0,cluster_patrol,12600.0,43200,432048.78492823057,0,388658.7302600792,43390.054668151344,0,1,0.7059469187790111,1,10.230063699098567,38.61714619799,7486.75482575108,1031.5285206585697,7.257923242850553,2.0082999174799374,305.00061707701445,0.0,0.0,0.021593090211132437,0.42891288451888293,10.004783163265307,0.9710526315789474,208.30586279775915,3136,2.1473066806793213
core,200,3000000.0,22,5,exclude,launch,0,0.0,prior,0.0,cluster_patrol,12600.0,43200,437927.47540666885,0,394150.0444346755,43777.43097199338,0,1,0.6964723433915002,1,10.230063699098567,36.90266347939198,7486.75482575108,1079.439147713483,6.935782199126152,2.0083255328490344,305.01611405858654,0.0,0.0,0.02050113895216401,0.42759684084537003,9.448516050878256,0.9710526315789474,209.3637534917694,3302,2.186062812805176
core,200,3000000.0,24,5,exclude,launch,0,0.0,prior,0.0,cluster_patrol,12600.0,43200,426605.0169080871,0,383433.14928939875,43171.86761868843,0,1,0.714956033705678,1,10.230063699098567,36.079077621640074,7486.75482575108,1104.0859231358506,6.780953066122811,2.0083143348996737,305.0093393892513,0.0,0.0,0.017776022121271974,0.4057852008204643,8.845810349356448,0.9657894736842105,193.90991552094238,3807,2.364896535873413
core,200,3000000.0,23,5,exclude,launch,0,0.0,prior,0.0,cluster_patrol,12600.0,43200,423577.77970055793,0,380584.68214458483,42993.09755597309,0,1,0.7200656812328358,1,10.230063699098567,37.55702245366786,7486.75482575108,1060.723036653433,7.0581618076021915,2.008153156804088,304.9118362722144,0.0,0.0,0.018793067446230945,0.4105358328367167,9.30435990002777,0.968421052631579,194.79001723360412,3601,2.6431705951690674
core,200,3000000.0,25,5,exclude,launch,0,0.0,prior,0.0,cluster_patrol,12600.0,43200,421982.4810347575,0,379088.66199791443,42893.8190368431,0,1,0.7227880708891212,1,10.230063699098567,35.58376713075734,7486.75482575108,1119.5192219731432,6.687473228512983,2.0081979009612336,304.93890225079105,0.0,0.0,0.016901408450704224,0.4026446481184274,8.613233458177278,0.9763157894736842,189.1833888182454,4005,2.467480182647705
core,200,3000000.0,26,5,exclude,launch,0,0.0,prior,0.0,cluster_patrol,12600.0,43200,428031.85146106005,0,384666.1840699058,43365.66739115435,0,1,0.7125686938899325,1,10.230063699098567,35.99189003263629,7486.75482575108,1106.7400596331493,6.764691275594299,2.0083514018917916,305.0317649091424,0.0,0.0,0.015410958904109588,0.382383811459894,8.050295857988166,0.9736842105263158,184.4427642876983,4394,2.6254665851593018
core,200,3000000.0,27,5,exclude,launch,0,0.0,prior,0.0,cluster_patrol,12600.0,43200,429624.03788457863,0,385796.5617487023,43827.476135876335,0,1,0.7099328508686166,1,10.230063699098567,35.21370360316815,7486.75482575108,1131.1811093165968,6.618528866941744,2.0083811601064587,305.04976921729434,0.0,0.0,0.014732362088721558,0.38021390726901133,7.736349793343485,0.968421052631579,183.51225677233458,4597,2.806581735610962
core,200,3000000.0,28,5,exclude,launch,0,0.0,prior,0.0,cluster_patrol,12600.0,43200,431994.99747452635,0,388686.40640837786,43308.59106614849,0,1,0.7060335446960044,1,10.230063699098567,34.619904544724925,7486.75482575108,1150.677632030395,6.506387729585517,2.008216125134483,304.94992649435756,0.0,0.0,0.014278914802475012,0.38262353296437895,7.526881720430108,0.968421052631579,182.9653299045478,4743,2.74434757232666
core,200,3000000.0,29,5,exclude,launch,0,0.0,prior,0.0,cluster_patrol,12600.0,43200,422492.6793555112,0,379422.04094607744,43070.63840943381,0,1,0.7219106870332831,6,10.230063699098567,34.66167047346172,7486.75482575108,1149.386286542983,6.513697712775957,2.0080498344900075,304.84934064459947,0.0,0.0,0.013613674179397973,0.3783829736993834,7.462404503417773,0.9763157894736842,175.98769473857047,4974,2.873379945755005
core,200,3000000.0,30,5,exclude,launch,0,0.0,prior,0.0,cluster_patrol,12600.0,43200,421803.8743014736,0,378825.7269027223,42978.1473987513,0,1,0.7230919894346883,13,10.230063699098567,33.27353326346177,7486.75482575108,1197.1542755431178,6.2537928307982975,2.0083571451863875,305.03523967453236,0.0,0.0,0.013148283418553688,0.37859504095617746,7.217669902912621,0.9736842105263158,175.5154042381053,5150,2.9405007362365723
core,200,3000000.0,20,6,exclude,launch,0,0.0,prior,0.0,cluster_patrol,12600.0,43200,344167.4846349057,0,318353.82995324594,25813.654681659726,0,1,0.5948530008801187,1,9.820645030526062,34.400694135815016,7812.771097824855,1157.6159520454582,6.749018173099654,2.0088998132345828,305.3636499434328,0.0,0.0,0.025517436915225403,0.4812462943906304,10.821953979630328,0.966824644549763,227.72623355022128,2651,1.9348652362823486
core,200,3000000.0,32,5,exclude,launch,0,0.0,prior,0.0,cluster_patrol,12600.0,43200,1055219.319610907,0,986693.9462898448,68525.373321062,0,6,0.888122225151793,23,10.230063699098567,34.59036392762959,7486.75482575108,1151.501924174001,6.501730191307758,2.0084923767329528,305.11706217854385,0.0,0.0,0.01125703564727955,0.34611770013907794,6.419547872340425,0.9552631578947368,168.6154029800835,6016,3.1443424224853516
core,200,3000000.0,21,6,exclude,launch,0,0.0,prior,0.0,cluster_patrol,12600.0,43200,336186.5658175216,0,310654.501231451,25532.0645860706,0,1,0.6089887528180454,1,9.820645030526062,35.85950319313124,7812.771097824855,1110.7657932543966,7.033679957801429,2.008460160915096,305.09756884587046,0.0,0.0,0.02324980625161457,0.46158353467713137,10.553571428571429,0.9715639810426541,212.63871952842499,2912,2.0482780933380127
core,200,3000000.0,31,5,exclude,launch,0,0.0,prior,0.0,cluster_patrol,12600.0,43200,440461.4224796071,0,395801.9414801804,44659.48099942664,0,1,0.6924592551271277,19,10.230063699098567,32.82657690889382,7486.75482575108,1213.1515223365218,6.171327066656636,2.008858475769869,305.3386272398109,0.0,0.0,0.012328767123287671,0.36713409457904894,6.63312101910828,0.9710526315789474,179.01184447110217,5495,3.5177114009857178
core,200,3000000.0,33,5,exclude,launch,0,0.0,prior,0.0,cluster_patrol,12600.0,43200,1065367.0420076884,0,996133.5757705856,69233.46623710285,0,6,0.8796610223648637,32,10.230063699098567,33.577253351830315,7486.75482575108,1186.0818315673894,6.3121739381653335,2.008769778901298,305.2849400473721,0.0,0.0,0.010931616664642292,0.34703259123044916,6.158327953518399,0.9526315789473684,170.69425571997604,6196,3.178605079650879
core,200,3000000.0,23,6,exclude,launch,0,0.0,prior,0.0,cluster_patrol,12600.0,43200,334070.5145799937,0,308655.3193679838,25415.19521200985,0,1,0.6128441464147437,1,9.820645030526062,32.822767867068904,7812.771097824855,1213.5062973853953,6.4381792782271905,2.008504232661544,305.124236188875,0.0,0.0,0.021052631578947368,0.4599223106659021,9.479788557213931,0.9691943127962085,214.33583483096768,3216,2.141484498977661
core,200,3000000.0,22,6,exclude,launch,0,0.0,prior,0.0,cluster_patrol,12600.0,43200,333773.4335489197,0,308323.75632437813,25449.677224541505,0,1,0.6133917304166541,1,9.820645030526062,34.04028648745388,7812.771097824855,1170.044123983911,6.677330314025222,2.0086050052798283,305.18521700265677,0.0,0.0,0.02191380569758948,0.4568919945051158,9.963730569948186,0.9691943127962085,211.99112248402784,3088,2.491213798522949
core,200,3000000.0,24,6,exclude,launch,0,0.0,prior,0.0,cluster_patrol,12600.0,43200,333210.6032782876,0,307908.0895340829,25302.513744204665,0,1,0.614425989242319,1,9.820645030526062,31.713427320955244,7812.771097824855,1255.9015227956302,6.22084690241769,2.0085896500078047,305.1759246308598,0.0,0.0,0.019955654101995565,0.4559483323032668,9.064544650751547,0.9691943127962085,212.36879647777383,3393,2.1958160400390625
core,200,3000000.0,34,5,exclude,launch,0,0.0,prior,0.0,cluster_patrol,12600.0,43200,1994520.8133909053,0,1886606.3767751371,107914.43661576821,0,13,0.9440390313017927,38,10.230063699098567,32.97762685395581,7486.75482575108,1207.6942489593646,6.199213776336355,2.0086931067358624,305.2385350729338,0.0,0.0,0.010548523206751054,0.3451911822253063,5.9403705433598,0.9236842105263158,170.51504535786393,6423,3.4745466709136963
core,200,3000000.0,25,6,exclude,launch,0,0.0,prior,0.0,cluster_patrol,12600.0,43200,332205.1925179139,0,306842.657015532,25362.535502381856,0,1,0.6162794436734897,1,9.820645030526062,30.867758588568865,7812.771097824855,1290.3523411989363,6.05475795127832,2.008521929458527,305.13494465962526,0.0,0.0,0.019157088122605363,0.4567662405452546,8.725318246110325,0.9691943127962085,211.41792080390155,3535,2.2146668434143066
core,200,3000000.0,26,6,exclude,launch,0,0.0,prior,0.0,cluster_patrol,12600.0,43200,328688.92649747455,0,303337.7804577207,25351.14603975387,0,1,0.6228639805446792,1,9.820645030526062,33.049376827590805,7812.771097824855,1205.350103656186,6.481744245200122,2.0082302403814536,304.95846528589294,0.0,0.0,0.017126546146527116,0.42511887578808205,8.30048016173869,0.9691943127962085,198.84936602713012,3957,2.8523149490356445
core,200,3000000.0,27,6,exclude,launch,0,0.0,prior,0.0,cluster_patrol,12600.0,43200,336670.95335948176,0,310780.3468650657,25890.606494416053,0,1,0.6081132112301436,1,9.820645030526062,33.21124071895623,7812.771097824855,1199.431535862402,6.5137282656216,2.0083038613303437,305.0030030321044,0.0,0.0,0.01589825119236884,0.4101843011754529,7.739150832746891,0.9715639810426541,197.9349630984378,4263,2.6349732875823975
core,200,3000000.0,29,6,exclude,launch,0,0.0,prior,0.0,cluster_patrol,12600.0,43200,346336.9790398565,0,319741.53631978505,26595.44272007146,0,1,0.5911416413159429,7,9.820645030526062,31.80470246182983,7812.771097824855,1252.10324057082,6.239717975862038,2.0089008864839015,305.3642996244007,0.0,0.0,0.014186633039092055,0.39423316903378236,6.840661641541039,0.9715639810426541,199.83827728287568,4776,2.670304775238037
core,200,3000000.0,20,7,exclude,launch,0,0.0,prior,0.0,cluster_patrol,12600.0,43200,163790.05622433624,0,161473.75318219635,2316.3030421398944,0,1,0.18729536856147747,1,10.273942215221508,35.42883275690632,7453.356364169037,1124.1342179215033,6.630308236635756,2.0086995167576207,305.24241453211727,0.0,0.0,0.025416548997458346,0.4793577691096654,10.702479338842975,0.9900990099009901,228.75700171744055,2662,1.9826514720916748
core,200,3000000.0,30,6,exclude,launch,0,0.0,prior,0.0,cluster_patrol,12600.0,43200,352183.3522882759,0,325096.4556620417,27086.896626234146,0,1,0.5813280793638996,18,9.820645030526062,30.84583196926073,7812.771097824855,1290.8541133876224,6.052404386210301,2.0091683839199845,305.526248131102,0.0,0.0,0.013694461351186854,0.3939866225108421,6.5392236150424585,0.9761336515513126,201.35484569786448,4946,2.7558135986328125
core,200,3000000.0,28,6,exclude,launch,0,0.0,prior,0.0,cluster_patrol,12600.0,43200,348443.4937161923,0,321518.90749012656,26924.586226065763,0,1,0.5875643689957646,1,9.820645030526062,32.57486874123038,7812.771097824855,1222.6279232758848,6.3901461344768515,2.0086903920824666,305.236892123844,0.0,0.0,0.014853936293117676,0.3978191797939172,7.137878123629987,0.9739336492890995,200.4073802452735,4562,2.9978134632110596
core,200,3000000.0,31,6,exclude,launch,0,0.0,prior,0.0,cluster_patrol,12600.0,43200,358439.843137172,0,329852.05703458673,28587.78610258528,0,1,0.5711812892407616,26,9.820645030526062,32.92057154902125,7812.771097824855,1209.7902142972491,6.457955276455256,2.0086883146981367,305.2356348625701,0.0,0.0,0.012538311507383673,0.37306561799677995,6.371597852249583,0.9832935560859188,189.2903400348423,5401,2.7437450885772705
core,200,3000000.0,21,7,exclude,launch,0,0.0,prior,0.0,cluster_patrol,12600.0,43200,159398.27973345792,0,157400.66588247695,1997.6138509809532,0,1,0.19245577178461098,1,10.273942215221508,34.13783579550315,7453.356364169037,1166.6787679971967,6.388524903872208,2.008642777699535,305.2080759016301,0.0,0.0,0.023942537909018357,0.475466128800744,10.296886058032555,0.9851485148514851,224.16291074136896,2826,2.183790683746338
core,200,3000000.0,22,7,exclude,launch,0,0.0,prior,0.0,cluster_patrol,12600.0,43200,157780.3962969278,0,155744.86258246703,2035.533714460745,0,1,0.19442921723628265,1,10.273942215221508,33.349839814414075,7453.356364169037,1194.2494214416647,6.241038287606246,2.008635782881252,305.2038427525428,0.0,0.0,0.022332506203473945,0.4656872834760851,9.704853086827336,0.9851485148514851,221.89597937158834,3029,2.1457934379577637
core,200,3000000.0,32,6,exclude,launch,0,0.0,prior,0.0,cluster_patrol,12600.0,43200,872176.4534013604,0,800936.999987917,71239.45341344338,0,4,0.8219855502582032,32,9.820645030526062,31.5453903061332,7812.771097824855,1262.272194224897,6.189450368604781,2.00909774511261,305.4834777574062,0.0,0.0,0.012114685691210122,0.37247420087304395,5.899481309247004,0.9619047619047619,197.63294510771166,5591,3.082745313644409
core,200,3000000.0,33,6,exclude,launch,0,0.0,prior,0.0,cluster_patrol,12600.0,43200,2008520.0923454217,0,1866258.0218289548,142262.07051646686,0,11,0.929854624138074,39,9.820645030526062,31.327648167746478,7812.771097824855,1271.111714769856,6.146407909740187,2.0089932289479386,305.42020081883624,0.0,0.0,0.011560693641618497,0.366920760868638,5.629073536939089,0.9261904761904762,197.6462292216183,5861,3.510586977005005
core,200,3000000.0,34,6,exclude,launch,0,0.0,prior,0.0,cluster_patrol,12600.0,43200,3121074.145093241,0,2898688.6252599447,222385.51983329584,0,19,0.9602910129321256,42,9.820645030526062,31.323280131451067,7812.771097824855,1271.3720844858228,6.145149160628732,2.008861895694117,305.34069737505826,0.0,0.0,0.010946241790318657,0.3583498402623309,5.523671029245436,0.8836104513064132,190.642089586641,6189,3.7578580379486084
core,200,3000000.0,24,7,exclude,launch,0,0.0,prior,0.0,cluster_patrol,12600.0,43200,156070.05866819638,0,153932.46448326975,2137.5941849266173,0,1,0.1965599244917412,1,10.273942215221508,34.89592667300791,7453.356364169037,1141.5029515793615,6.52942364612962,2.008344505968074,305.0275928147998,0.0,0.0,0.018602728400165358,0.42492801709153877,8.834569936795823,0.9851485148514851,202.94809364300363,3639,2.232842445373535
core,200,3000000.0,25,7,exclude,launch,0,0.0,prior,0.0,cluster_patrol,12600.0,43200,156608.1647087743,0,154434.0206897072,2174.144019067104,0,1,0.19588454410591405,1,10.273942215221508,33.71994911362632,7453.356364169037,1181.21962942759,6.3098819038258585,2.008502705154419,305.12331189113416,0.0,0.0,0.017619420516836334,0.41987337107302747,8.510804478000521,0.9826732673267327,199.6886524022485,3841,2.321723222732544
core,200,3000000.0,26,7,exclude,launch,0,0.0,prior,0.0,cluster_patrol,12600.0,43200,158554.24601877466,0,155986.08144136885,2568.1645774057997,0,1,0.19348027389698258,1,10.273942215221508,32.80208451710594,7453.356364169037,1214.183191773159,6.138576464136656,2.0086502686624765,305.2126093418658,0.0,0.0,0.016716196136701337,0.4150582120140057,8.154244817374137,0.9851485148514851,197.71302752005937,4052,2.387723445892334
core,200,3000000.0,27,7,exclude,launch,0,0.0,prior,0.0,cluster_patrol,12600.0,43200,153913.95170513887,0,151589.37785757863,2324.573847560226,0,1,0.19931343849849267,1,10.273942215221508,35.14056315028049,7453.356364169037,1133.560032184462,6.575175687701176,2.008337719701381,305.0234870917743,0.0,0.0,0.014990006662225183,0.38693277792677794,7.80446803804468,0.9851485148514851,185.06739648434075,4521,2.605214834213257
core,200,3000000.0,23,7,exclude,launch,0,0.0,prior,0.0,cluster_patrol,12600.0,43200,157053.72156573163,0,155002.7062538418,2051.0153118898256,0,1,0.19532882533065682,1,10.273942215221508,32.36037325880199,7453.356364169037,1230.7706962200407,6.055844835321384,2.008627097287617,305.19858641485297,0.0,0.0,0.021146616541353382,0.4618952691783441,9.236875,0.9851485148514851,220.70090961431498,3200,3.4906604290008545
core,200,3000000.0,29,7,exclude,launch,0,0.0,prior,0.0,cluster_patrol,12600.0,43200,154262.20329077862,0,151852.57497526315,2409.6283155154733,0,1,0.19886348238795049,6,10.273942215221508,33.43792000364595,7453.356364169037,1191.0328233090067,6.257893332831606,2.0087551458685553,305.27608329488726,0.0,0.0,0.013613674179397973,0.3784879955831728,7.1577255374723725,0.9826732673267327,183.09882515349412,4977,2.752167224884033
core,200,3000000.0,32,7,exclude,launch,0,0.0,prior,0.0,cluster_patrol,12600.0,43200,289719.97702732886,0,285960.14909700764,3759.8279303212403,0,2,0.4928692059612073,26,10.273942215221508,30.64005956411389,7453.356364169037,1299.0977867911283,5.737332816630688,2.0098263643311327,305.92478582947,0.0,0.0,0.01214902807775378,0.3739071040089065,6.2019368723099,0.9752475247524752,188.5202988187621,5576,2.7541677951812744
core,200,3000000.0,20,8,exclude,launch,0,0.0,prior,0.0,cluster_patrol,12600.0,43200,260772.12159235994,0,254069.63043163205,6702.49116072788,0,1,0.4917461024243651,1,11.933896810827438,35.554807966384274,6370.260745628138,1120.0124111424834,5.687669781382216,2.0089485500225654,305.39315297779115,0.0,0.0,0.02429805615550756,0.4583199455520894,10.152962298025134,0.9896640826873385,231.3590399567631,2785,2.094041585922241
core,200,3000000.0,33,7,exclude,launch,0,0.0,prior,0.0,cluster_patrol,12600.0,43200,1233137.6788004523,0,1189324.992927722,43812.68587273028,0,9,0.87331179507184,31,10.273942215221508,33.06526103052231,7453.356364169037,1203.7601406638717,6.191728827354695,2.0099167650487977,305.9795616979885,0.0,0.0,0.034678355034162694,0.34546693433289294,5.822401096078096,0.948019801980198,191.78797565556624,5839,2.7509379386901855
core,200,3000000.0,30,7,exclude,launch,0,0.0,prior,0.0,cluster_patrol,12600.0,43200,157228.6820997566,0,154863.44302220078,2365.239077555845,0,1,0.19511146781589334,14,10.273942215221508,32.20240502229373,7453.356364169037,1236.4907730209884,6.027830151905649,2.009142770980845,305.51073966686965,0.0,0.0,0.013123359580052493,0.3778572594923938,6.84214603912454,0.9801980198019802,184.56788134105847,5163,4.143799781799316
core,200,3000000.0,22,8,exclude,launch,0,0.0,prior,0.0,cluster_patrol,12600.0,43200,251843.26313146268,0,245292.95200932433,6550.311122138353,0,1,0.5091804832080726,1,11.933896810827438,35.35785454702643,6370.260745628138,1126.365099154311,5.655591380104913,2.0087454074495854,305.270189115189,0.0,0.0,0.02063273727647868,0.4300336107592528,9.487812309567337,0.9896640826873385,210.10184275196434,3282,2.225724220275879
core,200,3000000.0,28,7,exclude,launch,0,0.0,prior,0.0,cluster_patrol,12600.0,43200,154292.56555202673,0,152009.46938991355,2283.09616211318,0,1,0.1988243492969717,1,10.273942215221508,34.02399686904999,7453.356364169037,1170.6615454711884,6.366790122220235,2.0085067916125814,305.12578461861096,0.0,0.0,0.01438618925831202,0.3856930780422466,7.4815286624203825,0.9851485148514851,185.2111923784438,4710,4.542938947677612
core,200,3000000.0,34,7,exclude,launch,0,0.0,prior,0.0,cluster_patrol,12600.0,43200,1934381.604816455,0,1831066.058414495,103315.54640195996,0,14,0.9307731465792163,36,10.273942215221508,33.77463490418595,7453.356364169037,1178.700321663821,6.323368397531346,2.0095366063461033,305.74924786584216,0.0,0.0,0.03263374984835618,0.33601713824403734,5.615211086045762,0.8985148514851485,187.2113380578949,6206,3.1469593048095703
core,200,3000000.0,21,8,exclude,launch,0,0.0,prior,0.0,cluster_patrol,12600.0,43200,253798.65192749823,0,247362.11575429104,6436.536173207194,0,1,0.5052575080288733,1,11.933896810827438,35.15117911127694,6370.260745628138,1132.9502857465734,5.622718689223301,2.0088117320887022,305.3103332399421,0.0,0.0,0.022573363431151242,0.44826822240254877,9.925666666666666,0.9896640826873385,219.4883169399167,3000,2.484724521636963
core,200,3000000.0,31,7,exclude,launch,0,0.0,prior,0.0,cluster_patrol,12600.0,43200,166035.92047303778,0,163161.5185442113,2874.40192882647,0,1,0.184761941029645,19,10.273942215221508,31.488723448056035,7453.356364169037,1264.2240368444802,5.895597731848789,2.009605862134384,305.79119905683393,0.0,0.0,0.012513904338153505,0.37259432372229556,6.491594309994458,0.9801980198019802,185.48181783338396,5413,4.264159679412842
core,200,3000000.0,23,8,exclude,launch,0,0.0,prior,0.0,cluster_patrol,12600.0,43200,252480.25145665606,0,246076.61740139572,6403.634055260322,0,1,0.5078958598707998,1,11.933896810827438,34.56012581375912,6370.260745628138,1152.4200721998245,5.527724567889653,2.0086480995355673,305.21129660901363,0.0,0.0,0.01958650707290533,0.4276130738639736,9.074009829430471,0.9922279792746114,207.86546354209537,3459,2.453082323074341
core,200,3000000.0,25,8,exclude,launch,0,0.0,prior,0.0,cluster_patrol,12600.0,43200,243130.56663164304,0,237166.9526583233,5963.613973319748,0,1,0.527427201731724,1,11.933896810827438,34.354634680860315,6370.260745628138,1159.3771026327133,5.49455455965324,2.0085374481875524,305.14433531899795,0.0,0.0,0.01710051301539046,0.40713747292212815,8.470305787212535,0.9922279792746114,194.7957334395799,3957,2.502009153366089
core,200,3000000.0,24,8,exclude,launch,0,0.0,prior,0.0,cluster_patrol,12600.0,43200,258179.61020399284,0,250901.82940474237,7277.7807992504895,0,1,0.49668397249750124,1,11.933896810827438,35.356753132633955,6370.260745628138,1126.4416592727114,5.655206990250258,2.0086714514675705,305.2254291017085,0.0,0.0,0.017692156477295065,0.40374655237991397,8.493211488250653,0.9896373056994818,200.81650413213717,3830,2.9423208236694336
core,200,3000000.0,26,8,exclude,launch,0,0.0,prior,0.0,cluster_patrol,12600.0,43200,240500.36980633045,0,234064.2516236451,6436.118182685346,0,1,0.5331953315383203,1,11.933896810827438,37.05832293915811,6370.260745628138,1075.0011338279498,5.925817699321306,2.00814608589711,304.90755915289884,0.0,0.0,0.015295717199184228,0.3792775276675908,8.068007230004518,0.9922279792746114,182.68325507765243,4426,2.6943130493164062
core,200,3000000.0,27,8,exclude,launch,0,0.0,prior,0.0,cluster_patrol,12600.0,43200,244645.19817765345,0,238453.75916574599,6191.4390119074615,0,1,0.5241618285140316,1,11.933896810827438,35.69957805801103,6370.260745628138,1115.832256700912,5.7089770504238295,2.008297242515307,304.9989987791916,0.0,0.0,0.014693877551020407,0.378966848202152,7.706226947277067,0.9922279792746114,183.71644659334646,4609,2.713597536087036
core,200,3000000.0,20,9,exclude,launch,0,0.0,prior,0.0,cluster_patrol,12600.0,43200,309974.608078154,0,285461.4010700915,24513.20700806248,0,1,0.5838940406077395,1,10.304493718415957,35.07813984699836,7430.26982720097,1135.3129419261275,6.544688739824515,2.0088052892828285,305.30643350550343,0.0,0.0,0.024752475247524754,0.4670077105149164,10.529088913282107,0.9798488664987406,226.775033626977,2733,2.006061553955078
core,200,3000000.0,28,8,exclude,launch,0,0.0,prior,0.0,cluster_patrol,12600.0,43200,252161.703718585,0,245028.0870564306,7133.616662154381,0,1,0.508537468310754,1,11.933896810827438,38.51965202194621,6370.260745628138,1034.2946959722883,6.159038396343874,2.0079982699034105,304.81815363848057,0.0,0.0,0.013125273443196733,0.35136414871437965,7.1683456024796595,0.9922279792746114,176.51641160423537,5162,3.341951370239258
core,200,3000000.0,29,8,exclude,launch,0,0.0,prior,0.0,cluster_patrol,12600.0,43200,251646.11840735818,0,244422.2203527076,7223.898054650559,0,1,0.5095793856291271,6,11.933896810827438,37.35006645342649,6370.260745628138,1066.607389414832,5.972451352622848,2.0081401530283944,304.9039704444342,0.0,0.0,0.012628034236003928,0.3506009327185314,6.888350419384902,0.9896373056994818,176.53789521767237,5365,2.900438070297241
core,200,3000000.0,21,9,exclude,launch,0,0.0,prior,0.0,cluster_patrol,12600.0,43200,307239.88805731345,0,282779.68416264415,24460.203894669285,0,1,0.5890881005468326,1,10.304493718415957,34.86672751905834,7430.26982720097,1142.3267810027867,6.504504622292353,2.0085767930857967,305.16814426536916,0.0,0.0,0.023094688221709007,0.4588576547064974,10.063481228668943,0.982367758186398,221.4003226807844,2930,1.968818187713623
core,200,3000000.0,30,8,exclude,launch,0,0.0,prior,0.0,cluster_patrol,12600.0,43200,264864.51447073213,0,257129.7534713494,7734.760999382751,0,1,0.48414818674453314,13,11.933896810827438,35.79775907672622,6370.260745628138,1112.57927505899,5.725669072246901,2.0086449647657876,305.20939948421295,0.0,0.0,0.012090274046211715,0.34754409090800004,6.330835117773019,0.9922279792746114,183.89645812591272,5604,3.2828924655914307
core,200,3000000.0,22,9,exclude,launch,0,0.0,prior,0.0,cluster_patrol,12600.0,43200,305719.46572092356,0,281364.2364895444,24355.229231379184,0,1,0.5920206010524366,1,10.304493718415957,34.13055493107614,7430.26982720097,1167.0422227662286,6.366753217881933,2.0084455793873053,305.0887459757394,0.0,0.0,0.021797045289416325,0.4548170824714586,9.62061191626409,0.9848866498740554,218.540437549172,3105,2.143277883529663
core,200,3000000.0,32,8,exclude,launch,0,0.0,prior,0.0,cluster_patrol,12600.0,43200,842996.8080371857,0,794555.2121369322,48441.595900253466,0,5,0.8347968615123298,25,11.933896810827438,36.807443153965735,6370.260745628138,1082.1166077376276,5.88685239656971,2.008539026227247,305.14529022702106,0.0,0.0,0.010625737898465172,0.3265683122748103,5.7995922847734045,0.9689119170984456,176.47483999437364,6377,3.3104569911956787
core,200,3000000.0,31,8,exclude,launch,0,0.0,prior,0.0,cluster_patrol,12600.0,43200,275985.8146857095,0,267698.2553906078,8287.559295101682,0,1,0.4646386429679602,17,11.933896810827438,35.55828240947565,6370.260745628138,1119.9186596024792,5.688145912212315,2.008920411511804,305.37611902954427,0.0,0.0,0.011406844106463879,0.3393041188105767,5.980973227816131,0.9870466321243523,183.6346123514986,5939,3.473966121673584
core,200,3000000.0,23,9,exclude,launch,0,0.0,prior,0.0,cluster_patrol,12600.0,43200,300483.9534435079,0,276302.00766353984,24181.945779968068,0,1,0.6023329239171834,1,10.304493718415957,33.427747212315914,7430.26982720097,1191.5421422931474,6.235843083905754,2.008507559727223,305.12624940808746,0.0,0.0,0.020316027088036117,0.44400067627279344,9.345634563456345,0.9874055415617129,209.47244849028291,3333,2.110825300216675
core,200,3000000.0,33,8,exclude,launch,0,0.0,prior,0.0,cluster_patrol,12600.0,43200,1326327.210523997,0,1222696.1899270169,103631.02059698,0,8,0.9028625343094002,34,11.933896810827438,36.21211030504547,6370.260745628138,1100.0660710883628,5.790798310255718,2.0082481810811843,304.969318396055,0.0,0.0,0.010517799352750809,0.32994777037929807,5.639754412893323,0.9455958549222798,177.48256330943875,6515,3.8565561771392822
core,200,3000000.0,34,8,exclude,launch,0,0.0,prior,0.0,cluster_patrol,12600.0,43200,2058098.284796462,0,1918233.719428626,139864.56536783586,0,13,0.9387561073605127,43,11.933896810827438,35.338978670890505,6370.260745628138,1126.9662919575358,5.652574341476551,2.008746193703422,305.2706649933426,0.0,0.0,0.009872751206669592,0.323033981887953,5.308757103307592,0.9300518134715026,179.0062404928084,6863,3.7771973609924316
core,200,3000000.0,24,9,exclude,launch,0,0.0,prior,0.0,cluster_patrol,12600.0,43200,299135.2529905553,0,275133.9326087752,24001.320381780057,0,1,0.6050453755662034,1,10.304493718415957,33.38369729483117,7430.26982720097,1193.1396274554686,6.227493963172629,2.008465070026117,305.10053923883436,0.0,0.0,0.018891687657430732,0.43144090526660905,8.834263392857142,0.98989898989899,205.98650521349538,3584,2.91218900680542
core,200,3000000.0,25,9,exclude,launch,0,0.0,prior,0.0,cluster_patrol,12600.0,43200,297206.0347401542,0,273303.959092605,23902.07564754926,0,1,0.6089735801934009,1,10.304493718415957,32.775040389214745,7430.26982720097,1215.3108148346305,6.113884396076917,2.008442435474942,305.08684369998963,0.0,0.0,0.017928286852589643,0.4270381036721491,8.507150423728813,0.98989898989899,203.13877528887446,3776,2.449449300765991
core,200,3000000.0,28,9,exclude,launch,0,0.0,prior,0.0,cluster_patrol,12600.0,43200,305286.2581937326,0,280722.4351732029,24563.823020529668,0,1,0.5928585355723023,1,10.304493718415957,31.618784618224826,7430.26982720097,1259.6065998644667,5.898881307862681,2.0086759845525,305.2281725438865,0.0,0.0,0.015115888478333893,0.40525778652257316,7.388839285714286,0.982367758186398,197.28816025179927,4480,2.49169659614563
core,200,3000000.0,27,9,exclude,launch,0,0.0,prior,0.0,cluster_patrol,12600.0,43200,305806.4302141092,0,281180.5272906584,24625.902923450838,0,1,0.5918429193119598,1,10.304493718415957,31.746548361289097,7430.26982720097,1254.6078759936656,5.92238417227861,2.008563025919453,305.1598131755407,0.0,0.0,0.016094420600858368,0.4155111423389312,7.738644470868015,0.9848866498740554,200.76414192256792,4205,3.0404672622680664
core,200,3000000.0,26,9,exclude,launch,0,0.0,prior,0.0,cluster_patrol,12600.0,43200,301144.3788193901,0,276877.6984634806,24266.680355909484,0,1,0.6010112720660813,1,10.304493718415957,31.503856603469707,7430.26982720097,1264.2359613547521,5.87728086712445,2.008621584358329,305.1952501300518,0.0,0.0,0.017191977077363897,0.4266860305813715,8.0932418699187,0.98989898989899,204.89863492087466,3936,3.121466875076294
core,200,3000000.0,30,9,exclude,launch,0,0.0,prior,0.0,cluster_patrol,12600.0,43200,315688.3742953908,0,290364.0410699713,25324.333225419494,0,1,0.5733223684499237,11,10.304493718415957,32.86567960806609,7430.26982720097,1211.7741589367117,6.131728236984988,2.008749042932429,305.27238948512763,0.0,0.0,0.013011421136330779,0.3744495358111376,6.698732718894009,0.9823232323232324,186.99628071847172,5208,2.7054481506347656
core,200,3000000.0,29,9,exclude,launch,0,0.0,prior,0.0,cluster_patrol,12600.0,43200,306990.1911802923,0,281987.4464320638,25002.744748228437,0,1,0.5895642571024278,5,10.304493718415957,32.80653085763546,7430.26982720097,1214.0781162340668,6.120092049965309,2.008551852204989,305.15305157583435,0.0,0.0,0.01389317690645261,0.38611094523346323,7.072014772260976,0.9848484848484849,189.05087741431234,4874,2.941016912460327
core,200,3000000.0,31,9,exclude,launch,0,0.0,prior,0.0,cluster_patrol,12600.0,43200,330879.7794452046,0,303521.83817817015,27357.94126703448,0,1,0.5469945424374922,19,10.304493718415957,32.82383526038381,7430.26982720097,1213.1772994610087,6.124636382911299,2.008983580962334,305.41435999547247,0.0,0.0,0.012256570883834944,0.3649277693811011,6.456749909518639,0.9772727272727273,182.73884963728938,5526,3.032728433609009
core,200,3000000.0,20,10,exclude,launch,0,0.0,prior,0.0,cluster_patrol,12600.0,43200,289858.90595827135,0,287168.12390208105,2690.782056190342,0,1,0.5377331776805713,1,11.597269844061024,35.31299987244307,6564.841933405682,1127.8500696518115,5.820668996750935,2.008648771296681,305.21170315149135,0.0,0.0,0.024930747922437674,0.46994922323595567,10.607879234167894,0.9824561403508771,226.63857260362423,2716,2.504629135131836
core,200,3000000.0,34,9,exclude,launch,0,0.0,prior,0.0,cluster_patrol,12600.0,43200,1585882.8498361963,0,1502236.5672491814,83646.28258701458,0,11,0.9161509124297131,41,10.304493718415957,31.311921327553257,7430.26982720097,1271.4464678735178,5.8439501897614505,2.0094730692841303,305.7107632829766,0.0,0.0,0.010804321728691477,0.35366908478349957,5.463784301212508,0.9419191919191919,190.2144046615747,6268,2.987137794494629
core,200,3000000.0,33,9,exclude,launch,0,0.0,prior,0.0,cluster_patrol,12600.0,43200,912042.4318241227,0,866196.9412941119,45845.49053001071,0,7,0.8412126769693207,33,10.304493718415957,31.74818707853748,7430.26982720097,1254.1628079960792,5.924485864058727,2.0091720989135027,305.52849756764556,0.0,0.0,0.011322178890426469,0.3595767798766591,5.974418993479351,0.9545454545454546,182.3861694603821,5981,3.4211888313293457
core,200,3000000.0,22,10,exclude,launch,0,0.0,prior,0.0,cluster_patrol,12600.0,43200,283700.30912446557,0,281081.82469211816,2618.484432347448,0,1,0.549406347356403,1,11.597269844061024,35.56526546804089,6564.841933405682,1120.016290270675,5.861380758863027,2.008350889087096,305.0314546568211,0.0,0.0,0.021052631578947368,0.438789525712052,9.587686567164178,0.9849624060150376,211.43680765566285,3216,2.2268261909484863
core,200,3000000.0,21,10,exclude,launch,0,0.0,prior,0.0,cluster_patrol,12600.0,43200,284466.5683207662,0,281749.5966454349,2716.971675331249,0,1,0.5479264276995753,1,11.597269844061024,36.515819682990966,6564.841933405682,1090.781665491216,6.018474770062541,2.0084966129875625,305.1196255222156,0.0,0.0,0.022178413011335635,0.44001849827710676,10.054062909567497,0.9849624060150376,212.52148346114086,3052,2.5673344135284424
core,200,3000000.0,32,9,exclude,launch,0,0.0,prior,0.0,cluster_patrol,12600.0,43200,422751.1562457258,0,393842.5213377066,28908.634908019238,0,2,0.6480466857565208,24,10.304493718415957,31.226745228124653,7430.26982720097,1274.9183596288728,5.828035788396609,2.0094670613633756,305.7071243932829,0.0,0.0,0.012016021361815754,0.36951780291690045,6.092264017033357,0.9772727272727273,189.8888006420262,5636,3.838768482208252
core,200,3000000.0,23,10,exclude,launch,0,0.0,prior,0.0,cluster_patrol,12600.0,43200,286973.4389680269,0,283811.16135705204,3162.2776109748643,0,1,0.5431399893330169,1,11.597269844061024,35.349543517034896,6564.841933405682,1126.8754267612692,5.82570333641365,2.008307769936331,305.00536767419317,0.0,0.0,0.01951854261548471,0.4262895623288602,9.055635629864515,0.9849624060150376,207.5963391201172,3469,2.646280527114868
core,200,3000000.0,24,10,exclude,launch,0,0.0,prior,0.0,cluster_patrol,12600.0,43200,288664.46771386283,0,285663.10507657204,3001.3626372908066,0,1,0.5399582145124103,1,11.597269844061024,35.31328976697438,6564.841933405682,1128.0556142219914,5.819608404620536,2.0082662861989276,304.98027116561326,0.0,0.0,0.018123238018525976,0.4138567273017769,8.612894596040663,0.9824561403508771,203.01645993483754,3738,2.403778076171875
core,200,3000000.0,26,10,exclude,launch,0,0.0,prior,0.0,cluster_patrol,12600.0,43200,275756.3359081458,0,273484.49992724304,2271.835980902763,0,1,0.5652336149109315,1,11.597269844061024,35.071274026522524,6564.841933405682,1136.0030253070179,5.778894762741902,2.007978028248452,304.805911629491,0.0,0.0,0.016210374639769452,0.40220631480498575,8.089037817137386,0.9874686716791979,193.32802203441025,4178,2.4944376945495605
core,200,3000000.0,27,10,exclude,launch,0,0.0,prior,0.0,cluster_patrol,12600.0,43200,274060.43187695806,0,271858.5298589495,2201.9020180086104,0,1,0.568731317806326,1,11.597269844061024,35.861124142474665,6564.841933405682,1111.1064547881049,5.9083825002687425,2.0077536176763795,304.67020618194914,0.0,0.0,0.015136226034308779,0.39063535018087336,7.927597765363129,0.9899749373433584,183.97003499139927,4475,2.76094126701355
core,200,3000000.0,28,10,exclude,launch,0,0.0,prior,0.0,cluster_patrol,12600.0,43200,281266.2282927524,0,278133.18886814656,3133.0394246058213,0,1,0.554160915535586,1,11.597269844061024,35.33901430331584,6564.841933405682,1127.4605196619411,5.822680101804443,2.0078636256776496,304.7367263892292,0.0,0.0,0.014299332697807437,0.38315807357262416,7.481004643309413,0.9899749373433584,184.08386730816915,4738,2.7036643028259277
core,200,3000000.0,25,10,exclude,launch,0,0.0,prior,0.0,cluster_patrol,12600.0,43200,273140.05534222355,0,270956.7919824362,2183.2633597873637,0,1,0.5706477227760091,1,11.597269844061024,35.08944695448087,6564.841933405682,1135.4271956239454,5.781825517925998,2.0079559052417615,304.7925320735217,0.0,0.0,0.01741486068111455,0.41484841638538256,8.587146529562983,0.9799498746867168,195.359508157678,3890,3.428961753845215
core,200,3000000.0,29,10,exclude,launch,0,0.0,prior,0.0,cluster_patrol,12600.0,43200,284308.6972674566,0,281538.44436616637,2770.252901290287,0,1,0.5482306805173992,8,11.597269844061024,34.13460289987116,6564.841933405682,1167.1607755281552,5.624625219636092,2.0080034200650045,304.8212684588239,0.0,0.0,0.013818516812528788,0.38398272977098263,7.186416479706303,0.9849624060150376,185.16182706442504,4903,2.7491726875305176
core,200,3000000.0,31,10,exclude,launch,0,0.0,prior,0.0,cluster_patrol,12600.0,43200,314754.63498156855,0,309563.11607026507,5191.518911303459,0,1,0.4952008112258051,26,11.597269844061024,32.20712325029947,6564.841933405682,1236.3805880887373,5.309725821200382,2.009027465224446,305.44092767318136,0.0,0.0,0.012422360248447204,0.3700604056948032,6.203262463343108,0.9849624060150376,192.607474269063,5456,2.6478896141052246
core,200,3000000.0,30,10,exclude,launch,0,0.0,prior,0.0,cluster_patrol,12600.0,43200,299224.76031898597,0,295741.71820502414,3483.0421139618184,0,1,0.5209019147138534,20,11.597269844061024,32.14215083490351,6564.841933405682,1239.0761532207896,5.298174705680014,2.0087091294011987,305.24823232119735,0.0,0.0,0.01329590781503915,0.3825320664344681,6.688971742543171,0.9849624060150376,191.43391331155235,5096,2.83689022064209
core,200,3000000.0,32,10,exclude,launch,0,0.0,prior,0.0,cluster_patrol,12600.0,43200,1796221.1726003971,0,1685842.7075414688,110378.46505892833,0,8,0.9212687293677384,33,11.597269844061024,31.707102778546783,6564.841933405682,1255.9433236864545,5.227020845285046,2.0089234345855393,305.3779490567644,0.0,0.0,0.011936339522546418,0.36726704055874465,5.950837004405287,0.9473684210526315,193.26710893259062,5675,2.8248891830444336
core,200,3000000.0,33,10,exclude,launch,0,0.0,prior,0.0,cluster_patrol,12600.0,43200,2163933.788241073,0,2025383.8981440042,138549.89009706906,0,10,0.9339413172872159,38,11.597269844061024,31.20393307758126,6564.841933405682,1276.1568293539742,5.144228187635046,2.0089845657245404,305.4149561611018,0.0,0.0,0.011526639344262296,0.3661102575425239,5.683852305598094,0.9298245614035088,195.25780459608595,5877,2.781376361846924
core,200,3000000.0,34,10,exclude,launch,0,0.0,prior,0.0,cluster_patrol,12600.0,43200,3623677.378005382,0,3416560.6019737665,207116.77603161556,0,21,0.969254828260416,44,11.597269844061024,32.11666796715975,6564.841933405682,1240.1554554968654,5.293563725666548,2.0085533747415143,305.15397291074925,0.0,0.0,0.0221864154685176,0.3542462614572285,5.620655575687696,0.8796992481203008,190.5481435636626,6071,2.892354726791382
core,200,3000000.0,21,11,exclude,launch,0,0.0,prior,0.0,cluster_patrol,12600.0,43200,205394.93885955377,0,199195.1805533335,6199.758306220256,0,1,0.3599439664863479,1,11.275799978965152,37.10720948328822,6761.506957310247,1073.5692516782574,6.298156310587622,2.008175326090915,304.92524644155696,0.0,0.0,0.023088763468445357,0.45813437430385845,10.064120054570258,0.9781553398058253,221.7687504133175,2932,2.0824217796325684
core,200,3000000.0,20,11,exclude,launch,0,0.0,prior,0.0,cluster_patrol,12600.0,43200,210150.83557268252,0,203739.39705130836,6411.4385213741525,0,1,0.35179812056354554,1,11.275799978965152,37.023500639109784,6761.506957310247,1075.9313345954508,6.284329436183367,2.008297055659929,304.9988857357445,0.0,0.0,0.02535211267605634,0.4779588166106554,10.559970014992503,0.9781553398058253,231.64735258023606,2668,2.3259336948394775
core,200,3000000.0,22,11,exclude,launch,0,0.0,prior,0.0,cluster_patrol,12600.0,43200,206900.51329572193,0,200585.31287601934,6315.200419702578,0,1,0.35732472487228506,1,11.275799978965152,38.20163520819774,6761.506957310247,1042.9659381186536,6.482960478562648,2.00788071583273,304.7470612042488,0.0,0.0,0.02112676056338028,0.4400141859940758,9.493441599000624,0.9805352798053528,214.40976267307252,3202,2.075521230697632
core,200,3000000.0,23,11,exclude,launch,0,0.0,prior,0.0,cluster_patrol,12600.0,43200,208017.05299655907,0,201362.34648089533,6654.706515663731,0,1,0.3554067703793102,1,11.275799978965152,36.85900183954421,6761.506957310247,1080.881065668161,6.25555130168788,2.008022189822781,304.83262055253437,0.0,0.0,0.01964207769532955,0.42869164776588753,8.979988399071926,0.9805825242718447,210.81775571723387,3448,2.1410133838653564
core,200,3000000.0,24,11,exclude,launch,0,0.0,prior,0.0,cluster_patrol,12600.0,43200,201435.11757019282,0,195340.18052234867,6094.937047844143,0,1,0.36701976239851136,1,11.275799978965152,36.94194344577036,6761.506957310247,1078.5579582738055,6.269025141803046,2.0078291735964195,304.71589294561255,0.0,0.0,0.018389865140988965,0.4198902306452541,8.705483170466884,0.9829683698296837,203.51199743600617,3684,2.2692484855651855
core,200,3000000.0,26,11,exclude,launch,0,0.0,prior,0.0,cluster_patrol,12600.0,43200,203707.33957086675,0,197471.4654149815,6235.874155885252,0,1,0.36292589724588303,1,11.275799978965152,35.74010485991767,6761.506957310247,1114.7829147779591,6.065312687947855,2.0079082334088243,304.7637020919893,0.0,0.0,0.016233766233766232,0.40278103324843934,7.924275101845195,0.9781553398058253,197.450347782586,4173,2.424739122390747
core,200,3000000.0,25,11,exclude,launch,0,0.0,prior,0.0,cluster_patrol,12600.0,43200,209618.81063428792,0,202640.84569585675,6977.964938431129,0,1,0.3526910049991272,1,11.275799978965152,36.27475148706795,6761.506957310247,1098.3149137182274,6.156255253258731,2.007976659687537,304.80508394245334,0.0,0.0,0.017064846416382253,0.40660874218464066,8.140806045340051,0.9805825242718447,202.24496502911649,3970,3.1662745475769043
core,200,3000000.0,28,11,exclude,launch,0,0.0,prior,0.0,cluster_patrol,12600.0,43200,215807.70735359754,0,208308.36095844177,7499.346395155759,0,1,0.3425765923558723,1,11.275799978965152,33.68713706657902,6761.506957310247,1182.5450040100604,5.717758676736775,2.0082057477058113,304.94364891211006,0.0,0.0,0.014788038120276044,0.39619880181224776,7.137614678899083,0.9829683698296837,199.735854576088,4578,2.673048973083496
core,200,3000000.0,29,11,exclude,launch,0,0.0,prior,0.0,cluster_patrol,12600.0,43200,217890.1542066043,0,210122.19530725025,7767.95889935402,0,1,0.3393024767848238,9,11.275799978965152,34.89602332384931,6761.506957310247,1141.702644055322,5.922301216097222,2.0079876697389496,304.8117427037273,0.0,0.0,0.013690295101916642,0.3804395102291582,6.750909826122119,0.9781021897810219,195.167084906081,4946,2.6030497550964355
core,200,3000000.0,27,11,exclude,launch,0,0.0,prior,0.0,cluster_patrol,12600.0,43200,210714.39768139628,0,203694.16445238696,7020.233229009312,0,1,0.3508572257179776,1,11.275799978965152,34.68216447102963,6761.506957310247,1148.6919124847475,5.886266703736393,2.0080763911075827,304.86540309254644,0.0,0.0,0.015426808364758314,0.39795528870263647,7.4986326344576115,0.9829683698296837,198.2308505844682,4388,2.9060490131378174
core,200,3000000.0,30,11,exclude,launch,0,0.0,prior,0.0,cluster_patrol,12600.0,43200,228248.11414898056,0,219619.31991969212,8628.794229288465,0,1,0.32390484041884565,18,11.275799978965152,34.41013623051752,6761.506957310247,1157.6929231993265,5.840501243304293,2.008215045430819,304.9492733499206,0.0,0.0,0.012932892656990947,0.37227847301510214,6.351155241550506,0.975669099756691,196.10859487553552,5237,2.6220500469207764
core,200,3000000.0,31,11,exclude,launch,0,0.0,prior,0.0,cluster_patrol,12600.0,43200,230776.3114585705,0,222157.88349787038,8618.427960700146,0,1,0.3203564027957025,25,11.275799978965152,33.27952328355754,6761.506957310247,1196.7910651551088,5.64969705587995,2.008605058988593,305.1852495052148,0.0,0.0,0.012398401983744317,0.3693163965814935,6.034040995607613,0.9781021897810219,197.833274143168,5464,2.6555442810058594
core,200,3000000.0,20,12,exclude,launch,0,0.0,prior,0.0,cluster_patrol,12600.0,43200,182757.76871903817,0,179803.93453810996,2953.8341809282083,0,1,0.2318518887547865,1,10.560706468639882,33.286828541091644,7241.91745481808,1196.4933796804867,6.052618073617735,2.0086638704447517,305.2208410621761,0.0,0.0,0.026392961876832845,0.4979364603989276,10.826443057722308,0.9900249376558603,235.2552080529338,2564,1.8107693195343018
core,200,3000000.0,32,11,exclude,launch,0,0.0,prior,0.0,cluster_patrol,12600.0,43200,1195378.6422814946,0,1102935.6344023626,92443.00787913195,0,6,0.8614361025247076,36,11.275799978965152,33.15261519716785,6761.506957310247,1201.5241317186803,5.627441662481197,2.0083513682147442,305.0317445341639,0.0,0.0,0.011873350923482849,0.36526637518477767,5.9254647492108035,0.9586374695863747,193.16642339477437,5702,2.7980380058288574
core,200,3000000.0,33,11,exclude,launch,0,0.0,prior,0.0,cluster_patrol,12600.0,43200,2506008.7588132066,0,2333448.0737367533,172560.68507645346,0,13,0.9370060827548313,40,11.275799978965152,32.21752083561717,6761.506957310247,1236.207216584672,5.469557907929531,2.0086607547559465,305.21895545545084,0.0,0.0,0.011312217194570135,0.35932752442089494,5.458312447786132,0.9148418491484185,199.47738207770186,5985,2.815037488937378
core,200,3000000.0,21,12,exclude,launch,0,0.0,prior,0.0,cluster_patrol,12600.0,43200,181608.10170145013,0,178593.49932063092,3014.602380819192,0,1,0.23331962321690183,1,10.560706468639882,31.83047554592859,7241.91745481808,1251.2515723214956,5.78773894476062,2.0086405401582774,305.20672177523454,0.0,0.0,0.025020850708924104,0.4970925156472545,10.333333333333334,0.9900249376558603,233.92841373240282,2703,1.8660485744476318
core,200,3000000.0,34,11,exclude,launch,0,0.0,prior,0.0,cluster_patrol,12600.0,43200,3463709.4669872583,0,3251792.3074481473,211917.1595391106,0,20,0.9607453598220674,43,11.275799978965152,32.73567002805191,6761.506957310247,1216.630969188241,5.557566039784152,2.008675976056961,305.2281674023386,0.0,0.0,0.02192715312461932,0.3481238866746471,5.188795336787565,0.8832116788321168,203.4199674689955,6176,2.7847909927368164
core,200,3000000.0,22,12,exclude,launch,0,0.0,prior,0.0,cluster_patrol,12600.0,43200,179807.68727853982,0,176832.4739630684,2975.2133154714397,0,1,0.23565585266929964,1,10.560706468639882,30.2491468756883,7241.91745481808,1316.582183183726,5.5005434125698525,2.0087638432800983,305.2813474527706,0.0,0.0,0.02374043787918755,0.495239380506229,9.864561403508771,0.9850374064837906,232.13853366315905,2850,2.4131219387054443
core,200,3000000.0,23,12,exclude,launch,0,0.0,prior,0.0,cluster_patrol,12600.0,43200,177353.95334394707,0,174568.20467416343,2785.748669783645,0,1,0.23891620718453815,1,10.560706468639882,31.256453864929885,7241.91745481808,1274.2465399841922,5.683293795647992,2.008615545138812,305.191595368699,0.0,0.0,0.021438780371605525,0.4683489392376383,9.203926535782141,0.9850374064837906,224.42681919329868,3158,2.027470588684082
core,200,3000000.0,24,12,exclude,launch,0,0.0,prior,0.0,cluster_patrol,12600.0,43200,177085.06377701816,0,174081.4876457363,3003.576131281847,0,1,0.23927898241872067,1,10.560706468639882,31.385762975452078,7241.91745481808,1269.0609720722314,5.7065165616060645,2.008513744758822,305.1299920102387,0.0,0.0,0.019955654101995565,0.4556667533822857,8.792391624889413,0.9825436408977556,219.05682932336225,3391,2.141470193862915
core,200,3000000.0,27,12,exclude,launch,0,0.0,prior,0.0,cluster_patrol,12600.0,43200,176561.92774662876,0,173183.5816216537,3378.3461249750935,0,1,0.2399879430571541,1,10.560706468639882,31.734660160981882,7241.91745481808,1255.2102172001469,5.7694857447637675,2.0083512429522403,305.03166874899836,0.0,0.0,0.016316171138506162,0.4209303545750213,7.823614457831325,0.9850374064837906,201.06023248730443,4150,2.3939805030822754
core,200,3000000.0,29,12,exclude,launch,0,0.0,prior,0.0,cluster_patrol,12600.0,43200,192847.95467185503,0,188030.79301560362,4817.161656251422,0,1,0.21972093991984307,14,10.560706468639882,31.119152567601045,7241.91745481808,1279.802834788593,5.658619638871445,2.008718860674474,305.2541219641227,0.0,0.0,0.014485755673587638,0.4022264864651206,7.073844178082192,0.9875311720698254,197.42976406034998,4672,2.4882259368896484
core,200,3000000.0,25,12,exclude,launch,0,0.0,prior,0.0,cluster_patrol,12600.0,43200,178252.5635040229,0,174823.71395511262,3428.8495489102743,0,1,0.2377117783282994,1,10.560706468639882,30.840165873762356,7241.91745481808,1291.5375342437565,5.607206343452104,2.0084741648277236,305.1060423374924,0.0,0.0,0.018955349620893007,0.4515631550672169,8.382460072849538,0.9850374064837906,217.93070192572054,3569,2.8322253227233887
core,200,3000000.0,26,12,exclude,launch,0,0.0,prior,0.0,cluster_patrol,12600.0,43200,180917.29700630566,0,177286.15010368623,3631.146902619416,0,1,0.2342105180835317,1,10.560706468639882,29.779936715397188,7241.91745481808,1337.4445291228542,5.414742291829926,2.0085860305144116,305.1737342846453,0.0,0.0,0.018185492018589614,0.4514410870897708,8.001612036539495,0.9875311720698254,219.25906000442032,3722,2.813225269317627
core,200,3000000.0,30,12,exclude,launch,0,0.0,prior,0.0,cluster_patrol,12600.0,43200,199337.5071561499,0,193390.47023862504,5947.036917524882,0,1,0.21256779251747612,21,10.560706468639882,30.89041943167814,7241.91745481808,1289.1077770680076,5.6177750096965156,2.0089861989711126,305.415944914252,0.0,0.0,0.013652912621359222,0.3926737015238287,6.781004234724743,0.9900249376558603,193.9429543049741,4959,2.541224241256714
core,200,3000000.0,31,12,exclude,launch,0,0.0,prior,0.0,cluster_patrol,12600.0,43200,230328.11280544702,0,220379.61278192955,9948.500023517447,0,1,0.18396683472985711,30,10.560706468639882,32.024372652172296,7241.91745481808,1243.4602285517337,5.824004088375861,2.0089885292222505,305.417355630624,0.0,0.0,0.012554052169061235,0.37365673085132944,6.349953660797034,0.9875311720698254,190.43007941329253,5395,2.6837332248687744
core,200,3000000.0,32,12,exclude,launch,0,0.0,prior,0.0,cluster_patrol,12600.0,43200,1680699.8610100294,0,1570296.0751731563,110403.78583687308,0,12,0.9076716826389927,36,10.560706468639882,32.846093025652046,7241.91745481808,1212.3516831219358,5.973446117688693,2.0089894158218162,305.417892372135,0.0,0.0,0.02377179080824089,0.3537634559367316,5.879824561403509,0.9275,194.67491730666342,5700,2.714726686477661
core,200,3000000.0,28,12,exclude,launch,0,0.0,prior,0.0,cluster_patrol,12600.0,43200,177936.33507606416,0,174275.43526099678,3660.899815067356,0,1,0.23813423966502145,1,10.560706468639882,32.20511377188992,7241.91745481808,1236.817811260468,5.855282313114236,2.008442572368955,305.08692652983456,0.0,0.0,0.015065282892534315,0.4032218174242362,7.513796172674677,0.9875311720698254,193.36593779263916,4494,3.0872397422790527
core,200,3000000.0,33,12,exclude,launch,0,0.0,prior,0.0,cluster_patrol,12600.0,43200,2433332.8247687626,0,2270094.3665033667,163238.45826539607,0,16,0.9378818402818148,41,10.560706468639882,32.73135234008446,7241.91745481808,1216.6420729243166,5.952381243409931,2.00892261166644,305.3774508995489,0.0,0.0,0.022575356287047547,0.3492424954729365,5.607507960449137,0.9075,194.4665330921035,5967,2.6787259578704834
core,200,3000000.0,34,12,exclude,launch,0,0.0,prior,0.0,cluster_patrol,12600.0,43200,3352287.902347782,0,3112253.0707147103,240034.83163307197,0,21,0.9599319027752002,48,10.560706468639882,32.603132332373086,7241.91745481808,1221.5712329871033,5.928362799694822,2.008685124494219,305.2337041127757,0.0,0.0,0.021749696233292832,0.3474122169375341,5.468432100758921,0.8775,192.14985839936418,6193,2.9345974922180176
core,100,3000000.0,16,11,exclude,launch,0,0.0,prior,0.0,cluster_patrol,12600.0,43200,100999.3958156884,0,97739.29183410894,3260.103981579471,0,1,0.33126251653244876,1,9.578630957114202,38.26882279259649,8018.590898655449,1042.3403255692783,7.6928721857480316,2.00555854545721,303.34439650260583,0.0,0.0,0.027035145689396214,0.40246263967002005,6.4150717703349285,0.9611650485436893,203.26178765339353,2508,1.0767521858215332
core,100,3000000.0,17,11,exclude,launch,0,0.0,prior,0.0,cluster_patrol,12600.0,43200,97154.40145043744,0,93876.79514971517,3277.6063007222656,0,1,0.34437260203007164,1,9.578630957114202,39.456487086855226,8018.590898655449,1011.0736451554471,7.930768383763612,2.0053435274036038,303.2146824276962,0.0,0.0,0.024096385542168676,0.38253245263410324,6.263513513513513,0.970873786407767,185.50551703444242,2812,1.4102632999420166
core,100,3000000.0,20,11,exclude,launch,0,0.0,prior,0.0,cluster_patrol,12600.0,43200,93567.86082637831,0,90473.86930348398,3093.9915228943364,0,1,0.3575727149330021,1,9.578630957114202,40.33545621683848,8018.590898655449,988.9747448323526,8.107983485477915,2.005477585006476,303.2955521851365,0.0,0.0,0.01731435167372066,0.3262956239449795,5.033699259637477,0.9611650485436893,165.5249550419908,3917,1.4782583713531494
core,100,3000000.0,21,11,exclude,launch,0,0.0,prior,0.0,cluster_patrol,12600.0,43200,90752.02708505231,0,87872.06873828609,2879.958346766208,0,1,0.368667401718814,1,9.578630957114202,39.708253396209585,8018.590898655449,1004.6269083277134,7.981660487277882,2.005415632710812,303.2581783497847,0.0,0.0,0.01633097441480675,0.32391726357032197,4.865542168674699,0.9660194174757282,161.3445841511155,4150,1.4992592334747314
core,100,3000000.0,18,11,exclude,launch,0,0.0,prior,0.0,cluster_patrol,12600.0,43200,96306.66138376297,0,93093.20920074217,3213.452183020793,0,1,0.3474039442904252,1,9.578630957114202,42.868672101677745,8018.590898655449,930.7119865116703,8.61554488914375,2.005093590836355,303.06393790209546,0.0,0.0,0.02066115702479339,0.3485739883190192,5.61121267519805,0.9660194174757282,177.03165639583926,3282,1.5268142223358154
core,100,3000000.0,19,11,exclude,launch,0,0.0,prior,0.0,cluster_patrol,12600.0,43200,94244.31525548644,0,91163.84932133129,3080.4659341551496,0,1,0.35500617661088896,1,9.578630957114202,41.81141121291898,8018.590898655449,954.1607136876172,8.403815818055842,2.0052735705440856,303.1724854903363,0.0,0.0,0.018707129494907503,0.33388064579759535,5.367448275862069,0.9611650485436893,167.6133275532297,3625,1.5858068466186523
core,100,3000000.0,25,11,exclude,launch,0,0.0,prior,0.0,cluster_patrol,12600.0,43200,86443.19207787758,0,83531.07644163286,2912.1156362447155,0,1,0.3870439443747012,1,9.578630957114202,34.38863959522151,8018.590898655449,1159.7542179956727,6.914043315585827,2.005898856002527,303.54975255215777,0.0,0.0,0.013895321908290875,0.3308605095666372,4.321435897435897,0.9658536585365853,154.6920992928877,4875,1.7078070640563965
core,100,3000000.0,26,11,exclude,launch,0,0.0,prior,0.0,cluster_patrol,12600.0,43200,85192.2564234733,0,82255.24401875335,2937.0124047199392,0,1,0.39272717299388843,1,9.578630957114202,33.46116007366152,8018.590898655449,1191.8372199164412,6.727924556020851,2.006005177230363,303.6139249842883,0.0,0.0,0.013420817178645988,0.3329075941566441,4.219690966719493,0.9611650485436893,153.23468330440312,5048,1.7648406028747559
core,100,3000000.0,23,11,exclude,launch,0,0.0,prior,0.0,cluster_patrol,12600.0,43200,91811.23998247793,0,88527.79302894576,3283.446953532171,0,1,0.364414139625469,1,9.578630957114202,35.80289771568657,8018.590898655449,1114.0082578569738,7.197963607631484,2.0057804732635662,303.478308119485,0.0,0.0,0.015207840486650895,0.33195227570605995,4.536355475763016,0.975609756097561,161.28108777278206,4456,1.821190595626831
core,100,3000000.0,22,11,exclude,launch,0,0.0,prior,0.0,cluster_patrol,12600.0,43200,89772.60114533921,0,86880.18857747217,2892.412567867042,0,1,0.37268959124839646,1,9.578630957114202,38.308266786456926,8018.590898655449,1041.3281615660696,7.700349606022529,2.0054409103181037,303.27342724238895,0.0,0.0,0.015665796344647518,0.3263003073669942,4.722376329172445,0.975609756097561,159.45663953301542,4326,1.8241910934448242
core,100,3000000.0,24,11,exclude,launch,0,0.0,prior,0.0,cluster_patrol,12600.0,43200,90656.54353885667,0,87474.16271743599,3182.3808214206747,0,1,0.3690556987959882,1,9.578630957114202,35.45109233128662,8018.590898655449,1124.99216332356,7.1276860053550575,2.005907344275369,303.5548755801379,0.0,0.0,0.014292520247737018,0.32608109248924916,4.384177215189873,0.975609756097561,156.8784549917873,4740,1.8551912307739258
core,100,3000000.0,27,11,exclude,launch,0,0.0,prior,0.0,cluster_patrol,12600.0,43200,84661.48591630964,0,81730.75583778786,2930.7300785217767,0,1,0.3951893079131073,1,9.578630957114202,32.85063330917608,8018.590898655449,1213.9222244440718,6.605522773361897,2.0061129339944745,303.67897078529114,0.0,0.0,0.01289213579716373,0.3326679304459834,4.0772597526165555,0.9611650485436893,152.1177388004589,5255,1.7891936302185059
core,100,3000000.0,28,11,exclude,launch,0,0.0,prior,0.0,cluster_patrol,12600.0,43200,83522.07624291134,0,80600.6251224457,2921.4511204656524,0,1,0.40058048759295783,1,9.578630957114202,36.142661731211014,8018.590898655449,1103.4581214269786,7.266783163719802,2.0059218012375384,303.56360106149225,0.0,0.0,0.011269722013523666,0.30184444946065897,3.8733377659574466,0.9611650485436893,140.03102235701337,6016,1.9239203929901123
core,100,3000000.0,29,11,exclude,launch,0,0.0,prior,0.0,cluster_patrol,12600.0,43200,83910.89636127463,0,81144.20072996827,2766.695631306358,0,1,0.3987243072951209,2,9.578630957114202,37.72895341810671,8018.590898655449,1056.9599781620893,7.586465963071464,2.006118974780418,303.68261742396,0.0,0.0,0.010199456029011787,0.2831337742429101,3.628214769138216,0.9611650485436893,135.15936111071832,6649,2.0359151363372803
core,100,3000000.0,30,11,exclude,launch,0,0.0,prior,0.0,cluster_patrol,12600.0,43200,86886.57098816104,0,83885.9590997212,3000.6118884398343,0,1,0.38506887365506426,6,9.578630957114202,37.703314553616885,8018.590898655449,1057.6037091649684,7.58184831347323,2.006261274619444,303.76852583962443,0.0,0.0,0.009693053311793215,0.2787396815174514,3.4719839908519154,0.9660194174757282,134.2895943177595,6996,2.0716140270233154
core,100,3000000.0,31,11,exclude,launch,0,0.0,prior,0.0,cluster_patrol,12600.0,43200,86548.03068481565,0,83531.29341044911,3016.7372743665255,0,1,0.38657510473004714,11,9.578630957114202,37.037271109264736,8018.590898655449,1076.5789799069644,7.448214249314433,2.0063426736983248,303.817673071888,0.0,0.0,0.009423097057899696,0.28024206455790546,3.383706381203948,0.9707317073170731,133.96335400330838,7193,2.120612859725952
