layout,M,Emax,K,seed,coord,replan,divert,q,belief,tau,planner,L,Th,J,n_diverts,J_age,J_event,n_replans,n_never,share_never,n_reach_inf,K_reach_i,K_commute_i,r_max,r_c,rmax_over_rc,regime_bnd,P_bar,dup_frac,trunc_frac,empty_frac,T_s_over_t_c,mean_n,catch_rate,T_rev,n_sorties,secs,depot_x,depot_y
paper,50,1500000.0,1,2,exclude,launch,0,0.0,prior,0.0,sa,12600.0,43200.0,1206237.8671634302,0,631194.5943613097,575043.2728021205,0,0,0.0,0,3.8096389299675635,18.187173242055398,10166.349375531827,1088.6684813440363,9.338333523701143,2.0202221945317023,312.25599786452466,0.0,0.08333333333333333,0.0,7.872857722735242,45.888888888888886,0.5091649694501018,4135.3319413932,9,7.571336984634399,0.25,0.25
paper,50,1500000.0,1,4,exclude,launch,0,0.0,prior,0.0,sa,12600.0,43200.0,1344543.997272752,0,726419.2180477737,618124.7792249782,0,0,0.0,0,3.1931698178128807,7.654240000086527,12193.404135141634,2582.928165104119,4.720767809138862,2.0232315459427235,314.1008389837007,0.0,0.0,0.0,7.879549078263974,44.333333333333336,0.484251968503937,4284.069362541184,9,11.246145725250244,0.25,0.25
paper,50,1500000.0,1,3,exclude,launch,0,0.0,prior,0.0,sa,12600.0,43200.0,1188320.5984712136,0,672856.4825585105,515464.11591270316,0,0,0.0,0,3.373230566753348,16.019255244116838,11524.735425511995,1235.080708037565,9.331159778071337,2.0217261659510806,313.1773074567285,0.0,0.08333333333333333,0.0,7.888244184966918,45.77777777777778,0.5,4153.470732209831,9,11.60914421081543,0.25,0.25
paper,50,1500000.0,1,1,exclude,launch,0,0.0,prior,0.0,sa,12600.0,43200.0,1190516.3786143959,0,631197.1585674586,559319.2200469371,0,0,0.0,0,3.4555220467155374,19.78068186647412,11242.341618015877,1000.9121705925526,11.232096030324287,2.020332094613357,312.3232749894243,0.0,0.0,0.0,7.878652159979948,47.55555555555556,0.5152173913043478,3993.339026643743,9,13.574338912963867,0.25,0.25
paper,50,1500000.0,2,4,exclude,launch,0,0.0,prior,0.0,sa,12600.0,43200.0,599599.676528865,0,353298.8884411402,246300.78808772474,0,0,0.0,0,3.1931698178128807,6.003461358857202,12193.404135141634,3309.4519858870012,3.6844178997428636,2.013270764531292,308.01529267614865,0.0,0.0,0.0,4.05355757611014,22.515151515151516,0.6913827655310621,2231.1960140664814,33,15.869605302810669,0.25,0.25
paper,50,1500000.0,2,3,exclude,launch,0,0.0,prior,0.0,sa,12600.0,43200.0,515538.8664806809,0,329205.4544350085,186333.41204567233,0,0,0.0,0,3.373230566753348,14.35655978430539,11524.735425511995,1385.0625693458333,8.32073270953755,2.0115934586408857,306.9963976695088,0.0,0.022222222222222223,0.0,4.046675468086683,24.21212121212121,0.7236286919831224,2069.0345933053263,33,16.563798904418945,0.25,0.25
paper,50,1500000.0,2,2,exclude,launch,0,0.0,prior,0.0,sa,12600.0,43200.0,570221.8247362915,0,341627.82553871814,228593.99919757337,0,0,0.0,0,3.8096389299675635,26.139213770373452,10166.349375531827,761.1313372135568,13.356892402761984,2.0105175469837118,306.3437138285935,0.0,0.06666666666666667,0.0,4.042658016071557,24.151515151515152,0.75,2063.6989905656205,33,18.52766704559326,0.25,0.25
paper,50,1500000.0,1,5,exclude,launch,0,0.0,prior,0.0,sa,12600.0,43200.0,1109392.8401068167,0,594874.8104379595,514518.02966885717,0,0,0.0,0,3.5254081937671002,9.62359643638388,11012.870510726412,2056.861757376424,5.354210350419267,2.0207727886578146,312.5931258192753,0.0,0.08333333333333333,0.0,7.945551206558259,46.22222222222222,0.4901185770750988,4143.417775369593,9,8.700059413909912,0.25,0.25
paper,50,1500000.0,3,1,exclude,launch,0,0.0,prior,0.0,sa,12600.0,43200.0,332926.22237005114,0,229134.81268404296,103791.40968600819,0,0,0.0,0,3.4555220467155374,10.994258728320467,11242.341618015877,1812.0883093568884,6.204080430277591,2.007773324150414,304.68212186075255,0.0,0.030303030303030304,0.0,2.7424650675679305,15.780821917808218,0.8367346938775511,1437.6046851187969,73,21.95759391784668,0.25,0.25
paper,50,1500000.0,3,4,exclude,launch,0,0.0,prior,0.0,sa,12600.0,43200.0,447176.5061382171,0,284456.56614077394,162719.9399974432,0,0,0.0,0,3.1931698178128807,5.081019311349814,12193.404135141634,3915.467059461182,3.114163380758872,2.0105995043963363,306.3934074858361,0.0,0.01,0.0,2.725316469493453,12.837837837837839,0.7621951219512195,1759.8892735498612,74,25.55173373222351,0.25,0.25
paper,50,1500000.0,4,4,exclude,launch,0,0.0,prior,0.0,sa,12600.0,43200.0,1147999.256793341,0,877738.3048126793,270260.9519806617,0,4,0.6252001158853956,4,3.1931698178128807,4.408972402454131,12193.404135141634,4515.3914148994745,2.7004091151227683,2.0092186836452637,305.5567054256038,0.0,0.0,0.0,2.050714124183198,6.734848484848484,0.6951219512195121,1875.3576898319436,132,26.248429775238037,0.25,0.25
paper,50,1500000.0,3,2,exclude,launch,0,0.0,prior,0.0,sa,12600.0,43200.0,345288.1943612629,0,238024.97899008085,107263.21537118206,0,0,0.0,0,3.8096389299675635,15.755135198581396,10166.349375531827,1264.7493946873503,8.038232252362514,2.0073974900370994,304.4549108799144,0.0,0.0,0.0,2.721156533900481,15.54054054054054,0.8119834710743802,1455.6369818876208,74,27.30130910873413,0.25,0.25
paper,50,1500000.0,5,4,exclude,launch,0,0.0,prior,0.0,sa,12600.0,43200.0,2800593.489069133,0,2361268.368290405,439325.12077872787,0,14,0.915797873501006,15,3.1931698178128807,4.398150882392292,12193.404135141634,4530.032798744273,2.6916812033947415,2.0076523928495185,304.6090034446081,0.0,0.0,0.0,1.6350849690244544,4.587378640776699,0.6045081967213115,1745.9624652357372,206,20.091491222381592,0.25,0.25
paper,50,1500000.0,5,1,exclude,launch,0,0.0,prior,0.0,sa,12600.0,43200.0,1150806.8208568208,0,992038.247608032,158768.57324878874,0,6,0.8234096215798976,7,3.4555220467155374,7.775080848023979,11242.341618015877,2565.5293008434664,4.382074924780529,2.0052942040959287,303.18493103666003,0.0,0.0,0.0,1.6400153010166438,7.160975609756098,0.779510022271715,1125.3612252682847,205,27.723829984664917,0.25,0.25
paper,50,1500000.0,3,3,exclude,launch,0,0.0,prior,0.0,sa,12600.0,43200.0,353325.14331054257,0,241152.77069385053,112172.37261669204,0,0,0.0,0,3.373230566753348,9.732586721904616,11524.735425511995,2046.2151859525954,5.632220650413543,2.0085396327405487,305.1456572425322,0.0,0.0,0.0,2.737517573786266,15.493150684931507,0.7875536480686696,1461.7274882091344,73,28.439337730407715,0.25,0.25
paper,50,1500000.0,1,6,exclude,launch,0,0.0,prior,0.0,sa,12600.0,43200.0,1123330.946061879,0,626490.4948710467,496840.45119083213,0,0,0.0,0,3.4790451084641374,8.782241767998919,11164.074361290792,2252.8530297761117,4.955527153229466,2.0217234206555443,313.17562449481994,0.0,0.08333333333333333,0.0,7.923997989415908,45.55555555555556,0.5452586206896551,4192.649182037923,9,9.127444982528687,0.25,0.25
paper,50,1500000.0,4,3,exclude,launch,0,0.0,prior,0.0,sa,12600.0,43200.0,800596.8112877044,0,645850.1645063817,154746.64678132266,0,2,0.6420366711364978,2,3.373230566753348,8.44864492969665,11524.735425511995,2359.244823054582,4.884925596907992,2.0067807302517977,304.08223164190304,0.0,0.0,0.0,2.050210158412567,10.183206106870228,0.7837259100642399,1240.6159454018587,131,30.01775550842285,0.25,0.25
paper,50,1500000.0,4,2,exclude,launch,0,0.0,prior,0.0,sa,12600.0,43200.0,574037.2172689297,0,486860.354292277,87176.86297665267,0,2,0.5136028261929901,2,3.8096389299675635,10.030480657541617,10166.349375531827,1987.9290728492542,5.114040291669273,2.006029712698217,303.62873484949716,0.0,0.005681818181818182,0.0,2.0477820500220805,10.121212121212121,0.8200836820083682,1236.7793709782345,132,30.58475637435913,0.25,0.25
paper,50,1500000.0,2,1,exclude,launch,0,0.0,prior,0.0,sa,12600.0,43200.0,484183.2372090035,0,303551.0716201687,180632.1655888348,0,0,0.0,0,3.4555220467155374,14.839697337449289,11242.341618015877,1340.4848033177952,8.386772897529521,2.0108193374436656,306.52671988501515,0.0,0.044444444444444446,0.0,4.063159227454636,26.333333333333332,0.756578947368421,1906.793522996539,33,32.19017839431763,0.25,0.25
paper,50,1500000.0,5,2,exclude,launch,0,0.0,prior,0.0,sa,12600.0,43200.0,1601996.5331721671,0,1409354.1973040614,192642.3358681058,0,8,0.9062146770960479,8,3.8096389299675635,12.621040922832067,10166.349375531827,1581.2976272820456,6.429118212872979,2.004246792003357,302.55348577471005,0.0,0.007194244604316547,0.0,1.6246222197126312,8.42512077294686,0.7995867768595041,949.7892219116588,207,32.33566212654114,0.25,0.25
paper,50,1500000.0,3,5,exclude,launch,0,0.0,prior,0.0,sa,12600.0,43200.0,327013.8918792026,0,223743.5684075093,103270.32347169335,0,0,0.0,0,3.5254081937671002,7.473859945035136,11012.870510726412,2664.88119352178,4.132593429492565,2.0083397502549376,305.0247155832568,0.0,0.0,0.0,2.7295912714982724,14.11111111111111,0.7321063394683026,1571.1884253465455,72,20.01727819442749,0.25,0.25
paper,50,1500000.0,4,1,exclude,launch,0,0.0,prior,0.0,sa,12600.0,43200.0,477205.6278585441,0,403864.8570895849,73340.7707689592,0,1,0.4697002258884843,1,3.4555220467155374,9.268494403650937,11242.341618015877,2151.025262741663,5.226503757415924,2.006343495369773,303.81816920191574,0.0,0.005681818181818182,0.0,2.0484913338395883,10.610687022900763,0.8337078651685393,1183.2005068050469,131,35.508116483688354,0.25,0.25
paper,50,1500000.0,1,7,exclude,launch,0,0.0,prior,0.0,sa,12600.0,43200.0,1081532.1662584757,0,598618.6084894195,482913.5577690563,0,0,0.0,0,3.7071211429547946,14.096545357472891,10456.710600358469,1403.3610274100415,7.4511906744743674,2.0219848005452183,313.33587976363486,0.0,0.0,0.0,7.887066483209266,46.0,0.5040983606557377,4132.78854560825,9,8.061346769332886,0.25,0.25
paper,50,1500000.0,5,3,exclude,launch,0,0.0,prior,0.0,sa,12600.0,43200.0,1598406.366204476,0,1362524.490681216,235881.87552326,0,7,0.8930639100664788,9,3.373230566753348,8.651083439682788,11524.735425511995,2305.849236112645,4.998043777112317,2.0052040920494925,303.13058000191336,0.0,0.0,0.0,1.6332559796193908,7.819512195121951,0.7662337662337663,1024.9801458420015,205,36.80043125152588,0.25,0.25
paper,50,1500000.0,2,6,exclude,launch,0,0.0,prior,0.0,sa,12600.0,43200.0,493091.6197667503,0,319561.5921039275,173530.02766282283,0,0,0.0,0,3.4790451084641374,8.103682373967171,11164.074361290792,2453.264397430725,4.550701658159143,2.0120243144207626,307.25796389364433,0.0,0.022222222222222223,0.0,4.035381796686635,23.151515151515152,0.7483731019522777,2155.2510878599583,33,14.927351236343384,0.25,0.25
paper,50,1500000.0,6,2,exclude,launch,0,0.0,prior,0.0,sa,12600.0,43200.0,2340782.7079848484,0,2078813.7586519802,261968.94933286845,0,13,0.9624784112648838,13,3.8096389299675635,11.510045271788401,10166.349375531827,1734.6040058870867,5.8609050486613485,2.0034689427253616,302.0849757043063,0.0,0.0,0.0,1.3395189101876799,7.063545150501672,0.7719665271966527,772.696843131648,299,38.49602222442627,0.25,0.25
paper,50,1500000.0,1,8,exclude,launch,0,0.0,prior,0.0,sa,12600.0,43200.0,1220777.870784865,0,680792.3571591511,539985.5136257139,0,0,0.0,0,3.4498362633080637,9.20392686283561,11261.419851168188,2149.626772122906,5.238779120733946,2.0217328607003733,313.18141159049037,0.0,0.08333333333333333,0.0,7.943236002845674,43.44444444444444,0.5,4407.057666722567,9,7.186870336532593,0.25,0.25
paper,50,1500000.0,4,5,exclude,launch,0,0.0,prior,0.0,sa,12600.0,43200.0,391108.03713942145,0,302739.4191430336,88368.61799638785,0,2,0.32898283764638997,2,3.5254081937671002,6.410828206492403,11012.870510726412,3108.9164620181605,3.5423500905448524,2.0069511408701306,304.1851800298971,0.0,0.005681818181818182,0.0,2.042610964783453,9.090909090909092,0.7377049180327869,1374.0914122068584,132,25.216421365737915,0.25,0.25
paper,50,1500000.0,2,5,exclude,launch,0,0.0,prior,0.0,sa,12600.0,43200.0,477103.5317702082,0,297976.6079221869,179126.92384802125,0,0,0.0,0,3.5254081937671002,8.874001932981267,11012.870510726412,2241.2819893996148,4.913647886706346,2.011147720793857,306.7259139799836,0.0,0.044444444444444446,0.0,4.052154970733446,23.515151515151516,0.6828282828282828,2130.442786650714,33,30.313162088394165,0.25,0.25
paper,50,1500000.0,2,7,exclude,launch,0,0.0,prior,0.0,sa,12600.0,43200.0,474006.54733401333,0,294347.6119385803,179658.93539543304,0,0,0.0,0,3.7071211429547946,10.406298727989588,10456.710600358469,1910.5090984651395,5.473258729183314,2.0119379949302276,307.20555167502295,0.0,0.08888888888888889,0.0,4.06157387035691,24.575757575757574,0.7266949152542372,2038.934340372426,33,16.914918184280396,0.25,0.25
paper,50,1500000.0,1,9,exclude,launch,0,0.0,prior,0.0,sa,12600.0,43200.0,1246174.5847186034,0,708824.9171011458,537349.6676174576,0,0,0.0,0,3.2333094937769142,5.970409903140384,12037.891901054898,3311.3025806902033,3.6353947148332595,2.0232845944191737,314.1334083526838,0.0,0.16666666666666666,0.0,7.970250708995709,42.44444444444444,0.4865979381443299,4526.230265328317,9,7.054234027862549,0.25,0.25
paper,50,1500000.0,5,5,exclude,launch,0,0.0,prior,0.0,sa,12600.0,43200.0,1020149.9100395011,0,825881.4886529767,194268.4213865245,0,7,0.7573734794827004,10,3.5254081937671002,5.558959714429049,11012.870510726412,3586.4527540839504,3.0706860694556433,2.0063253039005886,303.8071851811837,0.0,0.0,0.0,1.6292521108270217,5.728155339805825,0.6787878787878788,1394.875938888384,206,28.988457202911377,0.25,0.25
paper,50,1500000.0,3,6,exclude,launch,0,0.0,prior,0.0,sa,12600.0,43200.0,324458.2138213248,0,227878.39833774936,96579.81548357548,0,0,0.0,0,3.4790451084641374,6.835478640587755,11164.074361290792,2913.0608696626123,3.83242055720717,2.0088222094514316,305.3166750847405,0.0,0.01,0.0,2.7078694238293237,14.662162162162161,0.8269662921348314,1530.047838821383,74,21.63465690612793,0.25,0.25
paper,50,1500000.0,6,1,exclude,launch,0,0.0,prior,0.0,sa,12600.0,43200.0,2348609.6395183383,0,2042936.8112078793,305672.8283104591,0,13,0.9475546877193065,17,3.4555220467155374,6.761306366541576,11242.341618015877,2951.2881766197847,3.8092998532227815,2.0045539920565103,302.7386168870014,0.0,0.0,0.0,1.3521171759077304,5.222222222222222,0.6681715575620768,1063.9160330073182,297,48.15012884140015,0.25,0.25
paper,50,1500000.0,2,8,exclude,launch,0,0.0,prior,0.0,sa,12600.0,43200.0,565151.6480504252,0,340904.1017181624,224247.54633226283,0,0,0.0,0,3.4498362633080637,11.907376428589712,11261.419851168188,1669.9851123826897,6.743425296229556,2.0115522072104257,306.9713603736853,0.0,0.022222222222222223,0.0,4.048385646832276,21.90909090909091,0.7158119658119658,2293.306736165988,33,16.41961431503296,0.25,0.25
paper,50,1500000.0,4,6,exclude,launch,0,0.0,prior,0.0,sa,12600.0,43200.0,635709.6203453845,0,517378.01897127106,118331.60137411344,0,3,0.6054844265313488,3,3.4790451084641374,6.31150631019024,11164.074361290792,3157.412737777022,3.5358298988655075,2.0072229497982903,304.34942118011054,0.0,0.0,0.0,2.0417921673416277,9.469696969696969,0.8374164810690423,1318.2222065433202,132,24.621559858322144,0.25,0.25
paper,50,1500000.0,4,7,exclude,launch,0,0.0,prior,0.0,sa,12600.0,43200.0,654514.8583645447,0,524164.6593771891,130350.19898735563,0,3,0.5240281822695295,3,3.7071211429547946,6.407298643563923,10456.710600358469,3109.8556382208376,3.3624424464734317,2.007450269008035,304.4868133573084,0.0,0.0,0.0,2.068336680740204,8.19083969465649,0.7425531914893617,1547.9244592238138,131,21.437201023101807,0.25,0.25
paper,50,1500000.0,1,10,exclude,launch,0,0.0,prior,0.0,sa,12600.0,43200.0,966922.6169676828,0,562994.4076971132,403928.2092705698,0,0,0.0,0,3.042357676127872,6.45421167896261,12814.364688455338,3065.046313306072,4.180806219085574,2.02199345412656,313.34118608326116,0.0,0.08333333333333333,0.0,7.893372381914313,44.666666666666664,0.5031847133757962,4259.558266101184,9,7.357455253601074,0.25,0.25
paper,50,1500000.0,2,9,exclude,launch,0,0.0,prior,0.0,sa,12600.0,43200.0,655079.5964324826,0,386259.7323734213,268819.8640590613,0,0,0.0,0,3.2333094937769142,5.9076724055745435,12037.891901054898,3363.7109481327834,3.57875337288931,2.012912597938136,307.79757931853516,0.0,0.022222222222222223,0.0,4.0493571857168025,20.666666666666668,0.7205882352941176,2420.8105282045976,33,13.62718415260315,0.25,0.25
paper,50,1500000.0,5,6,exclude,launch,0,0.0,prior,0.0,sa,12600.0,43200.0,1179452.9674659106,0,976925.5936035108,202527.3738623997,0,6,0.753365877295117,9,3.4790451084641374,4.954310604813354,11164.074361290792,4021.8228753546273,2.775874201149744,2.0074919879982938,304.5120317642261,0.0,0.003663003663003663,0.0,1.64127404334116,5.571428571428571,0.7676991150442478,1450.2408433211526,203,26.629788875579834,0.25,0.25
paper,50,1500000.0,5,7,exclude,launch,0,0.0,prior,0.0,sa,12600.0,43200.0,2259795.7643993497,0,1950916.9775822856,308878.786817064,0,16,0.9268514174647335,19,3.7071211429547946,6.022797665773011,10456.710600358469,3312.4437862366913,3.156796394192841,2.0049945714260664,303.0042265787591,0.0,0.0,0.0,1.629168238705377,5.966019417475728,0.6103896103896104,1332.946713713515,206,26.652759075164795,0.25,0.25
paper,50,1500000.0,4,8,exclude,launch,0,0.0,prior,0.0,sa,12600.0,43200.0,504059.90982356586,0,419628.2732004022,84431.63662316365,0,2,0.42627990942538735,2,3.4498362633080637,7.317219073347468,11261.419851168188,2723.868716911377,4.134347511409298,2.006909374682862,304.1599466472695,0.0,0.005649717514124294,0.0,2.0407295211233905,9.06766917293233,0.7782608695652173,1379.6825870777668,133,22.388330698013306,0.25,0.25
paper,50,1500000.0,1,11,exclude,launch,0,0.0,prior,0.0,sa,12600.0,43200.0,1157908.4607976126,0,627650.0990765438,530258.3617210686,0,0,0.0,0,3.8567075801370634,10.06927535081481,10038.207461205837,1966.1255554134605,5.105578040815853,2.020461252347019,312.4023502624938,0.0,0.08333333333333333,0.0,7.897952266016998,45.44444444444444,0.5287846481876333,4189.085468133459,9,7.662708282470703,0.25,0.25
paper,50,1500000.0,3,9,exclude,launch,0,0.0,prior,0.0,sa,12600.0,43200.0,537212.5795238165,0,327448.0478393088,209764.53168450773,0,0,0.0,0,3.2333094937769142,4.6549073842012145,12037.891901054898,4273.870223675414,2.816625510613336,2.0106089718760862,306.399148210932,0.0,0.0,0.0,2.712636049216755,11.626666666666667,0.7161016949152542,1920.5857688589585,75,18.325100421905518,0.25,0.25
paper,50,1500000.0,2,10,exclude,launch,0,0.0,prior,0.0,sa,12600.0,43200.0,494767.5411341276,0,301357.8220224226,193409.71911170494,0,0,0.0,0,3.042357676127872,5.907485150382984,12814.364688455338,3364.725569727197,3.8084427460437116,2.012369396935193,307.4675387552778,0.0,0.022222222222222223,0.0,4.04670458899508,22.242424242424242,0.7124183006535948,2249.9922984527143,33,15.738108158111572,0.25,0.25
paper,50,1500000.0,5,8,exclude,launch,0,0.0,prior,0.0,sa,12600.0,43200.0,1472649.826948495,0,1347424.5145381473,125225.31241034777,0,7,0.866866690838597,7,3.4498362633080637,6.833874948973953,11261.419851168188,2918.2359809109334,3.858981907163283,2.005730395292476,303.44808840454806,0.0,0.0,0.0,1.6210800950400566,6.48792270531401,0.7850877192982456,1221.5547317444548,207,26.01943063735962,0.25,0.25
paper,50,1500000.0,3,7,exclude,launch,0,0.0,prior,0.0,sa,12600.0,43200.0,332315.60235453054,0,220322.3667284655,111993.23562606503,0,0,0.0,0,3.7071211429547946,8.254851059300124,10456.710600358469,2412.2467762839874,4.334842812586032,2.008764454604652,305.28171746214616,0.0,0.020202020202020204,0.0,2.7305430343613595,15.178082191780822,0.7803837953091685,1492.5813415324208,73,34.10472011566162,0.25,0.25
paper,50,1500000.0,6,8,exclude,launch,0,0.0,prior,0.0,sa,12600.0,43200.0,2722652.1191956024,0,2480727.553573309,241924.5656222934,0,13,0.9478863570899086,16,3.4498362633080637,6.480932919714737,11261.419851168188,3078.45591404937,3.6581390689318103,2.0048852763603646,302.9383255937539,0.0,0.0,0.0,1.3605020042383444,4.758389261744966,0.7439293598233996,1162.8855820353278,298,28.419782876968384,0.25,0.25
paper,50,1500000.0,6,3,exclude,launch,0,0.0,prior,0.0,sa,12600.0,43200.0,2293397.3898252826,0,1941730.2827944823,351667.10703080037,0,11,0.9509130194038382,12,3.373230566753348,8.052180564202823,11524.735425511995,2478.361675788054,4.650142688252888,2.0043880346630383,302.6385972522841,0.0,0.0,0.0,1.3589351419698945,6.1925675675675675,0.6842105263157895,899.4606093380245,296,66.14542245864868,0.25,0.25
paper,50,1500000.0,5,9,exclude,launch,0,0.0,prior,0.0,sa,12600.0,43200.0,3329666.353942219,0,2753514.7221388696,576151.6318033496,0,19,0.9545619998665061,19,3.2333094937769142,4.527390284156304,12037.891901054898,4404.267228038304,2.7332337657487398,2.006034487040805,303.6316167346368,0.0,0.0035714285714285713,0.0,1.6039243112495216,4.809523809523809,0.4585987261146497,1626.6657561125908,210,22.531286001205444,0.25,0.25
paper,50,1500000.0,4,10,exclude,launch,0,0.0,prior,0.0,sa,12600.0,43200.0,695381.7065905367,0,607879.5597009097,87502.14688962708,0,3,0.6340280701884712,3,3.042357676127872,5.059314067762583,12814.364688455338,3937.297288392191,3.2546093804585756,2.008029753542461,304.8371952080625,0.0,0.0,0.0,2.034987200044088,8.496240601503759,0.7964601769911505,1471.1674807064755,133,19.73841404914856,0.25,0.25
paper,50,1500000.0,1,12,exclude,launch,0,0.0,prior,0.0,sa,12600.0,43200.0,1005087.3803553152,0,578990.6934915691,426096.686863746,0,0,0.0,0,3.6368106112462493,15.416919879784844,10665.314733823769,1283.289000210445,8.31092196073899,2.0217986592269197,313.2217499993793,0.0,0.08333333333333333,0.0,7.851358291772071,44.888888888888886,0.515695067264574,4215.911212720151,9,10.39443302154541,0.25,0.25
paper,50,1500000.0,3,10,exclude,launch,0,0.0,prior,0.0,sa,12600.0,43200.0,363817.34440222365,0,238984.50449296704,124832.8399092566,0,0,0.0,0,3.042357676127872,5.364113216508812,12814.364688455338,3710.5234236047727,3.453519416407884,2.0096798504225806,305.8360201048093,0.0,0.0,0.0,2.7180632052087894,13.219178082191782,0.7765486725663717,1685.7326245185475,73,22.16064214706421,0.25,0.25
paper,50,1500000.0,6,6,exclude,launch,0,0.0,prior,0.0,sa,12600.0,43200.0,3541803.21286762,0,3070853.022740126,470950.190127494,0,18,0.9805653086040945,19,3.4790451084641374,6.292095506499312,11164.074361290792,3171.2298674368117,3.5204241975414736,2.0046426321602056,302.792045506136,0.0,0.0,0.0,1.3432146265409084,5.43,0.6167800453514739,996.4791343605608,300,41.90771508216858,0.25,0.25
paper,50,1500000.0,2,11,exclude,launch,0,0.0,prior,0.0,sa,12600.0,43200.0,515638.0426771475,0,327004.08569316193,188633.95698398552,0,0,0.0,0,3.8567075801370634,8.204411195602379,10038.207461205837,2424.0790014896,4.141039733043908,2.011248824284082,306.7872553847813,0.0,0.0,0.0,4.053697297942457,23.09090909090909,0.709051724137931,2173.241429542508,33,18.509456634521484,0.25,0.25
paper,50,1500000.0,3,11,exclude,launch,0,0.0,prior,0.0,sa,12600.0,43200.0,341038.451155497,0,237354.1377286475,103684.31342684949,0,0,0.0,0,3.8567075801370634,7.219143218652822,10038.207461205837,2758.974532240527,3.6383835167387137,2.0082909999601424,304.9952221801872,0.0,0.010101010101010102,0.0,2.7248612694996166,14.51388888888889,0.8070175438596491,1532.0664002401584,72,20.110567808151245,0.25,0.25
paper,50,3000000.0,3,1,exclude,launch,0,0.0,prior,0.0,sa,12600.0,43200.0,498822.7814990183,0,305243.95951788244,193578.82198113584,0,0,0.0,0,6.911044093431075,19.6909348178306,11242.341618015877,2024.100425400482,5.554241023288903,2.007204381343147,304.3381997390496,0.0,0.08771929824561403,0.0,4.959097029056699,22.26829268292683,0.7680525164113785,1885.794738400249,41,8.757396936416626,0.25,0.25
paper,50,1500000.0,4,9,exclude,launch,0,0.0,prior,0.0,sa,12600.0,43200.0,1790831.7207600472,0,1400305.3945970028,390526.3261630444,0,8,0.7883032304808747,10,3.2333094937769142,4.304761371580482,12037.891901054898,4626.844616219547,2.6017497667537173,2.0082880061617865,304.99341101091323,0.0,0.011299435028248588,0.0,2.031321018943788,6.545454545454546,0.5626326963906582,1906.0167719408307,132,32.240819454193115,0.25,0.25
paper,50,1500000.0,4,11,exclude,launch,0,0.0,prior,0.0,sa,12600.0,43200.0,502994.27761745814,0,404697.05522778316,98297.22238967495,0,2,0.43121900550510445,2,3.8567075801370634,6.03294325874051,10038.207461205837,3303.3101057647123,3.038832909961387,2.0071572785740552,304.3097351354091,0.0,0.0,0.0,2.0474595966220774,9.151515151515152,0.8013100436681223,1363.2298422752363,132,21.266656160354614,0.25,0.25
paper,50,1500000.0,2,12,exclude,launch,0,0.0,prior,0.0,sa,12600.0,43200.0,476962.34367963416,0,308102.4109826201,168859.93269701407,0,0,0.0,0,3.6368106112462493,15.857826310753131,10665.314733823769,1254.0171371395008,8.504919444842743,2.0114667735170055,306.9195101786703,0.0,0.043478260869565216,0.0,4.02910422752699,23.029411764705884,0.7172413793103448,2134.3022882639143,34,15.550309181213379,0.25,0.25
paper,50,1500000.0,5,10,exclude,launch,0,0.0,prior,0.0,sa,12600.0,43200.0,2023251.7837327619,0,1746872.274255008,276379.50947775383,0,13,0.9132008259745419,13,3.042357676127872,4.6857820206149565,12814.364688455338,4253.886186642589,3.0123901125265347,2.006744325416225,304.06024102733096,0.0,0.0,0.0,1.6155155845325302,5.488038277511961,0.7053571428571429,1442.7177627130354,209,26.33611822128296,0.25,0.25
paper,50,1500000.0,3,8,exclude,launch,0,0.0,prior,0.0,sa,12600.0,43200.0,371503.5290078933,0,263370.89256810147,108132.63643979187,0,0,0.0,0,3.4498362633080637,9.063524817834939,11261.419851168188,2197.402177676013,5.124878807155065,2.0084143349916377,305.0698413049881,0.0,0.010101010101010102,0.0,2.7386994531601845,13.534246575342467,0.7824175824175824,1677.9454300792465,73,41.2357497215271,0.25,0.25
paper,50,1500000.0,6,5,exclude,launch,0,0.0,prior,0.0,sa,12600.0,43200.0,2344852.799426318,0,2034087.810421648,310764.98900467,0,19,0.9617317597120874,23,3.5254081937671002,5.586290674599207,11012.870510726412,3571.744876946047,3.0833306661428628,2.004730653322848,302.84510571796716,0.0,0.0,0.0,1.338272394341251,4.91,0.5376782077393075,1116.8178341647774,300,59.18432307243347,0.25,0.25
paper,50,1500000.0,5,11,exclude,launch,0,0.0,prior,0.0,sa,12600.0,43200.0,1120489.9133638102,0,990298.79726595,130191.11609786018,0,6,0.7776239917009824,7,3.8567075801370634,5.450735476982612,10038.207461205837,3656.96230109231,2.7449578734261197,2.006709014943304,304.0389122304351,0.0,0.0036231884057971015,0.0,1.6312660833527437,5.893203883495145,0.7755555555555556,1353.7564309468112,206,25.0481219291687,0.25,0.25
paper,50,1500000.0,6,7,exclude,launch,0,0.0,prior,0.0,sa,12600.0,43200.0,3752511.1712372284,0,3259474.423273222,493036.7479640059,0,25,0.984241726824424,25,3.7071211429547946,6.058687581385128,10456.710600358469,3294.878373887238,3.173625674085757,2.0037431237966636,302.25007757072524,0.0,0.0,0.0,1.3202559416253687,4.504918032786885,0.4829059829059829,1202.8294536499363,305,47.3250629901886,0.25,0.25
paper,50,1500000.0,3,12,exclude,launch,0,0.0,prior,0.0,sa,12600.0,43200.0,328609.01574520755,0,225862.24105850927,102746.77468669825,0,0,0.0,0,3.6368106112462493,11.392273205324985,10665.314733823769,1748.4137926372941,6.099994622975542,2.008192662782002,304.9357335862388,0.0,0.02,0.0,2.716011369761518,13.933333333333334,0.7592592592592593,1608.7309469726627,75,23.204294681549072,0.25,0.25
paper,50,1500000.0,4,12,exclude,launch,0,0.0,prior,0.0,sa,12600.0,43200.0,547465.4864881997,0,402373.6312454768,145091.85524272296,0,2,0.39608554794191875,3,3.6368106112462493,7.17904129004689,10665.314733823769,2775.981881912933,3.841997241881955,2.007136519344183,304.2971905790147,0.0,0.0,0.0,2.048811554241097,8.454545454545455,0.7009345794392523,1487.1615076259702,132,24.13425874710083,0.25,0.25
paper,50,3000000.0,3,2,exclude,launch,0,0.0,prior,0.0,sa,12600.0,43200.0,591608.8180401254,0,326094.42639888654,265514.39164123894,0,0,0.0,0,7.619277859935127,24.47098066149445,10166.349375531827,1628.693988163869,6.242025481406119,2.007239153780674,304.3592138726426,0.0,0.06896551724137931,0.034482758620689655,4.968821323929626,21.658536585365855,0.7188755020080321,1867.9648770445933,41,11.890114307403564,0.25,0.25
paper,50,1500000.0,6,11,exclude,launch,0,0.0,prior,0.0,sa,12600.0,43200.0,2490831.945681214,0,2176184.8515597116,314647.0941215027,0,14,0.9464249147533457,15,3.8567075801370634,5.498935069098013,10038.207461205837,3627.20719670366,2.7674756132840654,2.00543705502681,303.27110148629527,0.0,0.0,0.0,1.354230548755373,4.604026845637584,0.6776315789473685,1202.3710780044817,298,30.346455097198486,0.25,0.25
paper,50,1500000.0,5,12,exclude,launch,0,0.0,prior,0.0,sa,12600.0,43200.0,2270701.313609875,0,2012287.4044599542,258413.90914992068,0,14,0.9429350178252608,16,3.6368106112462493,7.656906133843631,10665.314733823769,2605.9519219083536,4.092675173382898,2.0046578972615428,302.80124715899535,0.0,0.0,0.0,1.6184300631036048,6.615384615384615,0.6109785202863962,1198.2429995962918,208,31.047349214553833,0.25,0.25
paper,50,3000000.0,4,1,exclude,launch,0,0.0,prior,0.0,sa,12600.0,43200.0,339893.4576420501,0,227824.73775423708,112068.719887813,0,0,0.0,0,6.911044093431075,14.852645269924803,11242.341618015877,2685.205585629715,4.186771276724945,2.005897034381661,303.5486531333462,0.0,0.04,0.0,3.617299196003869,17.17808219178082,0.8183856502242153,1289.7218938527972,73,29.283525466918945,0.25,0.25
paper,50,3000000.0,5,1,exclude,launch,0,0.0,prior,0.0,sa,12600.0,43200.0,252990.76109601246,0,176841.02850375496,76149.73259225748,0,0,0.0,0,6.911044093431075,16.237846139353852,11242.341618015877,2457.4380767246253,4.574821935289671,2.004836598784672,302.9089770771444,0.0,0.04054054054054054,0.006756756756756757,3.0868334530427504,14.50925925925926,0.8351893095768375,1076.2072154842106,108,27.978394508361816,0.25,0.25
paper,50,3000000.0,4,2,exclude,launch,0,0.0,prior,0.0,sa,12600.0,43200.0,354196.6797072742,0,236345.01168849997,117851.6680187742,0,0,0.0,0,7.619277859935127,24.22362115900887,10166.349375531827,1646.7950454273443,6.173415085113796,2.00544783378663,303.2776039398682,0.0,0.052083333333333336,0.0,3.8643357886183414,17.450704225352112,0.8241308793456033,1381.72249074719,71,22.0613214969635,0.25,0.25
paper,50,3000000.0,3,3,exclude,launch,0,0.0,prior,0.0,sa,12600.0,43200.0,545494.0124927936,0,330085.20635081513,215408.80614197848,0,0,0.0,0,6.746461133506696,16.196297714037573,11524.735425511995,2459.886744461001,4.685067494047269,2.007978801349659,304.80637919108887,0.0,0.05263157894736842,0.0,4.8338451957753925,21.121951219512194,0.7082452431289641,1956.7616883571015,41,15.343327283859253,0.25,0.25
paper,50,3000000.0,4,3,exclude,launch,0,0.0,prior,0.0,sa,12600.0,43200.0,372164.0632733409,0,238587.9884617092,133576.07481163167,0,0,0.0,0,6.746461133506696,20.89813332854787,11524.735425511995,1908.2995276658557,6.039269652604548,2.006023186927639,303.624795790813,0.0,0.021052631578947368,0.010526315789473684,3.8324507850498195,17.422535211267604,0.7834394904458599,1339.501357975759,71,19.174270391464233,0.25,0.25
paper,50,3000000.0,8,1,exclude,launch,0,0.0,prior,0.0,sa,12600.0,43200.0,413020.7524569822,0,344746.8163093586,68273.93614762368,0,1,0.6270046318156863,1,6.911044093431075,12.092645931957787,11242.341618015877,3301.602351107709,3.405116795559586,2.003751612117607,302.25518964860856,0.0,0.002785515320334262,0.0,2.0102198196643983,7.713754646840148,0.8702460850111857,801.6141529163333,269,37.9586021900177,0.25,0.25
paper,50,3000000.0,5,2,exclude,launch,0,0.0,prior,0.0,sa,12600.0,43200.0,292222.40221073397,0,196199.14888174238,96023.25332899159,0,0,0.0,0,7.619277859935127,24.414557673066234,10166.349375531827,1634.618658819662,6.2194012778936605,2.0045859152923935,302.75785836115676,0.0,0.0136986301369863,0.0,3.1423704542232542,13.99056603773585,0.8282208588957055,1105.4362426552218,106,33.6077823638916,0.25,0.25
paper,50,3000000.0,6,1,exclude,launch,0,0.0,prior,0.0,sa,12600.0,43200.0,201317.7050144839,0,153149.85368404177,48167.85133044215,0,0,0.0,0,6.911044093431075,13.816535507057848,11242.341618015877,2888.7833576645903,3.8917219556071667,2.004360595042179,302.6220614620438,0.0,0.024271844660194174,0.0,2.629365463648195,11.638157894736842,0.8769574944071589,935.0636941409404,152,40.178611516952515,0.25,0.25
paper,50,3000000.0,8,2,exclude,launch,0,0.0,prior,0.0,sa,12600.0,43200.0,456314.5437688358,0,404036.7556324029,52277.78813643286,0,2,0.6217432226290553,2,7.619277859935127,14.805814068123407,10166.349375531827,2697.1803849480293,3.769250819213457,2.0033078976730385,301.9880212599278,0.0,0.002785515320334262,0.0,2.017342812528096,7.447761194029851,0.860125260960334,830.5766712370958,268,39.03981947898865,0.25,0.25
paper,50,3000000.0,7,2,exclude,launch,0,0.0,prior,0.0,sa,12600.0,43200.0,210400.98157493223,0,150081.8918506832,60319.08972424905,0,0,0.0,0,7.619277859935127,18.02305252756069,10166.349375531827,2215.395552152146,4.588954494223718,2.0035969370766775,302.1620436329064,0.0,0.011029411764705883,0.0,2.3332100885090634,9.252475247524753,0.8682008368200836,890.0040767489756,202,39.51933741569519,0.25,0.25
paper,50,3000000.0,5,3,exclude,launch,0,0.0,prior,0.0,sa,12600.0,43200.0,272029.56814361596,0,195810.18960453954,76219.37853907641,0,0,0.0,0,6.746461133506696,15.9595144635814,11524.735425511995,2499.870640306606,4.6101327163466745,2.0051772854859307,303.11441257705906,0.0,0.013888888888888888,0.0,3.1955337932818266,14.490384615384615,0.8129032258064516,1075.7938174994156,104,28.286714792251587,0.25,0.25
paper,50,3000000.0,9,1,exclude,launch,0,0.0,prior,0.0,sa,12600.0,43200.0,670978.4441187099,0,618413.1470986167,52565.29702009321,0,3,0.8129177093803804,3,6.911044093431075,12.896941802646596,11242.341618015877,3096.368735639423,3.6308148601992167,2.0033211366778034,301.9959909913319,0.0,0.004424778761061947,0.0,1.7913996811770052,6.767857142857143,0.871331828442438,727.2505470378553,336,46.312143087387085,0.25,0.25
paper,50,3000000.0,3,4,exclude,launch,0,0.0,prior,0.0,sa,12600.0,43200.0,605464.9880568394,0,344035.3140381459,261429.67401869365,0,0,0.0,0,6.386339635625761,10.10135858050008,12193.404135141634,3942.1513744088725,3.0930836939182837,2.0089859625989703,305.41580181653137,0.0,0.08620689655172414,0.017241379310344827,4.88445411948272,20.428571428571427,0.7297830374753451,2019.1409029478943,42,13.152762174606323,0.25,0.25
paper,50,3000000.0,9,2,exclude,launch,0,0.0,prior,0.0,sa,12600.0,43200.0,1216915.9367318621,0,1081000.874790048,135915.0619418143,0,6,0.8991786092307138,7,7.619277859935127,14.628231384795312,10166.349375531827,2730.4475029858604,3.7233271705149034,2.002923373935138,301.7565881956322,0.0,0.00437636761487965,0.00437636761487965,1.7699308272730534,6.676470588235294,0.8503118503118503,714.6587866460662,340,43.05092167854309,0.25,0.25
paper,50,3000000.0,10,1,exclude,launch,0,0.0,prior,0.0,sa,12600.0,43200.0,1052640.5454742566,0,934308.1343484578,118332.41112579877,0,6,0.8992536695130131,7,6.911044093431075,12.26283525750043,11242.341618015877,3256.9120932107016,3.451840668789143,2.003055839594535,301.83630520340915,0.0,0.0017889087656529517,0.0,1.6158072274367916,5.601431980906921,0.8690744920993227,705.8623757537731,419,51.938215017318726,0.25,0.25
paper,50,3000000.0,4,4,exclude,launch,0,0.0,prior,0.0,sa,12600.0,43200.0,372471.99361525517,0,238533.9931310483,133938.0004842069,0,0,0.0,0,6.386339635625761,10.766421269878126,12193.404135141634,3702.6828690472485,3.293126785735006,2.0067907996090444,304.0883142532255,0.0,0.043010752688172046,0.0,3.9822486520404157,17.705882352941178,0.7908366533864541,1418.9912623150194,68,20.87209177017212,0.25,0.25
paper,50,3000000.0,7,3,exclude,launch,0,0.0,prior,0.0,sa,12600.0,43200.0,451395.2026458484,0,397549.3430787465,53845.859567101914,0,1,0.6026505820496754,1,6.746461133506696,15.42793766728221,11524.735425511995,2587.604031063938,4.453824962072502,2.003938053953243,302.3674848526274,0.0,0.0035587188612099642,0.0035587188612099642,2.245887245549224,9.37799043062201,0.8394004282655246,850.0331800553747,209,34.233426570892334,0.25,0.25
paper,50,3000000.0,6,3,exclude,launch,0,0.0,prior,0.0,sa,12600.0,43200.0,232434.8780022127,0,170334.08479022008,62100.7932119926,0,0,0.0,0,6.746461133506696,13.981243597805063,11524.735425511995,2854.348326803355,4.037606523804609,2.00464379393214,302.7927458059093,0.0,0.024509803921568627,0.0,2.637656367055612,11.04,0.838074398249453,983.2505066658974,150,35.794163942337036,0.25,0.25
paper,50,3000000.0,10,2,exclude,launch,0,0.0,prior,0.0,sa,12600.0,43200.0,1553784.5144305879,0,1373591.381985378,180193.13244520986,0,8,0.9376656856805238,8,7.619277859935127,16.19984374773127,10166.349375531827,2465.9909709798794,4.122622302827067,2.0025698772374048,301.54390762314756,0.0,0.001718213058419244,0.01718213058419244,1.5310892195763992,5.8631090487238975,0.826271186440678,646.2165449511117,431,53.84517788887024,0.25,0.25
paper,50,3000000.0,3,5,exclude,launch,0,0.0,prior,0.0,sa,12600.0,43200.0,422401.61657132243,0,276651.6298533795,145749.9867179429,0,0,0.0,0,7.0508163875342005,13.174789675690068,11012.870510726412,3024.8878445231194,3.6407533359183493,2.0074143273989926,304.46508811462945,0.0,0.09259259259259259,0.0,5.203401768615062,23.333333333333332,0.7425149700598802,1899.607769227816,39,12.47648572921753,0.25,0.25
paper,50,3000000.0,8,3,exclude,launch,0,0.0,prior,0.0,sa,12600.0,43200.0,439963.80901936395,0,391786.4611016232,48177.34791774081,0,1,0.6154340179689496,2,6.746461133506696,11.165557320996012,11524.735425511995,3575.064246020068,3.223644285089948,2.0041292696090887,302.48267702570445,0.0,0.0,0.0,2.038332069236084,7.650190114068441,0.8488120950323974,823.1052594306589,263,38.36687445640564,0.25,0.25
paper,50,1500000.0,6,12,exclude,launch,0,0.0,prior,0.0,sa,12600.0,43200.0,3503655.5283121103,0,3074969.986922716,428685.54138939467,0,21,0.9846658088384882,23,3.6368106112462493,7.973127730002667,10665.314733823769,2503.9683695715903,4.259364800062759,2.0035603625798677,302.1400204024308,0.0,0.0,0.0,1.3275606868175884,5.657894736842105,0.5515587529976019,952.9842336313109,304,71.89228367805481,0.25,0.25
paper,50,3000000.0,6,2,exclude,launch,0,0.0,prior,0.0,sa,12600.0,43200.0,246599.6570337055,0,175139.58493563542,71460.07209807012,0,0,0.0,0,7.619277859935127,18.9575162170648,10166.349375531827,2105.702562780007,4.828008264429298,2.0040637160403665,302.4431837606369,0.0,0.024154589371980676,0.004830917874396135,2.624546961809461,10.909090909090908,0.8526970954356846,996.6254459052341,154,65.57232308387756,0.25,0.25
paper,50,3000000.0,4,5,exclude,launch,0,0.0,prior,0.0,sa,12600.0,43200.0,357646.25667737395,0,225856.69812457726,131789.5585527967,0,0,0.0,0,7.0508163875342005,13.325263322172255,11012.870510726412,2992.786561782316,3.679804851892892,2.0060347039080804,303.6317476402257,0.0,0.04040404040404041,0.010101010101010102,3.6870588717544694,15.743243243243244,0.7751004016064257,1433.2157701547314,74,19.415579557418823,0.25,0.25
paper,50,3000000.0,5,4,exclude,launch,0,0.0,prior,0.0,sa,12600.0,43200.0,331329.839827923,0,221825.18516389912,109504.65466402391,0,0,0.0,0,6.386339635625761,8.262188443703103,12193.404135141634,4825.450108698201,2.526894664844259,2.006582688631216,303.962612715614,0.0,0.02097902097902098,0.013986013986013986,3.1188431941113164,11.607476635514018,0.819838056680162,1340.6731610986171,107,35.254990339279175,0.25,0.25
paper,50,3000000.0,6,4,exclude,launch,0,0.0,prior,0.0,sa,12600.0,43200.0,268188.0697395301,0,186857.38920026703,81330.68053926308,0,0,0.0,0,6.386339635625761,8.789353602631452,12193.404135141634,4537.9382745644125,2.686992064983972,2.0057392160722616,303.4534112236943,0.0,0.01990049751243781,0.0,2.6939205939753825,9.802721088435375,0.8128772635814889,1142.9848137968347,147,28.50638699531555,0.25,0.25
paper,50,3000000.0,11,2,exclude,launch,0,0.0,prior,0.0,sa,12600.0,43200.0,1665937.2127812211,0,1489781.0420463353,176156.1707348859,0,10,0.9497658412488812,11,7.619277859935127,15.087915818288339,10166.349375531827,2647.8692955265838,3.839445320321235,2.0024615745134646,301.4787625128043,0.0,0.0,0.009915014164305949,1.394774659573299,5.216318785578748,0.8392484342379958,600.1512487109918,527,67.10920882225037,0.25,0.25
paper,50,3000000.0,7,4,exclude,launch,0,0.0,prior,0.0,sa,12600.0,43200.0,462738.710241335,0,378828.2306914243,83910.47954991071,0,2,0.5001780753197488,2,6.386339635625761,7.907388371992656,12193.404135141634,5044.559311912528,2.417139611451766,2.005550881258669,303.33977244002585,0.0,0.0,0.003663003663003663,2.298106796343702,7.45320197044335,0.8521560574948666,1075.600698687898,203,31.036788940429688,0.25,0.25
paper,50,3000000.0,8,4,exclude,launch,0,0.0,prior,0.0,sa,12600.0,43200.0,923843.2059489024,0,750577.5160722067,173265.68987669586,0,4,0.7974382058683752,4,6.386339635625761,7.955058819941948,12193.404135141634,5015.447967129167,2.43116950171873,2.0051038119521167,303.07010184020277,0.0,0.0,0.0,2.049995169401375,6.171102661596958,0.7905544147843943,1020.3850031108917,263,31.46849536895752,0.25,0.25
paper,50,3000000.0,12,2,exclude,launch,0,0.0,prior,0.0,sa,12600.0,43200.0,2331701.5045618997,0,2060468.0395190788,271233.4650428211,0,13,0.9721195327911519,13,7.619277859935127,19.43423676359261,10166.349375531827,2056.086211712776,4.944515126660463,2.0020788463181383,301.2486042714874,0.0,0.0011248593925759281,0.03262092238470191,1.155539049529105,4.581845238095238,0.7953586497890295,536.4277265295683,672,65.47478413581848,0.25,0.25
paper,50,3000000.0,9,4,exclude,launch,0,0.0,prior,0.0,sa,12600.0,43200.0,1898632.273093954,0,1602607.8721793483,296024.40091460565,0,9,0.9231307671221827,12,6.386339635625761,7.451868355935586,12193.404135141634,5353.601834197551,2.277607583226125,2.005297188112296,303.18673092794694,0.0,0.0,0.0,1.7996951250326436,4.71044776119403,0.7321063394683026,1047.4820369990032,335,33.1874623298645,0.25,0.25
paper,50,3000000.0,7,1,exclude,launch,0,0.0,prior,0.0,sa,12600.0,43200.0,174638.1958215328,0,137386.32964821951,37251.86617331327,0,0,0.0,1,6.911044093431075,11.915051887018771,11242.341618015877,3350.2414672364366,3.3556809943283024,2.0040933146933053,302.46101538353685,0.0,0.007326007326007326,0.003663003663003663,2.318925717526146,9.620689655172415,0.8711111111111111,850.1462758998592,203,81.47583341598511,0.25,0.25
paper,50,3000000.0,10,3,exclude,launch,0,0.0,prior,0.0,sa,12600.0,43200.0,1524537.6403129238,0,1321228.13373511,203309.50657781385,0,7,0.931660435663521,9,6.746461133506696,12.232323920974043,11524.735425511995,3264.7082206180153,3.5300966110013783,2.0032568718813653,301.95730529315466,0.0,0.0,0.005226480836236934,1.569812437195938,5.5197215777262185,0.8021739130434783,693.3334616727507,431,50.176337242126465,0.25,0.25
paper,50,3000000.0,11,1,exclude,launch,0,0.0,prior,0.0,sa,12600.0,43200.0,2195756.210045704,0,1876159.0343878933,319597.17565781105,0,12,0.9670684345985182,12,6.911044093431075,13.629079647934233,11242.341618015877,2930.991696596024,3.835678426203811,2.0026675892598327,301.6026883656374,0.0,0.004098360655737705,0.03551912568306011,1.3154424933407671,4.5366300366300365,0.7319819819819819,666.3782608837327,546,82.1927764415741,0.25,0.25
paper,50,3000000.0,9,3,exclude,launch,0,0.0,prior,0.0,sa,12600.0,43200.0,1250358.9505008208,0,1071628.2019425477,178730.74855827316,0,5,0.9057913194668227,6,6.746461133506696,13.032661759540332,11524.735425511995,3064.040044875124,3.7612874690682085,2.0033758123256407,302.02890622804193,0.0,0.0,0.002188183807439825,1.7792726038133964,6.591176470588235,0.8286334056399133,726.3217857228789,340,60.73975467681885,0.25,0.25
paper,50,3000000.0,5,5,exclude,launch,0,0.0,prior,0.0,sa,12600.0,43200.0,264303.48167285504,0,180958.0997214714,83345.38195138362,0,0,0.0,0,7.0508163875342005,13.22960992090303,11012.870510726412,3016.005743292171,3.651475311418052,2.0049834111824874,302.9974970255965,0.0,0.006896551724137931,0.013793103448275862,3.065951525713672,12.706422018348624,0.7874493927125507,1211.9818280679249,109,28.203463554382324,0.25,0.25
paper,50,3000000.0,10,4,exclude,launch,0,0.0,prior,0.0,sa,12600.0,43200.0,2662070.5566819627,0,2289749.756793414,372320.7998885485,0,14,0.9628944029528562,15,6.386339635625761,7.879122973495827,12193.404135141634,5064.997325237674,2.4073860956223627,2.0046238259272746,302.78070948622667,0.0,0.0,0.0,1.6249174962675152,4.103365384615385,0.6918367346938775,969.9198272630726,416,38.276906967163086,0.25,0.25
paper,50,3000000.0,6,5,exclude,launch,0,0.0,prior,0.0,sa,12600.0,43200.0,206271.1101683346,0,149027.49529564052,57243.61487269406,0,0,0.0,0,7.0508163875342005,11.499330513633971,11012.870510726412,3470.5502302324244,3.173234726526023,2.0045601658222485,302.74233802704697,0.0,0.004878048780487805,0.00975609756097561,2.6351631751097586,10.675496688741722,0.8170731707317073,1006.241234919593,151,30.92454171180725,0.25,0.25
paper,50,3000000.0,4,6,exclude,launch,0,0.0,prior,0.0,sa,12600.0,43200.0,347692.13067727844,0,222448.43485566703,125243.69582161137,0,0,0.0,0,6.958090216928275,13.522840737297855,11164.074361290792,2948.7768219145764,3.7860018019411186,2.0062273632100025,303.74805194176616,0.0,0.041237113402061855,0.0,3.808583743483936,16.73611111111111,0.8134490238611713,1405.198068195548,72,20.71691393852234,0.25,0.25
paper,50,3000000.0,7,5,exclude,launch,0,0.0,prior,0.0,sa,12600.0,43200.0,184283.7941327984,0,139016.3253092168,45267.468823581585,0,0,0.0,0,7.0508163875342005,9.434113428010793,11012.870510726412,4230.2829000445045,2.603341377147744,2.004561946416784,302.7434112566031,0.0,0.010948905109489052,0.0,2.3052774795797957,8.305418719211822,0.8384458077709611,970.2451713412074,203,35.825366497039795,0.25,0.25
paper,50,3000000.0,3,6,exclude,launch,0,0.0,prior,0.0,sa,12600.0,43200.0,462635.259597885,0,281234.3900772668,181400.86952061817,0,0,0.0,0,6.958090216928275,14.706962784118126,11164.074361290792,2709.073133247368,4.120994086235099,2.0079193468432224,304.7704229222604,0.0,0.05454545454545454,0.0,5.021539152940724,23.35,0.7494600431965442,1758.1642163958818,40,30.001781702041626,0.25,0.25
paper,50,3000000.0,4,7,exclude,launch,0,0.0,prior,0.0,sa,12600.0,43200.0,335896.29558434646,0,218607.94888082342,117288.34670352303,0,0,0.0,0,7.414242285909589,14.314629370014156,10456.710600358469,2785.4276448125083,3.7540772670339195,2.006402210128557,303.8536225654932,0.0,0.0625,0.020833333333333332,3.779893299842073,16.943661971830984,0.7791666666666667,1413.6052315257778,71,20.008461952209473,0.25,0.25
paper,50,3000000.0,8,5,exclude,launch,0,0.0,prior,0.0,sa,12600.0,43200.0,276705.2918471445,0,228066.63873722643,48638.653109918036,0,2,0.47630753797436626,2,7.0508163875342005,9.92924484738714,11012.870510726412,4020.3602529877853,2.7392745469866906,2.0040511228795923,302.435597206731,0.0,0.0,0.0,2.0238774591847504,7.274074074074074,0.8207739307535642,849.1105349514454,270,38.353351354599,0.25,0.25
paper,50,3000000.0,9,5,exclude,launch,0,0.0,prior,0.0,sa,12600.0,43200.0,402618.68214217457,0,351362.23676932324,51256.44537285133,0,4,0.6664591779894322,4,7.0508163875342005,9.82526134467817,11012.870510726412,4063.3506075230243,2.7102929514221126,2.00383325015051,302.3043582323208,0.0,0.0,0.0,1.8011894395160342,5.865671641791045,0.8126272912423625,844.8434931178894,335,38.300045013427734,0.25,0.25
paper,50,3000000.0,3,7,exclude,launch,0,0.0,prior,0.0,sa,12600.0,43200.0,494211.39876465854,0,293883.613957737,200327.78480692155,0,0,0.0,0,7.414242285909589,17.048163783273857,10456.710600358469,2336.954149050546,4.474503962607398,2.007992962217436,304.8149435639645,0.0,0.16071428571428573,0.0,4.872683682305935,21.609756097560975,0.7341772151898734,1888.0066313924808,41,23.185285568237305,0.25,0.25
paper,50,3000000.0,10,5,exclude,launch,0,0.0,prior,0.0,sa,12600.0,43200.0,882892.5878377344,0,747607.692784009,135284.89505372528,0,7,0.8676724979523647,10,7.0508163875342005,9.486449416870345,11012.870510726412,4208.601419423992,2.6167530286661553,2.003772879853373,302.26799829874005,0.0,0.0,0.0,1.6129214236927845,4.762019230769231,0.7198364008179959,829.7241310489896,416,44.18215537071228,0.25,0.25
paper,50,3000000.0,6,6,exclude,launch,0,0.0,prior,0.0,sa,12600.0,43200.0,215173.6542138534,0,155870.07580529145,59303.57840856197,0,0,0.0,0,6.958090216928275,11.794098771228514,11164.074361290792,3383.534899612455,3.2995298386221785,2.0047238911860834,302.8410292560313,0.0,0.004901960784313725,0.004901960784313725,2.6869604741948647,10.88,0.8454746136865342,1013.6417775858171,150,34.87389945983887,0.25,0.25
paper,50,3000000.0,7,6,exclude,launch,0,0.0,prior,0.0,sa,12600.0,43200.0,205069.3167934858,0,152011.27099165358,53058.04580183222,0,0,0.0,1,6.958090216928275,8.980942228019822,11164.074361290792,4442.810553548237,2.5128405154198252,2.0049811294317843,302.99612115419546,0.0,0.0,0.0,2.3228184465802864,8.270935960591133,0.8710407239819005,984.0568507765356,203,32.781635999679565,0.25,0.25
paper,50,3000000.0,3,8,exclude,launch,0,0.0,prior,0.0,sa,12600.0,43200.0,489913.5654914635,0,314055.6151545504,175857.9503369131,0,0,0.0,0,6.899672526616127,16.67420444326262,11261.419851168188,2389.7310669777225,4.712421412929293,2.0076862070428128,304.629447559299,0.0,0.05263157894736842,0.0,5.00975756747167,20.926829268292682,0.7415254237288136,2011.4733420628256,41,13.235943078994751,0.25,0.25
paper,50,3000000.0,8,6,exclude,launch,0,0.0,prior,0.0,sa,12600.0,43200.0,533255.3552792163,0,454996.774995467,78258.58028374934,0,3,0.7242391716174207,3,6.958090216928275,10.828050864796182,11164.074361290792,3686.7237319313513,3.028183062537834,2.0040064049050974,302.4086583271375,0.0,0.0,0.0027624309392265192,2.003130684680934,7.417293233082707,0.8727272727272727,836.9955364963864,266,39.82899594306946,0.25,0.25
paper,50,3000000.0,9,6,exclude,launch,0,0.0,prior,0.0,sa,12600.0,43200.0,648280.1025237199,0,592072.5354866607,56207.567037059125,0,4,0.8016905235631016,5,6.958090216928275,10.67060238176929,11164.074361290792,3741.5844494030835,2.983782542465896,2.0037590551237217,302.25967222286,0.0,0.0,0.0,1.7985968411029192,6.281437125748503,0.8822222222222222,786.7803084750144,334,39.97080111503601,0.25,0.25
paper,50,3000000.0,10,6,exclude,launch,0,0.0,prior,0.0,sa,12600.0,43200.0,768933.6981652998,0,688775.886907536,80157.81125776384,0,5,0.8127906074961891,9,6.958090216928275,8.875731820893375,11164.074361290792,4496.721321397535,2.4827143074592652,2.0044251432300686,302.6609605058232,0.0,0.0,0.0,1.637795462217692,4.592682926829268,0.8463251670378619,876.74532955094,410,39.9762909412384,0.25,0.25
paper,50,3000000.0,11,5,exclude,launch,0,0.0,prior,0.0,sa,12600.0,43200.0,1744579.0947120949,0,1506862.4357478248,237716.65896427003,0,14,0.9553512516713715,18,7.0508163875342005,9.775913450728755,11012.870510726412,4085.216004171102,2.6957865874122717,2.0031691094675206,301.9044786569575,0.0,0.0,0.0,1.4471040944670435,4.133595284872299,0.6127049180327869,784.8606150139025,509,54.027868032455444,0.25,0.25
paper,50,3000000.0,7,7,exclude,launch,0,0.0,prior,0.0,sa,12600.0,43200.0,198282.70553067233,0,143499.29008205808,54783.41544861427,0,0,0.0,0,7.414242285909589,10.33431663448466,10456.710600358469,3861.5121391906414,2.707931562413826,2.0047065932911474,302.83060158081076,0.0,0.007326007326007326,0.0,2.3305483170743932,8.678217821782178,0.8435517970401691,935.1186539697719,202,34.37207889556885,0.25,0.25
paper,50,3000000.0,4,8,exclude,launch,0,0.0,prior,0.0,sa,12600.0,43200.0,334494.76694415265,0,227140.51838172713,107354.24856242549,0,0,0.0,0,6.899672526616127,17.59231833201,11261.419851168188,2267.0173186831275,4.967504993614146,2.00591291301724,303.5582365724489,0.0,0.06451612903225806,0.0,3.973156019349903,17.705882352941178,0.7987012987012987,1404.5985836146165,68,22.16059160232544,0.25,0.25
paper,50,3000000.0,11,3,exclude,launch,0,0.0,prior,0.0,sa,12600.0,43200.0,1834487.440515671,0,1573806.0966689757,260681.3438466952,0,9,0.9534768034003395,11,6.746461133506696,12.005769423527594,11524.735425511995,3326.535973789068,3.464485433591997,2.0031236770522676,301.8771334388586,0.0,0.0,0.015827338129496403,1.4166185488282734,4.8494208494208495,0.741304347826087,650.6205406861147,518,88.27483081817627,0.25,0.25
paper,50,3000000.0,8,7,exclude,launch,0,0.0,prior,0.0,sa,12600.0,43200.0,450319.3675681701,0,373953.62377021566,76365.74379795448,0,2,0.6262082979624831,3,7.414242285909589,9.668279314038129,10456.710600358469,4127.981147999161,2.5331294464430516,2.004486303840744,302.6978203810919,0.0,0.002840909090909091,0.0,2.04476191026999,6.765151515151516,0.8357894736842105,931.3538805506171,264,35.08906006813049,0.25,0.25
paper,50,3000000.0,5,6,exclude,launch,0,0.0,prior,0.0,sa,12600.0,43200.0,251436.17484551665,0,176794.75983889567,74641.41500662097,0,0,0.0,0,6.958090216928275,13.167077140113806,11164.074361290792,3030.0385559960027,3.6844661066106643,2.005175789609297,303.11351040500205,0.0,0.03496503496503497,0.0,3.2195487922325707,14.019047619047619,0.843956043956044,1147.888347069596,105,52.37180972099304,0.25,0.25
paper,50,3000000.0,11,6,exclude,launch,0,0.0,prior,0.0,sa,12600.0,43200.0,2358071.67990753,0,2084737.4897895858,273334.19011794415,0,13,0.970308308442684,14,6.958090216928275,11.001914087779374,11164.074361290792,3629.8301248806843,3.075646511600254,2.003251317595989,301.95396187742654,0.0,0.00141643059490085,0.025495750708215296,1.3697128707016513,4.402646502835538,0.7380410022779044,705.7666246879178,529,49.013081312179565,0.25,0.25
paper,50,3000000.0,5,8,exclude,launch,0,0.0,prior,0.0,sa,12600.0,43200.0,272632.34045822674,0,192543.10262364373,80089.23783458301,0,0,0.0,0,6.899672526616127,16.167542379224567,11261.419851168188,2467.9373214477123,4.563089894261231,2.0049883491700795,303.0004745902807,0.0,0.02097902097902098,0.0,3.178948151679306,13.276190476190477,0.8228941684665226,1187.5726892954415,105,27.482820749282837,0.25,0.25
paper,50,3000000.0,3,9,exclude,launch,0,0.0,prior,0.0,sa,12600.0,43200.0,514827.5134170776,0,324977.3121075669,189850.20130951065,0,0,0.0,0,6.4666189875538285,11.046999414555037,12037.891901054898,3605.8322433985745,3.3384503461283948,2.0083534105252965,305.0329801553992,0.0,0.11320754716981132,0.0,5.299403445949313,22.94736842105263,0.7572614107883817,1971.5320230684824,38,14.888426065444946,0.25,0.25
paper,50,3000000.0,5,7,exclude,launch,0,0.0,prior,0.0,sa,12600.0,43200.0,261852.23984558307,0,173680.46700306016,88171.77284252291,0,0,0.0,0,7.414242285909589,13.176489809630073,10456.710600358469,3027.6885825883865,3.45369423410745,2.0052986127965586,303.18759026720556,0.0,0.03496503496503497,0.0,3.188829282280983,14.245283018867925,0.84,1109.0898625532377,106,47.5133900642395,0.25,0.25
paper,50,3000000.0,9,7,exclude,launch,0,0.0,prior,0.0,sa,12600.0,43200.0,1430820.2838928984,0,1234389.7493720446,196430.5345208537,0,9,0.9128700640196952,11,7.414242285909589,9.276642566016783,10456.710600358469,4303.572658670187,2.4297743827542613,2.003872216976845,302.3278284054018,0.0,0.0,0.0,1.8173903877905881,5.454819277108434,0.7329059829059829,911.5149258333048,332,45.96912217140198,0.25,0.25
paper,50,3000000.0,10,7,exclude,launch,0,0.0,prior,0.0,sa,12600.0,43200.0,2172884.831357464,0,1900187.2745627626,272697.55679470144,0,16,0.960650256979576,19,7.414242285909589,9.852839075355448,10456.710600358469,4053.0540240058303,2.5799583569388482,2.003300986164776,301.9838606517637,0.0,0.0,0.02058319039451115,1.53662575338315,4.271461716937355,0.6419491525423728,881.4517394530347,431,45.22935366630554,0.25,0.25
paper,50,3000000.0,4,9,exclude,launch,0,0.0,prior,0.0,sa,12600.0,43200.0,387594.65595516894,0,251185.58165714494,136409.074298024,0,0,0.0,0,6.4666189875538285,9.413207636230677,12037.891901054898,4234.825006099364,2.8425948849638125,2.006859088875012,304.12956745506585,0.0,0.0851063829787234,0.0,3.9445365765252465,16.492753623188406,0.8050314465408805,1488.5982253799125,69,21.214715003967285,0.25,0.25
paper,50,3000000.0,6,7,exclude,launch,0,0.0,prior,0.0,sa,12600.0,43200.0,215316.83713677985,0,154764.33251073107,60552.50462604879,0,0,0.0,0,7.414242285909589,12.310077516501238,10456.710600358469,3241.437671040325,3.2259483789495276,2.004894499048043,302.94388626510505,0.0,0.018957345971563982,0.014218009478672985,2.5679384233691507,10.621794871794872,0.8298319327731093,995.6017595836522,156,53.121458292007446,0.25,0.25
paper,50,3000000.0,3,10,exclude,launch,0,0.0,prior,0.0,sa,12600.0,43200.0,488037.1198304507,0,280795.0229673708,207242.09686307982,0,0,0.0,0,6.084715352255744,11.059714784561946,12814.364688455338,3601.852179656862,3.5577153223639857,2.008261092298996,304.9771290731896,0.0,0.08620689655172414,0.017241379310344827,4.835777717577618,21.097560975609756,0.7558886509635975,1926.14185981639,41,13.83070993423462,0.25,0.25
paper,50,3000000.0,7,8,exclude,launch,0,0.0,prior,0.0,sa,12600.0,43200.0,204793.92026160652,0,156349.9631568196,48443.95710478691,0,0,0.0,1,6.899672526616127,11.962064939639138,11261.419851168188,3336.7266576693337,3.3749902244117784,2.004302186295827,302.58686441957343,0.0,0.003663003663003663,0.0,2.338437873801821,8.5,0.8275109170305677,960.6518241896698,202,36.16309905052185,0.25,0.25
paper,50,3000000.0,6,8,exclude,launch,0,0.0,prior,0.0,sa,12600.0,43200.0,210641.50368623866,0,160782.475891257,49859.02779498165,0,0,0.0,0,6.899672526616127,15.143528868154958,11261.419851168188,2635.5816482588343,4.2728404405941705,2.004409361108272,302.6514494045781,0.0,0.01,0.0,2.7131716776135506,11.283783783783784,0.8571428571428571,992.2113016986107,148,42.49948740005493,0.25,0.25
paper,50,3000000.0,11,7,exclude,launch,0,0.0,prior,0.0,sa,12600.0,43200.0,3165757.952711399,0,2769483.8252393804,396274.12747201894,0,21,0.9817667606736932,22,7.414242285909589,10.433504459939815,10456.710600358469,3828.1824799402784,2.73150787747234,2.0029363558767272,301.7644001817867,0.0,0.0,0.035211267605633804,1.3486100795352816,3.550751879699248,0.5674518201284796,872.5626286555035,532,52.39029908180237,0.25,0.25
paper,50,3000000.0,5,9,exclude,launch,0,0.0,prior,0.0,sa,12600.0,43200.0,333111.17904301337,0,221813.04693596068,111298.13210705269,0,0,0.0,0,6.4666189875538285,9.387292032365986,12037.891901054898,4248.448082868754,2.8334798181001526,2.0059464860241607,303.5784998233071,0.0,0.0070921985815602835,0.0,3.2357016392420084,12.056603773584905,0.8350951374207188,1323.696801898274,106,28.920515537261963,0.25,0.25
paper,50,3000000.0,9,8,exclude,launch,0,0.0,prior,0.0,sa,12600.0,43200.0,569337.4897171501,0,524439.9891015047,44897.50061564543,0,3,0.7371680536294696,4,6.899672526616127,11.215940279902098,11261.419851168188,3559.799992027014,3.163497914599335,2.003681558536157,302.21300128367074,0.0,0.0022222222222222222,0.0,1.8029867206190142,5.850746268656716,0.8574561403508771,845.2385839055104,335,40.399322748184204,0.25,0.25
paper,50,3000000.0,8,8,exclude,launch,0,0.0,prior,0.0,sa,12600.0,43200.0,391786.25522674405,0,341159.214435144,50627.04079160006,0,2,0.5650884684465076,2,6.899672526616127,11.752373212948418,11261.419851168188,3396.9694647706838,3.315137203309657,2.003884884385038,302.3354583290283,0.0,0.002770083102493075,0.002770083102493075,2.0010211480822098,6.911439114391144,0.8608695652173913,878.8010610314553,271,40.91394829750061,0.25,0.25
paper,50,3000000.0,4,10,exclude,launch,0,0.0,prior,0.0,sa,12600.0,43200.0,318363.14386563085,0,208874.77386502954,109488.37000060128,0,0,0.0,0,6.084715352255744,10.185600223040296,12814.364688455338,3914.3040089111532,3.27372750284154,2.0065445564496462,303.9395832355247,0.0,0.04081632653061224,0.0,3.7741221781242063,16.333333333333332,0.7952586206896551,1432.5588259408094,72,23.36716318130493,0.25,0.25
paper,50,3000000.0,6,9,exclude,launch,0,0.0,prior,0.0,sa,12600.0,43200.0,305964.70910743304,0,207105.53202137354,98859.17708605948,0,0,0.0,0,6.4666189875538285,7.39604708583049,12037.891901054898,5391.803144804453,2.2326282280269494,2.0061171559222744,303.6815194323378,0.0,0.009900990099009901,0.0,2.6995436821238874,8.666666666666666,0.8641188959660298,1294.1917402711629,150,30.931636333465576,0.25,0.25
paper,50,3000000.0,7,9,exclude,launch,0,0.0,prior,0.0,sa,12600.0,43200.0,570106.7810265705,0,433617.3829099253,136489.39811664517,0,2,0.5502850373318448,4,6.4666189875538285,7.156733907571414,12037.891901054898,5572.70114632453,2.160153861650105,2.0059003935851227,303.5506805444114,0.0,0.003663003663003663,0.0,2.3273959715922854,6.798029556650246,0.7780126849894292,1198.2366281352265,203,33.40204405784607,0.25,0.25
paper,50,3000000.0,9,9,exclude,launch,0,0.0,prior,0.0,sa,12600.0,43200.0,2911936.8798948224,0,2384199.182240847,527737.6976539753,0,15,0.9601132649643456,17,6.4666189875538285,7.541607461070895,12037.891901054898,5292.114586727331,2.2746846659832416,2.004457369374946,302.6803820674911,0.0,0.0,0.0,1.752546935449675,4.1104651162790695,0.5595744680851064,1164.586742983136,344,33.79236054420471,0.25,0.25
paper,50,3000000.0,3,11,exclude,launch,0,0.0,prior,0.0,sa,12600.0,43200.0,507954.2397969669,0,306253.99835514714,201700.2414418198,0,0,0.0,0,7.713415160274127,13.453590438964325,10038.207461205837,2962.0739596022695,3.388911822631772,2.007501536263419,304.517803671945,0.0,0.037037037037037035,0.0,5.184702598185075,22.82051282051282,0.744136460554371,1923.1352419638913,39,16.32730269432068,0.25,0.25
paper,50,3000000.0,10,8,exclude,launch,0,0.0,prior,0.0,sa,12600.0,43200.0,1208272.008216364,0,1116721.4672232328,91550.54099313128,0,6,0.9048885684669112,7,6.899672526616127,10.649011493645242,11261.419851168188,3749.586472875615,3.0033764876828224,2.003536771030583,302.1258152431464,0.0,0.0,0.0,1.6078952426177078,5.059665871121719,0.8209606986899564,778.8229794389111,419,46.601741552352905,0.25,0.25
paper,50,3000000.0,5,10,exclude,launch,0,0.0,prior,0.0,sa,12600.0,43200.0,239587.70811098086,0,169860.90170212532,69726.80640885554,0,0,0.0,0,6.084715352255744,9.418113704731539,12814.364688455338,4235.062585082763,3.025779296294606,2.0057011567512024,303.43044500721214,0.0,0.0070921985815602835,0.0,3.1909707527852107,13.161904761904761,0.8262806236080178,1202.8807196511289,105,30.602423429489136,0.25,0.25
paper,50,3000000.0,4,11,exclude,launch,0,0.0,prior,0.0,sa,12600.0,43200.0,372244.45094933646,0,241870.03511889663,130374.41583043982,0,0,0.0,0,7.713415160274127,12.32870676337738,10038.207461205837,3234.781794852484,3.1032100765435433,2.0059840413526064,303.6011674368368,0.0,0.052083333333333336,0.0,3.8880646356493753,16.514285714285716,0.8038793103448276,1428.5451747504385,70,19.73236322402954,0.25,0.25
paper,50,3000000.0,11,8,exclude,launch,0,0.0,prior,0.0,sa,12600.0,43200.0,1974789.814402441,0,1827953.8317699353,146835.9826325058,0,10,0.9559954094352151,12,6.899672526616127,10.90315685797419,11261.419851168188,3662.824809440567,3.0745177389164224,2.0031873996450242,301.91548764196347,0.0,0.0,0.0029282576866764276,1.4457163493286913,4.358674463937622,0.8079470198675497,738.7593502690393,513,55.41912508010864,0.25,0.25
paper,50,3000000.0,8,10,exclude,launch,0,0.0,prior,0.0,sa,12600.0,43200.0,583438.158742474,0,536058.5014180456,47379.65732442848,0,3,0.7519947589857955,3,6.084715352255744,8.649091831166741,12814.364688455338,4614.2494284160075,2.7771287372417337,2.0045570076411003,302.7404344802524,0.0,0.0,0.0,2.022138009682639,6.847014925373134,0.8722466960352423,904.8007830499499,268,36.663581132888794,0.25,0.25
paper,50,3000000.0,3,12,exclude,launch,0,0.0,prior,0.0,sa,12600.0,43200.0,438141.436040125,0,280794.9359128398,157346.5001272852,0,0,0.0,0,7.2736212224924985,22.866342078588456,10665.314733823769,1742.7224246184237,6.119915933347207,2.0075439935192243,304.54346966300005,0.0,0.07272727272727272,0.0,5.173185269404302,23.384615384615383,0.7185354691075515,1835.2345044533859,39,16.76933217048645,0.25,0.25
paper,50,3000000.0,6,10,exclude,launch,0,0.0,prior,0.0,sa,12600.0,43200.0,200593.7039817525,0,143911.83266825764,56681.87131349487,0,0,0.0,0,6.084715352255744,9.122586889225275,12814.364688455338,4373.464662597179,2.930025889553098,2.005147645538983,303.09653679976844,0.0,0.009900990099009901,0.0,2.7263300804852117,10.844594594594595,0.8618421052631579,1043.5237899890155,148,44.43116760253906,0.25,0.25
paper,50,3000000.0,8,9,exclude,launch,0,0.0,prior,0.0,sa,12600.0,43200.0,1585315.960171924,0,1287036.6784978237,298279.2816741005,0,8,0.8977431596767247,10,6.4666189875538285,8.048524214675002,12037.891901054898,4958.749576968699,2.427606337889259,2.0044792069938384,302.69354318489115,0.0,0.0,0.0,2.017664148847728,5.74721189591078,0.6970338983050848,1077.4560141037625,269,54.355790853500366,0.25,0.25
paper,50,3000000.0,7,10,exclude,launch,0,0.0,prior,0.0,sa,12600.0,43200.0,562258.2053869223,0,494437.81239978975,67820.39298713267,0,2,0.7036779474001161,2,6.084715352255744,8.616099749272369,12814.364688455338,4631.270347787107,2.766922188979583,2.004837307423082,302.9094043167806,0.0,0.0036496350364963502,0.0,2.292781790659346,8.058823529411764,0.8635346756152126,994.2321276508726,204,42.15454602241516,0.25,0.25
paper,50,3000000.0,9,10,exclude,launch,0,0.0,prior,0.0,sa,12600.0,43200.0,826049.5568010787,0,764430.1769895533,61619.379811525454,0,5,0.8516747662450536,7,6.084715352255744,8.419829171673976,12814.364688455338,4739.92285307894,2.7034964672750816,2.004543261730177,302.73214940625087,0.0,0.0,0.0,1.796068208857375,5.645833333333333,0.8517699115044248,874.7470478232797,336,40.53101634979248,0.25,0.25
paper,50,3000000.0,12,7,exclude,launch,0,0.0,prior,0.0,sa,12600.0,43200.0,3752160.561939186,0,3246878.046240186,505282.51569899975,0,25,0.9886690078242194,25,7.414242285909589,13.199006411820994,10456.710600358469,3026.711263969706,3.454809424617494,2.0025241125634645,301.51637888134843,0.0,0.0,0.11256830601092896,1.0525769455189615,2.893740902474527,0.5021459227467812,822.0076930687758,687,80.37274980545044,0.25,0.25
paper,50,3000000.0,10,9,exclude,launch,0,0.0,prior,0.0,sa,12600.0,43200.0,3246705.049013518,0,2708853.74921983,537851.2997936873,0,19,0.9756532005537809,19,6.4666189875538285,8.438338940127808,12037.891901054898,4731.582418567237,2.544157712188827,2.0036719205949813,302.20719725724547,0.0,0.0,0.006872852233676976,1.519421241494022,3.6954545454545453,0.5118279569892473,1010.0447219679518,440,54.984214544296265,0.25,0.25
paper,50,3000000.0,5,11,exclude,launch,0,0.0,prior,0.0,sa,12600.0,43200.0,276527.3811538893,0,196901.4128421827,79625.96831170659,0,0,0.0,0,7.713415160274127,11.893212857378538,10038.207461205837,3354.6665082069276,2.9923115864567023,2.0051249566431415,303.0828535400631,0.0,0.013793103448275862,0.013793103448275862,3.1375223948274646,12.80952380952381,0.8173913043478261,1247.0623845129799,105,38.48734378814697,0.25,0.25
paper,50,3000000.0,8,11,exclude,launch,0,0.0,prior,0.0,sa,12600.0,43200.0,353772.3367928807,0,297007.6879044245,56764.64888845624,0,1,0.4823793426929282,2,7.713415160274127,9.084427081611164,10038.207461205837,4393.393291288605,2.284841532650854,2.0044367709044204,302.66796802346994,0.0,0.002777777777777778,0.0,2.0031408713877297,6.675276752767528,0.8810572687224669,917.9715104278058,271,35.791855573654175,0.25,0.25
paper,50,3000000.0,6,11,exclude,launch,0,0.0,prior,0.0,sa,12600.0,43200.0,215441.73124675904,0,160736.2391199687,54705.49212679031,0,0,0.0,0,7.713415160274127,10.924090804237725,10038.207461205837,3653.2875239097875,2.747718977909201,2.0045681780883973,302.74716732835236,0.0,0.0,0.004975124378109453,2.6999869871845936,10.904761904761905,0.8518518518518519,1017.4397154456437,147,38.23599290847778,0.25,0.25
paper,100,1500000.0,1,1,exclude,launch,0,0.0,prior,0.0,sa,12600.0,43200.0,3197816.5774173834,0,1913786.5979135202,1284029.9795038633,0,0,0.0,0,3.4588299526243373,11.294769645452513,11231.271040943748,1737.2026165949178,6.465147435109271,2.0386005568245844,323.60733499090094,0.0,0.08333333333333333,0.0,7.656902541510443,51.55555555555556,0.32508073196986004,7159.67253155403,9,9.454925298690796,0.25,0.25
paper,50,3000000.0,5,12,exclude,launch,0,0.0,prior,0.0,sa,12600.0,43200.0,265013.3796295573,0,188495.7410903484,76517.63853920897,0,0,0.0,0,7.2736212224924985,17.945939200409406,10665.314733823769,2223.2809047745327,4.797106254508743,2.005069620911048,303.0494828634834,0.0,0.03333333333333333,0.006666666666666667,3.010484214458359,12.517543859649123,0.7875288683602771,1169.7862798730337,114,26.694982051849365,0.25,0.25
paper,50,3000000.0,9,11,exclude,launch,0,0.0,prior,0.0,sa,12600.0,43200.0,778713.3586263923,0,697948.2948524355,80765.06377395682,0,4,0.8235247606327529,4,7.713415160274127,9.803222538794563,10038.207461205837,4072.433890812177,2.4649160011788154,2.0038586449269786,302.31965369838883,0.0,0.0,0.0,1.795041812985906,5.9880239520958085,0.8514412416851441,819.5926032672048,334,37.60900568962097,0.25,0.25
paper,50,3000000.0,7,11,exclude,launch,0,0.0,prior,0.0,sa,12600.0,43200.0,182797.32358440163,0,142402.72336704566,40394.60021735596,0,0,0.0,0,7.713415160274127,10.3909950001193,10038.207461205837,3841.1968494320445,2.6133020135872695,2.004316432888113,302.5954492107313,0.0,0.0,0.0036496350364963502,2.319503695717883,8.970588235294118,0.8593406593406593,913.5150467865641,204,41.526742696762085,0.25,0.25
paper,100,1500000.0,1,2,exclude,launch,0,0.0,prior,0.0,sa,12600.0,43200.0,3534827.650225946,0,2096146.6922594998,1438680.9579664466,0,0,0.0,0,3.0152238010341246,19.313788736691976,12932.680282731017,1016.2992389520839,12.725268097284054,2.0378439030446174,323.1359901260654,0.0,0.16666666666666666,0.0,7.682777778852535,53.0,0.3545945945945946,6988.080717958707,9,8.94535231590271,0.25,0.25
paper,50,3000000.0,4,12,exclude,launch,0,0.0,prior,0.0,sa,12600.0,43200.0,333369.3657711146,0,218800.19097174561,114569.17479936901,0,0,0.0,0,7.2736212224924985,18.777710570614968,10665.314733823769,2123.6861318856577,5.022076743682387,2.0061204967268953,303.68353618019216,0.0,0.0625,0.0,3.8352873520313366,16.887323943661972,0.7465437788018433,1385.754716620748,71,37.42579698562622,0.25,0.25
paper,50,3000000.0,6,12,exclude,launch,0,0.0,prior,0.0,sa,12600.0,43200.0,189806.42944792515,0,147065.2370522635,42741.19239566167,0,0,0.0,0,7.2736212224924985,15.531585278893427,10665.314733823769,2569.6375617890276,4.150513244520907,2.0044827788440402,302.6956958982737,0.0,0.0049261083743842365,0.0049261083743842365,2.681415777204617,11.275167785234899,0.8449074074074074,990.7446065838645,149,33.30722999572754,0.25,0.25
paper,50,3000000.0,7,12,exclude,launch,0,0.0,prior,0.0,sa,12600.0,43200.0,170906.07625702844,0,135837.26363221326,35068.812624815146,0,0,0.0,0,7.2736212224924985,13.770924928820465,10665.314733823769,2898.677186568409,3.679373054455185,2.0041352359906055,302.48627164737275,0.0,0.003663003663003663,0.0,2.331119332163325,8.846534653465346,0.850356294536817,925.2514842743337,202,38.127307176589966,0.25,0.25
paper,50,3000000.0,11,11,exclude,launch,0,0.0,prior,0.0,sa,12600.0,43200.0,1975403.782318573,0,1716227.5241081463,259176.2582104266,0,11,0.9558659029106871,11,7.713415160274127,9.625990217269603,10038.207461205837,4147.738607214661,2.420163952411363,2.003702277925719,302.22547881398316,0.0,0.0,0.005772005772005772,1.4218440704323478,4.083011583011583,0.7274725274725274,772.0500695214512,518,50.06530952453613,0.25,0.25
paper,100,1500000.0,1,3,exclude,launch,0,0.0,prior,0.0,sa,12600.0,43200.0,3516147.4133684654,0,2091913.4699694214,1424233.9433990438,0,0,0.0,0,3.255865107959805,12.077612221433647,11952.187925581738,1625.160377717434,7.354466727996898,2.037899132178761,323.17038257322764,0.0,0.08333333333333333,0.0,7.720460514761961,51.888888888888886,0.32217573221757323,7172.727731912096,9,17.516592741012573,0.25,0.25
paper,100,1500000.0,2,1,exclude,launch,0,0.0,prior,0.0,sa,12600.0,43200.0,1594449.5602318472,0,949932.2416751565,644517.3185566907,0,0,0.0,0,3.4588299526243373,13.743678722288696,11231.271040943748,1438.9573617758392,7.805145127499167,2.0225956625385058,313.7105667127697,0.0,0.06521739130434782,0.0,4.003822597913493,28.441176470588236,0.5793397231096912,3445.783544550057,34,28.54129981994629,0.25,0.25
paper,100,1500000.0,2,2,exclude,launch,0,0.0,prior,0.0,sa,12600.0,43200.0,1652067.7749546992,0,993893.0934527259,658174.6815019733,0,0,0.0,0,3.0152238010341246,19.561941587803584,12932.680282731017,1011.5742737020174,12.784706589464568,2.0213906740897247,312.97167273523854,0.0,0.06521739130434782,0.0,4.0051452405789165,29.88235294117647,0.5997830802603037,3284.8067061171637,34,21.379853010177612,0.25,0.25
paper,50,3000000.0,8,12,exclude,launch,0,0.0,prior,0.0,sa,12600.0,43200.0,398474.2139973002,0,312438.749465278,86035.46453202215,0,2,0.5569191191043471,3,7.2736212224924985,11.729689130129174,10665.314733823769,3403.39218489189,3.1337307469790048,2.0039712539678973,302.38748363816177,0.0,0.0,0.0,2.057342922865122,6.752851711026616,0.795774647887324,935.6405001880416,263,35.72854733467102,0.25,0.25
paper,100,1500000.0,3,1,exclude,launch,0,0.0,prior,0.0,sa,12600.0,43200.0,1104792.4592853165,0,671236.124050811,433556.33523450553,0,0,0.0,0,3.4588299526243373,12.62839201628599,11231.271040943748,1571.1424114685226,7.1484742305734414,2.0160271857515273,309.69337265585057,0.0,0.03,0.0,2.701870111668549,18.5,0.6828478964401294,2429.170606636328,74,29.20794105529785,0.25,0.25
paper,50,3000000.0,12,11,exclude,launch,0,0.0,prior,0.0,sa,12600.0,43200.0,2160684.111102048,0,1921073.7374185044,239610.3736835433,0,13,0.9655728826301524,15,7.713415160274127,9.498604733398247,10038.207461205837,4203.373875661963,2.3881310009866734,2.0036974734607265,302.2225854694338,0.0,0.0,0.0048543689320388345,1.3093969225357993,3.567260940032415,0.7256637168141593,747.0925992732186,617,55.06515312194824,0.25,0.25
paper,100,1500000.0,1,4,exclude,launch,0,0.0,prior,0.0,sa,12600.0,43200.0,3942357.3858866487,0,2236421.8347874884,1705935.5510991605,0,0,0.0,0,3.39643745861777,12.388720767544394,11443.712611825506,1582.623001918673,7.230851945126455,2.0401215973589393,324.5558811877534,0.0,0.08333333333333333,0.0,7.668787057464342,54.888888888888886,0.32619775739041795,6735.312491017737,9,9.502498865127563,0.25,0.25
paper,100,1500000.0,3,2,exclude,launch,0,0.0,prior,0.0,sa,12600.0,43200.0,1213670.4109856223,0,765410.5335062959,448259.87747932656,0,0,0.0,0,3.0152238010341246,11.786375614194068,12932.680282731017,1683.577919433017,7.681664230359108,2.0157955995281758,309.5522100062418,0.0,0.02,0.0,2.7091217287682454,19.2027027027027,0.6866812227074236,2345.747763310798,74,26.452921628952026,0.25,0.25
paper,100,1500000.0,2,3,exclude,launch,0,0.0,prior,0.0,sa,12600.0,43200.0,1722913.1277869276,0,981034.8693517575,741878.2584351702,0,0,0.0,0,3.255865107959805,10.997579426851916,11952.187925581738,1798.7906009579783,6.644568811520577,2.0220052295243116,313.34840675251206,0.0,0.06521739130434782,0.0,4.00830769837821,29.735294117647058,0.5569620253164557,3290.964851117181,34,19.526363611221313,0.25,0.25
paper,100,1500000.0,5,1,exclude,launch,0,0.0,prior,0.0,sa,12600.0,43200.0,3553895.685700333,0,2994325.377827802,559570.3078725311,0,18,0.8084694659328333,19,3.4588299526243373,7.5514092028614135,11231.271040943748,2634.6806810592598,4.262858539816777,2.010499639191189,306.3328562416569,0.0,0.0,0.0,1.647467851073899,8.161764705882353,0.6475770925110133,1980.6589307293063,204,36.15933060646057,0.25,0.25
paper,50,3000000.0,10,10,exclude,launch,0,0.0,prior,0.0,sa,12600.0,43200.0,1931669.7841461597,0,1699858.7644253348,231811.0197208248,0,13,0.9544103284688861,13,6.084715352255744,8.31108836416583,12814.364688455338,4802.965810604193,2.6680108070232844,2.0041147852473076,302.47395058567395,0.0,0.0,0.0,1.5895425125093499,4.291764705882353,0.7661469933184856,904.3697539370814,425,77.44168329238892,0.25,0.25
paper,100,1500000.0,4,1,exclude,launch,0,0.0,prior,0.0,sa,12600.0,43200.0,1364878.8608195903,0,937438.9753399611,427439.8854796293,0,1,0.18742292314736098,1,3.4588299526243373,7.696126636507154,11231.271040943748,2580.727093799605,4.351979358037407,2.0139361838156846,308.4199754552142,0.0,0.011299435028248588,0.0,2.044699653647354,11.075187969924812,0.6959826275787188,2261.215443884674,133,38.068482875823975,0.25,0.25
paper,50,3000000.0,10,11,exclude,launch,0,0.0,prior,0.0,sa,12600.0,43200.0,897379.7229634692,0,827720.8586880651,69658.86427540415,0,5,0.8584010495332612,7,7.713415160274127,9.441923831243631,10038.207461205837,4228.0308946677715,2.374203905147816,2.0039705839700437,302.38708004314515,0.0,0.0018018018018018018,0.0,1.6184350652239319,4.973493975903614,0.8703296703296703,798.0094054394978,415,66.3697988986969,0.25,0.25
paper,50,3000000.0,9,12,exclude,launch,0,0.0,prior,0.0,sa,12600.0,43200.0,1212908.312741519,0,1064990.4572584329,147917.85548308588,0,6,0.8974991832940329,9,7.2736212224924985,11.655811172744741,10665.314733823769,3425.782746917451,3.113249006645419,2.0034922464175793,302.0990065860597,0.0,0.0,0.0,1.8066627379635276,5.781437125748503,0.7801418439716312,858.07262327413,334,45.3973970413208,0.25,0.25
paper,100,1500000.0,4,2,exclude,launch,0,0.0,prior,0.0,sa,12600.0,43200.0,1568203.4612890005,0,1166236.4511789863,401967.0101100141,0,4,0.4355954383099744,4,3.0152238010341246,11.310449813135822,12932.680282731017,1757.4781511345589,7.358657787228926,2.0122881962282775,307.41821766692993,0.0,0.011299435028248588,0.0,2.032942743881253,13.901515151515152,0.7422907488986784,1809.0794652653026,132,33.0295045375824,0.25,0.25
paper,100,1500000.0,1,5,exclude,launch,0,0.0,prior,0.0,sa,12600.0,43200.0,3490875.161523486,0,2061767.650839008,1429107.510684478,0,0,0.0,0,3.1797893329209432,11.246001397608818,12246.11637607749,1744.6245943103827,7.019341820592728,2.0387307231084124,323.6884545387976,0.0,0.08333333333333333,0.0,7.669353716839686,50.333333333333336,0.32518597236981933,7345.453037879222,9,8.720385789871216,0.25,0.25
paper,50,3000000.0,10,12,exclude,launch,0,0.0,prior,0.0,sa,12600.0,43200.0,2167528.1018882645,0,1903674.1621405706,263853.93974769383,0,13,0.9627395793193732,16,7.2736212224924985,10.953463889842475,10665.314733823769,3646.233953386484,2.9250220556797317,2.0030600777683976,301.838855883823,0.0,0.0017889087656529517,0.0,1.6052393152158027,4.75417661097852,0.6462264150943396,827.5918421364811,419,48.72371864318848,0.25,0.25
paper,100,1500000.0,4,3,exclude,launch,0,0.0,prior,0.0,sa,12600.0,43200.0,1519585.8601557561,0,1107150.6201917846,412435.23996397166,0,3,0.3387866427261814,3,3.255865107959805,7.808586225018441,11952.187925581738,2544.717651301775,4.696862113353708,2.013019485494498,307.862543397461,0.0,0.017045454545454544,0.0,2.047600704720328,11.628787878787879,0.6588983050847458,2158.354723826209,132,30.7681086063385,0.25,0.25
paper,100,1500000.0,1,6,exclude,launch,0,0.0,prior,0.0,sa,12600.0,43200.0,3505662.557496125,0,2045133.0738895712,1460529.4836065536,0,0,0.0,0,3.437137079374051,12.15045561002789,11304.258964057533,1614.2306991505643,7.002876955571485,2.0393972333614254,324.1039826158157,0.0,0.08333333333333333,0.0,7.681693249980651,53.55555555555556,0.32489451476793246,6914.614024190676,9,12.07091760635376,0.25,0.25
paper,100,1500000.0,4,4,exclude,launch,0,0.0,prior,0.0,sa,12600.0,43200.0,2660210.022654912,0,1868551.552322635,791658.470332277,0,4,0.40486753086989,4,3.39643745861777,6.164984727126228,11443.712611825506,3220.583060130046,3.5533046029756528,2.0146215816937674,308.8370862116286,0.0,0.017241379310344827,0.0,2.055793158476582,9.069230769230769,0.6010309278350515,2802.668179435251,130,22.88640284538269,0.25,0.25
paper,100,1500000.0,2,5,exclude,launch,0,0.0,prior,0.0,sa,12600.0,43200.0,1769304.7663087924,0,1040511.6103835789,728793.1559252136,0,0,0.0,0,3.1797893329209432,8.652286673033311,12246.11637607749,2285.3989081208792,5.358415256331158,2.022865816207613,313.8763433898199,0.0,0.06521739130434782,0.0,4.005600349365399,26.794117647058822,0.5524920466595971,3673.8497074608526,34,18.538052558898926,0.25,0.25
paper,100,1500000.0,2,4,exclude,launch,0,0.0,prior,0.0,sa,12600.0,43200.0,2020538.9043409012,0,1134148.9471660694,886389.9571748318,0,0,0.0,0,3.39643745861777,10.098429675966711,11443.712611825506,1957.9869339445918,5.8446317559284315,2.02300220683965,313.9600545596381,0.0,0.06521739130434782,0.0,3.9957551546410595,27.58823529411765,0.5768056968463886,3516.3887565404193,34,24.764440298080444,0.25,0.25
paper,100,1500000.0,3,4,exclude,launch,0,0.0,prior,0.0,sa,12600.0,43200.0,1576801.9487356069,0,886798.9799467649,690002.968788842,0,0,0.0,0,3.39643745861777,8.451856341766462,11443.712611825506,2346.2516524261346,4.877444667963118,2.017127234924069,310.3643436072846,0.0,0.03,0.0,2.7075266528714055,16.743243243243242,0.6605504587155964,2695.3689508990315,74,25.125929832458496,0.25,0.25
paper,100,1500000.0,1,7,exclude,launch,0,0.0,prior,0.0,sa,12600.0,43200.0,3475618.6887331144,0,1991701.8527030654,1483916.8360300492,0,0,0.0,0,3.4591121934482483,16.140965584023885,11230.327445221996,1214.8913294387653,9.243894637399372,2.0398256439105706,324.37121092020993,0.0,0.08333333333333333,0.0,7.629983987222374,55.0,0.34973821989528797,6687.69483749857,9,9.798773050308228,0.25,0.25
paper,100,1500000.0,5,3,exclude,launch,0,0.0,prior,0.0,sa,12600.0,43200.0,3316866.4489413463,0,2747219.2416724036,569647.2072689423,0,16,0.7818823923623061,19,3.255865107959805,6.481329406106104,11952.187925581738,3068.7968969991707,3.8947471360092973,2.011072606807897,306.6803448711947,0.0,0.01098901098901099,0.0,1.6525316986650698,8.137254901960784,0.6353829557713053,1983.022905975736,204,31.972330570220947,0.25,0.25
paper,100,1500000.0,5,4,exclude,launch,0,0.0,prior,0.0,sa,12600.0,43200.0,6372846.424430568,0,5248003.318158436,1124843.1062721321,0,29,0.8662129473122633,32,3.39643745861777,5.946655041881953,11443.712611825506,3346.49432430893,3.4196121382003826,2.0100050669200225,306.03307056123566,0.0,0.0,0.0,1.6593879303777965,6.400990099009901,0.529045643153527,2544.1253661734618,202,27.837696313858032,0.25,0.25
paper,100,1500000.0,6,1,exclude,launch,0,0.0,prior,0.0,sa,12600.0,43200.0,6064272.768210626,0,5282659.823055289,781612.9451553371,0,36,0.9538680618226464,41,3.4588299526243373,8.057358813489214,11231.271040943748,2473.213923565033,4.541164407142892,2.007269123935623,304.3773264102112,0.0,0.002531645569620253,0.0,1.3684224285053788,6.786440677966102,0.5556768558951966,1646.9380493862927,295,53.86648654937744,0.25,0.25
paper,50,3000000.0,11,12,exclude,launch,0,0.0,prior,0.0,sa,12600.0,43200.0,2821711.3412954356,0,2448812.212586935,372899.1287085004,0,17,0.9792753381464223,19,7.2736212224924985,11.327121599352298,10665.314733823769,3526.537788582704,3.0243018431145465,2.002727597027135,301.6387901519437,0.0,0.0,0.002861230329041488,1.407883059778474,4.059160305343512,0.5876777251184834,772.8198852091966,524,62.916682720184326,0.25,0.25
paper,100,1500000.0,5,2,exclude,launch,0,0.0,prior,0.0,sa,12600.0,43200.0,2695842.999310957,0,2240952.19512894,454890.8041820168,0,12,0.7573009001573482,13,3.0152238010341246,10.379037914088515,12932.680282731017,1917.485371725512,6.744604403992464,2.0098832619891738,305.95926085376834,0.0,0.007246376811594203,0.0,1.630034891223726,10.405797101449275,0.723986856516977,1535.1693638690126,207,53.36232328414917,0.25,0.25
paper,100,1500000.0,1,8,exclude,launch,0,0.0,prior,0.0,sa,12600.0,43200.0,3333921.753247536,0,2019364.1121466665,1314557.641100869,0,0,0.0,0,3.7655475862813503,19.880531872538857,10289.291685595672,986.9603681960132,10.42523288387218,2.0386012139818446,323.60774450536854,0.0,0.16666666666666666,0.0,7.672500750740027,52.0,0.3555045871559633,7112.939369064902,9,8.994107961654663,0.25,0.25
paper,100,1500000.0,3,6,exclude,launch,0,0.0,prior,0.0,sa,12600.0,43200.0,1316021.5031217507,0,821138.5548738927,494882.948247858,0,0,0.0,0,3.437137079374051,7.2361915332834394,11304.258964057533,2739.4691830147585,4.12644136833009,2.0178250927827994,310.7903758494942,0.0,0.009900990099009901,0.0,2.6988903001854787,16.91891891891892,0.6357827476038339,2609.829854136533,74,26.13976216316223,0.25,0.25
paper,100,1500000.0,4,5,exclude,launch,0,0.0,prior,0.0,sa,12600.0,43200.0,1777876.0839874565,0,1173239.55349156,604636.5304958962,0,3,0.24315317838789294,4,3.1797893329209432,5.742004966682928,12246.11637607749,3456.4275314739148,3.542998157654245,2.0154358145051736,309.33296801393556,0.0,0.005649717514124294,0.0,2.0387366912648752,9.848484848484848,0.6488794023479189,2543.7798107146637,132,31.03200602531433,0.25,0.25
paper,100,1500000.0,3,3,exclude,launch,0,0.0,prior,0.0,sa,12600.0,43200.0,1169293.9191724388,0,723132.6673607769,446161.2518116618,0,0,0.0,0,3.255865107959805,9.924502003083543,11952.187925581738,1999.5172756725306,5.977536713985961,2.015700979500468,309.4945439274632,0.0,0.01,0.0,2.7093645413663223,18.93243243243243,0.6536842105263158,2377.8709172264007,74,50.53383922576904,0.25,0.25
paper,100,1500000.0,4,6,exclude,launch,0,0.0,prior,0.0,sa,12600.0,43200.0,1756732.5359146418,0,1280082.5917620808,476649.944152561,0,4,0.32240163158247986,4,3.437137079374051,6.353840444144193,11304.258964057533,3124.3465195403382,3.6181194670175842,2.0149510092914857,309.03766537854153,0.0,0.005649717514124294,0.0,2.0391811843523326,10.5,0.6562835660580022,2399.0691166729534,132,26.93593430519104,0.25,0.25
paper,100,1500000.0,2,7,exclude,launch,0,0.0,prior,0.0,sa,12600.0,43200.0,1707030.0890181558,0,982997.6841575733,724032.4048605824,0,0,0.0,0,3.4591121934482483,13.96105231476944,11230.327445221996,1416.1481095635497,7.930192731523775,2.0231736491689114,314.0652949060881,0.0,0.021739130434782608,0.0,3.9727451600666543,29.205882352941178,0.5798755186721992,3324.417615241617,34,19.794217109680176,0.25,0.25
paper,100,1500000.0,1,9,exclude,launch,0,0.0,prior,0.0,sa,12600.0,43200.0,3625446.4828015384,0,2137812.563365876,1487633.9194356625,0,0,0.0,0,3.2333094937769142,5.790450891987452,12037.891901054898,3388.4630333790356,3.5526112524977136,2.0386602566993313,323.644538654016,0.0,0.08333333333333333,0.0,7.757417789486176,49.55555555555556,0.3374028856825749,7546.409068286781,9,8.258317232131958,0.25,0.25
paper,100,1500000.0,5,6,exclude,launch,0,0.0,prior,0.0,sa,12600.0,43200.0,3580274.8236252647,0,3011910.146224501,568364.677400764,0,18,0.7889083067334123,19,3.437137079374051,6.2160581567332125,11304.258964057533,3198.471447755087,3.5342691497188947,2.0118817175418373,307.1713830886254,0.0,0.007272727272727273,0.0,1.6354820887113757,7.736585365853658,0.6201716738197425,2073.091009519266,205,31.771690607070923,0.25,0.25
paper,100,1500000.0,2,8,exclude,launch,0,0.0,prior,0.0,sa,12600.0,43200.0,1594348.6386769982,0,958578.4461257875,635770.1925512108,0,0,0.0,0,3.7655475862813503,15.91308010848993,10289.291685595672,1243.0176362126217,8.277671519566162,2.022220234671977,313.4802624518496,0.0,0.08695652173913043,0.0,3.996888426539193,28.91176470588235,0.6295871559633027,3384.161211604402,34,20.276893377304077,0.25,0.25
paper,100,1500000.0,4,7,exclude,launch,0,0.0,prior,0.0,sa,12600.0,43200.0,2131428.5796200726,0,1512199.2399123646,619229.339707708,0,5,0.36184973141824267,6,3.4591121934482483,6.876829110380337,11230.327445221996,2887.477314685206,3.8893214461310257,2.0144346274087646,308.72328398578776,0.0,0.0,0.0,2.054524559834857,10.007633587786259,0.6179295624332978,2516.087896046791,131,24.4863760471344,0.25,0.25
paper,100,1500000.0,3,7,exclude,launch,0,0.0,prior,0.0,sa,12600.0,43200.0,1301688.6341783942,0,787529.0620984068,514159.5720799874,0,0,0.0,0,3.4591121934482483,9.50652612764257,11230.327445221996,2085.5512576607425,5.384824469775193,2.017517344364322,310.60246382466676,0.0,0.04,0.0,2.699378349373042,17.706666666666667,0.6649048625792812,2497.8071297849788,75,26.081645011901855,0.25,0.25
paper,100,1500000.0,1,10,exclude,launch,0,0.0,prior,0.0,sa,12600.0,43200.0,3500459.551834399,0,2037175.5041617225,1463284.0476726766,0,0,0.0,0,3.6890553779479323,8.034230802656907,10509.55079334799,2441.9984636228564,4.3036680611815035,2.0387797024757264,323.7189810826677,0.0,0.08333333333333333,0.0,7.644995227378134,55.0,0.35294117647058826,6700.8522167882575,9,9.668545007705688,0.25,0.25
paper,100,1500000.0,3,5,exclude,launch,0,0.0,prior,0.0,sa,12600.0,43200.0,1311447.426595806,0,785111.6635850442,526335.7630107617,0,0,0.0,0,3.1797893329209432,7.733586335225571,12246.11637607749,2563.913175641844,4.776338174170748,2.0173243884853305,310.4846734221157,0.0,0.039603960396039604,0.0,2.7051068797845437,16.68,0.6404255319148936,2690.999180642783,75,43.10646891593933,0.25,0.25
paper,100,1500000.0,6,6,exclude,launch,0,0.0,prior,0.0,sa,12600.0,43200.0,5957077.260424527,0,5209585.48793321,747491.7724913174,0,37,0.9399225559975015,40,3.437137079374051,6.127272128920355,11304.258964057533,3249.39919203179,3.478876646420653,2.009045415069748,305.45179490198376,0.0,0.002512562814070352,0.0,1.3518820792730981,6.053691275167785,0.547027027027027,1816.3030364271744,298,38.02077388763428,0.25,0.25
paper,100,1500000.0,2,9,exclude,launch,0,0.0,prior,0.0,sa,12600.0,43200.0,1935388.0327913282,0,1106084.306898782,829303.7258925462,0,0,0.0,0,3.2333094937769142,5.819871753550319,12037.891901054898,3396.3365270152362,3.5443754779017795,2.023652140737786,314.35911157111565,0.0,0.043478260869565216,0.0,3.995942506899551,25.38235294117647,0.5512679162072768,3823.2870993279407,34,17.201772451400757,0.25,0.25
paper,100,1500000.0,2,6,exclude,launch,0,0.0,prior,0.0,sa,12600.0,43200.0,1756059.252173869,0,1029735.1891302713,726324.0630435977,0,0,0.0,0,3.437137079374051,8.935126784983956,11304.258964057533,2211.96494268109,5.11050548131916,2.0238626350517075,314.48840863650776,0.0,0.06521739130434782,0.0,3.987021411580925,27.941176470588236,0.5531019978969506,3485.011861770095,34,40.844889402389526,0.25,0.25
paper,100,1500000.0,5,7,exclude,launch,0,0.0,prior,0.0,sa,12600.0,43200.0,4385417.109399802,0,3630485.4938294627,754931.6155703397,0,23,0.839653412068998,25,3.4591121934482483,6.8802445953176665,11230.327445221996,2891.7386880885097,3.8835899977689343,2.0104675516004757,306.3134018512382,0.0,0.007326007326007326,0.0,1.6438511011999672,7.4068627450980395,0.5354497354497354,2175.9031316647865,204,29.731384992599487,0.25,0.25
paper,100,1500000.0,3,8,exclude,launch,0,0.0,prior,0.0,sa,12600.0,43200.0,1137699.7196985697,0,737541.7743347457,400157.94536382385,0,0,0.0,0,3.7655475862813503,12.980535228008161,10289.291685595672,1528.6318556310011,6.731046227836442,2.0158791147956374,309.60311276339036,0.0,0.0297029702970297,0.0,2.708676298479885,18.106666666666666,0.7229336437718277,2469.9559779820447,75,26.080114126205444,0.25,0.25
paper,100,1500000.0,3,9,exclude,launch,0,0.0,prior,0.0,sa,12600.0,43200.0,1796769.5159965674,0,1052294.4979502973,744475.0180462704,0,0,0.0,0,3.2333094937769142,4.1563152809029065,12037.891901054898,4763.419355676655,2.527153500921375,2.0203782770490917,312.3515484821019,0.0,0.0,0.0,2.705520638375756,13.094594594594595,0.5849056603773585,3471.320134473463,74,18.383290767669678,0.25,0.25
paper,100,1500000.0,1,11,exclude,launch,0,0.0,prior,0.0,sa,12600.0,43200.0,3372212.056610346,0,1994789.0670976266,1377422.989512719,0,0,0.0,0,3.255852413616095,9.64270654281727,11952.235825980682,2033.1324898398589,5.878729441248617,2.040306253902723,324.671130572735,0.0,0.25,0.0,7.7848353982500065,48.333333333333336,0.31675675675675674,7764.584088510559,9,8.074301481246948,0.25,0.25
paper,100,1500000.0,4,9,exclude,launch,0,0.0,prior,0.0,sa,12600.0,43200.0,4209771.785762884,0,3195779.6134685087,1013992.1722943746,0,19,0.6960899985706969,19,3.2333094937769142,3.81696946772988,12037.891901054898,5196.7756758127125,2.3164155337862105,2.016542292798182,310.00746991421545,0.0,0.005649717514124294,0.0,2.0332902755053635,6.969924812030075,0.4799107142857143,3571.9632795390103,133,18.82170867919922,0.25,0.25
paper,100,1500000.0,4,8,exclude,launch,0,0.0,prior,0.0,sa,12600.0,43200.0,1431142.503290885,0,1029376.0852790809,401766.418011804,0,5,0.2789747847306573,6,3.7655475862813503,8.616639665285309,10289.291685595672,2305.8657602465496,4.462224932164096,2.0132051792297645,307.9754205654059,0.0,0.011363636363636364,0.0,2.048975536909119,11.610687022900763,0.7080890973036342,2171.3199973869646,131,29.750548362731934,0.25,0.25
paper,100,1500000.0,2,10,exclude,launch,0,0.0,prior,0.0,sa,12600.0,43200.0,1671727.4459727837,0,994799.9358445891,676927.5101281947,0,0,0.0,0,3.6890553779479323,6.598264045159476,10509.55079334799,2995.106702123487,3.508906973463373,2.0240349224550576,314.59425672226087,0.0,0.043478260869565216,0.0,3.988306210400345,29.676470588235293,0.583778014941302,3289.4299610851995,34,19.839880228042603,0.25,0.25
paper,100,1500000.0,6,7,exclude,launch,0,0.0,prior,0.0,sa,12600.0,43200.0,7252351.871305101,0,6148510.830906329,1103841.040398771,0,43,0.9564586394611024,48,3.4591121934482483,7.008533839964017,11230.327445221996,2843.581091821716,3.949360711927994,2.007091625860757,304.27006286365867,0.0,0.002531645569620253,0.0,1.3627102426990672,5.720538720538721,0.4395373291272345,1937.0157460604269,297,35.82345390319824,0.25,0.25
paper,100,1500000.0,2,11,exclude,launch,0,0.0,prior,0.0,sa,12600.0,43200.0,1687176.3355443352,0,989938.6895135675,697237.6460307677,0,0,0.0,0,3.255852413616095,8.95241851710952,11952.235825980682,2207.960730846378,5.41324655778594,2.0236167680370105,314.3373863419605,0.0,0.021739130434782608,0.0,3.9987451326797743,26.352941176470587,0.5830618892508144,3681.3489062287854,34,19.240874528884888,0.25,0.25
paper,100,1500000.0,6,4,exclude,launch,0,0.0,prior,0.0,sa,12600.0,43200.0,11055774.958338495,0,9443202.194475304,1612572.7638631903,0,58,0.9879978756606662,59,3.39643745861777,8.366067764303633,11443.712611825506,2385.308640148489,4.797581503378581,2.004444482586839,302.67261557974274,0.0,0.0,0.0,1.3502557344373514,6.3244147157190636,0.3814968814968815,1737.086068041139,299,66.41504120826721,0.25,0.25
paper,100,1500000.0,3,10,exclude,launch,0,0.0,prior,0.0,sa,12600.0,43200.0,1208343.7840815135,0,733734.2215362525,474609.56254526094,0,0,0.0,0,3.6890553779479323,5.944486364349037,10509.55079334799,3334.102750374738,3.1521376454780112,2.0182114992840035,311.0263971822535,0.0,0.009900990099009901,0.0,2.693791917200963,18.266666666666666,0.687299893276414,2443.2516110765537,75,26.45166802406311,0.25,0.25
paper,100,1500000.0,1,12,exclude,launch,0,0.0,prior,0.0,sa,12600.0,43200.0,3732742.4058173182,0,2169632.052316015,1563110.353501303,0,0,0.0,0,3.354973506682877,18.757476985592067,11589.264541231918,1047.2581161899923,11.066292408785122,2.036253455254022,322.1463670577698,0.0,0.08333333333333333,0.0,7.6506897482959175,52.111111111111114,0.3500557413600892,7077.59599144894,9,17.08975911140442,0.25,0.25
paper,100,1500000.0,5,5,exclude,launch,0,0.0,prior,0.0,sa,12600.0,43200.0,4441183.544173212,0,3705712.00484138,735471.5393318323,0,24,0.8306747437708059,27,3.1797893329209432,5.394575292984361,12246.11637607749,3685.4289109326382,3.322846993398789,2.01193846592339,307.2058376446151,0.0,0.0,0.0,1.6389960359498181,6.84390243902439,0.5959051724137931,2342.004279583236,205,59.60686111450195,0.25,0.25
paper,100,1500000.0,4,10,exclude,launch,0,0.0,prior,0.0,sa,12600.0,43200.0,1621029.0837342103,0,1089626.0761654838,531403.0075687268,0,1,0.16915606277553724,1,3.6890553779479323,4.751695457407402,10509.55079334799,4172.015313113476,2.519058537564418,2.0177413732291853,310.73925083472835,0.0,0.005681818181818182,0.0,2.053461487197302,10.045454545454545,0.646551724137931,2515.13081077493,132,25.271785974502563,0.25,0.25
paper,100,1500000.0,2,12,exclude,launch,0,0.0,prior,0.0,sa,12600.0,43200.0,1758931.7481507268,0,1057188.4581242704,701743.2900264565,0,0,0.0,0,3.354973506682877,16.140385401040856,11589.264541231918,1226.2222929531422,9.451193807055326,2.0210491873082765,312.76243287086766,0.0,0.021739130434782608,0.0,4.009408665941608,29.08823529411765,0.5915649278579356,3380.324185027532,34,19.467386960983276,0.25,0.25
paper,100,1500000.0,5,10,exclude,launch,0,0.0,prior,0.0,sa,12600.0,43200.0,4846734.236807931,0,4076891.8896151283,769842.3471928027,0,22,0.8379894895701582,22,3.6890553779479323,4.812598737438702,10509.55079334799,4127.927061806701,2.5459632973137354,2.013484652443807,308.1453422217433,0.0,0.01090909090909091,0.0,1.6362151674021932,6.980487804878049,0.5832426550598476,2291.7962768606626,205,28.44234871864319,0.25,0.25
paper,100,1500000.0,5,9,exclude,launch,0,0.0,prior,0.0,sa,12600.0,43200.0,7780196.91168497,0,6489686.310322508,1290510.6013624615,0,43,0.9406223605485475,45,3.2333094937769142,4.408073697942156,12037.891901054898,4512.164784738174,2.667875061161672,2.011065393775069,306.67596914686044,0.0,0.0035971223021582736,0.0,1.6188105212357606,5.451923076923077,0.4184239733629301,2908.5780110879564,208,37.27668333053589,0.25,0.25
paper,100,1500000.0,4,11,exclude,launch,0,0.0,prior,0.0,sa,12600.0,43200.0,1497489.52778855,0,1114824.6693491314,382664.85843941837,0,4,0.3496163034204637,5,3.255852413616095,6.136473529934429,11952.235825980682,3234.485819313177,3.695250649922053,2.0152822263943095,309.2393997696557,0.0,0.005681818181818182,0.0,2.053103105724861,10.484848484848484,0.6695747001090513,2422.332364160567,132,27.035297393798828,0.25,0.25
paper,100,1500000.0,4,12,exclude,launch,0,0.0,prior,0.0,sa,12600.0,43200.0,3336532.830928017,0,2708791.351580293,627741.479347724,0,13,0.6736157584519805,13,3.354973506682877,11.066953813652443,11589.264541231918,1797.7849393839128,6.446413187332335,2.010454070551538,306.3052286082519,0.0,0.005649717514124294,0.0,2.0421176367957736,11.015151515151516,0.6734006734006734,2273.394743963428,132,25.48359251022339,0.25,0.25
paper,100,1500000.0,3,12,exclude,launch,0,0.0,prior,0.0,sa,12600.0,43200.0,1431755.1906169397,0,883462.2437139214,548292.9469030183,0,0,0.0,0,3.354973506682877,12.213347180282957,11589.264541231918,1625.1675321498217,7.131119907312744,2.0152417472924826,309.21474163364803,0.0,0.02,0.0,2.715761814740152,17.39189189189189,0.6611842105263158,2597.115338917329,74,29.74958825111389,0.25,0.25
paper,100,1500000.0,6,10,exclude,launch,0,0.0,prior,0.0,sa,12600.0,43200.0,8091293.855224712,0,7006144.212372911,1085149.6428518014,0,46,0.9670732230863209,48,3.6890553779479323,5.266834019640151,10509.55079334799,3780.363087256212,2.780037406665036,2.0089856993699584,305.41564245992527,0.0,0.0025252525252525255,0.0,1.3573286621500231,5.712837837837838,0.46557377049180326,1935.9208051474784,296,35.603994607925415,0.25,0.25
paper,100,3000000.0,3,1,exclude,launch,0,0.0,prior,0.0,sa,12600.0,43200.0,1135877.9057385344,0,682001.5609064765,453876.34483205783,0,0,0.0,0,6.917659905248675,28.53069470582834,11231.271040943748,1391.923420139456,8.06888574359823,2.014476929983218,308.7490324404526,0.0,0.11764705882352941,0.0,5.353616331973762,36.567567567567565,0.707027027027027,2488.8559224627566,37,29.22345495223999,0.25,0.25
paper,100,1500000.0,5,11,exclude,launch,0,0.0,prior,0.0,sa,12600.0,43200.0,2759868.271024007,0,2312788.62526272,447079.6457612868,0,15,0.7333884778955975,16,3.255852413616095,5.572896177224785,11952.235825980682,3564.6977797494137,3.352945064201455,2.013521741858985,308.16789636626106,0.0,0.0072992700729927005,0.0,1.6365052397729667,7.401960784313726,0.6497237569060773,2174.188972356922,204,37.198111057281494,0.25,0.25
paper,100,1500000.0,5,12,exclude,launch,0,0.0,prior,0.0,sa,12600.0,43200.0,5519032.164176233,0,4799087.34097808,719944.8231981522,0,30,0.9037058690395843,32,3.354973506682877,10.23039504701401,11589.264541231918,1947.7734791750104,5.950006335511156,2.007377901275791,304.4430707936451,0.0,0.0036496350364963502,0.0,1.647141451000762,9.0,0.6193693693693694,1787.8989747485805,204,32.08359694480896,0.25,0.25
paper,100,1500000.0,6,8,exclude,launch,0,0.0,prior,0.0,sa,12600.0,43200.0,4804983.2890380025,0,4196325.695696811,608657.5933411908,0,29,0.8931074609826185,33,3.7655475862813503,8.61658381132295,10289.291685595672,2311.910759204692,4.450557464049882,2.0079542274514606,304.7915173911812,0.0,0.002551020408163265,0.0,1.3747244929560134,7.194539249146757,0.628099173553719,1563.2892022226579,293,58.91356325149536,0.25,0.25
paper,100,1500000.0,3,11,exclude,launch,0,0.0,prior,0.0,sa,12600.0,43200.0,1180584.2348741333,0,726702.6385967504,453881.596277383,0,0,0.0,0,3.255852413616095,7.176670553097363,11952.235825980682,2761.686046008668,4.327876386693076,2.0181929067893556,311.01503863084724,0.0,0.04950495049504951,0.0,2.690906272216679,16.933333333333334,0.6714129244249726,2640.7033537837738,75,44.17657113075256,0.25,0.25
paper,100,3000000.0,4,1,exclude,launch,0,0.0,prior,0.0,sa,12600.0,43200.0,803836.158492094,0,522486.80484660907,281349.3536454849,0,0,0.0,0,6.917659905248675,26.562879305022054,11231.271040943748,1497.2686130951147,7.501173097943165,2.0114772145784863,306.9258466834359,0.0,0.06666666666666667,0.0,4.062500040446414,27.727272727272727,0.7649572649572649,1831.280074555941,66,36.14821767807007,0.25,0.25
paper,100,1500000.0,5,8,exclude,launch,0,0.0,prior,0.0,sa,12600.0,43200.0,3123295.1571077984,0,2678148.215551462,445146.9415563363,0,18,0.7790491533720179,19,3.7655475862813503,8.657602850262766,10289.291685595672,2298.540278676789,4.476446108448861,2.0100655168336004,306.0697044888985,0.0,0.01098901098901099,0.0,1.6480129733742508,8.64039408866995,0.7092614302461899,1865.6723156722005,203,64.78062224388123,0.25,0.25
paper,100,1500000.0,6,12,exclude,launch,0,0.0,prior,0.0,sa,12600.0,43200.0,7993670.368564047,0,6931767.788226363,1061902.5803376841,0,44,0.9732671959858742,46,3.354973506682877,9.9118435199671,11589.264541231918,2012.2132142299688,5.759461502029189,2.0055410584237556,303.33384605279014,0.0,0.0,0.0,1.364511171350342,7.746621621621622,0.540386803185438,1433.6845671267872,296,44.49283218383789,0.25,0.25
paper,100,3000000.0,3,2,exclude,launch,0,0.0,prior,0.0,sa,12600.0,43200.0,1250729.5483769984,0,734360.8303331496,516368.7180438488,0,0,0.0,0,6.030447602068249,47.9126318719312,12932.680282731017,828.9888120796638,15.600548637426265,2.014147585175026,308.5485973549011,0.0,0.21568627450980393,0.0,5.375464051769577,38.351351351351354,0.7076591154261057,2388.420811096997,37,29.0391845703125,0.25,0.25
paper,100,3000000.0,5,1,exclude,launch,0,0.0,prior,0.0,sa,12600.0,43200.0,619305.0017795139,0,424761.40923917067,194543.59254034326,0,0,0.0,0,6.917659905248675,22.599732865128388,11231.271040943748,1761.5927383940411,6.375634274686415,2.009468348358996,305.70790390159164,0.0,0.07857142857142857,0.0,3.2568382425921985,21.495238095238093,0.8058568329718004,1491.6421506392392,105,44.50902009010315,0.25,0.25
paper,100,3000000.0,4,2,exclude,launch,0,0.0,prior,0.0,sa,12600.0,43200.0,816383.4869710922,0,543178.752168678,273204.73480241426,0,0,0.0,0,6.030447602068249,42.870526864085384,12932.680282731017,928.0299488695066,13.935628153471935,2.010801378851956,306.51582824670453,0.0,0.044444444444444446,0.0,4.05717450222036,29.71212121212121,0.7738478027867095,1709.1583703828396,66,38.20682382583618,0.25,0.25
paper,100,3000000.0,6,1,exclude,launch,0,0.0,prior,0.0,sa,12600.0,43200.0,514417.5519046896,0,364721.78272029205,149695.7691843975,0,0,0.0,0,6.917659905248675,20.851691357417394,11231.271040943748,1910.4437682559078,5.878880722669507,2.00823457451951,304.96108717696103,0.0,0.045454545454545456,0.0,2.738862226849747,17.421768707482993,0.7908992416034669,1304.5193668085305,147,51.035157203674316,0.25,0.25
paper,100,3000000.0,8,1,exclude,launch,0,0.0,prior,0.0,sa,12600.0,43200.0,724539.3265567393,0,569982.7762324767,154556.55032426273,0,1,0.38069096552544207,1,6.917659905248675,15.381497959234073,11231.271040943748,2591.4192036345867,4.334023235295688,2.007029158400689,304.2323177607601,0.0,0.002857142857142857,0.0,2.057352611228702,10.900763358778626,0.8302702702702702,1163.3277451705876,262,50.560731172561646,0.25,0.25
paper,100,3000000.0,9,1,exclude,launch,0,0.0,prior,0.0,sa,12600.0,43200.0,1696151.9601594866,0,1492696.1599815588,203455.8001779278,0,8,0.7767384792811367,8,6.917659905248675,14.576172822477167,11231.271040943748,2735.664869052919,4.105499605597519,2.0062432325437753,303.75763291204396,0.0,0.011337868480725623,0.0,1.8328935537519855,8.782477341389727,0.819078947368421,1135.4835169736696,331,54.261610984802246,0.25,0.25
paper,100,3000000.0,4,3,exclude,launch,0,0.0,prior,0.0,sa,12600.0,43200.0,882797.0682893359,0,563414.0421532376,319383.0261360983,0,0,0.0,0,6.51173021591961,20.37404489494541,11952.187925581738,1952.3529199132943,6.121940251515872,2.011196024523054,306.75522000336855,0.0,0.11235955056179775,0.0,4.073360985891753,27.56923076923077,0.7120582120582121,1851.798190555954,65,37.279335498809814,0.25,0.25
paper,100,3000000.0,7,2,exclude,launch,0,0.0,prior,0.0,sa,12600.0,43200.0,667547.5104066896,0,523579.59780090826,143967.91260578134,0,1,0.27639802735884217,1,6.030447602068249,21.628466733829004,12932.680282731017,1842.9805674732984,7.017263508351338,2.0069820952952284,304.20388207355035,0.0,0.014814814814814815,0.0,2.342144682806027,14.585,0.8425624321389794,1133.723288816391,200,50.24401140213013,0.25,0.25
paper,100,3000000.0,3,4,exclude,launch,0,0.0,prior,0.0,sa,12600.0,43200.0,1340874.8524407998,0,774149.3323267931,566725.5201140068,0,0,0.0,0,6.79287491723554,26.55506740579039,11443.712611825506,1495.3024718093923,7.653108870995197,2.014714572091231,308.8936988442868,0.0,0.11764705882352941,0.0,5.379515070758449,37.611111111111114,0.6876267748478702,2356.981748937391,36,27.176594018936157,0.25,0.25
paper,100,3000000.0,3,3,exclude,launch,0,0.0,prior,0.0,sa,12600.0,43200.0,1213630.9110865404,0,735201.9665565745,478428.944529966,0,0,0.0,0,6.51173021591961,23.406285622878205,11952.187925581738,1696.8452452331223,7.043770172417625,2.0142587124453284,308.6162207313765,0.0,0.13725490196078433,0.0,5.354302551054889,37.611111111111114,0.6645502645502646,2342.16440103857,36,47.13714790344238,0.25,0.25
paper,100,3000000.0,6,2,exclude,launch,0,0.0,prior,0.0,sa,12600.0,43200.0,550276.7354710897,0,390766.2186225375,159510.5168485522,0,0,0.0,0,6.030447602068249,24.541422248218172,12932.680282731017,1623.5282166745412,7.965787197232034,2.0078460853811206,304.72611954541463,0.0,0.02512562814070352,0.0,2.7360794215519104,18.64189189189189,0.8336933045356372,1216.9042696029358,148,58.16790795326233,0.25,0.25
paper,100,3000000.0,5,3,exclude,launch,0,0.0,prior,0.0,sa,12600.0,43200.0,631946.9207457838,0,444205.6982550606,187741.22249072322,0,0,0.0,0,6.51173021591961,19.113068096753974,11952.187925581738,2083.0992126625024,5.7376949945197815,2.009322396738982,305.61951016767705,0.0,0.06474820143884892,0.0,3.2767147933052185,22.23076923076923,0.7622601279317697,1453.3675928565283,104,47.05879592895508,0.25,0.25
paper,100,3000000.0,11,1,exclude,launch,0,0.0,prior,0.0,sa,12600.0,43200.0,4836822.645204954,0,4159656.9987771544,677165.6464277992,0,27,0.9621358473762117,29,6.917659905248675,14.547020743254928,11231.271040943748,2743.4247351001527,4.093887066500381,2.0045776269553404,302.7528625737669,0.0,0.0014970059880239522,0.0,1.4835430362988262,6.812,0.6758241758241759,967.0177197139559,500,70.06560325622559,0.25,0.25
paper,100,3000000.0,7,3,exclude,launch,0,0.0,prior,0.0,sa,12600.0,43200.0,758493.7559383713,0,629278.5812234669,129215.17471490441,0,2,0.4058021045118038,2,6.51173021591961,17.07369062018795,11952.187925581738,2334.5083214231868,5.119788100945952,2.0070914137240923,304.2699346790374,0.0,0.011152416356877323,0.0,2.3424782095409586,14.045226130653266,0.8081896551724138,1177.2007053935265,199,46.7999804019928,0.25,0.25
paper,100,3000000.0,6,3,exclude,launch,0,0.0,prior,0.0,sa,12600.0,43200.0,538650.5186087191,0,379615.28364330105,159035.23496541812,0,0,0.0,0,6.51173021591961,16.272252483336377,11952.187925581738,2448.0446311318606,4.882340694930717,2.0082740726989345,304.9849817030689,0.0,0.020100502512562814,0.0,2.73361380183912,17.86394557823129,0.7917547568710359,1276.779671608752,147,49.605632305145264,0.25,0.25
paper,100,3000000.0,9,2,exclude,launch,0,0.0,prior,0.0,sa,12600.0,43200.0,1814902.4944791223,0,1568207.4342138541,246695.0602652681,0,8,0.8101889694718554,11,6.030447602068249,19.692295683024025,12932.680282731017,2025.6148422794558,6.384570261233706,2.005565121615648,303.348364142968,0.0,0.008988764044943821,0.0,1.8181373072457212,10.635542168674698,0.8234649122807017,937.595796210097,332,61.86876916885376,0.25,0.25
paper,100,3000000.0,5,2,exclude,launch,0,0.0,prior,0.0,sa,12600.0,43200.0,643323.129033476,0,454318.9111680537,189004.2178654223,0,0,0.0,0,6.030447602068249,30.156069809521263,12932.680282731017,1320.4851662086744,9.793885318577887,2.0090082496170996,305.4292943386089,0.0,0.07142857142857142,0.0,3.2644248964521205,22.98095238095238,0.8092175777063236,1403.8243372717413,105,68.91260242462158,0.25,0.25
paper,100,3000000.0,8,2,exclude,launch,0,0.0,prior,0.0,sa,12600.0,43200.0,932587.8634827567,0,751950.5890286982,180637.27445405858,0,3,0.5444193044278999,4,6.030447602068249,18.74446790984767,12932.680282731017,2127.094760074253,6.079973739524214,2.0064578109791253,303.8871975842679,0.0,0.008547008547008548,0.0,2.0547761337869375,12.167300380228136,0.8346028291621328,1037.5845223804488,263,62.39390516281128,0.25,0.25
paper,100,3000000.0,7,1,exclude,launch,0,0.0,prior,0.0,sa,12600.0,43200.0,473327.89508954744,0,343111.583321551,130216.31176799646,0,0,0.0,1,6.917659905248675,15.738401473550596,11231.271040943748,2531.7145888976493,4.436231117913663,2.007773062465715,304.68196362945787,0.0,0.022388059701492536,0.0,2.3530027440298014,13.673366834170855,0.8260869565217391,1226.232024510819,199,83.21900200843811,0.25,0.25
paper,100,3000000.0,4,4,exclude,launch,0,0.0,prior,0.0,sa,12600.0,43200.0,941685.751683367,0,597747.287493568,343938.46418979886,0,0,0.0,0,6.79287491723554,18.935397942395408,11443.712611825506,2099.999349641923,5.44938864565687,2.011853672630103,307.15435644450827,0.0,0.14606741573033707,0.0,4.087477024740691,27.646153846153847,0.7664307381193124,1829.6284312767189,65,40.641735315322876,0.25,0.25
paper,100,3000000.0,9,3,exclude,launch,0,0.0,prior,0.0,sa,12600.0,43200.0,1537633.8152772477,0,1276659.3346078242,260974.48066942344,0,7,0.7256650143762525,9,6.51173021591961,12.575583887105942,11952.187925581738,3170.3468902259756,3.7699937386756477,2.0065733703609396,303.9569849759345,0.0,0.0022727272727272726,0.0,1.8414598658229107,8.896656534954408,0.7607758620689655,1130.8371961999997,329,52.30303120613098,0.25,0.25
paper,100,3000000.0,10,2,exclude,launch,0,0.0,prior,0.0,sa,12600.0,43200.0,2384327.8503884342,0,2042048.5299727053,342279.3204157287,0,12,0.8800135875630051,13,6.030447602068249,18.52337976854693,12932.680282731017,2153.8980544204765,6.004314018571625,2.0051395916086125,303.0916795857386,0.0,0.005454545454545455,0.0,1.6366262875965218,9.300970873786408,0.8043715846994536,865.132673414694,412,72.50801301002502,0.25,0.25
paper,100,3000000.0,5,4,exclude,launch,0,0.0,prior,0.0,sa,12600.0,43200.0,760307.2203636608,0,488249.255951842,272057.96441181883,0,0,0.0,0,6.79287491723554,16.70749788361567,11443.712611825506,2382.1845881017684,4.803873162887167,2.0100328799212375,306.0499255565967,0.0,0.06521739130434782,0.0,3.2866714964823,21.70873786407767,0.7878172588832487,1511.3616380156384,103,42.41473460197449,0.25,0.25
paper,100,3000000.0,10,3,exclude,launch,0,0.0,prior,0.0,sa,12600.0,43200.0,2886656.965002316,0,2508481.8057125825,378175.15928973356,0,16,0.8923435813460086,19,6.51173021591961,13.503325039318304,11952.187925581738,2954.1790141991696,4.04585770467325,2.0054528537306373,303.2806323225245,0.0,0.005494505494505495,0.0,1.6451192910247563,7.600985221674877,0.7562296858071506,1064.602304077746,406,60.28699612617493,0.25,0.25
paper,100,3000000.0,6,4,exclude,launch,0,0.0,prior,0.0,sa,12600.0,43200.0,637962.7791201553,0,432442.4004950586,205520.37862509664,0,0,0.0,0,6.79287491723554,14.60860088274712,11443.712611825506,2725.9725788289575,4.198029246773119,2.0089072223453757,305.3681349901985,0.0,0.02040816326530612,0.0,2.7566884240210547,16.917241379310344,0.8212809917355371,1351.1207336107318,145,44.67707419395447,0.25,0.25
paper,100,3000000.0,7,4,exclude,launch,0,0.0,prior,0.0,sa,12600.0,43200.0,872494.43422267,0,650637.2024847124,221857.23173795774,0,1,0.2837966819316189,1,6.79287491723554,12.317043477749992,11443.712611825506,3233.978462727371,3.538586525457089,2.008382318427384,305.0504700350961,0.0,0.0299625468164794,0.0,2.3563433158637417,12.368686868686869,0.8138572905894519,1356.4917398307,198,42.161211013793945,0.25,0.25
paper,100,3000000.0,10,1,exclude,launch,0,0.0,prior,0.0,sa,12600.0,43200.0,3137060.1037826375,0,2731478.955699799,405581.1480828384,0,17,0.9095375782737023,19,6.917659905248675,13.778924068200071,11231.271040943748,2894.863177409704,3.8797243091099674,2.0056107004794708,303.3758642756434,0.0,0.0,0.0,1.6424270643148018,7.438725490196078,0.752442996742671,1090.1033177014767,408,96.70482110977173,0.25,0.25
paper,100,3000000.0,8,4,exclude,launch,0,0.0,prior,0.0,sa,12600.0,43200.0,1669906.0515637698,0,1309209.777178996,360696.2743847738,0,4,0.6389942442532592,4,6.79287491723554,11.862257123913936,11443.712611825506,3359.168891240813,3.4067095112917696,2.0076629931381844,304.61541232206145,0.0,0.002857142857142857,0.0,2.062594723072268,9.381679389312977,0.7871690427698574,1352.235693071856,262,42.16242814064026,0.25,0.25
paper,100,3000000.0,3,5,exclude,launch,0,0.0,prior,0.0,sa,12600.0,43200.0,1237753.4794917307,0,749919.7216613826,487833.75783034816,0,0,0.0,0,6.3595786658418865,20.038471037670494,12246.11637607749,1981.2393261410023,6.181038410907229,2.015062244920762,309.105408319073,0.0,0.0784313725490196,0.0,5.373949264403563,35.166666666666664,0.6702127659574468,2499.3843694776406,36,31.674078464508057,0.25,0.25
paper,100,3000000.0,4,5,exclude,launch,0,0.0,prior,0.0,sa,12600.0,43200.0,890392.3483232191,0,562853.8517775778,327538.4965456412,0,0,0.0,0,6.3595786658418865,18.163883032093914,12246.11637607749,2189.281886624687,5.59366815707678,2.011775924695322,307.1071565379221,0.0,0.056179775280898875,0.0,4.055488293652795,26.092307692307692,0.732484076433121,1940.0962808590639,65,33.413527965545654,0.25,0.25
paper,100,3000000.0,8,3,exclude,launch,0,0.0,prior,0.0,sa,12600.0,43200.0,946277.0145258184,0,776040.2406104375,170236.7739153809,0,3,0.5082285532176946,3,6.51173021591961,14.732944227891407,11952.187925581738,2705.9089934627073,4.417069441159113,2.0067222040051576,304.0468788111008,0.0,0.005714285714285714,0.0,2.0558725178344037,11.011450381679388,0.7963558413719185,1154.5037843203436,262,78.93156170845032,0.25,0.25
paper,100,3000000.0,9,4,exclude,launch,0,0.0,prior,0.0,sa,12600.0,43200.0,3173701.2183108735,0,2638327.670219657,535373.5480912166,0,14,0.8333670440760855,18,6.79287491723554,10.674638125536365,11443.712611825506,3734.2280096628683,3.064545759448326,2.006947415680863,304.1829293839105,0.0,0.011363636363636364,0.0022727272727272726,1.8337219823918005,7.185410334346504,0.7231404958677686,1400.8296425382814,329,44.124107360839844,0.25,0.25
paper,100,3000000.0,3,6,exclude,launch,0,0.0,prior,0.0,sa,12600.0,43200.0,1179217.249933352,0,709654.966780104,469562.28315324814,0,0,0.0,0,6.874274158748102,18.80921929091601,11304.258964057533,2110.415445730185,5.356414059103116,2.015353623241148,309.2828940686782,0.0,0.058823529411764705,0.0,5.378390640335479,38.08108108108108,0.6871101871101871,2407.4848999900437,37,29.4499294757843,0.25,0.25
paper,100,3000000.0,10,4,exclude,launch,0,0.0,prior,0.0,sa,12600.0,43200.0,5238613.555977059,0,4490732.82355647,747880.7324205898,0,26,0.9045525849448691,32,6.79287491723554,10.341929201634422,11443.712611825506,3856.5315337493753,2.967358755316533,2.005818071590628,303.50099794148696,0.0,0.0,0.0,1.65733288657733,5.896039603960396,0.6424116424116424,1389.884512763895,404,50.13361215591431,0.25,0.25
paper,100,3000000.0,5,5,exclude,launch,0,0.0,prior,0.0,sa,12600.0,43200.0,661114.8965897048,0,441875.45886373456,219239.43772597023,0,0,0.0,0,6.3595786658418865,15.981546468121676,12246.11637607749,2490.47689612626,4.91717726638033,2.0099658002087333,306.00927527738025,0.0,0.03597122302158273,0.0,3.2629122397552064,21.125,0.7827476038338658,1533.2992502220604,104,43.182623624801636,0.25,0.25
paper,100,3000000.0,6,5,exclude,launch,0,0.0,prior,0.0,sa,12600.0,43200.0,553627.2481854414,0,393252.442906794,160374.80527864737,0,0,0.0,0,6.3595786658418865,14.82437813415131,12246.11637607749,2686.46272249892,4.558453863333819,2.0087814260893606,305.2919896868653,0.0,0.030303030303030304,0.0,2.7354616133593743,16.41216216216216,0.8049040511727079,1377.3636639017893,148,44.8556649684906,0.25,0.25
paper,100,3000000.0,7,5,exclude,launch,0,0.0,prior,0.0,sa,12600.0,43200.0,543341.1485640584,0,408763.4799289406,134577.66863511773,0,1,0.08577707060913202,1,6.3595786658418865,12.73220435287827,12246.11637607749,3128.7471533335984,3.9140639290808696,2.0082414148561107,304.9652251893156,0.0,0.018518518518518517,0.0,2.3505010405292093,12.97,0.801906779661017,1273.2409752216267,200,44.24994111061096,0.25,0.25
paper,100,3000000.0,4,6,exclude,launch,0,0.0,prior,0.0,sa,12600.0,43200.0,860749.3534756926,0,569832.0772009393,290917.2762747532,0,0,0.0,0,6.874274158748102,16.95605813587045,11304.258964057533,2344.680749018311,4.821235884156292,2.0122473882618825,307.3934325129006,0.0,0.06666666666666667,0.0,4.050771747431891,26.96969696969697,0.7403545359749739,1872.3636110776586,66,37.326369285583496,0.25,0.25
paper,100,3000000.0,8,5,exclude,launch,0,0.0,prior,0.0,sa,12600.0,43200.0,977840.6305533643,0,756654.2049648823,221186.425588482,0,3,0.4690267335477111,4,6.3595786658418865,11.341521316746356,12246.11637607749,3512.877365750312,3.486064300300974,2.00796290183723,304.7967634440387,0.0,0.011428571428571429,0.0,2.062509227977501,9.702290076335878,0.7840425531914894,1313.372533983386,262,47.2517511844635,0.25,0.25
paper,100,3000000.0,3,7,exclude,launch,0,0.0,prior,0.0,sa,12600.0,43200.0,1277514.741905954,0,740318.6398317069,537196.1020742471,0,0,0.0,0,6.9182243868964965,21.17349420828498,11230.327445221996,1874.6323794125713,5.990682529841448,2.0154932057057025,309.3679352503331,0.0,0.09803921568627451,0.0,5.370933320906101,37.054054054054056,0.6736183524504692,2451.759924250506,37,25.447514533996582,0.25,0.25
paper,100,3000000.0,5,6,exclude,launch,0,0.0,prior,0.0,sa,12600.0,43200.0,655309.7222461755,0,456010.17938961455,199299.54285656093,0,0,0.0,0,6.874274158748102,15.122877908892336,11304.258964057533,2631.2881257481426,4.296093177117744,2.010421569613732,306.28552450220343,0.0,0.03571428571428571,0.0,3.26571659097952,21.16190476190476,0.7883597883597884,1515.4191014151663,105,45.042855739593506,0.25,0.25
paper,100,3000000.0,10,5,exclude,launch,0,0.0,prior,0.0,sa,12600.0,43200.0,3886570.1839982467,0,3296587.2768108672,589982.9071873794,0,22,0.9183798455611368,27,6.3595786658418865,10.825977165879554,12246.11637607749,3683.54796518807,3.324543752873934,2.0061183520038948,303.6822414717099,0.0,0.0018214936247723133,0.0,1.641556794946299,6.419512195121952,0.6695187165775401,1254.3113096794398,410,55.42893648147583,0.25,0.25
paper,100,3000000.0,9,5,exclude,launch,0,0.0,prior,0.0,sa,12600.0,43200.0,2108840.6186959445,0,1734575.047923673,374265.5707722716,0,11,0.7807778559230268,13,6.3595786658418865,10.49070646575703,12246.11637607749,3798.9111081283545,3.223585924365285,2.007363948155985,304.43463721332427,0.0,0.0,0.0,1.8318270642538992,7.5,0.7289220917822838,1348.5344002515046,328,58.743788719177246,0.25,0.25
paper,100,3000000.0,11,4,exclude,launch,0,0.0,prior,0.0,sa,12600.0,43200.0,8266005.573486693,0,7122435.388254378,1143570.185232316,0,43,0.9611284770734512,51,6.79287491723554,10.702584402598676,11443.712611825506,3729.196124545246,3.0686808174297884,2.0044078794978333,302.6505565192003,0.0,0.0,0.0,1.5003389078236886,4.917171717171717,0.511340206185567,1367.9196256962302,495,69.53843307495117,0.25,0.25
paper,100,3000000.0,4,7,exclude,launch,0,0.0,prior,0.0,sa,12600.0,43200.0,830494.0530949467,0,548676.2881615564,281817.7649333903,0,0,0.0,0,6.9182243868964965,21.287369971267424,11230.327445221996,1867.6380483954051,6.013117721000926,2.012219094376024,307.37624850582534,0.0,0.033707865168539325,0.0,4.06925327000093,28.323076923076922,0.741503604531411,1791.1739666950618,65,38.404651403427124,0.25,0.25
paper,100,3000000.0,6,6,exclude,launch,0,0.0,prior,0.0,sa,12600.0,43200.0,569407.4641238936,0,396206.0515192979,173201.41260459577,0,0,0.0,0,6.874274158748102,14.475062060742896,11304.258964057533,2750.932108455222,4.1092468001347395,2.0090450727626634,305.4515876599825,0.0,0.020100502512562814,0.0,2.7323089032357677,17.114864864864863,0.8305084745762712,1328.296693598465,148,49.06231379508972,0.25,0.25
paper,100,3000000.0,8,6,exclude,launch,0,0.0,prior,0.0,sa,12600.0,43200.0,1035372.6378342856,0,889003.4042796679,146369.23355461773,0,4,0.5236913165741363,4,6.874274158748102,11.707592364551742,11304.258964057533,3403.130650707817,3.3217234729752034,2.0079078225998064,304.76345365736466,0.0,0.011396011396011397,0.0,2.050489378948923,10.171102661596958,0.8064516129032258,1239.6832468072098,263,49.09193181991577,0.25,0.25
paper,100,3000000.0,7,6,exclude,launch,0,0.0,prior,0.0,sa,12600.0,43200.0,545403.6727327385,0,398857.37668513204,146546.29604760656,0,1,0.0750919952561785,1,6.874274158748102,12.93340198384268,11304.258964057533,3079.846769043349,3.6703965527378566,2.0083902353477674,305.0552600234177,0.0,0.014814814814814815,0.0,2.3447359929663567,13.815,0.8229056203605515,1200.850197009063,200,51.08627104759216,0.25,0.25
paper,100,3000000.0,3,8,exclude,launch,0,0.0,prior,0.0,sa,12600.0,43200.0,1148220.2427969798,0,694535.892194191,453684.35060278873,0,0,0.0,0,7.531095172562701,34.16308169937871,10289.291685595672,1162.4467624251408,8.851408957542072,2.0144656909877354,308.742191457367,0.0,0.13725490196078433,0.0,5.367127086260414,37.24324324324324,0.718213058419244,2450.0834970170145,37,26.991575956344604,0.25,0.25
paper,100,3000000.0,5,7,exclude,launch,0,0.0,prior,0.0,sa,12600.0,43200.0,648981.393937373,0,443136.6285007405,205844.76543663244,0,0,0.0,0,6.9182243868964965,19.918341069583494,11230.327445221996,1998.1385178930082,5.620394854839254,2.0100702255127456,306.0725581402107,0.0,0.036231884057971016,0.0,3.2709259671580715,22.019417475728154,0.7745302713987474,1473.956719535423,103,44.54401755332947,0.25,0.25
paper,100,3000000.0,9,6,exclude,launch,0,0.0,prior,0.0,sa,12600.0,43200.0,2161170.9332260033,0,1922917.9649319132,238252.9682940902,0,11,0.8302625978911241,12,6.874274158748102,12.1636675486005,11304.258964057533,3277.3393263787448,3.4492183562048284,2.006799739394004,304.09371457315,0.0,0.0022371364653243847,0.0022371364653243847,1.8111022203195828,8.826347305389222,0.7822838847385272,1125.3970697881564,334,54.746856927871704,0.25,0.25
paper,100,3000000.0,7,7,exclude,launch,0,0.0,prior,0.0,sa,12600.0,43200.0,540416.2759673225,0,384505.8090322085,155910.46693511403,0,0,0.0,1,6.9182243868964965,13.484029705741682,11230.327445221996,2953.8700922397284,3.8019029593501066,2.008532644833588,305.1414287085095,0.0,0.018656716417910446,0.0,2.3546146349287325,13.346733668341708,0.8126984126984127,1255.2222068830426,199,45.97393536567688,0.25,0.25
paper,100,3000000.0,8,7,exclude,launch,0,0.0,prior,0.0,sa,12600.0,43200.0,1302962.120656999,0,1063344.7307549624,239617.38990203658,0,5,0.5903799017550079,6,6.9182243868964965,12.702051689509696,11230.327445221996,3137.082781650377,3.579863276452613,2.00765984232436,304.6135073499463,0.0,0.005681818181818182,0.0,2.0533933805285662,9.640151515151516,0.7646443514644351,1305.0883849055556,264,44.46537947654724,0.25,0.25
paper,100,3000000.0,6,7,exclude,launch,0,0.0,prior,0.0,sa,12600.0,43200.0,569601.5551525225,0,398809.2371023982,170792.3180501244,0,0,0.0,0,6.9182243868964965,17.595490343195515,11230.327445221996,2263.3089959768636,4.961906423375872,2.0088372980147713,305.32580815972335,0.0,0.030303030303030304,0.0,2.7313356187907276,17.10958904109589,0.7943336831059811,1321.7239362093073,146,51.216439723968506,0.25,0.25
paper,100,3000000.0,10,6,exclude,launch,0,0.0,prior,0.0,sa,12600.0,43200.0,2931473.5674000485,0,2563240.451622604,368233.1157774442,0,16,0.883575857377456,19,6.874274158748102,11.653939609026084,11304.258964057533,3421.358978639942,3.3040259834269716,2.0064049000016055,303.85524682417264,0.0,0.0018148820326678765,0.0,1.6318310351900873,7.196601941747573,0.7534833869239014,1113.6354735355505,412,60.261820554733276,0.25,0.25
paper,100,3000000.0,9,7,exclude,launch,0,0.0,prior,0.0,sa,12600.0,43200.0,2695645.6494415794,0,2245397.776879576,450247.8725620031,0,14,0.8550487055611175,15,6.9182243868964965,12.355589320759867,11230.327445221996,3226.7894245367324,3.480340972926774,2.0065773119064585,303.9593654534496,0.0,0.0022522522522522522,0.0,1.821926586777369,8.207831325301205,0.7007454739084132,1217.3277361369953,332,48.95935916900635,0.25,0.25
paper,100,3000000.0,4,8,exclude,launch,0,0.0,prior,0.0,sa,12600.0,43200.0,752050.978600812,0,510404.22721121844,241646.75138959356,0,0,0.0,0,7.531095172562701,29.747095892406755,10289.291685595672,1337.089002032624,7.695293035806917,2.011338176780425,306.8414723440662,0.0,0.07777777777777778,0.0,4.057162127560566,29.40909090909091,0.7761529808773904,1729.69794400535,66,41.82760977745056,0.25,0.25
paper,100,3000000.0,11,6,exclude,launch,0,0.0,prior,0.0,sa,12600.0,43200.0,3788547.5789405215,0,3367948.802677329,420598.7762631921,0,25,0.9347701194777112,28,6.874274158748102,11.243997887226925,11304.258964057533,3547.0449111880725,3.186951179671194,2.005868897223281,303.53167152035365,0.0,0.0,0.0,1.4841483528192119,6.342,0.6847710330138446,1044.120453518152,500,70.07887029647827,0.25,0.25
paper,100,3000000.0,3,9,exclude,launch,0,0.0,prior,0.0,sa,12600.0,43200.0,1267284.6709283853,0,741670.2156586979,525614.4552696872,0,0,0.0,0,6.4666189875538285,12.660354681584298,12037.891901054898,3135.9118628022134,3.8387213760204286,2.015024200112536,309.08223804422806,0.0,0.0784313725490196,0.0,5.363235416386906,34.24324324324324,0.7021040974529347,2676.6611105972656,37,26.19132137298584,0.25,0.25
paper,100,3000000.0,5,8,exclude,launch,0,0.0,prior,0.0,sa,12600.0,43200.0,605737.4498990222,0,420031.96507616853,185705.4848228537,0,0,0.0,0,7.531095172562701,26.75109363684405,10289.291685595672,1488.3199305360104,6.913360141518792,2.0093340688906407,305.62657878700105,0.0,0.07194244604316546,0.0,3.264627882691414,22.701923076923077,0.8073394495412844,1431.088135434766,104,46.492348432540894,0.25,0.25
paper,100,3000000.0,6,8,exclude,launch,0,0.0,prior,0.0,sa,12600.0,43200.0,515983.71104209404,0,368839.24145849916,147144.46958359488,0,0,0.0,0,7.531095172562701,24.72259861050081,10289.291685595672,1611.4871128021728,6.384966782454681,2.0080246157700437,304.8340877995031,0.0,0.030303030303030304,0.0,2.7354992841432795,17.81081081081081,0.8219653179190751,1268.3523835307528,148,47.064541816711426,0.25,0.25
paper,100,3000000.0,10,7,exclude,launch,0,0.0,prior,0.0,sa,12600.0,43200.0,3943356.56551952,0,3338234.4181733336,605122.147346186,0,22,0.9256534664928281,25,6.9182243868964965,12.332489145409788,11230.327445221996,3234.2246816501597,3.4723399116143288,2.0057142407470714,303.4383402124376,0.0,0.0018281535648994515,0.0,1.6396896877787288,7.083333333333333,0.6554267650158061,1147.1343502937516,408,57.669373989105225,0.25,0.25
paper,100,3000000.0,4,9,exclude,launch,0,0.0,prior,0.0,sa,12600.0,43200.0,933023.5519053823,0,581667.4496401633,351356.1022652189,0,0,0.0,0,6.4666189875538285,11.18262397460654,12037.891901054898,3555.1670046400322,3.3860271220293234,2.012270028804291,307.40718336463203,0.0,0.05555555555555555,0.0,4.067741510914027,24.363636363636363,0.745928338762215,2074.1813293913247,66,32.9173002243042,0.25,0.25
paper,100,3000000.0,11,7,exclude,launch,0,0.0,prior,0.0,sa,12600.0,43200.0,5379738.3008768475,0,4553236.0974492645,826502.2034275824,0,32,0.9589705982892286,37,6.9182243868964965,11.95608584015961,11230.327445221996,3337.303346103261,3.365090398010979,2.004957996437528,302.9821723811192,0.0,0.0030120481927710845,0.0,1.4907399843347267,5.765060240963855,0.5542553191489362,1160.1514971335291,498,61.59486413002014,0.25,0.25
paper,100,3000000.0,5,9,exclude,launch,0,0.0,prior,0.0,sa,12600.0,43200.0,735429.7501173995,0,492337.2120158831,243092.53810151646,0,0,0.0,0,6.4666189875538285,9.703089142878644,12037.891901054898,4100.10558161932,2.935995588752761,2.010874307867639,306.56005989206363,0.0,0.03571428571428571,0.0,3.272891940573331,18.409523809523808,0.7953539823008849,1742.345296937986,105,35.74129009246826,0.25,0.25
paper,100,3000000.0,7,8,exclude,launch,0,0.0,prior,0.0,sa,12600.0,43200.0,457917.43829667027,0,347038.9526497662,110878.48564690408,0,0,0.0,0,7.531095172562701,20.723597072980006,10289.291685595672,1923.1876365899257,5.35012366439709,2.0072579599318154,304.3705793538008,0.0,0.018656716417910446,0.0,2.3621552900445346,14.21105527638191,0.8424737456242707,1181.5391201517784,199,52.33559966087341,0.25,0.25
paper,100,3000000.0,3,10,exclude,launch,0,0.0,prior,0.0,sa,12600.0,43200.0,1295666.0116581463,0,751886.7029430976,543779.3087150487,0,0,0.0,0,7.3781107558958645,13.497067909240478,10509.55079334799,2940.860840700492,3.573630770929198,2.0154687996980245,309.35306494804377,0.0,0.0784313725490196,0.0,5.370824125021208,37.37837837837838,0.6951476793248945,2452.02466835033,37,25.745333671569824,0.25,0.25
paper,100,3000000.0,8,8,exclude,launch,0,0.0,prior,0.0,sa,12600.0,43200.0,828913.697532042,0,688023.8754421822,140889.82208985984,0,5,0.4668386899274295,6,7.531095172562701,17.437860387083564,10289.291685595672,2286.2838749227917,4.500443623145067,2.0066269348079993,303.9893357642843,0.0,0.005681818181818182,0.0,2.055089208548469,10.878787878787879,0.8496503496503497,1161.5689034410227,264,51.53023672103882,0.25,0.25
paper,100,3000000.0,7,9,exclude,launch,0,0.0,prior,0.0,sa,12600.0,43200.0,1293305.5361455162,0,953027.4211919357,340278.1149535804,0,5,0.43021117985932034,5,6.4666189875538285,7.746124679992532,12037.891901054898,5138.132707751958,2.342853442242392,2.010019112292997,306.0415821591401,0.0,0.011152416356877323,0.0,2.3441725706677254,9.175,0.7240223463687151,1815.259966534689,200,33.8759503364563,0.25,0.25
paper,100,3000000.0,6,9,exclude,launch,0,0.0,prior,0.0,sa,12600.0,43200.0,689370.1528421304,0,463961.7848894856,225408.36795264482,0,0,0.0,0,6.4666189875538285,8.76791774579317,12037.891901054898,4538.769136129794,2.6522371021760325,2.0102747932567233,306.19654736697464,0.0,0.010101010101010102,0.0,2.7326432535936824,13.83673469387755,0.7842046718576196,1637.3764109892504,147,38.02595591545105,0.25,0.25
paper,100,3000000.0,8,9,exclude,launch,0,0.0,prior,0.0,sa,12600.0,43200.0,3075698.70347935,0,2482215.595317539,593483.1081618115,0,16,0.8024672716544845,19,6.4666189875538285,7.660205095617745,12037.891901054898,5198.867773666629,2.315483375443665,2.0088190465026017,305.31476057592556,0.0,0.0028328611898017,0.0,2.0489879451935784,6.943181818181818,0.6592427616926503,1815.216295206282,264,34.782904863357544,0.25,0.25
paper,100,3000000.0,9,8,exclude,launch,0,0.0,prior,0.0,sa,12600.0,43200.0,1322132.9583529483,0,1167166.7022897797,154966.2560631688,0,9,0.6985364283764005,10,7.531095172562701,15.181835143807497,10289.291685595672,2626.4864172889693,3.917511858377005,2.006275439242074,303.77707788654857,0.0,0.006802721088435374,0.0,1.8331754682497776,9.11178247734139,0.8374269005847953,1096.70425472416,331,54.20460391044617,0.25,0.25
paper,100,3000000.0,9,9,exclude,launch,0,0.0,prior,0.0,sa,12600.0,43200.0,5761070.951962694,0,4785072.621286113,975998.3306765812,0,32,0.9415596425792603,36,6.4666189875538285,7.9900967030740615,12037.891901054898,4988.205762202555,2.4132709184272976,2.0072136037937,304.34377310012775,0.0,0.0022271714922048997,0.0,1.8062539813617273,5.669642857142857,0.5406911928651059,1743.769195769984,336,38.93809199333191,0.25,0.25
paper,100,3000000.0,10,8,exclude,launch,0,0.0,prior,0.0,sa,12600.0,43200.0,2621320.9279691377,0,2412398.1063974416,208922.82157169576,0,17,0.8899040249266191,19,7.531095172562701,15.552730240140523,10289.291685595672,2565.084708297357,4.011287288997743,2.005310538001469,303.194783345041,0.0,0.0018315018315018315,0.0,1.6399738969767326,8.066339066339067,0.8146399055489965,1003.4688984398273,407,60.57653522491455,0.25,0.25
paper,100,3000000.0,4,10,exclude,launch,0,0.0,prior,0.0,sa,12600.0,43200.0,887958.898976479,0,571402.6392815794,316556.25969489955,0,0,0.0,0,7.3781107558958645,12.987625258624703,10509.55079334799,3061.0606233015637,3.4333037096183734,2.0122795197621066,307.4129478389404,0.0,0.0449438202247191,0.0,4.059898732862729,27.43076923076923,0.744973544973545,1859.128965427374,65,34.77906847000122,0.25,0.25
paper,100,3000000.0,10,9,exclude,launch,0,0.0,prior,0.0,sa,12600.0,43200.0,7330215.721756979,0,6222640.763382495,1107574.9583744833,0,42,0.972587669834194,45,6.4666189875538285,8.504428519649153,12037.891901054898,4689.551726165424,2.5669600430866986,2.005919596890073,303.56227062224605,0.0,0.0,0.0,1.6211392655177432,5.0774818401937045,0.48549107142857145,1568.9907267651656,413,45.11636257171631,0.25,0.25
paper,100,3000000.0,11,8,exclude,launch,0,0.0,prior,0.0,sa,12600.0,43200.0,3343165.1814809563,0,2995852.5612151106,347312.6202658459,0,23,0.9269060177935045,28,7.531095172562701,14.55369179897287,10289.291685595672,2741.681965407948,3.752912196022954,2.0049324176785257,302.96674923036215,0.0,0.0015128593040847202,0.0,1.4980714748530668,6.793522267206478,0.7727272727272727,980.6785481047573,494,64.7072434425354,0.25,0.25
paper,100,3000000.0,5,10,exclude,launch,0,0.0,prior,0.0,sa,12600.0,43200.0,680325.0962137311,0,462615.7138362496,217709.3823774815,0,0,0.0,0,7.3781107558958645,12.573053050408639,10509.55079334799,3165.0126110130686,3.3205399424882716,2.0103598131541185,306.2480856110476,0.0,0.02857142857142857,0.0,3.2600626250735796,21.695238095238096,0.805111821086262,1471.7601457868157,105,41.859543561935425,0.25,0.25
paper,100,3000000.0,3,11,exclude,launch,0,0.0,prior,0.0,sa,12600.0,43200.0,1090343.3905119614,0,667850.7446231667,422492.64588879456,0,0,0.0,0,6.51170482723219,21.441957849071805,11952.235825980682,1851.3505489964991,6.455954995913248,2.015286937123191,309.24226940789725,0.0,0.11764705882352941,0.0,5.382486969920889,36.4054054054054,0.7006507592190889,2519.1222919570037,37,24.511645078659058,0.25,0.25
paper,100,3000000.0,12,8,exclude,launch,0,0.0,prior,0.0,sa,12600.0,43200.0,4333753.259641004,0,3883532.3140456867,450220.9455953173,0,28,0.9548546482182417,33,7.531095172562701,14.17189019448341,10289.291685595672,2815.971275303728,3.6539050578510888,2.0046289034138853,302.7837700723757,0.0,0.0025380710659898475,0.0,1.3690354905740585,6.122033898305085,0.7236533957845434,912.2154894769344,590,70.35245013237,0.25,0.25
paper,100,3000000.0,6,10,exclude,launch,0,0.0,prior,0.0,sa,12600.0,43200.0,562090.3613265868,0,393083.98887193913,169006.37245464762,0,0,0.0,0,7.3781107558958645,11.539387683759092,10509.55079334799,3450.260440305189,3.0460166631416317,2.0093488556958166,305.63553374833623,0.0,0.025252525252525252,0.0,2.7324379296523085,17.53061224489796,0.8254310344827587,1289.9136953938698,147,45.91815662384033,0.25,0.25
paper,100,3000000.0,4,11,exclude,launch,0,0.0,prior,0.0,sa,12600.0,43200.0,817802.5872315642,0,530126.9868283423,287675.6004032219,0,0,0.0,0,6.51170482723219,18.453108004942994,11952.235825980682,2154.516508796076,5.547525756792406,2.012197648604096,307.36322395189814,0.0,0.056179775280898875,0.0,4.071557950810098,26.046153846153846,0.7418655097613883,1950.8517517434611,65,31.898804187774658,0.25,0.25
paper,100,3000000.0,8,10,exclude,launch,0,0.0,prior,0.0,sa,12600.0,43200.0,802945.3609712386,0,629865.9523090702,173079.4086621684,0,1,0.35727817541083196,1,7.3781107558958645,9.72723227257552,10509.55079334799,4094.258781485588,2.566899493718527,2.0087477876929762,305.27162975264235,0.0,0.008571428571428572,0.0,2.0626097717553975,10.19083969465649,0.8065217391304348,1248.7342633818675,262,45.256016969680786,0.25,0.25
paper,100,3000000.0,7,10,exclude,launch,0,0.0,prior,0.0,sa,12600.0,43200.0,513090.8755352572,0,369407.1966805379,143683.67885471933,0,0,0.0,0,7.3781107558958645,10.540949253761697,10509.55079334799,3777.8092154310116,2.781916765521191,2.008955157168345,305.39715275297976,0.0,0.022222222222222223,0.0,2.348501692816804,13.890547263681592,0.8185745140388769,1196.961329951126,201,48.70336151123047,0.25,0.25
paper,100,3000000.0,9,10,exclude,launch,0,0.0,prior,0.0,sa,12600.0,43200.0,1963976.2644631127,0,1643192.7015095323,320783.56295358035,0,9,0.7499675784332855,12,7.3781107558958645,9.312811540627047,10509.55079334799,4277.896769775785,2.456709770932322,2.008070112129025,304.8616052903475,0.0,0.002257336343115124,0.0,1.8249246540556663,7.674698795180723,0.7738095238095238,1301.0221223029537,332,46.188350200653076,0.25,0.25
paper,100,3000000.0,5,11,exclude,launch,0,0.0,prior,0.0,sa,12600.0,43200.0,629276.669937097,0,432676.3077668456,196600.36217025146,0,0,0.0,0,6.51170482723219,16.339504881883112,11952.235825980682,2435.604928024071,4.907296617960595,2.0102230591326196,306.16518876098047,0.0,0.03571428571428571,0.0,3.274288423102236,20.39047619047619,0.7771739130434783,1567.3920772500055,105,37.93405604362488,0.25,0.25
paper,100,3000000.0,3,12,exclude,launch,0,0.0,prior,0.0,sa,12600.0,43200.0,1281708.391157607,0,772301.4231423509,509406.9680152562,0,0,0.0,0,6.709947013365754,37.920697342190536,11589.264541231918,1047.5878346722602,11.062809396653256,2.0138319433835834,308.3565628274801,0.0,0.13725490196078433,0.0,5.372188349396371,37.567567567567565,0.6941045606229144,2430.5687379778824,37,26.47427225112915,0.25,0.25
paper,100,3000000.0,10,10,exclude,launch,0,0.0,prior,0.0,sa,12600.0,43200.0,4375687.02868976,0,3834983.8478792617,540703.180810498,0,22,0.9294611228754118,22,7.3781107558958645,9.481890048941628,10509.55079334799,4203.860213841654,2.4999762738885045,2.006997379869061,304.2131169189461,0.0,0.009124087591240875,0.0,1.636588100982861,6.777506112469438,0.7049891540130152,1189.8936786931317,409,51.40764594078064,0.25,0.25
paper,200,1500000.0,1,1,exclude,launch,0,0.0,prior,0.0,sa,12600.0,43200.0,10783400.816714559,0,7115365.4861460645,3668035.3305684943,0,1,0.003645839960121123,0,3.1040000731118647,13.064355797215793,12553.264301279043,1487.3037055067175,8.440283080584543,2.058601722481071,336.1912820519673,0.0,0.07692307692307693,0.0,7.3680713775187705,60.6,0.19948453608247424,11722.674512834123,10,10.53055214881897,0.25,0.25
paper,100,3000000.0,6,11,exclude,launch,0,0.0,prior,0.0,sa,12600.0,43200.0,539380.2582837614,0,373544.228098698,165836.0301850635,0,0,0.0,0,6.51170482723219,14.675521580303137,11952.235825980682,2713.3968550859217,4.404897795756532,2.009014745354457,305.43322690281605,0.0,0.025252525252525252,0.0,2.7269254309290036,16.292517006802722,0.8043956043956044,1381.0529594354678,147,41.564828395843506,0.25,0.25
paper,100,3000000.0,7,11,exclude,launch,0,0.0,prior,0.0,sa,12600.0,43200.0,703416.8249506577,0,558891.2188666444,144525.6060840133,0,2,0.3535757506294063,2,6.51170482723219,14.321585368763053,11952.235825980682,2781.797057692944,4.296587989022158,2.0080450295822394,304.8464344996374,0.0,0.022304832713754646,0.0,2.3446113915837823,13.040201005025125,0.8197802197802198,1269.9226537876434,199,44.60416054725647,0.25,0.25
paper,200,1500000.0,1,2,exclude,launch,0,0.0,prior,0.0,sa,12600.0,43200.0,11409265.481460253,0,7689479.177348305,3719786.3041119487,0,2,0.006764515073701721,0,3.3159819774530117,16.71392982301146,11729.458404372006,1165.4320809071803,10.064471878311188,2.053498775433262,332.9579009518145,0.0,0.08333333333333333,0.0,7.502990397688274,53.625,0.18880351262349068,13490.019949486144,8,9.29814100265503,0.25,0.25
paper,100,3000000.0,4,12,exclude,launch,0,0.0,prior,0.0,sa,12600.0,43200.0,908008.1293365657,0,585712.2636557014,322295.8656808643,0,0,0.0,0,6.709947013365754,33.498649489834435,11589.264541231918,1187.725166467591,9.757530503205137,2.010697461337296,306.4528075060963,0.0,0.056179775280898875,0.0,4.048815175320482,27.861538461538462,0.7619577308120133,1818.9189891212634,65,35.238152742385864,0.25,0.25
paper,100,3000000.0,8,11,exclude,launch,0,0.0,prior,0.0,sa,12600.0,43200.0,942043.9255607707,0,787894.6709285079,154149.2546322627,0,4,0.5727848980574142,5,6.51170482723219,12.935887212815564,11952.235825980682,3080.632375848132,3.879799459255537,2.0074923147316035,304.51222927297346,0.0,0.0084985835694051,0.0,2.0462566657040644,10.732075471698113,0.8318681318681319,1166.9042237643307,265,46.27991843223572,0.25,0.25
paper,100,3000000.0,11,10,exclude,launch,0,0.0,prior,0.0,sa,12600.0,43200.0,6786475.201432916,0,5832744.745836876,953730.4555960399,0,35,0.9699370491254998,40,7.3781107558958645,9.691081730586241,10509.55079334799,4115.37597800506,2.5537279824533856,2.0058950771545985,303.54747187315667,0.0,0.0,0.0,1.48105772075146,6.004,0.5823336968375137,1099.5083722409393,500,57.41879677772522,0.25,0.25
paper,200,1500000.0,2,1,exclude,launch,0,0.0,prior,0.0,sa,12600.0,43200.0,6733853.7906063795,0,4036222.1209499226,2697631.669656457,0,0,0.0,0,3.1040000731118647,11.47613854274034,12553.264301279043,1707.964478250456,7.349839215706588,2.0407291813055495,324.93516864627577,0.0,0.14893617021276595,0.0,3.8883996284332056,30.085714285714285,0.357487922705314,6380.5304709093625,35,20.873076677322388,0.25,0.25
paper,100,3000000.0,9,11,exclude,launch,0,0.0,prior,0.0,sa,12600.0,43200.0,1471397.7430081873,0,1263546.5007266803,207851.24228150706,0,7,0.7531768687905257,8,6.51170482723219,11.932096229836493,11952.235825980682,3340.341352619931,3.5781480286756264,2.007161831408224,304.31248639367044,0.0,0.0022675736961451248,0.0,1.8296472389411984,8.72644376899696,0.8050383351588171,1153.955731064038,329,49.700310707092285,0.25,0.25
paper,100,3000000.0,5,12,exclude,launch,0,0.0,prior,0.0,sa,12600.0,43200.0,717771.0705298191,0,484732.32895211206,233038.74157770703,0,0,0.0,0,6.709947013365754,26.892886978444366,11589.264541231918,1480.7748878730106,7.826486413393174,2.00892405751081,305.3783261472229,0.0,0.03571428571428571,0.0,3.2692712297732425,21.438095238095237,0.8268590455049944,1493.5230495241865,105,40.55472922325134,0.25,0.25
paper,200,1500000.0,1,3,exclude,launch,0,0.0,prior,0.0,sa,12600.0,43200.0,10497534.273227273,0,6984726.496305447,3512807.7769218264,0,3,0.012386097148310357,0,3.2296331529964935,10.693522854305881,12051.974255823505,1821.1896047651626,6.617638396512577,2.053922377917355,333.2257136024918,0.0,0.08333333333333333,0.0,7.490112829380794,55.666666666666664,0.18534718425369054,12972.94718204758,9,9.341552019119263,0.25,0.25
paper,100,3000000.0,12,10,exclude,launch,0,0.0,prior,0.0,sa,12600.0,43200.0,7932695.778666906,0,6836623.167542653,1096072.6111242531,0,44,0.9836715682985783,48,7.3781107558958645,9.705191166141358,10509.55079334799,4110.439567975383,2.5567948681762322,2.0053843675831784,303.2393179741882,0.0,0.0,0.0,1.3458525465608477,4.94314381270903,0.507103825136612,1117.1533307849431,598,62.168384075164795,0.25,0.25
paper,100,3000000.0,7,12,exclude,launch,0,0.0,prior,0.0,sa,12600.0,43200.0,936084.2591492665,0,707726.3014116168,228357.95773764965,0,1,0.29552727484573393,1,6.709947013365754,17.58927101188868,11589.264541231918,2265.9472689328054,5.1145340847627585,2.0072078526933526,304.3402975581463,0.0,0.00749063670411985,0.0,2.358461597415447,11.928934010152284,0.8020247469066367,1393.2686215249291,197,39.57450556755066,0.25,0.25
paper,100,3000000.0,10,11,exclude,launch,0,0.0,prior,0.0,sa,12600.0,43200.0,2139779.609678933,0,1887309.3559953247,252470.25368360817,0,13,0.8414511343011666,16,6.51170482723219,10.672097732360285,11952.235825980682,3734.6322921843553,3.2003782142069785,2.007207842383841,304.3402913278536,0.0,0.0036496350364963502,0.0,1.6434480433907253,7.117359413202934,0.8125689084895259,1136.0755375165852,409,53.31182241439819,0.25,0.25
paper,200,1500000.0,3,1,exclude,launch,0,0.0,prior,0.0,sa,12600.0,43200.0,5391598.781142942,0,3285293.9283263576,2106304.852816584,0,0,0.0,0,3.1040000731118647,9.357764318219417,12553.264301279043,2104.774209386028,5.964185728473406,2.0308711716957717,318.8086117900238,0.0,0.049019607843137254,0.0,2.653970476693506,18.626666666666665,0.4743169398907104,4642.101450210128,75,28.10839557647705,0.25,0.25
paper,200,1500000.0,2,2,exclude,launch,0,0.0,prior,0.0,sa,12600.0,43200.0,6679489.755855596,0,3899005.938971958,2780483.816883638,0,0,0.0,0,3.3159819774530117,16.508352104495923,11729.458404372006,1188.2211679608545,9.871443735092951,2.039196058466492,323.97853437968786,0.0,0.0425531914893617,0.0,3.8758978449940904,30.37142857142857,0.3880359978824775,6295.700568744955,35,21.47760844230652,0.25,0.25
paper,100,3000000.0,6,12,exclude,launch,0,0.0,prior,0.0,sa,12600.0,43200.0,599979.3577501834,0,426754.53974498925,173224.8180051941,0,0,0.0,0,6.709947013365754,21.503497463253428,11589.264541231918,1852.866120444802,6.254777079333601,2.007875796396532,304.7440862885833,0.0,0.030303030303030304,0.0,2.7377200019913435,16.958904109589042,0.8307349665924276,1345.5343732493784,146,43.36961817741394,0.25,0.25
paper,200,1500000.0,1,4,exclude,launch,0,0.0,prior,0.0,sa,12600.0,43200.0,10751074.39551979,0,7163667.268389976,3587407.127129814,0,6,0.02314530918157794,0,3.242084150930747,18.983766961818866,12004.409346330513,1026.002663298058,11.70017366986423,2.05366267155759,333.0615076301632,0.0,0.08333333333333333,0.0,7.438613644992605,53.22222222222222,0.18142313959804454,13475.488101758287,9,9.057643175125122,0.25,0.25
paper,200,1500000.0,4,1,exclude,launch,0,0.0,prior,0.0,sa,12600.0,43200.0,6375223.775684265,0,4178734.2604486733,2196489.515235592,0,6,0.13583771575031559,6,3.1040000731118647,6.316262682736637,12553.264301279043,3123.2279297751916,4.0193237840898215,2.027664643040655,316.8283855667632,0.0,0.0625,0.0,2.0499865057054167,11.305343511450381,0.4413529732678669,4491.390367987808,131,30.12150526046753,0.25,0.25
paper,100,3000000.0,8,12,exclude,launch,0,0.0,prior,0.0,sa,12600.0,43200.0,2498723.3023657915,0,2153515.829176698,345207.4731890937,0,11,0.8056987924977554,13,6.709947013365754,17.868341482639437,11589.264541231918,2232.119661317714,5.192044468794423,2.0058029716011063,303.49188530448475,0.0,0.005698005698005698,0.002849002849002849,2.051026562479241,9.977186311787072,0.7631874298540965,1267.064313942203,263,43.589356899261475,0.25,0.25
paper,200,1500000.0,1,5,exclude,launch,0,0.0,prior,0.0,sa,12600.0,43200.0,10304140.610089837,0,6936283.114539757,3367857.4955500793,0,8,0.030783637009510856,0,3.3723852028955883,7.676482371770499,11527.707915944866,2534.3615774619443,4.5485648213974965,2.0560286334549254,334.55894240300296,0.0,0.08333333333333333,0.0,7.570986456249783,55.888888888888886,0.1755348326933626,13060.881829800253,9,9.352115392684937,0.25,0.25
paper,200,1500000.0,2,3,exclude,launch,0,0.0,prior,0.0,sa,12600.0,43200.0,6265768.736887735,0,3763378.9114469015,2502389.825440834,0,0,0.0,0,3.2296331529964935,10.162303592928131,12051.974255823505,1930.5866246970359,6.242648789569235,2.0388183477305617,323.7430678744962,0.0,0.10638297872340426,0.0,3.8920066299340146,28.82857142857143,0.350635593220339,6669.635600905268,35,20.292866230010986,0.25,0.25
paper,200,1500000.0,3,2,exclude,launch,0,0.0,prior,0.0,sa,12600.0,43200.0,5236075.3378386805,0,3160950.7565320143,2075124.581306666,0,0,0.0,0,3.3159819774530117,12.438742171804035,11729.458404372006,1584.7128882529867,7.401629968001807,2.02923776159847,317.7991109700687,0.0,0.0392156862745098,0.0,2.6561287223824586,19.133333333333333,0.48154093097913325,4559.76415218932,75,28.98316788673401,0.25,0.25
paper,100,3000000.0,9,12,exclude,launch,0,0.0,prior,0.0,sa,12600.0,43200.0,3361256.150080118,0,2930069.204590305,431186.9454898125,0,20,0.8804861988822064,24,6.709947013365754,14.280823588432769,11589.264541231918,2793.589926208979,4.148520308046445,2.0052756338137043,303.1737299818634,0.0,0.0022727272727272726,0.0,1.8370648160685774,8.206686930091186,0.7286036036036037,1230.957382088547,329,49.477843284606934,0.25,0.25
paper,200,1500000.0,5,1,exclude,launch,0,0.0,prior,0.0,sa,12600.0,43200.0,10882252.651917676,0,8568289.362072513,2313963.289845163,0,43,0.6852179765844706,43,3.1040000731118647,6.037436917122648,12553.264301279043,3276.4741153698997,3.8313332745074455,2.0220907569196647,313.40085461418386,0.0,0.02962962962962963,0.0,1.6716388430017524,8.348258706467663,0.44353070175438597,3955.755125436795,201,35.780312061309814,0.25,0.25
paper,200,1500000.0,4,2,exclude,launch,0,0.0,prior,0.0,sa,12600.0,43200.0,6612786.026225972,0,4331567.230887127,2281218.7953388453,0,9,0.1813775601206352,7,3.3159819774530117,7.3923444871323785,11729.458404372006,2671.7261864231077,4.390217255038152,2.025283605562067,315.36194155030586,0.0,0.01694915254237288,0.0,2.0397340392963588,11.318181818181818,0.47707889125799574,4430.852248183372,132,31.523030519485474,0.25,0.25
paper,200,1500000.0,1,6,exclude,launch,0,0.0,prior,0.0,sa,12600.0,43200.0,10991075.811707122,0,7326882.444689367,3664193.3670177558,0,5,0.017679986223983164,0,3.2032699748526543,9.724214549119694,12153.906366729707,2002.3146804403018,6.069928211312473,2.0543438086899584,333.4922600768542,0.0,0.08333333333333333,0.0,7.443053565103515,52.888888888888886,0.170479302832244,13568.511518511586,9,8.997745752334595,0.25,0.25
paper,200,1500000.0,2,4,exclude,launch,0,0.0,prior,0.0,sa,12600.0,43200.0,6304359.565882354,0,3749805.2991768722,2554554.2667054813,0,0,0.0,0,3.242084150930747,12.422192841005174,12004.409346330513,1579.0509747401074,7.602293743750921,2.039227007727108,323.9978320768318,0.0,0.06382978723404255,0.0,3.886515268132887,29.02857142857143,0.3555672268907563,6633.789481432671,35,20.37632179260254,0.25,0.25
paper,200,1500000.0,3,3,exclude,launch,0,0.0,prior,0.0,sa,12600.0,43200.0,4799593.824734889,0,2871092.352735441,1928501.4719994473,0,0,0.0,0,3.2296331529964935,7.983683775026366,12051.974255823505,2466.1716914417166,4.8869161452331635,2.0315773224044755,319.2455316297561,0.0,0.0594059405940594,0.0,2.6716805174467817,18.783783783783782,0.44097035040431265,4648.8906820126695,74,27.782586336135864,0.25,0.25
paper,200,1500000.0,2,5,exclude,launch,0,0.0,prior,0.0,sa,12600.0,43200.0,6145353.999380284,0,3630428.585301571,2514925.414078713,0,0,0.0,0,3.3723852028955883,7.7034644043949285,11527.707915944866,2543.057535146399,4.533011053279704,2.041821277593356,325.61747233387564,0.0,0.043478260869565216,0.0,3.89221326748176,29.323529411764707,0.3565121412803532,6420.188641088372,34,19.770371675491333,0.25,0.25
paper,200,1500000.0,4,3,exclude,launch,0,0.0,prior,0.0,sa,12600.0,43200.0,5569741.290528881,0,3669916.0366907734,1899825.253838107,0,6,0.175581800070322,6,3.2296331529964935,6.093901061825366,12051.974255823505,3238.0671125434947,3.7219655544312378,2.027116677420426,316.4906007105525,0.0,0.01694915254237288,0.0,2.042093930146408,11.827067669172932,0.47252155172413796,4225.251331934622,133,31.22306776046753,0.25,0.25
paper,100,3000000.0,10,12,exclude,launch,0,0.0,prior,0.0,sa,12600.0,43200.0,5301649.661000837,0,4638403.827652657,663245.8333481785,0,30,0.9553971538979825,32,6.709947013365754,16.656033948805526,11589.264541231918,2396.75248437316,4.835403161900943,2.003988400509503,302.39781250728913,0.0,0.0036496350364963502,0.0,1.6362106301367787,7.612745098039215,0.6886898096304591,1062.777743991542,408,55.07351326942444,0.25,0.25
paper,200,1500000.0,3,4,exclude,launch,0,0.0,prior,0.0,sa,12600.0,43200.0,5542006.891407779,0,3271575.487458005,2270431.403949775,0,1,0.010365923055218097,0,3.242084150930747,8.141712350939235,12004.409346330513,2419.140629626674,4.962261887264923,2.0308746621732627,318.8107707332514,0.0,0.0297029702970297,0.0,2.6857555035707144,16.62162162162162,0.4105037513397642,5288.053581191301,74,25.094555616378784,0.25,0.25
paper,200,1500000.0,1,7,exclude,launch,0,0.0,prior,0.0,sa,12600.0,43200.0,10703058.963751113,0,7129212.344939725,3573846.6188113885,0,6,0.024284591099645637,0,3.2635302106174757,12.441764062533624,11923.332736392373,1565.336982705558,7.617102814362604,2.053856911953682,333.18431726176516,0.0,0.08333333333333333,0.0,7.472330772877512,54.888888888888886,0.18147549811523964,13125.539257891212,9,9.248429298400879,0.25,0.25
paper,200,1500000.0,4,4,exclude,launch,0,0.0,prior,0.0,sa,12600.0,43200.0,7724893.353308547,0,5356084.153680804,2368809.199627743,0,15,0.27373414423783965,14,3.242084150930747,5.571268548939654,12004.409346330513,3543.7188049219885,3.3875174660182377,2.0260336075657057,315.823489156289,0.0,0.02824858757062147,0.0,2.0304032904969134,9.007575757575758,0.3723404255319149,5567.103840893436,132,26.237162113189697,0.25,0.25
paper,200,1500000.0,5,2,exclude,launch,0,0.0,prior,0.0,sa,12600.0,43200.0,9239677.892851101,0,7279936.454446016,1959741.4384050856,0,35,0.6833732916827864,36,3.3159819774530117,8.687316291105645,11729.458404372006,2280.943025656965,5.142372375124823,2.018644859388057,311.29120486731426,0.0,0.010869565217391304,0.0,1.6281056436043775,10.019417475728156,0.547915538711424,3187.1717324186116,206,41.071309089660645,0.25,0.25
paper,200,1500000.0,3,5,exclude,launch,0,0.0,prior,0.0,sa,12600.0,43200.0,5355047.444097588,0,3195289.2271300396,2159758.216967548,0,0,0.0,0,3.3723852028955883,6.2245980349128995,11527.707915944866,3160.250752362747,3.647719380282159,2.033420214597072,320.38720198135746,0.0,0.0392156862745098,0.0,2.647249487678772,16.76,0.4316076294277929,5143.939586093859,75,25.258856296539307,0.25,0.25
paper,200,1500000.0,4,5,exclude,launch,0,0.0,prior,0.0,sa,12600.0,43200.0,6762162.396090875,0,4543934.84637037,2218227.5497205053,0,11,0.22233331002695803,10,3.3723852028955883,4.778478049375383,11527.707915944866,4123.394867113326,2.795683723595236,2.030090832422197,318.32613691207644,0.0,0.028089887640449437,0.0,2.0268460375506727,9.522388059701493,0.40413943355119825,5198.8135414453645,134,26.77241086959839,0.25,0.25
paper,200,1500000.0,2,6,exclude,launch,0,0.0,prior,0.0,sa,12600.0,43200.0,6230451.447995688,0,3798128.622050364,2432322.8259453233,0,0,0.0,0,3.2032699748526543,9.144782498136154,12153.906366729707,2144.111181517927,5.668505659359199,2.0400429413800825,324.5067959743601,0.0,0.0425531914893617,0.0,3.8695101621507466,29.885714285714286,0.3771186440677966,6384.014938353999,35,20.495899200439453,0.25,0.25
paper,200,1500000.0,5,3,exclude,launch,0,0.0,prior,0.0,sa,12600.0,43200.0,8285696.504771908,0,6364601.3907819465,1921095.1139899616,0,33,0.6443773830889569,35,3.2296331529964935,6.087594848935557,12051.974255823505,3248.1918970904917,3.7103639925396155,2.022891417451104,313.8920555685386,0.0,0.018315018315018316,0.003663003663003663,1.6473223564776762,8.945812807881774,0.46266233766233766,3611.5103783463514,203,36.740076541900635,0.25,0.25
paper,200,1500000.0,1,8,exclude,launch,0,0.0,prior,0.0,sa,12600.0,43200.0,10601349.773703033,0,7198074.6554100355,3403275.118292998,0,5,0.022003059735982974,0,3.1675290294996263,23.38547818452102,12294.806654485117,832.7638938612201,14.763856532586466,2.0539593743973414,333.24910886401074,0.0,0.08333333333333333,0.0,7.4433807291091165,54.888888888888886,0.19685497961560863,13074.686994046177,9,9.394346237182617,0.25,0.25
paper,200,1500000.0,5,4,exclude,launch,0,0.0,prior,0.0,sa,12600.0,43200.0,13662142.28564796,0,11238286.937102756,2423855.3485452035,0,67,0.8260529555802012,68,3.242084150930747,6.3137859638287415,12004.409346330513,3139.884959315348,3.8232003725856485,2.0176990966577475,310.71343540139856,0.0,0.010948905109489052,0.0,1.6491928591686653,7.214634146341464,0.3595263724434876,4490.681151114927,205,32.503589153289795,0.25,0.25
paper,100,3000000.0,11,12,exclude,launch,0,0.0,prior,0.0,sa,12600.0,43200.0,6374877.646744034,0,5525529.925286919,849347.7214571154,0,36,0.9726741693217613,39,6.709947013365754,17.082147803207132,11589.264541231918,2337.597260345581,4.957767848991493,2.003446834835364,302.07166510233293,0.0,0.0,0.0,1.4845040623448191,6.71,0.6237288135593221,984.7985631270258,500,63.919074058532715,0.25,0.25
paper,200,1500000.0,2,7,exclude,launch,0,0.0,prior,0.0,sa,12600.0,43200.0,6072536.935030841,0,3523802.282657167,2548734.652373675,0,0,0.0,0,3.2635302106174757,13.46547514117508,11923.332736392373,1456.5622285470458,8.185941185833283,2.0394321680724623,324.1257696071458,0.0,0.0425531914893617,0.0,3.868482882627211,30.685714285714287,0.3757894736842105,6240.341459457409,35,21.293092966079712,0.25,0.25
paper,200,1500000.0,1,9,exclude,launch,0,0.0,prior,0.0,sa,12600.0,43200.0,10309956.142465921,0,6781711.3817369165,3528244.7607290056,0,5,0.018434558631830692,0,3.2333094937769142,8.576191556659726,12037.891901054898,2265.8264748613487,5.312803974448893,2.058443123402301,336.09055364328543,0.0,0.08333333333333333,0.0,7.506478412636439,56.375,0.19296254256526674,12837.935564523721,8,9.659257650375366,0.25,0.25
paper,200,1500000.0,3,6,exclude,launch,0,0.0,prior,0.0,sa,12600.0,43200.0,5044585.69167061,0,3086689.7935496466,1957895.8981209628,0,0,0.0,0,3.2032699748526543,6.733256806769355,12153.906366729707,2923.7578175403123,4.156947026807609,2.0318582959756037,319.41946289210307,0.0,0.029411764705882353,0.0,2.667882733565217,18.533333333333335,0.46537842190016104,4688.229235927284,75,27.0543053150177,0.25,0.25
paper,200,1500000.0,5,5,exclude,launch,0,0.0,prior,0.0,sa,12600.0,43200.0,11803952.942534968,0,9615074.598552546,2188878.3439824237,0,54,0.7925764854336593,55,3.3723852028955883,5.194314458247109,11527.707915944866,3807.329011936179,3.0277677289787377,2.0226062520055725,313.7170639922652,0.0,0.01824817518248175,0.0072992700729927005,1.6342698856816376,7.4975609756097565,0.39737991266375544,4268.267249305897,205,33.217225074768066,0.25,0.25
paper,200,1500000.0,1,10,exclude,launch,0,0.0,prior,0.0,sa,12600.0,43200.0,11014501.62156584,0,7402212.931726533,3612288.689839307,0,6,0.021307447543971878,0,3.144145478943395,8.493383982844234,12388.724302957144,2291.989994146911,5.405226172275801,2.0547856077260827,333.7718034798244,0.0,0.16666666666666666,0.0,7.478261438159854,53.888888888888886,0.17109634551495018,13379.716803942742,9,9.035083770751953,0.25,0.25
paper,200,1500000.0,4,6,exclude,launch,0,0.0,prior,0.0,sa,12600.0,43200.0,5929895.904493075,0,4001762.5300893746,1928133.3744037002,0,11,0.206911951323432,9,3.2032699748526543,5.628033499659713,12153.906366729707,3505.7284724858614,3.4668704271074215,2.0273327758093114,316.6237896756195,0.0,0.011235955056179775,0.0,2.0307742509092557,11.0,0.4812433011789925,4535.812404287749,133,29.853869438171387,0.25,0.25
paper,200,1500000.0,3,7,exclude,launch,0,0.0,prior,0.0,sa,12600.0,43200.0,4986377.447796545,0,2906329.795650323,2080047.6521462218,0,0,0.0,0,3.2635302106174757,8.354555701344713,11923.332736392373,2357.9933740754377,5.05655905036946,2.030458194016191,318.5532268845331,0.0,0.0196078431372549,0.0,2.6692212938450655,18.813333333333333,0.45570971184631803,4640.878198639763,75,27.6074538230896,0.25,0.25
paper,200,1500000.0,4,7,exclude,launch,0,0.0,prior,0.0,sa,12600.0,43200.0,6929122.910599106,0,4666946.127505806,2262176.7830933,0,13,0.23087050037352713,9,3.2635302106174757,5.836403759888027,11923.332736392373,3382.3323164331496,3.5251807394745187,2.0262750070109012,315.9721170045676,0.0,0.01694915254237288,0.0,2.0477701935147694,10.166666666666666,0.423728813559322,4937.45937943225,132,27.84196949005127,0.25,0.25
paper,200,1500000.0,2,8,exclude,launch,0,0.0,prior,0.0,sa,12600.0,43200.0,6126235.243991049,0,3711787.0751151503,2414448.168875899,0,0,0.0,0,3.1675290294996263,18.291452405785435,12294.806654485117,1072.3863367448378,11.464904235730232,2.0392033126337035,323.98305749665866,0.0,0.0851063829787234,0.0,3.8809287721190184,30.2,0.4004461795872839,6358.847490296997,35,21.337047815322876,0.25,0.25
paper,200,1500000.0,1,11,exclude,launch,0,0.0,prior,0.0,sa,12600.0,43200.0,11004234.324165598,0,7217291.668339551,3786942.655826045,0,3,0.01358670574972052,0,3.2033676002501545,13.386923807690676,12153.525807302402,1454.124129479143,8.357969970318633,2.054838615668092,333.805351531373,0.0,0.08333333333333333,0.0,7.446115334710386,55.77777777777778,0.19126589275843006,12871.052376439284,9,9.351897954940796,0.25,0.25
paper,200,1500000.0,2,9,exclude,launch,0,0.0,prior,0.0,sa,12600.0,43200.0,6522781.384982696,0,3906867.0019105403,2615914.383072155,0,0,0.0,0,3.2333094937769142,8.062772273750562,12037.891901054898,2430.14908472873,4.953561070266045,2.0414684859881884,325.39698219195867,0.0,0.08695652173913043,0.0,3.9114838276369004,27.764705882352942,0.35826771653543305,6877.758085712049,34,19.373148202896118,0.25,0.25
paper,200,1500000.0,5,6,exclude,launch,0,0.0,prior,0.0,sa,12600.0,43200.0,8775869.845509779,0,6939143.04091576,1836726.8045940192,0,44,0.6599199223976351,43,3.2032699748526543,5.4621349518341775,12153.906366729707,3620.0741034260504,3.35736397087209,2.022926504918421,313.913590339385,0.0,0.0036496350364963502,0.0,1.6335482670576893,8.214634146341464,0.46756756756756757,3906.0873366308274,205,35.347168922424316,0.25,0.25
paper,200,1500000.0,3,9,exclude,launch,0,0.0,prior,0.0,sa,12600.0,43200.0,6397419.523833779,0,3874500.612442756,2522918.911391022,0,1,0.005429334199332486,0,3.2333094937769142,5.067494908672562,12037.891901054898,3879.8061684787135,3.1027044595310285,2.034495066756823,321.05401294326083,0.0,0.0196078431372549,0.0,2.6618431271356227,14.93421052631579,0.3705555555555556,5878.221669678037,76,22.850931644439697,0.25,0.25
paper,200,1500000.0,6,5,exclude,launch,0,0.0,prior,0.0,sa,12600.0,43200.0,16065110.054356074,0,13760769.63285779,2304340.4214982823,0,97,0.9545074562377717,103,3.3723852028955883,6.172513968491549,11527.707915944866,3217.4550395379715,3.5828652690668994,2.014120376143635,308.53204119291235,0.0,0.005063291139240506,0.0,1.361109805044613,7.653061224489796,0.39039204859193816,2890.826590057264,294,45.39955949783325,0.25,0.25
paper,200,1500000.0,2,10,exclude,launch,0,0.0,prior,0.0,sa,12600.0,43200.0,6600069.289987872,0,3901176.217605202,2698893.0723826704,0,1,0.005536233453578429,0,3.144145478943395,7.665715321105384,12388.724302957144,2555.1653573276535,4.848501983415281,2.0421530795493332,325.82491236424784,0.0,0.02127659574468085,0.0,3.885396647926797,28.0,0.34909670563230605,6840.965093741935,35,19.230072021484375,0.25,0.25
paper,200,1500000.0,1,12,exclude,launch,0,0.0,prior,0.0,sa,12600.0,43200.0,11512321.949970858,0,7771288.809279563,3741033.140691295,0,3,0.01070052136360662,0,2.9929782408338608,28.440145497782215,13031.281034479704,685.5887982731969,19.00742991615644,2.0514666649197553,331.6746442312417,0.0,0.08333333333333333,0.0,7.459738262556421,52.111111111111114,0.17262569832402236,13801.896394004838,9,9.064394235610962,0.25,0.25
paper,200,1500000.0,3,8,exclude,launch,0,0.0,prior,0.0,sa,12600.0,43200.0,4724923.164775731,0,2839363.281621145,1885559.8831545855,0,0,0.0,0,3.1675290294996263,12.76221392381043,12294.806654485117,1544.1039691546703,7.962421507935109,2.029819553854259,318.1584940501757,0.0,0.0594059405940594,0.0,2.668984739844643,20.12162162162162,0.5074285714285715,4334.423513854213,74,29.350507736206055,0.25,0.25
paper,200,1500000.0,5,7,exclude,launch,0,0.0,prior,0.0,sa,12600.0,43200.0,11042015.213240657,0,8958482.132444156,2083533.0807965011,0,54,0.7893422325651245,54,3.2635302106174757,6.527141888701299,11923.332736392373,3034.8069544519717,3.9288603576254486,2.019323349735566,311.7060273948403,0.0,0.02181818181818182,0.0,1.6351407328576208,8.678048780487805,0.4499196572040707,3679.324291146429,205,35.442530393600464,0.25,0.25
paper,200,1500000.0,4,9,exclude,launch,0,0.0,prior,0.0,sa,12600.0,43200.0,9308573.233341573,0,6563215.35324426,2745357.880097314,0,29,0.43603678877751123,25,3.2333094937769142,4.483166823226655,12037.891901054898,4396.51991238843,2.7380501262225048,2.02939248187754,317.89466452380066,0.0,0.022598870056497175,0.0,2.029115852410756,8.421052631578947,0.35626398210290827,5919.438425675793,133,24.302035808563232,0.25,0.25
paper,200,1500000.0,4,8,exclude,launch,0,0.0,prior,0.0,sa,12600.0,43200.0,4882646.784194439,0,3197778.457945127,1684868.3262493117,0,6,0.14015671550256403,6,3.1675290294996263,9.751151069125235,12294.806654485117,2026.230773361388,6.067821501935248,2.024487966340904,314.8726779531962,0.0,0.02824858757062147,0.0,2.038975736989977,13.136363636363637,0.5448315248429468,3828.4680999028756,132,34.18221426010132,0.25,0.25
paper,200,1500000.0,2,11,exclude,launch,0,0.0,prior,0.0,sa,12600.0,43200.0,6320362.471929687,0,3790210.6220971113,2530151.8498325753,0,3,0.02348324300998724,0,3.2033676002501545,11.125207661463174,12153.525807302402,1762.8288561533104,6.89433110019696,2.0395845531214984,324.22081292664774,0.0,0.0425531914893617,0.0,3.876814081588426,30.37142857142857,0.39384116693679094,6312.157895177263,35,20.496100425720215,0.25,0.25
paper,200,1500000.0,3,10,exclude,launch,0,0.0,prior,0.0,sa,12600.0,43200.0,5332065.50123289,0,3244392.3722221195,2087673.1290107705,0,2,0.017153596343285935,0,3.144145478943395,5.993986938476091,12388.724302957144,3279.799665906889,3.7772807991098962,2.0346835869115028,321.17103750721594,0.0,0.049019607843137254,0.0,2.6699029776800627,17.263157894736842,0.4415443175638934,5085.129510018806,76,25.824892044067383,0.25,0.25
paper,200,1500000.0,5,9,exclude,launch,0,0.0,prior,0.0,sa,12600.0,43200.0,13506867.354870982,0,10815751.8655248,2691115.4893461824,0,68,0.8166459304231025,69,3.2333094937769142,4.9577768306384735,12037.891901054898,3988.7525138822098,3.01795908850172,2.022720736941471,313.7873117310316,0.0,0.01090909090909091,0.0,1.6392571608314266,6.829268292682927,0.35399218313791175,4741.304339435654,205,31.094881534576416,0.25,0.25
paper,200,1500000.0,4,10,exclude,launch,0,0.0,prior,0.0,sa,12600.0,43200.0,6753054.649115622,0,4640278.7284605745,2112775.9206550475,0,13,0.2698811085815293,12,3.144145478943395,5.057349561831123,12388.724302957144,3897.2897610293603,3.1788050318550107,2.0294311489015397,317.9185470986232,0.0,0.011299435028248588,0.0,2.031844104908186,9.759398496240602,0.4265193370165746,5060.137786984961,133,27.103267669677734,0.25,0.25
paper,200,1500000.0,5,8,exclude,launch,0,0.0,prior,0.0,sa,12600.0,43200.0,7289930.691107768,0,5468454.606865086,1821476.0842426813,0,24,0.5422733130825663,24,3.1675290294996263,8.987865950240405,12294.806654485117,2203.458416484111,5.579777028015348,2.0197543208178246,311.9696624479867,0.0,0.0072992700729927005,0.0,1.6406180453087862,9.995145631067961,0.5528269560251285,3213.617889545538,206,40.09449362754822,0.25,0.25
paper,200,1500000.0,2,12,exclude,launch,0,0.0,prior,0.0,sa,12600.0,43200.0,6668614.875670654,0,4038520.2493625204,2630094.626308134,0,1,0.005154823913907424,0,2.9929782408338608,18.558123608845044,13031.281034479704,1057.5830659995693,12.321756515799782,2.0380340704794744,323.25441944285586,0.0,0.06382978723404255,0.0,3.876456032213237,28.685714285714287,0.35054347826086957,6690.288487472264,35,20.022684335708618,0.25,0.25
paper,200,1500000.0,3,11,exclude,launch,0,0.0,prior,0.0,sa,12600.0,43200.0,5064965.100478922,0,3032838.53048944,2032126.5699894812,0,3,0.02941509370705619,0,3.2033676002501545,8.484775013695954,12153.525807302402,2321.626635072974,5.234918321360657,2.0306135641672656,318.6492955936662,0.0,0.029411764705882353,0.0,2.6601016753011426,18.946666666666665,0.4729655925723648,4593.974960819057,75,27.416344165802002,0.25,0.25
paper,200,1500000.0,5,10,exclude,launch,0,0.0,prior,0.0,sa,12600.0,43200.0,10893540.179776143,0,8500901.187168911,2392638.992607234,0,42,0.6544713181589631,42,3.144145478943395,4.852324094280393,12388.724302957144,4069.4367469644976,3.044333914809765,2.0257035468796936,315.62032982447516,0.0,0.01824817518248175,0.0,1.642470032253284,6.5588235294117645,0.37936681222707425,4884.197846882998,204,31.019862174987793,0.25,0.25
paper,200,1500000.0,4,11,exclude,launch,0,0.0,prior,0.0,sa,12600.0,43200.0,5968804.925883603,0,3881247.532836308,2087557.3930472955,0,7,0.1434303318412518,7,3.2033676002501545,6.71112744164759,12153.525807302402,2942.7363172361693,4.13000843334718,2.0254109626908923,315.4402927219988,0.0,0.017045454545454544,0.0,2.0379318200884784,10.930769230769231,0.47310647639956094,4590.215050603651,130,29.72471022605896,0.25,0.25
paper,200,1500000.0,3,12,exclude,launch,0,0.0,prior,0.0,sa,12600.0,43200.0,5975231.823394448,0,3726459.2118380372,2248772.6115564103,0,1,0.03714926272915035,1,2.9929782408338608,10.047986345830264,13031.281034479704,1961.9536964354027,6.641992141891897,2.0290474421472346,317.6815914569297,0.0,0.0196078431372549,0.0,2.68884197369909,17.14666666666667,0.43171806167400884,5128.044908890506,75,25.527822017669678,0.25,0.25
paper,200,1500000.0,4,12,exclude,launch,0,0.0,prior,0.0,sa,12600.0,43200.0,7971239.243242285,0,5598789.811063224,2372449.4321790603,0,16,0.28024562208307385,12,2.9929782408338608,8.084705064530104,13031.281034479704,2446.310683554758,5.326911713251328,2.022479825567289,313.63949810763387,0.0,0.022598870056497175,0.0,2.032447239106654,10.280303030303031,0.409718387631143,4852.882789752496,132,28.093732118606567,0.25,0.25
paper,200,1500000.0,5,11,exclude,launch,0,0.0,prior,0.0,sa,12600.0,43200.0,9002273.930772476,0,7077668.58086695,1924605.349905526,0,36,0.6384861069877629,38,3.2033676002501545,6.440771781944056,12153.525807302402,3073.2145334322604,3.954662349500531,2.0208273083854182,312.6265180636253,0.0,0.01090909090909091,0.0,1.638010593512379,8.66504854368932,0.49835706462212487,3699.1692318616524,206,36.02630424499512,0.25,0.25
paper,200,3000000.0,3,1,exclude,launch,0,0.0,prior,0.0,sa,12600.0,43200.0,3877254.642137158,0,2210498.213898045,1666756.4282391132,0,0,0.0,0,6.208000146223729,22.59116529729879,12553.264301279043,1745.0568277277207,7.193613469668459,2.0292790855615386,317.8246307923191,0.0,0.1346153846153846,0.0,5.272326973421797,46.027027027027025,0.5553202752779248,3829.849487778121,37,33.88786196708679,0.25,0.25
paper,200,1500000.0,5,12,exclude,launch,0,0.0,prior,0.0,sa,12600.0,43200.0,12579084.40222409,0,10300279.605393756,2278804.7968303333,0,58,0.8101988107165876,58,2.9929782408338608,9.343593087704367,13031.281034479704,2123.656027553792,6.136248462746693,2.0158671138432043,309.5957978964367,0.0,0.0036496350364963502,0.0,1.649850129282138,9.519607843137255,0.4434589800443459,3388.852393957438,204,37.6351044178009,0.25,0.25
paper,200,3000000.0,3,2,exclude,launch,0,0.0,prior,0.0,sa,12600.0,43200.0,4066808.520181018,0,2262879.081162239,1803929.439018779,0,0,0.0,0,6.631963954906023,32.45390527101938,11729.458404372006,1214.7869669164447,9.655568197398004,2.0291908669392487,317.7701521773487,0.0,0.15384615384615385,0.0,5.293112087686139,45.648648648648646,0.5507322175732218,3897.0313030525717,37,33.49983620643616,0.25,0.25
paper,200,3000000.0,4,1,exclude,launch,0,0.0,prior,0.0,sa,12600.0,43200.0,2742529.2188668074,0,1682105.1846566906,1060424.0342101168,0,0,0.0,0,6.208000146223729,22.567263545882756,12553.264301279043,1752.235289891093,7.1641430655464475,2.023106118462973,314.0238388909112,0.0,0.15217391304347827,0.0,4.007333359427849,35.76470588235294,0.6556149732620321,2766.2148803399505,68,45.255841970443726,0.25,0.25
paper,200,3000000.0,3,3,exclude,launch,0,0.0,prior,0.0,sa,12600.0,43200.0,3647213.9530830723,0,2048293.9340628139,1598920.0190202584,0,0,0.0,0,6.459266305992987,21.386075397396908,12051.974255823505,1843.1943198311374,6.538634655149998,2.0294939920266373,317.95736388568247,0.0,0.07692307692307693,0.0,5.256314389820676,46.16216216216216,0.5318487830139824,3847.424838271997,37,33.23657822608948,0.25,0.25
paper,200,3000000.0,4,2,exclude,launch,0,0.0,prior,0.0,sa,12600.0,43200.0,2831794.4729674812,0,1685550.209259969,1146244.2637075123,0,0,0.0,0,6.631963954906023,35.720531539809684,11729.458404372006,1107.5163583065146,10.590776665644318,2.02218984263501,313.46162231585595,0.0,0.07608695652173914,0.0,4.016093479369097,35.338235294117645,0.6460970464135021,2799.2068203800673,68,44.756847620010376,0.25,0.25
paper,200,3000000.0,5,1,exclude,launch,0,0.0,prior,0.0,sa,12600.0,43200.0,2241121.260661074,0,1388467.695158341,852653.5655027329,0,0,0.0,0,6.208000146223729,21.457468360879457,12553.264301279043,1846.2996488980036,6.799147857051091,2.019339400177355,311.7158438261787,0.0,0.08633093525179857,0.0,3.254337335169737,28.728155339805824,0.6939655172413793,2247.438258434162,103,52.9102509021759,0.25,0.25
paper,200,3000000.0,6,1,exclude,launch,0,0.0,prior,0.0,sa,12600.0,43200.0,2077585.07516045,0,1323606.7995005643,753978.275659886,0,0,0.0,0,6.208000146223729,18.314677812389036,12553.264301279043,2165.594966562798,5.7966815102102895,2.0170351688008457,310.3081603733293,0.0,0.07035175879396985,0.0,2.7386566737939404,21.62162162162162,0.708963282937365,2102.30504980598,148,56.80644202232361,0.25,0.25
paper,200,3000000.0,5,2,exclude,launch,0,0.0,prior,0.0,sa,12600.0,43200.0,2207673.5245628916,0,1380984.2348828595,826689.2896800321,0,0,0.0,0,6.631963954906023,27.006900081625272,11729.458404372006,1467.561911072156,7.992479442180959,2.0184538202258837,311.17445517980906,0.0,0.05,0.0,3.2439989444509894,28.304761904761904,0.7041954328199681,2257.3357932104987,105,53.88832092285156,0.25,0.25
paper,200,3000000.0,7,1,exclude,launch,0,0.0,prior,0.0,sa,12600.0,43200.0,2168977.044625893,0,1430684.0495315704,738292.9950943221,0,2,0.09445838001530497,3,6.208000146223729,16.76020232061249,12553.264301279043,2368.5615962774064,5.299952646791459,2.015236621569261,309.21161933261016,0.0,0.04814814814814815,0.0,2.3441815338664513,17.155,0.7139773340528872,1932.9881663573076,200,59.859358072280884,0.25,0.25
paper,200,3000000.0,4,3,exclude,launch,0,0.0,prior,0.0,sa,12600.0,43200.0,2586010.050015786,0,1540981.3217479112,1045028.728267875,0,0,0.0,0,6.459266305992987,19.890506171750683,12051.974255823505,1988.2214886030306,6.061685946414096,2.022923169102446,313.91154296597733,0.0,0.12087912087912088,0.0,4.0211278637632795,34.88059701492537,0.6270470153195985,2867.378339540113,67,44.06082558631897,0.25,0.25
paper,200,3000000.0,8,1,exclude,launch,0,0.0,prior,0.0,sa,12600.0,43200.0,2896898.838895659,0,2071870.1359975797,825028.7028980791,0,6,0.3061780679435117,6,6.208000146223729,15.259282187431024,12553.264301279043,2603.049482299487,4.822522347976926,2.014064889926,308.498280294189,0.0,0.02,0.0,2.0655075982951048,13.19083969465649,0.7089022392135446,1928.6636722875628,262,60.81618642807007,0.25,0.25
paper,200,3000000.0,9,1,exclude,launch,0,0.0,prior,0.0,sa,12600.0,43200.0,4675881.821890519,0,3618760.5667073466,1057121.2551831722,0,16,0.5718727600534709,16,6.208000146223729,12.520324220270142,12553.264301279043,3172.999197011934,3.9562771755822252,2.0137448812724688,308.3036052918396,0.0,0.02727272727272727,0.00909090909090909,1.8377018120567952,10.21580547112462,0.6641386782231853,1970.0118021806243,329,62.3048460483551,0.25,0.25
paper,200,3000000.0,6,2,exclude,launch,0,0.0,prior,0.0,sa,12600.0,43200.0,1992023.9884148382,0,1269687.9163456922,722336.072069146,0,0,0.0,0,6.631963954906023,22.73465390005866,11729.458404372006,1745.3491111984251,6.720408157378955,2.016133707885982,309.75831369063417,0.0,0.05,0.0,2.714177199993392,22.175675675675677,0.7331550802139037,2040.4476895703037,148,58.91965460777283,0.25,0.25
paper,200,3000000.0,7,2,exclude,launch,0,0.0,prior,0.0,sa,12600.0,43200.0,2218392.3799278024,0,1511093.5968997602,707298.7830280421,0,2,0.15000445517185898,2,6.631963954906023,20.104639085600933,11729.458404372006,1975.4211430669434,5.93770014335344,2.0143457107083065,308.6691662497018,0.0,0.025925925925925925,0.0,2.3336670347934194,17.695,0.7469036079698438,1863.4686677281375,200,60.03101086616516,0.25,0.25
paper,200,3000000.0,5,3,exclude,launch,0,0.0,prior,0.0,sa,12600.0,43200.0,2008250.0427828608,0,1259631.341173452,748618.7016094087,0,0,0.0,0,6.459266305992987,19.2087672363494,12051.974255823505,2062.7036580811055,5.842804519499049,2.019080591961223,311.5575758736108,0.0,0.07142857142857142,0.0,3.2444153786089407,27.961904761904762,0.6906666666666667,2281.409898301568,105,52.94107270240784,0.25,0.25
paper,200,3000000.0,10,1,exclude,launch,0,0.0,prior,0.0,sa,12600.0,43200.0,8083885.636822087,0,6902657.133513452,1181228.5033086352,0,40,0.8443571368815445,43,6.208000146223729,12.28639094999597,12553.264301279043,3236.830865818464,3.8782577223431254,2.0116186336582516,307.01167798937644,0.0,0.0166358595194085,0.0,1.6668362241452817,9.14676616915423,0.6400660429279031,1799.4595664808937,402,69.58940267562866,0.25,0.25
paper,200,3000000.0,8,2,exclude,launch,0,0.0,prior,0.0,sa,12600.0,43200.0,3071370.8973091035,0,2241563.4456508714,829807.4516582325,0,7,0.347818202752173,7,6.631963954906023,15.384520935919022,11729.458404372006,2582.256691310018,4.542328593375228,2.013754845269585,308.30966589226813,0.0,0.014245014245014245,0.0,2.060456302867182,13.361216730038024,0.7200429876410532,1895.7723378910077,263,60.866204261779785,0.25,0.25
paper,200,3000000.0,3,4,exclude,launch,0,0.0,prior,0.0,sa,12600.0,43200.0,3670057.7332240725,0,2113545.5890921867,1556512.1441318856,0,0,0.0,0,6.484168301861494,26.107504571527986,12004.409346330513,1509.885584362266,7.9505423925223075,2.0294604188263214,317.9366261790197,0.0,0.11538461538461539,0.0,5.273613897313493,45.108108108108105,0.5291060291060291,3937.0324962288682,37,33.167043685913086,0.25,0.25
paper,200,3000000.0,6,3,exclude,launch,0,0.0,prior,0.0,sa,12600.0,43200.0,1822922.53469358,0,1154976.2302440547,667946.3044495253,0,0,0.0,0,6.459266305992987,17.78031913018711,12051.974255823505,2230.9382709217325,5.402199788721237,2.0168002274024532,310.16481073370403,0.0,0.035175879396984924,0.0,2.722297306067231,21.95945945945946,0.7103004291845494,2069.8048759033313,148,57.810266971588135,0.25,0.25
paper,200,3000000.0,9,2,exclude,launch,0,0.0,prior,0.0,sa,12600.0,43200.0,5290486.571443439,0,4356318.150601085,934168.4208423535,0,23,0.7286790084236854,26,6.631963954906023,15.577908026011421,11729.458404372006,2552.8955524188063,4.594570425436571,2.0116286157256305,307.0177368464868,0.0,0.01580135440180587,0.002257336343115124,1.8323398708006686,11.507552870090635,0.7194206008583691,1739.603115425883,331,67.42706823348999,0.25,0.25
paper,200,3000000.0,7,3,exclude,launch,0,0.0,prior,0.0,sa,12600.0,43200.0,1837360.7229209265,0,1227485.2563239306,609875.466596996,0,1,0.08455550849069889,1,6.459266305992987,15.317241797254916,12051.974255823505,2591.6107193270095,4.650379845223501,2.0152997510229884,309.2500753282026,0.0,0.04428044280442804,0.0,2.3413520054037837,17.48258706467662,0.711016498137307,1889.7320335379088,201,61.29745364189148,0.25,0.25
paper,200,3000000.0,10,2,exclude,launch,0,0.0,prior,0.0,sa,12600.0,43200.0,7424714.739488345,0,6255022.869843359,1169691.8696449855,0,35,0.8552273294863281,36,6.631963954906023,17.117448131928185,11729.458404372006,2325.3606000216287,5.04414601514402,2.0098361653814543,305.93072427369606,0.0,0.009140767824497258,0.0,1.6435293815430032,10.404878048780487,0.6945043103448276,1551.05313127874,410,75.74598050117493,0.25,0.25
paper,200,3000000.0,4,4,exclude,launch,0,0.0,prior,0.0,sa,12600.0,43200.0,2643418.7740570977,0,1578453.2066259447,1064965.567431153,0,0,0.0,0,6.484168301861494,22.914173073157013,12004.409346330513,1725.5751510619816,6.956758353261266,2.023261044666107,314.11894965935187,0.0,0.054945054945054944,0.0,4.012848238384752,34.38805970149254,0.6174777603349032,2896.094891580139,67,43.0169632434845,0.25,0.25
paper,200,3000000.0,8,3,exclude,launch,0,0.0,prior,0.0,sa,12600.0,43200.0,2529645.9430952207,0,1849398.217000042,680247.726095179,0,5,0.3218305660888704,6,6.459266305992987,13.206879804993333,12051.974255823505,3006.835818164959,4.008191662150247,2.014559257838955,308.79914630001923,0.0,0.025787965616045846,0.0,2.0619434534016894,13.39080459770115,0.69656283566058,1893.3043167664887,261,61.295990228652954,0.25,0.25
paper,200,3000000.0,3,5,exclude,launch,0,0.0,prior,0.0,sa,12600.0,43200.0,3584607.549645831,0,2076230.5352529036,1508377.0143929273,0,0,0.0,0,6.744770405791177,16.46554427575309,11527.707915944866,2393.1428569735363,4.816974416029331,2.0302301436028722,318.41224463639827,0.0,0.09615384615384616,0.0,5.270240468360584,44.83783783783784,0.5352411234764176,3953.5640932205547,37,32.85404372215271,0.25,0.25
paper,200,3000000.0,9,3,exclude,launch,0,0.0,prior,0.0,sa,12600.0,43200.0,4081611.795628553,0,3217037.8354777214,864573.9601508314,0,16,0.6251573295778424,20,6.459266305992987,12.006008081637717,12051.974255823505,3309.0578185698537,3.6421165529927984,2.013663973008981,308.25439505290575,0.0,0.013605442176870748,0.0,1.8361983768585757,10.671732522796352,0.6874322860238353,1887.6996326005283,329,64.0731725692749,0.25,0.25
paper,200,3000000.0,5,4,exclude,launch,0,0.0,prior,0.0,sa,12600.0,43200.0,2232079.8643420497,0,1360699.53807702,871380.3262650296,0,0,0.0,0,6.484168301861494,21.822700429234267,12004.409346330513,1815.587808494488,6.611858313966509,2.019129798658745,311.58766395426403,0.0,0.05714285714285714,0.0,3.252492892942806,26.21904761904762,0.6698463169051404,2442.295165349997,105,49.936068058013916,0.25,0.25
paper,200,3000000.0,6,4,exclude,launch,0,0.0,prior,0.0,sa,12600.0,43200.0,2043113.9688142727,0,1278816.4676663782,764297.5011478943,0,0,0.0,0,6.484168301861494,17.01310894186247,12004.409346330513,2331.182385214532,5.1494938458990545,2.0171121770538045,310.355154213339,0.0,0.05,0.0,2.7193247554486453,20.16778523489933,0.682421667551779,2237.4993347756204,149,53.73649048805237,0.25,0.25
paper,200,3000000.0,4,5,exclude,launch,0,0.0,prior,0.0,sa,12600.0,43200.0,2595186.0840788125,0,1535330.755850277,1059855.3282285354,0,0,0.0,0,6.744770405791177,15.078214760974207,11527.707915944866,2621.2557387081815,4.397780707053788,2.0240939556411783,314.6305289942388,0.0,0.07608695652173914,0.0,4.013372852750014,34.4264705882353,0.6465563267485318,2859.207206208617,68,44.19899034500122,0.25,0.25
paper,200,3000000.0,7,4,exclude,launch,0,0.0,prior,0.0,sa,12600.0,43200.0,2404624.9259058996,0,1514613.8451088523,890011.0807970477,0,2,0.07832397362951052,2,6.484168301861494,13.897111425779553,12004.409346330513,2855.6408992583174,4.203753122267006,2.01586690001131,309.59566756157636,0.0,0.014925373134328358,0.0,2.356794905421627,14.597989949748744,0.6698463169051404,2303.1441293504527,199,53.049736738204956,0.25,0.25
paper,200,3000000.0,10,3,exclude,launch,0,0.0,prior,0.0,sa,12600.0,43200.0,6155116.477928023,0,5104411.761728562,1050704.7161994604,0,30,0.815244053787234,35,6.459266305992987,12.348544806412399,12051.974255823505,3220.178148836224,3.7426420833825924,2.0118440196977976,307.1484960594591,0.0,0.016574585635359115,0.0,1.6507699959627855,9.556930693069306,0.6535087719298246,1707.1569892420173,404,72.38207077980042,0.25,0.25
paper,200,3000000.0,3,6,exclude,launch,0,0.0,prior,0.0,sa,12600.0,43200.0,3835624.576061605,0,2148815.8316669636,1686808.744394641,0,0,0.0,0,6.406539949705309,16.734350831838714,12153.906366729707,2355.6667307513594,5.159433721277338,2.0293981911994994,317.8981908134404,0.0,0.07692307692307693,0.0,5.268277579641416,44.21621621621622,0.5339906590555267,4001.9544603693034,37,32.747857332229614,0.25,0.25
paper,200,3000000.0,8,4,exclude,launch,0,0.0,prior,0.0,sa,12600.0,43200.0,4170182.7917603524,0,2993965.1475088135,1176217.6442515387,0,12,0.4395821466651539,14,6.484168301861494,11.643346523039433,12004.409346330513,3409.8972018585873,3.520460775118801,2.0149806390761134,309.05570930980656,0.0,0.017191977077363897,0.0,2.0642664019599404,10.55,0.6184631803628602,2418.986751090719,260,52.68939709663391,0.25,0.25
paper,200,3000000.0,9,4,exclude,launch,0,0.0,prior,0.0,sa,12600.0,43200.0,7033596.119434464,0,5636158.753948846,1397437.3654856184,0,33,0.7288419881300932,36,6.484168301861494,10.773611754870036,12004.409346330513,3687.6525611227325,3.2552983632155637,2.013625347925899,308.2309037873698,0.0,0.0228310502283105,0.00684931506849315,1.8503720805771056,8.217125382262997,0.5702127659574469,2469.4769151533437,327,54.330182790756226,0.25,0.25
paper,200,3000000.0,5,5,exclude,launch,0,0.0,prior,0.0,sa,12600.0,43200.0,2141068.2882807422,0,1337925.9715861666,803142.3166945755,0,0,0.0,0,6.744770405791177,14.820746957619646,11527.707915944866,2671.7872891093257,4.314605418976963,2.0203100079925598,312.3097537229331,0.0,0.02857142857142857,0.0,3.2344938885440047,25.961904761904762,0.6838674633351439,2455.986513645988,105,49.49105477333069,0.25,0.25
paper,200,3000000.0,6,5,exclude,launch,0,0.0,prior,0.0,sa,12600.0,43200.0,1916816.8928819483,0,1228898.6341788056,687918.2587031425,0,0,0.0,0,6.744770405791177,13.134758471458914,11527.707915944866,3017.739285424836,3.819981391905431,2.018302133083994,311.0817702730237,0.0,0.02512562814070352,0.0,2.7239871282781465,20.333333333333332,0.7008174386920981,2227.9672531821416,147,53.35330033302307,0.25,0.25
paper,200,3000000.0,10,4,exclude,launch,0,0.0,prior,0.0,sa,12600.0,43200.0,11443247.790981023,0,9633595.273586456,1809652.5173945676,0,62,0.90732810642196,68,6.484168301861494,11.984827627025908,12004.409346330513,3320.6849434269448,3.6150401350457444,2.010159514505398,306.1266734237347,0.0,0.007407407407407408,0.001851851851851852,1.6646419867992523,7.562962962962963,0.5153143471252015,2163.136718088192,405,61.9671528339386,0.25,0.25
paper,200,3000000.0,7,5,exclude,launch,0,0.0,prior,0.0,sa,12600.0,43200.0,2100152.217063657,0,1349070.565532312,751081.651531345,0,1,0.05716808868425686,1,6.744770405791177,11.485343202481639,11527.707915944866,3452.801667766613,3.338653367658204,2.0173180620763027,310.4808118280051,0.0,0.01486988847583643,0.0,2.340503699736017,15.527638190954773,0.6936986301369863,2127.261662539376,199,55.40118861198425,0.25,0.25
paper,200,3000000.0,8,5,exclude,launch,0,0.0,prior,0.0,sa,12600.0,43200.0,3430957.3744418356,0,2486765.0659081587,944192.3085336764,0,10,0.42810196240638765,10,6.744770405791177,10.01372257252073,11527.707915944866,3961.433707273029,2.9099838007589196,2.0167034403204216,310.10576566781447,0.0,0.017045454545454544,0.0,2.048050483914945,11.56439393939394,0.6663043478260869,2189.720522035373,264,55.04684376716614,0.25,0.25
paper,200,3000000.0,4,6,exclude,launch,0,0.0,prior,0.0,sa,12600.0,43200.0,2696160.3944456056,0,1618389.2170752124,1077771.1773703934,0,0,0.0,0,6.406539949705309,17.418985340806934,12153.906366729707,2269.994670444855,5.354156344493921,2.0232162093359656,314.09142331435874,0.0,0.06593406593406594,0.0,4.015374714867628,34.343283582089555,0.6285414480587618,2898.650888196921,67,42.8856418132782,0.25,0.25
paper,200,3000000.0,9,5,exclude,launch,0,0.0,prior,0.0,sa,12600.0,43200.0,6017927.442110294,0,4805703.718403204,1212223.723707089,0,28,0.7230710258037739,30,6.744770405791177,9.872602818238132,11527.707915944866,4021.5184315184547,2.8665062991125483,2.014968485534714,309.0483079885892,0.0,0.011312217194570135,0.0022624434389140274,1.8300006888732672,8.91238670694864,0.6056644880174292,2259.221037327462,331,56.83848786354065,0.25,0.25
paper,200,3000000.0,5,6,exclude,launch,0,0.0,prior,0.0,sa,12600.0,43200.0,2142386.346294327,0,1345448.720966866,796937.6253274612,0,0,0.0,0,6.406539949705309,16.244131368736088,12153.906366729707,2438.9915442965143,4.983168717887168,2.019217954699484,311.6415717545401,0.0,0.06428571428571428,0.0,3.242695087793928,27.038095238095238,0.6802973977695167,2374.9489200688117,105,50.833051443099976,0.25,0.25
paper,200,3000000.0,3,7,exclude,launch,0,0.0,prior,0.0,sa,12600.0,43200.0,3467083.7432981944,0,2008811.821643701,1458271.9216544933,0,0,0.0,0,6.5270604212349514,26.59430545335322,11923.332736392373,1483.3296519936148,8.038221794034289,2.027979945353055,317.0228304144211,0.0,0.07692307692307693,0.0,5.264105274074329,47.13513513513514,0.5372978612415232,3756.792468303007,37,34.832555055618286,0.25,0.25
paper,200,3000000.0,10,5,exclude,launch,0,0.0,prior,0.0,sa,12600.0,43200.0,9722887.872708902,0,8181500.1255238075,1541387.7471850945,0,50,0.8809280093712771,55,6.744770405791177,10.325057624018427,11527.707915944866,3850.072674638105,2.994153329074089,2.012466109507902,307.52628687062014,0.0,0.0055147058823529415,0.003676470588235294,1.6540435946777154,7.731527093596059,0.5621562156215621,2104.8958129204702,406,63.26741170883179,0.25,0.25
paper,200,3000000.0,6,6,exclude,launch,0,0.0,prior,0.0,sa,12600.0,43200.0,1945406.8366810873,0,1238194.8632336552,707211.973447432,0,0,0.0,0,6.406539949705309,14.741791958887145,12153.906366729707,2690.2560628111546,4.517750757907264,2.0171866728124557,310.40061820418214,0.0,0.03015075376884422,0.0,2.725780119025776,21.616438356164384,0.7170315002669514,2104.2191655982447,146,55.183409214019775,0.25,0.25
paper,200,3000000.0,7,6,exclude,launch,0,0.0,prior,0.0,sa,12600.0,43200.0,2236837.2606565915,0,1586646.9788587973,650190.281797794,0,4,0.20027228814099643,4,6.406539949705309,13.022287162449562,12153.906366729707,3047.629157891008,3.987987296702575,2.01576824333639,309.5355372512088,0.0,0.02962962962962963,0.0,2.3449325541389348,16.485,0.7180310326377742,2008.9573109508055,200,56.553887605667114,0.25,0.25
paper,200,3000000.0,8,6,exclude,launch,0,0.0,prior,0.0,sa,12600.0,43200.0,2813988.842369021,0,2132162.266277975,681826.5760910457,0,8,0.34856992454809993,9,6.406539949705309,11.502780322988134,12153.906366729707,3451.304137700826,3.521540229956767,2.0151339926208953,309.14910689233204,0.0,0.014285714285714285,0.0,2.0665453050247615,12.486590038314176,0.7025147137506688,2041.8881734208883,261,58.69585609436035,0.25,0.25
paper,200,3000000.0,4,7,exclude,launch,0,0.0,prior,0.0,sa,12600.0,43200.0,2542194.2870519217,0,1522278.2986913205,1019915.9883606015,0,0,0.0,0,6.5270604212349514,22.084847233654727,11923.332736392373,1791.3614782461163,6.656017158561572,2.0221452922625556,313.4342995483516,0.0,0.06593406593406594,0.0,4.027089208964979,36.149253731343286,0.6447021613073274,2749.684408266821,67,45.47069954872131,0.25,0.25
paper,200,3000000.0,11,5,exclude,launch,0,0.0,prior,0.0,sa,12600.0,43200.0,12909224.693565233,0,11109563.36525537,1799661.328309863,0,76,0.9552660661490393,83,6.744770405791177,11.211545515097495,11527.707915944866,3551.0139031235976,3.2463144978972585,2.009426521244516,305.6825705375416,0.0,0.0045385779122541605,0.0030257186081694403,1.4922353035353662,7.454545454545454,0.5199344620425996,1789.23864045933,495,74.5650327205658,0.25,0.25
paper,200,3000000.0,3,8,exclude,launch,0,0.0,prior,0.0,sa,12600.0,43200.0,3507963.6372930976,0,2093390.1928574564,1414573.444435641,0,0,0.0,0,6.335058058999253,43.36658682825028,12294.806654485117,909.4873153396634,13.518392667074652,2.028327591199132,317.2372904464227,0.0,0.11538461538461539,0.0,5.269643075276795,46.67567567567568,0.5716657443276149,3802.599939067767,37,33.9659743309021,0.25,0.25
paper,200,3000000.0,9,6,exclude,launch,0,0.0,prior,0.0,sa,12600.0,43200.0,4871581.049815196,0,4025014.7443610355,846566.3054541599,0,25,0.6761312300440808,28,6.406539949705309,10.777489666128071,12153.906366729707,3685.794604333243,3.297499636154668,2.013915488428564,308.4073853026003,0.0,0.02262443438914027,0.0022624434389140274,1.8382064655960346,10.284848484848485,0.6924731182795699,1956.8224027708097,330,62.330549001693726,0.25,0.25
paper,200,3000000.0,5,7,exclude,launch,0,0.0,prior,0.0,sa,12600.0,43200.0,2040175.8364357227,0,1276493.8249406829,763682.0114950397,0,0,0.0,0,6.5270604212349514,21.117963776347686,11923.332736392373,1876.9457044775606,6.352518726539923,2.018302400235145,311.08193349739724,0.0,0.06428571428571428,0.0,3.244879109021712,28.114285714285714,0.7013262599469496,2271.3291057341253,105,53.98709988594055,0.25,0.25
paper,200,3000000.0,8,7,exclude,launch,0,0.0,prior,0.0,sa,12600.0,43200.0,3374696.36060094,0,2418788.908181256,955907.4524196839,0,7,0.33177055173299963,9,6.5270604212349514,11.29029843884434,11923.332736392373,3516.0829785735523,3.391084001444578,2.0152338497478888,309.2099309021756,0.0,0.005747126436781609,0.0,2.0748635531723836,11.285714285714286,0.6360708534621579,2273.035808657333,259,54.909966707229614,0.25,0.25
paper,200,3000000.0,4,8,exclude,launch,0,0.0,prior,0.0,sa,12600.0,43200.0,2545925.29230155,0,1536666.7518951853,1009258.5404063646,0,0,0.0,0,6.335058058999253,42.16690647991034,12294.806654485117,938.4341322240496,13.101406089468359,2.0216894786930277,313.1548172616093,0.0,0.07608695652173914,0.0,4.011552191108482,36.25,0.6883044208170117,2727.4573998623687,68,46.20403718948364,0.25,0.25
paper,200,3000000.0,10,6,exclude,launch,0,0.0,prior,0.0,sa,12600.0,43200.0,6582163.304353415,0,5673905.333839822,908257.970513594,0,41,0.827990190338677,43,6.406539949705309,11.157027145679743,12153.906366729707,3563.852955726752,3.41032767561288,2.0119710177951085,307.22560225718024,0.0,0.0018315018315018315,0.0,1.6485469184672816,8.852579852579852,0.6571582346609257,1839.527902997827,407,69.38424277305603,0.25,0.25
paper,200,3000000.0,6,7,exclude,launch,0,0.0,prior,0.0,sa,12600.0,43200.0,1849772.5418371833,0,1172060.868851059,677711.6729861246,0,0,0.0,0,6.5270604212349514,18.55061954164956,11923.332736392373,2138.996910315325,5.574263655497599,2.0161433665890787,309.76420243889606,0.0,0.025,0.0,2.712121450791157,22.135135135135137,0.7034482758620689,2041.4409742858138,148,58.473252296447754,0.25,0.25
paper,200,3000000.0,7,7,exclude,launch,0,0.0,prior,0.0,sa,12600.0,43200.0,2054687.0072728535,0,1366299.3055552947,688387.7017175589,0,1,0.0870268497869229,1,6.5270604212349514,14.984313708781805,11923.332736392373,2649.534376869037,4.500161553096063,2.0150395354612427,309.09157756481267,0.0,0.02962962962962963,0.0,2.3418706747290354,16.378109452736318,0.6876654314452091,2022.950671521252,201,58.39995265007019,0.25,0.25
paper,200,3000000.0,3,9,exclude,launch,0,0.0,prior,0.0,sa,12600.0,43200.0,3518513.2434344226,0,2031362.1143370487,1487151.1290973742,0,0,0.0,0,6.4666189875538285,16.78109098858244,12037.891901054898,2347.4498568165063,5.12807200805562,2.0308295338054054,318.7828583296408,0.0,0.07692307692307693,0.0,5.253747272504549,45.648648648648646,0.5451595457003786,3863.4554214992268,37,33.22205829620361,0.25,0.25
paper,200,3000000.0,9,7,exclude,launch,0,0.0,prior,0.0,sa,12600.0,43200.0,6353171.912972118,0,5237450.306062193,1115721.6069099251,0,32,0.7761174521230947,36,6.5270604212349514,11.92599143002948,11923.332736392373,3333.329970147699,3.5770034299556768,2.0124133373540145,307.494229695688,0.0,0.006802721088435374,0.0022675736961451248,1.8384974155252864,10.057575757575757,0.6310160427807486,2002.9715377466032,330,60.975308895111084,0.25,0.25
paper,200,3000000.0,5,8,exclude,launch,0,0.0,prior,0.0,sa,12600.0,43200.0,1998159.7389942966,0,1289105.9973820336,709053.7416122633,0,0,0.0,0,6.335058058999253,34.94515419067507,12294.806654485117,1134.4691698416111,10.837497378797572,2.017949658953251,310.8664524489121,0.0,0.07857142857142857,0.0,3.238942307108549,28.89423076923077,0.7263039820527202,2220.7959514478093,104,55.46068811416626,0.25,0.25
paper,200,3000000.0,10,7,exclude,launch,0,0.0,prior,0.0,sa,12600.0,43200.0,8968813.56049235,0,7591149.237808622,1377664.3226837283,0,49,0.8858858068170742,54,6.5270604212349514,12.53019410982084,11923.332736392373,3175.366585696675,3.754946843019826,2.010658516447741,306.42919106050465,0.0,0.0055147058823529415,0.0,1.651937298532052,8.668304668304668,0.6059957173447538,1874.7704853907903,407,67.60218358039856,0.25,0.25
paper,200,3000000.0,6,8,exclude,launch,0,0.0,prior,0.0,sa,12600.0,43200.0,1858550.8142434442,0,1194441.2748969062,664109.539346538,0,0,0.0,0,6.335058058999253,30.019332587761124,12294.806654485117,1322.2479366082366,9.298412433921532,2.015468693374064,309.3530001668486,0.0,0.06030150753768844,0.0,2.720263777512001,22.61904761904762,0.7488636363636364,2009.034121673839,147,60.0307559967041,0.25,0.25
paper,200,3000000.0,4,9,exclude,launch,0,0.0,prior,0.0,sa,12600.0,43200.0,2782589.4072078476,0,1609315.0692858004,1173274.3379220471,0,0,0.0,0,6.4666189875538285,15.067224480137765,12037.891901054898,2622.303665922936,4.590578908723787,2.02476090284799,315.040472401748,0.0,0.03260869565217391,0.0,4.004501681395981,33.411764705882355,0.6312636165577342,2936.6374327013846,68,42.569711685180664,0.25,0.25
paper,200,3000000.0,7,8,exclude,launch,0,0.0,prior,0.0,sa,12600.0,43200.0,1898329.2185601755,0,1357452.4193251291,540876.7992350463,0,3,0.17283275261216677,3,6.335058058999253,25.198805509600394,12294.806654485117,1576.5577048142532,7.7985135697482555,2.0137249968981195,308.29151080082784,0.0,0.026022304832713755,0.0,2.3410367656439552,18.502512562814072,0.7667423382519863,1798.2019483673112,199,63.372501373291016,0.25,0.25
paper,200,3000000.0,3,10,exclude,launch,0,0.0,prior,0.0,sa,12600.0,43200.0,3925624.5532485647,0,2217529.238579885,1708095.3146686794,0,0,0.0,0,6.28829095788679,16.812667767512615,12388.724302957144,2343.2466877319416,5.286991065779911,2.0306512563054073,318.67260363717435,0.0,0.17307692307692307,0.0,5.288194802182134,43.08108108108108,0.5141955835962145,4133.766368997389,37,31.63663935661316,0.25,0.25
paper,200,3000000.0,8,8,exclude,launch,0,0.0,prior,0.0,sa,12600.0,43200.0,2183740.4325936777,0,1645662.016520705,538078.4160729725,0,6,0.3102981533162395,6,6.335058058999253,21.371168642685912,12294.806654485117,1860.1076677845408,6.609728494441777,2.012443204907729,307.5123729491504,0.0,0.019830028328611898,0.0,2.0460305628630207,14.913207547169812,0.7642045454545454,1684.5844948051806,265,67.27217841148376,0.25,0.25
paper,200,3000000.0,5,9,exclude,launch,0,0.0,prior,0.0,sa,12600.0,43200.0,2358896.123740509,0,1395279.9647666344,963616.1589738744,0,0,0.0,0,6.4666189875538285,13.15938003100815,12037.891901054898,3007.4354309657983,4.0027100090355345,2.0214278551558693,312.9944589864959,0.0,0.05,0.0,3.243531519109581,25.37142857142857,0.6638842515303284,2514.2871236878063,105,48.41764521598816,0.25,0.25
paper,200,3000000.0,7,9,exclude,launch,0,0.0,prior,0.0,sa,12600.0,43200.0,3847760.2087495513,0,2682795.520633165,1164964.6881163863,0,7,0.36226691383040205,9,6.4666189875538285,9.202121831946048,12037.891901054898,4305.95999644605,2.795634866787068,2.018980002434887,311.4960736086606,0.0,0.03333333333333333,0.0,2.3366720781243333,12.69,0.6059085841694537,2606.867745869654,200,46.79161262512207,0.25,0.25
paper,200,3000000.0,6,9,exclude,launch,0,0.0,prior,0.0,sa,12600.0,43200.0,2322846.533602095,0,1420447.9807267913,902398.5528753038,0,0,0.0,0,6.4666189875538285,10.997323943511192,12037.891901054898,3601.4152065329513,3.342544863813041,2.0198995615980015,312.05853472433864,0.0,0.06060606060606061,0.0,2.7261740393506306,18.612244897959183,0.6507847533632287,2434.5723357841157,147,49.61901831626892,0.25,0.25
paper,200,3000000.0,8,9,exclude,launch,0,0.0,prior,0.0,sa,12600.0,43200.0,5866809.624816997,0,4531085.212202655,1335724.412614342,0,25,0.661920285521285,25,6.4666189875538285,9.315805049073408,12037.891901054898,4258.588779059892,2.8267326397530996,2.0165262975998504,309.9977141136178,0.0,0.019886363636363636,0.0,2.046174790997382,10.003802281368822,0.5841750841750841,2509.331120696127,263,49.549773931503296,0.25,0.25
paper,200,3000000.0,9,8,exclude,launch,0,0.0,prior,0.0,sa,12600.0,43200.0,3292800.7061587204,0,2626340.0363378506,666460.6698208697,0,13,0.5576173916475443,15,6.335058058999253,17.114492802622816,12294.806654485117,2323.461245436351,5.291591016908107,2.0118264836491053,307.13784990411403,0.0,0.013574660633484163,0.0,1.8260801631542143,12.136778115501519,0.7527127355796688,1657.0466755883836,329,69.86954879760742,0.25,0.25
paper,200,3000000.0,4,10,exclude,launch,0,0.0,prior,0.0,sa,12600.0,43200.0,2621298.685026268,0,1622463.2629972643,998835.4220290039,0,0,0.0,0,6.28829095788679,15.966172391949868,12388.724302957144,2474.845568553206,5.005857521121849,2.0246085607453757,314.9468108258131,0.0,0.08695652173913043,0.0,4.011624472076004,34.39705882352941,0.6483750665956314,2858.5173128902757,68,43.6283597946167,0.25,0.25
paper,200,3000000.0,9,9,exclude,launch,0,0.0,prior,0.0,sa,12600.0,43200.0,9077020.364689358,0,7338795.604691344,1738224.7599980135,0,49,0.8513589143977561,51,6.4666189875538285,9.734135700831967,12037.891901054898,4081.1238109561323,2.949651237911021,2.0137836955332724,308.3272143987297,0.0,0.006756756756756757,0.0,1.8240740683139232,8.510574018126889,0.5416197975253093,2347.9541136036805,331,54.978089809417725,0.25,0.25
paper,200,3000000.0,3,11,exclude,launch,0,0.0,prior,0.0,sa,12600.0,43200.0,3941124.0237291916,0,2180413.8130241726,1760710.2107050193,0,0,0.0,0,6.406735200500309,22.540696613347382,12153.525807302402,1749.7332886787003,6.9459304946298746,2.028386908951874,317.27389035107706,0.0,0.1346153846153846,0.0,5.305026555760552,44.351351351351354,0.5513771186440678,4025.0133047044524,37,32.825968980789185,0.25,0.25
paper,200,3000000.0,10,8,exclude,launch,0,0.0,prior,0.0,sa,12600.0,43200.0,4798064.494563837,0,4001372.237335263,796692.2572285739,0,22,0.731241483707094,24,6.335058058999253,17.569881055885755,12294.806654485117,2264.8038052898874,5.428640938242959,2.0104375143657087,306.29519113126554,0.0,0.009208103130755065,0.0,1.652816548211892,10.434889434889435,0.7397260273972602,1556.9759638733576,407,76.31488180160522,0.25,0.25
paper,200,3000000.0,5,10,exclude,launch,0,0.0,prior,0.0,sa,12600.0,43200.0,2256584.359237395,0,1395522.607680325,861061.7515570703,0,0,0.0,0,6.28829095788679,13.747430639819854,12388.724302957144,2879.1615716854017,4.302893045250337,2.0211679952059916,312.8352223299072,0.0,0.07857142857142857,0.0,3.259450766028555,26.047619047619047,0.6927645788336934,2459.7684577018213,105,49.77132964134216,0.25,0.25
paper,200,3000000.0,2,12,exclude,launch,0,0.0,prior,0.0,sa,12600.0,43200.0,5922903.020791123,0,3470624.4904646385,2452278.5303264842,0,0,0.0,0,5.9859564816677215,49.761614357676784,13031.281034479704,788.3295687660506,16.530245154798887,2.039330945101019,324.0626440333732,0.0,0.16666666666666666,0.0,7.674700773987605,60.94444444444444,0.38252848616386326,6152.761222808185,18,20.935755968093872,0.25,0.25
paper,200,3000000.0,10,9,exclude,launch,0,0.0,prior,0.0,sa,12600.0,43200.0,12049720.508375494,0,9929567.282041071,2120153.2263344238,0,68,0.9292356481327759,69,6.4666189875538285,10.260090245997246,12037.891901054898,3876.490276784016,3.1053584664326004,2.011407694842444,306.88365755595214,0.0,0.01098901098901099,0.0,1.6428124192475453,7.707616707616707,0.4907563025210084,2102.1553362053955,407,62.68731498718262,0.25,0.25
paper,200,3000000.0,6,10,exclude,launch,0,0.0,prior,0.0,sa,12600.0,43200.0,2083583.402367064,0,1316910.52485089,766672.8775161738,0,0,0.0,0,6.28829095788679,12.424110441046365,12388.724302957144,3189.4294037646437,3.8843074213632414,2.018885505153121,311.4383017833392,0.0,0.05527638190954774,0.0,2.717573195078875,19.966216216216218,0.7038043478260869,2255.0873274597798,148,52.30932974815369,0.25,0.25
ring,50,1500000.0,1,1,exclude,launch,0,0.0,prior,0.0,sa,12600.0,43200.0,652708.1038671613,0,508446.16680844733,144261.93705871407,0,0,0.0,0,3.20179711998077,5.029309085704513,12159.650606960871,3934.450115854296,3.090559099469131,2.021471492566937,313.0212030380779,0.0,0.0,0.0,7.736023248116281,49.666666666666664,0.7297297297297297,3754.380345663327,9,2.912508487701416,0.25,0.25
paper,200,3000000.0,7,10,exclude,launch,0,0.0,prior,0.0,sa,12600.0,43200.0,2743120.4539326522,0,1911113.7850707273,832006.6688619251,0,4,0.2886767688867201,4,6.28829095788679,11.328558511916144,12388.724302957144,3500.524748260798,3.539104903946862,2.01735431912206,310.50294319089306,0.0,0.04059040590405904,0.0,2.340737610921174,15.333333333333334,0.7088538837588267,2137.5107781909605,201,53.47035217285156,0.25,0.25
paper,200,3000000.0,8,10,exclude,launch,0,0.0,prior,0.0,sa,12600.0,43200.0,3504121.2417895403,0,2648420.054392857,855701.1873966833,0,11,0.45504509636349744,12,6.28829095788679,10.487400600030554,12388.724302957144,3783.0985237240816,3.274755924347877,2.0163897335796186,309.9144271578143,0.0,0.019886363636363636,0.0,2.0519439440384093,11.727272727272727,0.6832971800433839,2150.7245078671976,264,55.65921115875244,0.25,0.25
ring,50,1500000.0,1,2,exclude,launch,0,0.0,prior,0.0,sa,12600.0,43200.0,614315.0005827852,0,471987.6184842882,142327.382098497,0,0,0.0,0,3.268780704130939,5.647804352557538,11903.645412120526,3500.1267826928142,3.400918352723922,2.0234690768083587,314.24668535488627,0.0,0.0,0.0,7.763963142602617,49.888888888888886,0.7454545454545455,3751.156198596848,9,3.9693737030029297,0.25,0.25
paper,200,3000000.0,4,11,exclude,launch,0,0.0,prior,0.0,sa,12600.0,43200.0,2666902.7483196864,0,1613017.0467751063,1053885.7015445803,0,0,0.0,0,6.406735200500309,21.287185772999027,12153.525807302402,1858.378679593784,6.53985430459146,2.02226247130797,313.5061680734034,0.0,0.08791208791208792,0.0,4.006450212698472,34.83582089552239,0.654281098546042,2840.8664451242676,67,43.52145051956177,0.25,0.25
ring,50,1500000.0,3,1,exclude,launch,0,0.0,prior,0.0,sa,12600.0,43200.0,461577.7593131343,0,364631.9883917714,96945.77092136294,0,0,0.0,0,3.20179711998077,2.5558898767326568,12159.650606960871,7762.814090067051,1.566397245364901,2.016037787468984,309.6998356694607,0.0,0.009900990099009901,0.0,2.7003631976431812,8.891891891891891,0.8256880733944955,2475.6934767856737,74,11.238019227981567,0.25,0.25
paper,200,3000000.0,9,10,exclude,launch,0,0.0,prior,0.0,sa,12600.0,43200.0,5108281.240249617,0,4193311.7147599487,914969.5254896681,0,22,0.6833373420067593,24,6.28829095788679,10.238566684190182,12388.724302957144,3877.3711057289584,3.195135045147561,2.0151781898619276,309.1760271514019,0.0,0.013513513513513514,0.0,1.8267256992655534,9.572289156626505,0.6725178277564454,2089.025332635064,332,59.66946744918823,0.25,0.25
ring,50,1500000.0,2,1,exclude,launch,0,0.0,prior,0.0,sa,12600.0,43200.0,341106.56376333185,0,290257.7167516231,50848.84701170876,0,0,0.0,0,3.20179711998077,2.896122174416028,12159.650606960871,6854.457993602793,1.7739769677353583,2.014976535870985,309.0532105105994,0.0,0.0,0.0,4.037395794541232,23.0,0.918918918918919,2132.0493741688006,34,13.039766788482666,0.25,0.25
paper,200,3000000.0,3,12,exclude,launch,0,0.0,prior,0.0,sa,12600.0,43200.0,3976563.238621418,0,2282399.115827078,1694164.12279434,0,0,0.0,0,5.9859564816677215,36.599207106564236,13031.281034479704,1077.8089850166884,12.090529227011345,2.028039971469431,317.05985488166044,0.0,0.1346153846153846,0.0,5.2670469959267745,43.21621621621622,0.5144694533762058,4090.1279590095687,37,31.64206886291504,0.25,0.25
ring,50,1500000.0,4,1,exclude,launch,0,0.0,prior,0.0,sa,12600.0,43200.0,2568736.62489825,0,2382948.544881889,185788.08001636126,0,17,0.9233322238985305,20,3.20179711998077,2.8614916365433087,12159.650606960871,6948.6257473568985,1.7499360375806872,2.0117248897512408,307.0761757626482,0.0,0.0,0.0,2.012556503089319,4.917910447761194,0.5794392523364486,2522.175929600439,134,12.53100061416626,0.25,0.25
ring,50,1500000.0,1,3,exclude,launch,0,0.0,prior,0.0,sa,12600.0,43200.0,767064.9222367102,0,588564.736101106,178500.18613560416,0,0,0.0,0,3.1495419503385,5.708708691603196,12366.926142715545,3466.0631214735586,3.568003729100549,2.0215553731940643,313.0726141504991,0.0,0.08333333333333333,0.0,7.7904024377880585,49.888888888888886,0.7452830188679245,3763.930335232967,9,2.2806951999664307,0.25,0.25
paper,200,3000000.0,10,10,exclude,launch,0,0.0,prior,0.0,sa,12600.0,43200.0,8113218.189572033,0,6669807.260636444,1443410.928935588,0,39,0.8230881514623443,42,6.28829095788679,9.427884894626688,12388.724302957144,4211.122513335857,2.941905457208693,2.0150129378742587,309.07537921564,0.0,0.01838235294117647,0.0,1.6554332464001154,7.416256157635468,0.6008771929824561,2196.6536100650605,406,62.6031391620636,0.25,0.25
ring,50,1500000.0,2,2,exclude,launch,0,0.0,prior,0.0,sa,12600.0,43200.0,331625.73522562295,0,271636.2697296418,59989.46549598117,0,0,0.0,0,3.268780704130939,2.887729289500658,11903.645412120526,6868.720481324814,1.7330222483918278,2.016636716961995,310.06506428257916,0.0,0.044444444444444446,0.0,4.049591333310883,22.333333333333332,0.8363636363636363,2248.0298138838707,33,12.603090286254883,0.25,0.25
paper,200,3000000.0,5,11,exclude,launch,0,0.0,prior,0.0,sa,12600.0,43200.0,2179977.441962186,0,1340792.1331989323,839185.3087632533,0,0,0.0,0,6.406735200500309,20.151812291884827,12153.525807302402,1966.7171630286268,6.179600216935463,2.0185242442291855,311.21749082479005,0.0,0.06428571428571428,0.0,3.237031516130583,27.39047619047619,0.7012061403508771,2321.959924714043,105,51.731889486312866,0.25,0.25
ring,50,1500000.0,3,2,exclude,launch,0,0.0,prior,0.0,sa,12600.0,43200.0,387341.12569198105,0,309563.84841791383,77777.27727406724,0,0,0.0,0,3.268780704130939,2.5490981286227394,11903.645412120526,7776.5742775285835,1.5307055507098606,2.017832500088857,310.79489947113984,0.0,0.0,0.0,2.6924193242752774,9.223684210526315,0.8703703703703703,2403.2059122938363,76,11.417086839675903,0.25,0.25
ring,50,1500000.0,4,2,exclude,launch,0,0.0,prior,0.0,sa,12600.0,43200.0,2579065.137920744,0,2347588.212397091,231476.9255236526,0,17,0.9016905770782776,21,3.268780704130939,2.555674298378046,11903.645412120526,7762.358096827094,1.5335089239165873,2.0163262864028995,309.8757361300525,0.0,0.0,0.0,2.023904140862173,3.6044776119402986,0.5277777777777778,3450.787949237379,134,10.679025888442993,0.25,0.25
ring,50,1500000.0,1,4,exclude,launch,0,0.0,prior,0.0,sa,12600.0,43200.0,795912.2586205106,0,607476.7144874835,188435.54413302706,0,0,0.0,0,3.2153886381073056,5.587891328968265,12106.842490496614,3539.7028353796536,3.4202991193180443,2.0222983897702003,313.52819931802327,0.0,0.08333333333333333,0.0,7.77723770653919,49.888888888888886,0.7946428571428571,3757.5697997280936,9,2.724095106124878,0.25,0.25
ring,50,1500000.0,5,1,exclude,launch,0,0.0,prior,0.0,sa,12600.0,43200.0,4198590.151064561,0,3932150.9398700106,266439.2111945503,0,29,0.9905271417874919,29,3.20179711998077,4.438969162659762,12159.650606960871,4495.235008020905,2.705008878348796,2.004589549919693,302.7600491423555,0.0,0.0,0.006756756756756757,1.4903848447327261,4.955156950672646,0.411214953271028,1466.9032855792382,223,20.39323854446411,0.25,0.25
ring,50,1500000.0,1,5,exclude,launch,0,0.0,prior,0.0,sa,12600.0,43200.0,735668.6596663628,0,579309.8922496507,156358.7674167121,0,0,0.0,0,3.155892772824117,4.2562330202669125,12341.368527403576,4645.8969324054915,2.6564017039038412,2.0228562597095414,313.8704784080979,0.0,0.0,0.0,7.909322158928097,49.77777777777778,0.7244094488188977,3829.916239038705,9,2.819408655166626,0.25,0.25
paper,200,3000000.0,4,12,exclude,launch,0,0.0,prior,0.0,sa,12600.0,43200.0,2890690.748461846,0,1724686.3084273555,1166004.4400344903,0,0,0.0,0,5.9859564816677215,40.21394962674363,13031.281034479704,984.1201757368095,13.241554594410383,2.021459859625966,313.01407344812964,0.0,0.07692307692307693,0.0,4.013737233065045,33.02985074626866,0.6247276688453159,2987.2562708115784,67,41.83232569694519,0.25,0.25
paper,200,3000000.0,6,11,exclude,launch,0,0.0,prior,0.0,sa,12600.0,43200.0,1900296.566971976,0,1229669.0058209093,670627.5611510669,0,0,0.0,0,6.406735200500309,17.430832728937176,12153.525807302402,2276.310619813164,5.339133289418974,2.0162311825648933,309.8177449251724,0.0,0.045,0.0,2.7187058964544892,21.70945945945946,0.7299509001636661,2088.532503326693,148,56.62572765350342,0.25,0.25
ring,50,1500000.0,2,3,exclude,launch,0,0.0,prior,0.0,sa,12600.0,43200.0,439639.5993039975,0,359621.77552728425,80017.82377671325,0,0,0.0,0,3.1495419503385,3.049984010796891,12366.926142715545,6508.659459509253,1.9000726984797573,2.014980647335049,309.05571433940247,0.0,0.1111111111111111,0.0,4.035436079616078,22.060606060606062,0.9245283018867925,2263.2845901326427,33,11.935701608657837,0.25,0.25
ring,50,1500000.0,3,3,exclude,launch,0,0.0,prior,0.0,sa,12600.0,43200.0,480312.3566540395,0,388271.8578869278,92040.49876711174,0,0,0.0,0,3.1495419503385,2.7631444048688643,12366.926142715545,7185.051364972522,1.7212021897303222,2.014774900643984,308.93042969310227,0.0,0.039603960396039604,0.0,2.7005670700680806,10.283783783783784,0.9056603773584906,2147.660270194717,74,12.220469236373901,0.25,0.25
ring,50,1500000.0,1,6,exclude,launch,0,0.0,prior,0.0,sa,12600.0,43200.0,630703.3402678362,0,517490.739741466,113212.60052637022,0,0,0.0,0,3.243935540154548,5.583088590719216,11997.367910531184,3540.5643154213476,3.388546808280032,2.0235455475933914,314.29364639947687,0.0,0.08333333333333333,0.0,7.797352565468801,49.77777777777778,0.6938775510204082,3775.6974127408976,9,2.399454116821289,0.25,0.25
ring,50,1500000.0,4,3,exclude,launch,0,0.0,prior,0.0,sa,12600.0,43200.0,1964229.8478183362,0,1808487.4223592337,155742.4254591026,0,10,0.8922131694367947,11,3.1495419503385,3.112522746856584,12366.926142715545,6387.214588530682,1.9362001967058444,2.012036940995108,307.26563098162086,0.0,0.0,0.0,1.9998522800947864,6.970588235294118,0.7735849056603774,1753.65861305649,136,15.626709222793579,0.25,0.25
ring,50,1500000.0,3,4,exclude,launch,0,0.0,prior,0.0,sa,12600.0,43200.0,457844.09978756256,0,379983.47275041015,77860.62703715239,0,0,0.0,0,3.2153886381073056,2.5947410210967687,12106.842490496614,7644.310914858962,1.5837715950254472,2.016636534617067,310.06495305545974,0.0,0.0,0.0,2.6974308736214585,10.216216216216216,0.8839285714285714,2165.4529961199796,74,12.499738931655884,0.25,0.25
ring,50,1500000.0,2,4,exclude,launch,0,0.0,prior,0.0,sa,12600.0,43200.0,399082.6327785782,0,341812.5691080114,57270.06367056682,0,0,0.0,0,3.2153886381073056,2.967826242549757,12106.842490496614,6687.799804184777,1.8102878143752095,2.0152932783750366,309.2461323340587,0.0,0.043478260869565216,0.0,4.019903592728765,22.735294117647058,0.9285714285714286,2133.9610313614075,34,13.001383781433105,0.25,0.25
ring,50,1500000.0,4,4,exclude,launch,0,0.0,prior,0.0,sa,12600.0,43200.0,2860707.434764688,0,2664073.830265557,196633.60449913066,0,15,0.9056217861607813,15,3.2153886381073056,2.898951998556182,12106.842490496614,6857.611309129056,1.765460587475937,2.012083971710794,307.29418973816865,0.0,0.005555555555555556,0.0,2.0026048201361584,5.097014925373134,0.6272727272727273,2411.938357441989,134,12.753385782241821,0.25,0.25
ring,50,1500000.0,5,2,exclude,launch,0,0.0,prior,0.0,sa,12600.0,43200.0,4809470.722074916,0,4479933.36682801,329537.3552469047,0,33,0.9951319550952499,33,3.268780704130939,4.862754991259135,11903.645412120526,4104.516594036249,2.9001333383366505,2.0040824608322327,302.4544764452737,0.0,0.0,0.025078369905956112,1.3770928562066649,4.004149377593361,0.2897196261682243,1708.0964544599908,241,19.49079203605652,0.25,0.25
paper,200,3000000.0,7,11,exclude,launch,0,0.0,prior,0.0,sa,12600.0,43200.0,1918778.1671319974,0,1285897.1979382609,632880.9691937364,0,3,0.0773526665989619,3,6.406735200500309,15.181284985550002,12153.525807302402,2615.384629510572,4.64693631298764,2.0148646941297983,308.9851042173506,0.0,0.014760147601476014,0.0,2.335736788494873,17.133663366336634,0.7450873362445415,1925.9045199850261,202,59.830106258392334,0.25,0.25
paper,200,3000000.0,8,11,exclude,launch,0,0.0,prior,0.0,sa,12600.0,43200.0,2616808.1971349437,0,1927719.440483479,689088.756651465,0,7,0.31335034505299253,7,6.406735200500309,13.366808917858412,12153.525807302402,2971.8542836166444,4.08954297466832,2.0138853193403428,308.3890322321607,0.0,0.019943019943019943,0.0,2.055118524670513,12.760456273764259,0.7190580503833516,1983.5052003117569,263,59.044224977493286,0.25,0.25
ring,50,1500000.0,1,7,exclude,launch,0,0.0,prior,0.0,sa,12600.0,43200.0,742057.6963301727,0,572964.2449387299,169093.4513914427,0,0,0.0,0,3.189298033294296,6.97813884867543,12208.611502936208,2834.3072385579576,4.307441104778648,2.0224298134156604,313.60881700835466,0.0,0.08333333333333333,0.0,7.787458693902856,50.0,0.75,3754.1469373219134,9,2.8789896965026855,0.25,0.25
ring,50,1500000.0,3,5,exclude,launch,0,0.0,prior,0.0,sa,12600.0,43200.0,509807.76673106547,0,397654.022683297,112153.74404776852,0,0,0.0,0,3.155892772824117,2.4179644089563332,12341.368527403576,8197.363278602314,1.5055290473240845,2.018068508497689,310.9390463984127,0.0,0.0,0.0,2.705904651843705,9.10958904109589,0.8211382113821138,2454.3742671239543,73,10.860099077224731,0.25,0.25
ring,50,1500000.0,2,5,exclude,launch,0,0.0,prior,0.0,sa,12600.0,43200.0,382456.2647450804,0,320079.95259212045,62376.31215295991,0,0,0.0,0,3.155892772824117,2.921304206716896,12341.368527403576,6793.399318352821,1.8166705575605642,2.0155615453569133,309.4095757223167,0.0,0.021739130434782608,0.0,4.027605437343649,23.029411764705884,0.936,2124.1061492086455,34,12.950073719024658,0.25,0.25
ring,50,1500000.0,1,8,exclude,launch,0,0.0,prior,0.0,sa,12600.0,43200.0,692138.5011476534,0,558049.1142221781,134089.38692547524,0,0,0.0,0,3.3207643739247072,6.46849953052645,11712.08618335621,3058.430903940261,3.8294427931221877,2.021891129875561,313.2784443955054,0.0,0.0,0.0,7.606552465724261,50.0,0.7956989247311828,3666.936386466489,9,2.3602488040924072,0.25,0.25
ring,50,1500000.0,5,3,exclude,launch,0,0.0,prior,0.0,sa,12600.0,43200.0,4030815.549735152,0,3740803.927254069,290011.62248108274,0,24,0.9842452930296538,25,3.1495419503385,4.352470986134021,12366.926142715545,4582.293619435332,2.6988506564185424,2.0055855529029314,303.3606912621282,0.0,0.0,0.0,1.5517028692618615,5.608294930875576,0.5333333333333333,1358.2085836710935,217,21.55360436439514,0.25,0.25
ring,50,1500000.0,4,5,exclude,launch,0,0.0,prior,0.0,sa,12600.0,43200.0,3199617.1764728567,0,2915436.500822007,284180.67565084965,0,17,0.9333506148517318,18,3.155892772824117,2.747592394865847,12341.368527403576,7231.987510619794,1.7064974890071263,2.0130289388823592,307.86828930393557,0.0,0.0,0.0,2.0266246735361384,4.894736842105263,0.5080645161290323,2552.2194827738335,133,12.759336233139038,0.25,0.25
paper,200,3000000.0,5,12,exclude,launch,0,0.0,prior,0.0,sa,12600.0,43200.0,2344813.0645211036,0,1450152.6841936468,894660.3803274571,0,0,0.0,0,5.9859564816677215,32.11821921862787,13031.281034479704,1234.332461013704,10.557350994218911,2.017931308778278,310.8552448173174,0.0,0.07857142857142857,0.0,3.233273643728581,26.333333333333332,0.6752605595172793,2424.920672574954,105,48.565229177474976,0.25,0.25
ring,50,1500000.0,2,6,exclude,launch,0,0.0,prior,0.0,sa,12600.0,43200.0,329706.3999217535,0,293755.6233356691,35950.77658608435,0,0,0.0,0,3.243935540154548,2.8999275576896952,11997.367910531184,6840.248923279169,1.7539373267105793,2.0165125808711926,309.989348120824,0.0,0.021739130434782608,0.0,4.012639418265983,22.205882352941178,0.865979381443299,2198.469602417158,34,11.725880146026611,0.25,0.25
paper,200,3000000.0,9,11,exclude,launch,0,0.0,prior,0.0,sa,12600.0,43200.0,4334264.407900534,0,3453960.047805398,880304.3600951362,0,18,0.6204089502086834,20,6.406735200500309,12.398596834568664,12153.525807302402,3205.693404645921,3.7912314975875856,2.0127760912353274,307.7146232933723,0.0,0.006756756756756757,0.0,1.829081499262678,10.331325301204819,0.7050791916985254,1940.5545613376178,332,61.946664571762085,0.25,0.25
ring,50,1500000.0,5,4,exclude,launch,0,0.0,prior,0.0,sa,12600.0,43200.0,5177941.276171629,0,4816497.372460616,361443.9037110139,0,30,0.9903141493251617,31,3.2153886381073056,4.003495226794741,12106.842490496614,4983.840028203903,2.429219722539876,2.0047331987357717,302.8466401925447,0.0,0.0,0.0,1.5140619064147491,4.405405405405405,0.3853211009174312,1680.7966486270166,222,19.414300680160522,0.25,0.25
ring,50,1500000.0,1,9,exclude,launch,0,0.0,prior,0.0,sa,12600.0,43200.0,708109.8652401721,0,549295.7737446764,158814.09149549584,0,0,0.0,0,3.1478429897880686,5.71731054443449,12373.780753920757,3459.4868183012195,3.576767712616087,2.0223509760070417,313.5604554427654,0.0,0.0,0.0,7.796954729833292,50.0,0.7009345794392523,3758.7247483391143,9,2.1894562244415283,0.25,0.25
ring,50,1500000.0,3,6,exclude,launch,0,0.0,prior,0.0,sa,12600.0,43200.0,363015.11503446323,0,312059.85318222706,50955.26185223619,0,0,0.0,0,3.243935540154548,2.6334784883083553,11997.367910531184,7531.018419938187,1.5930604921597915,2.0168634995360355,310.203413006602,0.0,0.00980392156862745,0.0,2.697337239417575,10.106666666666667,0.8556701030927835,2166.2910766297687,75,11.694305181503296,0.25,0.25
ring,50,1500000.0,5,5,exclude,launch,0,0.0,prior,0.0,sa,12600.0,43200.0,5806409.9593906235,0,5411044.462445429,395365.4969451954,0,35,0.9945250295005392,36,3.155892772824117,3.6565939684335653,12341.368527403576,5456.8336170255125,2.2616354819575353,2.004668382445017,302.8075676054062,0.0,0.0,0.0,1.5254003748686005,3.420814479638009,0.2903225806451613,2159.829443928238,221,16.22151279449463,0.25,0.25
ring,50,1500000.0,1,10,exclude,launch,0,0.0,prior,0.0,sa,12600.0,43200.0,714939.2043637604,0,564897.0021303855,150042.20223337485,0,0,0.0,0,3.166832632694835,6.168116276128727,12297.58362357631,3206.1014252317186,3.8356814063321507,2.0226939808320124,313.77089352900856,0.0,0.0,0.0,7.75367633391543,48.111111111111114,0.7604166666666666,3884.6133315401307,9,3.6936662197113037,0.25,0.25
ring,50,1500000.0,4,6,exclude,launch,0,0.0,prior,0.0,sa,12600.0,43200.0,2252998.8399783517,0,2069196.7606321273,183802.0793462244,0,14,0.91060441291062,15,3.243935540154548,2.9337548486706226,11997.367910531184,6773.499921246112,1.7712213848116565,2.0129038979329623,307.79229193433673,0.0,0.005555555555555556,0.0,2.0008108393863977,5.455223880597015,0.6210526315789474,2264.5053570360556,134,13.444763660430908,0.25,0.25
ring,50,1500000.0,2,7,exclude,launch,0,0.0,prior,0.0,sa,12600.0,43200.0,387505.35494429374,0,325776.804179045,61728.55076524874,0,0,0.0,0,3.189298033294296,2.9472373871504405,12208.611502936208,6731.533761917879,1.8136448445083422,2.0161871626747008,309.79090487545767,0.0,0.021739130434782608,0.0,4.020748801636256,21.470588235294116,0.8932038834951457,2276.507554781493,34,12.312602758407593,0.25,0.25
ring,50,1500000.0,3,7,exclude,launch,0,0.0,prior,0.0,sa,12600.0,43200.0,431542.2877598905,0,354448.8540804075,77093.43367948303,0,0,0.0,0,3.189298033294296,2.7026568769042685,12208.611502936208,7339.741612719814,1.6633571244222842,2.01645394719049,309.95358802773796,0.0,0.0,0.0,2.695962283980414,9.91891891891892,0.8725490196078431,2226.742883467457,74,12.292594909667969,0.25,0.25
paper,200,3000000.0,7,12,exclude,launch,0,0.0,prior,0.0,sa,12600.0,43200.0,2902942.8311598543,0,1815949.5635779037,1086993.2675819509,0,1,0.07418265087409102,3,5.9859564816677215,18.342935813419334,13031.281034479704,2165.161201438985,6.018619318422574,2.0143313154871247,308.6604052733522,0.0,0.03345724907063197,0.0,2.354170128253996,14.6,0.6554760594386351,2285.7122732121943,200,51.93908333778381,0.25,0.25
paper,200,3000000.0,6,12,exclude,launch,0,0.0,prior,0.0,sa,12600.0,43200.0,2302393.582137752,0,1406067.0140814108,896326.5680563409,0,0,0.0,1,5.9859564816677215,22.526928023820567,13031.281034479704,1761.6062118590094,7.397385946276775,2.0159473358156514,309.644696745276,0.0,0.06,0.0,2.7247781792652366,20.38255033557047,0.6899945325314379,2226.926775034804,149,53.362343311309814,0.25,0.25
paper,200,3000000.0,10,11,exclude,launch,0,0.0,prior,0.0,sa,12600.0,43200.0,6422466.8339736415,0,5409457.29394504,1013009.5400286015,0,32,0.7847910297666949,38,6.406735200500309,11.833369686952762,12153.525807302402,3360.433485841493,3.6166541782507595,2.011806702752417,307.12584112041566,0.0,0.001838235294117647,0.0,1.6502537169220444,8.876847290640393,0.6864035087719298,1838.486296390131,406,68.05474829673767,0.25,0.25
ring,50,1500000.0,1,11,exclude,launch,0,0.0,prior,0.0,sa,12600.0,43200.0,675354.4001319766,0,565675.8954789826,109678.50465299409,0,0,0.0,0,3.205288187467845,5.726324421456312,12146.043764923694,3455.704216429347,3.514781070433672,2.021377742532752,312.9637478823903,0.0,0.0,0.0,7.740042130634388,50.0,0.7878787878787878,3731.2885501677038,9,2.5660698413848877,0.25,0.25
ring,50,1500000.0,2,8,exclude,launch,0,0.0,prior,0.0,sa,12600.0,43200.0,406865.7292540732,0,343782.5047222489,63083.22453182424,0,0,0.0,0,3.3207643739247072,2.976339113469321,11712.08618335621,6668.212280444226,1.756405718771744,2.0154320597687967,309.33068040189016,0.0,0.043478260869565216,0.0,4.0257698675073845,21.941176470588236,0.9042553191489362,2228.627554593207,34,12.702160596847534,0.25,0.25
ring,50,1500000.0,3,8,exclude,launch,0,0.0,prior,0.0,sa,12600.0,43200.0,407440.9275244757,0,349798.5573674077,57642.37015706799,0,0,0.0,0,3.3207643739247072,2.7705391337630214,11712.08618335621,7165.074423070042,1.6346077502901772,2.01499975028301,309.06734792237177,0.0,0.019801980198019802,0.0,2.690946093449036,10.337837837837839,0.8602150537634409,2136.207518567879,74,12.268431663513184,0.25,0.25
ring,50,1500000.0,4,7,exclude,launch,0,0.0,prior,0.0,sa,12600.0,43200.0,1984403.004584559,0,1890465.3258057637,93937.67877879534,0,13,0.9091456465050674,13,3.189298033294296,3.229430973700561,12208.611502936208,6158.56109672689,1.9823805124584633,2.011197547568978,306.75614406285473,0.0,0.005555555555555556,0.0,2.001055680629319,6.925925925925926,0.7,1775.3025561060642,135,15.686573505401611,0.25,0.25
paper,200,3000000.0,8,12,exclude,launch,0,0.0,prior,0.0,sa,12600.0,43200.0,4391319.868249608,0,3182417.0434913984,1208902.8247582095,0,12,0.45407022853953016,12,5.9859564816677215,15.56790387912177,13031.281034479704,2552.7951734510775,5.104710777427141,2.013000466129669,307.85098331367794,0.0,0.022988505747126436,0.0028735632183908046,2.0701711820604594,11.638461538461538,0.630939226519337,2195.3282031200033,260,54.21560192108154,0.25,0.25
ring,50,1500000.0,1,12,exclude,launch,0,0.0,prior,0.0,sa,12600.0,43200.0,807322.0701088264,0,620538.7111831404,186783.35892568604,0,0,0.0,0,3.18677959179697,6.366054030982641,12218.523124817477,3105.155234700305,3.9349153911130474,2.0235146569059737,314.27467587040604,0.0,0.08333333333333333,0.0,7.7991844622541295,49.888888888888886,0.794392523364486,3768.1733674198877,9,2.3291451930999756,0.25,0.25
ring,50,1500000.0,4,8,exclude,launch,0,0.0,prior,0.0,sa,12600.0,43200.0,2241534.9506446887,0,2115330.696514922,126204.25412976625,0,12,0.8774377081729903,13,3.3207643739247072,2.9654773280852513,11712.08618335621,6704.269790454009,1.7469592587148965,2.011934790643512,307.20360615441854,0.0,0.0,0.0,2.024919285296952,5.556390977443609,0.7096774193548387,2253.4347072226556,133,13.564167022705078,0.25,0.25
ring,50,1500000.0,2,9,exclude,launch,0,0.0,prior,0.0,sa,12600.0,43200.0,359779.5859346856,0,308219.06559021247,51560.52034447311,0,0,0.0,0,3.1478429897880686,3.0279254853170525,12373.780753920757,6554.3706802249635,1.8878670977907,2.0155046704740247,309.37492072636707,0.0,0.043478260869565216,0.0,4.019624385560456,22.029411764705884,0.9056603773584906,2208.498857859199,34,12.37243366241455,0.25,0.25
ring,50,1500000.0,3,9,exclude,launch,0,0.0,prior,0.0,sa,12600.0,43200.0,381563.36664089386,0,315973.1364131411,65590.2302277527,0,0,0.0,0,3.1478429897880686,2.64702294185161,12373.780753920757,7495.526613651972,1.6508220691770716,2.0160445994570706,309.7039884257635,0.0,0.0,0.0,2.7018445005297314,10.753424657534246,0.8666666666666667,2071.205086035428,73,12.300947189331055,0.25,0.25
ring,50,1500000.0,5,6,exclude,launch,0,0.0,prior,0.0,sa,12600.0,43200.0,3893961.5670363843,0,3655238.5855643256,238722.98147205877,0,27,0.9874547542286961,28,3.243935540154548,3.8764303973887286,11997.367910531184,5143.116332817457,2.332703974432344,2.0063267014814947,303.80802903438763,0.0,0.0,0.006993006993006993,1.5630788338554011,4.901869158878505,0.41935483870967744,1562.4677886704162,214,19.891980171203613,0.25,0.25
ring,50,1500000.0,4,9,exclude,launch,0,0.0,prior,0.0,sa,12600.0,43200.0,1602153.824534261,0,1497287.8167600601,104866.0077742006,0,10,0.8183051638051444,13,3.1478429897880686,2.67200017059437,12373.780753920757,7420.483006488563,1.6675168911647624,2.0173968340582595,310.52889538553075,0.0,0.01675977653631285,0.0,2.0171755505123374,5.388059701492537,0.7745098039215687,2292.4506562237434,134,13.271552801132202,0.25,0.25
ring,50,1500000.0,3,10,exclude,launch,0,0.0,prior,0.0,sa,12600.0,43200.0,441428.51545671496,0,369803.96094858093,71624.55450813404,0,0,0.0,0,3.166832632694835,2.6207326524971504,12297.58362357631,7567.5492169007475,1.6250417765518974,2.016889093241888,310.2190283862927,0.0,0.0,0.0,2.7048665420616658,9.826666666666666,0.8279569892473119,2270.3295835479603,75,12.100402116775513,0.25,0.25
ring,50,1500000.0,2,10,exclude,launch,0,0.0,prior,0.0,sa,12600.0,43200.0,355446.2858432399,0,310900.9966115114,44545.28923172859,0,0,0.0,0,3.166832632694835,2.918028515211342,12297.58362357631,6798.986447358926,1.8087377756655658,2.0161659890756614,309.7779952062351,0.0,0.021739130434782608,0.0,4.019427652290155,23.11764705882353,0.8631578947368421,2115.482186007352,34,13.655641317367554,0.25,0.25
ring,50,1500000.0,5,7,exclude,launch,0,0.0,prior,0.0,sa,12600.0,43200.0,3915944.6790579674,0,3679672.7027644445,236271.9762935227,0,25,0.984942729470196,25,3.189298033294296,4.110323504780719,12208.611502936208,4851.1246514326485,2.5166559056219517,2.006049072529793,303.64042090141686,0.0,0.0,0.0,1.5623251866243886,5.348837209302325,0.43434343434343436,1434.9142093190635,215,20.99290180206299,0.25,0.25
ring,50,1500000.0,3,11,exclude,launch,0,0.0,prior,0.0,sa,12600.0,43200.0,483626.06747955154,0,394861.48465734563,88764.58282220589,0,0,0.0,0,3.205288187467845,2.564310473601226,12146.043764923694,7737.326032508291,1.5697986247305882,2.0160369507023077,309.6993255577332,0.0,0.0,0.0,2.698068191763551,9.58108108108108,0.8969072164948454,2341.082621032122,74,11.765817403793335,0.25,0.25
ring,50,1500000.0,4,10,exclude,launch,0,0.0,prior,0.0,sa,12600.0,43200.0,2177413.8331309776,0,2032102.5634238878,145311.2697070899,0,15,0.8693976936212635,17,3.166832632694835,2.8549576751121464,12297.58362357631,6960.343757427603,1.7668069354265974,2.0129344290542193,307.81084726901906,0.0,0.0,0.0,2.007328447575354,5.022222222222222,0.6344086021505376,2449.1138889888653,135,13.040766477584839,0.25,0.25
ring,50,1500000.0,2,11,exclude,launch,0,0.0,prior,0.0,sa,12600.0,43200.0,401397.91183498816,0,348370.30815462716,53027.60368036106,0,0,0.0,0,3.205288187467845,2.8761754598935094,12146.043764923694,6901.212238464939,1.7599869914485315,2.01520499537615,309.1923547910067,0.0,0.021739130434782608,0.0,4.020661612348157,21.941176470588236,0.898989898989899,2239.526962634888,34,13.022547006607056,0.25,0.25
ring,50,1500000.0,5,8,exclude,launch,0,0.0,prior,0.0,sa,12600.0,43200.0,3806105.654262469,0,3612520.481036801,193585.17322566823,0,24,0.9823084406324627,26,3.3207643739247072,3.76177764843362,11712.08618335621,5299.045808667497,2.210225502145893,2.0066387555247425,303.9964752373207,0.0,0.0,0.0,1.5657575292970944,5.088372093023255,0.5268817204301075,1507.1383325043423,215,20.649139165878296,0.25,0.25
ring,50,1500000.0,4,11,exclude,launch,0,0.0,prior,0.0,sa,12600.0,43200.0,3336572.9307779507,0,3132523.340313709,204049.5904642415,0,17,0.9521990674113875,19,3.205288187467845,3.0323081111013925,12146.043764923694,6564.644081573156,1.8502212174788626,2.0094420168825122,305.69195563435034,0.0,0.0,0.0,1.9982537527997761,5.835820895522388,0.5979381443298969,2120.4481281356307,134,14.25956654548645,0.25,0.25
paper,200,3000000.0,9,12,exclude,launch,0,0.0,prior,0.0,sa,12600.0,43200.0,8411855.28288051,0,6939266.779535595,1472588.503344915,0,37,0.8227325604771165,39,5.9859564816677215,17.76035169291233,13031.281034479704,2240.983609374138,5.814982751310297,2.0100170687765386,306.0403437659855,0.0,0.01809954751131222,0.004524886877828055,1.8311765682112233,11.012158054711247,0.6140254003313087,1827.6862502230276,329,61.98232698440552,0.25,0.25
ring,50,1500000.0,3,12,exclude,launch,0,0.0,prior,0.0,sa,12600.0,43200.0,514261.42111547897,0,425039.26977394975,89222.15134152918,0,0,0.0,0,3.18677959179697,2.6226052309648575,12218.523124817477,7560.715657528373,1.6160537809210191,2.017270616958705,310.45185243826324,0.0,0.01,0.0,2.70308328252226,9.27027027027027,0.8269230769230769,2447.549670194518,74,11.240966320037842,0.25,0.25
ring,50,1500000.0,2,12,exclude,launch,0,0.0,prior,0.0,sa,12600.0,43200.0,453655.1576226885,0,377600.1180437996,76055.03957888894,0,0,0.0,0,3.18677959179697,2.7911565607433357,12218.523124817477,7105.131558138213,1.7196758462300938,2.016989652113817,310.28038575197456,0.0,0.021739130434782608,0.0,4.015190579970614,21.058823529411764,0.8411214953271028,2341.3401355869723,34,12.13648247718811,0.25,0.25
ring,50,3000000.0,3,1,exclude,launch,0,0.0,prior,0.0,sa,12600.0,43200.0,344867.17221775744,0,288978.73669334734,55888.43552441006,0,0,0.0,0,6.40359423996154,8.35299975787075,12159.650606960871,4769.399340554181,2.5495140454202305,2.0080930398208965,304.87547308060084,0.0,0.13559322033898305,0.01694915254237288,4.778681234745452,20.38095238095238,0.9369369369369369,1974.6221697722337,42,10.72553014755249,0.25,0.25
ring,50,1500000.0,4,12,exclude,launch,0,0.0,prior,0.0,sa,12600.0,43200.0,2624000.3415467115,0,2436834.6955450205,187165.64600169088,0,15,0.8835711734987893,16,3.18677959179697,2.794823454770333,12218.523124817477,7107.838885646974,1.719020833391515,2.0135760502061935,308.2009228654762,0.0,0.0,0.0,2.0101414021895483,4.7481481481481485,0.625,2590.348994825349,135,12.53703260421753,0.25,0.25
ring,50,1500000.0,5,9,exclude,launch,0,0.0,prior,0.0,sa,12600.0,43200.0,3966969.888484075,0,3788784.60314556,178185.28533851524,0,26,0.9895163552044779,27,3.1478429897880686,4.1734914095032964,12373.780753920757,4778.522187554295,2.5894576331880144,2.0057040920792675,303.432216247495,0.0,0.0,0.0,1.5423023387200123,5.806451612903226,0.5445544554455446,1298.351389079154,217,22.11058783531189,0.25,0.25
ring,50,1500000.0,5,10,exclude,launch,0,0.0,prior,0.0,sa,12600.0,43200.0,4676682.752266797,0,4396945.152160799,279737.60010599863,0,31,0.9916902547779679,31,3.166832632694835,4.892291998837602,12297.58362357631,4080.508987909713,3.013737663613354,2.0037026950342076,302.22573000567934,0.0,0.0,0.006557377049180328,1.4687470753030312,4.741228070175438,0.4175824175824176,1524.5752529211388,228,20.771310567855835,0.25,0.25
ring,50,1500000.0,5,11,exclude,launch,0,0.0,prior,0.0,sa,12600.0,43200.0,4911158.661296456,0,4612412.814082087,298745.84721436934,0,28,0.9902126138466503,29,3.205288187467845,3.817978247447541,12146.043764923694,5224.561257459327,2.3247968903766365,2.0052878203123656,303.18108050051615,0.0,0.0,0.0,1.5341959578773061,4.877272727272727,0.4536082474226804,1538.1081098017817,220,20.291094541549683,0.25,0.25
ring,50,3000000.0,3,2,exclude,launch,0,0.0,prior,0.0,sa,12600.0,43200.0,359702.50596997817,0,292107.2851636813,67595.22080629683,0,0,0.0,0,6.537561408261878,7.661361911029209,11903.645412120526,5196.38874363522,2.290753444245423,2.0094739262888015,305.71128235707863,0.0,0.08771929824561403,0.0,4.883028986247991,20.29268292682927,0.9099099099099099,1977.261822365405,41,11.947110414505005,0.25,0.25
ring,50,1500000.0,5,12,exclude,launch,0,0.0,prior,0.0,sa,12600.0,43200.0,5856039.213812729,0,5493649.374822455,362389.83899027406,0,31,0.9926374782594553,31,3.18677959179697,3.9165271476990653,12218.523124817477,5094.402610075943,2.398421181052931,2.004774759648389,302.8716952879433,0.0,0.0,0.0,1.530834319250735,4.113122171945701,0.36538461538461536,1798.169571038382,221,18.40967082977295,0.25,0.25
ring,50,3000000.0,4,1,exclude,launch,0,0.0,prior,0.0,sa,12600.0,43200.0,244143.5577197007,0,212476.53910217877,31667.018617521957,0,0,0.0,0,6.40359423996154,6.849155552870971,12159.650606960871,5819.384208116199,2.089508128712658,2.0071319588840995,304.2944347817169,0.0,0.02127659574468085,0.010638297872340425,3.7910490381120145,15.728571428571428,0.926605504587156,1518.3500349863564,70,17.738327741622925,0.25,0.25
ring,50,3000000.0,5,1,exclude,launch,0,0.0,prior,0.0,sa,12600.0,43200.0,216651.10053875958,0,192576.41632063413,24074.684218125458,0,0,0.0,0,6.40359423996154,5.568806556646242,12159.650606960871,7156.788133859811,1.6990373865382136,2.0072880270255054,304.38875081668044,0.0,0.007042253521126761,0.007042253521126761,3.1739099387697784,11.216981132075471,0.9532710280373832,1375.3325486651868,106,19.206382513046265,0.25,0.25
ring,50,3000000.0,3,3,exclude,launch,0,0.0,prior,0.0,sa,12600.0,43200.0,387755.6599965015,0,333899.78905647574,53855.87094002582,0,0,0.0,0,6.299083900677,8.523906298878778,12366.926142715545,4673.021841812904,2.646451602699503,2.008415244196139,305.0703914181476,0.0,0.06779661016949153,0.01694915254237288,4.521309305535104,19.772727272727273,0.9245283018867925,1936.0465420951325,44,10.725673913955688,0.25,0.25
ring,50,3000000.0,7,1,exclude,launch,0,0.0,prior,0.0,sa,12600.0,43200.0,1387366.7404439189,0,1272795.8964533191,114570.84399059984,0,9,0.8887876941122683,12,6.40359423996154,5.085284727793933,12159.650606960871,7834.1800288735085,1.5521280545182123,2.008080714812306,304.86801827294687,0.0,0.0,0.0,2.2855231818329336,5.436893203883495,0.7407407407407407,1483.3852263254994,206,20.112576246261597,0.25,0.25
ring,50,3000000.0,6,1,exclude,launch,0,0.0,prior,0.0,sa,12600.0,43200.0,197590.42180417478,0,180333.45190427496,17256.969899899843,0,0,0.0,0,6.40359423996154,4.8098258719630484,12159.650606960871,8279.1079342149,1.4687150721527535,2.0089868239250217,305.416323256291,0.0,0.0,0.0,2.6774931201320187,8.206666666666667,0.9537037037037037,1324.9372292616154,150,21.551329374313354,0.25,0.25
ring,50,3000000.0,4,2,exclude,launch,0,0.0,prior,0.0,sa,12600.0,43200.0,221969.44089497195,0,194711.17981270456,27258.26108226737,0,0,0.0,0,6.537561408261878,6.321259875260334,11903.645412120526,6302.35330567436,1.8887619964756674,2.008091954388279,304.87481655071406,0.0,0.07608695652173914,0.0,3.991061730519117,16.313432835820894,0.9181818181818182,1529.8081550681889,67,17.193356037139893,0.25,0.25
ring,50,3000000.0,8,1,exclude,launch,0,0.0,prior,0.0,sa,12600.0,43200.0,2334819.6233968437,0,2178118.5570122018,156701.06638464174,0,16,0.956010755889799,20,6.40359423996154,5.524363462485609,12159.650606960871,7216.325014614664,1.685019810268367,2.0067425423561245,304.05916397690174,0.0,0.0,0.0,2.0024778815758904,4.332103321033211,0.6759259259259259,1421.0809436524755,271,22.76620602607727,0.25,0.25
ring,50,3000000.0,5,2,exclude,launch,0,0.0,prior,0.0,sa,12600.0,43200.0,202151.61996661447,0,179522.82511346962,22628.794853144864,0,0,0.0,0,6.537561408261878,5.838144719925816,11903.645412120526,6824.215672228929,1.74432432734538,2.0079938892109417,304.81550420598,0.0,0.020689655172413793,0.013793103448275862,3.1158861169530145,11.25,0.9439252336448598,1352.0188383648956,108,19.042336225509644,0.25,0.25
ring,50,3000000.0,4,3,exclude,launch,0,0.0,prior,0.0,sa,12600.0,43200.0,296744.7315764221,0,257331.15987291525,39413.57170350685,0,0,0.0,0,6.299083900677,6.092074641179285,12366.926142715545,6541.195474471946,1.8906217053105105,2.007555884606634,304.55065818163723,0.0,0.010526315789473684,0.0,3.929964002601041,15.602941176470589,0.9245283018867925,1564.5196725374228,68,17.45516300201416,0.25,0.25
ring,50,3000000.0,7,2,exclude,launch,0,0.0,prior,0.0,sa,12600.0,43200.0,908574.0590035967,0,834370.5040679305,74203.55493566615,0,5,0.772322926852039,9,6.537561408261878,4.8035683054747995,11903.645412120526,8282.570615058197,1.4371921430381775,2.0107629255381,306.4925074927016,0.0,0.0,0.0036231884057971015,2.2984818652505146,5.068292682926829,0.7870370370370371,1588.3779188760464,205,19.78942847251892,0.25,0.25
ring,50,3000000.0,3,4,exclude,launch,0,0.0,prior,0.0,sa,12600.0,43200.0,391984.20302592166,0,336286.0099214895,55698.19310443212,0,0,0.0,0,6.430777276214611,7.858474466725278,12106.842490496614,5067.346343955249,2.3891878842934546,2.0089593632025737,305.39969897824307,0.0,0.10344827586206896,0.017241379310344827,4.712719118106247,21.142857142857142,0.9375,1879.0783958000734,42,10.389018535614014,0.25,0.25
ring,50,3000000.0,6,2,exclude,launch,0,0.0,prior,0.0,sa,12600.0,43200.0,186036.47134943865,0,165987.4336522708,20049.037697167878,0,0,0.0,0,6.537561408261878,5.213627482496113,11903.645412120526,7638.338835418303,1.5584076156617162,2.008866470008802,305.34346629240605,0.0,0.004901960784313725,0.0,2.6808655281051377,8.453333333333333,0.944954128440367,1314.2990259059031,150,21.791898012161255,0.25,0.25
ring,50,3000000.0,8,2,exclude,launch,0,0.0,prior,0.0,sa,12600.0,43200.0,2432279.6672066287,0,2231039.882693619,201239.78451300948,0,17,0.9550340543494132,21,6.537561408261878,5.214648038431251,11903.645412120526,7640.4321222603885,1.5579806510471144,2.007923044510629,304.7726590966725,0.0,0.0,0.0,2.010105812999192,3.539325842696629,0.5740740740740741,1747.9026463062812,267,21.087746620178223,0.25,0.25
ring,50,3000000.0,5,3,exclude,launch,0,0.0,prior,0.0,sa,12600.0,43200.0,238412.48768621983,0,213816.44599842225,24596.041687797584,0,0,0.0,0,6.299083900677,5.729964880431233,12366.926142715545,6955.4885339492475,1.7780097087865867,2.0072912331999317,304.39068854443155,0.0,0.013888888888888888,0.0,3.170516956187508,11.89622641509434,0.9339622641509434,1323.4076297551637,106,20.24875283241272,0.25,0.25
ring,50,3000000.0,6,3,exclude,launch,0,0.0,prior,0.0,sa,12600.0,43200.0,229088.39107380976,0,202092.20545104213,26996.185622767647,0,0,0.0,0,6.299083900677,5.260838442585715,12366.926142715545,7573.1457447385765,1.6329972457360187,2.007976875621947,304.80521453657474,0.0,0.004878048780487805,0.0,2.6838022199395812,8.841059602649006,0.9433962264150944,1254.5882919681503,151,22.566092014312744,0.25,0.25
ring,50,3000000.0,9,1,exclude,launch,0,0.0,prior,0.0,sa,12600.0,43200.0,4144366.705272765,0,3892521.317472542,251845.38780022293,0,28,0.9916969936034524,28,6.40359423996154,8.988564302174854,12159.650606960871,4443.594817887146,2.73644450164846,2.002927390876706,301.7590054112271,0.0,0.0,0.06727272727272728,1.4221412738308656,3.4121951219512194,0.4485981308411215,1180.8802826389924,410,30.2266583442688,0.25,0.25
ring,50,3000000.0,9,2,exclude,launch,0,0.0,prior,0.0,sa,12600.0,43200.0,4601244.054423343,0,4271514.260982402,329729.79344094155,0,31,0.9947854397853422,33,6.537561408261878,7.7764284202830884,11903.645412120526,5135.440224187419,2.3179406034278283,2.0032360620887175,301.94477888258297,0.0,0.0,0.026923076923076925,1.5181139499125256,3.0255102040816326,0.3148148148148148,1397.0461390329372,392,28.308090925216675,0.25,0.25
ring,50,3000000.0,3,5,exclude,launch,0,0.0,prior,0.0,sa,12600.0,43200.0,392294.5975383271,0,317697.0931206702,74597.50441765694,0,0,0.0,0,6.311785545648234,6.990916439943501,12341.368527403576,5695.856475704024,2.166727441263019,2.0090781867634933,305.4716361005697,0.0,0.16393442622950818,0.03278688524590164,4.729886527522895,20.209302325581394,0.889763779527559,1953.323260584251,43,10.359033584594727,0.25,0.25
ring,50,3000000.0,7,3,exclude,launch,0,0.0,prior,0.0,sa,12600.0,43200.0,962244.9339878028,0,884604.7702225435,77640.16376525926,0,5,0.8129041937471218,5,6.299083900677,5.605124995056691,12366.926142715545,7110.724329105049,1.7391935856796235,2.0072008999668354,304.33609586820086,0.0,0.007168458781362007,0.0,2.2716395182828912,6.447115384615385,0.8679245283018868,1243.3829506489012,208,22.817631006240845,0.25,0.25
ring,50,3000000.0,4,4,exclude,launch,0,0.0,prior,0.0,sa,12600.0,43200.0,315872.4921982929,0,270886.38198222185,44986.11021607109,0,0,0.0,0,6.430777276214611,6.602192614209796,12106.842490496614,6035.273439171411,2.006013913457213,2.0077278587260885,304.65463117580026,0.0,0.053763440860215055,0.021505376344086023,3.8824290637480634,15.544117647058824,0.9464285714285714,1572.6883264389555,68,17.84627056121826,0.25,0.25
ring,50,3000000.0,10,1,exclude,launch,0,0.0,prior,0.0,sa,12600.0,43200.0,4187823.3153010244,0,3923574.542715059,264248.77258596534,0,29,0.9930922347768648,29,6.40359423996154,9.854125083785608,12159.650606960871,4052.9852555471352,3.0001714391431635,2.003073532508556,301.8469534857581,0.0,0.0,0.11637931034482758,1.2019496586993803,2.9148936170212765,0.411214953271028,1094.1604863159587,517,35.07752704620361,0.25,0.25
ring,50,3000000.0,5,4,exclude,launch,0,0.0,prior,0.0,sa,12600.0,43200.0,250791.65118113594,0,219080.31110665036,31711.340074485594,0,0,0.0,0,6.430777276214611,5.573136064462356,12106.842490496614,7149.52534968209,1.6933770982482013,2.0077661614793225,304.6777908668303,0.0,0.007042253521126761,0.0,3.184587716483643,12.160377358490566,0.9375,1295.3449899669101,106,20.949303150177002,0.25,0.25
ring,50,3000000.0,10,2,exclude,launch,0,0.0,prior,0.0,sa,12600.0,43200.0,4803823.379991178,0,4474755.33920627,329068.040784908,0,33,0.9963406353750903,33,6.537561408261878,11.018693054875923,11903.645412120526,3625.115669799025,3.2836594736245917,2.0028020776301725,301.68360206981725,0.0,0.0,0.1499312242090784,1.0887936954834694,2.38348623853211,0.27102803738317754,1258.9461831627616,545,33.35302662849426,0.25,0.25
ring,50,3000000.0,6,4,exclude,launch,0,0.0,prior,0.0,sa,12600.0,43200.0,247251.37028278576,0,218215.66073020382,29035.709552581957,0,0,0.0,0,6.430777276214611,4.790842129077541,12106.842490496614,8308.571422382496,1.4571509198178088,2.0097950374435625,305.9058052936938,0.0,0.00975609756097561,0.0,2.650539394908805,8.125827814569536,0.9375,1338.967996343658,151,21.690978527069092,0.25,0.25
ring,50,3000000.0,8,3,exclude,launch,0,0.0,prior,0.0,sa,12600.0,43200.0,1879192.0255068128,0,1723163.2287154351,156028.79679137786,0,10,0.9394060508445756,11,6.299083900677,6.353834216930904,12366.926142715545,6277.074635781536,1.9701735060181873,2.005842437171837,303.51570252473437,0.0,0.0,0.0,1.9811975700545412,5.8118081180811805,0.7619047619047619,1051.0464393037357,271,27.980970859527588,0.25,0.25
ring,50,3000000.0,7,4,exclude,launch,0,0.0,prior,0.0,sa,12600.0,43200.0,747003.4778452595,0,706167.3881174711,40836.089727788225,0,3,0.6987093494356332,4,6.430777276214611,5.190341253946289,12106.842490496614,7671.736324872898,1.5781098277901509,2.009094692686223,305.4816296422511,0.0,0.0,0.0,2.2955638838369503,6.004901960784314,0.8928571428571429,1349.6906040900735,204,21.822895050048828,0.25,0.25
ring,50,3000000.0,4,5,exclude,launch,0,0.0,prior,0.0,sa,12600.0,43200.0,281109.9970658781,0,242013.85195690056,39096.14510897759,0,0,0.0,0,6.311785545648234,5.9764121834700195,12341.368527403576,6665.949042577681,1.8514045709883262,2.0081097979846385,304.8856094377887,0.0,0.021052631578947368,0.010526315789473684,3.804067166694439,15.314285714285715,0.936,1536.757204838342,70,17.207066297531128,0.25,0.25
ring,50,3000000.0,8,4,exclude,launch,0,0.0,prior,0.0,sa,12600.0,43200.0,2531881.646639817,0,2366740.451418387,165141.19522143007,0,13,0.9484225258672463,15,6.430777276214611,5.564919158823274,12106.842490496614,7161.4745169245,1.6905516401524396,2.0073757637673983,304.4417788277847,0.0,0.0,0.0,1.9855625557080514,4.564102564102564,0.7142857142857143,1337.1193570378466,273,23.669377088546753,0.25,0.25
ring,50,3000000.0,5,5,exclude,launch,0,0.0,prior,0.0,sa,12600.0,43200.0,250575.94758583538,0,210139.2940176823,40436.65356815312,0,0,0.0,0,6.311785545648234,5.454438719178655,12341.368527403576,7304.206114968523,1.689624900112332,2.0080147576569134,304.8281254962379,0.0,0.0,0.006896551724137931,3.11288623990203,11.422018348623853,0.944,1333.710867670743,109,19.079845905303955,0.25,0.25
ring,50,3000000.0,3,6,exclude,launch,0,0.0,prior,0.0,sa,12600.0,43200.0,351611.78020678146,0,289932.92575510027,61678.8544516812,0,0,0.0,0,6.487871080309096,8.453255091182942,11997.367910531184,4710.586327095815,2.54689481891479,2.0090513866467816,305.45541026813794,0.0,0.14035087719298245,0.017543859649122806,4.753556216763835,20.428571428571427,0.9285714285714286,1989.7815294734414,42,10.840666055679321,0.25,0.25
ring,50,3000000.0,9,3,exclude,launch,0,0.0,prior,0.0,sa,12600.0,43200.0,2683131.7349691265,0,2480061.8391786735,203069.895790453,0,16,0.9704708034940364,17,6.299083900677,6.821552401842102,12366.926142715545,5849.084744143157,2.1143352650342218,2.0050206677430067,303.0199627771796,0.0,0.0,0.0,1.7379442121653332,4.7701149425287355,0.7047619047619048,990.0150705524563,348,32.68187117576599,0.25,0.25
ring,50,3000000.0,6,5,exclude,launch,0,0.0,prior,0.0,sa,12600.0,43200.0,231380.22068024043,0,206714.3962825488,24665.82439769163,0,0,0.0,0,6.311785545648234,4.556695438239436,12341.368527403576,8732.907485162363,1.4132027103656102,2.010393750759005,306.2686594718551,0.0,0.0,0.0,2.7048092309645972,7.979310344827586,0.928,1411.2344262661543,145,20.48560857772827,0.25,0.25
ring,50,3000000.0,7,5,exclude,launch,0,0.0,prior,0.0,sa,12600.0,43200.0,1208323.252254615,0,1094098.6233756973,114224.62887891782,0,6,0.8301222541330178,8,6.311785545648234,4.859637830707334,12341.368527403576,8192.70933809134,1.5063842763252178,2.0093636226575886,305.64447682333525,0.0,0.0036496350364963502,0.0,2.3061682764917073,5.382352941176471,0.816,1502.3995480837982,204,20.465048789978027,0.25,0.25
ring,50,3000000.0,8,5,exclude,launch,0,0.0,prior,0.0,sa,12600.0,43200.0,2824358.9633141053,0,2599506.2703451514,224852.69296895392,0,16,0.955815910095262,18,6.311785545648234,5.253310540298929,12341.368527403576,7584.072981223559,1.6272744945833195,2.0079570049830333,304.79319716831,0.0,0.0,0.0,2.003445785156306,3.9595588235294117,0.6209677419354839,1532.4509354054496,272,22.197089672088623,0.25,0.25
ring,50,3000000.0,4,6,exclude,launch,0,0.0,prior,0.0,sa,12600.0,43200.0,269925.8725722074,0,229423.03333675748,40502.83923544993,0,0,0.0,0,6.487871080309096,6.260485691908993,11997.367910531184,6362.7064071684545,1.885576222252612,2.0083531210176258,305.0328049997959,0.0,0.06315789473684211,0.031578947368421054,3.742274156581222,14.728571428571428,0.865979381443299,1579.4183915529345,70,16.527239084243774,0.25,0.25
ring,50,3000000.0,10,3,exclude,launch,0,0.0,prior,0.0,sa,12600.0,43200.0,4015075.1740035806,0,3723051.888403213,292023.2856003672,0,24,0.9893309742910131,25,6.299083900677,8.310006778253365,12366.926142715545,4805.159356328642,2.573676589191088,2.0034606365755705,302.0799747469947,0.0,0.0,0.011363636363636364,1.4585169815390797,3.8468271334792123,0.5333333333333333,939.5922722828471,457,36.79329538345337,0.25,0.25
ring,50,3000000.0,9,4,exclude,launch,0,0.0,prior,0.0,sa,12600.0,43200.0,5082575.88492871,0,4723738.364089549,358837.5208391606,0,29,0.9917584230779328,29,6.430777276214611,8.005885971887608,12106.842490496614,4988.828129828422,2.4267908565759706,2.0030050513552657,301.8057399132536,0.0,0.0019011406844106464,0.049429657794676805,1.4965351182141333,3.309462915601023,0.3963963963963964,1273.8074080289593,391,29.78377938270569,0.25,0.25
ring,50,3000000.0,3,7,exclude,launch,0,0.0,prior,0.0,sa,12600.0,43200.0,371453.67462880426,0,317979.98175045045,53473.69287835388,0,0,0.0,0,6.378596066588592,7.824792398218319,12208.611502936208,5089.401895153451,2.3988303054946902,2.008863443974424,305.341634576381,0.0,0.10344827586206896,0.034482758620689655,4.943357792588078,20.414634146341463,0.8846153846153846,2046.5675337779533,41,12.803462505340576,0.25,0.25
ring,50,3000000.0,5,6,exclude,launch,0,0.0,prior,0.0,sa,12600.0,43200.0,204164.9482805893,0,189261.57182866803,14903.376451921287,0,0,0.0,0,6.487871080309096,5.576866623224986,11997.367910531184,7143.933969925658,1.6793783314679813,2.007993474871432,304.8152536150153,0.0,0.0,0.006944444444444444,3.192901571268174,11.466666666666667,0.9072164948453608,1395.1505387985017,105,18.663524627685547,0.25,0.25
ring,50,3000000.0,10,4,exclude,launch,0,0.0,prior,0.0,sa,12600.0,43200.0,5165075.644085017,0,4803826.253068232,361249.39101678587,0,30,0.9929106226611984,31,6.430777276214611,8.690182425888631,12106.842490496614,4595.634420315831,2.6344224503533464,2.0031599108809983,301.8989420396317,0.0,0.0,0.07424242424242425,1.2791249601893129,2.785425101214575,0.3944954128440367,1195.9260691192746,494,33.36581897735596,0.25,0.25
ring,50,3000000.0,6,6,exclude,launch,0,0.0,prior,0.0,sa,12600.0,43200.0,204127.04640533257,0,182317.02486380225,21810.021541530332,0,0,0.0,0,6.487871080309096,4.809050480098735,11997.367910531184,8276.010804534944,1.4496559023288218,2.010062688753957,306.0679905638619,0.0,0.00975609756097561,0.0,2.6674518836529955,8.185430463576159,0.9157894736842105,1325.8862969297163,151,21.751955032348633,0.25,0.25
ring,50,3000000.0,9,5,exclude,launch,0,0.0,prior,0.0,sa,12600.0,43200.0,4233416.068004373,0,3908551.7871835628,324864.2808208104,0,26,0.9871359957856867,28,6.311785545648234,6.050659507462407,12341.368527403576,6594.237800522055,1.8715382885382947,2.005038278120491,303.0305821462203,0.0,0.0,0.0,1.7444566261768855,3.2716763005780347,0.4032258064516129,1462.8706098446262,346,26.04235029220581,0.25,0.25
ring,50,3000000.0,4,7,exclude,launch,0,0.0,prior,0.0,sa,12600.0,43200.0,259742.43446917948,0,231800.09925504334,27942.33521413614,0,0,0.0,0,6.378596066588592,6.379261357654711,12208.611502936208,6244.946311538356,1.954958600745566,2.00812564518009,304.89519494093173,0.0,0.03125,0.010416666666666666,3.8198571417795693,15.5,0.9029126213592233,1497.6366503145396,72,16.498870372772217,0.25,0.25
ring,50,3000000.0,7,6,exclude,launch,0,0.0,prior,0.0,sa,12600.0,43200.0,1057050.5325898237,0,953523.7955285553,103526.73706126837,0,5,0.8418672837432606,7,6.487871080309096,5.167484422397372,11997.367910531184,7705.4268851030265,1.5570023685158583,2.009158074179359,305.52000560441786,0.0,0.0035714285714285713,0.0,2.271532764872175,5.771428571428571,0.7684210526315789,1362.421816941492,210,21.775713205337524,0.25,0.25
ring,50,3000000.0,3,8,exclude,launch,0,0.0,prior,0.0,sa,12600.0,43200.0,327960.1733717063,0,296893.2716992919,31066.901672414428,0,0,0.0,0,6.6415287478494145,7.683917539169953,11712.08618335621,5183.819297918903,2.259354639938577,2.0084334107284274,305.0813831620106,0.0,0.08771929824561403,0.0,5.0400153973952095,22.902439024390244,0.9473684210526315,1847.7844924042888,41,11.74758529663086,0.25,0.25
ring,50,3000000.0,10,5,exclude,launch,0,0.0,prior,0.0,sa,12600.0,43200.0,5804042.5674842335,0,5404371.557337624,399671.01014661003,0,35,0.9958501953285429,36,6.311785545648234,8.885521058873318,12341.368527403576,4493.608809289869,2.7464269924630798,2.0036036963706545,302.16611381065235,0.0,0.0,0.14896755162241887,1.1582870604667752,2.003921568627451,0.29838709677419356,1612.7332024725522,510,29.60759663581848,0.25,0.25
ring,50,3000000.0,5,7,exclude,launch,0,0.0,prior,0.0,sa,12600.0,43200.0,229371.2051792123,0,206018.31901435525,23352.886164857046,0,0,0.0,0,6.378596066588592,5.652441047365009,12208.611502936208,7049.01697528922,1.7319594413993153,2.0078228344176043,304.7120596720602,0.0,0.028169014084507043,0.007042253521126761,3.1956249092265687,11.361904761904762,0.9215686274509803,1412.598029714775,105,19.471549034118652,0.25,0.25
ring,50,3000000.0,8,6,exclude,launch,0,0.0,prior,0.0,sa,12600.0,43200.0,1857366.6957437864,0,1700710.3619303019,156656.33381348455,0,11,0.9332767730692083,15,6.487871080309096,5.517113236292272,11997.367910531184,7219.414859985121,1.6618199872442168,2.0085196743661538,305.1335800750837,0.0,0.002777777777777778,0.0,1.9949734169430537,4.5724907063197024,0.6947368421052632,1351.2190821128202,269,24.52392578125,0.25,0.25
ring,50,3000000.0,6,7,exclude,launch,0,0.0,prior,0.0,sa,12600.0,43200.0,209971.76556489043,0,191574.82587602848,18396.93968886195,0,0,0.0,0,6.378596066588592,5.3165955823881,12208.611502936208,7492.131051645007,1.6295245529982594,2.0084036200759097,305.0633582946599,0.0,0.0,0.0,2.6835535105707793,8.42,0.9313725490196079,1330.2120690234076,150,22.47684931755066,0.25,0.25
ring,50,3000000.0,7,7,exclude,launch,0,0.0,prior,0.0,sa,12600.0,43200.0,810522.7350112075,0,742503.7613350308,68018.97367617673,0,4,0.7565001405712557,6,6.378596066588592,5.264432551016173,12208.611502936208,7564.3043489722895,1.6139767703285113,2.0089513830899883,305.39486803176015,0.0,0.0,0.0,2.2885480586894906,6.111650485436893,0.8627450980392157,1316.4719543192462,206,21.78362202644348,0.25,0.25
ring,50,3000000.0,3,9,exclude,launch,0,0.0,prior,0.0,sa,12600.0,43200.0,342732.66308524454,0,291129.3444230809,51603.31866216363,0,0,0.0,0,6.295685979576137,8.281363078957664,12373.780753920757,4809.512737344803,2.572772218241795,2.0085705095636808,305.16434182846285,0.0,0.14035087719298245,0.03508771929824561,4.943046955845716,21.225,0.9306930693069307,1944.3289571508017,40,10.53372049331665,0.25,0.25
ring,50,3000000.0,4,8,exclude,launch,0,0.0,prior,0.0,sa,12600.0,43200.0,278102.6485655356,0,244518.18802260523,33584.46054293038,0,0,0.0,0,6.6415287478494145,6.724485998588344,11712.08618335621,5926.444882170917,1.976241476334452,2.0074125902207323,304.46403808057335,0.0,0.05263157894736842,0.010526315789473684,3.8798324585116184,15.927536231884059,0.9361702127659575,1499.34889008606,69,16.94055151939392,0.25,0.25
ring,50,3000000.0,9,6,exclude,launch,0,0.0,prior,0.0,sa,12600.0,43200.0,3549354.323030442,0,3333816.3085782784,215538.01445216365,0,22,0.9869387043888885,23,6.487871080309096,7.2800244528600295,11997.367910531184,5482.484643351464,2.1883085299801492,2.004378451177141,302.6328219566979,0.0,0.0,0.0081799591002045,1.664266234416676,4.197260273972603,0.5473684210526316,1074.942647452641,365,30.579243898391724,0.25,0.25
ring,50,3000000.0,5,8,exclude,launch,0,0.0,prior,0.0,sa,12600.0,43200.0,224345.91444001548,0,203333.77783854032,21012.136601475177,0,0,0.0,0,6.6415287478494145,5.753356007686876,11712.08618335621,6926.297217812404,1.6909592261267914,2.0075557518039266,304.5505778979528,0.0,0.02040816326530612,0.006802721088435374,3.0804094655827976,11.436363636363636,0.978494623655914,1323.3573085960281,110,20.213348627090454,0.25,0.25
ring,50,3000000.0,8,7,exclude,launch,0,0.0,prior,0.0,sa,12600.0,43200.0,1829633.1525176463,0,1757236.5277080687,72396.62480957754,0,12,0.9416219410853751,13,6.378596066588592,6.182965576032543,12208.611502936208,6449.0353436895475,1.8930911139884619,2.006311679554603,303.79895892240165,0.0,0.0027472527472527475,0.0,1.97981212580823,5.498168498168498,0.7474747474747475,1092.8181868657587,273,26.788307666778564,0.25,0.25
ring,50,3000000.0,7,8,exclude,launch,0,0.0,prior,0.0,sa,12600.0,43200.0,393388.02167721954,0,361305.4464262105,32082.575251009053,0,2,0.3527034549335584,5,6.6415287478494145,4.890617173510843,11712.08618335621,8137.7307727055,1.4392324482691587,2.0101247031236733,306.1055747582066,0.0,0.0,0.0,2.311891990011825,5.583333333333333,0.9032258064516129,1459.3040020617561,204,21.086182117462158,0.25,0.25
ring,50,3000000.0,6,8,exclude,launch,0,0.0,prior,0.0,sa,12600.0,43200.0,210074.1138261513,0,192775.85780438996,17298.256021761343,0,0,0.0,0,6.6415287478494145,5.079517400131532,11712.08618335621,7840.7809540041235,1.49373975016801,2.008668242765259,305.22348718894676,0.0,0.00980392156862745,0.0,2.6591728425880143,8.386666666666667,0.956989247311828,1288.2517160260736,150,21.68476915359497,0.25,0.25
ring,50,3000000.0,10,6,exclude,launch,0,0.0,prior,0.0,sa,12600.0,43200.0,3794594.5497897654,0,3561849.3230736903,232745.22671607512,0,25,0.9900391078778361,28,6.487871080309096,7.307185235305238,11997.367910531184,5461.945635720203,2.1965374082214257,2.0044373981873163,302.6683460631914,0.0,0.0,0.0016722408026755853,1.5085585876509784,3.3887640449438203,0.47368421052631576,1097.88397155444,445,33.816394090652466,0.25,0.25
ring,50,3000000.0,4,9,exclude,launch,0,0.0,prior,0.0,sa,12600.0,43200.0,266028.7344690529,0,232512.4708057897,33516.263663263264,0,0,0.0,0,6.295685979576137,6.419584136674374,12373.780753920757,6207.102970542238,1.9934872697689132,2.0076783777811835,304.6247139143151,0.0,0.08602150537634409,0.0,4.016226215123741,16.208955223880597,0.9158878504672897,1531.7599883382788,67,17.649751663208008,0.25,0.25
ring,50,3000000.0,3,10,exclude,launch,0,0.0,prior,0.0,sa,12600.0,43200.0,352493.63637756347,0,303511.3067299714,48982.3296475921,0,0,0.0,0,6.33366526538967,8.308910043678084,12297.58362357631,4792.837482853058,2.565825289835587,2.008876446628523,305.3495053685385,0.0,0.15,0.016666666666666666,4.643441354149297,20.511627906976745,0.8842105263157894,1929.775299511612,43,8.675339698791504,0.25,0.25
ring,50,3000000.0,8,8,exclude,launch,0,0.0,prior,0.0,sa,12600.0,43200.0,2100371.334750489,0,2002127.5826688535,98243.75208163525,0,12,0.9385153028537299,13,6.6415287478494145,5.695964494165294,11712.08618335621,6998.881827275204,1.6734224798186006,2.0067536095188974,304.0658490837987,0.0,0.0,0.0,2.000577621313276,4.654275092936803,0.7956989247311828,1326.8320969115152,269,24.764273643493652,0.25,0.25
ring,50,3000000.0,5,9,exclude,launch,0,0.0,prior,0.0,sa,12600.0,43200.0,204533.09208597234,0,185045.16374111187,19487.928344860455,0,0,0.0,0,6.295685979576137,5.38456152336317,12373.780753920757,7399.091055430027,1.6723379481645813,2.007988732725992,304.8123855907652,0.0,0.007042253521126761,0.0,3.21137376300638,11.952380952380953,0.9320388349514563,1323.9921642489758,105,20.270842790603638,0.25,0.25
ring,50,3000000.0,9,7,exclude,launch,0,0.0,prior,0.0,sa,12600.0,43200.0,3083332.207052539,0,2922707.3748811088,160624.83217143093,0,21,0.9810253258357133,23,6.378596066588592,7.425432779996525,12208.611502936208,5375.084750800324,2.2713337684802837,2.004393103336292,302.6416518088521,0.0,0.002053388090349076,0.01026694045174538,1.6648398035087009,4.466850828729282,0.56,1021.9150665361205,362,32.189241886138916,0.25,0.25
ring,50,3000000.0,6,9,exclude,launch,0,0.0,prior,0.0,sa,12600.0,43200.0,185662.0480963588,0,171470.32755943225,14191.720536926554,0,0,0.0,0,6.295685979576137,5.064580421877094,12373.780753920757,7863.073212024159,1.5736570702405333,2.0088809288407816,305.3522185735916,0.0,0.014705882352941176,0.0,2.676342652735811,8.993288590604028,0.9320388349514563,1217.4860579394378,149,22.497374773025513,0.25,0.25
ring,50,3000000.0,3,11,exclude,launch,0,0.0,prior,0.0,sa,12600.0,43200.0,359323.2790379217,0,325185.8991835055,34137.37985441618,0,0,0.0,0,6.41057637493569,7.894212988290763,12146.043764923694,5045.963010117262,2.407081411530489,2.0083392908564686,305.0244376454778,0.0,0.10526315789473684,0.0,5.039350466483517,22.35,0.9292929292929293,1912.8817908333147,40,8.031835079193115,0.25,0.25
ring,50,3000000.0,7,9,exclude,launch,0,0.0,prior,0.0,sa,12600.0,43200.0,855519.1038165897,0,809810.637164492,45708.46665209763,0,4,0.789998564467125,6,6.295685979576137,5.026562954721983,12373.780753920757,7919.182635704196,1.562507309546403,2.009733639015123,305.86860652761675,0.0,0.0036496350364963502,0.0036496350364963502,2.2977072370856457,6.171568627450981,0.8557692307692307,1325.3419342156553,204,22.70164680480957,0.25,0.25
ring,50,3000000.0,9,8,exclude,launch,0,0.0,prior,0.0,sa,12600.0,43200.0,3127374.283519777,0,2986226.2880275617,141147.99549221527,0,21,0.9801118422768861,23,6.6415287478494145,6.879256704833779,11712.08618335621,5802.129821252275,2.0185839586795713,2.004292167868216,302.58082753243235,0.0,0.0,0.006263048016701462,1.700114838287643,4.266106442577031,0.6344086021505376,1084.3361791371865,357,30.256811141967773,0.25,0.25
ring,50,3000000.0,10,7,exclude,launch,0,0.0,prior,0.0,sa,12600.0,43200.0,3834169.478547123,0,3606381.8013299517,227787.67721717097,0,24,0.9898750667863779,25,6.378596066588592,8.183645995955652,12208.611502936208,4878.668391593585,2.502447496528524,2.00374223666721,302.249543300908,0.0,0.0,0.008051529790660225,1.443521358463692,3.7650862068965516,0.45454545454545453,938.5316584447482,464,36.901520013809204,0.25,0.25
ring,50,3000000.0,4,10,exclude,launch,0,0.0,prior,0.0,sa,12600.0,43200.0,270827.7418328298,0,232710.9700857826,38116.77174704714,0,0,0.0,0,6.33366526538967,6.226301663039142,12297.58362357631,6398.483238098037,1.9219529325877853,2.0080882367223056,304.87256790536617,0.0,0.0625,0.010416666666666666,3.919192921148396,16.455882352941178,0.9157894736842105,1482.128139160413,68,17.83491587638855,0.25,0.25
ring,50,3000000.0,8,9,exclude,launch,0,0.0,prior,0.0,sa,12600.0,43200.0,1442810.0335361913,0,1372643.4106679198,70166.62286827157,0,10,0.9124966917861735,13,6.295685979576137,5.3856488378451,12373.780753920757,7393.863090988389,1.6735204049155132,2.0090028357626677,305.4260167731316,0.0,0.0,0.0,1.9996142608361764,4.843283582089552,0.7961165048543689,1283.116155404299,268,24.810831308364868,0.25,0.25
ring,50,3000000.0,5,10,exclude,launch,0,0.0,prior,0.0,sa,12600.0,43200.0,221169.36786551037,0,199710.70980522476,21458.658060285612,0,0,0.0,0,6.33366526538967,5.877181510174954,12297.58362357631,6780.086681012359,1.813779705503723,2.0076390626668896,304.60094418366225,0.0,0.0136986301369863,0.0136986301369863,3.153761685631297,11.871559633027523,0.9052631578947369,1295.774784371534,109,19.979381322860718,0.25,0.25
ring,50,3000000.0,6,10,exclude,launch,0,0.0,prior,0.0,sa,12600.0,43200.0,217635.88116044155,0,190263.87323589055,27372.00792455102,0,0,0.0,0,6.33366526538967,5.11834879980364,12297.58362357631,7780.4736607482955,1.5805700475044828,2.0088803548778174,305.3518711375171,0.0,0.0,0.0,2.691868599289159,8.66891891891892,0.9361702127659575,1293.8868179721208,148,21.461299180984497,0.25,0.25
ring,50,3000000.0,4,11,exclude,launch,0,0.0,prior,0.0,sa,12600.0,43200.0,297658.4642464336,0,266112.11204757815,31546.35219885543,0,0,0.0,0,6.41057637493569,6.033208665215256,12146.043764923694,6604.120198709453,1.8391615233316345,2.007828764842969,304.7156457734713,0.0,0.10526315789473684,0.031578947368421054,3.77464397061188,15.442857142857143,0.9387755102040817,1526.5327794438163,70,16.818689107894897,0.25,0.25
ring,50,3000000.0,10,8,exclude,launch,0,0.0,prior,0.0,sa,12600.0,43200.0,3782132.810628965,0,3590686.852098091,191445.95853087402,0,24,0.9885655577954596,26,6.6415287478494145,7.675198099265572,11712.08618335621,5201.520898865212,2.2516656976061316,2.0038723171187707,302.3278887232228,0.0,0.0,0.016366612111292964,1.453789577709342,3.575824175824176,0.5268817204301075,1008.280827016548,455,34.61347699165344,0.25,0.25
ring,50,3000000.0,3,12,exclude,launch,0,0.0,prior,0.0,sa,12600.0,43200.0,392451.07588826964,0,330075.112576383,62375.963311886604,0,0,0.0,0,6.37355918359394,8.402267972480212,12218.523124817477,4738.5926713954,2.5785130675136547,2.0092967428908297,305.6039745630112,0.0,0.13559322033898305,0.01694915254237288,4.653461839111123,20.88372093023256,0.8691588785046729,1907.5717665918305,43,10.193097352981567,0.25,0.25
ring,50,3000000.0,7,10,exclude,launch,0,0.0,prior,0.0,sa,12600.0,43200.0,1352891.696174473,0,1273437.107848312,79454.58832616112,0,8,0.8767721531598787,8,6.33366526538967,5.496604383124737,12297.58362357631,7249.884137396035,1.69624553862088,2.007541080803333,304.5417088519046,0.0,0.0,0.0035714285714285713,2.2703915011389166,5.809523809523809,0.8064516129032258,1363.3483387639167,210,21.578983545303345,0.25,0.25
ring,50,3000000.0,9,9,exclude,launch,0,0.0,prior,0.0,sa,12600.0,43200.0,3687253.1988360584,0,3532788.3194917897,154464.87934426864,0,23,0.9883341211289643,24,6.295685979576137,7.159514605877866,12373.780753920757,5574.978181600113,2.2195209292046543,2.0043023493073493,302.5869626472781,0.0,0.0,0.008113590263691683,1.6471232481450702,4.142465753424657,0.6336633663366337,1090.636201759423,365,30.19067621231079,0.25,0.25
ring,50,3000000.0,5,11,exclude,launch,0,0.0,prior,0.0,sa,12600.0,43200.0,232517.85840928034,0,210252.01155441185,22265.84685486848,0,0,0.0,0,6.41057637493569,5.499736307350371,12146.043764923694,7246.441623329573,1.67613904813917,2.007351015021083,304.4268202392016,0.0,0.02097902097902098,0.0,3.1957199700090495,12.141509433962264,0.9393939393939394,1299.433739463094,106,21.03472900390625,0.25,0.25
ring,50,3000000.0,8,10,exclude,launch,0,0.0,prior,0.0,sa,12600.0,43200.0,1980764.430365886,0,1868053.4847374102,112710.94562847592,0,14,0.9337415554074221,17,6.33366526538967,5.728326660144253,12297.58362357631,6958.577610742309,1.767255366181719,2.006973951281724,304.19896156797853,0.0,0.0,0.0,1.9855036091654663,4.487084870848708,0.6881720430107527,1370.9340652341712,271,24.420224905014038,0.25,0.25
ring,50,3000000.0,6,11,exclude,launch,0,0.0,prior,0.0,sa,12600.0,43200.0,229748.03494703947,0,210223.28928710995,19524.745659929533,0,0,0.0,0,6.41057637493569,4.955424565225498,12146.043764923694,8037.558907444905,1.5111607771450664,2.0085606434154704,305.15837143398835,0.0,0.0049261083743842365,0.0,2.6931477065992175,8.413333333333334,0.9393939393939394,1329.6373537224117,150,22.138559341430664,0.25,0.25
ring,50,3000000.0,7,11,exclude,launch,0,0.0,prior,0.0,sa,12600.0,43200.0,1392125.0851902184,0,1329968.3664060528,62156.71878416551,0,6,0.8538653303124702,9,6.41057637493569,4.909219760988298,12146.043764923694,8111.3537625379295,1.4974126539789046,2.009019584865878,305.4361567928726,0.0,0.0036363636363636364,0.0,2.287311966878594,5.434146341463415,0.8469387755102041,1486.7268856608885,205,19.791973114013672,0.25,0.25
ring,50,3000000.0,10,9,exclude,launch,0,0.0,prior,0.0,sa,12600.0,43200.0,3913616.594924993,0,3729656.265073842,183960.32985115112,0,25,0.9774448601484435,27,6.295685979576137,8.570088121058511,12373.780753920757,4658.126786077279,2.656385564880903,2.003980052892725,302.39278398194364,0.0,0.0,0.05271317829457364,1.3285605085794818,3.406570841889117,0.5445544554455446,996.1847323052111,487,36.112194776535034,0.25,0.25
ring,50,3000000.0,4,12,exclude,launch,0,0.0,prior,0.0,sa,12600.0,43200.0,314189.7636691712,0,270835.5772942285,43354.186374942736,0,0,0.0,0,6.37355918359394,5.930314571798903,12218.523124817477,6716.03356004539,1.819306442646022,2.0086274724962467,305.19881348225005,0.0,0.010752688172043012,0.010752688172043012,3.8859068871268097,15.55072463768116,0.8785046728971962,1587.7617787069555,69,18.186044454574585,0.25,0.25
ring,100,1500000.0,1,1,exclude,launch,0,0.0,prior,0.0,sa,12600.0,43200.0,1924424.3339168087,0,1560650.1123603047,363774.22155650414,0,0,0.0,0,3.1523444051014504,4.958824906593112,12355.63552910056,3944.5341618998355,3.132343395182975,2.044963193986355,327.5844230358494,0.0,0.0,0.0,7.544658483206169,68.55555555555556,0.5956284153005464,5305.3304775609195,9,10.733232736587524,0.25,0.25
ring,50,3000000.0,9,10,exclude,launch,0,0.0,prior,0.0,sa,12600.0,43200.0,3645386.768298133,0,3458351.171355932,187035.596942201,0,26,0.9859228299056381,26,6.33366526538967,7.4962907650656145,12297.58362357631,5326.41453144246,2.3087920684697383,2.003588825149788,302.15715898965976,0.0,0.0,0.022,1.6125001398269996,3.736559139784946,0.5161290322580645,1183.2745542073528,372,29.68603777885437,0.25,0.25
ring,50,3000000.0,8,11,exclude,launch,0,0.0,prior,0.0,sa,12600.0,43200.0,3199028.162153693,0,3004775.6076228665,194252.55453082622,0,16,0.9716870470732963,19,6.41057637493569,5.835022668797979,12146.043764923694,6836.369152818884,1.7766805000451793,2.005496616042252,303.30703346172606,0.0,0.0027548209366391185,0.0,1.9931895046388417,5.022304832713755,0.6391752577319587,1226.7042444230267,269,25.15113139152527,0.25,0.25
ring,50,3000000.0,5,12,exclude,launch,0,0.0,prior,0.0,sa,12600.0,43200.0,254867.2341905004,0,223604.39544093527,31262.838749565133,0,0,0.0,0,6.37355918359394,5.510100506279636,12218.523124817477,7229.814547598602,1.690018885598647,2.008183105220452,304.92995209558603,0.0,0.014084507042253521,0.0,3.1704849380466293,11.82857142857143,0.9230769230769231,1341.841887932685,105,20.464616537094116,0.25,0.25
ring,50,3000000.0,7,12,exclude,launch,0,0.0,prior,0.0,sa,12600.0,43200.0,679721.5588283668,0,605675.8702906994,74045.68853766743,0,3,0.5426139719143253,5,6.37355918359394,4.610429545689773,12218.523124817477,8620.394782715359,1.4173971648394432,2.0128964868005728,307.78778789188294,0.0,0.0,0.0,2.3089545465583634,4.704433497536946,0.8269230769230769,1707.5546730339563,203,19.61887550354004,0.25,0.25
ring,50,3000000.0,6,12,exclude,launch,0,0.0,prior,0.0,sa,12600.0,43200.0,257171.74659204387,0,225124.2153436784,32047.53124836546,0,0,0.0,0,6.37355918359394,4.907677640520937,12218.523124817477,8111.559185324505,1.506310050344368,2.0095999774789917,305.7876343576743,0.0,0.0049261083743842365,0.0,2.702281681990224,8.211920529801324,0.9134615384615384,1357.9609760985998,151,21.289371252059937,0.25,0.25
ring,100,1500000.0,3,1,exclude,launch,0,0.0,prior,0.0,sa,12600.0,43200.0,1545819.935345607,0,1279039.405019878,266780.53032572934,0,0,0.0,0,3.1523444051014504,2.736846940020342,12355.63552910056,7197.50590059355,1.716655144121749,2.030614354269202,318.64978416771714,0.0,0.0297029702970297,0.0,2.6822060859368917,12.906666666666666,0.7595628415300546,3432.6264442800925,75,15.415505409240723,0.25,0.25
ring,100,1500000.0,2,1,exclude,launch,0,0.0,prior,0.0,sa,12600.0,43200.0,1272620.571030609,0,1023471.7876060902,249148.78342451886,0,0,0.0,0,3.1523444051014504,3.105892553001844,12355.63552910056,6341.570132067456,1.9483558916460992,2.0308449351432687,318.79238409315917,0.0,0.08695652173913043,0.0,3.9650872696841732,29.38235294117647,0.8216216216216217,3298.10382765944,34,16.502651691436768,0.25,0.25
ring,50,3000000.0,10,10,exclude,launch,0,0.0,prior,0.0,sa,12600.0,43200.0,4668154.412490517,0,4389217.635390032,278936.777100484,0,31,0.9935208291944968,31,6.33366526538967,11.748817242208169,12297.58362357631,3399.983438175871,3.6169539785094074,2.0027144771163115,301.6308967855914,0.0,0.0,0.16413793103448276,1.0619850510795243,2.6309963099630997,0.4175824175824176,1145.9102452460231,542,34.90317249298096,0.25,0.25
ring,100,1500000.0,4,1,exclude,launch,0,0.0,prior,0.0,sa,12600.0,43200.0,4845602.302964503,0,4439674.769160985,405927.53380351746,0,25,0.7766529117769039,27,3.1523444051014504,2.7127910380124494,12355.63552910056,7267.78282513916,1.7000556877349977,2.0288115469501187,317.53595974136886,0.0,0.00558659217877095,0.00558659217877095,2.0217946453672733,6.462686567164179,0.5434782608695652,3837.641849166233,134,16.13876986503601,0.25,0.25
ring,50,3000000.0,8,12,exclude,launch,0,0.0,prior,0.0,sa,12600.0,43200.0,2430732.666025981,0,2270001.1755205016,160731.4905054788,0,14,0.9416933804679034,16,6.37355918359394,5.565753865554507,12218.523124817477,7161.356824588698,1.7061743220034604,2.0071076987862924,304.2797750863864,0.0,0.002777777777777778,0.002777777777777778,2.0113765609195986,4.426966292134831,0.6442307692307693,1402.8817745411889,267,23.079771757125854,0.25,0.25
ring,100,1500000.0,1,2,exclude,launch,0,0.0,prior,0.0,sa,12600.0,43200.0,1565609.541697806,0,1237566.744878581,328042.79681922484,0,0,0.0,0,3.2928874698102724,6.005262509506089,11814.060213129005,3254.5735272323213,3.629987190111401,2.0466044174985796,328.61424201826236,0.0,0.08333333333333333,0.0,7.522655097417631,84.77777777777777,0.7013574660633484,4277.643946092308,9,13.08036994934082,0.25,0.25
ring,50,3000000.0,9,11,exclude,launch,0,0.0,prior,0.0,sa,12600.0,43200.0,3907304.109963753,0,3691212.4427727507,216091.667191002,0,22,0.9860365244985898,22,6.41057637493569,6.86755102491684,12146.043764923694,5812.678290841842,2.089577842981673,2.0040650076958695,302.4439619037918,0.0,0.002074688796680498,0.01037344398340249,1.6752789166135538,4.2534818941504176,0.5833333333333334,1072.8903586797333,359,30.315539598464966,0.25,0.25
ring,100,1500000.0,2,2,exclude,launch,0,0.0,prior,0.0,sa,12600.0,43200.0,1330087.3657476758,0,1044610.6491064669,285476.71664120886,0,0,0.0,0,3.2928874698102724,2.936235749954269,11814.060213129005,6700.575685870763,1.7631410742872204,2.033091628689828,320.1834939807002,0.0,0.021739130434782608,0.0,3.963529331593213,28.058823529411764,0.8018018018018018,3445.855638135691,34,15.748029947280884,0.25,0.25
ring,100,1500000.0,1,3,exclude,launch,0,0.0,prior,0.0,sa,12600.0,43200.0,1652794.4286038005,0,1300307.3197602907,352487.10884350975,0,0,0.0,0,3.211712011738797,5.27887909084216,12121.08345553196,3711.0549543505986,3.2662096370526643,2.041836160824435,325.6267758004194,0.0,0.08333333333333333,0.0,7.621009496859679,77.88888888888889,0.6492890995260664,4716.8547743043,9,11.726251602172852,0.25,0.25
ring,100,1500000.0,3,2,exclude,launch,0,0.0,prior,0.0,sa,12600.0,43200.0,1482794.9636050498,0,1207099.3230577442,275695.6405473054,0,0,0.0,0,3.2928874698102724,2.580727249386889,11814.060213129005,7620.072102696615,1.5503869325525421,2.0340367866818108,320.76962286337323,0.0,0.0,0.0,2.686094703521015,12.786666666666667,0.7297297297297297,3421.9881046156,75,15.558590173721313,0.25,0.25
ring,50,3000000.0,9,12,exclude,launch,0,0.0,prior,0.0,sa,12600.0,43200.0,5020336.901075246,0,4709335.024143875,311001.8769313713,0,26,0.9902071309532654,27,6.37355918359394,6.942751390971113,12218.523124817477,5750.171328472889,2.1248972294643664,2.0039071184513997,302.3488507432176,0.0,0.0,0.006085192697768763,1.6317853547460712,3.4596774193548385,0.46153846153846156,1286.9007466050266,372,27.4301335811615,0.25,0.25
ring,100,1500000.0,1,4,exclude,launch,0,0.0,prior,0.0,sa,12600.0,43200.0,1813871.8789908895,0,1400183.6215484617,413688.2574424277,0,0,0.0,0,3.258787200177942,4.657226244843776,11941.171733403105,4202.754783743107,2.841272533813624,2.0436127520552856,326.73827287572215,0.0,0.08333333333333333,0.0,7.599078988400935,71.77777777777777,0.596244131455399,5103.715545156552,9,11.073747158050537,0.25,0.25
ring,100,1500000.0,4,2,exclude,launch,0,0.0,prior,0.0,sa,12600.0,43200.0,7053527.519454502,0,6546928.041052359,506599.4784021421,0,36,0.9182363177794618,38,3.2928874698102724,2.953311775473882,11814.060213129005,6696.800997136581,1.7641348784562156,2.0224756461743745,313.63693410591145,0.0,0.005555555555555556,0.0,2.0136464767958735,7.725925925925926,0.5384615384615384,3189.5953379586717,135,17.784389972686768,0.25,0.25
ring,50,3000000.0,10,11,exclude,launch,0,0.0,prior,0.0,sa,12600.0,43200.0,4892025.133913669,0,4598407.155878103,293617.9780355644,0,28,0.9932472704160189,29,6.41057637493569,8.304714656684535,12146.043764923694,4808.269886239026,2.526073629869431,2.0034404382672264,302.0678139449771,0.0,0.0,0.0547112462006079,1.305708831239767,3.1693548387096775,0.4639175257731959,1044.9858021064201,496,35.42634201049805,0.25,0.25
ring,100,1500000.0,3,3,exclude,launch,0,0.0,prior,0.0,sa,12600.0,43200.0,1417749.33893564,0,1151750.002541785,265999.33639385505,0,0,0.0,0,3.211712011738797,2.604528991023225,12121.08345553196,7563.974161747978,1.6024755236248545,2.0303960448396827,318.51480276637864,0.0,0.00980392156862745,0.0,2.693328703298804,13.44,0.7169811320754716,3252.9701960544617,75,15.51351809501648,0.25,0.25
ring,100,1500000.0,2,3,exclude,launch,0,0.0,prior,0.0,sa,12600.0,43200.0,1210415.2844633535,0,979595.5572280772,230819.72723527634,0,0,0.0,0,3.211712011738797,2.917400289076997,12121.08345553196,6757.4471573103265,1.793737068653087,2.028996563349839,317.6501782157338,0.0,0.021739130434782608,0.0,3.9758563442367607,28.823529411764707,0.7405660377358491,3352.9692836824192,34,16.080962657928467,0.25,0.25
ring,100,1500000.0,5,1,exclude,launch,0,0.0,prior,0.0,sa,12600.0,43200.0,8548040.894357916,0,8108761.885051329,439279.00930658716,0,54,0.9810848032545342,58,3.1523444051014504,3.845653882959391,12355.63552910056,5169.940964247139,2.389898765681519,2.01188991289564,307.176358745984,0.0,0.0035460992907801418,0.0,1.5946116865638222,7.386792452830188,0.48633879781420764,2115.7851563970034,212,26.549097537994385,0.25,0.25
ring,100,1500000.0,1,5,exclude,launch,0,0.0,prior,0.0,sa,12600.0,43200.0,1816286.9410887277,0,1405777.4700031483,410509.4710855796,0,0,0.0,0,3.1312947765177706,4.919237222061942,12440.935093889904,3979.2288763069528,3.1264688412283794,2.0434466590528406,326.6342790865605,0.0,0.0,0.0,7.596411298613047,71.44444444444444,0.5929203539823009,5125.727551899168,9,10.958784818649292,0.25,0.25
ring,50,3000000.0,10,12,exclude,launch,0,0.0,prior,0.0,sa,12600.0,43200.0,5835970.981606767,0,5482940.508137865,353030.4734689012,0,31,0.9946001634364664,31,6.37355918359394,9.11556604360536,12218.523124817477,4381.2494563535265,2.7888216013581753,2.0031264410437375,301.87879701632266,0.0,0.0,0.1099554234769688,1.2280723568257608,2.564,0.375,1279.5078757444644,500,31.875378131866455,0.25,0.25
ring,100,1500000.0,2,4,exclude,launch,0,0.0,prior,0.0,sa,12600.0,43200.0,1254495.3458126066,0,981666.3185876571,272829.02722494944,0,0,0.0,0,3.258787200177942,2.997876259185503,11941.171733403105,6571.694356586872,1.817061336919048,2.0303407529363686,318.48062014844487,0.0,0.043478260869565216,0.0,3.975695078209808,29.11764705882353,0.7757009345794392,3327.704946494309,34,16.304367065429688,0.25,0.25
ring,100,1500000.0,3,4,exclude,launch,0,0.0,prior,0.0,sa,12600.0,43200.0,1499802.0927969243,0,1182414.5113568408,317387.5814400834,0,0,0.0,0,3.258787200177942,2.588439496564146,11941.171733403105,7604.9504762402385,1.5701840229874346,2.0320087936167717,319.51264503070337,0.0,0.0196078431372549,0.0,2.6770819238095074,12.386666666666667,0.7323943661971831,3513.003243128913,75,14.970627546310425,0.25,0.25
ring,100,1500000.0,4,3,exclude,launch,0,0.0,prior,0.0,sa,12600.0,43200.0,5043616.407752815,0,4677059.517233167,366556.8905196478,0,31,0.8756934875714761,35,3.211712011738797,2.9750067992306515,12121.08345553196,6651.480453338746,1.8223136248483927,2.02140674047473,312.9815188461636,0.0,0.0,0.0,2.010679885307299,8.852941176470589,0.6076555023923444,2767.756538826092,136,19.11936926841736,0.25,0.25
ring,100,1500000.0,1,6,exclude,launch,0,0.0,prior,0.0,sa,12600.0,43200.0,2087658.1455306883,0,1613985.721880764,473672.4236499246,0,0,0.0,0,3.181021598188721,4.010982190168587,12241.243344415747,4874.948439515437,2.511050833930976,2.0456872154096644,328.0385257413655,0.0,0.25,0.0,7.580033850463559,66.55555555555556,0.6053811659192825,5490.379229793762,9,10.441920518875122,0.25,0.25
ring,100,1500000.0,4,4,exclude,launch,0,0.0,prior,0.0,sa,12600.0,43200.0,5657451.456690515,0,5147799.210753014,509652.2459375011,0,29,0.8206706174886157,31,3.258787200177942,2.747461149079262,11941.171733403105,7184.097919886541,1.6621671734663235,2.026544703287189,316.1382083540949,0.0,0.0,0.0,2.0211555467879663,5.984962406015038,0.5428571428571428,4145.014181250985,133,15.690788745880127,0.25,0.25
ring,100,1500000.0,3,5,exclude,launch,0,0.0,prior,0.0,sa,12600.0,43200.0,1459141.3640795478,0,1147911.8582728736,311229.50580667437,0,0,0.0,0,3.1312947765177706,2.5619150045665915,12440.935093889904,7685.641699019421,1.6187243149101254,2.0314921106131902,319.1927922771762,0.0,0.019801980198019802,0.0,2.683253357937762,12.608108108108109,0.6964285714285714,3476.7065903524986,74,15.503019094467163,0.25,0.25
ring,100,1500000.0,2,5,exclude,launch,0,0.0,prior,0.0,sa,12600.0,43200.0,1257482.3317101407,0,1000455.197114489,257027.13459565176,0,0,0.0,0,3.1312947765177706,2.9153311160732938,12440.935093889904,6758.44290598818,1.8407990223409105,2.0301375028846205,318.35498245480846,0.0,0.06521739130434782,0.0,3.9749774613240048,26.647058823529413,0.7477876106194691,3621.462937351533,34,16.048019647598267,0.25,0.25
ring,100,1500000.0,5,2,exclude,launch,0,0.0,prior,0.0,sa,12600.0,43200.0,9188816.812360166,0,8603683.95470556,585132.8576546056,0,54,0.983690548483235,55,3.2928874698102724,3.996095139665045,11814.060213129005,4975.8165579051265,2.3742957714869726,2.0116842278291083,307.0514930514539,0.0,0.0,0.0,1.5984884197987859,7.535545023696683,0.4072398190045249,2075.0818928610215,211,27.036965131759644,0.25,0.25
ring,100,1500000.0,4,5,exclude,launch,0,0.0,prior,0.0,sa,12600.0,43200.0,5289443.282293577,0,4881367.837805387,408075.4444881898,0,30,0.8560500742912766,31,3.1312947765177706,2.8616465513267793,12440.935093889904,6908.621332265848,1.8007840487343083,2.0232642603037565,314.120923924498,0.0,0.0,0.0,2.022370312127709,7.2631578947368425,0.5669642857142857,3428.519732280443,133,17.031269788742065,0.25,0.25
ring,100,1500000.0,1,7,exclude,launch,0,0.0,prior,0.0,sa,12600.0,43200.0,1796378.7011056815,0,1394050.2903212705,402328.41078441107,0,0,0.0,0,3.2368638520896287,4.48574230678472,12024.307218701972,4362.103016204656,2.756539030378972,2.0442299771641803,327.1248735624914,0.0,0.16666666666666666,0.0,7.581912071888943,71.44444444444444,0.5347826086956522,5115.944105087311,9,10.909411668777466,0.25,0.25
ring,100,1500000.0,2,6,exclude,launch,0,0.0,prior,0.0,sa,12600.0,43200.0,1288744.9695178587,0,984600.4190263198,304144.55049153906,0,0,0.0,0,3.181021598188721,2.9244279239369932,12241.243344415747,6730.253001706932,1.818838510426148,2.032299352576679,319.692585999069,0.0,0.06521739130434782,0.0,3.9561369386553884,29.823529411764707,0.7946428571428571,3243.8144265114147,34,15.946728467941284,0.25,0.25
ring,100,1500000.0,3,6,exclude,launch,0,0.0,prior,0.0,sa,12600.0,43200.0,1452599.0157980402,0,1138931.7782573183,313667.237540722,0,0,0.0,0,3.181021598188721,2.7305681414579746,12241.243344415747,7215.723332700358,1.696467946455297,2.0301451946044025,318.35973658996267,0.0,0.0297029702970297,0.0,2.6806031996086794,13.72972972972973,0.7757847533632287,3196.3184234783967,74,15.963139772415161,0.25,0.25
ring,100,1500000.0,1,8,exclude,launch,0,0.0,prior,0.0,sa,12600.0,43200.0,1581712.6275442867,0,1298072.107638299,283640.51990598766,0,0,0.0,0,3.1547590695788004,5.415410329703289,12345.923344527806,3611.440265402809,3.418559476893571,2.0452584067384403,327.76954105721484,0.0,0.08333333333333333,0.0,7.530053667779631,79.55555555555556,0.6795580110497238,4562.922258035866,9,11.999545335769653,0.25,0.25
ring,100,1500000.0,5,3,exclude,launch,0,0.0,prior,0.0,sa,12600.0,43200.0,8333482.032109298,0,7850947.289217437,482534.74289186095,0,57,0.9870444206582539,57,3.211712011738797,4.4105643456720935,12121.08345553196,4516.184134622281,2.6839214465611527,2.0081409307737017,304.90444089037953,0.0,0.0,0.0,1.5899806523158047,8.661971830985916,0.4375,1785.4740914535237,213,29.39219093322754,0.25,0.25
ring,100,1500000.0,4,6,exclude,launch,0,0.0,prior,0.0,sa,12600.0,43200.0,4944730.541338216,0,4516623.472074775,428107.06926344044,0,26,0.8581532930530622,27,3.181021598188721,2.9524762522258348,12241.243344415747,6693.7910282945195,1.8287459666237351,2.0239576833980952,314.5468012169982,0.0,0.0111731843575419,0.0,2.009509143870577,8.149253731343284,0.600896860986547,3036.972210786124,134,18.55044150352478,0.25,0.25
ring,100,1500000.0,2,7,exclude,launch,0,0.0,prior,0.0,sa,12600.0,43200.0,1140813.890497726,0,897299.332814307,243514.557683419,0,0,0.0,0,3.2368638520896287,2.83510721440583,12024.307218701972,6939.06639061879,1.7328422213913572,2.033243822650496,320.277839113623,0.0,0.043478260869565216,0.0,3.942376107130395,32.970588235294116,0.7489177489177489,2914.011993609026,34,17.131443738937378,0.25,0.25
ring,100,1500000.0,1,9,exclude,launch,0,0.0,prior,0.0,sa,12600.0,43200.0,1636341.9649403498,0,1326164.5190290394,310177.44591131055,0,0,0.0,0,3.168837845985145,6.465428249328066,12289.590888137705,3027.504799145661,4.05931342919943,2.043515116312139,326.67713939158114,0.0,0.16666666666666666,0.0,7.6207204031302505,79.55555555555556,0.702247191011236,4617.8628046836275,9,12.132508277893066,0.25,0.25
ring,100,1500000.0,3,7,exclude,launch,0,0.0,prior,0.0,sa,12600.0,43200.0,1177077.4820191294,0,935502.7032530896,241574.77876603985,0,0,0.0,0,3.2368638520896287,2.7380739849862685,12024.307218701972,7192.533708912435,1.6717762759738442,2.0311074841013084,318.954793130919,0.0,0.00980392156862745,0.0,2.6751776552102213,16.263157894736842,0.771551724137931,2719.3795145166237,76,18.368500471115112,0.25,0.25
ring,100,1500000.0,5,4,exclude,launch,0,0.0,prior,0.0,sa,12600.0,43200.0,9639144.80798924,0,8998223.709235191,640921.0987540493,0,61,0.991112828040693,61,3.258787200177942,4.648477641178839,11941.171733403105,4286.398280308876,2.7858287896995497,2.0075054035189583,304.5201414359698,0.0,0.0,0.0,1.5769373367676578,8.190697674418605,0.3761904761904762,1877.028674546448,215,29.069825649261475,0.25,0.25
ring,100,1500000.0,1,10,exclude,launch,0,0.0,prior,0.0,sa,12600.0,43200.0,1971529.336309408,0,1548075.0714178646,423454.26489154354,0,0,0.0,0,3.182575145810688,6.4602377836310145,12235.105169258855,3031.1849067782573,4.0364100328881385,2.0426739859517484,326.15071229415213,0.0,0.08333333333333333,0.0,7.576605241742664,68.88888888888889,0.5370370370370371,5302.01547365565,9,10.533772230148315,0.25,0.25
ring,100,1500000.0,2,8,exclude,launch,0,0.0,prior,0.0,sa,12600.0,43200.0,1190340.8647367458,0,979459.0729138122,210881.7918229336,0,0,0.0,0,3.1547590695788004,2.999171115517985,12345.923344527806,6565.326833886076,1.8804735326817146,2.031432496804215,319.155898639133,0.0,0.15217391304347827,0.0,3.960522771715526,29.941176470588236,0.745945945945946,3219.031392173036,34,16.377027988433838,0.25,0.25
ring,100,1500000.0,4,7,exclude,launch,0,0.0,prior,0.0,sa,12600.0,43200.0,3958094.9172082646,0,3646607.006235804,311487.9109724607,0,21,0.817276572475675,22,3.2368638520896287,2.848831421197461,12024.307218701972,6926.442769213655,1.7360003712363117,2.027136485747926,316.50280810637986,0.0,0.0111731843575419,0.0,2.0206275366041395,8.873134328358208,0.6391304347826087,2802.2066827863987,134,19.35225772857666,0.25,0.25
ring,100,1500000.0,5,5,exclude,launch,0,0.0,prior,0.0,sa,12600.0,43200.0,8585106.180499421,0,8007766.886786302,577339.2937131213,0,55,0.9856374552551058,56,3.1312947765177706,3.956296171348641,12440.935093889904,5029.431203286633,2.4736266569786265,2.0102604281637415,306.1878398140759,0.0,0.0,0.0,1.6029679889196664,7.876190476190477,0.40625,1993.0834879000433,210,27.439013719558716,0.25,0.25
ring,100,1500000.0,3,8,exclude,launch,0,0.0,prior,0.0,sa,12600.0,43200.0,1199275.994616474,0,984979.3116118544,214296.6830046197,0,0,0.0,0,3.1547590695788004,2.6007422628508636,12345.923344527806,7564.6591013005445,1.632052836644714,2.033168229301529,320.2309770114171,0.0,0.00980392156862745,0.0,2.674914424259421,15.328947368421053,0.7945945945945946,2883.0606375001353,76,17.6817843914032,0.25,0.25
ring,100,1500000.0,3,9,exclude,launch,0,0.0,prior,0.0,sa,12600.0,43200.0,1560051.2635187695,0,1298456.513114366,261594.7504044037,0,0,0.0,0,3.168837845985145,2.591981591811793,12289.590888137705,7596.881495385205,1.617715229019056,2.0313872703140925,319.1279104097863,0.0,0.029411764705882353,0.0,2.685155036096953,11.92,0.7166666666666667,3667.571252552321,75,14.86926555633545,0.25,0.25
ring,100,1500000.0,4,8,exclude,launch,0,0.0,prior,0.0,sa,12600.0,43200.0,4383700.1980352765,0,4048753.2502925526,334946.94774272403,0,23,0.8282415941399243,25,3.1547590695788004,2.7437313904975813,12345.923344527806,7184.796914697573,1.7183399184564814,2.0291021099749322,317.71534582645705,0.0,0.0,0.0,2.018092625519079,8.08148148148148,0.6739130434782609,3048.4528009652345,135,18.170288562774658,0.25,0.25
ring,100,1500000.0,2,9,exclude,launch,0,0.0,prior,0.0,sa,12600.0,43200.0,1204974.5246008593,0,986598.9779089361,218375.54669192314,0,0,0.0,0,3.168837845985145,2.9003050707855693,12289.590888137705,6789.830292558481,1.8099997140733919,2.0312219917128265,319.0256388576507,0.0,0.06521739130434782,0.0,3.9628719276912423,29.735294117647058,0.8044692737430168,3218.6031060209575,34,16.698505401611328,0.25,0.25
ring,100,1500000.0,4,9,exclude,launch,0,0.0,prior,0.0,sa,12600.0,43200.0,5934101.826106923,0,5579860.324559082,354241.50154783984,0,33,0.8791154771120838,35,3.168837845985145,2.7924213543783845,12289.590888137705,7078.787885880054,1.7361151494101916,2.0235788975705518,314.3141278655239,0.0,0.0,0.0,2.026050597969149,6.969924812030075,0.5730337078651685,3581.420705880075,133,16.559667587280273,0.25,0.25
ring,100,1500000.0,5,6,exclude,launch,0,0.0,prior,0.0,sa,12600.0,43200.0,8058049.933242009,0,7453403.770494976,604646.1627470328,0,49,0.9787387076887815,52,3.181021598188721,3.8795219728400236,12241.243344415747,5122.4247107925385,2.3897361182536128,2.012825804553151,307.7448331106214,0.0,0.0,0.0,1.6080835492191665,8.185714285714285,0.4798206278026906,1917.3713381317893,210,28.08839726448059,0.25,0.25
ring,100,1500000.0,1,11,exclude,launch,0,0.0,prior,0.0,sa,12600.0,43200.0,2157437.156161361,0,1727987.727593038,429449.42856832285,0,0,0.0,0,3.2086429440649185,4.5419171250347254,12132.996107899347,4314.373545548886,2.8122266140855814,2.041282166875157,325.28056531566665,0.0,0.0,0.0,7.6497142751731095,66.33333333333333,0.6172248803827751,5559.412551133195,9,10.272642850875854,0.25,0.25
ring,100,1500000.0,2,10,exclude,launch,0,0.0,prior,0.0,sa,12600.0,43200.0,1228161.7715703358,0,987914.3748511527,240247.39671918334,0,0,0.0,0,3.182575145810688,3.02577758291204,12235.105169258855,6508.795952226219,1.8797801097258324,2.0310580373111184,318.92420289115654,0.0,0.021739130434782608,0.0,3.9721953758291124,28.941176470588236,0.7477064220183486,3332.421930929709,34,15.907914400100708,0.25,0.25
ring,100,1500000.0,3,10,exclude,launch,0,0.0,prior,0.0,sa,12600.0,43200.0,1486513.4389536744,0,1182901.2421967916,303612.1967568828,0,0,0.0,0,3.182575145810688,2.642101517011233,12235.105169258855,7449.717228556041,1.6423583330598917,2.032219912824107,319.6433845291821,0.0,0.00980392156862745,0.0,2.6846650248486292,13.0,0.7077625570776256,3364.26595787524,75,16.364923238754272,0.25,0.25
ring,100,1500000.0,1,12,exclude,launch,0,0.0,prior,0.0,sa,12600.0,43200.0,1794891.563619546,0,1409877.3300658832,385014.23355366284,0,0,0.0,0,3.224754690611133,5.2466699383354785,12070.710954581007,3731.3886327664773,3.2349112200708237,2.043175927051275,326.4648044337862,0.0,0.08333333333333333,0.0,7.599126946447717,73.33333333333333,0.6074766355140186,4995.486438866905,9,11.064399242401123,0.25,0.25
ring,100,1500000.0,4,10,exclude,launch,0,0.0,prior,0.0,sa,12600.0,43200.0,4824922.611436994,0,4390653.794756434,434268.8166805597,0,26,0.8226915637880307,27,3.182575145810688,2.797249734757659,12235.105169258855,7057.71310921192,1.7335792741829166,2.0261180677416837,315.87548668377775,0.0,0.0,0.0,2.0212766093879555,7.447761194029851,0.5299539170506913,3330.4617750082252,134,17.38492751121521,0.25,0.25
ring,100,1500000.0,5,7,exclude,launch,0,0.0,prior,0.0,sa,12600.0,43200.0,6997883.481001527,0,6583941.07668042,413942.404321106,0,44,0.9785086161081288,45,3.2368638520896287,4.271321706781598,12024.307218701972,4655.551324770042,2.582789100557474,2.011530350397213,306.95809493241256,0.0,0.007142857142857143,0.0,1.605249284499628,10.21531100478469,0.5374449339207048,1533.9244516649453,209,31.61321187019348,0.25,0.25
ring,100,1500000.0,2,11,exclude,launch,0,0.0,prior,0.0,sa,12600.0,43200.0,1300554.2067679625,0,1053532.3544067687,247021.85236119406,0,0,0.0,0,3.2086429440649185,3.064243828788092,12132.996107899347,6433.5675642219385,1.8858892809912824,2.029012885094982,317.6602553074496,0.0,0.08695652173913043,0.0,3.973173894833222,29.823529411764707,0.7857142857142857,3246.449186446922,34,16.49618625640869,0.25,0.25
ring,100,1500000.0,3,11,exclude,launch,0,0.0,prior,0.0,sa,12600.0,43200.0,1428817.4190175906,0,1185469.5760843866,243347.842933204,0,0,0.0,0,3.2086429440649185,2.672095796224032,12132.996107899347,7376.927981166553,1.644722049459495,2.0292353718111418,317.7976351761656,0.0,0.0,0.0,2.6874785671217802,13.573333333333334,0.7607655502392344,3206.7414647109185,75,16.641165494918823,0.25,0.25
ring,100,1500000.0,5,9,exclude,launch,0,0.0,prior,0.0,sa,12600.0,43200.0,8895560.378422944,0,8485052.935289165,410507.4431337787,0,58,0.9855344924111089,60,3.168837845985145,4.017144126303069,12289.590888137705,4954.027083429103,2.4807274326871536,2.009945128121915,305.99674854515746,0.0,0.0035460992907801418,0.0,1.5944048516668519,7.132075471698113,0.449438202247191,2180.5258867221105,212,25.77119255065918,0.25,0.25
ring,100,1500000.0,2,12,exclude,launch,0,0.0,prior,0.0,sa,12600.0,43200.0,1254779.0850794571,0,1024000.4931983618,230778.59188109523,0,0,0.0,0,3.224754690611133,2.9418871463310925,12070.710954581007,6692.136451919622,1.8037156058165185,2.031744978138959,319.34930997448805,0.0,0.08695652173913043,0.0,3.973765563631414,28.058823529411764,0.7627906976744186,3457.959951735527,34,15.32896876335144,0.25,0.25
ring,100,1500000.0,3,12,exclude,launch,0,0.0,prior,0.0,sa,12600.0,43200.0,1500665.5965195505,0,1203984.2751009308,296681.3214186198,0,0,0.0,0,3.224754690611133,2.6043183346911163,12070.710954581007,7559.00140759628,1.5968658164887717,2.031896099695664,319.442868170137,0.0,0.0392156862745098,0.0,2.6795721012570826,12.32,0.6588785046728972,3524.7354092419478,75,15.00594449043274,0.25,0.25
ring,100,1500000.0,4,11,exclude,launch,0,0.0,prior,0.0,sa,12600.0,43200.0,4897079.329121846,0,4481360.385008964,415718.94411288126,0,24,0.796960641107099,27,3.2086429440649185,2.7723085674479617,12132.996107899347,7119.962387691936,1.7040814890923148,2.0264725477875256,316.0937674084243,0.0,0.00558659217877095,0.00558659217877095,2.0272424263837414,7.08955223880597,0.6076555023923444,3500.615295815041,134,17.280946969985962,0.25,0.25
ring,100,1500000.0,5,8,exclude,launch,0,0.0,prior,0.0,sa,12600.0,43200.0,7812694.149340179,0,7383171.487046651,429522.6622935279,0,46,0.9842491609146041,47,3.1547590695788004,4.381513417621758,12345.923344527806,4541.183121425366,2.7186578947410345,2.0103275776222986,306.22854423124267,0.0,0.0,0.0,1.607647989692747,10.090909090909092,0.5248618784530387,1555.6434603221953,209,32.24101448059082,0.25,0.25
ring,100,1500000.0,4,12,exclude,launch,0,0.0,prior,0.0,sa,12600.0,43200.0,5689950.133524842,0,5299874.46185193,390075.67167291185,0,32,0.8531638655154878,33,3.224754690611133,2.778750876386263,12070.710954581007,7104.445891824846,1.6990362286340854,2.0261900002561544,315.91977498771786,0.0,0.011111111111111112,0.0,2.0131392771261813,6.770370370370371,0.5327102803738317,3633.8466503628247,135,16.741693019866943,0.25,0.25
ring,100,1500000.0,5,10,exclude,launch,0,0.0,prior,0.0,sa,12600.0,43200.0,8441371.014500754,0,7891101.998160156,550269.0163405973,0,54,0.9856006366901556,55,3.182575145810688,4.357981119182867,12235.105169258855,4567.963347788031,2.6784595754656233,2.0093335529984433,305.62626636253833,0.0,0.0,0.0,1.5944204887201472,8.68867924528302,0.4325581395348837,1791.1796397974276,212,28.685189723968506,0.25,0.25
ring,100,3000000.0,3,1,exclude,launch,0,0.0,prior,0.0,sa,12600.0,43200.0,833362.6786268642,0,709551.8984800845,123810.78014677967,0,0,0.0,0,6.304688810202901,7.899005672163081,12355.63552910056,5019.3050611124045,2.4616227502940897,2.0177807267405603,310.7632823173631,0.0,0.07547169811320754,0.0,5.247763264500094,37.28947368421053,0.90625,2328.052251922148,38,23.453696966171265,0.25,0.25
ring,100,1500000.0,5,11,exclude,launch,0,0.0,prior,0.0,sa,12600.0,43200.0,9754917.67411098,0,9192426.290354548,562491.383756433,0,58,0.9864242525431643,60,3.2086429440649185,4.185557337353176,12132.996107899347,4758.225940040169,2.5498991138274785,2.008452825160999,305.0931301725602,0.0,0.0,0.0,1.6084989680767987,7.650717703349282,0.42788461538461536,2058.119583785003,209,26.632432460784912,0.25,0.25
ring,100,1500000.0,5,12,exclude,launch,0,0.0,prior,0.0,sa,12600.0,43200.0,8722468.24408031,0,8265909.025755126,456559.21832518536,0,58,0.9877499220285927,58,3.224754690611133,4.5034898871332185,12070.710954581007,4421.453494888006,2.7300323227501804,2.0088418066596256,305.32853725927737,0.0,0.0035335689045936395,0.0,1.5839630961483688,8.29245283018868,0.44761904761904764,1865.1764726991348,212,28.75182580947876,0.25,0.25
ring,100,3000000.0,4,1,exclude,launch,0,0.0,prior,0.0,sa,12600.0,43200.0,618207.5264632512,0,547449.6579970417,70757.86846620945,0,0,0.0,0,6.304688810202901,6.2546625627085275,12355.63552910056,6345.187056034763,1.9472452774027198,2.01577322731476,309.53857479883305,0.0,0.043478260869565216,0.0,4.014536597640241,27.176470588235293,0.9210526315789473,1812.2175627512618,68,29.39777398109436,0.25,0.25
ring,100,3000000.0,7,1,exclude,launch,0,0.0,prior,0.0,sa,12600.0,43200.0,1518006.2603661616,0,1375405.5338289377,142600.7265372238,0,6,0.5727344304590593,9,6.304688810202901,5.014043484351041,12355.63552910056,7900.371048337884,1.5639310424160389,2.019549033758495,311.8440696713644,0.0,0.014652014652014652,0.0,2.317792353100476,8.379310344827585,0.875,1939.9637245414112,203,27.884559154510498,0.25,0.25
ring,100,3000000.0,3,2,exclude,launch,0,0.0,prior,0.0,sa,12600.0,43200.0,866620.4232380448,0,707822.0615365923,158798.3617014524,0,0,0.0,0,6.585774939620545,8.568101200850103,11814.060213129005,4627.128256349144,2.553216500303026,2.0178731515378,310.8197257864478,0.0,0.0196078431372549,0.0,5.32940376626476,37.833333333333336,0.8914027149321267,2313.5253248179947,36,23.239864110946655,0.25,0.25
ring,100,3000000.0,5,1,exclude,launch,0,0.0,prior,0.0,sa,12600.0,43200.0,537478.9397120994,0,480854.74466556817,56624.19504653121,0,0,0.0,0,6.304688810202901,5.541473203998502,12355.63552910056,7161.233123662907,1.725350273582598,2.0159369155852955,309.638344934689,0.0,0.07857142857142857,0.0,3.2287984569396135,19.723809523809525,0.9398907103825137,1606.124895902974,105,31.618557691574097,0.25,0.25
ring,100,3000000.0,8,1,exclude,launch,0,0.0,prior,0.0,sa,12600.0,43200.0,3745556.2326690066,0,3482850.69545016,262705.5372188466,0,22,0.8673419448103665,27,6.304688810202901,5.282195526769954,12355.63552910056,7506.268658346162,1.6460422736618179,2.017675913912628,310.6992797273709,0.0,0.005633802816901409,0.0,2.0229715148304193,6.19172932330827,0.7119565217391305,2015.677401038147,266,30.219053983688354,0.25,0.25
ring,100,3000000.0,6,1,exclude,launch,0,0.0,prior,0.0,sa,12600.0,43200.0,571271.1759302416,0,501265.81571508147,70005.36021516012,0,0,0.0,0,6.304688810202901,5.3400258018533,12355.63552910056,7428.978489343791,1.6631674929229665,2.0165896352299226,310.03634593707216,0.0,0.035175879396984924,0.0,2.7090161280716583,13.678082191780822,0.9456521739130435,1671.5143275925288,146,31.68881320953369,0.25,0.25
ring,100,3000000.0,3,3,exclude,launch,0,0.0,prior,0.0,sa,12600.0,43200.0,748223.2100797594,0,637273.5979725563,110949.61210720315,0,0,0.0,0,6.423424023477594,7.504133258291797,12121.08345553196,5286.555490026714,2.2928130572730843,2.01658556555412,310.0338636278972,0.0,0.07692307692307693,0.0,5.32737275020209,40.972972972972975,0.8925233644859814,2195.6239930768447,37,25.60477113723755,0.25,0.25
ring,100,3000000.0,7,2,exclude,launch,0,0.0,prior,0.0,sa,12600.0,43200.0,2053058.5054975965,0,1858794.9172700024,194263.58822759392,0,7,0.6602159232100158,10,6.585774939620545,4.989405707032069,11814.060213129005,7938.282860666717,1.4882387564779684,2.0198289736510704,312.0153406494586,0.0,0.0,0.0,2.31916208191743,8.137931034482758,0.8235294117647058,2002.3532344514833,203,27.9272940158844,0.25,0.25
ring,100,3000000.0,4,2,exclude,launch,0,0.0,prior,0.0,sa,12600.0,43200.0,603956.8557813666,0,519515.4138946942,84441.44188667239,0,0,0.0,0,6.585774939620545,6.037957763912243,11814.060213129005,6569.728143615038,1.7982570899240038,2.0167520982873803,310.1354488115371,0.0,0.08791208791208792,0.0,4.016374348194196,29.08955223880597,0.9264069264069265,1718.2457125804833,67,31.268858909606934,0.25,0.25
ring,100,3000000.0,5,2,exclude,launch,0,0.0,prior,0.0,sa,12600.0,43200.0,551409.2647973293,0,476083.50978508155,75325.75501224784,0,0,0.0,0,6.585774939620545,5.62909314985479,11814.060213129005,7049.638785798248,1.6758390851072904,2.015972885906953,309.66027146943054,0.0,0.02857142857142857,0.0,3.2397083762395136,19.771428571428572,0.9366515837104072,1603.4526123627938,105,30.82785987854004,0.25,0.25
ring,100,3000000.0,6,2,exclude,launch,0,0.0,prior,0.0,sa,12600.0,43200.0,553632.8221482288,0,483848.1277355823,69784.69441264647,0,0,0.0,0,6.585774939620545,5.20044402706978,11814.060213129005,7624.800415906651,1.5494255021394179,2.017535013130801,310.6132508841296,0.0,0.025,0.0,2.7027227869170005,14.17687074829932,0.918918918918919,1606.7377983021986,147,31.62287735939026,0.25,0.25
ring,100,3000000.0,8,2,exclude,launch,0,0.0,prior,0.0,sa,12600.0,43200.0,6540324.2495038975,0,6134386.059805834,405938.1896980637,0,34,0.9614620132668323,38,6.585774939620545,5.813708451023876,11814.060213129005,6838.508292544671,1.7275785460417838,2.012219532472855,307.37651457586946,0.0,0.0028011204481792717,0.0,2.0190021616420215,7.198501872659176,0.6380090497737556,1731.8824660660787,267,32.22993206977844,0.25,0.25
ring,100,3000000.0,4,3,exclude,launch,0,0.0,prior,0.0,sa,12600.0,43200.0,633675.087941905,0,544508.1090122707,89166.97892963428,0,0,0.0,0,6.423424023477594,5.960382170461101,12121.08345553196,6660.431280887125,1.8198646520556119,2.0151785335790535,309.1762365119152,0.0,0.03333333333333333,0.0,4.040003147388233,26.651515151515152,0.9198113207547169,1878.0828770061412,66,29.78267812728882,0.25,0.25
ring,100,3000000.0,9,1,exclude,launch,0,0.0,prior,0.0,sa,12600.0,43200.0,7321514.980884879,0,6951880.86167836,369634.1192065183,0,47,0.9821946834156383,50,6.304688810202901,7.053693894658656,12355.63552910056,5650.074082837697,2.186809473283058,2.0073321287478527,304.4154052823041,0.0,0.004395604395604396,0.0,1.7836777677749678,6.834808259587021,0.5737704918032787,1430.4949393538536,339,40.32493472099304,0.25,0.25
ring,100,3000000.0,5,3,exclude,launch,0,0.0,prior,0.0,sa,12600.0,43200.0,506472.9321694127,0,442920.7293629675,63552.20280644531,0,0,0.0,0,6.423424023477594,5.42846973967342,12121.08345553196,7314.408899922374,1.6571514692951603,2.014806440962693,308.9496337858104,0.0,0.03571428571428571,0.0,3.237856380444039,20.590476190476192,0.9198113207547169,1544.6015244755713,105,32.438443183898926,0.25,0.25
ring,100,3000000.0,10,1,exclude,launch,0,0.0,prior,0.0,sa,12600.0,43200.0,8300181.568537282,0,7864474.013669998,435707.554867283,0,53,0.9883291654646879,58,6.304688810202901,7.290866721179929,12355.63552910056,5467.1898282756365,2.259960952004762,2.006996773217372,304.2127503810598,0.0,0.0,0.0,1.5861406401609202,5.64218009478673,0.48633879781420764,1381.2561893073796,422,44.304662466049194,0.25,0.25
ring,100,3000000.0,7,3,exclude,launch,0,0.0,prior,0.0,sa,12600.0,43200.0,2058662.170606141,0,1896674.3406542554,161987.82995188548,0,10,0.706822044003613,15,6.423424023477594,5.0425722453906525,12121.08345553196,7865.439939965677,1.5410560055188538,2.017041522981179,310.31203784036296,0.0,0.007326007326007326,0.0,2.31299583960249,8.403940886699507,0.84688995215311,1923.360484197034,203,28.739100694656372,0.25,0.25
ring,100,3000000.0,9,2,exclude,launch,0,0.0,prior,0.0,sa,12600.0,43200.0,8681028.84867662,0,8141732.753073141,539296.0956034791,0,49,0.9878444131617424,52,6.585774939620545,7.3898731725888345,11814.060213129005,5394.296067263604,2.1901022980227323,2.0068652959027347,304.1333172279903,0.0,0.00437636761487965,0.0,1.7729881349814594,6.943952802359882,0.47058823529411764,1395.305756604133,339,40.780083656311035,0.25,0.25
ring,100,3000000.0,6,3,exclude,launch,0,0.0,prior,0.0,sa,12600.0,43200.0,550691.7487975431,0,483087.1610446296,67604.58775291355,0,0,0.0,0,6.423424023477594,5.312825875291729,12121.08345553196,7471.717166962354,1.6222620830895045,2.015319841852922,309.26231437807274,0.0,0.02,0.0,2.7045949452785605,13.791946308724832,0.910377358490566,1634.1252128357219,149,31.740821599960327,0.25,0.25
ring,100,3000000.0,3,4,exclude,launch,0,0.0,prior,0.0,sa,12600.0,43200.0,778507.7014886854,0,636536.2779407831,141971.42354790238,0,0,0.0,0,6.517574400355884,8.465133741562727,11941.171733403105,4686.159835392626,2.5481784985685674,2.016689632285571,310.09734251909066,0.0,0.23076923076923078,0.0,5.343661515482157,41.810810810810814,0.8609865470852018,2145.8209487908025,37,25.386876106262207,0.25,0.25
ring,100,3000000.0,8,3,exclude,launch,0,0.0,prior,0.0,sa,12600.0,43200.0,4689440.663805293,0,4400910.826925428,288529.83687986573,0,31,0.9440188299970974,35,6.423424023477594,5.903456770521015,12121.08345553196,6738.061244815364,1.7988977860447009,2.0111693671636184,306.7390467270217,0.0,0.002785515320334262,0.0,2.0090430615380583,7.825925925925926,0.6794258373205742,1573.2950007701427,270,34.67410969734192,0.25,0.25
ring,100,3000000.0,10,2,exclude,launch,0,0.0,prior,0.0,sa,12600.0,43200.0,9120042.105780229,0,8552723.37389666,567318.7318835699,0,54,0.9906899126885755,55,6.585774939620545,7.845942370278167,11814.060213129005,5082.174086457812,2.3246075423920005,2.006297517216202,303.7904079466476,0.0,0.0,0.0,1.5652521111797426,5.727906976744186,0.4072398190045249,1346.8295610897267,430,45.560802698135376,0.25,0.25
ring,100,3000000.0,4,4,exclude,launch,0,0.0,prior,0.0,sa,12600.0,43200.0,630174.1925102238,0,528490.6817748428,101683.51073538103,0,0,0.0,0,6.517574400355884,6.149604648826516,11941.171733403105,6454.8831972575335,1.8499438903056393,2.01536820447743,309.2917771991163,0.0,0.08791208791208792,0.0,4.0260497068502845,27.611940298507463,0.9124423963133641,1803.63737845585,67,30.294241189956665,0.25,0.25
ring,100,3000000.0,7,4,exclude,launch,0,0.0,prior,0.0,sa,12600.0,43200.0,2111553.3204599265,0,1885537.2876013936,226016.03285853268,0,7,0.7077605528777877,8,6.517574400355884,5.135342470079627,11941.171733403105,7721.9011269639705,1.5464030861138507,2.0174200790655545,310.54308518572793,0.0,0.003663003663003663,0.0,2.311309958917439,8.354679802955665,0.7857142857142857,1925.6730078715168,203,27.90712857246399,0.25,0.25
ring,100,3000000.0,5,4,exclude,launch,0,0.0,prior,0.0,sa,12600.0,43200.0,525426.8089991147,0,454040.1346121597,71386.674386955,0,0,0.0,0,6.517574400355884,5.446369272632193,11941.171733403105,7288.4510536355165,1.6383689271600155,2.0153369223851296,309.2727197875521,0.0,0.02857142857142857,0.0,3.2383798257720686,19.704761904761906,0.9292452830188679,1602.7407902809775,105,30.97063660621643,0.25,0.25
ring,100,3000000.0,3,5,exclude,launch,0,0.0,prior,0.0,sa,12600.0,43200.0,804900.9317866043,0,654652.1305228508,150248.80126375362,0,0,0.0,0,6.262589553035541,7.3258207464811305,12440.935093889904,5414.6235308129235,2.297654679608369,2.01681207504999,310.17203879024,0.0,0.0392156862745098,0.0,5.353745962705326,38.16216216216216,0.8761061946902655,2389.4841385357117,37,23.90809726715088,0.25,0.25
ring,100,3000000.0,6,4,exclude,launch,0,0.0,prior,0.0,sa,12600.0,43200.0,558545.1287542973,0,480582.67402664653,77962.45472765077,0,0,0.0,0,6.517574400355884,5.191633723413089,11941.171733403105,7641.678961109674,1.5626371893106967,2.0164950201079215,309.9786377712613,0.0,0.03482587064676617,0.0,2.710569370014434,13.798657718120806,0.9299065420560748,1636.0786843469766,149,31.707459926605225,0.25,0.25
ring,100,3000000.0,9,3,exclude,launch,0,0.0,prior,0.0,sa,12600.0,43200.0,6820839.714679675,0,6384820.995216278,436018.71946339734,0,46,0.9804622076083365,50,6.423424023477594,6.895060942606099,12121.08345553196,5780.502912397369,2.096890813693049,2.0071796887773097,304.3232776456676,0.0,0.002207505518763797,0.0,1.78839520433993,6.913946587537092,0.5119617224880383,1422.2133282718041,337,40.31470704078674,0.25,0.25
ring,100,3000000.0,8,4,exclude,launch,0,0.0,prior,0.0,sa,12600.0,43200.0,4834317.666998934,0,4447793.614308497,386524.0526904372,0,27,0.9186990941166098,31,6.517574400355884,5.424439718984784,11941.171733403105,7319.909077655548,1.6313278767156048,2.0147882668206156,308.9385679430369,0.0,0.0,0.0,2.026829694481126,6.19622641509434,0.6476190476190476,2018.5904578893537,265,29.856683015823364,0.25,0.25
ring,100,3000000.0,4,5,exclude,launch,0,0.0,prior,0.0,sa,12600.0,43200.0,564540.0443535837,0,488730.69388655014,75809.35046703354,0,0,0.0,0,6.262589553035541,5.9354581182218,12440.935093889904,6687.0333593360865,1.8604565620299354,2.015590266224846,309.42707665519606,0.0,0.05555555555555555,0.0,4.027480938170858,28.696969696969695,0.8938053097345132,1739.8600975496108,66,29.399246215820312,0.25,0.25
ring,100,3000000.0,7,5,exclude,launch,0,0.0,prior,0.0,sa,12600.0,43200.0,1909404.8536274526,0,1721944.262104413,187460.59152303965,0,8,0.7020762375508719,12,6.262589553035541,4.9279866297240185,12440.935093889904,8041.674198119826,1.5470578373839918,2.018710268305204,311.33118322513815,0.0,0.003663003663003663,0.0,2.316609261693292,8.374384236453203,0.8266666666666667,1942.5393053752803,203,28.294172525405884,0.25,0.25
ring,100,3000000.0,5,5,exclude,launch,0,0.0,prior,0.0,sa,12600.0,43200.0,500721.8598086198,0,442642.5868643205,58079.272944299286,0,0,0.0,0,6.262589553035541,5.334206391053578,12440.935093889904,7440.969400049338,1.6719508473999924,2.0155364335934096,309.39427438668645,0.0,0.02857142857142857,0.0,3.246214808195354,20.095238095238095,0.9070796460176991,1578.671434092477,105,31.283874988555908,0.25,0.25
ring,100,3000000.0,6,5,exclude,launch,0,0.0,prior,0.0,sa,12600.0,43200.0,546156.4111740182,0,467820.71650589793,78335.69466812022,0,0,0.0,0,6.262589553035541,5.144606906492317,12440.935093889904,7711.266382887279,1.6133452634315204,2.0165643473530235,310.0209216927836,0.0,0.004975124378109453,0.0,2.6976532438523875,13.83108108108108,0.8982300884955752,1639.9839786678106,148,31.362879514694214,0.25,0.25
ring,100,3000000.0,9,4,exclude,launch,0,0.0,prior,0.0,sa,12600.0,43200.0,8278457.697858282,0,7731103.813411836,547353.8844464456,0,52,0.9865548301358199,57,6.517574400355884,6.934397270766473,11941.171733403105,5748.93128793914,2.0771115769734205,2.0067540602531873,304.0661213508835,0.0,0.0021929824561403508,0.0,1.780567236544505,6.230088495575221,0.4523809523809524,1556.0432687821885,339,38.31585192680359,0.25,0.25
ring,100,3000000.0,10,3,exclude,launch,0,0.0,prior,0.0,sa,12600.0,43200.0,8327605.26226747,0,7821980.680600187,505624.58166728367,0,57,0.9909472054029278,57,6.423424023477594,8.934801772626276,12121.08345553196,4466.895304666308,2.7135365010390466,2.00446875832675,302.6872459363448,0.0,0.0,0.010135135135135136,1.501544603562638,6.020316027088036,0.4375,1233.7001495423297,443,48.443331718444824,0.25,0.25
ring,100,3000000.0,3,6,exclude,launch,0,0.0,prior,0.0,sa,12600.0,43200.0,824195.7976380663,0,687322.3221322573,136873.475505809,0,0,0.0,0,6.362043196377442,7.982965967869455,12241.243344415747,4967.3982753500695,2.464316864858811,2.0174218813618405,310.5441854021601,0.0,0.1346153846153846,0.0,5.313275877719085,39.13513513513514,0.9210526315789473,2282.0324030020347,37,24.906888723373413,0.25,0.25
ring,100,3000000.0,8,5,exclude,launch,0,0.0,prior,0.0,sa,12600.0,43200.0,4723135.481277491,0,4418265.165003905,304870.31627358566,0,29,0.9349284694038742,31,6.262589553035541,5.703746561474806,12440.935093889904,6969.518637088893,1.785049404658221,2.0124587314551885,307.52180486995496,0.0,0.0,0.0,2.0223542057973143,7.022471910112359,0.6919642857142857,1766.3356825083374,267,33.180545806884766,0.25,0.25
ring,100,3000000.0,4,6,exclude,launch,0,0.0,prior,0.0,sa,12600.0,43200.0,629282.0677173953,0,541197.3231287606,88084.74458863473,0,0,0.0,0,6.362043196377442,6.039940372108699,12241.243344415747,6570.60634217512,1.863031006110074,2.0158206383542914,309.567470791956,0.0,0.10989010989010989,0.0,4.042142633888084,27.44776119402985,0.9241071428571429,1822.5964180659228,67,28.8527410030365,0.25,0.25
ring,100,3000000.0,7,6,exclude,launch,0,0.0,prior,0.0,sa,12600.0,43200.0,2115656.6695347726,0,1906692.7719014052,208963.8976333671,0,10,0.7242588481391254,12,6.362043196377442,5.069571369455198,12241.243344415747,7820.304421185776,1.5653154513081773,2.0178788406715866,310.82320028608,0.0,0.007326007326007326,0.0,2.315489580249574,8.605911330049262,0.8430493273542601,1883.6689761605248,203,28.419920444488525,0.25,0.25
ring,100,3000000.0,5,6,exclude,launch,0,0.0,prior,0.0,sa,12600.0,43200.0,537948.315262111,0,466477.3916460717,71470.92361603938,0,0,0.0,0,6.362043196377442,5.621634909513956,12241.243344415747,7061.924624005743,1.7334146137447914,2.015135582874867,309.15007548560874,0.0,0.03571428571428571,0.0,3.235521763593377,20.02857142857143,0.9417040358744395,1583.0076981999796,105,31.385823726654053,0.25,0.25
ring,100,3000000.0,9,5,exclude,launch,0,0.0,prior,0.0,sa,12600.0,43200.0,7174677.489090216,0,6660488.169954784,514189.3191354326,0,47,0.9808177991529341,50,6.262589553035541,6.420452167917143,12440.935093889904,6203.775919163785,2.0053811188536343,2.0084835054646573,305.11169423828494,0.0,0.0,0.0,1.780317326859929,6.080357142857143,0.48660714285714285,1601.7597881174263,336,38.100653409957886,0.25,0.25
ring,100,3000000.0,10,4,exclude,launch,0,0.0,prior,0.0,sa,12600.0,43200.0,9607669.399498377,0,8976314.511001164,631354.888497213,0,61,0.9935034708777485,61,6.517574400355884,9.651334047099086,11941.171733403105,4135.134921179882,2.887734490171343,2.004531822786916,302.7252548974812,0.0,0.0,0.050793650793650794,1.3790205707747492,5.286624203821656,0.4,1328.9913505765287,471,48.247087717056274,0.25,0.25
ring,100,3000000.0,3,7,exclude,launch,0,0.0,prior,0.0,sa,12600.0,43200.0,794708.5265023506,0,650314.4985920701,144394.02791028054,0,0,0.0,0,6.473727704179257,7.867230718565287,12024.307218701972,5040.073926077241,2.385740248072245,2.0175819956063252,310.6419353346453,0.0,0.09615384615384616,0.0,5.294038680864181,39.351351351351354,0.8410041841004184,2252.9834996723966,37,24.265989780426025,0.25,0.25
ring,100,3000000.0,6,6,exclude,launch,0,0.0,prior,0.0,sa,12600.0,43200.0,583921.8247462176,0,489932.15564551466,93989.66910070296,0,0,0.0,0,6.362043196377442,5.413688370078577,12241.243344415747,7330.306403700077,1.6699497497453593,2.015926091964496,309.6317473002762,0.0,0.02,0.0,2.7064537334471725,14.358108108108109,0.9241071428571429,1583.9879132116248,148,32.44367861747742,0.25,0.25
ring,100,3000000.0,4,7,exclude,launch,0,0.0,prior,0.0,sa,12600.0,43200.0,602327.703882415,0,505915.1577127158,96412.54616969917,0,0,0.0,0,6.473727704179257,6.3045465207389375,12024.307218701972,6295.382093308858,1.9100202403095101,2.0156449689675666,309.4604108967389,0.0,0.08695652173913043,0.0,4.03638109711553,28.25,0.902542372881356,1760.1024315265458,68,30.21108889579773,0.25,0.25
ring,100,3000000.0,8,6,exclude,launch,0,0.0,prior,0.0,sa,12600.0,43200.0,4457199.515986452,0,4110148.387309378,347051.1286770732,0,25,0.9320016720171105,27,6.362043196377442,5.76836773712434,12241.243344415747,6888.6782096884135,1.7770090243436467,2.013265956178322,308.0123693849907,0.0,0.008379888268156424,0.002793296089385475,2.020976818980433,7.847583643122676,0.7085201793721974,1578.5089180852622,269,34.77302527427673,0.25,0.25
ring,100,3000000.0,10,5,exclude,launch,0,0.0,prior,0.0,sa,12600.0,43200.0,8548612.603446592,0,7966849.82258453,581762.7808620618,0,55,0.9912958363296279,56,6.262589553035541,7.861692886611481,12440.935093889904,5073.89969145861,2.4519473876933247,2.005543265846719,303.33517784690576,0.0,0.0017331022530329288,0.0,1.5537235178039717,5.813953488372093,0.4125560538116592,1321.8977969310981,430,46.16086935997009,0.25,0.25
ring,100,3000000.0,5,7,exclude,launch,0,0.0,prior,0.0,sa,12600.0,43200.0,477005.0063705333,0,425128.3405131513,51876.66585738202,0,0,0.0,0,6.473727704179257,5.7452276066169565,12024.307218701972,6910.006104919485,1.7401297533067923,2.0151357939736734,309.15020406196805,0.0,0.02857142857142857,0.0,3.236603805582889,21.60576923076923,0.8961038961038961,1475.7992297025812,104,32.71612191200256,0.25,0.25
ring,100,3000000.0,6,7,exclude,launch,0,0.0,prior,0.0,sa,12600.0,43200.0,483468.69262623176,0,425084.64605750557,58384.04656872619,0,0,0.0,0,6.473727704179257,5.429452027341888,12024.307218701972,7308.980546346369,1.6451414998925824,2.015938044220235,309.6390329082109,0.0,0.045,0.0,2.7086085297689144,15.404109589041095,0.8969957081545065,1460.806247995426,146,34.168292760849,0.25,0.25
ring,100,3000000.0,3,8,exclude,launch,0,0.0,prior,0.0,sa,12600.0,43200.0,721319.2796261628,0,617773.5769726333,103545.7026535296,0,0,0.0,0,6.309518139157601,7.815464845464817,12345.923344527806,5073.535261979267,2.433396577933996,2.0175508522963703,310.6229211027208,0.0,0.17307692307692307,0.0,5.331233010250328,43.648648648648646,0.8994708994708994,2048.6911032351068,37,25.374356746673584,0.25,0.25
ring,100,3000000.0,7,7,exclude,launch,0,0.0,prior,0.0,sa,12600.0,43200.0,1507842.5739675846,0,1398085.9361998562,109756.63776772839,0,8,0.6649674280757668,10,6.473727704179257,5.2710908526725415,12024.307218701972,7525.445707379411,1.5978199413372953,2.0167741138013775,310.148879548973,0.0,0.01098901098901099,0.0,2.3161870544673717,9.822660098522167,0.8521739130434782,1656.0210724098783,203,31.607887744903564,0.25,0.25
ring,100,3000000.0,9,6,exclude,launch,0,0.0,prior,0.0,sa,12600.0,43200.0,6651246.764972613,0,6140922.362667593,510324.4023050203,0,42,0.9799070546858277,43,6.362043196377442,7.145083555863924,12241.243344415747,5576.291638550274,2.1952301166942245,2.0078774206865417,304.7450685389269,0.0,0.0,0.0,1.768427139043958,7.780701754385965,0.5605381165919282,1236.924305913424,342,43.29555630683899,0.25,0.25
ring,100,3000000.0,4,8,exclude,launch,0,0.0,prior,0.0,sa,12600.0,43200.0,570355.5888071316,0,505674.4406870413,64681.14812009034,0,0,0.0,0,6.309518139157601,6.0211202016522725,12345.923344527806,6591.254599148408,1.8730763861136397,2.0157868249527153,309.5468621242556,0.0,0.09782608695652174,0.0,4.0155711042100775,28.970588235294116,0.9153439153439153,1711.8885520530005,68,30.56437063217163,0.25,0.25
ring,100,3000000.0,8,7,exclude,launch,0,0.0,prior,0.0,sa,12600.0,43200.0,3532060.339280073,0,3320472.647459174,211587.6918208985,0,21,0.9141862556572169,22,6.473727704179257,5.9489379537791125,12024.307218701972,6680.552823298053,1.7998970349830743,2.012973906557919,307.83484061016344,0.0,0.008379888268156424,0.0,2.019980624266009,8.550185873605948,0.7130434782608696,1448.7840728164304,269,36.43262267112732,0.25,0.25
ring,100,3000000.0,10,6,exclude,launch,0,0.0,prior,0.0,sa,12600.0,43200.0,7994282.211704508,0,7391605.307868856,602676.9038356529,0,49,0.9879762659106366,52,6.362043196377442,7.794843131404385,12241.243344415747,5114.781534355644,2.393307174938389,2.0065755625806654,303.9583089553749,0.0,0.0,0.0,1.5851962408149027,6.476415094339623,0.48878923766816146,1203.9335396274598,424,48.86449098587036,0.25,0.25
ring,100,3000000.0,7,8,exclude,launch,0,0.0,prior,0.0,sa,12600.0,43200.0,1205615.2489194323,0,1101863.2304111156,103752.0185083169,0,4,0.4373500902130049,9,6.309518139157601,4.930595597666242,12345.923344527806,8031.5897190997575,1.5371705697526132,2.020175446158424,312.2273822833618,0.0,0.01098901098901099,0.0,2.3201981157992004,9.12807881773399,0.8858695652173914,1786.0430222961675,203,29.755492687225342,0.25,0.25
ring,100,3000000.0,5,8,exclude,launch,0,0.0,prior,0.0,sa,12600.0,43200.0,478899.8491036764,0,427650.93693212076,51248.9121715556,0,0,0.0,0,6.309518139157601,5.801437693286531,12345.923344527806,6843.906359228669,1.8039293199679651,2.0148851493217665,308.99755989415934,0.0,0.06428571428571428,0.0,3.236872079151073,22.0,0.9402173913043478,1440.8759744857634,105,34.084343910217285,0.25,0.25
ring,100,3000000.0,3,9,exclude,launch,0,0.0,prior,0.0,sa,12600.0,43200.0,758997.5395450777,0,669637.0909450564,89360.44860002131,0,0,0.0,0,6.33767569197029,7.268505725774099,12289.590888137705,5455.692983320118,2.2526177564813676,2.0174135223290603,310.53908262540773,0.0,0.19230769230769232,0.0,5.283661671691019,38.91891891891892,0.8823529411764706,2282.9565385939645,37,24.28233242034912,0.25,0.25
ring,100,3000000.0,6,8,exclude,launch,0,0.0,prior,0.0,sa,12600.0,43200.0,469990.2529893896,0,428601.9292960411,41388.32369334849,0,0,0.0,0,6.309518139157601,5.20531767172804,12345.923344527806,7620.819156639234,1.6200257597993355,2.0166990430384533,310.103083234592,0.0,0.01990049751243781,0.0,2.7041009126486633,15.183673469387756,0.9408602150537635,1469.420431195569,147,33.690869092941284,0.25,0.25
ring,100,3000000.0,4,9,exclude,launch,0,0.0,prior,0.0,sa,12600.0,43200.0,587601.7764638176,0,526885.3139669609,60716.46249685672,0,0,0.0,0,6.33767569197029,5.939909551963562,12289.590888137705,6682.099582434375,1.8391810442999188,2.015566871107848,309.41282090753526,0.0,0.06521739130434782,0.0,4.001233156197276,27.308823529411764,0.918918918918919,1793.8243249856582,68,30.40489888191223,0.25,0.25
ring,100,3000000.0,5,9,exclude,launch,0,0.0,prior,0.0,sa,12600.0,43200.0,510245.8986151299,0,457008.1784191287,53237.72019600117,0,0,0.0,0,6.33767569197029,5.487768555417707,12289.590888137705,7233.786445996276,1.6989153577985003,2.0152480826611514,309.21860080414325,0.0,0.03571428571428571,0.0,3.2402110894472758,20.37142857142857,0.9329608938547486,1558.0651513286332,105,31.154553651809692,0.25,0.25
ring,100,3000000.0,9,7,exclude,launch,0,0.0,prior,0.0,sa,12600.0,43200.0,5873863.382090665,0,5522935.22744503,350928.15464563505,0,37,0.9778018220452158,38,6.473727704179257,7.650628119943764,12024.307218701972,5209.182506912171,2.3082906392215423,2.007351011274654,304.42681797482055,0.0,0.0021691973969631237,0.0,1.757326444856214,8.555232558139535,0.6157205240174672,1112.859968039403,344,46.29453992843628,0.25,0.25
ring,100,3000000.0,8,8,exclude,launch,0,0.0,prior,0.0,sa,12600.0,43200.0,3913309.709406189,0,3689791.2105734097,223518.4988327792,0,23,0.9228018184841281,25,6.309518139157601,5.7620992319727415,12345.923344527806,6895.425640937429,1.7904512335295641,2.013483960304801,308.144921338531,0.0,0.0056022408963585435,0.0,2.0142484115564576,8.348314606741573,0.7608695652173914,1493.333731529384,267,35.779335260391235,0.25,0.25
ring,100,3000000.0,7,9,exclude,launch,0,0.0,prior,0.0,sa,12600.0,43200.0,2353769.276561067,0,2203007.4845876703,150761.7919733967,0,11,0.7554891154989676,13,6.33767569197029,5.02343027921771,12289.590888137705,7896.090842598625,1.5564145769241386,2.016867983300057,310.2061486382173,0.0,0.007326007326007326,0.0,2.3190079688151974,7.926108374384237,0.8370786516853933,2042.3478211485142,203,27.734001636505127,0.25,0.25
ring,100,3000000.0,6,9,exclude,launch,0,0.0,prior,0.0,sa,12600.0,43200.0,569042.9262704308,0,498368.0641505666,70674.86211986416,0,0,0.0,0,6.33767569197029,5.1244294256886915,12289.590888137705,7740.964174642785,1.5876046718307957,2.016737682483978,310.12665449486684,0.0,0.025,0.0,2.7047681060630073,13.414965986394558,0.9222222222222223,1703.4070838397608,147,30.427483558654785,0.25,0.25
ring,100,3000000.0,3,10,exclude,launch,0,0.0,prior,0.0,sa,12600.0,43200.0,872041.1509609077,0,698427.2032035427,173613.94775736486,0,0,0.0,0,6.365150291621376,7.127653427315169,12235.105169258855,5563.707418950175,2.1990921247198716,2.0173401352266067,310.49428522286695,0.0,0.0784313725490196,0.0,5.334844728278783,37.37837837837838,0.8858447488584474,2424.4714302396233,37,23.729547262191772,0.25,0.25
ring,100,3000000.0,8,9,exclude,launch,0,0.0,prior,0.0,sa,12600.0,43200.0,5345140.907518517,0,5074138.204031789,271002.70348672825,0,31,0.9406110224493078,35,6.33767569197029,5.653155012623502,12289.590888137705,7032.028781152079,1.7476593555870321,2.012419204750328,307.497793844186,0.0,0.0,0.0,2.02066674086339,6.407547169811321,0.6741573033707865,1942.708624082623,265,30.925830602645874,0.25,0.25
ring,100,3000000.0,10,7,exclude,launch,0,0.0,prior,0.0,sa,12600.0,43200.0,6942263.768124582,0,6537442.151383751,404821.61674083053,0,44,0.9866703451858353,45,6.473727704179257,8.300454411442573,12024.307218701972,4803.710278059756,2.5031291486543714,2.0063713239903516,303.83497252502804,0.0,0.0,0.0,1.5574716661571497,7.278422273781903,0.5502183406113537,1049.105650659157,431,53.5052855014801,0.25,0.25
ring,100,3000000.0,9,8,exclude,launch,0,0.0,prior,0.0,sa,12600.0,43200.0,6893891.118882514,0,6528908.862576742,364982.25630577165,0,41,0.9820896224403995,43,6.309518139157601,6.994501193481192,12345.923344527806,5696.912007489564,2.167125510855176,2.0076764595814396,304.6235541583754,0.0,0.002183406113537118,0.0,1.7732714768078455,7.841642228739003,0.6022099447513812,1235.3308912920577,341,43.48173999786377,0.25,0.25
ring,100,3000000.0,4,10,exclude,launch,0,0.0,prior,0.0,sa,12600.0,43200.0,660482.8794226089,0,556567.4437496864,103915.43567292247,0,0,0.0,0,6.365150291621376,6.04677159762381,12235.105169258855,6563.231244416971,1.8641892558130841,2.0158059202421272,309.5585002796866,0.0,0.12222222222222222,0.0,4.034101022322224,26.424242424242426,0.8693693693693694,1899.4748559404857,66,28.07800006866455,0.25,0.25
ring,100,3000000.0,5,10,exclude,launch,0,0.0,prior,0.0,sa,12600.0,43200.0,558093.3317120218,0,478037.1366709179,80056.19504110394,0,0,0.0,0,6.365150291621376,5.594236906353178,12235.105169258855,7096.46962601007,1.7241115391256792,2.015147242839715,309.15717739352243,0.0,0.03571428571428571,0.0,3.246844698556352,19.533333333333335,0.8995433789954338,1635.1834042544315,105,30.80108070373535,0.25,0.25
ring,100,3000000.0,3,11,exclude,launch,0,0.0,prior,0.0,sa,12600.0,43200.0,862627.1637468335,0,722882.260753824,139744.90299300948,0,0,0.0,0,6.417285888129837,8.320450515183246,12132.996107899347,4769.949297245874,2.543632091625131,2.015716181902145,309.5038086533613,0.0,0.0784313725490196,0.0,5.3107444869279465,38.83783783783784,0.8803827751196173,2310.3361549620518,37,24.103875398635864,0.25,0.25
ring,100,3000000.0,7,10,exclude,launch,0,0.0,prior,0.0,sa,12600.0,43200.0,2034193.454836621,0,1839190.8802445806,195002.57459204047,0,9,0.7109006363579047,10,6.365150291621376,5.248795389538526,12235.105169258855,7557.415079295419,1.6189537084946695,2.016773229422486,310.1483400210696,0.0,0.007326007326007326,0.0,2.3126005919865413,8.955665024630543,0.7880184331797235,1814.912425757651,203,29.678256511688232,0.25,0.25
ring,100,3000000.0,6,10,exclude,launch,0,0.0,prior,0.0,sa,12600.0,43200.0,580261.074554136,0,500609.18749963894,79651.8870544971,0,0,0.0,0,6.365150291621376,5.293818273708837,12235.105169258855,7495.3466182275315,1.6323601552335096,2.016179696122502,309.7863524434862,0.0,0.01,0.0,2.710112770783566,13.216216216216216,0.8904109589041096,1720.8504852647527,148,30.687727451324463,0.25,0.25
ring,100,3000000.0,9,9,exclude,launch,0,0.0,prior,0.0,sa,12600.0,43200.0,8335013.7675170945,0,7929344.965046106,405668.80247098824,0,52,0.9871549436482264,53,6.33767569197029,7.308316015625348,12289.590888137705,5456.397995489056,2.2523266994632403,2.0061649017077667,303.7103428285799,0.0,0.006535947712418301,0.0,1.7622401755433021,6.325513196480938,0.5,1540.102184465939,341,38.94527745246887,0.25,0.25
ring,100,3000000.0,10,8,exclude,launch,0,0.0,prior,0.0,sa,12600.0,43200.0,7762583.121343573,0,7345124.664808849,417458.45653472334,0,46,0.9893582723477997,47,6.309518139157601,9.357325515033958,12345.923344527806,4263.168279660565,2.8959502732814464,2.0054219933572037,303.26201541791187,0.0,0.0,0.02155887230514096,1.4669747078503572,7.159645232815964,0.532967032967033,1025.903720223631,451,54.38111186027527,0.25,0.25
ring,100,3000000.0,4,11,exclude,launch,0,0.0,prior,0.0,sa,12600.0,43200.0,649981.4794595201,0,555060.9130031237,94920.56645639634,0,0,0.0,0,6.417285888129837,6.361675312033531,12132.996107899347,6242.268229970741,1.9436838759420336,2.014540769447793,308.78789186151585,0.0,0.05555555555555555,0.0,4.033995151046161,28.227272727272727,0.9333333333333333,1762.3449706469576,66,29.705050706863403,0.25,0.25
ring,100,3000000.0,8,10,exclude,launch,0,0.0,prior,0.0,sa,12600.0,43200.0,4216848.946124693,0,3869707.0005512345,347141.9455734594,0,23,0.912128600058111,27,6.365150291621376,5.742897920460469,12235.105169258855,6918.608732957486,1.7684343256724009,2.013446616735321,308.12221349168067,0.0,0.005649717514124294,0.0,2.0270716383651557,7.40377358490566,0.5906976744186047,1682.9192779101872,265,33.01919364929199,0.25,0.25
ring,100,3000000.0,10,9,exclude,launch,0,0.0,prior,0.0,sa,12600.0,43200.0,8848326.272813706,0,8441829.958780369,406496.31403333705,0,58,0.9912493473658384,60,6.33767569197029,7.895451991964951,12289.590888137705,5052.17922266483,2.4325326451216864,2.00555345234914,303.3413236593822,0.0,0.001718213058419244,0.001718213058419244,1.539657587740275,5.342465753424658,0.47191011235955055,1411.4987424636379,438,45.22599411010742,0.25,0.25
ring,100,3000000.0,3,12,exclude,launch,0,0.0,prior,0.0,sa,12600.0,43200.0,873724.4569952108,0,738922.5318793488,134801.9251158622,0,0,0.0,0,6.449509381222266,7.3177918480506055,12070.710954581007,5417.674933987208,2.228024217336608,2.0178876932231877,310.8286068045667,0.0,0.09615384615384616,0.0,5.2563150382712,34.648648648648646,0.8584474885844748,2561.028537380115,37,21.451454162597656,0.25,0.25
ring,200,1500000.0,1,1,exclude,launch,0,0.0,prior,0.0,sa,12600.0,43200.0,7672915.247915869,0,6372731.185622401,1300184.0622934685,0,0,0.0,0,3.12784426141991,3.1490253198305287,12455.027165741412,6129.247099121894,2.03206478125605,2.0724149117990516,345.02212291469004,0.0,0.07692307692307693,0.0,7.311137655211807,64.7,0.33712984054669703,10894.973713365958,10,11.02879524230957,0.25,0.25
ring,100,3000000.0,7,11,exclude,launch,0,0.0,prior,0.0,sa,12600.0,43200.0,2127917.3780732625,0,1953369.5479733935,174547.83009986888,0,9,0.6968918943647459,13,6.417285888129837,5.203405817443298,12132.996107899347,7625.9148736257885,1.5910217080787632,2.0160919511673607,309.73285596812826,0.0,0.0036496350364963502,0.0,2.314797104298257,8.622549019607844,0.8325358851674641,1875.516273818198,204,28.85417914390564,0.25,0.25
ring,100,3000000.0,5,11,exclude,launch,0,0.0,prior,0.0,sa,12600.0,43200.0,597185.3338793083,0,517713.5640425991,79471.76983670922,0,0,0.0,0,6.417285888129837,6.115525388086992,12132.996107899347,6497.08365524066,1.8674526528702864,2.0134356539975036,308.1155474380042,0.0,0.03571428571428571,0.0,3.248307001433141,19.704761904761906,0.9380952380952381,1624.813223569989,105,31.258764266967773,0.25,0.25
ring,100,3000000.0,9,10,exclude,launch,0,0.0,prior,0.0,sa,12600.0,43200.0,7000453.430623521,0,6585400.951541068,415052.47908245365,0,43,0.9796560701047162,46,6.365150291621376,7.022284051259378,12235.105169258855,5674.249381754481,2.1562508705734316,2.0077201388651056,304.6499634822923,0.0,0.0,0.0,1.7879967667940073,7.127218934911243,0.543778801843318,1366.2139907593448,338,39.987178802490234,0.25,0.25
ring,100,3000000.0,6,11,exclude,launch,0,0.0,prior,0.0,sa,12600.0,43200.0,609133.771836917,0,521844.57480939117,87289.19702752592,0,0,0.0,0,6.417285888129837,5.510001070113575,12132.996107899347,7206.908222271468,1.6835230495103042,2.0146022390969374,308.8253110741557,0.0,0.01507537688442211,0.0,2.7137087987193897,14.122448979591837,0.919047619047619,1615.0963976787582,147,31.75495171546936,0.25,0.25
ring,100,3000000.0,8,11,exclude,launch,0,0.0,prior,0.0,sa,12600.0,43200.0,3960029.82044525,0,3695302.600748446,264727.2196968038,0,21,0.8778393641823536,27,6.417285888129837,5.455111552789127,12132.996107899347,7278.451591022887,1.6669748992854425,2.0148714964923364,308.98924631777834,0.0,0.005633802816901409,0.0,2.0308761567968476,6.60377358490566,0.7559808612440191,1901.5639804350649,265,31.887194871902466,0.25,0.25
ring,100,3000000.0,4,12,exclude,launch,0,0.0,prior,0.0,sa,12600.0,43200.0,632819.2899341412,0,547487.7156855353,85331.57424860589,0,0,0.0,0,6.449509381222266,6.1089537080865535,12070.710954581007,6496.111235011887,1.8581441292944423,2.015903319302449,309.6178662509203,0.0,0.0989010989010989,0.0,4.03050225750081,26.746268656716417,0.926605504587156,1868.4274893636727,67,29.02434492111206,0.25,0.25
ring,200,1500000.0,2,1,exclude,launch,0,0.0,prior,0.0,sa,12600.0,43200.0,5567220.7580682235,0,4491589.048689323,1075631.7093789007,0,0,0.0,0,3.12784426141991,2.7919161759299778,12455.027165741412,6965.902960205732,1.787998948146927,2.0567437972394105,335.0122359011905,0.0,0.06382978723404255,0.0,3.870813999308439,31.0,0.5023364485981309,6191.899898280204,35,18.222135066986084,0.25,0.25
ring,100,3000000.0,7,12,exclude,launch,0,0.0,prior,0.0,sa,12600.0,43200.0,2097977.349741708,0,1917958.5073274202,180018.8424142874,0,10,0.7002694699955226,13,6.449509381222266,4.967173763713381,12070.710954581007,7978.31046768836,1.512940741459812,2.018690325284396,311.31899364840876,0.0,0.003663003663003663,0.003663003663003663,2.315341220546727,7.975369458128079,0.7783018867924528,2028.2432214020048,203,26.997878551483154,0.25,0.25
ring,200,1500000.0,1,2,exclude,launch,0,0.0,prior,0.0,sa,12600.0,43200.0,8238710.090528989,0,6886553.152777264,1352156.937751726,0,2,0.007496457398152223,0,3.1292911065101947,3.2651808873729227,12449.114396372534,5924.413787098081,2.1013242565000523,2.0677944325755275,342.05548507178776,0.0,0.07692307692307693,0.0,7.395978045745185,61.8,0.2863849765258216,11538.587418707624,10,11.270846366882324,0.25,0.25
ring,100,3000000.0,5,12,exclude,launch,0,0.0,prior,0.0,sa,12600.0,43200.0,560123.8016286853,0,476834.8630220579,83288.9386066274,0,0,0.0,0,6.449509381222266,5.388779037808586,12070.710954581007,7363.86984406808,1.639180378005254,2.0160138302334945,309.6852309677208,0.0,0.03571428571428571,0.0,3.240642138070972,19.066666666666666,0.9248826291079812,1655.6085169736753,105,30.334500789642334,0.25,0.25
ring,100,3000000.0,10,10,exclude,launch,0,0.0,prior,0.0,sa,12600.0,43200.0,8397660.10370027,0,7856148.120548207,541511.9831520634,0,54,0.9901551586696208,55,6.365150291621376,8.90567749779143,12235.105169258855,4480.110370113555,2.7309829799904546,2.005092025903169,303.06299416024075,0.0,0.0,0.01174496644295302,1.494431376883625,5.94407158836689,0.40930232558139534,1246.5521658162802,447,48.562023639678955,0.25,0.25
ring,200,1500000.0,3,1,exclude,launch,0,0.0,prior,0.0,sa,12600.0,43200.0,6203277.796314626,0,5064758.729095854,1138519.0672187724,0,0,0.0,0,3.12784426141991,2.4367667909484743,12455.027165741412,7969.689270530588,1.5627995951857492,2.0597031583546683,336.8912351480578,0.0,0.029411764705882353,0.0,2.643190426515283,13.173333333333334,0.4844124700239808,6554.452494511861,75,18.54395842552185,0.25,0.25
ring,100,3000000.0,9,11,exclude,launch,0,0.0,prior,0.0,sa,12600.0,43200.0,7588019.535623418,0,7183374.266731997,404645.2688914216,0,44,0.9745231324050138,49,6.417285888129837,6.642078038761665,12132.996107899347,5998.7952273893825,2.0225721412363513,2.0078070546096396,304.7025177962871,0.0,0.0,0.0,1.7888194964274402,6.465875370919881,0.6201923076923077,1523.138408887483,337,37.88625144958496,0.25,0.25
ring,100,3000000.0,6,12,exclude,launch,0,0.0,prior,0.0,sa,12600.0,43200.0,568724.4285692932,0,498469.0740727864,70255.35449650678,0,0,0.0,0,6.449509381222266,5.311397495389903,12070.710954581007,7469.2208529456775,1.616060254774849,2.0165355445379225,310.00335399270335,0.0,0.02512562814070352,0.0,2.705910151399567,13.537414965986395,0.8732394366197183,1669.5902121652582,147,31.046591758728027,0.25,0.25
ring,200,1500000.0,1,3,exclude,launch,0,0.0,prior,0.0,sa,12600.0,43200.0,7842726.901427434,0,6456161.876157745,1386565.0252696895,0,2,0.008302390079910077,0,3.2051420703623985,3.1853255948374932,12146.612679005922,6067.022034037487,2.002071627704735,2.0698105099454525,343.3483581569247,0.0,0.07692307692307693,0.0,7.3182651938024215,65.7,0.30112359550561796,10739.60429700912,10,11.484837770462036,0.25,0.25
ring,200,1500000.0,4,1,exclude,launch,0,0.0,prior,0.0,sa,12600.0,43200.0,13789891.262714345,0,12483526.91880574,1306364.3439086038,0,62,0.732800693721617,60,3.12784426141991,2.5603628017145565,12455.027165741412,7601.680213186288,1.6384571326923547,2.0551753704056743,334.0185186932257,0.0,0.016666666666666666,0.005555555555555556,2.0132785315249153,7.149253731343284,0.39429928741092635,6956.792465235948,134,20.196954011917114,0.25,0.25
ring,100,3000000.0,8,12,exclude,launch,0,0.0,prior,0.0,sa,12600.0,43200.0,5049348.600717449,0,4712292.956110176,337055.64460727235,0,31,0.9350519022758529,33,6.449509381222266,5.551293627066555,12070.710954581007,7155.94588169567,1.6868085860538586,2.013857516254277,308.37211897958736,0.0,0.0,0.0,2.018431306394799,6.462686567164179,0.6074766355140186,1919.9716429038863,268,30.829562425613403,0.25,0.25
ring,200,1500000.0,2,2,exclude,launch,0,0.0,prior,0.0,sa,12600.0,43200.0,5116664.135490831,0,4111828.744928399,1004835.3905624318,0,2,0.012980032218124958,0,3.1292911065101947,2.9620258858208515,12449.114396372534,6566.177072144365,1.895945579839036,2.0566412937217917,334.94724707941845,0.0,0.08333333333333333,0.0,3.8497932681436695,33.0,0.5048543689320388,5667.291352370176,36,19.65834617614746,0.25,0.25
ring,200,1500000.0,1,4,exclude,launch,0,0.0,prior,0.0,sa,12600.0,43200.0,7971126.501203864,0,6500512.346675728,1470614.1545281352,0,1,0.004412195738085241,0,3.1642738823128265,3.4220761109239093,12307.797456130207,5654.86218818023,2.17649821455524,2.0670372418412803,341.5705426428741,0.0,0.07692307692307693,0.0,7.398318937196262,63.4,0.2793791574279379,11250.952681286517,10,11.318495750427246,0.25,0.25
ring,200,1500000.0,3,2,exclude,launch,0,0.0,prior,0.0,sa,12600.0,43200.0,5911739.91814001,0,4885405.636420961,1026334.2817190493,0,4,0.028205700477361654,0,3.1292911065101947,2.5231817671461605,12449.114396372534,7701.205447151166,1.616515035445226,2.0585088774738707,336.1323131072982,0.0,0.02912621359223301,0.0,2.645948446461108,14.855263157894736,0.47174447174447176,5828.645886044062,76,19.664048671722412,0.25,0.25
ring,200,1500000.0,2,3,exclude,launch,0,0.0,prior,0.0,sa,12600.0,43200.0,5095583.717565383,0,4104101.1494890023,991482.5680763805,0,0,0.0,0,3.2051420703623985,2.8526306670297803,12146.612679005922,6818.075877307083,1.7815308743386173,2.0566131788903377,334.92942294142324,0.0,0.0425531914893617,0.0,3.8632780536775986,31.4,0.5452436194895591,6071.03299547742,35,17.886300563812256,0.25,0.25
ring,200,1500000.0,4,2,exclude,launch,0,0.0,prior,0.0,sa,12600.0,43200.0,12711066.305698186,0,11583479.602427926,1127586.7032702607,0,57,0.7582576506910516,56,3.1292911065101947,2.6878448325669955,12449.114396372534,7247.920070133281,1.7176119874268436,2.0532526992701645,332.80237455596625,0.0,0.0,0.005555555555555556,2.0102756776007538,7.940298507462686,0.43034825870646765,6217.341875581811,134,21.706807374954224,0.25,0.25
ring,100,3000000.0,10,11,exclude,launch,0,0.0,prior,0.0,sa,12600.0,43200.0,9641396.111695698,0,9113713.79951389,527682.3121818092,0,57,0.9917596865831461,60,6.417285888129837,8.415933982432145,12132.996107899347,4742.189277254221,2.55852210836352,2.0045125642185697,302.71364750188985,0.0,0.0,0.0034662045060658577,1.5574198475686256,5.844547563805104,0.46153846153846156,1309.700070378281,431,46.24852275848389,0.25,0.25
ring,200,1500000.0,1,5,exclude,launch,0,0.0,prior,0.0,sa,12600.0,43200.0,7508071.552412622,0,6329474.283612012,1178597.2688006102,0,1,0.004744805990447318,0,3.175099312488541,3.197323764795336,12264.697803100406,6041.879169881704,2.029947547484724,2.070624460087261,343.87102036114175,0.0,0.0,0.0,7.3061543840118635,63.6,0.3233082706766917,11075.854342222967,10,10.831598043441772,0.25,0.25
ring,200,1500000.0,3,3,exclude,launch,0,0.0,prior,0.0,sa,12600.0,43200.0,6002560.702431271,0,4862543.257848885,1140017.4445823855,0,3,0.01952346291143692,0,3.2051420703623985,2.529808417744068,12146.612679005922,7686.953451760115,1.5801595203135592,2.0569233429698146,335.12608587434636,0.0,0.0392156862745098,0.0,2.6433656253474664,14.546666666666667,0.49764150943396224,5914.233533804952,75,19.345935344696045,0.25,0.25
ring,200,1500000.0,2,4,exclude,launch,0,0.0,prior,0.0,sa,12600.0,43200.0,5055163.20206079,0,4079913.5975932362,975249.6044675536,0,1,0.00726463899390426,0,3.1642738823128265,2.868014885874774,12307.797456130207,6784.659058969186,1.8140627773859235,2.0556565752641647,334.32324146953954,0.0,0.02127659574468085,0.0,3.8687107038856037,30.742857142857144,0.5163551401869159,6213.587370399341,35,18.400293827056885,0.25,0.25
ring,100,3000000.0,9,12,exclude,launch,0,0.0,prior,0.0,sa,12600.0,43200.0,8244229.93768076,0,7801970.770976261,442259.16670449916,0,54,0.9883126280688693,57,6.449509381222266,7.7788003214413415,12070.710954581007,5127.367965258428,2.3541729472838067,2.0057780661212647,303.47685548718937,0.0,0.004338394793926247,0.0,1.7582154472189624,6.6938775510204085,0.4528301886792453,1443.5936266215153,343,40.21858334541321,0.25,0.25
ring,200,1500000.0,4,3,exclude,launch,0,0.0,prior,0.0,sa,12600.0,43200.0,12981403.674379336,0,11802278.441543417,1179125.2328359187,0,60,0.7301373985057239,60,3.2051420703623985,2.630645462729439,12146.612679005922,7416.225586705394,1.6378429346567343,2.050287379042991,330.9310735730988,0.0,0.0,0.00558659217877095,2.016871022395799,7.208955223880597,0.405152224824356,6872.485373066685,134,20.890087127685547,0.25,0.25
ring,200,1500000.0,1,6,exclude,launch,0,0.0,prior,0.0,sa,12600.0,43200.0,8555275.8514215,0,7053599.129032127,1501676.7223893728,0,1,0.0037015368894034663,0,3.1312262392423023,3.3254321319766054,12441.214701138697,5820.414355598716,2.1375135756737604,2.0666074910650707,341.29546199883737,0.0,0.07692307692307693,0.0,7.378945641830536,60.6,0.26666666666666666,11739.975575020124,10,10.757904052734375,0.25,0.25
ring,200,1500000.0,3,4,exclude,launch,0,0.0,prior,0.0,sa,12600.0,43200.0,5726093.40065383,0,4545710.366521372,1180383.034132457,0,1,0.005406636245892643,0,3.1642738823128265,2.468274128252856,12307.797456130207,7871.540426219277,1.5635818136859492,2.0587654436951768,336.29527942891343,0.0,0.02912621359223301,0.0,2.6435169403036203,13.697368421052632,0.49764150943396224,6338.731008786903,76,19.42113471031189,0.25,0.25
ring,200,1500000.0,2,5,exclude,launch,0,0.0,prior,0.0,sa,12600.0,43200.0,4890321.567842688,0,4027376.1097524273,862945.4580902617,0,0,0.0,0,3.175099312488541,2.841903163794691,12264.697803100406,6845.109676460841,1.791745988420989,2.056223436050287,334.6823840585625,0.0,0.0425531914893617,0.0,3.871991995062602,30.571428571428573,0.5191815856777494,6252.4279498670685,35,17.883127212524414,0.25,0.25
ring,200,1500000.0,5,1,exclude,launch,0,0.0,prior,0.0,sa,12600.0,43200.0,19948292.402141444,0,18639677.42169311,1308614.9804483382,0,120,0.9813371149685152,122,3.12784426141991,3.7630778892356456,12455.027165741412,5259.701885133565,2.368010095961005,2.020950397739853,312.7019143935492,0.0,0.0035714285714285713,0.0,1.611334303356715,10.504761904761905,0.3708133971291866,3004.2454904285,210,36.19406270980835,0.25,0.25
ring,200,1500000.0,4,4,exclude,launch,0,0.0,prior,0.0,sa,12600.0,43200.0,13401637.42448273,0,12127070.984522322,1274566.4399604062,0,59,0.7509314996700551,62,3.1642738823128265,2.5993061102014208,12307.797456130207,7489.208747709694,1.6434042461286855,2.0547861404162653,333.7721406042723,0.0,0.016666666666666666,0.005555555555555556,2.009636764203836,7.029629629629629,0.42822966507177035,7020.876603834044,135,20.871145486831665,0.25,0.25
ring,200,1500000.0,3,5,exclude,launch,0,0.0,prior,0.0,sa,12600.0,43200.0,5256328.805131858,0,4351497.588953008,904831.216178851,0,2,0.013412582246728623,0,3.175099312488541,2.5590009950502,12264.697803100406,7595.004125747708,1.6148375432110749,2.0580765413546116,335.8577902094812,0.0,0.0196078431372549,0.0,2.637692991711304,14.186666666666667,0.5326370757180157,6076.4423415952715,75,19.6849262714386,0.25,0.25
ring,200,1500000.0,1,7,exclude,launch,0,0.0,prior,0.0,sa,12600.0,43200.0,7386136.489575785,0,6198694.204654617,1187442.2849211677,0,3,0.013207247780158875,0,3.1493496430224157,3.1497772303384637,12367.701652928843,6138.549675549721,2.014759561560653,2.068780326231339,342.6874157217502,0.0,0.07692307692307693,0.0,7.367714193287475,63.3,0.29534883720930233,11222.111176755934,10,11.465665340423584,0.25,0.25
ring,200,1500000.0,4,5,exclude,launch,0,0.0,prior,0.0,sa,12600.0,43200.0,11720760.077465761,0,10679517.255361922,1041242.8221038397,0,58,0.7078091633909172,56,3.175099312488541,2.636492137914518,12264.697803100406,7388.74850816738,1.6599154497603004,2.0533483145456057,332.8628015268206,0.0,0.0111731843575419,0.0,2.013440683469571,6.7443609022556394,0.3880208333333333,7364.829233062954,133,20.393412351608276,0.25,0.25
ring,100,3000000.0,10,12,exclude,launch,0,0.0,prior,0.0,sa,12600.0,43200.0,8670432.374486111,0,8239826.068243267,430606.3062428438,0,58,0.9913048715962602,58,6.449509381222266,9.202691630125898,12070.710954581007,4335.856262049111,2.783927839175284,2.0049347392479877,302.9681490442264,0.0,0.0016339869281045752,0.032679738562091505,1.4545210853366017,5.511061946902655,0.43601895734597157,1330.0697186726386,452,47.52631449699402,0.25,0.25
ring,200,1500000.0,2,6,exclude,launch,0,0.0,prior,0.0,sa,12600.0,43200.0,5537833.675047322,0,4417744.39143255,1120089.2836147726,0,2,0.010639523765502423,0,3.1312262392423023,3.0590918988533597,12441.214701138697,6361.411743569666,1.955731715324779,2.0554833401140273,334.2135243774792,0.0,0.0851063829787234,0.0,3.8661121335063635,31.914285714285715,0.5093023255813953,5958.39842862539,35,17.677664756774902,0.25,0.25
ring,200,1500000.0,3,6,exclude,launch,0,0.0,prior,0.0,sa,12600.0,43200.0,6105404.58979031,0,4913353.634692257,1192050.9550980516,0,2,0.009579197745549961,0,3.1312262392423023,2.567985345832964,12441.214701138697,7576.426702487784,1.6420953029286904,2.0559049120697463,334.48055499990556,0.0,0.029411764705882353,0.0,2.650953592443317,13.68,0.5094339622641509,6308.533197222649,75,18.979331970214844,0.25,0.25
ring,200,1500000.0,5,2,exclude,launch,0,0.0,prior,0.0,sa,12600.0,43200.0,17502159.125810888,0,16464308.3739875,1037850.7518233854,0,104,0.9726207954864083,107,3.1292911065101947,3.7384128498326845,12449.114396372534,5282.8353393581365,2.3565213747292564,2.025375984705546,315.4187730032603,0.0,0.0035971223021582736,0.0,1.616822668199169,11.225961538461538,0.42,2816.43727516523,208,38.21422505378723,0.25,0.25
ring,200,1500000.0,1,8,exclude,launch,0,0.0,prior,0.0,sa,12600.0,43200.0,7428861.6834666375,0,6203003.168081998,1225858.51538464,0,0,0.0,0,3.1894980123465126,3.281285846898478,12207.82513272008,5891.097438571158,2.072249739546151,2.069282190781533,343.0093210567666,0.0,0.07692307692307693,0.0,7.328035787231904,62.7,0.2989949748743719,11268.485423175782,10,11.372551918029785,0.25,0.25
ring,200,1500000.0,2,7,exclude,launch,0,0.0,prior,0.0,sa,12600.0,43200.0,5211183.777974658,0,4365001.875645946,846181.9023287117,0,1,0.005756069376157759,0,3.1493496430224157,2.7957935841769634,12367.701652928843,6960.735400695054,1.7767808918140868,2.0554161388101617,334.17096781828513,0.0,0.02127659574468085,0.0,3.872725359366611,29.0,0.5279805352798054,6589.542091460514,35,17.747971773147583,0.25,0.25
ring,200,1500000.0,4,6,exclude,launch,0,0.0,prior,0.0,sa,12600.0,43200.0,13484095.842930777,0,12122686.154667351,1361409.6882634251,0,54,0.6903013352924625,54,3.1312262392423023,2.5778810556697165,12441.214701138697,7548.854067201519,1.648093152998367,2.055493399723023,334.21989505765964,0.0,0.005555555555555556,0.0,2.011512278289712,6.2592592592592595,0.3732394366197183,7867.616955566987,135,19.766571283340454,0.25,0.25
ring,200,1500000.0,3,7,exclude,launch,0,0.0,prior,0.0,sa,12600.0,43200.0,6227420.49170774,0,5191437.412282535,1035983.0794252056,0,6,0.039191700486912326,0,3.1493496430224157,2.406774209707016,12367.701652928843,8066.631685836901,1.5331928039609897,2.0603092592499435,337.27671757534904,0.0,0.019417475728155338,0.0,2.638351800032909,12.263157894736842,0.4398034398034398,7049.5391181473415,76,17.47896957397461,0.25,0.25
ring,200,1500000.0,1,9,exclude,launch,0,0.0,prior,0.0,sa,12600.0,43200.0,7664744.858316134,0,6230724.278093405,1434020.5802227282,0,2,0.009186613741466286,0,3.197862987154375,3.5876337404194834,12175.019951556487,5394.716929889648,2.256841296732419,2.066727556565646,341.37230398095403,0.0,0.0,0.0,7.315074131095432,64.8,0.2976190476190476,10884.017521055437,10,10.858935832977295,0.25,0.25
ring,200,1500000.0,5,3,exclude,launch,0,0.0,prior,0.0,sa,12600.0,43200.0,18573742.72944652,0,17378126.92397637,1195615.8054701504,0,114,0.9754236877516915,118,3.2051420703623985,3.791030601578755,12146.612679005922,5220.181470602236,2.3268564028684247,2.0212363520897654,312.87710604888343,0.0,0.010752688172043012,0.010752688172043012,1.6138289088922722,10.421052631578947,0.3915094339622642,3028.335854788145,209,36.246299505233765,0.25,0.25
ring,200,1500000.0,1,10,exclude,launch,0,0.0,prior,0.0,sa,12600.0,43200.0,7981900.71272327,0,6674578.967165064,1307321.7455582062,0,1,0.005080259855132313,0,3.15488321693758,3.500788409730298,12345.424404909569,5532.992626093545,2.2312381814298203,2.0650664805417467,340.30998239207486,0.0,0.07692307692307693,0.0,7.375145076510368,61.2,0.2810304449648712,11618.890319947099,10,10.290654182434082,0.25,0.25
ring,200,1500000.0,4,7,exclude,launch,0,0.0,prior,0.0,sa,12600.0,43200.0,14112022.187371567,0,13011834.485690802,1100187.7016807639,0,72,0.8084117204731485,71,3.1493496430224157,2.59830870875688,12367.701652928843,7500.7546775650635,1.6488609726059877,2.052410750791091,332.27051651420044,0.0,0.00558659217877095,0.0,2.0136614541928854,6.865671641791045,0.3793103448275862,7220.227624871471,134,20.593299388885498,0.25,0.25
ring,200,1500000.0,2,8,exclude,launch,0,0.0,prior,0.0,sa,12600.0,43200.0,4732797.10081877,0,3904658.3897274863,828138.7110912832,0,1,0.006624383305596625,0,3.1894980123465126,2.9485661664738987,12207.82513272008,6599.92588425111,1.849691246056363,2.05546485231398,334.2018163410514,0.0,0.0425531914893617,0.0,3.874251362989965,32.17142857142857,0.5586734693877551,5949.419080148045,35,19.432947874069214,0.25,0.25
ring,200,1500000.0,3,8,exclude,launch,0,0.0,prior,0.0,sa,12600.0,43200.0,5051120.57968364,0,4169900.9782775696,881219.6014060706,0,2,0.012780028942196316,0,3.1894980123465126,2.6033316374250686,12207.82513272008,7474.079703833289,1.6333549569265307,2.0557616979616293,334.38982886484683,0.0,0.02912621359223301,0.0,2.6449371798748205,14.973684210526315,0.5102040816326531,5780.316487998161,76,20.592095851898193,0.25,0.25
ring,200,1500000.0,5,4,exclude,launch,0,0.0,prior,0.0,sa,12600.0,43200.0,19055401.86660225,0,17845469.43281516,1209932.43378709,0,110,0.9794360155440045,114,3.1642738823128265,3.947631722072322,12307.797456130207,5014.904596362746,2.4542435892114307,2.0205085183060625,312.4312907805703,0.0,0.0035842293906810036,0.0,1.6184128025196234,11.511961722488039,0.45542168674698796,2746.91814667668,209,38.522560596466064,0.25,0.25
ring,200,1500000.0,1,11,exclude,launch,0,0.0,prior,0.0,sa,12600.0,43200.0,7332182.944220095,0,6072420.222381162,1259762.7218389332,0,0,0.0,0,3.177949039431765,3.068539634957519,12253.400910571416,6292.960076015716,1.9471601221931563,2.0714443846155572,344.397920797263,0.0,0.0,0.0,7.308447537172175,65.4,0.35498839907192575,10774.394969204324,10,11.029218912124634,0.25,0.25
ring,200,1500000.0,2,9,exclude,launch,0,0.0,prior,0.0,sa,12600.0,43200.0,4642543.257798038,0,3733602.565855323,908940.6919427151,0,0,0.0,0,3.197862987154375,3.0858476556579966,12175.019951556487,6305.462144016847,1.9308687727368519,2.0557418963572855,334.37728551722336,0.0,0.0851063829787234,0.0,3.8538370353353284,33.714285714285715,0.5686274509803921,5648.547638925219,35,19.714856147766113,0.25,0.25
ring,200,1500000.0,5,5,exclude,launch,0,0.0,prior,0.0,sa,12600.0,43200.0,16947046.529571664,0,16025133.166078689,921913.3634929737,0,104,0.9685087232761576,109,3.175099312488541,3.73410747087472,12264.697803100406,5290.7370826800425,2.3181453947599446,2.0246828205080276,314.9924647932861,0.0,0.0,0.0,1.6174079350184463,10.264423076923077,0.4725848563968668,3086.819929370625,208,36.60351014137268,0.25,0.25
ring,200,1500000.0,4,8,exclude,launch,0,0.0,prior,0.0,sa,12600.0,43200.0,11351859.018340819,0,10421366.543174786,930492.4751660308,0,62,0.7965075562673682,63,3.1894980123465126,2.8459336629028567,12207.82513272008,6868.902751404065,1.7772598586032813,2.0461989188258913,328.35965332573926,0.0,0.00558659217877095,0.0,2.013386983723473,9.323308270676693,0.46547314578005117,5336.694714241724,133,24.065651655197144,0.25,0.25
ring,200,1500000.0,3,9,exclude,launch,0,0.0,prior,0.0,sa,12600.0,43200.0,4921876.770719089,0,4010843.9703399357,911032.8003791524,0,3,0.02157184856068004,0,3.197862987154375,2.6999925998129317,12175.019951556487,7211.669136784893,1.6882388418867973,2.0542893938314855,333.4578377836684,0.0,0.019417475728155338,0.0,2.6409509056777405,16.026315789473685,0.5503685503685504,5399.841150680759,76,21.74012017250061,0.25,0.25
ring,200,1500000.0,2,10,exclude,launch,0,0.0,prior,0.0,sa,12600.0,43200.0,5022168.894620929,0,4028876.731962841,993292.1626580883,0,0,0.0,0,3.15488321693758,2.788316211510968,12345.424404909569,6975.17754993265,1.76990826635356,2.056660943103057,334.95970460383234,0.0,0.0425531914893617,0.0,3.8769100839942188,29.97142857142857,0.47101449275362317,6408.569690464772,35,17.74234127998352,0.25,0.25
ring,200,1500000.0,3,10,exclude,launch,0,0.0,prior,0.0,sa,12600.0,43200.0,5863363.330689936,0,4827858.308784953,1035505.0219049825,0,3,0.021361730307401718,0,3.15488321693758,2.451215435189171,12345.424404909569,7928.4528578468,1.5571038418537466,2.0582117841296514,335.94365402125794,0.0,0.029411764705882353,0.0,2.6443257890403493,12.84,0.4739454094292804,6709.514924161751,75,17.638646364212036,0.25,0.25
ring,200,1500000.0,4,9,exclude,launch,0,0.0,prior,0.0,sa,12600.0,43200.0,10565634.425456801,0,9536913.593277225,1028720.832179574,0,52,0.7035696294231663,50,3.197862987154375,2.767639383340229,12175.019951556487,7045.622738046291,1.7280260956652567,2.05130908964246,331.5752405894574,0.0,0.0223463687150838,0.0,2.0123011058415345,8.518796992481203,0.456575682382134,5831.411761369263,133,23.027501583099365,0.25,0.25
ring,200,1500000.0,2,11,exclude,launch,0,0.0,prior,0.0,sa,12600.0,43200.0,4936963.602601753,0,4004491.101159558,932472.5014421945,0,0,0.0,0,3.177949039431765,2.967163654515823,12253.400910571416,6559.715995967876,1.8679773511693696,2.0551023403378235,333.97228457590563,0.0,0.08333333333333333,0.0,3.847224481046419,31.38888888888889,0.5200945626477541,5942.18274566612,36,18.323808193206787,0.25,0.25
ring,200,1500000.0,5,6,exclude,launch,0,0.0,prior,0.0,sa,12600.0,43200.0,19740273.310737133,0,18535349.631429784,1204923.6793073497,0,112,0.9802050602089649,114,3.1312262392423023,3.987235969539729,12441.214701138697,4965.777523418703,2.5053910777246235,2.0202298995677843,312.2607143916273,0.0,0.0035714285714285713,0.0,1.6112136045295222,11.266666666666667,0.4188235294117647,2787.853010014027,210,37.74915933609009,0.25,0.25
ring,200,1500000.0,1,12,exclude,launch,0,0.0,prior,0.0,sa,12600.0,43200.0,7426395.8669882165,0,5956766.206771888,1469629.660216328,0,0,0.0,0,3.156941891849137,3.527818923030846,12337.156454038246,5479.1982127148685,2.251635362526035,2.0693630699463625,343.06121260953256,0.0,0.07692307692307693,0.0,7.332937377283824,68.0,0.31542056074766356,10397.15623262199,10,11.843809604644775,0.25,0.25
ring,200,1500000.0,4,10,exclude,launch,0,0.0,prior,0.0,sa,12600.0,43200.0,13239933.417494727,0,12095222.71240301,1144710.7050917177,0,67,0.7933998249245345,65,3.15488321693758,2.6437584787766553,12345.424404909569,7380.765389847049,1.6726482624541736,2.0499195297681405,330.699305696566,0.0,0.011235955056179775,0.0,2.0145218160516545,7.052631578947368,0.40298507462686567,7022.0574346337935,133,20.564719676971436,0.25,0.25
ring,200,1500000.0,3,11,exclude,launch,0,0.0,prior,0.0,sa,12600.0,43200.0,5058592.56901212,0,4232314.430751711,826278.1382604097,0,3,0.020274114448586983,0,3.177949039431765,2.646633093869321,12253.400910571416,7355.496009347384,1.6658837004329499,2.0547277601741074,333.73519442456706,0.0,0.019417475728155338,0.0,2.6455260402676832,15.381578947368421,0.5298329355608592,5638.762144273899,76,20.318578720092773,0.25,0.25
ring,200,1500000.0,4,11,exclude,launch,0,0.0,prior,0.0,sa,12600.0,43200.0,11789860.075697664,0,10826526.644171102,963333.4315265636,0,65,0.7771325260158538,65,3.177949039431765,2.761685181390978,12253.400910571416,7074.568413327474,1.7320351143241137,2.047320669329389,329.0641753213677,0.0,0.011111111111111112,0.0,2.0136038960513902,9.0,0.4688995215311005,5506.0734717678815,134,22.95101022720337,0.25,0.25
ring,200,1500000.0,2,12,exclude,launch,0,0.0,prior,0.0,sa,12600.0,43200.0,5073516.872124722,0,3977250.0245754626,1096266.84754926,0,1,0.006275158311082454,0,3.156941891849137,2.7920324698097105,12337.156454038246,6964.5788790002225,1.7714145633754768,2.057049134240756,335.2058616597396,0.0,0.0425531914893617,0.0,3.8722336786307707,31.514285714285716,0.551219512195122,6074.30981480247,35,19.446110725402832,0.25,0.25
ring,200,1500000.0,5,7,exclude,launch,0,0.0,prior,0.0,sa,12600.0,43200.0,19910638.876990285,0,18768414.433063846,1142224.4439264413,0,122,0.9888508843479137,122,3.1493496430224157,4.343580390725532,12367.701652928843,4567.304293407134,2.707877745474835,2.0162862124066954,309.85129965838394,0.0,0.007168458781362007,0.010752688172043012,1.6071840327489166,12.770334928229666,0.3950617283950617,2463.3036732139185,209,41.001561641693115,0.25,0.25
ring,200,1500000.0,3,12,exclude,launch,0,0.0,prior,0.0,sa,12600.0,43200.0,5412767.703527473,0,4381626.409154112,1031141.2943733607,0,5,0.036007131018829255,0,3.156941891849137,2.4869425311201256,12337.156454038246,7811.67993155534,1.5793218055699145,2.0589689678795784,336.42458247958194,0.0,0.029411764705882353,0.0,2.646076822565766,14.693333333333333,0.5511221945137157,5861.363571954951,75,20.005961418151855,0.25,0.25
ring,200,1500000.0,4,12,exclude,launch,0,0.0,prior,0.0,sa,12600.0,43200.0,13245863.337108878,0,12027778.879938452,1218084.4571704254,0,64,0.7763996705460917,64,3.156941891849137,2.6831939837316883,12337.156454038246,7271.002827367448,1.6967613336089238,2.0502820349370543,330.92770587345575,0.0,0.00558659217877095,0.0,2.0120698108804786,8.052238805970148,0.4469135802469136,6155.992430675813,134,21.65492820739746,0.25,0.25
ring,200,1500000.0,5,8,exclude,launch,0,0.0,prior,0.0,sa,12600.0,43200.0,15739306.902207233,0,14874200.764109122,865106.1380981114,0,105,0.9773259633541059,106,3.1894980123465126,4.1798918764761295,12207.82513272008,4735.6030792747915,2.577881830119424,2.0207828583835203,312.5992931908889,0.0,0.010752688172043012,0.0035842293906810036,1.6116416096294797,13.282296650717702,0.46923076923076923,2365.954334011151,209,41.68232250213623,0.25,0.25
ring,200,1500000.0,5,10,exclude,launch,0,0.0,prior,0.0,sa,12600.0,43200.0,18533034.865156263,0,17395690.36545157,1137344.49970469,0,114,0.9793372132462994,116,3.15488321693758,3.753293908532564,12345.424404909569,5271.111830080588,2.3420911570227156,2.0218325645454636,313.2425369896679,0.0,0.007168458781362007,0.0,1.6152029494528042,10.196172248803828,0.42431761786600497,3106.7376215454233,209,35.586161375045776,0.25,0.25
ring,200,1500000.0,5,9,exclude,launch,0,0.0,prior,0.0,sa,12600.0,43200.0,15800301.373100717,0,14785695.165115027,1014606.2079856886,0,101,0.97111754563202,103,3.197862987154375,4.018144683105498,12175.019951556487,4920.247804178577,2.4744729200868116,2.023240195961109,314.1061495891588,0.0,0.0035971223021582736,0.0,1.6130241437312152,12.08173076923077,0.44221105527638194,2609.4745358996647,208,39.572776556015015,0.25,0.25
ring,200,1500000.0,5,12,exclude,launch,0,0.0,prior,0.0,sa,12600.0,43200.0,18246636.898290526,0,17102047.780674107,1144589.1176164206,0,111,0.9786220742385258,115,3.156941891849137,3.833725692922345,12337.156454038246,5159.643972262961,2.3910867727230625,2.0221772520171424,313.4539003623949,0.0,0.0,0.0,1.6165779988054638,11.511961722488039,0.46898263027295284,2750.3402346268654,209,38.46245861053467,0.25,0.25
ring,200,1500000.0,5,11,exclude,launch,0,0.0,prior,0.0,sa,12600.0,43200.0,16081702.485055558,0,15140050.241977809,941652.2430777502,0,106,0.9776914182067474,107,3.177949039431765,4.207462025305436,12253.400910571416,4706.891138614482,2.603289634223051,2.019787278003797,311.989827713518,0.0,0.0035842293906810036,0.0,1.610807276014074,13.674641148325358,0.4354066985645933,2308.851959374532,209,42.515658140182495,0.25,0.25
ring,200,3000000.0,3,1,exclude,launch,0,0.0,prior,0.0,sa,12600.0,43200.0,2223411.613808562,0,1808213.164421747,415198.44938681525,0,0,0.0,0,6.25568852283982,6.251492142379406,12455.027165741412,6279.991314658714,1.9832873234504274,2.0377328853844388,323.0668624224937,0.0,0.07547169811320754,0.0,5.214366678506609,58.44736842105263,0.7903225806451613,2956.392789118112,38,39.176966190338135,0.25,0.25
ring,200,3000000.0,7,1,exclude,launch,0,0.0,prior,0.0,sa,12600.0,43200.0,5742392.607611004,0,5035743.468692863,706649.1389181404,0,19,0.5365275009949175,24,6.25568852283982,4.822591580995927,12455.027165741412,8136.896833527568,1.5306851519145803,2.0386876576069746,323.661615019519,0.0,0.014652014652014652,0.0,2.321842339784004,10.073891625615763,0.6610978520286396,3229.003327827165,203,36.33596658706665,0.25,0.25
ring,200,3000000.0,5,1,exclude,launch,0,0.0,prior,0.0,sa,12600.0,43200.0,1901735.8470681917,0,1549950.388001766,351785.45906642574,0,0,0.0,0,6.25568852283982,5.367425760438904,12455.027165741412,7333.060812709305,1.6984759139260055,2.0325379080503785,319.84035946831574,0.0,0.07092198581560284,0.0,3.219747794049361,26.91509433962264,0.8427230046948356,2371.422164624015,106,41.83185696601868,0.25,0.25
ring,200,3000000.0,3,2,exclude,launch,0,0.0,prior,0.0,sa,12600.0,43200.0,2255692.898224309,0,1850053.1808304403,405639.7173938691,0,0,0.0,0,6.258582213020389,6.278338173029504,12449.114396372534,6253.926201056273,1.9906078191760415,2.037476133927047,322.9070185404636,0.0,0.1509433962264151,0.0,5.209098409084809,54.68421052631579,0.7903614457831325,3156.1706035433376,38,36.72046136856079,0.25,0.25
ring,200,3000000.0,6,1,exclude,launch,0,0.0,prior,0.0,sa,12600.0,43200.0,2213719.787165725,0,1771979.5509719788,441740.2361937465,0,0,0.0,0,6.25568852283982,5.044001787754391,12455.027165741412,7794.334203938252,1.5979590866719888,2.0348656081630514,321.2840480876045,0.0,0.05472636815920398,0.0,2.698514782950862,17.70945945945946,0.7735849056603774,2544.7177221031825,148,40.9328396320343,0.25,0.25
ring,200,3000000.0,4,1,exclude,launch,0,0.0,prior,0.0,sa,12600.0,43200.0,1864860.1885395385,0,1526367.4440335983,338492.7445059403,0,0,0.0,0,6.25568852283982,5.89522273688408,12455.027165741412,6676.928384224803,1.8653827701923826,2.032418083459965,319.7661297165443,0.0,0.07608695652173914,0.0,3.97787736563503,40.1764705882353,0.8598130841121495,2448.033988580486,68,43.63533926010132,0.25,0.25
ring,200,3000000.0,8,1,exclude,launch,0,0.0,prior,0.0,sa,12600.0,43200.0,10874730.82699159,0,10068830.28104717,805900.5459444216,0,56,0.8597359972183737,60,6.25568852283982,5.205012947954533,12455.027165741412,7562.068972610425,1.6470396145358006,2.0324858867663886,319.8081319115329,0.0,0.008450704225352112,0.0,2.029093613010964,8.381132075471697,0.5745192307692307,2974.538812291678,265,40.829439878463745,0.25,0.25
ring,200,3000000.0,4,2,exclude,launch,0,0.0,prior,0.0,sa,12600.0,43200.0,1839811.2188081949,0,1502629.816825386,337181.40198280907,0,0,0.0,0,6.258582213020389,6.206414226798562,12449.114396372534,6345.18280773554,1.9619788386861867,2.0314451018746955,319.16369945439027,0.0,0.05434782608695652,0.0,3.968870280786469,41.13235294117647,0.8317073170731707,2392.6251408596254,68,43.86820077896118,0.25,0.25
ring,200,3000000.0,6,2,exclude,launch,0,0.0,prior,0.0,sa,12600.0,43200.0,2097732.5066306083,0,1700344.4169535937,397388.0896770142,0,0,0.0,0,6.258582213020389,5.140967748010213,12449.114396372534,7650.029256904252,1.6273289916031424,2.034145487493161,320.8370667907404,0.0,0.03980099502487562,0.0,2.6962617034324032,17.91216216216216,0.7777777777777778,2530.7802249279544,148,41.366960763931274,0.25,0.25
ring,200,3000000.0,5,2,exclude,launch,0,0.0,prior,0.0,sa,12600.0,43200.0,1728936.9064695283,0,1439168.2962958405,289768.6101736879,0,0,0.0,0,6.258582213020389,5.691799678744052,12449.114396372534,6921.435657597393,1.7986318174767137,2.0306926372169727,318.6981937239835,0.0,0.07092198581560284,0.0,3.2127206436575246,28.67924528301887,0.8230958230958231,2223.4924805059395,106,44.332664489746094,0.25,0.25
ring,200,3000000.0,7,2,exclude,launch,0,0.0,prior,0.0,sa,12600.0,43200.0,5779688.030965203,0,5134626.504855669,645061.5261095345,0,22,0.6557847424786143,24,6.258582213020389,5.0951700238342825,12449.114396372534,7716.300801379053,1.6133526565148464,2.034802005244598,321.24455701747235,0.0,0.014652014652014652,0.0,2.3158794210225757,12.147783251231527,0.6873449131513648,2672.1234221285963,203,40.10923147201538,0.25,0.25
ring,200,3000000.0,3,3,exclude,launch,0,0.0,prior,0.0,sa,12600.0,43200.0,2158006.9169357205,0,1744616.2298790526,413390.6870566678,0,0,0.0,0,6.410284140724797,6.100047746208779,12146.612679005922,6436.0292463818505,1.8872836362318268,2.037692953945582,323.04200000049246,0.0,0.07547169811320754,0.0,5.2073366525205556,58.89473684210526,0.8229885057471265,2924.1929507103773,38,39.113035917282104,0.25,0.25
ring,200,3000000.0,8,2,exclude,launch,0,0.0,prior,0.0,sa,12600.0,43200.0,10322368.718692064,0,9546345.537367718,776023.1813243454,0,54,0.8884250949195385,56,6.258582213020389,5.461065522737284,12449.114396372534,7218.1527453696945,1.724695339033716,2.029488205083878,317.95378932204744,0.0,0.011299435028248588,0.00847457627118644,2.033495322139354,10.022727272727273,0.6019900497512438,2501.1730484004597,264,44.854543924331665,0.25,0.25
ring,200,3000000.0,9,1,exclude,launch,0,0.0,prior,0.0,sa,12600.0,43200.0,16997191.634508573,0,15908092.470963608,1089099.1635449652,0,104,0.9795010812834204,109,6.25568852283982,6.546237608818065,12455.027165741412,6065.128247944657,2.053547205693821,2.014921976237133,309.0199853547262,0.0,0.004434589800443459,0.0,1.8018879880287402,9.697329376854599,0.43675417661097854,2032.8715305526875,337,55.26833701133728,0.25,0.25
ring,200,3000000.0,4,3,exclude,launch,0,0.0,prior,0.0,sa,12600.0,43200.0,1959600.5981299253,0,1575956.5455167952,383644.0526131303,0,0,0.0,0,6.410284140724797,6.076416870123702,12146.612679005922,6480.75568763451,1.8742586921124107,2.0314997653994373,319.19752980572815,0.0,0.09782608695652174,0.0,3.987537085746968,39.220588235294116,0.8406466512702079,2508.377349836497,68,41.396799087524414,0.25,0.25
ring,200,3000000.0,6,3,exclude,launch,0,0.0,prior,0.0,sa,12600.0,43200.0,2296872.6441731467,0,1839660.4896727111,457212.1545004351,0,0,0.0,0,6.410284140724797,5.243662763645768,12146.612679005922,7505.621297550024,1.6183354045548242,2.032677996358963,319.92715324918873,0.0,0.01485148514851485,0.0,2.7016776907716493,17.366666666666667,0.7995337995337995,2584.189281038936,150,40.93882918357849,0.25,0.25
ring,200,3000000.0,5,3,exclude,launch,0,0.0,prior,0.0,sa,12600.0,43200.0,1919549.9712758698,0,1552204.2100460222,367345.7612298477,0,0,0.0,0,6.410284140724797,5.7569349453813885,12146.612679005922,6845.687430705652,1.7743452066659509,2.029932512208421,318.22829391118483,0.0,0.05673758865248227,0.0,3.2189060785389434,26.933962264150942,0.8287037037037037,2372.818252804296,106,42.50465488433838,0.25,0.25
ring,200,3000000.0,10,1,exclude,launch,0,0.0,prior,0.0,sa,12600.0,43200.0,19595316.69637015,0,18351384.538636595,1243932.1577335584,0,119,0.9905959052573913,122,6.25568852283982,7.674659141931084,12455.027165741412,5185.1371817548825,2.4020631912242045,2.0103452126355057,306.23923460864563,0.0,0.0,0.0,1.6125809216722136,9.480861244019138,0.3927710843373494,1666.1645713331566,418,66.89014840126038,0.25,0.25
ring,200,3000000.0,7,3,exclude,launch,0,0.0,prior,0.0,sa,12600.0,43200.0,6073215.925518418,0,5393748.395792871,679467.5297255463,0,26,0.6691982685733008,29,6.410284140724797,5.125281321627198,12146.612679005922,7677.716229290035,1.582060643589211,2.0330133111623123,320.13495031155736,0.0,0.01098901098901099,0.007326007326007326,2.3201135562958726,11.61576354679803,0.6705607476635514,2802.1313639313275,203,39.76224756240845,0.25,0.25
ring,200,3000000.0,8,3,exclude,launch,0,0.0,prior,0.0,sa,12600.0,43200.0,10138734.251670405,0,9343611.699422622,795122.5522477826,0,55,0.8498618617165568,60,6.410284140724797,5.226681015529699,12146.612679005922,7531.987755055096,1.6126702636835435,2.0321435624541486,319.5961000546625,0.0,0.014124293785310734,0.0,2.036230904984737,8.343396226415095,0.5831381733021077,3007.8922028039524,265,40.77700924873352,0.25,0.25
ring,200,3000000.0,9,2,exclude,launch,0,0.0,prior,0.0,sa,12600.0,43200.0,15861861.4809645,0,14901689.622674223,960171.8582902767,0,92,0.9804925210932818,95,6.258582213020389,7.069814582371692,12449.114396372534,5616.751311479671,2.216426134254634,2.0146368236907817,308.84636519679555,0.0,0.004434589800443459,0.0,1.8008480210251225,11.738095238095237,0.4626865671641791,1683.5972895824202,336,63.187517404556274,0.25,0.25
ring,200,3000000.0,3,4,exclude,launch,0,0.0,prior,0.0,sa,12600.0,43200.0,2054928.5593716318,0,1669542.282138895,385386.27723273676,0,0,0.0,0,6.328547764625653,6.730192013839903,12307.797456130207,5840.382723318867,2.107361458862777,2.0352662198132743,321.5328437659401,0.0,0.09433962264150944,0.0,5.221940068629611,58.78947368421053,0.859122401847575,2932.3363811041827,38,39.64173722267151,0.25,0.25
ring,200,3000000.0,7,4,exclude,launch,0,0.0,prior,0.0,sa,12600.0,43200.0,5740266.588453399,0,5173193.578614617,567073.0098387828,0,22,0.679664456684113,22,6.328547764625653,5.0758760821045525,12307.797456130207,7748.831595442948,1.5883423590426673,2.0339616185402978,320.7229885843415,0.0,0.014652014652014652,0.003663003663003663,2.309371058103262,11.704433497536947,0.7129186602870813,2784.3792708715177,203,38.52103281021118,0.25,0.25
ring,200,3000000.0,6,4,exclude,launch,0,0.0,prior,0.0,sa,12600.0,43200.0,2184734.5668475716,0,1733450.1751351622,451284.3917124097,0,0,0.0,0,6.328547764625653,5.054545259055419,12307.797456130207,7783.001589493746,1.581369001998467,2.033577734713713,320.4848801087792,0.0,0.03980099502487562,0.0,2.704359312885114,17.02027027027027,0.8160377358490566,2667.926666229751,148,40.54652237892151,0.25,0.25
ring,200,3000000.0,10,2,exclude,launch,0,0.0,prior,0.0,sa,12600.0,43200.0,17190808.51470341,0,16174954.209095918,1015854.3056074944,0,103,0.9871634366195214,107,6.258582213020389,7.656248314385673,12449.114396372534,5192.137567228143,2.3976857768463513,2.012462450582256,307.5240641517083,0.0,0.0017921146953405018,0.0,1.6126447711157454,10.526315789473685,0.4164588528678304,1495.5083028139502,418,70.79494023323059,0.25,0.25
ring,200,3000000.0,5,4,exclude,launch,0,0.0,prior,0.0,sa,12600.0,43200.0,1762127.4743541176,0,1431730.710743538,330396.76361057954,0,0,0.0,0,6.328547764625653,5.568113879051642,12307.797456130207,7076.431346943007,1.7392661431594516,2.0303344351133488,318.476714454103,0.0,0.07092198581560284,0.0,3.212691794805838,27.71698113207547,0.8611764705882353,2306.3330678431603,106,43.67127799987793,0.25,0.25
ring,200,3000000.0,4,4,exclude,launch,0,0.0,prior,0.0,sa,12600.0,43200.0,1699586.3843156262,0,1428980.369605314,270606.01471031224,0,0,0.0,0,6.328547764625653,6.020578995421577,12307.797456130207,6542.330601715135,1.881255810108954,2.031043576856538,318.91525721313724,0.0,0.021739130434782608,0.0,3.975018238132356,41.14705882352941,0.8598130841121495,2384.404870604089,68,44.61511516571045,0.25,0.25
ring,200,3000000.0,3,5,exclude,launch,0,0.0,prior,0.0,sa,12600.0,43200.0,2093496.7930375063,0,1697561.0064586853,395935.7865788211,0,0,0.0,0,6.350198624977082,6.454775076259668,12264.697803100406,6085.081132810473,2.015535624820141,2.0367723963522804,322.46910055141495,0.0,0.1320754716981132,0.0,5.230110078639366,57.81578947368421,0.8299492385786802,2980.1416625926167,38,38.60455846786499,0.25,0.25
ring,200,3000000.0,8,4,exclude,launch,0,0.0,prior,0.0,sa,12600.0,43200.0,10808797.486126384,0,9975781.350032274,833016.1360941088,0,56,0.8885813162097119,62,6.328547764625653,5.309046610495398,12307.797456130207,7424.6295227159935,1.6576985314181587,2.029544886493648,317.98880199156554,0.0,0.005633802816901409,0.0028169014084507044,2.031201922953048,9.075471698113208,0.6507177033492823,2764.4801908434156,265,42.194268465042114,0.25,0.25
ring,200,3000000.0,9,3,exclude,launch,0,0.0,prior,0.0,sa,12600.0,43200.0,16307437.307531504,0,15187426.155223325,1120011.15230818,0,97,0.9776409602531354,102,6.410284140724797,6.67952385263268,12146.612679005922,5944.062634238973,2.043486656590568,2.014935297503728,309.0280974356943,0.0,0.0,0.0,1.8027799638861064,10.290419161676647,0.44575471698113206,1923.6544769710683,334,56.72399044036865,0.25,0.25
ring,200,3000000.0,7,5,exclude,launch,0,0.0,prior,0.0,sa,12600.0,43200.0,4022711.14345503,0,3499951.9699625103,522759.1734925194,0,14,0.375052210341148,15,6.350198624977082,4.82412222569464,12264.697803100406,8128.869015846199,1.5087828059711546,2.04005350841627,324.51339011069757,0.0,0.014652014652014652,0.003663003663003663,2.318845096227614,10.137931034482758,0.6901041666666666,3207.1539268978067,203,38.189974308013916,0.25,0.25
ring,200,3000000.0,4,5,exclude,launch,0,0.0,prior,0.0,sa,12600.0,43200.0,1720458.131006289,0,1433880.3571219696,286577.7738843194,0,0,0.0,0,6.350198624977082,5.984364315657259,12264.697803100406,6580.056891348718,1.8639197206981144,2.0316192248805507,319.27146754294444,0.0,0.09782608695652174,0.0,3.969819336801745,39.838235294117645,0.8743589743589744,2449.6199833628407,68,42.48182797431946,0.25,0.25
ring,200,3000000.0,6,5,exclude,launch,0,0.0,prior,0.0,sa,12600.0,43200.0,1914724.5300343605,0,1614613.034913511,300111.49512084975,0,0,0.0,0,6.350198624977082,5.414476480962565,12264.697803100406,7273.264764189724,1.6862713239158085,2.031440554394055,319.16088517461475,0.0,0.03482587064676617,0.0,2.70044187714575,18.4527027027027,0.8207792207792208,2443.763739618839,148,42.29507660865784,0.25,0.25
ring,200,3000000.0,5,5,exclude,launch,0,0.0,prior,0.0,sa,12600.0,43200.0,1665010.467802303,0,1412966.7632988193,252043.70450348372,0,0,0.0,0,6.350198624977082,5.819751055048172,12264.697803100406,6771.821288890062,1.8111372524289777,2.029925461036851,318.2239365875908,0.0,0.04964539007092199,0.0,3.213360532603464,27.60377358490566,0.8384615384615385,2313.1649382104188,106,43.17634868621826,0.25,0.25
ring,200,3000000.0,8,5,exclude,launch,0,0.0,prior,0.0,sa,12600.0,43200.0,9079401.0588474,0,8503289.08911996,576111.9697274404,0,54,0.8618859254872614,56,6.350198624977082,5.433198806407269,12264.697803100406,7256.888773318265,1.6900765860150126,2.02900876770025,317.65771320119626,0.0,0.0084985835694051,0.0,2.033687841981447,9.026515151515152,0.608355091383812,2768.0648775367176,264,43.1758668422699,0.25,0.25
ring,200,3000000.0,10,3,exclude,launch,0,0.0,prior,0.0,sa,12600.0,43200.0,18166912.383791663,0,16992722.964395266,1174189.4193963974,0,112,0.9875645052039876,118,6.410284140724797,7.583790215681556,12146.612679005922,5245.308226721874,2.315709993385291,2.011095353436988,306.69414412256043,0.0,0.0,0.0,1.6169948886048864,9.450839328537171,0.4056603773584906,1676.2136023981457,417,67.57279324531555,0.25,0.25
ring,200,3000000.0,9,4,exclude,launch,0,0.0,prior,0.0,sa,12600.0,43200.0,16601311.264580868,0,15563623.305395288,1037687.959185578,0,95,0.9810578867594792,101,6.328547764625653,6.656011438858183,12307.797456130207,5964.811520098755,2.063400899535286,2.0150192630187673,309.0792312897484,0.0,0.0022222222222222222,0.0,1.8027436064919746,10.804154302670623,0.5590361445783133,1820.867262021749,337,58.953137159347534,0.25,0.25
ring,200,3000000.0,3,6,exclude,launch,0,0.0,prior,0.0,sa,12600.0,43200.0,2431566.0942589594,0,1923845.6538396508,507720.44041930843,0,0,0.0,0,6.2624524784846045,6.328383377735076,12441.214701138697,6204.7512562071115,2.0051109524644923,2.0373837137204474,322.849490847728,0.0,0.1320754716981132,0.0,5.2242090172812645,54.60526315789474,0.7886363636363637,3156.232803067528,38,37.18117117881775,0.25,0.25
ring,200,3000000.0,7,6,exclude,launch,0,0.0,prior,0.0,sa,12600.0,43200.0,4937418.128019326,0,4264893.417680934,672524.7103383921,0,17,0.4894393223111882,19,6.2624524784846045,4.926019016674548,12441.214701138697,7967.806636586056,1.5614353194782535,2.038239045375594,323.38209460272714,0.0,0.018315018315018316,0.01098901098901099,2.316595616377898,10.399014778325123,0.6901408450704225,3119.853275717914,203,36.31045961380005,0.25,0.25
ring,200,3000000.0,4,6,exclude,launch,0,0.0,prior,0.0,sa,12600.0,43200.0,1932458.6381814375,0,1583532.6865501527,348925.9516312849,0,0,0.0,0,6.2624524784846045,6.185440654907947,12441.214701138697,6365.404231241479,1.9545050477826795,2.0318580036687575,319.41928192058197,0.0,0.11956521739130435,0.0,3.9821797721776795,39.64705882352941,0.8229885057471265,2474.3341368106635,68,41.799050092697144,0.25,0.25
ring,200,3000000.0,10,4,exclude,launch,0,0.0,prior,0.0,sa,12600.0,43200.0,18818740.999111015,0,17669301.30426846,1149439.6948425544,0,110,0.9905394541545477,114,6.328547764625653,7.795110278815056,12307.797456130207,5103.790505413573,2.411501303408784,2.0108278136321625,306.5318606437135,0.0,0.0017921146953405018,0.0,1.610399320785728,10.25598086124402,0.4939759036144578,1539.2451076645002,418,68.13824081420898,0.25,0.25
ring,200,3000000.0,5,6,exclude,launch,0,0.0,prior,0.0,sa,12600.0,43200.0,1942246.2708312648,0,1598473.8128169724,343772.4580142923,0,0,0.0,0,6.2624524784846045,5.795850357162632,12441.214701138697,6798.011119537973,1.83012567681476,2.030443702568112,318.544267248684,0.0,0.07801418439716312,0.0,3.2143847142040642,26.21904761904762,0.8627906976744186,2443.283923633937,105,41.426324129104614,0.25,0.25
ring,200,3000000.0,9,5,exclude,launch,0,0.0,prior,0.0,sa,12600.0,43200.0,14707058.444702625,0,13922643.896528019,784414.5481746064,0,90,0.974786774272489,95,6.350198624977082,6.7229430905678065,12264.697803100406,5902.967816911114,2.0777172065827454,2.0158589285726842,309.5908088282524,0.0,0.006666666666666667,0.0022222222222222222,1.799423289464126,10.592261904761905,0.5195822454308094,1861.1652461117628,336,58.133482694625854,0.25,0.25
ring,200,3000000.0,6,6,exclude,launch,0,0.0,prior,0.0,sa,12600.0,43200.0,2151297.0739990566,0,1744606.501315778,406690.5726832786,0,0,0.0,0,6.2624524784846045,5.27685347997943,12441.214701138697,7455.59338047766,1.668708856053738,2.033446438385726,320.40346230364264,0.0,0.034653465346534656,0.0,2.695813460540612,17.78,0.8130841121495327,2525.8270908388904,150,41.04549551010132,0.25,0.25
ring,200,3000000.0,3,7,exclude,launch,0,0.0,prior,0.0,sa,12600.0,43200.0,2172118.7966823434,0,1766802.042602054,405316.75408028916,0,0,0.0,0,6.298699286044831,6.2328378111405955,12367.701652928843,6301.274533119853,1.9627301727489428,2.036928382691781,322.56614124953785,0.0,0.11320754716981132,0.0,5.220250801585136,53.76315789473684,0.8221153846153846,3210.3745566808107,38,36.67822790145874,0.25,0.25
ring,200,3000000.0,8,6,exclude,launch,0,0.0,prior,0.0,sa,12600.0,43200.0,10293870.163146986,0,9468862.618913593,825007.544233392,0,50,0.8459380062857732,54,6.2624524784846045,5.283113051941481,12441.214701138697,7448.377017249623,1.6703255853357328,2.033004928517278,320.12975470229605,0.0,0.011267605633802818,0.0,2.033047197958709,8.264150943396226,0.5995316159250585,3041.4659917162417,265,41.28108191490173,0.25,0.25
ring,200,3000000.0,4,7,exclude,launch,0,0.0,prior,0.0,sa,12600.0,43200.0,2027108.5465086964,0,1659066.5096929045,368042.0368157916,0,0,0.0,0,6.298699286044831,5.604194118165637,12367.701652928843,7020.894589053887,1.7615563794692257,2.0332199594851303,320.2630454035361,0.0,0.06521739130434782,0.0,3.973907473391499,36.0,0.8491484184914841,2714.234411350949,68,40.291361808776855,0.25,0.25
ring,200,3000000.0,7,7,exclude,launch,0,0.0,prior,0.0,sa,12600.0,43200.0,6167224.202351154,0,5454152.862385707,713071.3399654471,0,24,0.5720045722840092,28,6.298699286044831,4.598321833586479,12367.701652928843,8515.214907132975,1.452423900959768,2.0431253383029695,326.4331414229055,0.0,0.007326007326007326,0.0,2.3212248558918587,8.74384236453202,0.6502463054187192,3744.38640112055,203,33.76896858215332,0.25,0.25
ring,200,3000000.0,5,7,exclude,launch,0,0.0,prior,0.0,sa,12600.0,43200.0,1868112.5053343268,0,1554818.9050194437,313293.60031488293,0,0,0.0,0,6.298699286044831,5.334451751725724,12367.701652928843,7378.884106948675,1.676093766167463,2.0324014973542748,319.7558555218045,0.0,0.07801418439716312,0.0,3.2184355693803854,25.428571428571427,0.8414634146341463,2528.5585816267103,105,40.545082807540894,0.25,0.25
ring,200,3000000.0,6,7,exclude,launch,0,0.0,prior,0.0,sa,12600.0,43200.0,2287645.0058244434,0,1858640.9461494617,429004.05967498146,0,0,0.0,0,6.298699286044831,4.924137910001205,12367.701652928843,7979.845911695298,1.549867226734627,2.035941401453024,321.95237617333646,0.0,0.03482587064676617,0.0,2.692924118106268,16.39864864864865,0.7881773399014779,2765.074200247596,148,38.90071773529053,0.25,0.25
ring,200,3000000.0,10,5,exclude,launch,0,0.0,prior,0.0,sa,12600.0,43200.0,16391503.513851564,0,15558376.133254256,833127.380597309,0,103,0.9852321130506978,109,6.350198624977082,7.441541182045634,12264.697803100406,5341.373132352286,2.2961694491654354,2.012677446001116,307.6546828918028,0.0,0.0,0.0,1.6209903578195628,9.721153846153847,0.4856396866840731,1634.3804213232395,416,67.50997853279114,0.25,0.25
ring,200,3000000.0,8,7,exclude,launch,0,0.0,prior,0.0,sa,12600.0,43200.0,11937437.23677706,0,11142779.83595928,794657.4008177782,0,69,0.914158601306276,71,6.298699286044831,5.2789077881647115,12367.701652928843,7468.364082946051,1.6560121487877633,2.0291793287491995,317.763027217396,0.0,0.005649717514124294,0.0,2.0317921999033937,8.943181818181818,0.5901234567901235,2804.4183575334587,264,41.828497886657715,0.25,0.25
ring,200,3000000.0,9,6,exclude,launch,0,0.0,prior,0.0,sa,12600.0,43200.0,17013192.112800892,0,16010278.575516213,1002913.5372846805,0,96,0.9746694486936042,101,6.2624524784846045,6.8004490905738395,12441.214701138697,5839.182777327897,2.130643135447799,2.0146533186164817,308.8564070938317,0.0,0.004424778761061947,0.0022123893805309734,1.7987856198496426,10.338278931750741,0.4964871194379391,1906.835488158704,337,57.22267985343933,0.25,0.25
ring,200,3000000.0,3,8,exclude,launch,0,0.0,prior,0.0,sa,12600.0,43200.0,2026871.8302810795,0,1691727.598700864,335144.2315802155,0,0,0.0,0,6.378996024693025,6.361840987643322,12207.82513272008,6174.424333259771,1.9771600514982732,2.036623282955082,322.37634922937184,0.0,0.09433962264150944,0.0,5.199501100015768,54.421052631578945,0.8451776649746193,3169.447269196684,38,37.776423931121826,0.25,0.25
ring,200,3000000.0,4,8,exclude,launch,0,0.0,prior,0.0,sa,12600.0,43200.0,1831918.1339070194,0,1537443.8608633778,294474.27304364153,0,0,0.0,0,6.378996024693025,6.01766737496929,12207.82513272008,6542.218390920943,1.8660069724455641,2.032061140772216,319.5450594876143,0.0,0.09782608695652174,0.0,3.981015000685993,38.220588235294116,0.8673469387755102,2586.1723723122927,68,40.63407802581787,0.25,0.25
ring,200,3000000.0,5,8,exclude,launch,0,0.0,prior,0.0,sa,12600.0,43200.0,1615062.4205103274,0,1330468.6982838428,284593.7222264845,0,0,0.0,0,6.378996024693025,5.862893643454875,12207.82513272008,6723.113700810586,1.8157992971691401,2.0295862643030156,318.01436269243163,0.0,0.07801418439716312,0.0,3.213903413512917,28.742857142857144,0.8571428571428571,2221.7964929554328,105,44.849629163742065,0.25,0.25
ring,200,3000000.0,10,6,exclude,launch,0,0.0,prior,0.0,sa,12600.0,43200.0,19551660.997302793,0,18369554.978318647,1182106.0189841443,0,112,0.9902440976868024,114,6.2624524784846045,7.915056538129367,12441.214701138697,5027.49875784417,2.47463307310166,2.0104070270931365,306.27670811975696,0.0,0.0017857142857142857,0.0,1.6088923035580287,9.983333333333333,0.42924528301886794,1576.732437943892,420,68.75223517417908,0.25,0.25
ring,200,3000000.0,6,8,exclude,launch,0,0.0,prior,0.0,sa,12600.0,43200.0,1889164.7515968336,0,1531405.1529745548,357759.598622279,0,0,0.0,0,6.378996024693025,5.357479401866832,12207.82513272008,7348.05575694728,1.6613680593234599,2.032155953774849,319.6037738738605,0.0,0.03980099502487562,0.0,2.693561063169208,19.23489932885906,0.8469387755102041,2337.2756216100297,149,43.039926052093506,0.25,0.25
ring,200,3000000.0,7,8,exclude,launch,0,0.0,prior,0.0,sa,12600.0,43200.0,5049213.036413366,0,4523899.943447114,525313.0929662517,0,22,0.6070744265035183,24,6.378996024693025,4.975583138281597,12207.82513272008,7893.011893739641,1.5466624524413477,2.037057286064454,322.646344373811,0.0,0.0036496350364963502,0.014598540145985401,2.3154518869010516,11.137254901960784,0.6811224489795918,2938.925759042982,204,39.8902690410614,0.25,0.25
ring,200,3000000.0,9,7,exclude,launch,0,0.0,prior,0.0,sa,12600.0,43200.0,18105148.008783426,0,17032096.47729521,1073051.5314882195,0,110,0.9871730704418921,113,6.298699286044831,6.916071237096357,12367.701652928843,5747.254822100572,2.1519320155024126,2.012658425605962,307.6431260852238,0.0,0.0,0.0,1.7923470140279747,10.169139465875372,0.4345679012345679,1936.4384722777727,337,56.87576389312744,0.25,0.25
ring,200,3000000.0,3,9,exclude,launch,0,0.0,prior,0.0,sa,12600.0,43200.0,1961051.9170347198,0,1626776.3701513843,334275.5468833353,0,0,0.0,0,6.39572597430875,6.901702198245232,12175.019951556487,5693.704826794955,2.13833001919243,2.035817401867641,321.87530700354915,0.0,0.09433962264150944,0.0,5.198086558003866,59.60526315789474,0.8564476885644768,2905.8148867302,38,39.658172607421875,0.25,0.25
ring,200,3000000.0,8,8,exclude,launch,0,0.0,prior,0.0,sa,12600.0,43200.0,9501494.734644169,0,8932016.440720614,569478.2939235539,0,59,0.9122162654249849,63,6.378996024693025,5.833138106353733,12207.82513272008,6775.146356054576,1.801854084201534,2.024272833605192,314.7404512984826,0.0,0.011235955056179775,0.0028089887640449437,2.0286925977404064,11.349624060150376,0.6147959183673469,2205.107916755743,266,48.77864193916321,0.25,0.25
ring,200,3000000.0,10,7,exclude,launch,0,0.0,prior,0.0,sa,12600.0,43200.0,19442253.121440392,0,18267770.637526773,1174482.4839136202,0,119,0.9920633548200831,122,6.298699286044831,7.7139637194400414,12367.701652928843,5158.568122523531,2.3975067032513393,2.010403468972206,306.2745510333205,0.0,0.0,0.0,1.6120793558890305,9.551312649164677,0.40987654320987654,1654.8362948934844,419,66.7254068851471,0.25,0.25
ring,200,3000000.0,4,9,exclude,launch,0,0.0,prior,0.0,sa,12600.0,43200.0,1658787.2126335783,0,1370453.6763196571,288333.53631392145,0,0,0.0,0,6.39572597430875,6.373799606166265,12175.019951556487,6179.509556827835,1.9702243098085546,2.031129312299905,318.96829760522246,0.0,0.09782608695652174,0.0,3.977096795721443,43.48529411764706,0.863080684596577,2270.4088540936086,68,45.692156076431274,0.25,0.25
ring,200,3000000.0,5,9,exclude,launch,0,0.0,prior,0.0,sa,12600.0,43200.0,1622463.1171519617,0,1341907.5842442708,280555.5329076909,0,0,0.0,0,6.39572597430875,5.926015293621805,12175.019951556487,6652.689085966544,1.8300900273904241,2.029224008193186,317.79061771237406,0.0,0.07092198581560284,0.0,3.2168616339222984,29.295238095238094,0.8606356968215159,2192.4271813542673,105,45.15233039855957,0.25,0.25
ring,200,3000000.0,6,9,exclude,launch,0,0.0,prior,0.0,sa,12600.0,43200.0,1758163.1807309166,0,1463731.9363210904,294431.2444098261,0,0,0.0,0,6.39572597430875,5.436928658740525,12175.019951556487,7243.843608334342,1.680740309957634,2.0312682819039622,319.05428077834523,0.0,0.03482587064676617,0.0,2.704183974236263,20.006756756756758,0.8329238329238329,2257.8412142816455,148,46.11279082298279,0.25,0.25
ring,200,3000000.0,7,9,exclude,launch,0,0.0,prior,0.0,sa,12600.0,43200.0,3951798.973644318,0,3512023.9757437184,439774.99790059956,0,18,0.5406943512978315,22,6.39572597430875,5.317552318627163,12175.019951556487,7403.654982006459,1.644460740154175,2.032039021278949,319.53136243272326,0.0,0.018315018315018316,0.0,2.3146516843894167,13.541871921182265,0.7444168734491315,2401.139630071445,203,43.47180652618408,0.25,0.25
ring,200,3000000.0,3,10,exclude,launch,0,0.0,prior,0.0,sa,12600.0,43200.0,2075026.9646906399,0,1695732.4275625292,379294.5371281106,0,0,0.0,0,6.30976643387516,6.25664376769525,12345.424404909569,6278.605019950384,1.9662686800143907,2.0365046011737826,322.30253647632674,0.0,0.18867924528301888,0.0,5.221321445086441,56.8421052631579,0.7860576923076923,3030.617490992514,38,38.040069580078125,0.25,0.25
ring,200,3000000.0,8,9,exclude,launch,0,0.0,prior,0.0,sa,12600.0,43200.0,8085766.555711598,0,7447537.632074173,638228.9236374259,0,47,0.8392311769329825,50,6.39572597430875,5.573047471390581,12175.019951556487,7076.674714916349,1.7204436323593832,2.028467300873272,317.323496689666,0.0,0.014124293785310734,0.002824858757062147,2.0343707831112,10.056818181818182,0.6501240694789082,2499.5312459980482,264,46.327131509780884,0.25,0.25
ring,200,3000000.0,9,8,exclude,launch,0,0.0,prior,0.0,sa,12600.0,43200.0,13289059.4212534,0,12556941.140796047,732118.2804573536,0,87,0.9670265364824594,91,6.378996024693025,7.184611532744569,12207.82513272008,5526.896834601341,2.208802787179334,2.014676579501022,308.870568296368,0.0,0.008869179600886918,0.0,1.7982171262564146,12.13946587537092,0.5319693094629157,1622.891876271937,337,63.02514362335205,0.25,0.25
ring,200,3000000.0,4,10,exclude,launch,0,0.0,prior,0.0,sa,12600.0,43200.0,1802003.4854377063,0,1478478.8692802496,323524.6161574568,0,0,0.0,0,6.30976643387516,5.693385419457744,12345.424404909569,6914.163768996796,1.785526755999998,2.032262203628321,319.6695771118792,0.0,0.13043478260869565,0.0,3.991230052309825,38.51470588235294,0.855072463768116,2552.8147486124453,68,41.71987581253052,0.25,0.25
ring,200,3000000.0,7,10,exclude,launch,0,0.0,prior,0.0,sa,12600.0,43200.0,5109594.027330494,0,4472742.171977566,636851.8553529286,0,17,0.5450636608606596,19,6.30976643387516,4.7776766825244215,12345.424404909569,8206.22270457619,1.5043979245195427,2.040468672974308,324.77251783227524,0.0,0.018315018315018316,0.0,2.318077605798294,10.133004926108374,0.6822660098522167,3213.8387715495355,203,36.59597110748291,0.25,0.25
ring,200,3000000.0,5,10,exclude,launch,0,0.0,prior,0.0,sa,12600.0,43200.0,1727857.6818309266,0,1442010.57358489,285847.1082460366,0,0,0.0,0,6.30976643387516,5.519816440149893,12345.424404909569,7136.760303874372,1.7298359310466882,2.030786373408314,318.75616428127915,0.0,0.04285714285714286,0.0,3.21427394464959,26.571428571428573,0.8663366336633663,2377.151131997146,105,41.30035209655762,0.25,0.25
ring,200,3000000.0,6,10,exclude,launch,0,0.0,prior,0.0,sa,12600.0,43200.0,1943001.0849711946,0,1620008.960184922,322992.1247862727,0,0,0.0,0,6.30976643387516,5.141140256031612,12345.424404909569,7651.229577504426,1.6135216281062412,2.0337581280103048,320.5967601682109,0.0,0.024752475247524754,0.0,2.6922958635362444,17.644295302013422,0.821078431372549,2562.306548040113,149,41.45534682273865,0.25,0.25
ring,200,3000000.0,9,9,exclude,launch,0,0.0,prior,0.0,sa,12600.0,43200.0,13291831.999211991,0,12442282.80588871,849549.1933232801,0,86,0.9702120512382132,91,6.39572597430875,6.848324021858836,12175.019951556487,5793.429224085793,2.1015221694501176,2.016368855945748,309.9016954009407,0.0,0.0066815144766146995,0.0,1.8014743858122568,11.265671641791045,0.5186104218362283,1752.7969212427133,335,60.190826416015625,0.25,0.25
ring,200,3000000.0,10,8,exclude,launch,0,0.0,prior,0.0,sa,12600.0,43200.0,15351940.652166279,0,14539920.375267768,812020.2768985103,0,102,0.986837541025439,106,6.378996024693025,8.121145118736388,12207.82513272008,4897.573962350791,2.4926270080994213,2.0113688158082708,306.86006447682723,0.0,0.0017921146953405018,0.0,1.6129398615127484,11.150717703349283,0.49743589743589745,1421.1965876448664,418,73.58867883682251,0.25,0.25
ring,200,3000000.0,3,11,exclude,launch,0,0.0,prior,0.0,sa,12600.0,43200.0,2217786.609615531,0,1788631.6891307149,429154.9204848161,0,0,0.0,0,6.35589807886353,6.084798493557481,12253.400910571416,6452.532981613451,1.899006319764283,2.03757476515025,322.968417982979,0.0,0.09433962264150944,0.0,5.217089113419569,54.28947368421053,0.7873831775700935,3179.1155185229222,38,35.826375246047974,0.25,0.25
ring,200,3000000.0,8,10,exclude,launch,0,0.0,prior,0.0,sa,12600.0,43200.0,10765251.247499784,0,9945593.087434264,819658.160065521,0,60,0.8848726020985795,65,6.30976643387516,5.287630076879639,12345.424404909569,7452.725302231753,1.656497979499214,2.030083066951898,318.32133744630863,0.0,0.008450704225352112,0.0,2.032868125772231,8.275471698113208,0.5901234567901235,3028.810378700726,265,40.62710952758789,0.25,0.25
core,50,1500000.0,1,1,exclude,launch,0,0.0,prior,0.0,sa,12600.0,43200.0,683471.0630975101,0,536280.8771447737,147190.18595273644,0,0,0.0,0,3.1234605447535904,6.420943390391113,12472.975383191722,3082.849636470999,4.045924016414174,2.020732411751141,312.5683969197902,0.0,0.08333333333333333,0.0,7.829166627992695,50.0,0.7657657657657657,3774.253331356206,9,2.3914666175842285,0.25,0.25
ring,200,3000000.0,4,11,exclude,launch,0,0.0,prior,0.0,sa,12600.0,43200.0,1693653.4866618782,0,1417024.4068917083,276629.0797701698,0,0,0.0,0,6.35589807886353,5.87249376491141,12253.400910571416,6703.293679383031,1.8279671899589538,2.0322595631416527,319.6679417092187,0.0,0.10869565217391304,0.0,3.975863405495148,40.3235294117647,0.8439716312056738,2431.3057999978137,68,43.162739753723145,0.25,0.25
ring,200,3000000.0,10,9,exclude,launch,0,0.0,prior,0.0,sa,12600.0,43200.0,15577157.842276333,0,14587570.055107992,989587.7871683391,0,101,0.985437687609646,103,6.39572597430875,7.78577911428732,12175.019951556487,5105.671104690711,2.3846071754153892,2.012496220386596,307.5445788891428,0.0,0.0035714285714285713,0.0,1.607403598337638,10.730952380952381,0.4626865671641791,1465.6570003320815,420,70.71022295951843,0.25,0.25
core,50,1500000.0,2,1,exclude,launch,0,0.0,prior,0.0,sa,12600.0,43200.0,274227.29783463187,0,235807.14299996593,38420.15483466597,0,0,0.0,0,3.1234605447535904,5.8992209395288455,12472.975383191722,3370.334386001321,3.700812428285516,2.0118349021675708,307.1429607733373,0.0,0.041666666666666664,0.0,3.7672635694293057,28.25,0.9351851851851852,1631.5228598673527,36,13.6480712890625,0.25,0.25
ring,200,3000000.0,5,11,exclude,launch,0,0.0,prior,0.0,sa,12600.0,43200.0,1605090.4616964445,0,1370463.6403965617,234626.8212998829,0,0,0.0,0,6.35589807886353,5.680509503528472,12253.400910571416,6935.260452081822,1.7668263499596757,2.030672655184078,318.6858366432592,0.0,0.07092198581560284,0.0,3.2151414553763766,28.39047619047619,0.8672985781990521,2270.3279805147113,105,44.71203637123108,0.25,0.25
ring,200,3000000.0,7,11,exclude,launch,0,0.0,prior,0.0,sa,12600.0,43200.0,5038697.233074744,0,4502182.079042595,536515.1540321494,0,18,0.5733478701988831,20,6.35589807886353,4.947670904057307,12253.400910571416,7938.202749289878,1.5435988847308744,2.0368872762916292,322.5405671206421,0.0,0.018315018315018316,0.0,2.3202485436950337,11.246305418719212,0.7105263157894737,2891.882713115485,203,38.78105330467224,0.25,0.25
ring,200,3000000.0,9,10,exclude,launch,0,0.0,prior,0.0,sa,12600.0,43200.0,15704017.823842846,0,14750380.32916927,953637.4946735748,0,95,0.9776885977853749,99,6.30976643387516,6.515323650723724,12345.424404909569,6090.716165964133,2.0269249245101446,2.0159772707312538,309.66294439275833,0.0,0.0044444444444444444,0.0,1.8055160130142502,9.850746268656716,0.5148514851485149,2011.7685153574928,335,56.41727590560913,0.25,0.25
ring,200,3000000.0,6,11,exclude,launch,0,0.0,prior,0.0,sa,12600.0,43200.0,1861349.7359422338,0,1533131.4207526797,328218.31518955383,0,0,0.0,0,6.35589807886353,5.333708984873932,12253.400910571416,7380.731892364343,1.6601877820881206,2.0321756396502417,319.6159653262159,0.0,0.024752475247524754,0.0,2.701579811891398,19.313333333333333,0.8142857142857143,2321.847743274806,150,44.41741442680359,0.25,0.25
ring,200,3000000.0,8,11,exclude,launch,0,0.0,prior,0.0,sa,12600.0,43200.0,9730908.66948874,0,9114781.309947437,616127.3595413046,0,59,0.8913576611689831,65,6.35589807886353,5.472117267695624,12253.400910571416,7209.052080563208,1.699724287414791,2.027946194987856,317.0020139370035,0.0,0.008450704225352112,0.0,2.0303634857397945,10.0561797752809,0.6220095693779905,2478.5818302436323,267,45.24260377883911,0.25,0.25
ring,200,3000000.0,3,12,exclude,launch,0,0.0,prior,0.0,sa,12600.0,43200.0,2252423.3553372766,0,1762892.9100655601,489530.4452717166,0,0,0.0,0,6.313883783698274,6.0664037390796475,12337.156454038246,6474.032326318788,1.9056371411499113,2.0369661533292955,322.589640945167,0.0,0.16981132075471697,0.0,5.235668989647414,56.05263157894737,0.84375,3076.1770396849597,38,39.03158640861511,0.25,0.25
core,50,1500000.0,2,2,exclude,launch,0,0.0,prior,0.0,sa,12600.0,43200.0,237601.77608647544,0,203414.1218724077,34187.654214067734,0,0,0.0,0,4.03976843141901,5.466461946094491,9568.224312620543,3634.298068543887,2.632757174057035,2.0134141611995755,308.10247863595174,0.0,0.10416666666666667,0.0,3.837148806460241,30.583333333333332,0.9,1541.1763748813764,36,14.911770820617676,0.25,0.25
ring,200,3000000.0,7,12,exclude,launch,0,0.0,prior,0.0,sa,12600.0,43200.0,4943372.02349853,0,4340561.172935157,602810.8505633723,0,15,0.4575411953685615,18,6.313883783698274,4.757454511701792,12337.156454038246,8239.642490045027,1.4972926882378397,2.0408306779916705,324.99855007458024,0.0,0.007326007326007326,0.0,2.316617552092537,10.054187192118226,0.7252475247524752,3206.1968684424655,203,36.982924461364746,0.25,0.25
core,50,1500000.0,3,1,exclude,launch,0,0.0,prior,0.0,sa,12600.0,43200.0,151494.3516730657,0,136662.3834194415,14831.968253624202,0,0,0.0,0,3.1234605447535904,6.960193366719432,12472.975383191722,2861.5612729667064,4.358800736166114,2.008332592959036,305.02038540704785,0.0,0.019801980198019802,0.0,2.7010679517827256,23.256756756756758,0.9722222222222222,956.803049115393,74,26.153621435165405,0.25,0.25
ring,200,3000000.0,5,12,exclude,launch,0,0.0,prior,0.0,sa,12600.0,43200.0,1819473.9904302259,0,1512483.4919935965,306990.4984366291,0,0,0.0,0,6.313883783698274,5.674151129399027,12337.156454038246,6944.673355466095,1.7764919705442692,2.0301927132175956,318.3891079099896,0.0,0.0851063829787234,0.0,3.217213989863491,26.676190476190477,0.8676470588235294,2401.349461270938,105,42.46578502655029,0.25,0.25
ring,200,3000000.0,10,10,exclude,launch,0,0.0,prior,0.0,sa,12600.0,43200.0,18095787.938413803,0,17032904.386040997,1062883.5523728062,0,113,0.9891596264270583,116,6.30976643387516,7.301424717362962,12345.424404909569,5445.785940078664,2.266968356955147,2.0119714277539176,307.22585117709065,0.0,0.0035971223021582736,0.0017985611510791368,1.6165297531280163,9.108173076923077,0.4441687344913151,1742.0199865295765,416,65.62453079223633,0.25,0.25
ring,200,3000000.0,4,12,exclude,launch,0,0.0,prior,0.0,sa,12600.0,43200.0,1801682.6693582307,0,1495172.7320587994,306509.9372994312,0,0,0.0,0,6.313883783698274,5.867158081460867,12337.156454038246,6709.828601734564,1.838669388790193,2.0321266468279418,319.58562452768723,0.0,0.08695652173913043,0.0,3.969477488201316,39.94117647058823,0.8856447688564477,2459.6838613093964,68,43.89154887199402,0.25,0.25
core,50,1500000.0,2,3,exclude,launch,0,0.0,prior,0.0,sa,12600.0,43200.0,288884.7944575061,0,244521.43932496136,44363.35513254472,0,0,0.0,0,5.584124557770982,6.526631678126429,6829.830665996728,3046.295238307899,2.242012061112776,2.011865276921897,307.1614015920684,0.0,0.06382978723404255,0.0,3.8889277638982707,32.2,0.9528301886792453,1492.140518469853,35,10.630760908126831,0.25,0.25
ring,200,3000000.0,6,12,exclude,launch,0,0.0,prior,0.0,sa,12600.0,43200.0,1973881.3105886409,0,1622550.9633357334,351330.3472529075,0,0,0.0,0,6.313883783698274,5.18431106022762,12337.156454038246,7589.18441517641,1.6256234898399777,2.0333110899232123,320.3195425674892,0.0,0.03980099502487562,0.0,2.698480866794834,18.277027027027028,0.8452088452088452,2479.610603842236,148,42.261603116989136,0.25,0.25
core,50,1500000.0,4,1,exclude,launch,0,0.0,prior,0.0,sa,12600.0,43200.0,342882.08693038044,0,309980.71694653155,32901.36998384886,0,1,0.6748696446869697,1,3.1234605447535904,6.496652697776902,12472.975383191722,3067.473653310123,4.066204568613681,2.0071946905000315,304.3323433714364,0.0,0.02127659574468085,0.0,1.9166929247017725,15.514285714285714,0.9537037037037037,755.4996646235844,140,29.55380630493164,0.25,0.25
ring,200,3000000.0,8,12,exclude,launch,0,0.0,prior,0.0,sa,12600.0,43200.0,10776628.56136088,0,9940889.299192993,835739.2621678876,0,57,0.8855665751442647,64,6.313883783698274,5.343639230908334,12337.156454038246,7374.791755904638,1.672882009740883,2.030032990835981,318.29038866315494,0.0,0.014124293785310734,0.0,2.033793651388736,9.033834586466165,0.6197530864197531,2777.237577442501,266,43.58486008644104,0.25,0.25
core,50,1500000.0,3,2,exclude,launch,0,0.0,prior,0.0,sa,12600.0,43200.0,169984.8826718978,0,153179.4253452073,16805.45732669049,0,0,0.0,0,4.03976843141901,4.199565420439051,9568.224312620543,4734.12896077263,2.0211161106728635,2.0119424599307454,307.20826266320637,0.0,0.07339449541284404,0.0,2.485708070225943,16.975609756097562,0.9537037037037037,1178.5802304364126,82,23.914729356765747,0.25,0.25
core,50,1500000.0,5,1,exclude,launch,0,0.0,prior,0.0,sa,12600.0,43200.0,324079.297611656,0,296424.3749634187,27654.9226482373,0,1,0.7140249743861145,1,3.1234605447535904,6.298702979757838,12472.975383191722,3164.727331523178,3.9412480370586938,2.0066543192447157,304.00587553621267,0.0,0.0034965034965034965,0.01048951048951049,1.5619115009135307,11.266355140186915,0.9345794392523364,682.6020058866201,214,35.067660093307495,0.25,0.25
ring,200,3000000.0,9,11,exclude,launch,0,0.0,prior,0.0,sa,12600.0,43200.0,14793873.471765645,0,13922636.342370842,871237.1293948037,0,97,0.9819451441346629,101,6.35589807886353,7.353469428184903,12253.400910571416,5405.033204448532,2.2670352701046195,2.0127940016539334,307.7255069358562,0.0,0.00663716814159292,0.0,1.7887065128949164,12.598214285714286,0.5119617224880383,1563.5986366657144,336,63.76764631271362,0.25,0.25
core,50,1500000.0,1,5,exclude,launch,0,0.0,prior,0.0,sa,12600.0,43200.0,703334.2741553929,0,555030.5426476018,148303.73150779115,0,0,0.0,0,3.479543794474827,3.652456259788337,11162.426560109037,5412.289470202884,2.0624223115861176,2.0234568675631266,314.239187928638,0.0,0.08333333333333333,0.0,7.538257923874449,50.0,0.7580645161290323,3634.0132269096985,9,2.282322406768799,0.25,0.25
core,50,1500000.0,2,4,exclude,launch,0,0.0,prior,0.0,sa,12600.0,43200.0,283314.886372676,0,248135.5941395248,35179.29223315122,0,0,0.0,0,5.118319579642263,5.128099212819392,7481.731626482197,3875.5427591760304,1.9304990530082216,2.0126628927421173,307.64584030105,0.0,0.020833333333333332,0.0,3.8931696378480902,32.48571428571429,0.9196428571428571,1485.032986253425,35,13.56108808517456,0.25,0.25
core,50,1500000.0,3,3,exclude,launch,0,0.0,prior,0.0,sa,12600.0,43200.0,191356.95175205858,0,168635.2495857903,22721.702166268264,0,0,0.0,0,5.584124557770982,6.1405018931057365,6829.830665996728,3242.247270782408,2.106511347096786,2.0091390204733752,305.50846879258916,0.0,0.05504587155963303,0.009174311926605505,2.467257162731417,20.28048780487805,0.9528301886792453,986.4400334796562,82,23.09632921218872,0.25,0.25
core,50,1500000.0,4,2,exclude,launch,0,0.0,prior,0.0,sa,12600.0,43200.0,105790.79020947882,0,99012.16183521747,6778.628374261333,0,0,0.0,0,4.03976843141901,4.445559584303097,9568.224312620543,4476.354888229658,2.137503516037053,2.0100601120544983,306.0664289890636,0.0,0.06043956043956044,0.0,2.0096008232341136,15.725925925925926,0.9629629629629629,777.3923522220334,135,35.72861933708191,0.25,0.25
core,50,1500000.0,5,2,exclude,launch,0,0.0,prior,0.0,sa,12600.0,43200.0,158131.26003403583,0,149778.8408390879,8352.41919494795,0,1,0.4639827768241571,1,4.03976843141901,5.867479500611446,9568.224312620543,3395.4764085892884,2.8179327909381158,2.0077410239853295,304.6625914269003,0.0,0.01773049645390071,0.01773049645390071,1.5961084095499343,12.014150943396226,0.9439252336448598,646.9809748047488,212,37.352215051651,0.25,0.25
ring,200,3000000.0,9,12,exclude,launch,0,0.0,prior,0.0,sa,12600.0,43200.0,16113873.10544656,0,15086753.415006615,1027119.6904399439,0,98,0.9817156187112843,100,6.313883783698274,6.961751293766525,12337.156454038246,5705.66214913413,2.1622655060132656,2.014027659927361,308.47562852932805,0.0,0.0044444444444444444,0.0,1.8024274342814435,11.253731343283581,0.5186104218362283,1756.7275957515342,335,59.93182969093323,0.25,0.25
ring,200,3000000.0,10,11,exclude,launch,0,0.0,prior,0.0,sa,12600.0,43200.0,15953974.284443451,0,14996788.003770152,957186.2806732996,0,106,0.9880171842049301,107,6.35589807886353,8.209151656336292,12253.400910571416,4847.214920603709,2.5279260588357166,2.0104784935767634,306.32003579434974,0.0,0.0,0.0,1.6000132718498856,11.388095238095238,0.4746987951807229,1372.5071300104714,420,73.94474697113037,0.25,0.25
core,50,1500000.0,6,2,exclude,launch,0,0.0,prior,0.0,sa,12600.0,43200.0,496628.81212706835,0,463085.7463475657,33543.065779502664,0,3,0.844510092519008,4,4.03976843141901,5.451771560991224,9568.224312620543,3654.6499595824,2.6180959649864417,2.0075970770845917,304.5755609248238,0.0,0.007653061224489796,0.0,1.3736755454644995,8.31740614334471,0.8962264150943396,672.5166027455427,293,38.13495111465454,0.25,0.25
core,50,1500000.0,3,4,exclude,launch,0,0.0,prior,0.0,sa,12600.0,43200.0,206455.50785120807,0,187167.56200314188,19287.94584806617,0,0,0.0,0,5.118319579642263,4.927938283639899,7481.731626482197,4038.3894212093774,1.8526523438251383,2.0099559314961937,306.0032950693033,0.0,0.0380952380952381,0.0,2.6290106000361773,19.68831168831169,0.9459459459459459,1088.4463471370302,77,24.100139617919922,0.25,0.25
core,50,1500000.0,2,5,exclude,launch,0,0.0,prior,0.0,sa,12600.0,43200.0,268863.8871705502,0,237308.7390744724,31555.148096077784,0,0,0.0,0,3.479543794474827,4.659699356038844,11162.426560109037,4264.531058068778,2.6175038727854916,2.012939920068664,307.8141845006136,0.0,0.041666666666666664,0.0,3.9146352628304837,31.02857142857143,0.928,1563.7618925386876,35,11.900267362594604,0.25,0.25
core,50,1500000.0,7,2,exclude,launch,0,0.0,prior,0.0,sa,12600.0,43200.0,1307550.6257678564,0,1235180.0356023584,72370.5901654981,0,11,0.943180124865527,17,4.03976843141901,4.948219557159964,9568.224312620543,4024.8697536901964,2.3772755140332005,2.0084415571665293,305.08631226613625,0.0,0.001876172607879925,0.0,1.177911563013305,4.7375,0.7924528301886793,865.4157820307798,400,36.25775146484375,0.25,0.25
core,50,1500000.0,4,3,exclude,launch,0,0.0,prior,0.0,sa,12600.0,43200.0,129593.61737280055,0,120672.05097960756,8921.566393192996,0,0,0.0,0,5.584124557770982,5.867061444866944,6829.830665996728,3395.834194379431,2.011237968361656,2.0076725339030794,304.6211806747959,0.0,0.016483516483516484,0.0,1.988524803249598,16.52238805970149,0.9809523809523809,737.8987322495935,134,35.5955536365509,0.25,0.25
ring,200,3000000.0,10,12,exclude,launch,0,0.0,prior,0.0,sa,12600.0,43200.0,17801182.694325916,0,16690958.44979762,1110224.244528297,0,109,0.9882202691288381,115,6.313883783698274,7.495251390213509,12337.156454038246,5304.764874984526,2.3256745105171572,2.0120447890321085,307.27039650211367,0.0,0.0018050541516245488,0.0,1.619560442377087,9.973429951690822,0.48635235732009924,1600.1644102621206,414,67.6266360282898,0.25,0.25
core,50,1500000.0,4,4,exclude,launch,0,0.0,prior,0.0,sa,12600.0,43200.0,160462.99804394733,0,148591.58117312778,11871.416870819543,0,0,0.0,0,5.118319579642263,4.913456490277824,7481.731626482197,4052.1908714677556,1.8463423525190996,2.0090140909058567,305.4328306939718,0.0,0.005434782608695652,0.0,1.9601085381197447,13.742647058823529,0.981651376146789,862.1963817289893,136,31.921037197113037,0.25,0.25
core,50,1500000.0,2,6,exclude,launch,0,0.0,prior,0.0,sa,12600.0,43200.0,246230.06170128816,0,218387.93710765534,27842.12459363284,0,0,0.0,0,4.711271891805105,6.172996273874164,8156.942948444614,3219.2817499623707,2.5337772776613785,2.0128202310322587,307.74144611647125,0.0,0.0425531914893617,0.0,4.010951068560988,32.0,0.9175257731958762,1548.9326202671164,34,13.454838991165161,0.25,0.25
core,50,1500000.0,3,5,exclude,launch,0,0.0,prior,0.0,sa,12600.0,43200.0,214458.49552563735,0,191902.30346456138,22556.192061075944,0,0,0.0,0,3.479543794474827,3.270231315118172,11162.426560109037,6074.873789344914,1.837474645100856,2.0134658075058605,308.1338828950519,0.0,0.06481481481481481,0.0,2.542846899115965,16.54320987654321,0.952,1234.1757889118214,81,24.14115285873413,0.25,0.25
core,50,1500000.0,6,3,exclude,launch,0,0.0,prior,0.0,sa,12600.0,43200.0,294626.40240725083,0,267228.6572120599,27397.74519519092,0,1,0.6622255922217539,2,5.584124557770982,5.623138919589319,6829.830665996728,3543.920223570521,1.927196504190953,2.007230471993359,304.3539671135892,0.0,0.0,0.0,1.3554510038635461,8.7123745819398,0.9523809523809523,632.4239592927603,299,41.86070442199707,0.25,0.25
core,50,1500000.0,5,3,exclude,launch,0,0.0,prior,0.0,sa,12600.0,43200.0,108616.16200737428,0,103012.15484224896,5604.007165125314,0,0,0.0,0,5.584124557770982,6.09194490787397,6829.830665996728,3271.7945277979406,2.087487648741041,2.0068642772464953,304.1327018385324,0.0,0.014336917562724014,0.0,1.615897459926801,12.210526315789474,0.9714285714285714,645.6824611371638,209,45.794975996017456,0.25,0.25
core,50,1500000.0,5,4,exclude,launch,0,0.0,prior,0.0,sa,12600.0,43200.0,139250.241997552,0,129038.59665979908,10211.645337752898,0,0,0.0,0,5.118319579642263,4.381566875775763,7481.731626482197,4542.179652608719,1.647167703326133,2.009861999936516,305.9463776747341,0.0,0.007142857142857143,0.0,1.6132655482604632,9.857142857142858,0.9636363636363636,794.1194419731619,210,38.641014099121094,0.25,0.25
core,50,1500000.0,6,4,exclude,launch,0,0.0,prior,0.0,sa,12600.0,43200.0,525754.0618985716,0,502872.05566871085,22882.00622986077,0,2,0.7877085603812346,4,5.118319579642263,5.350196558006722,7481.731626482197,3723.9962118588574,2.009059945511502,2.0076177333644054,304.5880489771265,0.0,0.0,0.0,1.3701615250119474,8.095563139931741,0.944954128440367,692.6406192392736,293,38.34451866149902,0.25,0.25
core,50,1500000.0,2,7,exclude,launch,0,0.0,prior,0.0,sa,12600.0,43200.0,267448.261019766,0,232863.27939744812,34584.9816223179,0,0,0.0,0,5.652446880759121,5.788292257468116,6743.247985132418,3432.732720441544,1.9643964544565677,2.0131194767114446,307.9233222276214,0.0,0.04081632653061224,0.0,3.686463147519129,29.216216216216218,0.93,1537.6774256002188,37,13.524369955062866,0.25,0.25
core,50,1500000.0,7,3,exclude,launch,0,0.0,prior,0.0,sa,12600.0,43200.0,1323935.2073817404,0,1234221.1019115415,89714.1054701988,0,8,0.9499277524646708,10,5.584124557770982,6.280828882488535,6829.830665996728,3175.7704909477297,2.150605872012664,2.0053672628343233,303.22899995369374,0.0,0.0,0.0,1.1672309589349796,7.143564356435643,0.8571428571428571,569.5251962159867,404,46.537338972091675,0.25,0.25
core,50,1500000.0,4,5,exclude,launch,0,0.0,prior,0.0,sa,12600.0,43200.0,176844.8557205645,0,162010.68622527062,14834.169495293892,0,1,0.2846745070372388,1,3.479543794474827,5.0172715902911245,11162.426560109037,3968.3781240052112,2.81284348701202,2.0089972115320505,305.42261186383604,0.0,0.020833333333333332,0.010416666666666666,1.8757166786039194,14.755244755244755,0.9516129032258065,783.9185207551604,143,31.05646777153015,0.25,0.25
core,50,1500000.0,7,4,exclude,launch,0,0.0,prior,0.0,sa,12600.0,43200.0,2152697.252792899,0,2002594.3858283104,150102.86696458858,0,12,0.9649447779047502,17,5.118319579642263,5.265625621900261,7481.731626482197,3785.5868010635995,1.976373022111163,2.0066739111153398,304.0177089960765,0.0,0.0,0.0,1.1717828521653593,5.528678304239402,0.7431192660550459,740.0674828103606,401,39.790759801864624,0.25,0.25
core,50,1500000.0,3,6,exclude,launch,0,0.0,prior,0.0,sa,12600.0,43200.0,158773.79794226517,0,143434.6716398596,15339.126302405575,0,0,0.0,0,4.711271891805105,5.290614763410511,8156.942948444614,3761.259311876302,2.1686733809309007,2.010113479484059,306.09877243061794,0.0,0.038834951456310676,0.0,2.6764961651133214,21.72,0.9278350515463918,1016.3653348114883,75,23.610639333724976,0.25,0.25
core,50,1500000.0,1,8,exclude,launch,0,0.0,prior,0.0,sa,12600.0,43200.0,719303.5758672414,0,579222.9696968514,140080.60617038992,0,0,0.0,0,3.474056345195054,6.026330582892347,11180.58469949413,3282.9965680336236,3.4056035295190172,2.021792637839671,313.2180584230058,0.0,0.08333333333333333,0.0,7.637842533638071,49.888888888888886,0.7553191489361702,3690.221068509461,9,2.312486410140991,0.25,0.25
core,50,1500000.0,8,3,exclude,launch,0,0.0,prior,0.0,sa,12600.0,43200.0,2065397.7360526698,0,1948601.4620827865,116796.2739698831,0,13,0.9731454784769531,18,5.584124557770982,6.014436449005539,6829.830665996728,3316.0493293320433,2.059628789470533,2.0055988344158013,303.36870473352536,0.0,0.0,0.0,1.0242196986639978,5.074427480916031,0.8095238095238095,615.9658657206842,524,49.797545194625854,0.25,0.25
core,50,1500000.0,8,4,exclude,launch,0,0.0,prior,0.0,sa,12600.0,43200.0,3969195.1714596148,0,3663310.3014040417,305884.870055573,0,23,0.9890588425852817,26,5.118319579642263,5.277467835463805,7481.731626482197,3776.273016794642,1.9812475404209,2.0071092427504045,304.280708049988,0.0,0.0,0.03337969401947149,0.9629620054588242,3.577777777777778,0.4954128440366973,848.002682741426,540,41.62497138977051,0.25,0.25
core,50,1500000.0,1,9,exclude,launch,0,0.0,prior,0.0,sa,12600.0,43200.0,681553.4431112593,0,551606.2588924831,129947.18421877615,0,0,0.0,0,3.336952979817363,5.638090435018477,11653.650073963363,3507.6213610692876,3.3223797195746303,2.0226244249753504,313.72821436684995,0.0,0.08333333333333333,0.0,7.7864389496029,50.0,0.7129629629629629,3753.6553430687677,9,2.301212787628174,0.25,0.25
core,50,1500000.0,9,3,exclude,launch,0,0.0,prior,0.0,sa,12600.0,43200.0,4269648.77511252,0,3979040.405186371,290608.36992614914,0,27,0.9942194405951381,31,5.584124557770982,6.627620275542828,6829.830665996728,3010.143883431173,2.268938273545784,2.0050034224691644,303.0095637524201,0.0,0.0,0.047109207708779445,0.8120274662990634,3.4281650071123755,0.5238095238095238,676.1767095767021,703,53.09906315803528,0.25,0.25
core,50,1500000.0,4,6,exclude,launch,0,0.0,prior,0.0,sa,12600.0,43200.0,123274.64096602371,0,114799.77874631001,8474.862219713683,0,0,0.0,0,4.711271891805105,5.428523739499491,8156.942948444614,3668.200601392913,2.2236905324499445,2.0087466810625,305.2709599663826,0.0,0.01639344262295082,0.0,1.9890173073283874,14.792592592592593,0.9583333333333334,825.6014654642643,135,32.3146288394928,0.25,0.25
core,50,1500000.0,5,5,exclude,launch,0,0.0,prior,0.0,sa,12600.0,43200.0,164932.1072090782,0,150408.27366635122,14523.833542726996,0,1,0.305236033033308,1,3.479543794474827,4.983401520507053,11162.426560109037,3996.2710132157326,2.7932106013818165,2.0085339551148236,305.1422215858647,0.0,0.007017543859649123,0.014035087719298246,1.570099876374627,10.55868544600939,0.9435483870967742,732.9427511003917,213,37.400728940963745,0.25,0.25
core,50,1500000.0,2,8,exclude,launch,0,0.0,prior,0.0,sa,12600.0,43200.0,257513.10209401906,0,229899.06654626798,27614.03554775112,0,0,0.0,0,3.474056345195054,5.806654548282249,11180.58469949413,3423.328879555183,3.2659978321880954,2.0122659473068794,307.40470442312824,0.0,0.06382978723404255,0.0,3.9329839508734548,32.02857142857143,0.9361702127659575,1515.4232544301651,35,13.295443296432495,0.25,0.25
core,50,1500000.0,6,5,exclude,launch,0,0.0,prior,0.0,sa,12600.0,43200.0,393335.0727454733,0,363679.5771069506,29655.495638522778,0,2,0.7200381367392708,4,3.479543794474827,4.724338715820479,11162.426560109037,4214.515051242764,2.648567254924738,2.0089603019593607,305.40026727897725,0.0,0.0,0.0,1.3718277470668194,7.479591836734694,0.8951612903225806,750.1873174565771,294,37.10160183906555,0.25,0.25
core,50,1500000.0,5,6,exclude,launch,0,0.0,prior,0.0,sa,12600.0,43200.0,344673.91873678676,0,326990.3678529976,17683.550883789176,0,1,0.7073826147287761,1,4.711271891805105,6.507665763882403,8156.942948444614,3061.8826867180474,2.664028567726685,2.0074567852138565,304.49075222203163,0.0,0.013793103448275862,0.027586206896551724,1.5147044125627684,10.655963302752294,0.9361702127659575,708.61903173217,218,35.17801332473755,0.25,0.25
core,50,1500000.0,3,7,exclude,launch,0,0.0,prior,0.0,sa,12600.0,43200.0,159099.08736553017,0,144957.28380148468,14141.803564045487,0,0,0.0,0,5.652446880759121,6.081047134835716,6743.247985132418,3273.2247058278763,2.0601237590337966,2.009582319604369,305.77693801732164,0.0,0.03773584905660377,0.0,2.5932213192877835,22.128205128205128,0.9313725490196079,967.2190104741494,78,26.09869647026062,0.25,0.25
core,50,1500000.0,2,9,exclude,launch,0,0.0,prior,0.0,sa,12600.0,43200.0,237405.29583108216,0,211108.9186613383,26296.377169743857,0,0,0.0,0,3.336952979817363,6.359855495625507,11653.650073963363,3125.440912534341,3.72864194207841,2.0123404196581816,307.4499375821109,0.0,0.06521739130434782,0.0,3.9905319731361137,33.05882352941177,0.9142857142857143,1492.5672947820215,34,12.61235499382019,0.25,0.25
core,50,1500000.0,6,6,exclude,launch,0,0.0,prior,0.0,sa,12600.0,43200.0,330231.4968880967,0,315179.94422384194,15051.55266425472,0,1,0.738319452149236,3,4.711271891805105,5.956630071817455,8156.942948444614,3345.6860001665023,2.438047966258242,2.007123900973869,304.289565573847,0.0,0.0,0.0,1.373843040674243,8.578231292517007,0.9574468085106383,653.6556969648416,294,39.391220808029175,0.25,0.25
core,50,1500000.0,7,6,exclude,launch,0,0.0,prior,0.0,sa,12600.0,43200.0,1616714.337024496,0,1498932.1270827882,117782.20994170768,0,10,0.9627001802840345,12,4.711271891805105,5.581504712732678,8156.942948444614,3571.125524208448,2.2841378420190446,2.0067976313229687,304.0924411312619,0.0,0.0,0.0,1.1792795538156142,5.945,0.8064516129032258,688.9737225411781,400,42.716915130615234,0.25,0.25
core,50,1500000.0,3,8,exclude,launch,0,0.0,prior,0.0,sa,12600.0,43200.0,184988.24522156696,0,169694.69149401845,15293.553727548508,0,0,0.0,0,3.474056345195054,5.130187537714855,11180.58469949413,3879.569577600886,2.8819136957992564,2.0097554031005913,305.8817922272513,0.0,0.02857142857142857,0.0,2.599307522813167,19.512820512820515,0.956989247311828,1072.1238222974387,78,23.878427505493164,0.25,0.25
core,50,1500000.0,2,10,exclude,launch,0,0.0,prior,0.0,sa,12600.0,43200.0,269975.7110580264,0,239532.98096356157,30442.730094464845,0,0,0.0,0,5.531741198294158,5.708526864559122,6897.662941824104,3480.6318863418746,1.9817272170868694,2.0131579369800323,307.94670157969057,0.0,0.13725490196078433,0.0,3.5661634252401466,29.23076923076923,0.9052631578947369,1482.6028257888127,39,12.185417413711548,0.25,0.25
core,50,1500000.0,8,6,exclude,launch,0,0.0,prior,0.0,sa,12600.0,43200.0,2693542.245200182,0,2496532.423587447,197009.82161273476,0,17,0.983654952133214,23,4.711271891805105,5.612384779867183,8156.942948444614,3551.8237360858034,2.2965506045730084,2.006601570962988,303.97401679954646,0.0,0.0,0.0,1.03149528139466,4.172744721689059,0.5957446808510638,756.5202557897562,521,44.01073336601257,0.25,0.25
core,50,1500000.0,4,7,exclude,launch,0,0.0,prior,0.0,sa,12600.0,43200.0,119710.65265745582,0,111582.4605493975,8128.192108058328,0,0,0.0,0,5.652446880759121,6.112269494676465,6743.247985132418,3258.9429149127936,2.0691519186407294,2.0080787655674284,304.86683927638506,0.0,0.016304347826086956,0.0,1.9843009907742852,16.50735294117647,0.95,737.4601152608923,136,36.331910371780396,0.25,0.25
core,50,1500000.0,4,8,exclude,launch,0,0.0,prior,0.0,sa,12600.0,43200.0,337932.1705791612,0,321052.3571340627,16879.813445098527,0,1,0.6525750681570458,1,3.474056345195054,5.736021619178739,11180.58469949413,3473.327134098236,3.2189840656621285,2.007721744844728,304.6509345098712,0.0,0.02702702702702703,0.005405405405405406,1.9782461703379737,15.838235294117647,0.978494623655914,759.7092621146259,136,29.404402256011963,0.25,0.25
core,50,1500000.0,3,9,exclude,launch,0,0.0,prior,0.0,sa,12600.0,43200.0,167843.30123724358,0,151694.89788449675,16148.40335274682,0,0,0.0,0,3.336952979817363,5.190157214515131,11653.650073963363,3834.3437640582642,3.0392815018831687,2.009964706556582,306.008612546977,0.0,0.028846153846153848,0.0,2.6212678663617774,20.233766233766232,0.9333333333333333,1066.6791720830574,77,24.501198530197144,0.25,0.25
core,50,1500000.0,5,8,exclude,launch,0,0.0,prior,0.0,sa,12600.0,43200.0,323042.8486814232,0,308492.9865930094,14549.862088413787,0,1,0.6826528126169175,1,3.474056345195054,5.694178413558684,11180.58469949413,3499.6398576876204,3.1947815072839174,2.007268949857763,304.37722120426815,0.0,0.017543859649122806,0.017543859649122806,1.5892991839106154,11.485714285714286,0.989247311827957,677.6492571791546,210,34.802732944488525,0.25,0.25
core,50,1500000.0,7,7,exclude,launch,0,0.0,prior,0.0,sa,12600.0,43200.0,890833.7697282952,0,857819.3652810545,33014.40444724063,0,6,0.9066904867137644,10,5.652446880759121,5.425459192799911,6743.247985132418,3672.2103370317377,1.836291324908968,2.007686696448795,304.6297434599658,0.0,0.0,0.0,1.1767013711323495,5.9225,0.8571428571428571,693.4765995425732,400,41.34232974052429,0.25,0.25
core,50,1500000.0,6,7,exclude,launch,0,0.0,prior,0.0,sa,12600.0,43200.0,484254.2986612407,0,471145.1819592683,13109.11670197237,0,3,0.831983536612733,3,5.652446880759121,5.846568304194347,6743.247985132418,3408.9474875739616,1.978102628366203,2.0069597015865126,304.1903521857595,0.0,0.0024813895781637717,0.0,1.3428889583500572,8.956810631229235,0.9090909090909091,605.0400910369011,301,41.761842489242554,0.25,0.25
core,50,1500000.0,4,9,exclude,launch,0,0.0,prior,0.0,sa,12600.0,43200.0,343541.42542230693,0,322441.46912113804,21099.956301168953,0,1,0.6689472143080185,1,3.336952979817363,5.8681610109587625,11653.650073963363,3394.3917442645434,3.433207169930923,2.008149342173584,304.9095288375091,0.0,0.026595744680851064,0.02127659574468085,1.9120135175273358,14.95,0.9900990099009901,782.2877417071107,140,29.02150058746338,0.25,0.25
core,50,1500000.0,2,11,exclude,launch,0,0.0,prior,0.0,sa,12600.0,43200.0,286204.13003570616,0,253515.3910659566,32688.73896974957,0,0,0.0,0,4.200182292612492,4.684919621098946,9190.062846483472,4241.957951580665,2.1664672190017846,2.0127576591983387,307.7034228794695,0.0,0.041666666666666664,0.0,3.7767539103209717,30.36111111111111,0.9292929292929293,1529.43492447513,36,12.442404985427856,0.25,0.25
core,50,1500000.0,5,7,exclude,launch,0,0.0,prior,0.0,sa,12600.0,43200.0,99760.5423016911,0,94651.38126982363,5109.161031867472,0,0,0.0,0,5.652446880759121,5.972213270872736,6743.247985132418,3336.5697092738283,2.0210121689919736,2.007356369232528,304.43005639000245,0.0,0.01818181818181818,0.0,1.638584298496876,12.453658536585365,0.9595959595959596,642.4978329618513,205,46.005085945129395,0.25,0.25
core,50,1500000.0,1,12,exclude,launch,0,0.0,prior,0.0,sa,12600.0,43200.0,843871.6726010842,0,653841.8351091292,190029.837491955,0,0,0.0,0,3.44561696688949,5.864995571752439,11275.618092312146,3370.129754048611,3.3457519191261103,2.0236978986610703,314.3872163169272,0.0,0.08333333333333333,0.0,7.63892138167785,49.77777777777778,0.8113207547169812,3698.980577672275,9,2.3450047969818115,0.25,0.25
core,50,1500000.0,3,10,exclude,launch,0,0.0,prior,0.0,sa,12600.0,43200.0,164649.43470106318,0,153406.4117109486,11243.022990114576,0,0,0.0,0,5.531741198294158,5.81425145060851,6897.662941824104,3423.3041403948478,2.0149138548433267,2.009651243165289,305.8186898475641,0.0,0.057692307692307696,0.0,2.6348636463002677,21.545454545454547,0.956989247311828,1003.1961293434854,77,25.432819366455078,0.25,0.25
core,50,1500000.0,6,8,exclude,launch,0,0.0,prior,0.0,sa,12600.0,43200.0,445316.6002353876,0,429263.5944047666,16053.005830620945,0,3,0.7912638081403424,4,3.474056345195054,5.4265514294255315,11180.58469949413,3672.6885304322855,3.0442507190170423,2.007021243232721,304.22753529659235,0.0,0.0025380710659898475,0.0,1.3668936642027603,8.307432432432432,0.956989247311828,670.8842715929659,296,39.45403337478638,0.25,0.25
core,50,1500000.0,8,7,exclude,launch,0,0.0,prior,0.0,sa,12600.0,43200.0,1991587.2102989035,0,1858454.5232712268,133132.6870276768,0,13,0.970823528700066,23,5.652446880759121,5.646463447183544,6743.247985132418,3528.6103422908864,1.9110208640250388,2.007611929179463,304.58453994742774,0.0,0.0,0.0,1.0031274465645974,4.366355140186916,0.711340206185567,696.0453791194706,535,46.04999876022339,0.25,0.25
core,50,1500000.0,5,9,exclude,launch,0,0.0,prior,0.0,sa,12600.0,43200.0,329671.1727300561,0,311738.7647090292,17932.40802102688,0,1,0.6970918252650311,1,3.336952979817363,5.569979962877973,11653.650073963363,3576.8521898173094,3.2580742662890363,2.007730260679708,304.6560834868777,0.0,0.01056338028169014,0.01056338028169014,1.583146033079311,10.906103286384976,0.9702970297029703,712.4986044186779,213,34.52866220474243,0.25,0.25
core,50,3000000.0,3,1,exclude,launch,0,0.0,prior,0.0,sa,12600.0,43200.0,304235.52571754873,0,246359.68598701042,57875.83973053833,0,0,0.0,0,6.246921089507181,11.222103550321425,12472.975383191722,3549.6833723639975,3.513827593835515,2.0082884889833474,304.9937031048966,0.0,0.0945945945945946,0.06756756756756757,3.5890560010241632,19.839285714285715,0.9009009009009009,1535.4600239151766,56,7.009734869003296,0.25,0.25
core,50,1500000.0,9,7,exclude,launch,0,0.0,prior,0.0,sa,12600.0,43200.0,4107871.5917899874,0,3867068.032200086,240803.55958990127,0,26,0.9937518630386597,32,5.652446880759121,5.815039640220428,6743.247985132418,3427.997600263214,1.9671098908046631,2.006627697433241,303.9897963719244,0.0,0.0,0.007583965330444204,0.8633306052753624,3.046242774566474,0.44329896907216493,774.2088651470548,692,49.374611139297485,0.25,0.25
core,50,1500000.0,4,10,exclude,launch,0,0.0,prior,0.0,sa,12600.0,43200.0,130818.03928932785,0,121885.73489853341,8932.304390794428,0,0,0.0,0,5.531741198294158,5.78446371752618,6897.662941824104,3443.3598546835988,2.0031780682004587,2.008234751960029,304.9611945179707,0.0,0.02197802197802198,0.0,1.9952401746243604,15.244444444444444,0.946236559139785,809.4272522689441,135,34.9932816028595,0.25,0.25
core,50,1500000.0,2,12,exclude,launch,0,0.0,prior,0.0,sa,12600.0,43200.0,329830.18332307326,0,281082.34340378415,48747.83991928915,0,0,0.0,0,3.44561696688949,5.174075920432897,11275.618092312146,3839.406133365099,2.93681306448023,2.013553346028785,308.187115573844,0.0,0.02127659574468085,0.0,3.926929476277464,30.294117647058822,0.9230769230769231,1626.222021569841,34,13.651891231536865,0.25,0.25
core,50,1500000.0,6,9,exclude,launch,0,0.0,prior,0.0,sa,12600.0,43200.0,753848.8461878317,0,723385.8860566454,30462.96013118625,0,4,0.8965442705219798,6,3.336952979817363,5.455248978771444,11653.650073963363,3652.913017191449,3.190234757608135,2.0072713397684643,304.37866557568714,0.0,0.002544529262086514,0.0,1.3682763751978186,8.350340136054422,0.9207920792079208,670.5068267107478,294,38.20717406272888,0.25,0.25
core,50,1500000.0,3,11,exclude,launch,0,0.0,prior,0.0,sa,12600.0,43200.0,180416.7121887061,0,167602.65372839145,12814.058460314649,0,0,0.0,0,4.200182292612492,4.858081703041095,9190.062846483472,4096.889721348018,2.2431804299237093,2.0097447503952885,305.875338285253,0.0,0.06862745098039216,0.0,2.6623231342163733,21.506666666666668,0.9591836734693877,1020.3345622935955,75,24.53419065475464,0.25,0.25
core,50,3000000.0,4,1,exclude,launch,0,0.0,prior,0.0,sa,12600.0,43200.0,227135.78038737967,0,190104.4439943962,37031.33639298345,0,0,0.0,0,6.246921089507181,9.934246137604694,12472.975383191722,4012.576572979997,3.108470369682812,2.006927747911967,304.17104685452,0.0,0.1,0.05,2.99178147232543,15.590909090909092,0.9454545454545454,1219.1256781688637,88,11.894654273986816,0.25,0.25
core,50,1500000.0,6,10,exclude,launch,0,0.0,prior,0.0,sa,12600.0,43200.0,447898.3311262663,0,425497.02504780015,22401.306078466154,0,2,0.7630926039757293,3,5.531741198294158,5.136091179425424,6897.662941824104,3878.0748120881944,1.7786307062266231,2.0082190546407137,304.9516986421842,0.0,0.0,0.0,1.362792317000876,7.547297297297297,0.9560439560439561,735.540169567894,296,36.61735677719116,0.25,0.25
core,50,1500000.0,7,10,exclude,launch,0,0.0,prior,0.0,sa,12600.0,43200.0,1408190.7710566004,0,1328127.305416172,80063.46564042836,0,9,0.9459264028091747,13,5.531741198294158,5.3643494477237565,6897.662941824104,3714.7486958719305,1.8568316477206745,2.007305577092459,304.3993576924713,0.0,0.0,0.0,1.1650196604128449,5.518610421836228,0.8131868131868132,738.4175635017446,403,39.43735957145691,0.25,0.25
core,50,3000000.0,5,1,exclude,launch,0,0.0,prior,0.0,sa,12600.0,43200.0,160385.10107879853,0,145343.00835424993,15042.092724548587,0,0,0.0,0,6.246921089507181,10.105497921340408,12472.975383191722,3946.9847298617583,3.1601276003995546,2.0057039219417963,303.4321135827333,0.0,0.05232558139534884,0.03488372093023256,2.6735396839097567,14.08130081300813,0.9541284403669725,935.202211670289,123,17.575717210769653,0.25,0.25
core,50,1500000.0,4,11,exclude,launch,0,0.0,prior,0.0,sa,12600.0,43200.0,149779.22660287566,0,139332.31119812583,10446.915404749814,0,0,0.0,0,4.200182292612492,4.318791372229472,9190.062846483472,4608.344590001354,1.994222147888635,2.009799899314005,305.9087509963725,0.0,0.010638297872340425,0.0,1.9195512642884947,13.735714285714286,0.9690721649484536,841.7732548374447,140,32.37455725669861,0.25,0.25
core,50,1500000.0,5,10,exclude,launch,0,0.0,prior,0.0,sa,12600.0,43200.0,107433.54953213903,0,100246.91882211945,7186.630710019595,0,0,0.0,0,5.531741198294158,5.6465047283535315,6897.662941824104,3528.495406998499,1.9548453791786493,2.0076626460623084,304.61520248078773,0.0,0.014545454545454545,0.0,1.6456161476615037,12.082926829268292,0.967032967032967,663.9755696591516,205,45.24301862716675,0.25,0.25
core,50,1500000.0,3,12,exclude,launch,0,0.0,prior,0.0,sa,12600.0,43200.0,185123.8500106094,0,169531.27558232643,15592.574428282971,0,0,0.0,0,3.44561696688949,5.369406117070337,11275.618092312146,3706.0731125780703,3.042470493645616,2.010109681716038,306.096470728943,0.0,0.06796116504854369,0.0,2.682482095537784,22.066666666666666,0.9326923076923077,999.6920771199339,75,24.863696575164795,0.25,0.25
core,50,3000000.0,4,2,exclude,launch,0,0.0,prior,0.0,sa,12600.0,43200.0,174109.91771582307,0,161932.32027346065,12177.597442362417,0,0,0.0,0,8.07953686283802,9.25160526631108,9568.224312620543,4307.194376839759,2.221451709741706,2.0076057048083857,304.5807769087211,0.0,0.041666666666666664,0.025,3.141922838903941,16.341176470588234,0.9181818181818182,1209.2504026995343,85,13.559123516082764,0.25,0.25
core,50,1500000.0,8,10,exclude,launch,0,0.0,prior,0.0,sa,12600.0,43200.0,2749545.017933499,0,2594122.623986913,155422.39394658586,0,20,0.9800916235007197,26,5.531741198294158,5.151694854777758,6897.662941824104,3865.9730685358318,1.7841983944384978,2.008403807646202,305.06347178260756,0.0,0.0,0.0,0.9916068898359955,3.3443830570902393,0.6043956043956044,902.582549712322,543,41.602604150772095,0.25,0.25
core,50,1500000.0,5,11,exclude,launch,0,0.0,prior,0.0,sa,12600.0,43200.0,399929.8827693421,0,354844.78156215185,45085.10120719025,0,1,0.7245646928353118,1,4.200182292612492,5.702102108445164,9190.062846483472,3494.699606006904,2.6297146772463726,2.007313245169682,304.40399216828274,0.0,0.006944444444444444,0.020833333333333332,1.56697460858471,11.140845070422536,0.9587628865979382,687.501022186828,213,35.290382862091064,0.25,0.25
core,50,1500000.0,4,12,exclude,launch,0,0.0,prior,0.0,sa,12600.0,43200.0,414604.5558294411,0,388790.9609725603,25813.594856880823,0,1,0.6667467472644274,1,3.44561696688949,5.375969537705957,11275.618092312146,3703.759703865698,3.0443708539038123,2.008909579983439,305.369562174708,0.0,0.015789473684210527,0.010526315789473684,1.8901444775618421,14.825174825174825,0.9230769230769231,785.8527289557697,143,29.559250593185425,0.25,0.25
core,50,1500000.0,6,11,exclude,launch,0,0.0,prior,0.0,sa,12600.0,43200.0,407316.3623589411,0,359844.2177837223,47472.144575218714,0,1,0.7114250726050423,3,4.200182292612492,5.108539642897219,9190.062846483472,3899.6096889727833,2.3566622250608558,2.007900013537168,304.7587311864669,0.0,0.0,0.0,1.3744889605072224,7.629251700680272,0.9587628865979382,735.8295762727392,294,37.528135776519775,0.25,0.25
core,50,3000000.0,5,2,exclude,launch,0,0.0,prior,0.0,sa,12600.0,43200.0,140524.8908565573,0,128040.54995195297,12484.340904604325,0,0,0.0,0,8.07953686283802,9.409628490561474,9568.224312620543,4236.639577687948,2.2584466148621942,2.0067625653661723,304.0712589068029,0.0,0.07222222222222222,0.027777777777777776,2.506637936321826,13.390977443609023,0.9357798165137615,939.3768387923205,133,17.452075481414795,0.25,0.25
core,50,3000000.0,6,1,exclude,launch,0,0.0,prior,0.0,sa,12600.0,43200.0,130342.02616693426,0,117800.82589399409,12541.200272940174,0,0,0.0,0,6.246921089507181,10.359843306464617,12472.975383191722,3851.0517945704933,3.2388490336009177,2.005198820991347,303.1274009167181,0.0,0.056451612903225805,0.04435483870967742,2.198051421084053,11.783333333333333,0.9541284403669725,792.5680340133522,180,24.317879676818848,0.25,0.25
core,50,1500000.0,9,10,exclude,launch,0,0.0,prior,0.0,sa,12600.0,43200.0,4658098.23040644,0,4379850.333205321,278247.8972011188,0,31,0.9956665377925805,37,5.531741198294158,5.621488781974757,6897.662941824104,3546.349664927412,1.9450036216226545,2.0064442114066883,303.8789852022092,0.0,0.0,0.0,0.8495404773246726,2.6315049226441634,0.4175824175824176,874.8652562608219,711,47.36174702644348,0.25,0.25
core,50,1500000.0,5,12,exclude,launch,0,0.0,prior,0.0,sa,12600.0,43200.0,391006.6434986555,0,369315.06417204224,21691.579326613297,0,1,0.7069860412774374,1,3.44561696688949,5.234930800453017,11275.618092312146,3804.9051465021093,2.963442624234127,2.0081919023359207,304.93527358071685,0.0,0.010752688172043012,0.0035842293906810036,1.625077352842166,11.490384615384615,0.9423076923076923,691.6730771547136,208,35.207881689071655,0.25,0.25
core,50,1500000.0,7,11,exclude,launch,0,0.0,prior,0.0,sa,12600.0,43200.0,2398822.4273279854,0,2246051.960394567,152770.4669334188,0,12,0.9731115835532893,15,4.200182292612492,5.0886121215182865,9190.062846483472,3917.218639117228,2.346068395241404,2.0067017568086296,304.03452814847446,0.0,0.0,0.0,1.169270243135447,5.4975,0.78125,742.517211733086,400,40.30933356285095,0.25,0.25
core,50,1500000.0,6,12,exclude,launch,0,0.0,prior,0.0,sa,12600.0,43200.0,755894.2992776105,0,697838.8950532074,58055.40422440321,0,3,0.8655121451582788,5,3.44561696688949,4.981165507625989,11275.618092312146,3998.1763030335715,2.820190316209142,2.0084779971106617,305.1083611968995,0.0,0.0,0.0,1.36624048992782,8.170648464163822,0.8725490196078431,684.9964992739525,293,39.08129405975342,0.25,0.25
core,50,3000000.0,6,2,exclude,launch,0,0.0,prior,0.0,sa,12600.0,43200.0,115086.61203736653,0,106174.33282476178,8912.279212604748,0,0,0.0,0,8.07953686283802,9.244941383396435,9568.224312620543,4313.296142660654,2.218309152943621,2.006210726448757,303.73800780616057,0.0,0.049586776859504134,0.028925619834710745,2.200894604695481,11.805555555555555,0.9537037037037037,777.025652567384,180,24.909604787826538,0.25,0.25
core,50,3000000.0,5,3,exclude,launch,0,0.0,prior,0.0,sa,12600.0,43200.0,175676.39928790723,0,159314.28813659193,16362.111151315285,0,0,0.0,0,11.168249115541965,10.773631702699365,6829.830665996728,3701.8987801786097,1.8449533797537279,2.005872489670002,303.5338396424785,0.0,0.05851063829787234,0.047872340425531915,2.422151510189296,13.277372262773723,0.9433962264150944,921.869710394706,137,16.372243642807007,0.25,0.25
core,50,3000000.0,7,1,exclude,launch,0,0.0,prior,0.0,sa,12600.0,43200.0,336858.9862101734,0,304997.97909161646,31861.007118556954,0,1,0.6869364382396382,1,6.246921089507181,10.74820808723084,12472.975383191722,3712.690673792992,3.3595514625647414,2.004772766261116,302.8704935460044,0.0,0.02416918429003021,0.04833836858006042,1.898286284070217,10.223140495867769,0.9174311926605505,665.9969894869309,242,39.302284717559814,0.25,0.25
core,50,3000000.0,7,2,exclude,launch,0,0.0,prior,0.0,sa,12600.0,43200.0,96192.68439077323,0,89963.15241880227,6229.531971970955,0,0,0.0,0,8.07953686283802,8.969219331152013,9568.224312620543,4446.917818356195,2.1516530557691844,2.0057474059885165,303.458353395789,0.0,0.03164556962025317,0.02531645569620253,2.0182998550934523,10.525641025641026,0.9629629629629629,675.6895783504294,234,32.67633891105652,0.25,0.25
core,50,3000000.0,6,3,exclude,launch,0,0.0,prior,0.0,sa,12600.0,43200.0,144583.0404047392,0,132198.37605691268,12384.66434782653,0,0,0.0,0,11.168249115541965,10.512388602737511,6829.830665996728,3795.005991667633,1.7996890336912241,2.0052850423220514,303.1794048949344,0.0,0.02766798418972332,0.015810276679841896,2.1465203056428503,11.827027027027027,0.9716981132075472,761.2855929344769,185,23.959720611572266,0.25,0.25
core,50,3000000.0,8,1,exclude,launch,0,0.0,prior,0.0,sa,12600.0,43200.0,317772.8109305703,0,287931.0376470089,29841.773283561404,0,1,0.7281954409459873,1,6.246921089507181,11.36470595525468,12472.975383191722,3512.0328211214464,3.5514973858384695,2.0043484179959146,302.61472341926884,0.0,0.014457831325301205,0.060240963855421686,1.6903432871728619,9.224025974025974,0.9532710280373832,581.5688787018402,308,44.59361267089844,0.25,0.25
core,50,3000000.0,7,3,exclude,launch,0,0.0,prior,0.0,sa,12600.0,43200.0,119192.48051632792,0,111543.61978736198,7648.8607289659485,0,0,0.0,0,11.168249115541965,11.1149339487184,6829.830665996728,3590.041413861547,1.902437849219788,2.0048581126224567,302.9219479509499,0.0,0.01791044776119403,0.05373134328358209,1.8650582566800342,10.55691056910569,0.9716981132075472,641.9791472991996,246,29.868419885635376,0.25,0.25
core,50,3000000.0,9,1,exclude,launch,0,0.0,prior,0.0,sa,12600.0,43200.0,308317.7433808419,0,280643.64096399327,27674.102416848687,0,1,0.7505267443865561,1,6.246921089507181,10.822691079469715,12472.975383191722,3687.9608480136267,3.382079121016101,2.0043262896295877,302.6013888123403,0.0,0.013779527559055118,0.045275590551181105,1.555988744543651,8.303430079155673,0.9532710280373832,526.7630483836242,379,48.941306591033936,0.25,0.25
core,50,3000000.0,8,2,exclude,launch,0,0.0,prior,0.0,sa,12600.0,43200.0,84541.50350419612,0,79968.11561496185,4573.387889234282,0,0,0.0,0,8.07953686283802,8.665784671571776,9568.224312620543,4602.066450715529,2.0791147661791967,2.0059920534187548,303.60600346250465,0.0,0.020050125313283207,0.047619047619047616,1.7836484331950468,9.222972972972974,0.9537037037037037,606.943470454624,296,40.474234104156494,0.25,0.25
core,50,3000000.0,10,1,exclude,launch,0,0.0,prior,0.0,sa,12600.0,43200.0,303790.92238574836,0,275634.0463529383,28156.876032810025,0,1,0.7617104235998329,1,6.246921089507181,11.500448063070984,12472.975383191722,3470.8988369028884,3.5935865518689276,2.004164061391795,302.5036386572592,0.0,0.011400651465798045,0.06351791530944625,1.4098250671974173,7.3201754385964914,0.9532710280373832,491.59446326939604,456,53.51597261428833,0.25,0.25
core,50,3000000.0,8,3,exclude,launch,0,0.0,prior,0.0,sa,12600.0,43200.0,106612.92912489528,0,100915.33726453406,5697.591860361217,0,0,0.0,0,11.168249115541965,11.011840014000972,6829.830665996728,3624.065173381903,1.88457721901929,2.0046293964297126,302.7840672512185,0.0,0.018823529411764704,0.058823529411764705,1.6668354289513463,8.977777777777778,0.9809523809523809,580.5751118762761,315,37.68262839317322,0.25,0.25
core,50,3000000.0,5,4,exclude,launch,0,0.0,prior,0.0,sa,12600.0,43200.0,189941.42831359582,0,169541.3182887498,20400.110024846,0,0,0.0,0,10.236639159284525,9.672577009272601,7481.731626482197,4122.151128685506,1.8150066295284066,2.0064293904974386,303.8700354171139,0.0,0.059782608695652176,0.07065217391304347,2.4737718687676824,13.5,0.9279279279279279,929.2318377477105,132,19.445151329040527,0.25,0.25
core,50,3000000.0,9,2,exclude,launch,0,0.0,prior,0.0,sa,12600.0,43200.0,147330.57553619338,0,141430.9770581465,5899.598478046883,0,1,0.49799456305272205,1,8.07953686283802,10.469596532843301,9568.224312620543,3810.624730315124,2.510933243176976,2.0052284595316743,303.1452767557268,0.0,0.03913894324853229,0.05870841487279843,1.520993576257877,7.837270341207349,0.9537037037037037,553.8428007401043,381,47.827125787734985,0.25,0.25
core,50,3000000.0,10,2,exclude,launch,0,0.0,prior,0.0,sa,12600.0,43200.0,139096.20836425602,0,133642.96560781088,5453.2427564451455,0,1,0.5273693368860882,1,8.07953686283802,10.359412544043265,9568.224312620543,3851.7746391483797,2.484108030457374,2.0049058786958085,302.9507475112184,0.0,0.013311148086522463,0.04326123128119801,1.4606788458004059,7.296875,0.9351851851851852,505.50973734974934,448,54.17626214027405,0.25,0.25
core,50,3000000.0,6,4,exclude,launch,0,0.0,prior,0.0,sa,12600.0,43200.0,155548.7686509357,0,142681.09447589229,12867.674175043387,0,0,0.0,0,10.236639159284525,8.898277956456047,7481.731626482197,4482.116872304317,1.6692406377693887,2.0058610375390895,303.5269280517641,0.0,0.04201680672268908,0.02100840336134454,2.2637300681695507,11.92134831460674,0.9553571428571429,785.8049883157391,178,24.702258110046387,0.25,0.25
core,50,3000000.0,9,3,exclude,launch,0,0.0,prior,0.0,sa,12600.0,43200.0,101968.38241774609,0,90798.59536460796,11169.78705313814,0,0,0.0,0,11.168249115541965,11.239554792445146,6829.830665996728,3551.1483642343837,1.9232738160939153,2.004343079940179,302.6115066671174,0.0,0.005905511811023622,0.03937007874015748,1.553302801311271,8.343832020997375,0.9523809523809523,519.1127648800228,381,47.49526858329773,0.25,0.25
core,50,3000000.0,11,2,exclude,launch,0,0.0,prior,0.0,sa,12600.0,43200.0,139163.92140523865,0,133541.8566794787,5622.064725759968,0,1,0.5271510833595707,1,8.07953686283802,10.589942284597749,9568.224312620543,3767.01026717114,2.540004840444956,2.0053934397374116,303.2447906001072,0.0,0.027510316368638238,0.07702888583218707,1.2807949387344368,6.009208103130755,0.9439252336448598,504.7005502555849,543,56.945598125457764,0.25,0.25
core,50,3000000.0,12,2,exclude,launch,0,0.0,prior,0.0,sa,12600.0,43200.0,477113.2449977449,0,446243.6599778093,30869.5850199356,0,3,0.8790038557474884,4,8.07953686283802,10.578505809964962,9568.224312620543,3771.0593376840625,2.5372775806006596,2.005405916909062,303.2523173267255,0.0,0.004739336492890996,0.07938388625592417,1.1911244162295678,5.17981072555205,0.897196261682243,497.3237882531101,634,60.19687628746033,0.25,0.25
core,50,3000000.0,13,2,exclude,launch,0,0.0,prior,0.0,sa,12600.0,43200.0,875803.7216896411,0,829037.1997642107,46766.52192543038,0,8,0.9348718294897663,9,8.07953686283802,12.702402951363405,9568.224312620543,3139.3223787796405,3.047862932872804,2.0061720963115466,303.71468621879154,0.0,0.0039447731755424065,0.20315581854043394,0.9223563194892421,3.7552631578947366,0.8411214953271028,573.0049560251028,760,58.36131477355957,0.25,0.25
core,50,3000000.0,3,5,exclude,launch,0,0.0,prior,0.0,sa,12600.0,43200.0,347606.7575080236,0,279031.46354370716,68575.29396431637,0,0,0.0,0,6.959087588949654,9.06906850809283,11162.426560109037,4391.039342583668,2.5420921310946656,2.0089076663643324,305.36840377461675,0.0,0.136986301369863,0.0273972602739726,3.8943788733536913,19.88235294117647,0.904,1571.99321715038,51,6.499080181121826,0.25,0.25
core,50,3000000.0,10,3,exclude,launch,0,0.0,prior,0.0,sa,12600.0,43200.0,87437.54643832643,0,83539.7073448375,3897.8390934889417,0,0,0.0,0,11.168249115541965,11.621724901729543,6829.830665996728,3434.2162561819555,1.9887596343713954,2.004433979221165,302.66628558421934,0.0,0.00641025641025641,0.06570512820512821,1.3616477987596058,7.169851380042463,0.9619047619047619,485.3681412024703,471,55.17695498466492,0.25,0.25
core,50,3000000.0,7,4,exclude,launch,0,0.0,prior,0.0,sa,12600.0,43200.0,139297.17256743123,0,128177.8768036141,11119.295763817126,0,0,0.0,0,10.236639159284525,9.531664236853768,7481.731626482197,4184.835274157268,1.7878198629906286,2.005593363239637,303.36540365748147,0.0,0.04024767801857585,0.043343653250773995,1.9206727029043318,10.180672268907562,0.9375,680.8795196639597,238,32.11214327812195,0.25,0.25
core,50,3000000.0,4,5,exclude,launch,0,0.0,prior,0.0,sa,12600.0,43200.0,240663.455261437,0,194570.4602290503,46092.99503238666,0,0,0.0,0,6.959087588949654,8.202455748031479,11162.426560109037,4858.366619348848,2.2975677701336386,2.0075011684945023,304.51758135533635,0.0,0.05,0.008333333333333333,3.073772766710159,16.09090909090909,0.944,1195.1816541747276,88,12.929512977600098,0.25,0.25
core,50,3000000.0,11,3,exclude,launch,0,0.0,prior,0.0,sa,12600.0,43200.0,79108.25629634473,0,76153.03553573327,2955.2207606114594,0,0,0.0,0,11.168249115541965,11.509687589438375,6829.830665996728,3468.119412881096,1.9693181960891402,2.0041600869437053,302.5012440632368,0.0,0.004172461752433936,0.04728789986091794,1.3177520501276556,6.607407407407408,0.9714285714285714,456.5219385978782,540,62.756755352020264,0.25,0.25
core,50,3000000.0,8,4,exclude,launch,0,0.0,prior,0.0,sa,12600.0,43200.0,113753.29010377079,0,107410.87969515272,6342.410408618073,0,0,0.0,0,10.236639159284525,9.77663426484766,7481.731626482197,4080.68472350346,1.8334500539553513,2.005245617669281,303.1556255529882,0.0,0.02962962962962963,0.04938271604938271,1.719587369491752,9.131578947368421,0.9464285714285714,599.2862596811416,304,41.53313994407654,0.25,0.25
core,50,3000000.0,5,5,exclude,launch,0,0.0,prior,0.0,sa,12600.0,43200.0,182799.17754762055,0,158838.61441399597,23960.56313362458,0,0,0.0,0,6.959087588949654,8.709855782994365,11162.426560109037,4576.770458795535,2.4389308270108536,2.006873005816428,304.13797495254244,0.0,0.0718232044198895,0.049723756906077346,2.425944808911317,12.807407407407407,0.952,957.9451748369191,135,17.28700041770935,0.25,0.25
core,50,3000000.0,12,3,exclude,launch,0,0.0,prior,0.0,sa,12600.0,43200.0,270804.36578841764,0,244427.88026881398,26376.485519603655,0,1,0.7206051656730905,2,11.168249115541965,11.023244821335982,6829.830665996728,3620.4877474594355,1.8864393812102662,2.004534115205115,302.72663658327684,0.0,0.0,0.0448642266824085,1.213287441004084,5.584639498432602,0.9714285714285714,459.9645295666759,638,66.36328148841858,0.25,0.25
core,50,3000000.0,13,3,exclude,launch,0,0.0,prior,0.0,sa,12600.0,43200.0,642135.7096085014,0,581526.7698629801,60608.939745521275,0,3,0.8918511371688425,7,11.168249115541965,10.413659104785824,6829.830665996728,3831.974060495001,1.7823269568569247,2.004767760521152,302.8674757748072,0.0,0.0010362694300518134,0.03005181347150259,1.1610970643601535,4.678082191780822,0.9142857142857143,482.44034488445453,730,68.57619786262512,0.25,0.25
core,50,3000000.0,9,4,exclude,launch,0,0.0,prior,0.0,sa,12600.0,43200.0,105166.1565188606,0,99128.54901714894,6037.607501711675,0,0,0.0,0,10.236639159284525,9.614866813862818,7481.731626482197,4149.18598511558,1.8031805885109742,2.0053205851166602,303.20084365779144,0.0,0.03180914512922465,0.041749502982107355,1.549496017851299,7.784776902887139,0.954954954954955,557.8821726714017,381,47.272072315216064,0.25,0.25
core,50,3000000.0,14,3,exclude,launch,0,0.0,prior,0.0,sa,12600.0,43200.0,1316666.1057863247,0,1228468.0744603642,88198.03132596044,0,8,0.9552062568009255,10,11.168249115541965,14.062949955881454,6829.830665996728,2837.626405043972,2.406881559128603,2.00474130703201,302.8515282169176,0.0,0.000847457627118644,0.18898305084745762,0.8521323745490977,3.695067264573991,0.8761904761904762,498.33202430056406,892,69.0147054195404,0.25,0.25
core,50,3000000.0,6,5,exclude,launch,0,0.0,prior,0.0,sa,12600.0,43200.0,140447.0821033119,0,131005.28065739658,9441.801445915311,0,0,0.0,0,6.959087588949654,8.934731661915757,11162.426560109037,4463.1802010579095,2.50100288522144,2.006152998877625,303.7031571451315,0.0,0.06349206349206349,0.04365079365079365,2.1312273550365815,11.108108108108109,0.952,808.4720296101078,185,26.29103112220764,0.25,0.25
core,50,3000000.0,4,6,exclude,launch,0,0.0,prior,0.0,sa,12600.0,43200.0,198365.93775525954,0,178373.803894438,19992.133860821523,0,0,0.0,0,9.42254378361021,10.298658955206161,8156.942948444614,3869.8249152569883,2.1078325575623427,2.007326389105145,304.411936256283,0.0,0.0423728813559322,0.05084745762711865,3.0791624636328208,16.318181818181817,0.8865979381443299,1164.186633141477,88,11.742927312850952,0.25,0.25
core,50,3000000.0,15,3,exclude,launch,0,0.0,prior,0.0,sa,12600.0,43200.0,1453532.4101542127,0,1360560.1475160862,92972.26263812643,0,10,0.9641264622467505,13,11.168249115541965,13.386883092927967,6829.830665996728,2981.1194678730994,2.2910288365160754,2.004615737866578,302.77583423076277,0.0,0.0,0.17086193745232647,0.8534784379367022,3.464574898785425,0.8476190476190476,475.22674206574607,988,72.64545631408691,0.25,0.25
core,50,3000000.0,10,4,exclude,launch,0,0.0,prior,0.0,sa,12600.0,43200.0,96593.7700351893,0,91031.8364159354,5561.933619253898,0,0,0.0,0,10.236639159284525,9.79763804765367,7481.731626482197,4071.7661194278326,1.83746595630437,2.005329632100064,303.206300753535,0.0,0.014975041597337771,0.059900166389351084,1.4262761415824856,7.024444444444445,0.9636363636363636,521.7927997657594,450,53.99933052062988,0.25,0.25
core,50,3000000.0,5,6,exclude,launch,0,0.0,prior,0.0,sa,12600.0,43200.0,151316.26597820892,0,139230.12266647903,12086.143311729886,0,0,0.0,0,9.42254378361021,9.866671435974286,8156.942948444614,4041.1223431249805,2.0184845337141883,2.006399089263164,303.85173806091785,0.0,0.06741573033707865,0.033707865168539325,2.6127170249441005,13.866141732283465,0.9166666666666666,942.2428607218346,127,17.252281427383423,0.25,0.25
core,50,3000000.0,7,5,exclude,launch,0,0.0,prior,0.0,sa,12600.0,43200.0,115952.20146935743,0,109817.23448220901,6134.966987148416,0,0,0.0,1,6.959087588949654,8.324773663126606,11162.426560109037,4790.8439057324385,2.3299499586602566,2.0058826937683927,303.53999808682744,0.0,0.022508038585209004,0.028938906752411574,2.0077553369453525,10.40174672489083,0.9516129032258065,693.2643997862833,229,34.83470177650452,0.25,0.25
core,50,3000000.0,16,3,exclude,launch,0,0.0,prior,0.0,sa,12600.0,43200.0,2054422.7803023427,0,1939084.1416284188,115338.63867392394,0,13,0.978331345829027,18,11.168249115541965,12.837445821599909,6829.830665996728,3108.246834723355,2.1973257045412895,2.0049145296529014,302.95596357225344,0.0,0.0,0.10816326530612246,0.8266193002042694,2.9550359712230216,0.8,496.888312755136,1112,77.72129154205322,0.25,0.25
core,50,3000000.0,11,4,exclude,launch,0,0.0,prior,0.0,sa,12600.0,43200.0,234775.62816617088,0,222675.53358785925,12100.094578311646,0,1,0.6311736000867805,1,10.236639159284525,10.526188655434254,7481.731626482197,3790.889776944152,1.9736083259358819,2.004830590989001,302.90535497619146,0.0,0.009845288326300985,0.05625879043600562,1.3150504605826117,6.185046728971963,0.9545454545454546,499.28529988477067,535,56.23500943183899,0.25,0.25
core,50,3000000.0,12,4,exclude,launch,0,0.0,prior,0.0,sa,12600.0,43200.0,509295.60941204283,0,487765.4843049669,21530.125107075877,0,2,0.81316423617085,4,10.236639159284525,10.215464795400163,7481.731626482197,3903.0499556925656,1.9168936373899477,2.006447245853418,303.8808176057791,0.0,0.0023612750885478157,0.09681227863046045,1.1404706367563213,4.534375,0.9545454545454546,567.8776157934244,640,58.43365931510925,0.25,0.25
core,50,3000000.0,6,6,exclude,launch,0,0.0,prior,0.0,sa,12600.0,43200.0,124794.06879840266,0,115743.03078684624,9051.038011556415,0,0,0.0,0,9.42254378361021,9.762669815207733,8156.942948444614,4085.094842083972,1.996757300323394,2.0059460198223413,303.5782184389231,0.0,0.02040816326530612,0.02857142857142857,2.1860873994746246,11.796703296703297,0.9587628865979382,770.7598441762908,182,24.231126308441162,0.25,0.25
core,50,3000000.0,13,4,exclude,launch,0,0.0,prior,0.0,sa,12600.0,43200.0,1014415.6710834019,0,977459.2241083621,36956.44697503981,0,6,0.9225049671071722,11,10.236639159284525,10.20044497411314,7481.731626482197,3909.961214716126,1.9135053305190883,2.005849849386919,303.52017585350626,0.0,0.0010214504596527069,0.09499489274770173,1.0978497149194215,4.005442176870749,0.9174311926605505,552.9406024071012,735,60.1792356967926,0.25,0.25
core,50,3000000.0,17,3,exclude,launch,0,0.0,prior,0.0,sa,12600.0,43200.0,2948545.515998957,0,2744596.7843865557,203948.73161240123,0,18,0.9886850120288727,28,11.168249115541965,13.182091262066242,6829.830665996728,3027.800119221598,2.2557072452168923,2.0043726644977458,302.62933475709053,0.0,0.0,0.12636033857315598,0.7848399050202002,2.6301369863013697,0.6571428571428571,498.3751069433615,1241,82.27979135513306,0.25,0.25
core,50,3000000.0,8,5,exclude,launch,0,0.0,prior,0.0,sa,12600.0,43200.0,151057.44014205574,0,137047.5364297461,14009.903712309648,0,1,0.33327204589843396,1,6.959087588949654,9.49654944822127,11162.426560109037,4201.202934298671,2.656959621964189,2.0051667428438265,303.1080542757801,0.0,0.0170316301703163,0.046228710462287104,1.7250660946968697,9.039473684210526,0.9354838709677419,595.2052352039087,304,43.881370067596436,0.25,0.25
core,50,3000000.0,14,4,exclude,launch,0,0.0,prior,0.0,sa,12600.0,43200.0,2137180.084241678,0,1989209.9139128115,147970.17032886666,0,12,0.9712525548175043,17,10.236639159284525,11.527762645480342,7481.731626482197,3458.921534085361,2.1630243857094555,2.0063387033967492,303.8152757862752,0.0,0.0,0.15425065731814197,0.9091511021242589,3.1031286210892235,0.7431192660550459,603.1088360245774,863,61.56897187232971,0.25,0.25
core,50,3000000.0,15,4,exclude,launch,0,0.0,prior,0.0,sa,12600.0,43200.0,3097494.6961012534,0,2852319.653671826,245175.0424294278,0,18,0.9816838667072321,23,10.236639159284525,13.337763123626738,7481.731626482197,2985.7242929146705,2.5058347296958603,2.0088952187110385,305.36086870139843,0.0,0.0,0.2807153965785381,0.7191120043305019,2.1333333333333333,0.6238532110091743,787.3816683916549,960,57.63328289985657,0.25,0.25
core,50,3000000.0,9,5,exclude,launch,0,0.0,prior,0.0,sa,12600.0,43200.0,136021.62252552985,0,124850.83565629151,11170.786869238349,0,1,0.3701119071335463,1,6.959087588949654,9.594483047253163,11162.426560109037,4158.851831916143,2.6840164091554275,2.0049103564055106,302.95344732331506,0.0,0.014141414141414142,0.04040404040404041,1.6053463505952568,8.369565217391305,0.9354838709677419,534.1479051921369,368,49.26954960823059,0.25,0.25
core,50,3000000.0,5,7,exclude,launch,0,0.0,prior,0.0,sa,12600.0,43200.0,153206.56761181034,0,141700.43240345095,11506.135208359396,0,0,0.0,0,11.304893761518242,10.854405846426321,6743.247985132418,3673.1436312553515,1.8358247490659145,2.006531676668838,303.93180484133484,0.0,0.04081632653061224,0.05102040816326531,2.2928853144335357,13.179310344827586,0.9320388349514563,877.6830845620055,145,15.040797472000122,0.25,0.25
core,50,3000000.0,7,6,exclude,launch,0,0.0,prior,0.0,sa,12600.0,43200.0,104216.30837066355,0,99522.22104513987,4694.087325523672,0,0,0.0,0,9.42254378361021,10.071392387125798,8156.942948444614,3960.625652786102,2.059508689670434,2.0055646875282394,303.34810224112954,0.0,0.037267080745341616,0.040372670807453416,1.91180495592629,10.283333333333333,0.9278350515463918,668.2280923679259,240,30.683362007141113,0.25,0.25
core,50,3000000.0,6,7,exclude,launch,0,0.0,prior,0.0,sa,12600.0,43200.0,132122.70543246018,0,123701.91302082597,8420.792411634206,0,0,0.0,0,11.304893761518242,10.562139460925257,6743.247985132418,3775.972959547039,1.7858305812500652,2.005899702085441,303.5502631966739,0.0,0.061068702290076333,0.04198473282442748,2.027886176382658,11.127551020408163,0.9411764705882353,766.704389571838,196,21.228780031204224,0.25,0.25
core,50,3000000.0,16,4,exclude,launch,0,0.0,prior,0.0,sa,12600.0,43200.0,3953999.1073382297,0,3655451.554328785,298547.5530094448,0,23,0.9912177757031161,26,10.236639159284525,13.96264044159209,7481.731626482197,2856.914354990095,2.6188155110124525,2.0055117524038906,303.3161652667029,0.0,0.0,0.22326832548755884,0.704823405171176,2.1851520572450807,0.4954128440366973,665.9710224647748,1118,67.25758028030396,0.25,0.25
core,50,3000000.0,10,5,exclude,launch,0,0.0,prior,0.0,sa,12600.0,43200.0,134946.8489215696,0,123021.80582768524,11925.043093884362,0,1,0.3730596344163806,1,6.959087588949654,10.407887135721136,11162.426560109037,3833.2015294167095,2.9120374899275387,2.005237234159952,303.1505690824652,0.0,0.017915309446254073,0.08306188925081433,1.3550405933410707,6.898488120950324,0.9435483870967742,515.1005452271165,463,53.92459726333618,0.25,0.25
core,50,3000000.0,8,6,exclude,launch,0,0.0,prior,0.0,sa,12600.0,43200.0,94929.25062877042,0,89043.84566487768,5885.404963892739,0,0,0.0,0,9.42254378361021,10.178438843684392,8156.942948444614,3919.4111059580364,2.081165442442349,2.0053399070762534,303.21249862802705,0.0,0.02912621359223301,0.06796116504854369,1.7185249832600666,9.036303630363037,0.9578947368421052,603.5929419843825,303,38.87476921081543,0.25,0.25
core,50,3000000.0,3,8,exclude,launch,0,0.0,prior,0.0,sa,12600.0,43200.0,324050.0172555377,0,276541.9340019032,47508.08325363443,0,0,0.0,0,6.948112690390108,9.838562959462168,11180.58469949413,4048.419413267731,2.761716007697331,2.008504546340455,305.12442599681,0.0,0.11428571428571428,0.02857142857142857,4.123158550991146,20.857142857142858,0.9368421052631579,1675.4575880498555,49,7.1241230964660645,0.25,0.25
core,50,3000000.0,11,5,exclude,launch,0,0.0,prior,0.0,sa,12600.0,43200.0,136437.32296414702,0,124502.7179525791,11934.605011567915,0,1,0.36898424148612363,1,6.959087588949654,10.143214036556909,11162.426560109037,3932.0358090031714,2.8388415320507665,2.0058429799760633,303.5160301101381,0.0,0.0388739946380697,0.1447721179624665,1.2473011586550715,5.798181818181818,0.9354838709677419,511.8611276820273,550,56.89550304412842,0.25,0.25
core,50,3000000.0,9,6,exclude,launch,0,0.0,prior,0.0,sa,12600.0,43200.0,80823.78213558425,0,77205.40740509944,3618.3747304848157,0,0,0.0,0,9.42254378361021,9.762921881453485,8156.942948444614,4086.2816272230184,1.9961773789898964,2.005311653857433,303.19545641446996,0.0,0.011881188118811881,0.033663366336633666,1.575219485526465,8.23607427055703,0.9578947368421052,532.9753599038119,377,46.433796405792236,0.25,0.25
core,50,3000000.0,4,8,exclude,launch,0,0.0,prior,0.0,sa,12600.0,43200.0,215204.9401637305,0,194942.24667878787,20262.69348494263,0,0,0.0,0,6.948112690390108,10.249819249776476,11180.58469949413,3889.0241351029767,2.874907511778165,2.0069342366096654,304.174967057007,0.0,0.05084745762711865,0.05084745762711865,3.0601143723051014,16.488372093023255,0.956989247311828,1181.808095210662,86,10.86095905303955,0.25,0.25
core,50,3000000.0,7,7,exclude,launch,0,0.0,prior,0.0,sa,12600.0,43200.0,108469.59863693504,0,103483.82680752676,4985.771829408276,0,0,0.0,0,11.304893761518242,11.098246293375857,6743.247985132418,3594.7031491234115,1.875884518246464,2.00526879862249,303.1696072451712,0.0,0.041916167664670656,0.05089820359281437,1.8360296460544872,10.17269076305221,0.9313725490196079,652.0379798452315,249,32.96438384056091,0.25,0.25
core,50,3000000.0,5,8,exclude,launch,0,0.0,prior,0.0,sa,12600.0,43200.0,173359.7024869013,0,156961.0159445815,16398.68654231982,0,0,0.0,0,6.948112690390108,9.991320040571733,11180.58469949413,3991.0078947919624,2.8014438944318187,2.006247597395918,303.76026817951737,0.0,0.05434782608695652,0.05434782608695652,2.4646139198325208,13.274074074074074,0.9468085106382979,937.3933593336197,135,17.477787494659424,0.25,0.25
core,50,3000000.0,8,7,exclude,launch,0,0.0,prior,0.0,sa,12600.0,43200.0,97012.80484487987,0,92294.41376792658,4718.391076953272,0,0,0.0,0,11.304893761518242,10.990145834096797,6743.247985132418,3630.431779594712,1.8574231371137921,2.0050640550178542,303.04612640667966,0.0,0.04245283018867924,0.06132075471698113,1.648520441413623,8.917721518987342,0.96,587.7131871689118,316,38.7609977722168,0.25,0.25
core,50,3000000.0,10,6,exclude,launch,0,0.0,prior,0.0,sa,12600.0,43200.0,313520.45252329594,0,299070.2162404199,14450.23628287607,0,1,0.7776728309191432,1,9.42254378361021,11.613005850555092,8156.942948444614,3436.6445406073135,2.3735195339705233,2.0045215412924335,302.7190580761578,0.0,0.01461038961038961,0.07305194805194805,1.4075199791629407,7.425438596491228,0.9368421052631579,483.39000457770516,456,54.31719517707825,0.25,0.25
core,50,3000000.0,11,6,exclude,launch,0,0.0,prior,0.0,sa,12600.0,43200.0,309661.39903786144,0,295597.0649796748,14064.334058186572,0,1,0.7873643231684495,1,9.42254378361021,11.492659627494755,8156.942948444614,3472.714110425416,2.3488668197467506,2.0044739229197424,302.69035854773296,0.0,0.009817671809256662,0.05049088359046283,1.3154677868744564,6.567970204841713,0.9468085106382979,463.49740376934375,537,58.65103197097778,0.25,0.25
core,50,3000000.0,3,9,exclude,launch,0,0.0,prior,0.0,sa,12600.0,43200.0,304133.44672628684,0,251657.89772881108,52475.548997475766,0,0,0.0,0,6.673905959634726,9.948492126451644,11653.650073963363,4002.681645878258,2.911460641883336,2.009008048614282,305.42917265052057,0.0,0.09210526315789473,0.07894736842105263,3.852045565483253,19.71153846153846,0.9174311926605505,1683.9043552327437,52,6.334482192993164,0.25,0.25
core,50,3000000.0,12,6,exclude,launch,0,0.0,prior,0.0,sa,12600.0,43200.0,311727.501993049,0,298053.6452539984,13673.856739050603,0,1,0.7821457404495507,3,9.42254378361021,11.265866591688711,8156.942948444614,3541.559152901366,2.303206750552837,2.005076204148307,303.0534528435506,0.0,0.007134363852556481,0.07253269916765755,1.1869519302379135,5.292721518987341,0.956989247311828,484.4303296745094,632,60.456005573272705,0.25,0.25
core,50,3000000.0,6,8,exclude,launch,0,0.0,prior,0.0,sa,12600.0,43200.0,136295.89991988052,0,127621.8373429668,8674.062576913728,0,0,0.0,0,6.948112690390108,9.98443159058368,11180.58469949413,3994.8163694753316,2.7987731263258433,2.005717761902882,303.4404649820826,0.0,0.04669260700389105,0.05058365758754864,2.101744711417377,11.590425531914894,0.967741935483871,765.2333644193772,188,23.87328267097473,0.25,0.25
core,50,3000000.0,4,9,exclude,launch,0,0.0,prior,0.0,sa,12600.0,43200.0,200749.04577256032,0,179307.578033056,21441.467739504315,0,0,0.0,0,6.673905959634726,9.924876881299568,11653.650073963363,4016.1166207810743,2.901721034111032,2.007051625246394,304.24589277342085,0.0,0.043859649122807015,0.03508771929824561,3.2276129138133514,17.096385542168676,0.9158878504672897,1201.134729387013,83,10.453509330749512,0.25,0.25
core,50,3000000.0,9,7,exclude,launch,0,0.0,prior,0.0,sa,12600.0,43200.0,85542.35340547778,0,80124.21413362114,5418.139271856647,0,0,0.0,0,11.304893761518242,11.138613921076846,6743.247985132418,3582.985277584612,1.8820194510199677,2.0045357787724853,302.727639250213,0.0,0.014141414141414142,0.03636363636363636,1.6002091709572626,8.63586956521739,0.9696969696969697,514.8394525198938,368,49.091649770736694,0.25,0.25
core,50,3000000.0,13,6,exclude,launch,0,0.0,prior,0.0,sa,12600.0,43200.0,791102.0196820167,0,741051.6710168355,50050.348665181235,0,5,0.9224736414563711,7,9.42254378361021,11.775020205510609,8156.942948444614,3387.569861467168,2.4079039789637915,2.0055803485044423,303.3575511894947,0.0,0.0020222446916076846,0.11830131445904954,1.0282962507042233,4.21744966442953,0.8936170212765957,518.2523670157246,745,63.246906757354736,0.25,0.25
core,50,3000000.0,15,6,exclude,launch,0,0.0,prior,0.0,sa,12600.0,43200.0,2364713.3031787598,0,2184591.3576265504,180121.9455522096,0,14,0.9805446762293198,17,9.42254378361021,18.69351307688537,8156.942948444614,2132.037649491791,3.825890668670399,2.007262593149953,304.37337946775034,0.0,0.0,0.37014470677837014,0.5920674384766779,2.4642126789366054,0.6451612903225806,679.7917039119778,978,59.00162482261658,0.25,0.25
core,50,3000000.0,14,6,exclude,launch,0,0.0,prior,0.0,sa,12600.0,43200.0,1606300.883357566,0,1489279.4413712886,117021.4419862775,0,10,0.9689490074666988,12,9.42254378361021,13.174261133797593,8156.942948444614,3027.267761943979,2.6944900781444523,2.005916650861903,303.56049254436846,0.0,0.0017226528854435831,0.1843238587424634,0.8586410969506894,3.365296803652968,0.8172043010752689,550.8736399800752,876,64.53587341308594,0.25,0.25
core,50,3000000.0,7,8,exclude,launch,0,0.0,prior,0.0,sa,12600.0,43200.0,118182.36698650538,0,112187.6912974879,5994.675689017499,0,0,0.0,1,6.948112690390108,9.68529950059303,11180.58469949413,4119.2103595770905,2.7142543651599316,2.0052243092265396,303.1427735579922,0.0,0.04838709677419355,0.03870967741935484,1.9798865619499102,10.387931034482758,0.978494623655914,690.4560187029889,232,30.906157970428467,0.25,0.25
core,50,3000000.0,10,7,exclude,launch,0,0.0,prior,0.0,sa,12600.0,43200.0,76014.63560420541,0,73062.18865551108,2952.4469486943362,0,0,0.0,0,11.304893761518242,11.266354515472706,6743.247985132418,3542.7055279768506,1.903417580682557,2.004340578806052,302.6099994709425,0.0,0.01335559265442404,0.03672787979966611,1.4722524481938544,7.669662921348315,0.96,483.7217105400983,445,57.44362831115723,0.25,0.25
core,50,3000000.0,5,9,exclude,launch,0,0.0,prior,0.0,sa,12600.0,43200.0,151476.24229392115,0,141219.6146574761,10256.627636445071,0,0,0.0,0,6.673905959634726,9.352935463781268,11653.650073963363,4262.834806962529,2.733779421836695,2.0065202456127835,303.9249014485254,0.0,0.05555555555555555,0.027777777777777776,2.50705216355241,13.522388059701493,0.9158878504672897,921.458722163659,134,17.075912952423096,0.25,0.25
core,50,3000000.0,11,7,exclude,launch,0,0.0,prior,0.0,sa,12600.0,43200.0,77051.7167156398,0,74219.88545285931,2831.831262780482,0,0,0.0,0,11.304893761518242,11.126297373926034,6743.247985132418,3586.441653046658,1.8802056850427427,2.004820774691521,302.8994367755008,0.0,0.01912568306010929,0.06420765027322405,1.2915968554651827,6.152727272727272,0.9494949494949495,482.8813284694882,550,61.810333251953125,0.25,0.25
core,50,3000000.0,6,9,exclude,launch,0,0.0,prior,0.0,sa,12600.0,43200.0,127929.77985864186,0,119066.71748096008,8863.06237768177,0,0,0.0,0,6.673905959634726,9.689844925207105,11653.650073963363,4115.85530185015,2.8314042208249743,2.005917476136397,303.5609906389857,0.0,0.06451612903225806,0.05241935483870968,2.1513648557782106,11.38586956521739,0.9142857142857143,796.0937705368976,184,24.353519678115845,0.25,0.25
core,50,3000000.0,5,10,exclude,launch,0,0.0,prior,0.0,sa,12600.0,43200.0,165885.3282990657,0,152005.8665639754,13879.461735090292,0,0,0.0,0,11.063482396588316,9.655570575022905,6897.662941824104,4128.8331576914325,1.6706082998230947,2.006710442399129,304.03977445063487,0.0,0.06914893617021277,0.02127659574468085,2.4199005527636026,13.253623188405797,0.9368421052631579,919.9580234296576,138,17.120392560958862,0.25,0.25
core,50,3000000.0,12,7,exclude,launch,0,0.0,prior,0.0,sa,12600.0,43200.0,414654.50112181104,0,408594.84960738855,6059.651514422484,0,2,0.852116342303179,3,11.304893761518242,10.290364672319066,6743.247985132418,3878.109861401709,1.7387975653415682,2.0046525623920903,302.798031336298,0.0,0.002366863905325444,0.014201183431952662,1.2689891228349597,5.772151898734177,0.9494949494949495,450.798510968923,632,66.23353290557861,0.25,0.25
core,50,3000000.0,8,8,exclude,launch,0,0.0,prior,0.0,sa,12600.0,43200.0,313376.35102676885,0,299828.61956450983,13547.731462258986,0,1,0.7037101189212496,1,6.948112690390108,10.84320989642294,11180.58469949413,3680.3844699420256,3.0378849793565856,2.0046517288289056,302.7975288716725,0.0,0.016786570743405275,0.05995203836930456,1.6913978897008644,9.182410423452769,0.989247311827957,584.9717437198838,307,44.5743305683136,0.25,0.25
core,50,3000000.0,13,7,exclude,launch,0,0.0,prior,0.0,sa,12600.0,43200.0,571948.4543723302,0,553938.9443909837,18009.50998134643,0,4,0.8934844987611447,5,11.304893761518242,11.460692127968864,6743.247985132418,3481.1851517617174,1.93705525307089,2.005173786258519,303.1123021743858,0.0,0.003948667324777887,0.08390918065153011,1.0545187108806542,4.63302752293578,0.898989898989899,466.16928038306907,763,68.5493152141571,0.25,0.25
core,50,3000000.0,9,8,exclude,launch,0,0.0,prior,0.0,sa,12600.0,43200.0,304165.33197204606,0,290245.5987003949,13919.733271651157,0,1,0.7250205268903613,1,6.948112690390108,10.535015046227633,11180.58469949413,3788.348266408623,2.951308568600371,2.004494779522065,302.7029286261247,0.0,0.01593625498007968,0.053784860557768925,1.5761770657299763,8.334224598930481,0.989247311827957,530.8649460939081,374,48.28577399253845,0.25,0.25
core,50,3000000.0,14,7,exclude,launch,0,0.0,prior,0.0,sa,12600.0,43200.0,865232.1024211574,0,835405.9736965306,29826.128724626833,0,6,0.933518881229448,10,11.304893761518242,10.823368596540993,6743.247985132418,3685.782305471755,1.8295296428987897,2.005385439599811,303.2399646477915,0.0,0.0,0.05169340463458111,1.0465769280009665,4.021327014218009,0.8762886597938144,482.1621344607307,844,69.98435831069946,0.25,0.25
core,50,3000000.0,6,10,exclude,launch,0,0.0,prior,0.0,sa,12600.0,43200.0,143999.67208469723,0,127527.2209757357,16472.45110896153,0,0,0.0,0,11.063482396588316,10.010667942018145,6897.662941824104,3983.771639812767,1.7314403448457418,2.006007237266707,303.6151684298976,0.0,0.054474708171206226,0.03501945525291829,2.082598234361194,11.33157894736842,0.9354838709677419,767.6270326514199,190,24.385934591293335,0.25,0.25
core,50,3000000.0,10,8,exclude,launch,0,0.0,prior,0.0,sa,12600.0,43200.0,299338.50066890614,0,285622.5715267193,13715.929142186833,0,1,0.7367114779935203,1,6.948112690390108,10.827381863709139,11180.58469949413,3686.088995005459,3.033183603174934,2.004475335327476,302.6912097843734,0.0,0.014729950900163666,0.06873977086743044,1.421144709549919,7.247787610619469,0.978494623655914,496.3270193348778,452,53.1712212562561,0.25,0.25
core,50,3000000.0,15,7,exclude,launch,0,0.0,prior,0.0,sa,12600.0,43200.0,1490601.0909383448,0,1388915.7376831793,101685.35325516538,0,10,0.968994895359767,13,11.304893761518242,11.845457983671968,6743.247985132418,3367.712756767514,2.002322784679801,2.005409594317613,303.2545357037721,0.0,0.0007639419404125286,0.07715813598166539,0.9197689213526318,3.479229989868288,0.7319587628865979,476.589028693405,987,76.53359818458557,0.25,0.25
core,50,3000000.0,7,9,exclude,launch,0,0.0,prior,0.0,sa,12600.0,43200.0,330621.7435229499,0,311909.2611917504,18712.482331199546,0,1,0.6950876160983809,1,6.673905959634726,10.260247056082713,11653.650073963363,3888.368461990789,2.9970539540887184,2.0052326010778883,303.147774680945,0.0,0.018072289156626505,0.03614457831325301,1.869308534033741,10.016129032258064,0.9519230769230769,673.0698314934444,248,39.671157121658325,0.25,0.25
core,50,3000000.0,7,10,exclude,launch,0,0.0,prior,0.0,sa,12600.0,43200.0,115433.38410354,0,108792.4501641917,6640.933939348278,0,0,0.0,0,11.063482396588316,10.37341625446643,6897.662941824104,3845.4498843472134,1.7937206696935073,2.0054924252577413,303.3045051752085,0.0,0.03625377643504532,0.0634441087613293,1.8653068050992456,10.19591836734694,0.9354838709677419,660.2581585973638,245,30.78684902191162,0.25,0.25
core,50,3000000.0,8,9,exclude,launch,0,0.0,prior,0.0,sa,12600.0,43200.0,319872.3666850031,0,300733.5734934081,19138.79319159504,0,1,0.71844617875969,1,6.673905959634726,10.693873812243828,11653.650073963363,3731.003755471184,3.1234624347065654,2.0050686454097546,303.04889459573957,0.0,0.0397196261682243,0.0630841121495327,1.624729577276003,8.64576802507837,0.9705882352941176,591.8657815177736,319,43.10868525505066,0.25,0.25
core,50,3000000.0,4,11,exclude,launch,0,0.0,prior,0.0,sa,12600.0,43200.0,215963.4621054552,0,194943.19868749692,21020.263417958282,0,0,0.0,0,8.400364585224985,9.894958029302295,9190.062846483472,4027.997863188729,2.2815461076754993,2.007182209860045,304.32480115756914,0.0,0.06504065040650407,0.06504065040650407,2.846295806699138,16.01086956521739,0.9595959595959596,1144.5061139205225,92,11.22446060180664,0.25,0.25
core,50,3000000.0,16,7,exclude,launch,0,0.0,prior,0.0,sa,12600.0,43200.0,1968636.8897426305,0,1836974.2605900846,131662.6291525459,0,13,0.9821434573886128,23,11.304893761518242,10.714249926222472,6743.247985132418,3724.174793852974,1.810669036335955,2.0049251231112803,302.9623509180667,0.0,0.0,0.0054832076764907475,0.9755265340107642,3.3917808219178083,0.7010309278350515,440.8731185471777,1095,83.52023816108704,0.25,0.25
core,50,3000000.0,11,8,exclude,launch,0,0.0,prior,0.0,sa,12600.0,43200.0,297242.57848433167,0,283858.62866429705,13383.94982003461,0,1,0.7419061911407114,1,6.948112690390108,11.120172195883628,11180.58469949413,3588.389726105554,3.1157665562788,2.004836082627921,302.9086658853078,0.0,0.016238159675236806,0.09201623815967523,1.244084846638289,5.9675090252707585,0.978494623655914,498.92454920490644,554,57.762145042419434,0.25,0.25
core,50,3000000.0,9,9,exclude,launch,0,0.0,prior,0.0,sa,12600.0,43200.0,306399.2531141343,0,290680.1142556909,15719.138858443432,0,1,0.7500379886698118,1,6.673905959634726,10.570798922295163,11653.650073963363,3775.153026414052,3.0869344878008693,2.0046918035948744,302.82168606321653,0.0,0.015873015873015872,0.047619047619047616,1.5612863964451926,8.159574468085106,0.9607843137254902,532.8141773008234,376,48.815924644470215,0.25,0.25
core,50,3000000.0,8,10,exclude,launch,0,0.0,prior,0.0,sa,12600.0,43200.0,99240.21454817211,0,93707.22601624441,5532.988531927698,0,0,0.0,0,11.063482396588316,10.467785298988895,6897.662941824104,3811.8097827033635,1.8095506688511174,2.0049519101287627,302.9785025014346,0.0,0.022222222222222223,0.04197530864197531,1.7526722937831132,9.354515050167224,0.9354838709677419,586.6379405896595,299,38.7202730178833,0.25,0.25
core,50,3000000.0,17,7,exclude,launch,0,0.0,prior,0.0,sa,12600.0,43200.0,3508347.087499242,0,3297070.3337805844,211276.7537186572,0,22,0.9938238780578458,27,11.304893761518242,11.415089054084676,6743.247985132418,3496.140756013352,1.9287690215372624,2.004572526377294,302.7497882256179,0.0,0.0,0.04033214709371293,0.8653750538783568,2.6200631911532386,0.5567010309278351,494.3489206439042,1266,84.91315484046936,0.25,0.25
core,50,3000000.0,10,9,exclude,launch,0,0.0,prior,0.0,sa,12600.0,43200.0,300740.18731865456,0,284726.9109890258,16013.276329628748,0,1,0.7641515475022245,1,6.673905959634726,10.537792535659166,11653.650073963363,3787.190942288853,3.07712239798511,2.0045788367899378,302.7535917978674,0.0,0.014827018121911038,0.047775947281713346,1.4532137778155725,7.311258278145695,0.9702970297029703,498.420800419408,453,52.48266410827637,0.25,0.25
core,50,3000000.0,5,11,exclude,launch,0,0.0,prior,0.0,sa,12600.0,43200.0,175023.51262902402,0,160850.43768798406,14173.074941039955,0,0,0.0,0,8.400364585224985,8.503152198770065,9190.062846483472,4689.457923831034,1.9597281809014901,2.0062608149375736,303.7682483036488,0.0,0.045454545454545456,0.022727272727272728,2.608759105476764,13.6484375,0.9494949494949495,959.2467729422644,128,17.992285013198853,0.25,0.25
core,50,3000000.0,3,12,exclude,launch,0,0.0,prior,0.0,sa,12600.0,43200.0,360755.09637603123,0,304771.09782105824,55983.99855497298,0,0,0.0,0,6.89123393377898,9.145129398893515,11275.618092312146,4353.625551645579,2.5899375034791863,2.0093197764742055,305.6179233545819,0.0,0.14666666666666667,0.05333333333333334,3.862997815161382,19.673076923076923,0.8942307692307693,1650.1177544581276,52,6.707870960235596,0.25,0.25
core,50,3000000.0,11,9,exclude,launch,0,0.0,prior,0.0,sa,12600.0,43200.0,299816.0775424076,0,284090.88505772373,15725.192484683863,0,1,0.7665068578690618,1,6.673905959634726,10.765348313949676,11653.650073963363,3706.533316598252,3.144083454417386,2.004905894934288,302.95075730210465,0.0,0.012482662968099861,0.08599167822468794,1.297460174445117,6.057407407407408,0.9702970297029703,499.81186384933403,540,56.02447700500488,0.25,0.25
core,50,3000000.0,6,11,exclude,launch,0,0.0,prior,0.0,sa,12600.0,43200.0,148681.69282798734,0,140174.83304873705,8506.859779250311,0,0,0.0,0,8.400364585224985,8.768498378485795,9190.062846483472,4548.2000066750825,2.0205933848546334,2.0059735694572294,303.5948467339557,0.0,0.084,0.048,2.1441574943493737,11.048913043478262,0.9484536082474226,808.5912999048771,184,23.772419929504395,0.25,0.25
core,50,3000000.0,9,10,exclude,launch,0,0.0,prior,0.0,sa,12600.0,43200.0,94408.8045771306,0,86636.62922487812,7772.175352252483,0,0,0.0,0,11.063482396588316,10.558680096979447,6897.662941824104,3779.1045198277707,1.8252109476290586,2.0048941632858783,302.9436838218077,0.0,0.03006012024048096,0.04609218436873747,1.571566864422914,8.21236559139785,0.967741935483871,539.9652805274806,372,48.3156373500824,0.25,0.25
core,50,3000000.0,4,12,exclude,launch,0,0.0,prior,0.0,sa,12600.0,43200.0,238234.26157128892,0,210468.44602059582,27765.81555069312,0,0,0.0,0,6.89123393377898,9.423132213595567,11275.618092312146,4228.0539489255525,2.666857667503875,2.0079559548632577,304.79256208329065,0.0,0.025,0.06666666666666667,2.9421143681158837,16.258426966292134,0.9528301886792453,1165.2573250879523,89,11.702255964279175,0.25,0.25
core,50,3000000.0,7,11,exclude,launch,0,0.0,prior,0.0,sa,12600.0,43200.0,122841.79523460686,0,116117.4217471958,6724.3734874110805,0,0,0.0,0,8.400364585224985,9.511788050730546,9190.062846483472,4193.877477741451,2.191304561294108,2.0054511330907,303.27959431001165,0.0,0.05504587155963303,0.05198776758409786,1.870470802063442,10.0,0.979381443298969,667.154095131263,246,32.309927225112915,0.25,0.25
core,50,3000000.0,5,12,exclude,launch,0,0.0,prior,0.0,sa,12600.0,43200.0,188909.4307734804,0,170795.40487649266,18114.02589698775,0,0,0.0,0,6.89123393377898,9.230106803013914,11275.618092312146,4318.588262361431,2.6109500159078767,2.00697267968362,304.19819328876287,0.0,0.054945054945054944,0.04395604395604396,2.503820899833457,13.428571428571429,0.9326923076923077,938.4760937125818,133,17.284114837646484,0.25,0.25
core,50,3000000.0,10,10,exclude,launch,0,0.0,prior,0.0,sa,12600.0,43200.0,83172.07437150319,0,80024.92524701475,3147.149124488436,0,0,0.0,0,11.063482396588316,10.560753909303754,6897.662941824104,3778.277347938967,1.8256105379841285,2.004939304679842,302.9709018271214,0.0,0.030894308943089432,0.056910569105691054,1.420072595711749,7.104803493449782,0.9782608695652174,502.95449734461266,458,58.13772177696228,0.25,0.25
core,50,3000000.0,8,11,exclude,launch,0,0.0,prior,0.0,sa,12600.0,43200.0,109387.23864949211,0,102195.93405021545,7191.304599276654,0,0,0.0,0,8.400364585224985,9.239368978208477,9190.062846483472,4317.659758032433,2.1284824098023423,2.0053919159535294,303.2438713994124,0.0,0.021897810218978103,0.0535279805352798,1.703093419719898,9.055737704918032,0.979381443298969,592.88261081213,305,37.02322816848755,0.25,0.25
core,50,3000000.0,6,12,exclude,launch,0,0.0,prior,0.0,sa,12600.0,43200.0,158243.7021653936,0,146419.6541235968,11824.048041796817,0,0,0.0,0,6.89123393377898,10.002565383858617,11275.618092312146,3986.553745155371,2.8284124116010614,2.006231128576422,303.7503252348539,0.0,0.068,0.064,2.0965920240836398,11.157608695652174,0.9038461538461539,792.9848843381287,184,24.46895742416382,0.25,0.25
core,50,3000000.0,12,10,exclude,launch,0,0.0,prior,0.0,sa,12600.0,43200.0,414475.9887121689,0,396565.3833084228,17910.605403746,0,2,0.8246265480360057,3,11.063482396588316,9.68620924837503,6897.662941824104,4118.349130357229,1.6748611454478106,2.0054552677713424,303.2820886467426,0.0,0.0035714285714285713,0.04047619047619048,1.2563751596678612,5.169329073482428,0.945054945054945,502.75584120608806,626,60.020591259002686,0.25,0.25
core,50,3000000.0,11,10,exclude,launch,0,0.0,prior,0.0,sa,12600.0,43200.0,79778.71578658065,0,76277.8048526143,3500.9109339663564,0,0,0.0,0,11.063482396588316,10.263963736167518,6897.662941824104,3887.4900258855637,1.7743229939870593,2.004959435057801,302.9830398335082,0.0,0.0070921985815602835,0.04822695035460993,1.3612608451373387,6.379770992366412,0.967741935483871,495.0880741539534,524,62.39160943031311,0.25,0.25
core,50,3000000.0,13,10,exclude,launch,0,0.0,prior,0.0,sa,12600.0,43200.0,929335.1692898537,0,874673.428984483,54661.74030537067,0,5,0.9301082633999112,6,11.063482396588316,11.038553139001788,6897.662941824104,3613.0848694847036,1.9090785827037173,2.005855627763279,303.52366317091804,0.0,0.004955401387512388,0.1110009910802775,1.0374039854061199,4.165125495376486,0.8791208791208791,523.0083549629439,757,62.1486656665802,0.25,0.25
core,50,3000000.0,14,10,exclude,launch,0,0.0,prior,0.0,sa,12600.0,43200.0,1388869.0793607428,0,1308938.603410751,79930.47594999173,0,9,0.9526692253088492,13,11.063482396588316,12.954367383153974,6897.662941824104,3076.415696059975,2.2421101773268397,2.0073761463032094,304.4420100422116,0.0,0.0017482517482517483,0.2089160839160839,0.8256654954768154,3.0184971098265896,0.8021978021978022,625.4882875124803,865,61.86429953575134,0.25,0.25
core,50,3000000.0,7,12,exclude,launch,0,0.0,prior,0.0,sa,12600.0,43200.0,133965.2232052238,0,125524.2987836526,8440.924421571179,0,0,0.0,1,6.89123393377898,8.41726631931238,11275.618092312146,4737.1581172651795,2.380249468814797,2.00632385908581,303.80631280960716,0.0,0.02875399361022364,0.03194888178913738,2.003911787789421,10.401709401709402,0.9519230769230769,673.4098598022686,234,32.920387268066406,0.25,0.25
core,50,3000000.0,9,11,exclude,launch,0,0.0,prior,0.0,sa,12600.0,43200.0,376760.45034471917,0,332881.6298729249,43878.820471794286,0,1,0.7691228535248297,1,8.400364585224985,10.610760836341017,9190.062846483472,3761.47815021671,2.4432051654889992,2.0044024172007426,302.64726470360847,0.0,0.011787819253438114,0.043222003929273084,1.5655991729226475,8.367724867724867,0.9690721649484536,523.8291577488177,378,48.54331636428833,0.25,0.25
core,50,3000000.0,10,11,exclude,launch,0,0.0,prior,0.0,sa,12600.0,43200.0,373369.2997721633,0,329628.63755544845,43740.66221671481,0,1,0.7761084610900195,1,8.400364585224985,10.807624364561567,9190.062846483472,3692.6451877282616,2.4887478702326273,2.0045743333598605,302.75087737362225,0.0,0.00974025974025974,0.0633116883116883,1.3839295310111819,7.006451612903226,0.9587628865979382,507.98929379943115,465,53.942391872406006,0.25,0.25
core,50,3000000.0,15,10,exclude,launch,0,0.0,prior,0.0,sa,12600.0,43200.0,2161676.367274262,0,2032154.9386356573,129521.42863860486,0,15,0.981489128940373,19,11.063482396588316,10.538272683079269,6897.662941824104,3785.2889701831873,1.822228896170718,2.0054946868298478,303.3058695729161,0.0,0.0,0.03557910673732021,0.9694277497374221,3.193353474320242,0.6923076923076923,517.5528103648551,993,72.74855494499207,0.25,0.25
core,100,1500000.0,1,2,exclude,launch,0,0.0,prior,0.0,sa,12600.0,43200.0,1444724.367602014,0,1177120.9033432463,267603.46425876766,0,0,0.0,0,3.9175144227246914,7.782270138299249,9877.222566082957,2512.444137103972,3.9313202710521438,2.045772211557513,328.09185553976766,0.0,0.08333333333333333,0.0,7.481312629457859,91.33333333333333,0.7636363636363637,3948.7897085677305,9,14.016844034194946,0.25,0.25
core,50,3000000.0,8,12,exclude,launch,0,0.0,prior,0.0,sa,12600.0,43200.0,381965.58387940493,0,362357.98717159644,19607.59670780851,0,1,0.723720279174601,1,6.89123393377898,10.030351393456895,11275.618092312146,3976.945753030816,2.83524563635776,2.0055069528470275,303.31326966711447,0.0,0.02570093457943925,0.05841121495327103,1.6442315547265594,8.725552050473187,0.9423076923076923,593.8437472769087,317,42.982484579086304,0.25,0.25
core,100,1500000.0,2,1,exclude,launch,0,0.0,prior,0.0,sa,12600.0,43200.0,572426.2721750707,0,508180.8994124041,64245.372762666586,0,0,0.0,0,5.537183384702664,5.8345928040950605,6890.556001902748,3384.106633380965,2.0361521513341287,2.0258412038129427,315.70505263211624,0.0,0.17391304347826086,0.0,3.9686254656809177,56.73529411764706,0.93048128342246,1727.1506931284268,34,32.77827978134155,0.25,0.25
core,50,3000000.0,11,11,exclude,launch,0,0.0,prior,0.0,sa,12600.0,43200.0,366985.52080085943,0,322931.87622182467,44053.64457903473,0,1,0.7896090070040482,1,8.400364585224985,10.821059867177485,9190.062846483472,3688.3586153255605,2.4916402673800992,2.0044122431147695,302.65318623565304,0.0,0.007072135785007072,0.06506364922206506,1.3289951980864039,6.535849056603774,0.9587628865979382,470.43907335563097,530,57.78171229362488,0.25,0.25
core,50,3000000.0,16,10,exclude,launch,0,0.0,prior,0.0,sa,12600.0,43200.0,2678968.0887820804,0,2527197.3709760294,151770.71780605143,0,19,0.9876958203373101,26,11.063482396588316,9.983641473806468,6897.662941824104,3995.9706742280323,1.726154545204874,2.0052970648216997,303.1866565617374,0.0,0.0,0.0,0.9835444545085791,2.7426739926739927,0.6373626373626373,546.6128771070247,1092,74.35417151451111,0.25,0.25
core,50,3000000.0,12,11,exclude,launch,0,0.0,prior,0.0,sa,12600.0,43200.0,368422.92129078455,0,325260.19073014514,43162.73056063941,0,1,0.7865283507583944,3,8.400364585224985,9.761116008537634,9190.062846483472,4087.6260563532423,2.2482640828164078,2.005022976765106,303.0213551477385,0.0,0.002466091245376079,0.03329223181257707,1.2887587486293943,5.404605263157895,0.9587628865979382,503.2129000200242,608,59.48353552818298,0.25,0.25
core,50,3000000.0,17,10,exclude,launch,0,0.0,prior,0.0,sa,12600.0,43200.0,3617347.2071714993,0,3433609.84822521,183737.35894628995,0,26,0.9935707259421993,31,11.063482396588316,11.258938291469518,6897.662941824104,3543.880431068452,1.9463588221977661,2.0049958940962025,303.0050241450677,0.0,0.0,0.058368076235854674,0.8423461847528582,2.1547619047619047,0.5274725274725275,603.1407143146071,1260,76.87631392478943,0.25,0.25
core,50,3000000.0,9,12,exclude,launch,0,0.0,prior,0.0,sa,12600.0,43200.0,370179.0571921391,0,350258.0185594968,19921.038632642307,0,1,0.7467635827296698,1,6.89123393377898,10.115280588545714,11275.618092312146,3944.1556750072605,2.858816695233864,2.0052014254434964,303.1289717140911,0.0,0.015810276679841896,0.04743083003952569,1.5368306160149319,8.173228346456693,0.9326923076923077,531.0588779549704,381,48.2353835105896,0.25,0.25
core,50,3000000.0,13,11,exclude,launch,0,0.0,prior,0.0,sa,12600.0,43200.0,1620796.5863644308,0,1518158.9376705568,102637.64869387403,0,7,0.9596197475557401,9,8.400364585224985,11.57051473790462,9190.062846483472,3447.6627615864463,2.6655921654746337,2.0054531884888114,303.2808342726952,0.0,0.0,0.13286713286713286,0.9925500454512015,3.9828496042216357,0.865979381443299,542.208103407467,758,62.32723093032837,0.25,0.25
core,50,3000000.0,10,12,exclude,launch,0,0.0,prior,0.0,sa,12600.0,43200.0,364626.34448658687,0,345733.1077761421,18893.236710444777,0,1,0.7581356728064444,1,6.89123393377898,10.31484601784651,11275.618092312146,3867.694207633015,2.9153333968490482,2.005280394781132,303.17660163939263,0.0,0.016366612111292964,0.06710310965630115,1.395106049291232,7.01304347826087,0.9326923076923077,511.2462115178524,460,52.1010308265686,0.25,0.25
core,100,1500000.0,3,1,exclude,launch,0,0.0,prior,0.0,sa,12600.0,43200.0,373062.4839089786,0,345736.04395399493,27326.439954983616,0,0,0.0,0,5.537183384702664,5.901766744822955,6890.556001902748,3356.487093488917,2.0529070453657923,2.0192633780850446,311.66935017160085,0.0,0.06930693069306931,0.0,2.6875726252456604,37.33783783783784,0.967391304347826,1186.443194888061,74,49.15864825248718,0.25,0.25
core,50,3000000.0,11,12,exclude,launch,0,0.0,prior,0.0,sa,12600.0,43200.0,358383.9613953857,0,340265.02305415156,18118.938341234127,0,1,0.7713409883745196,1,6.89123393377898,9.982721131620634,11275.618092312146,3996.244646747009,2.8215535056119836,2.0053444493974677,303.21523858028917,0.0,0.006944444444444444,0.058333333333333334,1.3345242475324737,6.369606003752345,0.9519230769230769,479.16509632979285,533,56.62515139579773,0.25,0.25
core,100,1500000.0,2,2,exclude,launch,0,0.0,prior,0.0,sa,12600.0,43200.0,589491.0869457219,0,516300.1952560332,73190.89168968867,0,0,0.0,0,3.9175144227246914,7.648962046862202,9877.222566082957,2582.41812702671,3.824796016846112,2.025027492705692,315.2044082407553,0.0,0.08695652173913043,0.0,3.960557825464697,57.38235294117647,0.9237668161434978,1701.1811281548873,34,32.76976561546326,0.25,0.25
core,100,1500000.0,6,1,exclude,launch,0,0.0,prior,0.0,sa,12600.0,43200.0,949953.6710458181,0,903283.1276288524,46670.54341696575,0,4,0.7044764711360227,4,5.537183384702664,5.613063298169519,6890.556001902748,3536.72577423893,1.9482867606226921,2.014923973758692,309.0212017530403,0.0,0.002544529262086514,0.0,1.368163021038432,11.248299319727892,0.912568306010929,993.4637682513221,294,52.35035490989685,0.25,0.25
core,100,1500000.0,7,1,exclude,launch,0,0.0,prior,0.0,sa,12600.0,43200.0,2967215.6001027655,0,2824690.949186959,142524.65091580662,0,19,0.9225384985179197,24,5.537183384702664,5.375936502877935,6890.556001902748,3693.535488585556,1.8655718953282605,2.014482897379545,308.752664722679,0.0,0.0018726591760299626,0.0,1.1775015437532768,7.56,0.819672131147541,1087.8249735495494,400,52.77185893058777,0.25,0.25
core,100,1500000.0,2,3,exclude,launch,0,0.0,prior,0.0,sa,12600.0,43200.0,576079.756905241,0,492691.08173569024,83388.67516955076,0,0,0.0,0,4.046837598328025,6.541615207605158,9550.927902285866,3022.311771401383,3.1601398613675453,2.0231856421175225,314.0726574706339,0.0,0.08695652173913043,0.0,3.9855701105347756,56.64705882352941,0.9150943396226415,1728.3044495978547,34,32.294633865356445,0.25,0.25
core,100,1500000.0,4,1,exclude,launch,0,0.0,prior,0.0,sa,12600.0,43200.0,307998.79795499414,0,284769.85773651674,23228.940218477353,0,0,0.0,0,5.537183384702664,5.756691305149708,6890.556001902748,3445.6144792169066,1.9998046918669734,2.01660280041727,310.04437614487057,0.0,0.07909604519774012,0.0,2.0418397796559464,25.477272727272727,0.967391304347826,986.3927860181394,132,60.847054958343506,0.25,0.25
core,100,1500000.0,8,1,exclude,launch,0,0.0,prior,0.0,sa,12600.0,43200.0,5646721.025247821,0,5332429.853977318,314291.1712705025,0,36,0.9737343382159735,52,5.537183384702664,5.350312670254231,6890.556001902748,3712.8622207183366,1.855860948314321,2.0135944017909484,308.2120834025851,0.0,0.0,0.0,1.0316035718279022,5.424184261036468,0.6338797814207651,1160.5300695075655,521,55.26473426818848,0.25,0.25
core,100,1500000.0,3,2,exclude,launch,0,0.0,prior,0.0,sa,12600.0,43200.0,385490.38474268647,0,352692.09202110715,32798.29272157933,0,0,0.0,0,3.9175144227246914,7.673181959127291,9877.222566082957,2582.9555074439236,3.824000273182171,2.0182156474160493,311.0289313928654,0.0,0.07920792079207921,0.0,2.6838859007245452,37.4054054054054,0.9369369369369369,1181.572029797545,74,48.30495834350586,0.25,0.25
core,100,1500000.0,5,1,exclude,launch,0,0.0,prior,0.0,sa,12600.0,43200.0,286381.52349663683,0,266049.67701604636,20331.846480590466,0,0,0.0,0,5.537183384702664,5.716575818148629,6890.556001902748,3471.694667867445,1.9847816876521012,2.015498601126004,309.37122266666114,0.0,0.01818181818181818,0.0,1.6366446873715665,17.42439024390244,0.9672131147540983,921.7891710981868,205,63.723777770996094,0.25,0.25
core,100,1500000.0,2,4,exclude,launch,0,0.0,prior,0.0,sa,12600.0,43200.0,565723.1570067931,0,495125.71509500925,70597.44191178383,0,0,0.0,0,5.61951557665157,7.561196722223913,6784.717938949873,2614.1081027494556,2.5954236291199555,2.023698970177839,314.38787446295055,0.0,0.08695652173913043,0.0,3.988794988216157,56.88235294117647,0.9259259259259259,1725.177368113121,34,32.62495231628418,0.25,0.25
core,100,1500000.0,9,1,exclude,launch,0,0.0,prior,0.0,sa,12600.0,43200.0,9477231.918677624,0,8995253.271512408,481978.6471652169,0,62,0.9947667985835439,75,5.537183384702664,5.710014936413095,6890.556001902748,3487.0481724147726,1.9760426759837546,2.008929980187099,305.38191147610195,0.0,0.0,0.0,0.9075399888587459,4.405405405405405,0.4065934065934066,1111.505311991905,666,62.762099504470825,0.25,0.25
core,100,1500000.0,6,2,exclude,launch,0,0.0,prior,0.0,sa,12600.0,43200.0,996184.7087340115,0,901227.741759179,94956.96697483235,0,3,0.6201225588478735,6,3.9175144227246914,5.50992999800868,9877.222566082957,3601.0373342950616,2.7428825777549237,2.015980309795422,309.6647969676004,0.0,0.005128205128205128,0.0,1.3766506259282916,9.436426116838488,0.8959276018099548,1195.2918609518279,291,47.218966245651245,0.25,0.25
core,100,1500000.0,3,3,exclude,launch,0,0.0,prior,0.0,sa,12600.0,43200.0,381481.1669149541,0,338955.4363552371,42525.730559716976,0,0,0.0,0,4.046837598328025,6.117380068444341,9550.927902285866,3240.9065520968948,2.9469926851504966,2.0175672459691274,310.63293002075824,0.0,0.10891089108910891,0.0,2.7025156639328323,37.13333333333333,0.9481132075471698,1206.585767523157,75,46.25783109664917,0.25,0.25
core,100,1500000.0,6,3,exclude,launch,0,0.0,prior,0.0,sa,12600.0,43200.0,929327.4139097893,0,847930.0417521193,81397.37215767003,0,5,0.6395475080580556,11,4.046837598328025,5.219390938581005,9550.927902285866,3803.316645574054,2.5112102915228864,2.0150121999178623,309.07492979462967,0.0,0.0025575447570332483,0.0025575447570332483,1.3780060060099804,9.593856655290102,0.8894230769230769,1169.8339078136964,293,47.59101057052612,0.25,0.25
core,100,1500000.0,5,2,exclude,launch,0,0.0,prior,0.0,sa,12600.0,43200.0,496804.0271609475,0,464451.20890919375,32352.818251753823,0,1,0.46963653597069777,1,3.9175144227246914,7.146426501196,9877.222566082957,2779.872897526348,3.5531202073562933,2.0134744382456997,308.13913109323113,0.0,0.014545454545454545,0.0,1.6325194046094655,18.10731707317073,0.9547511312217195,879.4737276114863,205,55.2215678691864,0.25,0.25
core,100,1500000.0,4,2,exclude,launch,0,0.0,prior,0.0,sa,12600.0,43200.0,317857.7698402693,0,289110.3309928156,28747.438847453657,0,0,0.0,1,3.9175144227246914,6.402210471652744,9877.222566082957,3098.857871308897,3.187375147964115,2.016175746373576,309.7839442553683,0.0,0.028409090909090908,0.0,2.0475316344709893,25.38167938931298,0.9502262443438914,991.9491327468805,131,58.52630114555359,0.25,0.25
core,100,1500000.0,7,3,exclude,launch,0,0.0,prior,0.0,sa,12600.0,43200.0,3237533.521219382,0,3056087.408634795,181446.11258458754,0,22,0.9371136173301967,28,4.046837598328025,5.4378026405667175,9550.927902285866,3655.095480742315,2.6130447077530694,2.0125089651429633,307.55232134846244,0.0,0.0,0.0,1.1753803571109793,7.586034912718205,0.7777777777777778,1076.8304340461448,401,52.30581593513489,0.25,0.25
core,100,1500000.0,1,6,exclude,launch,0,0.0,prior,0.0,sa,12600.0,43200.0,1629892.3566604196,0,1219587.7574474346,410304.5992129849,0,0,0.0,0,3.2470368912509766,7.114817953420042,11985.590454621943,2749.966178654403,4.358450132098229,2.0444140008423597,327.2401815466633,0.0,0.08333333333333333,0.0,7.547777935754067,90.77777777777777,0.757847533632287,4008.252553905655,9,13.288061141967773,0.25,0.25
core,100,1500000.0,5,3,exclude,launch,0,0.0,prior,0.0,sa,12600.0,43200.0,374877.8155268978,0,338967.3255555252,35910.489971372604,0,1,0.30128914132567247,1,4.046837598328025,6.223630220159935,9550.927902285866,3192.4950881719865,2.991681314615491,2.01319560043731,307.9695974236563,0.0,0.02181818181818182,0.0,1.640245648713936,17.770731707317072,0.9375,900.2487375940078,205,56.90336012840271,0.25,0.25
core,100,1500000.0,3,4,exclude,launch,0,0.0,prior,0.0,sa,12600.0,43200.0,368813.2236139195,0,331346.5134391518,37466.71017476773,0,0,0.0,0,5.61951557665157,7.201334649184565,6784.717938949873,2753.397939776482,2.464125450569869,2.0173349606578785,310.4911266530302,0.0,0.04950495049504951,0.0,2.6997370502913456,38.2972972972973,0.9345794392523364,1156.0199585289738,74,50.8532772064209,0.25,0.25
core,100,1500000.0,4,3,exclude,launch,0,0.0,prior,0.0,sa,12600.0,43200.0,298082.34652407834,0,274181.3575480161,23900.988976062214,0,0,0.0,0,4.046837598328025,5.905191543492236,9550.927902285866,3361.5816785967763,2.8412006059816184,2.015033794235822,309.0880810322305,0.0,0.02824858757062147,0.0,2.0485145486744454,25.492424242424242,0.9473684210526315,985.42220120443,132,59.325960874557495,0.25,0.25
core,100,1500000.0,2,5,exclude,launch,0,0.0,prior,0.0,sa,12600.0,43200.0,579997.5658600687,0,495768.31395122205,84229.25190884668,0,0,0.0,0,4.056942081650422,6.968907169655974,9526.309519573117,2836.2443213779784,3.3587760573971974,2.0237258188687584,314.4043656655529,0.0,0.08695652173913043,0.0,3.9904637955214675,55.35294117647059,0.9162995594713657,1774.0701554204745,34,32.51314401626587,0.25,0.25
core,100,1500000.0,6,4,exclude,launch,0,0.0,prior,0.0,sa,12600.0,43200.0,552293.9925898176,0,488043.73854902526,64250.25404079238,0,2,0.3060397734893511,3,5.61951557665157,5.712723613918459,6784.717938949873,3476.366031372911,1.9516696106567364,2.014147541717999,308.5485709117982,0.0,0.00510204081632653,0.0,1.3760779985192788,9.320819112627987,0.9234449760765551,1207.3626696317751,293,47.717264890670776,0.25,0.25
core,100,1500000.0,7,4,exclude,launch,0,0.0,prior,0.0,sa,12600.0,43200.0,4442290.365761722,0,4105232.639397647,337057.7263640755,0,25,0.954451653301057,32,5.61951557665157,5.800975802812119,6784.717938949873,3428.5410689581404,1.9788935884065704,2.0111737009734165,306.7416760620828,0.0,0.003745318352059925,0.0,1.176577195916811,6.92,0.6971153846153846,1185.0702954707317,400,47.786561727523804,0.25,0.25
core,100,1500000.0,4,4,exclude,launch,0,0.0,prior,0.0,sa,12600.0,43200.0,302062.09604438924,0,278097.24216341256,23964.853880976683,0,0,0.0,0,5.61951557665157,6.92864324935396,6784.717938949873,2865.7300799891646,2.3675355841522685,2.014542846491569,308.7891562101647,0.0,0.03409090909090909,0.0,2.0442702502140504,25.666666666666668,0.9476190476190476,976.9909276900839,132,59.32898497581482,0.25,0.25
core,100,1500000.0,2,6,exclude,launch,0,0.0,prior,0.0,sa,12600.0,43200.0,581529.6181361004,0,510330.4362045651,71199.18193153517,0,0,0.0,0,3.2470368912509766,7.250651189848999,11985.590454621943,2725.58529670981,4.397437302398992,2.024059153744142,314.6091451101505,0.0,0.13043478260869565,0.0,3.95923957236036,56.3235294117647,0.9285714285714286,1728.0962111287668,34,32.916654109954834,0.25,0.25
core,100,1500000.0,1,8,exclude,launch,0,0.0,prior,0.0,sa,12600.0,43200.0,1404457.8754913397,0,1149760.3098405334,254697.56565080615,0,0,0.0,0,3.5613758042453805,6.4604804062683945,10898.28113215428,3028.281388474106,3.5988337060202054,2.044555717241223,327.32899392639786,0.0,0.08333333333333333,0.0,7.544903940848241,95.33333333333333,0.7237569060773481,3815.2627050926812,9,14.347506999969482,0.25,0.25
core,100,1500000.0,5,4,exclude,launch,0,0.0,prior,0.0,sa,12600.0,43200.0,289368.63145451783,0,261841.7208298794,27526.910624638404,0,0,0.0,0,5.61951557665157,6.71118143229379,6784.717938949873,2960.6920681182737,2.2915986474952916,2.013111228933175,307.91830865714644,0.0,0.018315018315018316,0.0,1.6420362456763151,17.039408866995075,0.9428571428571428,946.5066903623635,203,61.46199417114258,0.25,0.25
core,100,1500000.0,3,5,exclude,launch,0,0.0,prior,0.0,sa,12600.0,43200.0,379872.07845488004,0,333664.7627276057,46207.3157272744,0,0,0.0,0,4.056942081650422,6.749425934939026,9526.309519573117,2937.514109092902,3.242983409027717,2.017498377538664,310.59088448814407,0.0,0.09900990099009901,0.0,2.7005371646285172,36.77333333333333,0.9247787610619469,1214.5909871404178,75,47.100483417510986,0.25,0.25
core,100,1500000.0,8,4,exclude,launch,0,0.0,prior,0.0,sa,12600.0,43200.0,7130987.5855405405,0,6627543.730922547,503443.854617993,0,42,0.9831553262216327,56,5.61951557665157,5.8870333209449655,6784.717938949873,3380.4270590620927,2.0070594100711965,2.0099808881569095,306.0184183326658,0.0,0.0,0.0,1.0033368929590458,4.949532710280374,0.5336538461538461,1239.201375754219,535,53.778398275375366,0.25,0.25
core,100,1500000.0,6,5,exclude,launch,0,0.0,prior,0.0,sa,12600.0,43200.0,761056.2006884284,0,687131.0217643599,73925.17892406858,0,3,0.4842159943162074,10,4.056942081650422,4.917016184063023,9526.309519573117,4033.1791872803865,2.3619851926283504,2.017022933606322,310.3006942443628,0.0,0.005141388174807198,0.0,1.3855120541522987,8.806896551724138,0.9147982062780269,1289.2438021586097,290,45.95171332359314,0.25,0.25
core,100,1500000.0,2,7,exclude,launch,0,0.0,prior,0.0,sa,12600.0,43200.0,575584.0820626491,0,497722.6079026313,77861.4741600178,0,0,0.0,0,4.224774829714024,5.888601481339724,9134.626880467602,3353.9346577681185,2.7235554095577563,2.0253180355416918,315.3831222021223,0.0,0.15217391304347827,0.0,3.979037415453425,54.970588235294116,0.9141630901287554,1778.3918532863863,34,31.539093732833862,0.25,0.25
core,100,1500000.0,5,5,exclude,launch,0,0.0,prior,0.0,sa,12600.0,43200.0,420866.1981958645,0,391589.0950587953,29277.103137069178,0,1,0.3971244235238552,1,4.056942081650422,6.3262590875027005,9526.309519573117,3140.4219293624196,3.0334489230583053,2.013376595325024,308.0796371857614,0.0,0.0072992700729927005,0.0,1.6390709411305961,17.96078431372549,0.9596412556053812,896.2991463642534,204,55.44932842254639,0.25,0.25
core,100,1500000.0,3,6,exclude,launch,0,0.0,prior,0.0,sa,12600.0,43200.0,390307.82130033895,0,349964.89485821716,40342.92644212173,0,0,0.0,0,3.2470368912509766,7.045445528369881,11985.590454621943,2813.5754670746956,4.259914331384006,2.017868966906919,310.81717013764734,0.0,0.07920792079207921,0.0,2.6918763027381436,37.648648648648646,0.9553571428571429,1176.8196203206726,74,46.43684482574463,0.25,0.25
core,100,1500000.0,1,9,exclude,launch,0,0.0,prior,0.0,sa,12600.0,43200.0,1438136.032087447,0,1173072.4145540427,265063.61753340403,0,0,0.0,0,3.156631858531411,8.267792006671769,12338.400905137405,2368.4952230291374,5.209383909737198,2.0426687068071976,326.14740964649826,0.0,0.08333333333333333,0.0,7.514487314917014,91.44444444444444,0.768361581920904,3961.4806660307913,9,13.408078908920288,0.25,0.25
core,100,1500000.0,9,4,exclude,launch,0,0.0,prior,0.0,sa,12600.0,43200.0,9801013.953320058,0,9148200.308295844,652813.645024215,0,62,0.9955039263048822,68,5.61951557665157,6.458389566170012,6784.717938949873,3086.5826017207282,2.1981326322410695,2.006586331681076,303.96481293814963,0.0,0.0,0.0,0.8748535118110486,4.432276657060519,0.391304347826087,1059.1490796635185,694,62.80059289932251,0.25,0.25
core,100,1500000.0,4,5,exclude,launch,0,0.0,prior,0.0,sa,12600.0,43200.0,289641.32427004207,0,266269.1214330527,23372.202836989327,0,0,0.0,0,4.056942081650422,6.552377623463082,9526.309519573117,3030.0509874933878,3.143943636226981,2.0147034784033186,308.8869447251384,0.0,0.022727272727272728,0.0,2.043193204183637,25.68702290076336,0.9596412556053812,978.3290988920021,131,59.26223015785217,0.25,0.25
core,100,1500000.0,7,5,exclude,launch,0,0.0,prior,0.0,sa,12600.0,43200.0,3801524.82064643,0,3524570.248944584,276954.5717018464,0,23,0.9604067304142108,25,4.056942081650422,5.795276101271152,9526.309519573117,3431.8653973822943,2.775840080103214,2.011201636882589,306.7586251302082,0.0,0.0,0.0,1.1726225561127746,8.890274314214464,0.7354260089686099,920.5401009617578,401,57.28220796585083,0.25,0.25
core,100,1500000.0,4,6,exclude,launch,0,0.0,prior,0.0,sa,12600.0,43200.0,566266.6146064925,0,500789.110095149,65477.50451134341,0,1,0.48779130323591535,1,3.2470368912509766,7.093126074084791,11985.590454621943,2799.5424961630642,4.281267553912431,2.0143514610044733,308.67266593257295,0.0,0.02824858757062147,0.0,2.0313453872922307,26.098484848484848,0.9461883408071748,952.6675117832018,132,47.76972270011902,0.25,0.25
core,100,1500000.0,2,8,exclude,launch,0,0.0,prior,0.0,sa,12600.0,43200.0,548687.1437337567,0,488928.37153425626,59758.77219950043,0,0,0.0,0,3.5613758042453805,6.272588060802526,10898.28113215428,3149.471550166081,3.460352303096556,2.024769240699122,315.0455990049167,0.0,0.10869565217391304,0.0,3.9705432903896716,57.76470588235294,0.8978494623655914,1690.6287566020724,34,32.844247817993164,0.25,0.25
core,100,1500000.0,3,7,exclude,launch,0,0.0,prior,0.0,sa,12600.0,43200.0,375090.3806195226,0,334954.1913129491,40136.189306573484,0,0,0.0,0,4.224774829714024,5.998415520820623,9134.626880467602,3303.4790073672675,2.765153603245541,2.0186075495744173,311.26840201499954,0.0,0.06930693069306931,0.0,2.688933528362741,36.78666666666667,0.9177489177489178,1211.6104267814744,75,46.74664878845215,0.25,0.25
core,100,1500000.0,1,10,exclude,launch,0,0.0,prior,0.0,sa,12600.0,43200.0,1562745.0868550055,0,1213586.1659009429,349158.9209540626,0,0,0.0,0,3.152097981963708,7.4827574820941765,12356.627520954775,2616.077452502743,4.723341623212823,2.0433733443576516,326.5883807148212,0.0,0.08333333333333333,0.0,7.603604074897355,89.77777777777777,0.6728110599078341,4082.8756611499944,9,12.837006568908691,0.25,0.25
core,100,1500000.0,5,6,exclude,launch,0,0.0,prior,0.0,sa,12600.0,43200.0,546480.3165912644,0,484613.67214614304,61866.64444512146,0,1,0.5054306445770467,1,3.2470368912509766,6.667365882127679,11985.590454621943,2979.896458297471,4.022149971435508,2.0132816210358007,308.021893058682,0.0,0.01090909090909091,0.0,1.6368981873637694,17.88780487804878,0.9372197309417041,897.6114397470559,205,55.25649452209473,0.25,0.25
core,100,1500000.0,1,11,exclude,launch,0,0.0,prior,0.0,sa,12600.0,43200.0,1517350.6071111204,0,1242391.5043084305,274959.1028026899,0,1,0.021570465294503103,0,3.1234686211501286,6.528102260438401,12472.942269740002,3002.1124383162264,4.154721892007354,2.041014492932356,325.1133523485629,0.0,0.08333333333333333,0.0,7.56491876842069,94.0,0.7596153846153846,3879.6444470267797,9,13.057815790176392,0.25,0.25
core,100,1500000.0,2,9,exclude,launch,0,0.0,prior,0.0,sa,12600.0,43200.0,583689.9399360201,0,517035.29825516144,66654.6416808587,0,0,0.0,0,3.156631858531411,7.634957386843035,12338.400905137405,2589.0819691245706,4.7655505126047855,2.023520337517912,314.27816439383395,0.0,0.06521739130434782,0.0,3.972813479348047,55.94117647058823,0.9285714285714286,1747.9914630339742,34,31.028500080108643,0.25,0.25
core,100,1500000.0,6,7,exclude,launch,0,0.0,prior,0.0,sa,12600.0,43200.0,636093.0449135072,0,574306.3969852324,61786.647928274775,0,3,0.4926752637606079,6,4.224774829714024,5.581830280858453,9134.626880467602,3556.5677527471853,2.5683826417792206,2.0148943429658592,309.00315821523077,0.0,0.002551020408163265,0.0,1.3752141274855527,10.406143344709898,0.9078947368421053,1077.412846816154,293,52.091920614242554,0.25,0.25
core,100,1500000.0,5,7,exclude,launch,0,0.0,prior,0.0,sa,12600.0,43200.0,409922.71483854257,0,370044.488087781,39878.22675076156,0,1,0.38184438434970497,1,4.224774829714024,6.346245397237769,9134.626880467602,3129.770945020425,2.9186247303500314,2.0138660260095174,308.37729560889954,0.0,0.01090909090909091,0.0,1.6353648149665672,18.2390243902439,0.9213973799126638,876.9390703259476,205,56.226099729537964,0.25,0.25
core,100,1500000.0,3,8,exclude,launch,0,0.0,prior,0.0,sa,12600.0,43200.0,362334.9670989463,0,332388.55857455044,29946.408524395865,0,0,0.0,0,3.5613758042453805,6.513384878799333,10898.28113215428,3042.9104261621305,3.581532022255329,2.0181994406765367,311.0190302982036,0.0,0.0297029702970297,0.0,2.6890406599230308,38.66216216216216,0.9510869565217391,1138.8444236774305,74,47.32894492149353,0.25,0.25
core,100,1500000.0,4,7,exclude,launch,0,0.0,prior,0.0,sa,12600.0,43200.0,290609.5859069686,0,268132.2415867949,22477.344320173725,0,0,0.0,0,4.224774829714024,6.029030521080292,9134.626880467602,3291.285360496545,2.775398022336627,2.015797818386144,309.55356235141466,0.0,0.01694915254237288,0.0,2.0324014835451845,25.643939393939394,0.9519650655021834,972.3262445783098,132,59.466461420059204,0.25,0.25
core,100,1500000.0,7,7,exclude,launch,0,0.0,prior,0.0,sa,12600.0,43200.0,2982829.6645831093,0,2815001.1355764843,167828.5290066251,0,18,0.938694316015924,20,4.224774829714024,5.7262267575618795,9134.626880467602,3470.620020623567,2.6319870300368926,2.0127247247313007,307.6834104246266,0.0,0.00186219739292365,0.0,1.1713265751700168,8.771712158808933,0.793859649122807,931.5704011638164,403,57.50153422355652,0.25,0.25
core,100,1500000.0,4,8,exclude,launch,0,0.0,prior,0.0,sa,12600.0,43200.0,420691.02478178707,0,399672.90767487814,21018.11710690891,0,1,0.3609065027023244,1,3.5613758042453805,6.352959182924887,10898.28113215428,3124.5368456402525,3.4879669117555565,2.0151077620445785,309.1331305689458,0.0,0.016853932584269662,0.0,2.028938814858527,26.902255639097746,0.967391304347826,925.6481371800929,133,49.51636838912964,0.25,0.25
core,100,1500000.0,1,12,exclude,launch,0,0.0,prior,0.0,sa,12600.0,43200.0,1600495.7873484928,0,1251785.1053088766,348710.6820396161,0,0,0.0,0,3.1275188144686634,7.411732461009101,12456.357911672216,2639.5675856527305,4.719090346228783,2.0445958289320463,327.3541337466687,0.0,0.16666666666666666,0.0,7.596137636019598,86.44444444444444,0.660377358490566,4236.14920606633,9,13.32040786743164,0.25,0.25
core,100,1500000.0,2,10,exclude,launch,0,0.0,prior,0.0,sa,12600.0,43200.0,628086.8861623867,0,520556.43408734445,107530.45207504233,0,0,0.0,0,3.152097981963708,7.743943580329833,12356.627520954775,2552.1086883214725,4.841732476950955,2.0239447137693602,314.5388330568651,0.0,0.043478260869565216,0.0,3.970651835318434,55.8235294117647,0.9045454545454545,1745.6221557231963,34,31.910317182540894,0.25,0.25
core,100,1500000.0,3,9,exclude,launch,0,0.0,prior,0.0,sa,12600.0,43200.0,393152.7969976173,0,350748.6175868689,42404.17941074837,0,0,0.0,0,3.156631858531411,6.880926465765487,12338.400905137405,2881.4448749363255,4.282018723474645,2.017449902712751,310.561291359056,0.0,0.05,0.0,2.704190517061075,36.58108108108108,0.9550561797752809,1225.0695445318254,74,45.56901979446411,0.25,0.25
core,100,1500000.0,2,11,exclude,launch,0,0.0,prior,0.0,sa,12600.0,43200.0,607606.5043622198,0,522885.4692695985,84721.03509262131,0,0,0.0,0,3.1234686211501286,6.472320874543336,12472.942269740002,3054.7991672981652,4.083064576965879,2.0230997102041273,314.0199051059307,0.0,0.06521739130434782,0.0,3.9773787285319404,59.35294117647059,0.9095238095238095,1649.4449022190493,34,32.69055533409119,0.25,0.25
core,100,1500000.0,4,9,exclude,launch,0,0.0,prior,0.0,sa,12600.0,43200.0,470402.27341904835,0,446836.6100718532,23565.663347195095,0,1,0.41831759288806364,1,3.156631858531411,6.958282848775474,12338.400905137405,2854.016664493559,4.323170589239302,2.014194511457703,308.57715212127874,0.0,0.022598870056497175,0.0,2.0355234826604263,26.363636363636363,0.9775280898876404,947.742060310877,132,47.90438985824585,0.25,0.25
core,100,1500000.0,6,8,exclude,launch,0,0.0,prior,0.0,sa,12600.0,43200.0,599089.9322559421,0,562101.7734524454,36988.15880349679,0,2,0.5390902426221553,4,3.5613758042453805,5.492203415301684,10898.28113215428,3613.9970481371174,3.015575548898675,2.015234474279409,309.21031132961656,0.0,0.01272264631043257,0.0,1.3703058717889722,11.713310580204778,0.9392265193370166,956.7255838404626,293,54.09342575073242,0.25,0.25
core,100,1500000.0,5,8,exclude,launch,0,0.0,prior,0.0,sa,12600.0,43200.0,390631.91478845326,0,372791.33686615183,17840.57792230139,0,1,0.38867824344172086,1,3.5613758042453805,6.1835662325778085,10898.28113215428,3211.9662830629436,3.3930247616925904,2.0139560865068757,308.4320836093015,0.0,0.014492753623188406,0.0,1.630030821789645,19.140776699029125,0.9725274725274725,836.2430127084057,206,58.849597454071045,0.25,0.25
core,100,1500000.0,3,10,exclude,launch,0,0.0,prior,0.0,sa,12600.0,43200.0,381949.45006292366,0,349977.4292892453,31972.020773678403,0,0,0.0,0,3.152097981963708,7.062100270134786,12356.627520954775,2807.064362524182,4.401975133139943,2.0177796662487157,310.7626347088041,0.0,0.04950495049504951,0.0,2.7017349922296696,36.851351351351354,0.9269406392694064,1203.86007663916,74,46.214550256729126,0.25,0.25
core,100,1500000.0,5,9,exclude,launch,0,0.0,prior,0.0,sa,12600.0,43200.0,455754.3130957151,0,431698.2291684835,24056.083927231528,0,1,0.4317623356521082,1,3.156631858531411,6.592346883168189,12338.400905137405,3014.1330065192046,4.093515740165062,2.013063743851407,307.88944473186876,0.0,0.014545454545454545,0.0,1.634790131487116,17.931707317073172,0.9719101123595506,890.4177120949297,205,54.932425022125244,0.25,0.25
core,100,1500000.0,2,12,exclude,launch,0,0.0,prior,0.0,sa,12600.0,43200.0,591702.8565300781,0,518969.7726347326,72733.08389534554,0,0,0.0,0,3.1275188144686634,7.449330452022893,12456.357911672216,2652.6540427835744,4.695809446225819,2.024240631801012,314.72066154964114,0.0,0.043478260869565216,0.0,3.971913069403746,53.6764705882353,0.9036697247706422,1819.5304758727757,34,30.592783212661743,0.25,0.25
core,100,1500000.0,4,10,exclude,launch,0,0.0,prior,0.0,sa,12600.0,43200.0,418503.9537530376,0,372490.3530510102,46013.6007020274,0,1,0.2991347569508796,1,3.152097981963708,6.9888509372659575,12356.627520954775,2841.220232332643,4.349056570954367,2.0144167086358182,308.7123776278579,0.0,0.022598870056497175,0.0,2.0368939635376107,25.46969696969697,0.9078341013824884,985.1585483665519,132,49.119683027267456,0.25,0.25
core,100,1500000.0,3,11,exclude,launch,0,0.0,prior,0.0,sa,12600.0,43200.0,409920.2152508952,0,370750.8879124374,39169.32733845783,0,0,0.0,0,3.1234686211501286,6.267576277123677,12472.942269740002,3163.6359819553436,3.9425971701178053,2.017315645998832,310.47933707820636,0.0,0.04,0.0,2.703126145665234,37.205479452054796,0.9471153846153846,1192.7194393285743,73,45.5447564125061,0.25,0.25
core,100,1500000.0,5,10,exclude,launch,0,0.0,prior,0.0,sa,12600.0,43200.0,383939.1326552325,0,356414.26131178514,27524.871343447372,0,1,0.2761337981044588,1,3.152097981963708,6.499068766123194,12356.627520954775,3056.813863653616,4.042322520150337,2.0134454357511924,308.1214953734774,0.0,0.003663003663003663,0.0,1.6421448032808028,17.330049261083744,0.9530516431924883,927.398699879693,203,55.308119773864746,0.25,0.25
core,100,1500000.0,3,12,exclude,launch,0,0.0,prior,0.0,sa,12600.0,43200.0,416253.213652041,0,365291.9885283747,50961.2251236663,0,0,0.0,0,3.1275188144686634,6.961978584379178,12456.357911672216,2847.012378040897,4.37523841053468,2.0180780231109665,310.9448583424603,0.0,0.06930693069306931,0.0,2.696257818461667,34.432432432432435,0.9392523364485982,1284.0834410149494,74,43.72821116447449,0.25,0.25
core,100,1500000.0,4,12,exclude,launch,0,0.0,prior,0.0,sa,12600.0,43200.0,579377.2971825831,0,512846.9796033439,66530.31757923926,0,1,0.47251625097399097,1,3.1275188144686634,6.866151409384089,12456.357911672216,2891.2765678101314,4.308255408823352,2.014916154191102,309.01644001141716,0.0,0.03954802259887006,0.0,2.0294604804427707,23.804511278195488,0.9245283018867925,1047.9802568363205,133,45.76506042480469,0.25,0.25
core,100,3000000.0,3,2,exclude,launch,0,0.0,prior,0.0,sa,12600.0,43200.0,640094.8347760675,0,552838.0212386523,87256.81353741515,0,0,0.0,0,7.835028845449383,12.546287729261408,9877.222566082957,3161.1827003664503,3.124533917301892,2.0170894004676345,310.3412545630837,0.0,0.16363636363636364,0.0,5.063731930788743,49.43589743589744,0.9177489177489178,1761.3151869111257,39,18.79107689857483,0.25,0.25
core,100,1500000.0,4,11,exclude,launch,0,0.0,prior,0.0,sa,12600.0,43200.0,335355.140808055,0,309553.46305054374,25801.677757511265,0,1,0.09976681420641048,1,3.1234686211501286,6.168002827496407,12472.942269740002,3219.341120299782,3.8743773348810375,2.0144126052231535,308.70988009068776,0.0,0.03389830508474576,0.0,2.0410912456923676,27.12121212121212,0.9330143540669856,929.5765935596529,132,56.20712089538574,0.25,0.25
core,100,3000000.0,5,1,exclude,launch,0,0.0,prior,0.0,sa,12600.0,43200.0,366142.7029720347,0,333721.396119086,32421.30685294867,0,0,0.0,0,11.074366769405328,10.193307135138475,6890.556001902748,3900.9044897450476,1.7663995670791457,2.011914681024603,307.1913965019373,0.0,0.1761006289308176,0.006289308176100629,2.8924961007005674,26.879310344827587,0.946236559139785,1064.0614638411312,116,44.78079676628113,0.25,0.25
core,100,1500000.0,5,12,exclude,launch,0,0.0,prior,0.0,sa,12600.0,43200.0,547361.6913635146,0,481985.07334615994,65376.618017354725,0,1,0.5001444615010721,1,3.1275188144686634,6.364317514493592,12456.357911672216,3120.8150120546356,3.9913797721292634,2.0139103161229976,308.40423874219107,0.0,0.014545454545454545,0.0,1.6363244919003743,17.073170731707318,0.9241706161137441,937.7629209179177,205,52.155431270599365,0.25,0.25
core,100,1500000.0,5,11,exclude,launch,0,0.0,prior,0.0,sa,12600.0,43200.0,297929.6701986234,0,280983.1241425183,16946.546056105064,0,1,0.11229936918956845,1,3.1234686211501286,5.985656080065803,12472.942269740002,3318.9663821037034,3.7580803279586448,2.0134709963651827,308.13703814203086,0.0,0.0072992700729927005,0.0,1.643272288300326,19.11764705882353,0.9567307692307693,840.6284587603067,204,64.457444190979,0.25,0.25
core,100,3000000.0,6,1,exclude,launch,0,0.0,prior,0.0,sa,12600.0,43200.0,296617.21628178644,0,271193.09039892344,25424.125882863023,0,0,0.0,0,11.074366769405328,10.663806612329566,6890.556001902748,3731.5723062480347,1.8465556704784747,2.0104156905903574,306.2819603373565,0.0,0.09813084112149532,0.02336448598130841,2.531678184135365,24.280254777070063,0.9619565217391305,868.5175586937914,157,55.774513483047485,0.25,0.25
core,100,3000000.0,4,2,exclude,launch,0,0.0,prior,0.0,sa,12600.0,43200.0,483292.8998693916,0,424512.5951913379,58780.30467805365,0,0,0.0,0,7.835028845449383,11.180324475733865,9877.222566082957,3553.052228179608,2.779926083761373,2.013881849186504,308.38692123295334,0.0,0.20202020202020202,0.010101010101010102,3.6930630025937847,35.013698630136986,0.9264069264069265,1324.1320779294228,73,33.437432050704956,0.25,0.25
core,100,3000000.0,7,1,exclude,launch,0,0.0,prior,0.0,sa,12600.0,43200.0,247810.3274096707,0,231506.54880088277,16303.778608787907,0,0,0.0,0,11.074366769405328,10.705603985280291,6890.556001902748,3718.779588561131,1.8529078795360496,2.009455412887029,305.70006918207673,0.0,0.08480565371024736,0.007067137809187279,2.2412441940837082,21.182692307692307,0.9728260869565217,744.1812554092749,208,68.58237481117249,0.25,0.25
core,100,3000000.0,5,2,exclude,launch,0,0.0,prior,0.0,sa,12600.0,43200.0,347184.7839050484,0,319604.46354261436,27580.320362434057,0,0,0.0,0,7.835028845449383,11.548780865175482,9877.222566082957,3443.3737370228973,2.868472411194811,2.011729958540533,307.07925270252866,0.0,0.14012738853503184,0.012738853503184714,2.88746558087926,28.517241379310345,0.9419642857142857,1006.3491801322385,116,44.910807847976685,0.25,0.25
core,100,3000000.0,8,1,exclude,launch,0,0.0,prior,0.0,sa,12600.0,43200.0,216982.030236434,0,207527.3448578088,9454.685378625172,0,0,0.0,0,11.074366769405328,10.748713303861987,6890.556001902748,3704.8024305699714,1.8598983700306684,2.0089468864613034,305.39214590998745,0.0,0.0777479892761394,0.0160857908847185,1.951558945061001,18.010830324909747,0.9726775956284153,662.0334106080741,277,77.08731937408447,0.25,0.25
core,100,3000000.0,4,3,exclude,launch,0,0.0,prior,0.0,sa,12600.0,43200.0,432985.60592668806,0,389688.29520736577,43297.31071932225,0,0,0.0,0,8.09367519665605,10.729687956257653,9550.927902285866,3705.220866610124,2.577694622297626,2.0122817752899813,307.4143177752709,0.0,0.14736842105263157,0.0,3.8218062700271638,37.11594202898551,0.9528301886792453,1296.9038518453283,69,33.973835945129395,0.25,0.25
core,100,3000000.0,6,2,exclude,launch,0,0.0,prior,0.0,sa,12600.0,43200.0,276586.5213619346,0,258497.62101450702,18088.900347427563,0,0,0.0,0,7.835028845449383,12.4404914528157,9877.222566082957,3199.594896498519,3.087022853078091,2.0098213456151974,305.9217450180264,0.0,0.05714285714285714,0.004761904761904762,2.623375163765267,26.61437908496732,0.9459459459459459,814.6060229191074,153,57.105302572250366,0.25,0.25
core,100,3000000.0,9,1,exclude,launch,0,0.0,prior,0.0,sa,12600.0,43200.0,199352.70204155456,0,190400.52887629796,8952.17316525658,0,0,0.0,0,11.074366769405328,10.663214669508651,6890.556001902748,3734.7588058659003,1.8449801874970555,2.0088119102818074,305.3104410979288,0.0,0.023758099352051837,0.01079913606911447,1.7322465896547266,15.152298850574713,0.9781420765027322,624.5540445956952,348,89.2813310623169,0.25,0.25
core,100,3000000.0,5,3,exclude,launch,0,0.0,prior,0.0,sa,12600.0,43200.0,349822.08102390857,0,318268.9714262407,31553.10959766784,0,0,0.0,0,8.09367519665605,10.586617712360635,9550.927902285866,3758.321181346287,2.5412750644330457,2.010661048294308,306.43072636180494,0.0,0.11486486486486487,0.006756756756756757,3.071914983473561,29.462962962962962,0.9528301886792453,1050.1067013191093,108,42.88607168197632,0.25,0.25
core,100,3000000.0,10,1,exclude,launch,0,0.0,prior,0.0,sa,12600.0,43200.0,191919.06815713094,0,182633.36380272015,9285.704354410795,0,0,0.0,0,11.074366769405328,10.867395554818335,6890.556001902748,3664.8534087005855,1.880172338010614,2.0086668126351994,305.2226216734958,0.0,0.02097902097902098,0.026223776223776224,1.5480498105508629,12.788235294117648,0.9781420765027322,603.4218780035175,425,93.64797306060791,0.25,0.25
core,100,3000000.0,7,2,exclude,launch,0,0.0,prior,0.0,sa,12600.0,43200.0,247894.56278086393,0,231931.8514446835,15962.711336180399,0,0,0.0,0,7.835028845449383,12.176200207944783,9877.222566082957,3270.214117439298,3.0203595885082892,2.009102146019708,305.486142330474,0.0,0.06690140845070422,0.01056338028169014,2.217141374458311,21.70754716981132,0.9638009049773756,723.4379845289565,212,66.35317468643188,0.25,0.25
core,100,3000000.0,12,1,exclude,launch,0,0.0,prior,0.0,sa,12600.0,43200.0,735952.2123805947,0,705698.8682830329,30253.344097561723,0,3,0.7977383442616418,4,11.074366769405328,10.950339718721633,6890.556001902748,3638.7648670788503,1.8936524490065196,2.0077442988627334,304.66457156710254,0.0,0.0025477707006369425,0.0,1.3716327849096233,10.282793867120954,0.9508196721311475,545.5918440296521,587,92.17425227165222,0.25,0.25
core,100,3000000.0,13,1,exclude,launch,0,0.0,prior,0.0,sa,12600.0,43200.0,1361443.9821183723,0,1305527.7355148084,55916.24660356388,0,8,0.8918746317000514,15,11.074366769405328,10.487870455400094,6890.556001902748,3798.510300202636,1.8140153526858052,2.008118625198142,304.8909487414178,0.0,0.0021691973969631237,0.0,1.2678269395842212,8.072463768115941,0.9180327868852459,589.5297155375309,690,92.04625225067139,0.25,0.25
core,100,3000000.0,11,1,exclude,launch,0,0.0,prior,0.0,sa,12600.0,43200.0,184835.90342524025,0,175939.82617762554,8896.077247614725,0,0,0.0,0,11.074366769405328,10.33700624437715,6890.556001902748,3852.3928615813184,1.78864312376343,2.0089292351283405,305.38146044899753,0.0,0.008836524300441826,0.013254786450662739,1.4407781642862425,10.951171875,0.9781420765027322,587.6312252302349,512,99.88638615608215,0.25,0.25
core,100,3000000.0,14,1,exclude,launch,0,0.0,prior,0.0,sa,12600.0,43200.0,2823704.7591637643,0,2701495.722883775,122209.03627998898,0,18,0.9553154893224163,24,11.074366769405328,10.73640545881511,6890.556001902748,3712.0822229775613,1.8562509093280932,2.0073055966303888,304.3993695008711,0.0,0.0,0.0,1.1758293313554307,7.175,0.825136612021858,572.5986787941571,800,97.26926946640015,0.25,0.25
core,100,3000000.0,6,3,exclude,launch,0,0.0,prior,0.0,sa,12600.0,43200.0,282191.4982191194,0,263648.94898105226,18542.549238067175,0,0,0.0,0,8.09367519665605,10.421069694548933,9550.927902285866,3820.045426885362,2.5002131741855034,2.009597857962666,305.7863504408411,0.0,0.10849056603773585,0.0047169811320754715,2.5643638310213994,24.41025641025641,0.9386792452830188,870.7922022190004,156,56.09545421600342,0.25,0.25
core,100,3000000.0,9,2,exclude,launch,0,0.0,prior,0.0,sa,12600.0,43200.0,425630.5707967844,0,399252.54620391404,26378.024592870373,0,1,0.5481686194095224,1,7.835028845449383,13.061716696335363,9877.222566082957,3050.9511506056024,3.237424028936801,2.007495003495139,304.51385462030083,0.0,0.01978021978021978,0.006593406593406593,1.7870256337377715,16.067846607669615,0.9411764705882353,604.777314506353,339,75.64455246925354,0.25,0.25
core,100,3000000.0,8,2,exclude,launch,0,0.0,prior,0.0,sa,12600.0,43200.0,216563.52883600254,0,204246.09539850382,12317.433437498728,0,0,0.0,1,7.835028845449383,11.173058345946481,9877.222566082957,3564.325528237155,2.7711336935512834,2.008817852055878,305.3140375879907,0.0,0.04076086956521739,0.008152173913043478,1.9683979941100611,18.434306569343065,0.9638009049773756,656.5668764623952,274,79.03887820243835,0.25,0.25
core,100,3000000.0,15,1,exclude,launch,0,0.0,prior,0.0,sa,12600.0,43200.0,4134077.670655322,0,3901499.5869566686,232578.0836986532,0,27,0.9769181506130775,35,11.074366769405328,10.524114882460232,6890.556001902748,3786.79174847587,1.8196289787195452,2.007395677420634,304.45381526573357,0.0,0.0008176614881439084,0.0008176614881439084,1.098398510260345,5.921483097055616,0.726775956284153,603.7597907184455,917,100.2200927734375,0.25,0.25
core,100,3000000.0,17,1,exclude,launch,0,0.0,prior,0.0,sa,12600.0,43200.0,8139857.035074412,0,7732620.493363359,407236.54171105265,0,51,0.9933219685044246,62,11.074366769405328,12.249797544911383,6890.556001902748,3251.8681137526155,2.1189530943034254,2.008297984207413,304.99944748702,0.0,0.0,0.10178901912399753,0.8124534447671337,3.401639344262295,0.532967032967033,781.3365003114491,1220,98.72154188156128,0.25,0.25
core,100,3000000.0,10,2,exclude,launch,0,0.0,prior,0.0,sa,12600.0,43200.0,420497.80914578395,0,395282.7633333866,25215.045812397355,0,1,0.554859781186803,1,7.835028845449383,12.593622358784565,9877.222566082957,3164.0843340262927,3.121668553478221,2.0076651040476743,304.6166885746231,0.0,0.012302284710017574,0.01757469244288225,1.5618761147306999,13.0,0.9638009049773756,594.12593446648,428,81.66243577003479,0.25,0.25
core,100,3000000.0,16,1,exclude,launch,0,0.0,prior,0.0,sa,12600.0,43200.0,5575197.484856882,0,5263031.5548498295,312165.9300070524,0,36,0.9866026569283424,52,11.074366769405328,10.61680342795744,6890.556001902748,3754.400910076956,1.835327703924275,2.0070378562656703,304.23757318564725,0.0,0.0,0.0,1.028635550143693,5.042897998093422,0.6648351648351648,620.2454282782817,1049,104.99415636062622,0.25,0.25
core,100,3000000.0,11,2,exclude,launch,0,0.0,prior,0.0,sa,12600.0,43200.0,407136.38014393713,0,385632.4627760494,21503.917367887716,0,1,0.573069206661598,1,7.835028845449383,12.2200350868018,9877.222566082957,3261.2352863354954,3.0286752407801742,2.007406848220806,304.4605673526535,0.0,0.0074850299401197605,0.0074850299401197605,1.4758030871021097,11.514056224899598,0.9411764705882353,574.3639291545142,498,87.12311124801636,0.25,0.25
core,100,3000000.0,12,2,exclude,launch,0,0.0,prior,0.0,sa,12600.0,43200.0,793025.1710737668,0,733898.3878402988,59126.78323346792,0,3,0.7789883713952455,6,7.835028845449383,11.168732863203656,9877.222566082957,3567.3861183541953,2.7687562373090664,2.0078717318277794,304.7416283452583,0.0,0.005128205128205128,0.0,1.3816102385102713,9.172945205479452,0.9095022624434389,615.3597415623449,584,87.12812495231628,0.25,0.25
core,100,3000000.0,7,3,exclude,launch,0,0.0,prior,0.0,sa,12600.0,43200.0,249736.30454625515,0,231164.15812784032,18572.146418414814,0,0,0.0,0,8.09367519665605,10.199973790955273,9550.927902285866,3904.336509340209,2.446235840439858,2.008832330216234,305.32280114685483,0.0,0.08070175438596491,0.010526315789473684,2.2460957337800633,20.535885167464116,0.9619047619047619,778.6465614428129,209,67.52633690834045,0.25,0.25
core,100,3000000.0,5,4,exclude,launch,0,0.0,prior,0.0,sa,12600.0,43200.0,348882.4913136158,0,312821.0062653728,36061.48504824298,0,0,0.0,0,11.23903115330314,12.12814356328017,6784.717938949873,3280.843846779888,2.0679795369136507,2.0105278686978894,306.3499720245298,0.0,0.1038961038961039,0.0,3.054198235699235,29.51818181818182,0.9302325581395349,1026.7984963914205,110,41.91913986206055,0.25,0.25
core,100,3000000.0,8,3,exclude,launch,0,0.0,prior,0.0,sa,12600.0,43200.0,213585.4161754553,0,201324.62016671116,12260.796008744108,0,0,0.0,0,8.09367519665605,9.635655884539021,9550.927902285866,4133.028585642152,2.3108787428824256,2.008816635334753,305.3133011184399,0.0,0.03825136612021858,0.00273224043715847,1.9694355276353142,17.912408759124087,0.9760765550239234,677.4150540519497,274,80.4820544719696,0.25,0.25
core,100,3000000.0,9,3,exclude,launch,0,0.0,prior,0.0,sa,12600.0,43200.0,299111.9860850303,0,268795.8584346928,30316.12765033751,0,1,0.377726671306388,1,8.09367519665605,11.770241621540757,9550.927902285866,3386.2295841732107,2.82051989236809,2.0071887267681108,304.32873939863066,0.0,0.013043478260869565,0.002173913043478261,1.7808795755903197,15.870588235294118,0.9473684210526315,614.124395920537,340,76.03855109214783,0.25,0.25
core,100,3000000.0,6,4,exclude,launch,0,0.0,prior,0.0,sa,12600.0,43200.0,300294.89958397823,0,275467.27917610883,24827.62040786945,0,0,0.0,0,11.23903115330314,11.98489017159408,6784.717938949873,3321.3716485911837,2.0427457860151623,2.0097334189333176,305.86847319322993,0.0,0.1583710407239819,0.027149321266968326,2.4181809037701183,22.613496932515336,0.9666666666666667,879.905668974776,163,53.86314272880554,0.25,0.25
core,100,3000000.0,4,5,exclude,launch,0,0.0,prior,0.0,sa,12600.0,43200.0,415659.7174205254,0,374195.5182062395,41464.19921428586,0,0,0.0,0,8.113884163300844,11.02499180527754,9526.309519573117,3605.0443806276107,2.642494381141199,2.01280218909813,307.73048227258914,0.0,0.19607843137254902,0.00980392156862745,3.686591027363529,35.75342465753425,0.9383259911894273,1295.292252185415,73,35.487058877944946,0.25,0.25
core,100,3000000.0,10,3,exclude,launch,0,0.0,prior,0.0,sa,12600.0,43200.0,289219.63735952205,0,260996.08890078322,28223.548458738867,0,1,0.39059320417923404,1,8.09367519665605,11.764992592761505,9550.927902285866,3387.9424636833614,2.819093890957677,2.0070689978688767,304.2563899405871,0.0,0.007104795737122558,0.008880994671403197,1.5886476063792891,13.23404255319149,0.9375,590.9440384698127,423,83.54807376861572,0.25,0.25
core,100,3000000.0,11,3,exclude,launch,0,0.0,prior,0.0,sa,12600.0,43200.0,280538.237292637,0,253409.84377398322,27128.393518653786,0,1,0.40274419144348467,1,8.09367519665605,11.217066426218425,9550.927902285866,3553.4199076797063,2.6878129099362145,2.0070776006600353,304.26158812535215,0.0,0.006042296072507553,0.0015105740181268882,1.490878735901746,11.491935483870968,0.9423076923076923,578.2020443627721,496,87.53340673446655,0.25,0.25
core,100,3000000.0,12,3,exclude,launch,0,0.0,prior,0.0,sa,12600.0,43200.0,709360.2713945952,0,647143.4164503205,62216.85494427464,0,4,0.7601994553301201,11,8.09367519665605,10.474273022892104,9550.927902285866,3804.493302492545,2.510433622271985,2.0075634166730048,304.5552115853337,0.0,0.0038461538461538464,0.0,1.3794284388426727,8.866666666666667,0.9130434782608695,634.564401507968,585,85.79841184616089,0.25,0.25
core,100,3000000.0,7,4,exclude,launch,0,0.0,prior,0.0,sa,12600.0,43200.0,236987.67889219976,0,218927.81654018274,18059.862352016993,0,0,0.0,0,11.23903115330314,12.577083736273417,6784.717938949873,3167.0424237108023,2.1422883028514232,2.0084274741867105,305.07779120837677,0.0,0.04878048780487805,0.006968641114982578,2.1995326210815698,21.314553990610328,0.9345794392523364,735.0429453734542,213,71.98971843719482,0.25,0.25
core,100,3000000.0,5,5,exclude,launch,0,0.0,prior,0.0,sa,12600.0,43200.0,343728.7424437398,0,309986.00525156176,33742.737192178036,0,0,0.0,0,8.113884163300844,10.97199407578211,9526.309519573117,3626.132486126674,2.627126713108278,2.0107623968216872,306.4921868486166,0.0,0.125,0.0,3.0079944130070757,28.455357142857142,0.9380530973451328,1055.2544297484333,112,42.9692120552063,0.25,0.25
core,100,3000000.0,13,3,exclude,launch,0,0.0,prior,0.0,sa,12600.0,43200.0,2121554.574335922,0,2012423.1291323379,109131.445203584,0,15,0.9418658208461693,20,8.09367519665605,10.81661030584455,9550.927902285866,3685.895751884407,2.5912094495355635,2.006576656519428,303.9589696349493,0.0,0.0,0.0,1.2669510716006014,8.14556040756914,0.8365384615384616,586.0958400237978,687,91.32306933403015,0.25,0.25
core,100,3000000.0,8,4,exclude,launch,0,0.0,prior,0.0,sa,12600.0,43200.0,202071.04897655017,0,190544.38660824334,11526.662368306821,0,0,0.0,0,11.23903115330314,12.945797983125956,6784.717938949873,3078.0770522614366,2.204206660117621,2.0076207428823825,304.58986844605306,0.0,0.04155124653739612,0.0110803324099723,1.9950801012611519,19.261194029850746,0.9575471698113207,644.0127211948466,268,83.61691951751709,0.25,0.25
core,100,3000000.0,6,5,exclude,launch,0,0.0,prior,0.0,sa,12600.0,43200.0,270385.1313308247,0,250649.9247694211,19735.206561403582,0,0,0.0,0,8.113884163300844,11.484062151261304,9526.309519573117,3466.6825678236137,2.7479612953295987,2.0094646757007686,305.7056794462972,0.0,0.102803738317757,0.004672897196261682,2.5473073189096076,24.59119496855346,0.9469026548672567,855.1378073176971,159,58.14480233192444,0.25,0.25
core,100,3000000.0,3,6,exclude,launch,0,0.0,prior,0.0,sa,12600.0,43200.0,635087.0618148311,0,548008.5782449275,87078.48356990363,0,0,0.0,0,6.494073782501953,12.566942493360294,11985.590454621943,3157.8304030510076,3.7955143009079273,2.015911941763191,309.6231220251173,0.0,0.2545454545454545,0.0,5.188173242761782,49.43589743589744,0.9074889867841409,1765.3743184988616,39,18.46699857711792,0.25,0.25
core,100,3000000.0,9,4,exclude,launch,0,0.0,prior,0.0,sa,12600.0,43200.0,193906.77347247826,0,182565.1811986637,11341.592273814576,0,0,0.0,0,11.23903115330314,12.280237489719255,6784.717938949873,3245.052293904525,2.090788475641586,2.007527584240063,304.5335499013853,0.0,0.01948051948051948,0.004329004329004329,1.7437644722556658,15.502890173410405,0.9476190476190476,616.5242693756874,346,90.91501808166504,0.25,0.25
core,100,3000000.0,13,4,exclude,launch,0,0.0,prior,0.0,sa,12600.0,43200.0,1263232.1978053858,0,1204136.0526242028,59096.145181183085,0,8,0.8569386507471465,18,11.23903115330314,10.756225027388894,6784.717938949873,3705.1727640149556,1.8311475256548893,2.007343262364744,304.4221344694934,0.0,0.0010905125408942203,0.0,1.272248864209776,6.802919708029197,0.9,708.5223559906516,685,82.54846906661987,0.25,0.25
core,100,3000000.0,12,4,exclude,launch,0,0.0,prior,0.0,sa,12600.0,43200.0,315786.6578088394,0,291508.4839241133,24278.173884726133,0,1,0.4353300322586716,3,11.23903115330314,11.328465453472958,6784.717938949873,3518.159036820224,1.9284852867487265,2.0072590965364316,304.3712662666167,0.0,0.010256410256410256,0.0,1.3803614960912063,9.095890410958905,0.9425837320574163,619.5914684037981,584,89.15879726409912,0.25,0.25
core,100,3000000.0,14,4,exclude,launch,0,0.0,prior,0.0,sa,12600.0,43200.0,4324195.297016376,0,4018462.1525560617,305733.14446031384,0,25,0.9758350524802454,32,11.23903115330314,11.145331058016048,6784.717938949873,3578.1215538301067,1.896167538435733,2.006050786630629,303.64145558403237,0.0,0.0,0.0,1.16494419122882,6.159259259259259,0.7211538461538461,658.9879455823226,810,89.59525775909424,0.25,0.25
core,100,3000000.0,4,6,exclude,launch,0,0.0,prior,0.0,sa,12600.0,43200.0,489866.1089924247,0,427739.7516294984,62126.35736292625,0,0,0.0,0,6.494073782501953,11.682631215426342,11985.590454621943,3401.782071139838,3.5233269515721566,2.0129956273932224,307.84804233533646,0.0,0.21568627450980393,0.0,3.537354355562053,32.906666666666666,0.9419642857142857,1290.093165933669,75,31.128583192825317,0.25,0.25
core,100,3000000.0,10,4,exclude,launch,0,0.0,prior,0.0,sa,12600.0,43200.0,179988.6516010664,0,171694.888920514,8293.762680552412,0,0,0.0,0,11.23903115330314,12.35875653684806,6784.717938949873,3224.981882173248,2.1038003272061157,2.007187441287695,304.32796256629615,0.0,0.0196078431372549,0.012477718360071301,1.5904570365871287,13.461904761904762,0.9619047619047619,585.67944847561,420,98.03695964813232,0.25,0.25
core,100,3000000.0,7,5,exclude,launch,0,0.0,prior,0.0,sa,12600.0,43200.0,237473.40542173747,0,221340.3271950204,16133.078226717074,0,0,0.0,0,8.113884163300844,11.589185864229018,9526.309519573117,3436.535783974762,2.7720676048234854,2.008705128954807,305.24581115392,0.0,0.06896551724137931,0.0034482758620689655,2.165378990911656,20.29032258064516,0.9555555555555556,752.8152805677901,217,68.1313202381134,0.25,0.25
core,100,3000000.0,15,4,exclude,launch,0,0.0,prior,0.0,sa,12600.0,43200.0,5012839.724981215,0,4685042.8903324455,327796.83464876923,0,32,0.9813423881954878,42,11.23903115330314,11.17383945705933,6784.717938949873,3569.4420176863587,1.9007783024159033,2.005798157881273,303.48898031920874,0.0,0.0008149959250203749,0.0,1.0953400407253089,5.136165577342048,0.6682692307692307,697.1779698630729,918,91.99648857116699,0.25,0.25
core,100,3000000.0,11,4,exclude,launch,0,0.0,prior,0.0,sa,12600.0,43200.0,179517.39123670582,0,167732.5291514023,11784.862085303535,0,0,0.0,0,11.23903115330314,11.689565846477475,6784.717938949873,3409.4649641649153,1.989965584119637,2.007268056695284,304.3766814116081,0.0,0.005997001499250375,0.0029985007496251873,1.4739440427188089,11.284860557768924,0.9617224880382775,580.0236915118898,502,101.3248565196991,0.25,0.25
core,100,3000000.0,5,6,exclude,launch,0,0.0,prior,0.0,sa,12600.0,43200.0,358018.95725914126,0,325154.5545958035,32864.40266333773,0,0,0.0,0,6.494073782501953,11.453191668214089,11985.590454621943,3473.2475818396547,3.450831008215546,2.011072448762618,306.68024899405117,0.0,0.12258064516129032,0.0064516129032258064,2.9843131808758447,29.035714285714285,0.9508928571428571,1029.7959565091523,112,43.89471960067749,0.25,0.25
core,100,3000000.0,16,4,exclude,launch,0,0.0,prior,0.0,sa,12600.0,43200.0,7080061.1505833035,0,6574129.383475795,505931.7671075083,0,42,0.9912828032333586,56,11.23903115330314,11.44487624320412,6784.717938949873,3485.431212887079,1.9465935560179666,2.0054986317420846,303.30824953056145,0.0,0.0,0.0,0.9953151942050196,4.469010175763183,0.5240384615384616,679.1796787775627,1081,100.03416299819946,0.25,0.25
core,100,3000000.0,17,4,exclude,launch,0,0.0,prior,0.0,sa,12600.0,43200.0,8617873.771522347,0,8026227.371547881,591646.3999744662,0,55,0.9950359649082711,62,11.23903115330314,11.481444811743327,6784.717938949873,3475.297814694587,1.9522695034255997,2.0049401693800695,302.97142321009295,0.0,0.0,0.0012239902080783353,0.9307348544324728,3.6207177814029365,0.4375,737.1514340373941,1226,102.7064414024353,0.25,0.25
core,100,3000000.0,9,5,exclude,launch,0,0.0,prior,0.0,sa,12600.0,43200.0,348697.6332419621,0,328269.4803961262,20428.152845835848,0,1,0.4793156890262943,1,8.113884163300844,12.236838685509255,9526.309519573117,3256.920996041783,2.9249433839969337,2.007305747845866,304.3994608929956,0.0,0.0196078431372549,0.008714596949891068,1.759512130140541,15.460410557184751,0.96875,630.2082613903688,341,74.77059125900269,0.25,0.25
core,100,3000000.0,8,5,exclude,launch,0,0.0,prior,0.0,sa,12600.0,43200.0,213288.18025605223,0,200637.6942565185,12650.485999533708,0,0,0.0,0,8.113884163300844,10.680378660130291,9526.309519573117,3729.2550387196425,2.5544805653312905,2.0085435441473094,305.1480241323647,0.0,0.056451612903225805,0.005376344086021506,1.936315404767734,17.068592057761734,0.9733333333333334,703.6910782584547,277,77.70480012893677,0.25,0.25
core,100,3000000.0,4,7,exclude,launch,0,0.0,prior,0.0,sa,12600.0,43200.0,430554.28956451354,0,387418.7725626712,43135.517001842345,0,0,0.0,0,8.449549659428047,10.616676513203002,9134.626880467602,3742.879482643889,2.440534599851743,2.013240038123893,307.9966124571924,0.0,0.22448979591836735,0.0,3.7124236786526543,35.273972602739725,0.9358974358974359,1304.3162959738831,73,33.47777581214905,0.25,0.25
core,100,3000000.0,10,5,exclude,launch,0,0.0,prior,0.0,sa,12600.0,43200.0,338268.20890896313,0,319679.99311073264,18588.21579823052,0,1,0.4940938637960793,1,8.113884163300844,11.787966082362356,9526.309519573117,3380.983031834287,2.817615300010779,2.007280743259282,304.3843487222913,0.0,0.028070175438596492,0.008771929824561403,1.5844344031388051,13.040189125295509,0.968609865470852,598.4551455972921,423,81.72619390487671,0.25,0.25
core,100,3000000.0,6,6,exclude,launch,0,0.0,prior,0.0,sa,12600.0,43200.0,301564.8534381907,0,272992.3582808206,28572.495157370086,0,0,0.0,0,6.494073782501953,12.574031167594741,11985.590454621943,3166.3183374157925,3.785339683944744,2.009374462213918,305.65104149089103,0.0,0.0861244019138756,0.009569377990430622,2.5768455755109794,24.787096774193547,0.968609865470852,857.7872433631912,155,53.60437297821045,0.25,0.25
core,100,3000000.0,3,8,exclude,launch,0,0.0,prior,0.0,sa,12600.0,43200.0,629213.4918455264,0,530736.7188526451,98476.77299288126,0,0,0.0,0,7.122751608490761,11.495639303156475,10898.28113215428,3451.6528550969842,3.157409388971725,2.0161820677086064,309.78779841976154,0.0,0.24561403508771928,0.017543859649122806,5.233566275858832,51.282051282051285,0.9057591623036649,1710.5338442017944,39,16.936793327331543,0.25,0.25
core,100,3000000.0,7,6,exclude,launch,0,0.0,prior,0.0,sa,12600.0,43200.0,511790.59684981854,0,459398.68273196364,52391.91411785488,0,1,0.5397730139825125,1,6.494073782501953,12.147384755212371,11985.590454621943,3279.0438387332465,3.655208970689514,2.0084451534480827,305.08848825387827,0.0,0.04878048780487805,0.006968641114982578,2.2426736869325308,21.274881516587676,0.9598214285714286,737.3557363943029,211,60.020848512649536,0.25,0.25
core,100,3000000.0,11,5,exclude,launch,0,0.0,prior,0.0,sa,12600.0,43200.0,334559.79387939867,0,315945.1811028789,18614.61277651975,0,1,0.49957062802189983,2,8.113884163300844,11.35906683715259,9526.309519573117,3508.640711075728,2.715099750596124,2.0072822018039878,304.3852302213269,0.0,0.014992503748125937,0.005997001499250375,1.4789635792498539,11.21,0.9775784753363229,589.8578029278966,500,85.16382122039795,0.25,0.25
core,100,3000000.0,5,7,exclude,launch,0,0.0,prior,0.0,sa,12600.0,43200.0,338215.9391937531,0,302629.18287441984,35586.75631933331,0,0,0.0,0,8.449549659428047,10.758663335941826,9134.626880467602,3697.397374545032,2.4705558951698086,2.0111086819939192,306.70223004104423,0.0,0.1103448275862069,0.006896551724137931,3.171707841107291,31.254716981132077,0.9313304721030042,1016.6449537020342,106,45.60011863708496,0.25,0.25
core,100,3000000.0,12,5,exclude,launch,0,0.0,prior,0.0,sa,12600.0,43200.0,540173.1526339215,0,507183.7199571797,32989.43267674175,0,3,0.6822175133102315,10,8.113884163300844,10.201315077659086,9526.309519573117,3905.3578769943074,2.439292331105102,2.008042904898243,304.8451494347065,0.0,0.0012836970474967907,0.0,1.3846523830358375,8.832191780821917,0.9506726457399103,638.8531921367653,584,83.9868688583374,0.25,0.25
core,100,3000000.0,4,8,exclude,launch,0,0.0,prior,0.0,sa,12600.0,43200.0,440597.2836349886,0,395248.0590772443,45349.22455774424,0,0,0.0,0,7.122751608490761,10.165910796215256,10898.28113215428,3908.5471398994414,2.7883202484375484,2.013391997999053,308.0890024825539,0.0,0.2376237623762376,0.0,3.6744984467277644,35.15277777777778,0.9247311827956989,1313.8480034432557,72,31.14637017250061,0.25,0.25
core,100,3000000.0,8,6,exclude,launch,0,0.0,prior,0.0,sa,12600.0,43200.0,488152.65879026946,0,436557.07856159937,51595.58022867012,0,1,0.5659203867855,1,6.494073782501953,12.50009749878942,11985.590454621943,3187.3960979825215,3.760307814334178,2.007892927101235,304.7544457502086,0.0,0.034759358288770054,0.013368983957219251,1.9353112686054699,17.858695652173914,0.9596412556053812,675.2809388139152,276,66.95695400238037,0.25,0.25
core,100,3000000.0,6,7,exclude,launch,0,0.0,prior,0.0,sa,12600.0,43200.0,267766.03272448725,0,249899.3980562341,17866.63466825313,0,0,0.0,0,8.449549659428047,11.073730200512477,9134.626880467602,3594.635744219344,2.5411828987561,2.0097459413529237,305.8760598236106,0.0,0.08095238095238096,0.0,2.644528863088903,25.797385620915033,0.9484978540772532,848.4977032624179,153,59.106823205947876,0.25,0.25
core,100,3000000.0,13,5,exclude,launch,0,0.0,prior,0.0,sa,12600.0,43200.0,2552219.9717946034,0,2360139.48923873,192080.48255587355,0,14,0.9521260718645749,21,8.113884163300844,10.78520090244736,9526.309519573117,3696.224751458578,2.577307972361235,2.006796693036625,304.0918743328452,0.0,0.004343105320304018,0.0,1.2693095802546472,7.828488372093023,0.8295964125560538,611.5409642782942,688,91.54369807243347,0.25,0.25
core,100,3000000.0,3,9,exclude,launch,0,0.0,prior,0.0,sa,12600.0,43200.0,637427.1352501304,0,549187.6709682008,88239.46428192964,0,0,0.0,0,6.313263717062822,11.571473438414236,12338.400905137405,3429.35635028912,3.5978765823205237,2.0159915547304705,309.6716517850916,0.0,0.3220338983050847,0.0,4.867892079815424,45.333333333333336,0.93048128342246,1818.4331428868438,42,18.25122356414795,0.25,0.25
core,100,3000000.0,9,6,exclude,launch,0,0.0,prior,0.0,sa,12600.0,43200.0,472856.7001776502,0,419583.1676005232,53273.53257712701,0,1,0.584186102391001,1,6.494073782501953,12.195125509069195,11985.590454621943,3267.5433895015394,3.6680738481181523,2.0076238642274853,304.5917555282189,0.0,0.042643923240938165,0.010660980810234541,1.738123199577017,15.34393063583815,0.968609865470852,623.5725600081225,346,74.78625845909119,0.25,0.25
core,100,3000000.0,5,8,exclude,launch,0,0.0,prior,0.0,sa,12600.0,43200.0,332309.6539813681,0,304517.33056135394,27792.323420014123,0,0,0.0,0,7.122751608490761,10.709289207514708,10898.28113215428,3714.371748063173,2.9340846504761116,2.0111477277884884,306.72591822354684,0.0,0.10884353741496598,0.0,3.1410327181065676,31.632075471698112,0.9411764705882353,986.9523140963233,106,43.95896601676941,0.25,0.25
core,100,3000000.0,7,7,exclude,launch,0,0.0,prior,0.0,sa,12600.0,43200.0,229800.98156991263,0,215426.441989967,14374.539579945642,0,0,0.0,0,8.449549659428047,10.57326521649378,9134.626880467602,3765.7276641981634,2.425726896640211,2.009240631951188,305.56999595437,0.0,0.05653710247349823,0.01060070671378092,2.2298948430976524,21.452380952380953,0.9434782608695652,739.4903576955562,210,70.92223453521729,0.25,0.25
core,100,3000000.0,4,9,exclude,launch,0,0.0,prior,0.0,sa,12600.0,43200.0,432687.0018167444,0,388883.2317391384,43803.77007760597,0,0,0.0,0,6.313263717062822,12.5707705032809,12338.400905137405,3162.6220098858953,3.9013201282256817,2.0122447368640057,307.39182219266405,0.0,0.12631578947368421,0.010526315789473684,3.956243650641853,39.14705882352941,0.9513513513513514,1282.1037124704096,68,31.212843656539917,0.25,0.25
core,100,3000000.0,10,6,exclude,launch,0,0.0,prior,0.0,sa,12600.0,43200.0,453689.1645267795,0,406179.0391535408,47510.12537323872,0,1,0.6089021607784441,1,6.494073782501953,12.302848524129736,11985.590454621943,3239.719284076525,3.699576847146005,2.00713659430905,304.2972358789296,0.0,0.008880994671403197,0.003552397868561279,1.6017456703466009,13.437352245862884,0.9596412556053812,582.7672048551791,423,83.22376847267151,0.25,0.25
core,100,3000000.0,9,7,exclude,launch,0,0.0,prior,0.0,sa,12600.0,43200.0,333159.7616560205,0,303514.9662061438,29644.795449876703,0,1,0.46981311395621367,1,8.449549659428047,12.088919788948772,9134.626880467602,3296.3813671834514,2.771107424464227,2.0075438508331684,304.5433834055189,0.0,0.028384279475982533,0.008733624454148471,1.7753527740142705,16.11470588235294,0.9475982532751092,605.2067385552357,340,75.86754012107849,0.25,0.25
core,100,3000000.0,6,8,exclude,launch,0,0.0,prior,0.0,sa,12600.0,43200.0,289767.6019471345,0,264856.4280840989,24911.17386303553,0,0,0.0,0,7.122751608490761,10.992914170927337,10898.28113215428,3620.6287707755664,3.010052071651572,2.0099865517560653,306.02185041843217,0.0,0.1506849315068493,0.0045662100456621,2.4857314274935063,23.938271604938272,0.946236559139785,868.8530325032178,162,54.734915256500244,0.25,0.25
core,100,3000000.0,8,7,exclude,launch,0,0.0,prior,0.0,sa,12600.0,43200.0,201401.06040835578,0,187950.50040003087,13450.560008324894,0,0,0.0,0,8.449549659428047,10.497947232033479,9134.626880467602,3793.695465412818,2.407844004282405,2.008737263345089,305.2652599382819,0.0,0.027247956403269755,0.010899182561307902,1.9814809122640193,18.863970588235293,0.9608695652173913,648.5080382779432,272,81.89378833770752,0.25,0.25
core,100,3000000.0,3,10,exclude,launch,0,0.0,prior,0.0,sa,12600.0,43200.0,668987.3137702489,0,571319.3506065969,97667.96316365196,0,0,0.0,0,6.304195963927416,11.657886189385474,12356.627520954775,3404.1156332957744,3.6299082792882142,2.0158855496351453,309.60703498725036,0.0,0.2982456140350877,0.017543859649122806,5.193864122679506,47.07692307692308,0.8705357142857143,1874.4219746323577,39,21.48475742340088,0.25,0.25
core,100,3000000.0,10,7,exclude,launch,0,0.0,prior,0.0,sa,12600.0,43200.0,329984.8635834464,0,300968.6186673821,29016.244916064283,0,1,0.4743366191227868,1,8.449549659428047,11.794654861967196,9134.626880467602,3378.567907105925,2.703697877806549,2.007576473556461,304.56310501934223,0.0,0.014084507042253521,0.008802816901408451,1.580183891870956,13.20094562647754,0.9606986899563319,591.7367906071802,423,83.0379958152771,0.25,0.25
core,100,3000000.0,11,7,exclude,launch,0,0.0,prior,0.0,sa,12600.0,43200.0,320457.12329713645,0,291257.86066713656,29199.26262999987,0,1,0.4884462283186645,1,8.449549659428047,11.309009403187243,9134.626880467602,3523.7210297767188,2.5923240810713155,2.007538595510261,304.5402064328367,0.0,0.0029806259314456036,0.004470938897168405,1.4758165496101194,11.522772277227723,0.956140350877193,567.1538398703302,505,87.31196784973145,0.25,0.25
core,100,3000000.0,5,9,exclude,launch,0,0.0,prior,0.0,sa,12600.0,43200.0,380772.4312439729,0,336048.0389770007,44724.39226697219,0,0,0.0,0,6.313263717062822,11.517321044758743,12338.400905137405,3454.062923049789,3.5721413245833773,2.010982397502722,306.6256224181056,0.0,0.16339869281045752,0.013071895424836602,2.938092748871129,27.23008849557522,0.9555555555555556,1070.1300497704367,113,43.5973379611969,0.25,0.25
core,100,3000000.0,7,8,exclude,launch,0,0.0,prior,0.0,sa,12600.0,43200.0,233057.44792819052,0,222636.72021077716,10420.727717413367,0,0,0.0,0,7.122751608490761,10.743123941180848,10898.28113215428,3706.0068973601396,2.9407071907818993,2.009338832967627,305.6294639209352,0.0,0.0726643598615917,0.01384083044982699,2.1879765886328144,21.07511737089202,0.9513513513513514,730.0117671970892,213,68.41764664649963,0.25,0.25
core,100,3000000.0,8,8,exclude,launch,0,0.0,prior,0.0,sa,12600.0,43200.0,347670.7161124098,0,336658.3703513315,11012.34576107824,0,1,0.4367066866315021,1,7.122751608490761,11.730611282611035,10898.28113215428,3396.224646753457,3.208940004181479,2.008042654634954,304.84499806904535,0.0,0.021739130434782608,0.005434782608695652,1.9750662105660317,18.645756457564577,0.967391304347826,655.9790688634533,271,68.26467704772949,0.25,0.25
core,100,3000000.0,12,7,exclude,launch,0,0.0,prior,0.0,sa,12600.0,43200.0,372640.7583976087,0,337473.3857927997,35167.37260480896,0,2,0.555201806506436,6,8.449549659428047,10.743418680325073,9134.626880467602,3708.5752971286797,2.4631094554126967,2.0078921644916514,304.75398457309973,0.0,0.002551020408163265,0.0,1.3773876578574529,9.54251700680272,0.9429824561403509,588.7953611750281,588,89.4488615989685,0.25,0.25
core,100,3000000.0,4,10,exclude,launch,0,0.0,prior,0.0,sa,12600.0,43200.0,472221.9859486052,0,419263.08492386196,52958.90102474324,0,0,0.0,0,6.304195963927416,11.48020068948661,12356.627520954775,3461.9883483462554,3.5692285119496048,2.0128661891679256,307.76937514786687,0.0,0.21,0.0,3.6996531853242995,34.52054794520548,0.9237668161434978,1352.7789898555586,73,33.77918028831482,0.25,0.25
core,100,3000000.0,6,9,exclude,launch,0,0.0,prior,0.0,sa,12600.0,43200.0,277428.52479530196,0,261400.65192860056,16027.872866701382,0,0,0.0,0,6.313263717062822,12.045964685822476,12338.400905137405,3305.2998698216606,3.7329142259649593,2.009266460242396,305.58563633106473,0.0,0.07582938388625593,0.0,2.596606579739056,25.129032258064516,0.9664804469273743,858.8036441956485,155,55.27070498466492,0.25,0.25
core,100,3000000.0,3,11,exclude,launch,0,0.0,prior,0.0,sa,12600.0,43200.0,726367.5686302895,0,611186.314912262,115181.25371802742,0,0,0.0,0,6.246937242300257,10.371415368888833,12472.942269740002,3827.04074086152,3.2591610892891016,2.0155281754159082,309.3892425190693,0.0,0.2982456140350877,0.017543859649122806,4.979195382900837,45.19512195121951,0.9348837209302325,1871.3303446767277,41,21.60144829750061,0.25,0.25
core,100,3000000.0,13,7,exclude,launch,0,0.0,prior,0.0,sa,12600.0,43200.0,1793340.758100418,0,1686210.5693197271,107130.18878069069,0,11,0.9295723781168588,13,8.449549659428047,11.096538389133874,9134.626880467602,3592.1134490529876,2.5429672559133185,2.007023338054231,304.22880101576584,0.0,0.0010857763300760044,0.0,1.2662375997485777,8.592162554426706,0.8552631578947368,556.2545993784511,689,94.77013850212097,0.25,0.25
core,100,3000000.0,9,8,exclude,launch,0,0.0,prior,0.0,sa,12600.0,43200.0,331998.0452907415,0,318505.92550215544,13492.119788586037,0,1,0.4573223506159173,1,7.122751608490761,11.724767344454555,10898.28113215428,3398.4254620180427,3.206861899417001,2.007742463302932,304.66346170315836,0.0,0.034482758620689655,0.00646551724137931,1.7493051981756556,16.066473988439306,0.9619565217391305,596.8938342573775,346,77.6076889038086,0.25,0.25
core,100,3000000.0,7,9,exclude,launch,0,0.0,prior,0.0,sa,12600.0,43200.0,433353.07352932636,0,410404.259251164,22948.814278162394,0,1,0.45408134550224244,1,6.313263717062822,12.014617734424753,12338.400905137405,3315.3166740973,3.7216357042263315,2.00842219254422,305.07459552470755,0.0,0.041666666666666664,0.003472222222222222,2.2069246250731123,20.624413145539908,0.9776536312849162,757.2588355842333,213,59.36978578567505,0.25,0.25
core,100,3000000.0,5,10,exclude,launch,0,0.0,prior,0.0,sa,12600.0,43200.0,352968.00210527744,0,319505.96740816184,33462.03469711554,0,0,0.0,0,6.304195963927416,11.493631361971271,12356.627520954775,3461.116212945044,3.570127889592182,2.011020702516908,306.6488582753347,0.0,0.1,0.013333333333333334,3.0131722231175284,29.063063063063062,0.9227272727272727,1039.1353825504402,111,46.448164224624634,0.25,0.25
core,100,3000000.0,10,8,exclude,launch,0,0.0,prior,0.0,sa,12600.0,43200.0,313370.40299297543,0,303012.84583788924,10357.557155086191,0,1,0.4845069126571437,1,7.122751608490761,11.6507480519959,10898.28113215428,3420.582156706212,3.1860895698083693,2.0074103100461587,304.46265983618906,0.0,0.014311270125223614,0.0035778175313059034,1.6063874225202945,14.359712230215827,0.9668508287292817,550.8524492915092,417,83.5720853805542,0.25,0.25
core,100,3000000.0,8,9,exclude,launch,0,0.0,prior,0.0,sa,12600.0,43200.0,401426.78552655503,0,381008.45771596424,20418.32781059074,0,1,0.49019535766058664,1,6.313263717062822,12.278655787337055,12338.400905137405,3245.113390639668,3.8021478512050675,2.007748387175139,304.6670435562281,0.0,0.024390243902439025,0.01084010840108401,1.9588505918979426,18.205882352941178,0.9831460674157303,664.9477723648492,272,67.37843871116638,0.25,0.25
core,100,3000000.0,3,12,exclude,launch,0,0.0,prior,0.0,sa,12600.0,43200.0,603654.5306849788,0,524326.9918392507,79327.53884572814,0,0,0.0,0,6.255037628937327,13.406989093966507,12456.357911672216,2959.9047792481615,4.208364403815796,2.015955730453019,309.649813872098,0.0,0.2222222222222222,0.0,5.325803443871788,51.55263157894737,0.9406392694063926,1750.6346339816223,38,18.96778130531311,0.25,0.25
core,100,3000000.0,4,11,exclude,launch,0,0.0,prior,0.0,sa,12600.0,43200.0,487524.9996733936,0,435299.5100754006,52225.489597993,0,0,0.0,0,6.246937242300257,10.11782701037379,12472.942269740002,3928.6659398558977,3.1748543807716842,2.01260077465588,307.6080986501064,0.0,0.10891089108910891,0.0,3.6989127241989532,35.24324324324324,0.9383886255924171,1282.821164307424,74,35.59738850593567,0.25,0.25
core,100,3000000.0,11,8,exclude,launch,0,0.0,prior,0.0,sa,12600.0,43200.0,316009.5911918111,0,304953.5380394289,11056.053152382223,0,1,0.4804605008969299,1,7.122751608490761,11.541001732272475,10898.28113215428,3452.5876820083836,3.156554484900064,2.007713614682766,304.64601876510164,0.0,0.00583941605839416,0.016058394160583942,1.4216880253877922,11.528375733855185,0.9722222222222222,556.4904024335077,511,90.28809547424316,0.25,0.25
core,100,3000000.0,6,10,exclude,launch,0,0.0,prior,0.0,sa,12600.0,43200.0,289950.34267603094,0,267245.6440788702,22704.698597160736,0,0,0.0,0,6.304195963927416,11.757355765138655,12356.627520954775,3386.1044598096405,3.6492162801290062,2.009462822065961,305.70455674001226,0.0,0.08695652173913043,0.0,2.643686885102531,25.516339869281047,0.9452054794520548,845.8986339238821,153,57.654107332229614,0.25,0.25
core,100,3000000.0,9,9,exclude,launch,0,0.0,prior,0.0,sa,12600.0,43200.0,384668.0862843554,0,368545.9324627084,16122.15382164698,0,1,0.5115515264249566,1,6.313263717062822,12.041260014844841,12338.400905137405,3309.3996982743256,3.728289729273626,2.0075613664610534,304.55397215545946,0.0,0.02564102564102564,0.014957264957264958,1.7335805654330607,15.289017341040463,0.9775280898876404,616.1395058871326,346,74.20717883110046,0.25,0.25
core,100,3000000.0,7,10,exclude,launch,0,0.0,prior,0.0,sa,12600.0,43200.0,374909.6631778253,0,333324.1414000302,41585.52177779508,0,1,0.3339179828755658,1,6.304195963927416,12.31876683117553,12356.627520954775,3233.3795298111936,3.821582776481644,2.008473321921663,305.1055323083142,0.0,0.0763888888888889,0.020833333333333332,2.206796110093459,20.44075829383886,0.9124423963133641,764.0951030894837,211,58.617555379867554,0.25,0.25
core,100,3000000.0,4,12,exclude,launch,0,0.0,prior,0.0,sa,12600.0,43200.0,445166.1064163756,0,398969.67966702936,46196.42674934623,0,0,0.0,0,6.255037628937327,12.255269676856303,12456.357911672216,3243.1565143431817,3.8408130648591077,2.012793431413224,307.72516041413195,0.0,0.1595744680851064,0.0,3.8837549662106023,37.82608695652174,0.9174311926605505,1273.246713502092,69,31.269300937652588,0.25,0.25
core,100,3000000.0,5,11,exclude,launch,0,0.0,prior,0.0,sa,12600.0,43200.0,382578.2441650246,0,346464.2656918786,36113.97847314594,0,0,0.0,0,6.246937242300257,10.06468030694286,12472.942269740002,3953.023707744799,3.15529154183996,2.010761602924517,306.4917053839615,0.0,0.08,0.0,3.006005180523569,28.27027027027027,0.9521531100478469,1062.6895186876807,111,47.6189329624176,0.25,0.25
core,100,3000000.0,10,9,exclude,launch,0,0.0,prior,0.0,sa,12600.0,43200.0,372094.9242796673,0,357198.2980981919,14896.626181475363,0,1,0.5288369549427938,1,6.313263717062822,11.907693471130173,12338.400905137405,3347.085904770681,3.6863113933081877,2.0072223384646364,304.34905173065107,0.0,0.015901060070671377,0.014134275618374558,1.5933295744932394,13.323741007194245,0.9831460674157303,590.7032876650261,417,81.6628725528717,0.25,0.25
core,200,1500000.0,1,1,exclude,launch,0,0.0,prior,0.0,sa,12600.0,43200.0,5461477.867800901,0,4308387.138980136,1153090.7288207635,0,1,0.013351472555202524,0,3.6412741256481853,6.856513364348687,10651.832468453034,2807.8634734527895,3.793572076834145,2.07768965395844,348.4244970747188,0.0,0.07692307692307693,0.0,7.126470578542137,95.66666666666667,0.4547563805104408,7182.230865410341,9,16.581737995147705,0.25,0.25
core,100,3000000.0,8,10,exclude,launch,0,0.0,prior,0.0,sa,12600.0,43200.0,327795.8175561849,0,305383.63249393716,22412.18506224775,0,1,0.3234286871974802,1,6.304195963927416,12.123737454880212,12356.627520954775,3286.3040003725814,3.7600378782832795,2.0079168699811953,304.7689250378071,0.0,0.05675675675675676,0.010810810810810811,1.9613371322512054,17.741818181818182,0.9539170506912442,679.6607233496529,275,68.57877612113953,0.25,0.25
core,100,3000000.0,6,11,exclude,launch,0,0.0,prior,0.0,sa,12600.0,43200.0,318780.2225851292,0,290159.5402333415,28620.682351787702,0,0,0.0,0,6.246937242300257,9.803527042777471,12472.942269740002,4060.4696026898837,3.071797966786212,2.009700646340104,305.8486185658872,0.0,0.0892018779342723,0.004694835680751174,2.5796150790423367,23.81528662420382,0.9425837320574163,890.8956160047529,157,57.63446116447449,0.25,0.25
core,100,3000000.0,9,10,exclude,launch,0,0.0,prior,0.0,sa,12600.0,43200.0,303055.64324621914,0,287423.34162256063,15632.30162365849,0,1,0.3498320302020766,1,6.304195963927416,12.234458670528216,12356.627520954775,3257.1945611689416,3.7936412114479983,2.0075276142252676,304.5335680279378,0.0,0.017391304347826087,0.010869565217391304,1.7420150527587677,15.11304347826087,0.9485981308411215,632.9318057430204,345,75.23121428489685,0.25,0.25
core,100,3000000.0,5,12,exclude,launch,0,0.0,prior,0.0,sa,12600.0,43200.0,363416.1628923597,0,322003.48183244176,41412.68105991797,0,0,0.0,0,6.255037628937327,11.759237231819446,12456.357911672216,3382.964347645907,3.6820837087272835,2.011006221426585,306.64007392897844,0.0,0.12,0.013333333333333334,3.094771577403156,29.254545454545454,0.9128440366972477,1047.076470202293,110,44.38131284713745,0.25,0.25
core,100,3000000.0,7,11,exclude,launch,0,0.0,prior,0.0,sa,12600.0,43200.0,288013.49723820353,0,269050.5188455008,18962.97839270276,0,1,0.11616578510030962,1,6.246937242300257,10.88769114764631,12472.942269740002,3658.136606131631,3.4096436554155263,2.008603776772803,305.1844735561086,0.0,0.061224489795918366,0.003401360544217687,2.157858587007769,20.76036866359447,0.9521531100478469,735.7959676771701,217,64.5933609008789,0.25,0.25
core,100,3000000.0,10,10,exclude,launch,0,0.0,prior,0.0,sa,12600.0,43200.0,297204.3904430879,0,282803.9275808411,14400.462862246779,0,1,0.35671939698792315,1,6.304195963927416,12.113361071781412,12356.627520954775,3289.7663471872356,3.7560805895895144,2.007521802500114,304.5300547539236,0.0,0.014059753954305799,0.019332161687170474,1.5513238303668762,12.400932400932401,0.9398148148148148,621.9807039027164,429,81.47295117378235,0.25,0.25
core,200,1500000.0,2,1,exclude,launch,0,0.0,prior,0.0,sa,12600.0,43200.0,2152374.3298237356,0,1755660.7728944826,396713.5569292529,0,0,0.0,0,3.6412741256481853,7.570752245194117,10651.832468453034,2580.01668008413,4.1285905438819475,2.0478514198659106,329.3977794345015,0.0,0.08333333333333333,0.0,3.860216060539108,63.72222222222222,0.8181818181818182,2949.4726536902467,36,41.96645188331604,0.25,0.25
core,100,3000000.0,8,11,exclude,launch,0,0.0,prior,0.0,sa,12600.0,43200.0,263146.39601615176,0,245874.5031390126,17271.892877139184,0,1,0.12714334884566783,1,6.246937242300257,10.922132272442523,12472.942269740002,3647.5034301179194,3.419583424308601,2.0081069825196236,304.8839064614462,0.0,0.04289544235924933,0.021447721179624665,1.9250433568428917,18.014440433212997,0.9519230769230769,664.1310651854621,277,71.7067768573761,0.25,0.25
core,100,3000000.0,6,12,exclude,launch,0,0.0,prior,0.0,sa,12600.0,43200.0,291436.22443661623,0,268504.91360189125,22931.31083472498,0,0,0.0,0,6.255037628937327,11.404154486327771,12456.357911672216,3490.202407406934,3.5689500085259347,2.0099084748060796,305.9745382455425,0.0,0.09523809523809523,0.004761904761904762,2.5869945357938,24.051612903225806,0.9439252336448598,897.9132346176929,155,57.99539566040039,0.25,0.25
core,100,3000000.0,7,12,exclude,launch,0,0.0,prior,0.0,sa,12600.0,43200.0,517071.5754876126,0,459247.101650805,57824.473836807556,0,1,0.5293825332241654,1,6.255037628937327,11.851834419649157,12456.357911672216,3360.1284699779235,3.7071076367964158,2.008854717463569,305.33635228454904,0.0,0.059233449477351915,0.017421602787456445,2.1989369634323745,19.81132075471698,0.9389671361502347,782.6336406382513,212,57.40703058242798,0.25,0.25
core,200,1500000.0,2,2,exclude,launch,0,0.0,prior,0.0,sa,12600.0,43200.0,2203692.8316795644,0,1794656.7186807252,409036.1129988396,0,0,0.0,0,4.954833192045786,6.665547258516118,7739.5923232182895,2928.1317425801494,2.6431844615018854,2.049432253769133,330.3924165752888,0.0,0.14583333333333334,0.0,3.856535885498397,61.5,0.805352798053528,3046.008705805762,36,41.726871728897095,0.25,0.25
core,100,3000000.0,9,11,exclude,launch,0,0.0,prior,0.0,sa,12600.0,43200.0,236687.17282531006,0,221230.69018077213,15456.482644537933,0,1,0.14135668455026687,1,6.246937242300257,11.1053494527787,12472.942269740002,3588.0182080213717,3.476276191089415,2.007719881557769,304.64980790604125,0.0,0.01935483870967742,0.012903225806451613,1.7289023886339365,15.835260115606937,0.9569377990430622,604.5944472114827,346,82.11310505867004,0.25,0.25
core,100,3000000.0,8,12,exclude,launch,0,0.0,prior,0.0,sa,12600.0,43200.0,484462.7396655058,0,430968.7349063867,53494.004759119125,0,1,0.5650940479564027,1,6.255037628937327,12.331084154227648,12456.357911672216,3230.9443926161393,3.8553303300853576,2.0079793483444663,304.8067100066805,0.0,0.013550135501355014,0.005420054200542005,1.9600724310169626,17.33941605839416,0.9389671361502347,698.4264846008383,274,65.65008020401001,0.25,0.25
core,200,1500000.0,3,1,exclude,launch,0,0.0,prior,0.0,sa,12600.0,43200.0,1366776.8725444276,0,1160468.9250570403,206307.94748738722,0,0,0.0,0,3.6412741256481853,7.09142075009789,10651.832468453034,2770.242212939268,3.8450906634446533,2.0361463716760007,322.0797910612023,0.0,0.038834951456310676,0.0,2.639761838002551,44.25,0.8985849056603774,1958.183594199849,76,62.39457821846008,0.25,0.25
core,100,3000000.0,10,11,exclude,launch,0,0.0,prior,0.0,sa,12600.0,43200.0,225329.0194131665,0,211497.99492214038,13831.024491026135,0,1,0.14848204688990382,1,6.246937242300257,11.29490310056954,12472.942269740002,3527.8048000960716,3.5356100965111024,2.0077190082653127,304.64927988576744,0.0,0.008787346221441126,0.028119507908611598,1.532301916096384,13.394859813084112,0.9569377990430622,574.7414654574236,428,88.75032377243042,0.25,0.25
core,200,1500000.0,6,1,exclude,launch,0,0.0,prior,0.0,sa,12600.0,43200.0,2998502.2841574196,0,2642083.5363574917,356418.7477999282,0,9,0.45586294250023196,14,3.6412741256481853,5.204512539539804,10651.832468453034,3781.526620810412,2.816807479242407,2.032416771440144,319.7653169852673,0.0,0.04314720812182741,0.0,1.368442627641125,10.003389830508475,0.7874396135265701,2227.2628742367165,295,58.82697772979736,0.25,0.25
core,100,3000000.0,9,12,exclude,launch,0,0.0,prior,0.0,sa,12600.0,43200.0,452200.9367814338,0,401027.14460099273,51173.79218044109,0,1,0.6053867285317014,1,6.255037628937327,12.443967034193507,12456.357911672216,3202.5726745970046,3.8894848539977818,2.007391779238499,304.4514590631928,0.0,0.013215859030837005,0.006607929515418502,1.8072583518365157,16.241071428571427,0.9345794392523364,606.9206924775281,336,73.64674615859985,0.25,0.25
core,200,1500000.0,3,2,exclude,launch,0,0.0,prior,0.0,sa,12600.0,43200.0,1339402.2700449317,0,1148355.037751784,191047.23229314754,0,0,0.0,0,4.954833192045786,6.820244776498808,7739.5923232182895,2880.2134204509903,2.687159315439342,2.036269986422805,322.1566454282161,0.0,0.08823529411764706,0.0,2.649464330994168,43.36,0.8678304239401496,1991.7067992901752,75,60.75053596496582,0.25,0.25
core,100,3000000.0,10,12,exclude,launch,0,0.0,prior,0.0,sa,12600.0,43200.0,443715.15559944237,0,393997.9926432137,49717.16295622858,0,1,0.6169625928215224,1,6.255037628937327,12.273526030665225,12456.357911672216,3247.410839406009,3.835781343253333,2.007166514290252,304.315316252273,0.0,0.005385996409335727,0.005385996409335727,1.6238481976346741,13.51923076923077,0.943127962085308,587.9154595932973,416,79.84482216835022,0.25,0.25
core,200,1500000.0,4,1,exclude,launch,0,0.0,prior,0.0,sa,12600.0,43200.0,1160944.6538819356,0,1027463.0701495247,133481.58373241086,0,1,0.06407375485335347,1,3.6412741256481853,7.120429504245064,10651.832468453034,2767.624429028434,3.848727579049563,2.029769138042644,318.12734329952684,0.0,0.027777777777777776,0.0,2.0100952358166984,30.76865671641791,0.9021479713603818,1604.8530923196402,134,74.19692254066467,0.25,0.25
core,200,1500000.0,5,1,exclude,launch,0,0.0,prior,0.0,sa,12600.0,43200.0,1216098.285620248,0,1072243.4708257355,143854.8147945123,0,1,0.06116782173835863,1,3.6412741256481853,6.3666882873379045,10651.832468453034,3097.373311750104,3.438988909746383,2.028396497678767,317.27980693138625,0.0,0.028985507246376812,0.0,1.62813372385655,19.650485436893202,0.9036144578313253,1629.4539404405707,206,73.34847021102905,0.25,0.25
core,200,1500000.0,2,3,exclude,launch,0,0.0,prior,0.0,sa,12600.0,43200.0,2032257.5048498493,0,1681791.2840698075,350466.2207800417,0,0,0.0,0,5.4989510357915306,7.060500533553382,6940.781264095941,2766.056638368689,2.509269393771105,2.048157888810495,329.59048796270247,0.0,0.10416666666666667,0.0,3.84777439777785,66.33333333333333,0.8267898383371824,2831.490789806439,36,43.30701565742493,0.25,0.25
core,200,1500000.0,6,2,exclude,launch,0,0.0,prior,0.0,sa,12600.0,43200.0,2549463.761933915,0,2238222.7486846494,311241.0132492655,0,9,0.3980038719912289,14,4.954833192045786,5.226753366960808,7739.5923232182895,3766.0608474843575,2.05508955820195,2.0320792963871566,319.55630220930243,0.0,0.020356234096692113,0.0,1.3759731357996523,10.006802721088436,0.795,2234.993351837698,294,58.738404750823975,0.25,0.25
core,200,1500000.0,7,2,exclude,launch,0,0.0,prior,0.0,sa,12600.0,43200.0,6807025.464567929,0,6235069.886224833,571955.5783430949,0,36,0.8058052516359167,46,4.954833192045786,5.110977729217315,7739.5923232182895,3851.5690535116746,2.0094647702503745,2.0319747838511466,319.4915863513863,0.0,0.007518796992481203,0.0,1.1790252134351589,6.9798994974874375,0.6532663316582915,2350.0101192985576,398,58.59885907173157,0.25,0.25
core,200,1500000.0,4,2,exclude,launch,0,0.0,prior,0.0,sa,12600.0,43200.0,1115144.1309400136,0,971479.7797597914,143664.351180222,0,0,0.0,0,4.954833192045786,6.60031349647916,7739.5923232182895,2984.2479993553748,2.5934816157672262,2.030768957550997,318.74539315523083,0.0,0.03333333333333333,0.0,2.012074441940008,29.45925925925926,0.8734491315136477,1674.9933273209137,135,73.61935782432556,0.25,0.25
core,200,1500000.0,5,2,exclude,launch,0,0.0,prior,0.0,sa,12600.0,43200.0,1126214.8103816852,0,972474.4335198085,153740.3768618768,0,0,0.0,1,4.954833192045786,6.0662526243446555,7739.5923232182895,3249.4957628353286,2.3817825558464962,2.029193787906954,317.77195591987936,0.0,0.021660649819494584,0.0,1.621684508336112,19.67149758454106,0.8802992518703242,1618.3397319355126,207,75.80182266235352,0.25,0.25
core,200,1500000.0,8,2,exclude,launch,0,0.0,prior,0.0,sa,12600.0,43200.0,13159667.179646326,0,12338283.26759772,821383.9120486059,0,76,0.9568570668405485,93,4.954833192045786,5.386845878792712,7739.5923232182895,3664.9679167718614,2.1117762826244317,2.0260738155918667,315.8482425129756,0.0,0.0028776978417266188,0.0014388489208633094,1.0320613815891446,5.819230769230769,0.5276381909547738,2166.5038693904007,520,67.44462466239929,0.25,0.25
core,200,1500000.0,3,3,exclude,launch,0,0.0,prior,0.0,sa,12600.0,43200.0,1323832.2601835823,0,1137930.8663932008,185901.3937903814,0,0,0.0,0,5.4989510357915306,7.277048795668521,6940.781264095941,2700.1059641911834,2.5705588432989708,2.035747434355032,321.83182433190944,0.0,0.0784313725490196,0.0,2.6473810295905182,45.36,0.9009433962264151,1910.6293681968118,75,62.42453145980835,0.25,0.25
core,200,1500000.0,2,4,exclude,launch,0,0.0,prior,0.0,sa,12600.0,43200.0,2040483.8081295672,0,1646777.6755896537,393706.13253991364,0,0,0.0,0,5.5756371964483815,6.435440056065087,6840.734596602916,3035.6767976573315,2.2534462831754665,2.047510844911664,329.18369106226453,0.0,0.10416666666666667,0.0,3.8625714829106714,64.97222222222223,0.8247663551401869,2881.452992438802,36,43.27101492881775,0.25,0.25
core,200,1500000.0,6,3,exclude,launch,0,0.0,prior,0.0,sa,12600.0,43200.0,3506562.2352974922,0,3158559.8696447974,348002.3656526949,0,15,0.5671151228972919,18,5.4989510357915306,5.472694848552726,6940.781264095941,3602.726537669618,1.9265356922109067,2.0287449871183942,317.4948745563675,0.0,0.010178117048346057,0.002544529262086514,1.3749196482447203,10.04406779661017,0.7948113207547169,2225.4726215051633,295,58.132832527160645,0.25,0.25
core,200,1500000.0,7,3,exclude,launch,0,0.0,prior,0.0,sa,12600.0,43200.0,7438808.426957444,0,6865344.994149168,573463.432808277,0,39,0.8344894052000725,48,5.4989510357915306,5.152084802769169,6940.781264095941,3823.7453710848667,1.8151787293636432,2.0304300123597225,318.5358031114974,0.0,0.014925373134328358,0.0,1.1716362449800959,6.806451612903226,0.6879432624113475,2397.794234995785,403,58.58708190917969,0.25,0.25
core,200,1500000.0,5,3,exclude,launch,0,0.0,prior,0.0,sa,12600.0,43200.0,1311299.5277466234,0,1128382.619241248,182916.90850537538,0,0,0.0,0,5.4989510357915306,6.2445406545666255,6940.781264095941,3157.2536515548272,2.1983603568493364,2.0288503757054546,317.5599286767767,0.0,0.03272727272727273,0.0,1.6369343981610966,18.297560975609755,0.8891509433962265,1756.01271971202,205,71.91732549667358,0.25,0.25
core,200,1500000.0,8,3,exclude,launch,0,0.0,prior,0.0,sa,12600.0,43200.0,13399530.719055593,0,12502975.559622739,896555.1594328543,0,80,0.9495247130043936,98,5.4989510357915306,5.3824855894781125,6940.781264095941,3670.385298561439,1.8910225220268544,2.0247222661077133,315.0167167970781,0.0,0.005772005772005772,0.002886002886002886,1.0327242374568182,5.324376199616123,0.5271867612293144,2366.2692355964873,521,64.05347919464111,0.25,0.25
core,200,1500000.0,2,5,exclude,launch,0,0.0,prior,0.0,sa,12600.0,43200.0,2062840.4584900846,0,1701382.3245686905,361458.1339213942,0,0,0.0,0,5.600132029593574,7.15068889182028,6809.35540840031,2730.6802393094804,2.493648033327484,2.0485249620897976,329.8213788376234,0.0,0.125,0.0,3.85515703577866,63.02777777777778,0.8081841432225064,2991.805876682914,36,41.12814426422119,0.25,0.25
core,200,1500000.0,4,3,exclude,launch,0,0.0,prior,0.0,sa,12600.0,43200.0,1124110.0231516166,0,963307.2855923027,160802.7375593138,0,0,0.0,0,5.4989510357915306,6.934397655763688,6940.781264095941,2841.4633998781856,2.442678397474166,2.030061440201349,318.3079711769032,0.0,0.027932960893854747,0.0,2.016320463505146,30.925373134328357,0.9018691588785047,1602.2207293925728,134,76.62716126441956,0.25,0.25
core,200,1500000.0,6,4,exclude,launch,0,0.0,prior,0.0,sa,12600.0,43200.0,2438130.5327850846,0,2084864.577232493,353265.9555525913,0,6,0.32365971062855114,11,5.5756371964483815,5.259602549826065,6840.734596602916,3744.617573086497,1.8268179495201289,2.0309516899928246,318.8584161297185,0.0,0.020253164556962026,0.005063291139240506,1.3665654794710658,10.304054054054054,0.8168674698795181,2156.388685259289,296,60.233421087265015,0.25,0.25
core,200,1500000.0,3,4,exclude,launch,0,0.0,prior,0.0,sa,12600.0,43200.0,1237912.1826907683,0,1057470.851887999,180441.33080276923,0,0,0.0,0,5.5756371964483815,6.903672019730893,6840.734596602916,2846.9694487489683,2.402812787333883,2.035152857020591,321.46243121936766,0.0,0.0784313725490196,0.0,2.6438837659059815,46.10666666666667,0.8867469879518072,1867.0999076567882,75,64.99524855613708,0.25,0.25
core,200,1500000.0,7,4,exclude,launch,0,0.0,prior,0.0,sa,12600.0,43200.0,7451752.437065593,0,6843394.135099845,608358.3019657476,0,37,0.8389234675454461,47,5.5756371964483815,4.969764501488017,6840.734596602916,3959.9888224636234,1.7274631074203632,2.032498443191883,319.8159105580986,0.0,0.00375234521575985,0.0,1.1775975742081723,6.809045226130653,0.7191283292978208,2411.8536695519983,398,57.36471724510193,0.25,0.25
core,200,1500000.0,9,3,exclude,launch,0,0.0,prior,0.0,sa,12600.0,43200.0,19401039.73915477,0,18163247.648805775,1237792.0903489948,0,120,0.988600578745779,141,5.4989510357915306,5.769065974380492,6940.781264095941,3438.005776576887,2.018839325804349,2.0167305805643654,310.1223220364253,0.0,0.0033783783783783786,0.0022522522522522522,0.9072909781963667,4.958020989505247,0.35933806146572106,1982.4624718259797,667,77.68013000488281,0.25,0.25
core,200,1500000.0,3,5,exclude,launch,0,0.0,prior,0.0,sa,12600.0,43200.0,1313221.6822953771,0,1130238.4992985225,182983.18299685477,0,0,0.0,0,5.600132029593574,6.933421274127956,6809.35540840031,2833.778800648688,2.4029241120872107,2.0358531841832623,321.89754575478116,0.0,0.0970873786407767,0.0,2.6519716264828608,43.03947368421053,0.8863049095607235,2014.765317643565,76,61.33899259567261,0.25,0.25
core,200,1500000.0,4,4,exclude,launch,0,0.0,prior,0.0,sa,12600.0,43200.0,1062764.1123937084,0,921936.7636261575,140827.3487675509,0,0,0.0,0,5.5756371964483815,6.599619371076733,6840.734596602916,2986.392520012918,2.2906347878788975,2.029524103632314,317.97596398797594,0.0,0.03910614525139665,0.0,2.01765256697757,30.330827067669173,0.9180722891566265,1636.3861912836649,133,77.37437844276428,0.25,0.25
core,200,1500000.0,2,6,exclude,launch,0,0.0,prior,0.0,sa,12600.0,43200.0,2366346.403810702,0,1849083.640006623,517262.76380407886,0,0,0.0,0,4.041601693656026,7.119951774753076,9563.732986385092,2741.2849094684634,3.488777453723154,2.0494095891594135,330.37814574591886,0.0,0.1276595744680851,0.0,3.850735990094992,62.65714285714286,0.7674418604651163,3044.3461669824123,35,40.92216968536377,0.25,0.25
core,200,1500000.0,8,4,exclude,launch,0,0.0,prior,0.0,sa,12600.0,43200.0,13709559.953823583,0,12787166.003077343,922393.9507462394,0,77,0.9612734417473259,96,5.5756371964483815,5.330039642717001,6840.734596602916,3705.3259213125443,1.846189712288443,2.0253642389320063,315.41154674418385,0.0,0.002881844380403458,0.0,1.032121631124465,5.940269749518304,0.6009732360097324,2124.358618925864,519,68.62774562835693,0.25,0.25
core,200,1500000.0,6,5,exclude,launch,0,0.0,prior,0.0,sa,12600.0,43200.0,2246980.902274499,0,2003083.0679925291,243897.83428196982,0,7,0.29277940869059577,10,5.600132029593574,5.349485417225215,6809.35540840031,3680.865618404122,1.8499331717935896,2.0314120342363635,319.1432353102782,0.0,0.020356234096692113,0.0,1.370958770277567,9.819727891156463,0.8067885117493473,2279.081971625934,294,58.97984027862549,0.25,0.25
core,200,1500000.0,5,4,exclude,launch,0,0.0,prior,0.0,sa,12600.0,43200.0,1060232.0716006549,0,913732.3104205935,146499.7611800614,0,0,0.0,0,5.5756371964483815,6.26265626405805,6840.734596602916,3150.033960670299,2.171638363907438,2.0276181959850583,316.7997470158757,0.0,0.021660649819494584,0.0,1.6269146901067078,20.352657004830917,0.9156626506024096,1567.3401901087427,207,80.15622234344482,0.25,0.25
core,200,1500000.0,7,5,exclude,launch,0,0.0,prior,0.0,sa,12600.0,43200.0,6157453.701452746,0,5691094.526285984,466359.17516676296,0,33,0.7772355510157507,40,5.600132029593574,5.3116505625482375,6809.35540840031,3710.80744736175,1.8350063982008864,2.029373922694562,317.8832018170771,0.0,0.011214953271028037,0.0,1.1776149579045998,6.835411471321696,0.7232375979112271,2403.49115748814,401,58.86636137962341,0.25,0.25
core,200,1500000.0,4,5,exclude,launch,0,0.0,prior,0.0,sa,12600.0,43200.0,1104593.175702388,0,976402.7077248176,128190.46797757043,0,0,0.0,0,5.600132029593574,6.74099867111509,6809.35540840031,2922.6404496368195,2.329864218927946,2.0303006755557176,318.4558446151705,0.0,0.05027932960893855,0.0,2.0202567980303305,28.992537313432837,0.890625,1710.8573701483735,134,72.52294135093689,0.25,0.25
core,200,1500000.0,5,5,exclude,launch,0,0.0,prior,0.0,sa,12600.0,43200.0,1183302.9899369346,0,1025631.1594970629,157671.8304398717,0,0,0.0,0,5.600132029593574,6.349226455716384,6809.35540840031,3106.197510538218,2.192183653904364,2.0281968638520302,317.15663725054503,0.0,0.01818181818181818,0.0,1.6314051260752673,18.414634146341463,0.9007832898172323,1740.1004460843203,205,73.99161005020142,0.25,0.25
core,200,1500000.0,9,4,exclude,launch,0,0.0,prior,0.0,sa,12600.0,43200.0,19566480.37813968,0,18365176.036181044,1201304.3419586315,0,116,0.9906762806079877,140,5.5756371964483815,5.901364824751381,6840.734596602916,3361.6176735829577,2.0349531864852928,2.0163188453895824,309.87119864820426,0.0,0.0033975084937712344,0.0,0.9115728940179656,5.524962178517398,0.43414634146341463,1791.363065617012,661,82.42821764945984,0.25,0.25
core,200,1500000.0,1,8,exclude,launch,0,0.0,prior,0.0,sa,12600.0,43200.0,4972049.490480175,0,4058675.2885827287,913374.2018974462,0,0,0.0,0,3.762281595511888,7.604320804076572,10298.513056824415,2533.7441548635493,4.06454339008787,2.076045183273691,347.3619709339532,0.0,0.07692307692307693,0.0,7.156338604440713,93.66666666666667,0.5076530612244898,7366.332574536004,9,16.7835636138916,0.25,0.25
core,200,1500000.0,8,5,exclude,launch,0,0.0,prior,0.0,sa,12600.0,43200.0,12444989.671925722,0,11750911.702335946,694077.9695897753,0,74,0.9511098690332027,88,5.600132029593574,5.5973682727853875,6809.35540840031,3530.1633466529,1.9289066084878348,2.024329985415882,314.77557570663043,0.0,0.0028328611898017,0.00141643059490085,1.0153363150910573,5.71780303030303,0.5483028720626631,2168.035463364853,528,68.0300829410553,0.25,0.25
core,200,1500000.0,2,7,exclude,launch,0,0.0,prior,0.0,sa,12600.0,43200.0,1923619.7613008448,0,1570689.9090939914,352929.85220685333,0,0,0.0,0,5.502180726036601,6.925061706896457,6936.511477600986,2818.7852838210893,2.4608158405729963,2.049152820831581,330.21649243765904,0.0,0.0625,0.0,3.851426160743145,66.30555555555556,0.7941888619854721,2834.6735210863653,36,44.14919853210449,0.25,0.25
core,200,1500000.0,3,6,exclude,launch,0,0.0,prior,0.0,sa,12600.0,43200.0,1370344.552670283,0,1190754.1878956247,179590.3647746583,0,0,0.0,0,4.041601693656026,6.710842744845338,9563.732986385092,2926.152606421437,3.2683643926832437,2.0369762117933483,322.5958991475849,0.0,0.0784313725490196,0.0,2.645246759046398,43.77333333333333,0.8581560283687943,1968.6016776309925,75,63.2762291431427,0.25,0.25
core,200,1500000.0,9,5,exclude,launch,0,0.0,prior,0.0,sa,12600.0,43200.0,18098672.549291834,0,17139172.58061631,959499.9686755233,0,112,0.9848657200772164,132,5.600132029593574,5.834532840326264,6809.35540840031,3395.7651809264426,2.0052491988101964,2.0189067114609767,311.4512659980666,0.0,0.0,0.0,0.898340139041582,4.409836065573771,0.42297650130548303,2202.9742691883953,671,75.83306002616882,0.25,0.25
core,200,1500000.0,6,6,exclude,launch,0,0.0,prior,0.0,sa,12600.0,43200.0,2494684.4416292096,0,2199110.305365732,295574.1362634778,0,7,0.3959500022922738,11,4.041601693656026,5.400738113226482,9563.732986385092,3645.9359195477323,2.623121524190542,2.0314111954296377,319.14271621727823,0.0,0.017902813299232736,0.005115089514066497,1.3736022571930135,10.656462585034014,0.7995283018867925,2099.588476465904,294,62.63713264465332,0.25,0.25
core,200,1500000.0,7,6,exclude,launch,0,0.0,prior,0.0,sa,12600.0,43200.0,6482104.193584727,0,5901441.48634872,580662.7072360072,0,31,0.8005982392303652,39,4.041601693656026,5.226863001289586,9563.732986385092,3767.9510451501437,2.538178673710449,2.0310172992763187,318.89900142211025,0.0,0.015037593984962405,0.0018796992481203006,1.177750467784981,7.0975,0.7044917257683215,2313.0423436119813,400,61.33957028388977,0.25,0.25
core,200,1500000.0,4,6,exclude,launch,0,0.0,prior,0.0,sa,12600.0,43200.0,1126099.4508276207,0,981880.0327180045,144219.4181096162,0,0,0.0,0,4.041601693656026,6.3971413982789604,9563.732986385092,3077.9844181867106,3.107141455907447,2.0314569540192116,319.1710343983768,0.0,0.055865921787709494,0.0,2.0201468462691348,30.313432835820894,0.8943661971830986,1633.6585173338187,134,77.06414008140564,0.25,0.25
core,200,1500000.0,6,7,exclude,launch,0,0.0,prior,0.0,sa,12600.0,43200.0,2771787.6223909054,0,2368705.589373288,403082.0330176173,0,6,0.2828433817259244,11,5.502180726036601,5.072631038839407,6936.511477600986,3878.407313054775,1.788494842780589,2.033168158133292,320.23093289416187,0.0,0.017811704834605598,0.0,1.3749219861370727,8.36734693877551,0.7432098765432099,2681.690012724159,294,56.1007354259491,0.25,0.25
core,200,1500000.0,3,7,exclude,launch,0,0.0,prior,0.0,sa,12600.0,43200.0,1282545.7406514888,0,1097734.9544848243,184810.78616666445,0,0,0.0,0,5.502180726036601,6.918678026627931,6936.511477600986,2838.613630514199,2.443626495355226,2.0367165251168835,322.43434603512776,0.0,0.0392156862745098,0.0,2.6434869308495306,43.82666666666667,0.8938271604938272,1963.255134658119,75,62.487215518951416,0.25,0.25
core,200,1500000.0,2,8,exclude,launch,0,0.0,prior,0.0,sa,12600.0,43200.0,1862844.5074964492,0,1531190.4537188367,331654.0537776126,0,0,0.0,0,3.762281595511888,7.338487956294859,10298.513056824415,2660.3996525288567,3.8710398443463596,2.0488328230441186,330.0150872084086,0.0,0.08333333333333333,0.0,3.85462867405921,67.19444444444444,0.8724489795918368,2798.2249564991453,36,44.643763303756714,0.25,0.25
core,200,1500000.0,5,6,exclude,launch,0,0.0,prior,0.0,sa,12600.0,43200.0,1289633.4261593749,0,1116235.7923309675,173397.63382840727,0,1,0.15873866734472608,1,4.041601693656026,6.719303310936498,9563.732986385092,2936.2511058450787,3.2571236728857924,2.0274145189647452,316.67417813386777,0.0,0.02909090909090909,0.0,1.6285710063041947,20.951219512195124,0.8959810874704491,1523.587277278815,205,77.75250053405762,0.25,0.25
core,200,1500000.0,7,7,exclude,launch,0,0.0,prior,0.0,sa,12600.0,43200.0,7811117.720345641,0,7267885.160161663,543232.5601839779,0,42,0.8363375153244726,55,5.502180726036601,5.031920635973487,6936.511477600986,3912.8991623180063,1.77272942385047,2.0315501731435703,319.228727913759,0.0,0.015065913370998116,0.011299435028248588,1.176693222830609,6.105263157894737,0.6518518518518519,2694.9549723039922,399,55.70906615257263,0.25,0.25
core,200,1500000.0,2,9,exclude,launch,0,0.0,prior,0.0,sa,12600.0,43200.0,2073815.6729464869,0,1645067.5235339245,428748.1494125624,0,0,0.0,0,4.9437344533795065,6.974134677621531,7757.716130833627,2799.734347725984,2.7708757929603722,2.048579564846554,329.8557311441366,0.0,0.10416666666666667,0.0,3.8529423784844705,64.77777777777777,0.8117359413202934,2904.4526323213136,36,43.05040144920349,0.25,0.25
core,200,1500000.0,5,7,exclude,launch,0,0.0,prior,0.0,sa,12600.0,43200.0,1210130.5795150765,0,1040176.9799277162,169953.59958736014,0,0,0.0,0,5.502180726036601,6.102832161993769,6936.511477600986,3230.309674368757,2.1473209001104414,2.0290110254775695,317.6591071663198,0.0,0.014492753623188406,0.0,1.6302084792955431,18.00485436893204,0.8641975308641975,1773.0284554283628,206,74.63061571121216,0.25,0.25
core,200,1500000.0,4,7,exclude,launch,0,0.0,prior,0.0,sa,12600.0,43200.0,1055203.6652603701,0,924767.1054518583,130436.55980851185,0,0,0.0,0,5.502180726036601,6.577061935356167,6936.511477600986,2994.343210733976,2.316538549333729,2.0310774394605087,318.93620584933166,0.0,0.0335195530726257,0.0,2.0172610423314996,30.0,0.9160493827160494,1654.64223429603,133,76.57508111000061,0.25,0.25
core,200,1500000.0,8,7,exclude,launch,0,0.0,prior,0.0,sa,12600.0,43200.0,14832260.99188998,0,13928461.587866612,903799.4040233678,0,93,0.9604771108755317,108,5.502180726036601,5.420931024444715,6936.511477600986,3648.268521001497,1.901316045589984,2.0225502203137564,313.68268591911334,0.0,0.0057553956834532375,0.0014388489208633094,1.0308235165960498,5.687140115163148,0.49135802469135803,2211.4211984600433,521,67.23659205436707,0.25,0.25
core,200,1500000.0,3,8,exclude,launch,0,0.0,prior,0.0,sa,12600.0,43200.0,1157230.5548859753,0,1006588.339373024,150642.21551295146,0,0,0.0,0,3.762281595511888,7.366671252956068,10298.513056824415,2667.706503508788,3.8604370620527257,2.035404144258705,321.61852258443054,0.0,0.10784313725490197,0.0,2.6485647891370836,46.373333333333335,0.9205128205128205,1869.1462782186559,75,65.76178574562073,0.25,0.25
core,200,1500000.0,2,10,exclude,launch,0,0.0,prior,0.0,sa,12600.0,43200.0,1980623.9292856406,0,1655049.4855250774,325574.44376056286,0,0,0.0,0,4.051494840342844,7.028944355618732,9539.56582519432,2778.636311914254,3.4331825954661688,2.0480387958504607,329.515595282305,0.0,0.08333333333333333,0.0,3.8494212234775382,64.02777777777777,0.7922705314009661,2924.5766553712606,36,42.38896441459656,0.25,0.25
core,200,1500000.0,3,9,exclude,launch,0,0.0,prior,0.0,sa,12600.0,43200.0,1292812.3124262434,0,1101311.9043598126,191500.40806643103,0,0,0.0,0,4.9437344533795065,6.564998900009251,7757.716130833627,2991.8683226986554,2.5929336769193747,2.036492702125979,322.29513646812404,0.0,0.08823529411764706,0.0,2.647111793860697,44.013333333333335,0.9097744360902256,1960.8682541652681,75,62.315051317214966,0.25,0.25
core,200,1500000.0,9,7,exclude,launch,0,0.0,prior,0.0,sa,12600.0,43200.0,20133308.047134515,0,18983907.74434701,1149400.3027875074,0,124,0.9927010647728982,144,5.502180726036601,5.958026875760424,6936.511477600986,3331.5092031640042,2.082092845792902,2.0151923975152917,309.1846811918539,0.0,0.0,0.0022497187851518562,0.9062131814267156,5.412912912912913,0.38765432098765434,1812.7499753553873,666,81.64165353775024,0.25,0.25
core,200,1500000.0,6,8,exclude,launch,0,0.0,prior,0.0,sa,12600.0,43200.0,2087251.1259890627,0,1851175.3638392813,236075.76214978128,0,6,0.4067896468438809,8,3.762281595511888,5.591855159601331,10298.513056824415,3523.9311617717185,2.9224501229038355,2.02990943165587,318.21403122411533,0.0,0.027918781725888325,0.007614213197969543,1.3710608085508291,11.802721088435375,0.8512820512820513,1891.5532060586318,294,65.59680008888245,0.25,0.25
core,200,1500000.0,4,8,exclude,launch,0,0.0,prior,0.0,sa,12600.0,43200.0,1045280.4067761067,0,928324.8245938924,116955.58218221428,0,1,0.12267873154676179,1,3.762281595511888,7.2489563101368635,10298.513056824415,2719.0405419780554,3.7875540646894597,2.029405466825045,317.90268453878645,0.0,0.03333333333333333,0.0,2.0119109567911306,32.985074626865675,0.923469387755102,1504.703177920454,134,77.14483118057251,0.25,0.25
core,200,1500000.0,6,9,exclude,launch,0,0.0,prior,0.0,sa,12600.0,43200.0,2349512.926177823,0,2080937.0597270932,268575.86645072995,0,8,0.45509239607758567,11,4.9437344533795065,5.371313906450055,7757.716130833627,3667.0546041875873,2.1155169388464286,2.0307762731605252,318.74991759321057,0.0,0.015267175572519083,0.005089058524173028,1.3669777869849964,11.508532423208191,0.8391959798994975,1937.6725597392376,293,64.9746880531311,0.25,0.25
core,200,1500000.0,5,8,exclude,launch,0,0.0,prior,0.0,sa,12600.0,43200.0,1039131.6884986319,0,937087.5367920052,102044.1517066268,0,1,0.12340464238873503,1,3.762281595511888,6.8406391796261286,10298.513056824415,2884.8319437399573,3.5698831882293995,2.026948850384813,316.38718239200693,0.0,0.021739130434782608,0.0,1.6265759172229355,21.781553398058254,0.9280205655526992,1460.4749160562578,206,81.21558332443237,0.25,0.25
core,200,1500000.0,2,11,exclude,launch,0,0.0,prior,0.0,sa,12600.0,43200.0,2085033.474688477,0,1672633.1871564656,412400.2875320117,0,0,0.0,0,5.603530850303803,7.024710589237307,6805.023011725666,2779.1426703906923,2.44860513431972,2.048899764456744,330.057214763224,0.0,0.125,0.0,3.860691313487349,62.80555555555556,0.8066037735849056,2980.311917144153,36,42.23203444480896,0.25,0.25
core,200,1500000.0,7,9,exclude,launch,0,0.0,prior,0.0,sa,12600.0,43200.0,5924856.226630497,0,5467477.737445656,457378.48918484093,0,32,0.8283837295232823,42,4.9437344533795065,5.213402210392592,7757.716130833627,3777.3532391133613,2.0537438888438606,2.031192853333626,319.0076102299033,0.0,0.011214953271028037,0.0,1.1734801930344823,8.075,0.7412060301507538,2023.7475697885432,400,65.17942094802856,0.25,0.25
core,200,1500000.0,4,9,exclude,launch,0,0.0,prior,0.0,sa,12600.0,43200.0,1005121.7573405234,0,889961.1304247448,115160.62691577867,0,0,0.0,0,4.9437344533795065,6.565415969171581,7757.716130833627,3000.7090526509523,2.585294340342705,2.0303637721445376,318.49485088437615,0.0,0.0335195530726257,0.0,2.011045962719274,31.172932330827066,0.9230769230769231,1594.6069214160368,133,79.07666301727295,0.25,0.25
core,200,1500000.0,5,9,exclude,launch,0,0.0,prior,0.0,sa,12600.0,43200.0,1033545.7338028058,0,887311.0028278809,146234.73097492487,0,0,0.0,1,4.9437344533795065,6.096433726354693,7757.716130833627,3233.7998858424316,2.398947493565353,2.0289483566385327,317.620416188741,0.0,0.021739130434782608,0.0,1.6270198260401545,20.75728155339806,0.8980099502487562,1537.5692446208905,206,80.84498524665833,0.25,0.25
core,200,1500000.0,3,10,exclude,launch,0,0.0,prior,0.0,sa,12600.0,43200.0,1293407.1346964645,0,1113450.7444311185,179956.39026534598,0,0,0.0,0,4.051494840342844,7.076445362701891,9539.56582519432,2777.210565860755,3.434945100116193,2.0353355800694573,321.5759290073278,0.0,0.08823529411764706,0.0,2.646470332745165,43.52,0.8805970149253731,1983.8397705200198,75,62.301281690597534,0.25,0.25
core,200,1500000.0,6,10,exclude,launch,0,0.0,prior,0.0,sa,12600.0,43200.0,3072196.6057953686,0,2799109.1537493346,273087.45204603416,0,12,0.5145987605320534,16,4.051494840342844,5.208441239005528,9539.56582519432,3781.126100430122,2.5229430523645187,2.0310988541309998,318.94945409707805,0.0,0.015306122448979591,0.0,1.3760780222582416,9.715753424657533,0.800498753117207,2321.0861344489435,292,56.77811884880066,0.25,0.25
core,200,1500000.0,8,9,exclude,launch,0,0.0,prior,0.0,sa,12600.0,43200.0,11327182.318505686,0,10526422.618996687,800759.6995089988,0,73,0.9521295777637132,90,4.9437344533795065,5.463707621718382,7757.716130833627,3614.232778685192,2.146435109709723,2.0256127408342124,315.5644482484396,0.0,0.0014367816091954023,0.0,1.0299881386607486,6.39961759082218,0.5552763819095478,1963.4195482989933,523,71.6556990146637,0.25,0.25
core,200,1500000.0,7,10,exclude,launch,0,0.0,prior,0.0,sa,12600.0,43200.0,7549400.874079648,0,6998240.42815971,551160.4459199386,0,41,0.859535341053842,51,4.051494840342844,5.15993116734581,9539.56582519432,3819.0664469868843,2.4978789862953863,2.0298262682027,318.1626428040897,0.0,0.02071563088512241,0.0,1.1796210612907296,7.037783375314861,0.6875,2340.6767817733416,397,60.16667914390564,0.25,0.25
core,200,1500000.0,4,10,exclude,launch,0,0.0,prior,0.0,sa,12600.0,43200.0,1054464.5885548356,0,928863.2525220647,125601.33603277088,0,0,0.0,0,4.051494840342844,6.886065505404907,9539.56582519432,2862.3255717608354,3.3328025013331395,2.0294100702068105,317.90552779295723,0.0,0.01675977653631285,0.0,2.0162530377043013,29.924812030075188,0.8985148514851485,1665.7510046464809,133,74.5074634552002,0.25,0.25
core,200,1500000.0,5,10,exclude,launch,0,0.0,prior,0.0,sa,12600.0,43200.0,1181487.9927200892,0,1044639.1837859717,136848.80893411743,0,1,0.1319241088697899,1,4.051494840342844,6.623352546646997,9539.56582519432,2979.29680669851,3.2019521531879644,2.0270681410505844,316.46068990833083,0.0,0.014492753623188406,0.0,1.629723212558986,20.436893203883496,0.9052369077306733,1563.5021396314937,206,74.49466466903687,0.25,0.25
core,200,1500000.0,3,11,exclude,launch,0,0.0,prior,0.0,sa,12600.0,43200.0,1247862.6765427806,0,1089087.0967836133,158775.57975916742,0,0,0.0,0,5.603530850303803,6.937913514131812,6805.023011725666,2831.462070504238,2.4033601165329403,2.0361996631162613,322.11292255267614,0.0,0.08823529411764706,0.0,2.648557116958406,43.88,0.8588516746411483,1972.6558102858269,75,63.238213300704956,0.25,0.25
core,200,1500000.0,2,12,exclude,launch,0,0.0,prior,0.0,sa,12600.0,43200.0,2029575.8928226568,0,1652394.907174079,377180.98564857757,0,0,0.0,0,4.084663948530693,7.216651868527778,9459.39392747071,2706.6632499395314,3.494854384889601,2.0478116511149835,329.37277686369225,0.0,0.08333333333333333,0.0,3.8506362334747863,65.72222222222223,0.8361858190709046,2832.914492794754,36,43.66658353805542,0.25,0.25
core,200,1500000.0,6,11,exclude,launch,0,0.0,prior,0.0,sa,12600.0,43200.0,2625091.562482799,0,2319475.3840898443,305616.17839295446,0,8,0.46637904831617183,12,5.603530850303803,5.553154760655838,6805.023011725666,3549.021141193917,1.9174365947666363,2.0296054852271714,318.02623656296356,0.0,0.025510204081632654,0.0,1.372137100706456,10.853242320819113,0.8091787439613527,2059.806090398722,293,61.61678624153137,0.25,0.25
core,200,1500000.0,7,11,exclude,launch,0,0.0,prior,0.0,sa,12600.0,43200.0,6243436.30353771,0,5831843.544245755,411592.7592919541,0,36,0.8187896765819938,47,5.603530850303803,5.33285082599124,6805.023011725666,3696.88250236754,1.8407463605801984,2.0289199298430916,317.60286660849357,0.0,0.02631578947368421,0.0,1.1812099910764124,7.35678391959799,0.7228915662650602,2245.8428183953406,398,62.84883236885071,0.25,0.25
core,200,1500000.0,4,11,exclude,launch,0,0.0,prior,0.0,sa,12600.0,43200.0,1016258.2868210449,0,882999.7302784296,133258.55654261535,0,0,0.0,0,5.603530850303803,7.001674758245932,6805.023011725666,2814.1885574109037,2.418111961192249,2.0300412623975275,318.2955006724477,0.0,0.0446927374301676,0.0,2.0167458956759305,31.165413533834588,0.8995215311004785,1595.7121073169105,133,78.26253390312195,0.25,0.25
core,200,1500000.0,5,11,exclude,launch,0,0.0,prior,0.0,sa,12600.0,43200.0,1038283.9826357742,0,914011.3176808237,124272.66495495042,0,0,0.0,0,5.603530850303803,6.565888796355524,6805.023011725666,3004.4769266044186,2.2649609825483084,2.0276714917934746,316.8326085135076,0.0,0.025362318840579712,0.0,1.6281465519974883,20.097087378640776,0.9038461538461539,1588.4753965308776,206,77.66241669654846,0.25,0.25
core,200,1500000.0,3,12,exclude,launch,0,0.0,prior,0.0,sa,12600.0,43200.0,1239740.8482148873,0,1073525.4428282394,166215.40538664782,0,0,0.0,0,4.084663948530693,7.260468332133783,9459.39392747071,2707.25474616661,3.494090809468493,2.0350085210676667,321.37279160480375,0.0,0.08823529411764706,0.0,2.6436142674107543,45.68,0.9077306733167082,1883.8991766171796,75,64.4398741722107,0.25,0.25
core,200,1500000.0,8,11,exclude,launch,0,0.0,prior,0.0,sa,12600.0,43200.0,11879102.633316865,0,11248365.652898977,630736.9804178898,0,80,0.9552776940019243,97,5.603530850303803,5.5310471625554145,6805.023011725666,3574.97709550713,1.9035151358809856,2.022923064201268,313.9114785824732,0.0,0.002881844380403458,0.001440922190201729,1.0315185356096925,6.120921305182342,0.6024096385542169,2054.827923696491,521,69.3655354976654,0.25,0.25
core,200,1500000.0,6,12,exclude,launch,0,0.0,prior,0.0,sa,12600.0,43200.0,2563271.695748745,0,2251923.4951092,311348.20063954475,0,9,0.374195899545432,12,4.084663948530693,5.1873941563253005,9459.39392747071,3795.6476681083136,2.4921685979839934,2.0315375345442845,319.2209055521104,0.0,0.01272264631043257,0.0,1.369805148694125,9.860544217687075,0.8129675810473815,2269.9350612423727,294,59.75846004486084,0.25,0.25
core,200,3000000.0,3,1,exclude,launch,0,0.0,prior,0.0,sa,12600.0,43200.0,1417600.141490225,0,1199493.9377733495,218106.2037168755,0,0,0.0,0,7.282548251296371,14.60328592265324,10651.832468453034,2696.3301550704646,3.950492653291067,2.0317315737446715,319.341012078497,0.0,0.09433962264150944,0.0,5.243703118110604,91.07894736842105,0.8986175115207373,1920.5035056864592,38,58.39369535446167,0.25,0.25
core,200,1500000.0,7,12,exclude,launch,0,0.0,prior,0.0,sa,12600.0,43200.0,7600462.095122148,0,7056453.772311557,544008.3228105915,0,41,0.8861009144931863,50,4.084663948530693,5.42977120760216,9459.39392747071,3634.1980157178814,2.6028834660519036,2.0270752643848624,316.46507961337056,0.0,0.014953271028037384,0.0,1.176006382359227,8.5475,0.7331670822942643,1923.9974008653521,400,67.14408040046692,0.25,0.25
core,200,1500000.0,9,11,exclude,launch,0,0.0,prior,0.0,sa,12600.0,43200.0,16602530.887904452,0,15638860.745310582,963670.1425938704,0,111,0.986675293706762,128,5.603530850303803,6.151838197953808,6805.023011725666,3226.12211673022,2.1093507206177238,2.0154604693832434,309.34798946401094,0.0,0.0,0.001128668171557562,0.9093174971415424,5.710843373493976,0.44794188861985473,1723.9382547027285,664,85.10276865959167,0.25,0.25
core,200,1500000.0,4,12,exclude,launch,0,0.0,prior,0.0,sa,12600.0,43200.0,1055176.6850813127,0,915158.6899814738,140017.99509983876,0,0,0.0,0,4.084663948530693,6.799689456575255,9459.39392747071,2898.044131787372,3.264061379781894,2.0298592161181515,318.183001507048,0.0,0.02247191011235955,0.0,2.0186642653648708,30.977272727272727,0.9152119700748129,1604.0343719950215,132,78.69048595428467,0.25,0.25
core,200,1500000.0,5,12,exclude,launch,0,0.0,prior,0.0,sa,12600.0,43200.0,1071789.9962107085,0,932661.8773388128,139128.11887189586,0,1,0.039534548756684766,1,4.084663948530693,6.5543965060856255,9459.39392747071,3010.406973249462,3.1422309380515916,2.0272255430168866,316.5576948679013,0.0,0.018050541516245487,0.0,1.6263796049614663,20.91304347826087,0.9205955334987593,1527.6384479622627,207,79.93327331542969,0.25,0.25
core,200,3000000.0,4,1,exclude,launch,0,0.0,prior,0.0,sa,12600.0,43200.0,1001965.4134593607,0,872503.1355394468,129462.2779199139,0,0,0.0,0,7.282548251296371,14.346152209134653,10651.832468453034,2754.076822952745,3.867659892302068,2.0247830766898294,315.05410628096183,0.0,0.2826086956521739,0.0,3.98458272967587,70.61194029850746,0.9344262295081968,1407.6241871487464,67,82.48987436294556,0.25,0.25
core,200,3000000.0,5,1,exclude,launch,0,0.0,prior,0.0,sa,12600.0,43200.0,773348.1440113508,0,692043.4443261536,81304.69968519722,0,0,0.0,0,7.282548251296371,14.608891620123316,10651.832468453034,2710.2013201742093,3.9302735147986514,2.020557283403619,312.4611506124524,0.0,0.1773049645390071,0.0,3.2194489883337827,57.38095238095238,0.9363207547169812,1113.3924029824132,105,103.40029263496399,0.25,0.25
core,200,3000000.0,4,2,exclude,launch,0,0.0,prior,0.0,sa,12600.0,43200.0,952301.8958028692,0,848937.6416927504,103364.25411011883,0,0,0.0,0,9.909666384091572,12.840767869563697,7739.5923232182895,3076.126272223078,2.5160190571842107,2.025325510742854,315.3877208940282,0.0,0.25,0.0,3.9900524932204746,70.77941176470588,0.9344660194174758,1415.1944995504184,68,81.67600703239441,0.25,0.25
core,200,3000000.0,6,1,exclude,launch,0,0.0,prior,0.0,sa,12600.0,43200.0,670917.9018666762,0,612316.8551684115,58601.04669826467,0,0,0.0,0,7.282548251296371,14.538736845309371,10651.832468453034,2726.65897104114,3.9065510507849717,2.0180526286890106,310.9293464341814,0.0,0.09900990099009901,0.0,2.7030430635135563,45.24324324324324,0.9363207547169812,986.7182596609698,148,114.69851326942444,0.25,0.25
core,200,3000000.0,5,2,exclude,launch,0,0.0,prior,0.0,sa,12600.0,43200.0,795920.2632103878,0,726984.3788938454,68935.88431654236,0,0,0.0,0,9.909666384091572,12.677088591368413,7739.5923232182895,3122.109539897877,2.47896245289057,2.0212606692975843,312.892006396245,0.0,0.10638297872340426,0.0,3.2117856366847097,52.457142857142856,0.9358024691358025,1215.9624799417707,105,92.79901576042175,0.25,0.25
core,200,3000000.0,8,1,exclude,launch,0,0.0,prior,0.0,sa,12600.0,43200.0,621590.8381879237,0,574435.5147679412,47155.32341998239,0,1,0.1196704947711167,1,7.282548251296371,13.913129662978438,10651.832468453034,2853.576030173668,3.7328013537472717,2.0150030421102496,309.0693526479185,0.0,0.030985915492957747,0.0,2.026879400335136,29.883458646616543,0.9570405727923628,836.2653402792694,266,123.04061484336853,0.25,0.25
core,200,3000000.0,7,1,exclude,launch,0,0.0,prior,0.0,sa,12600.0,43200.0,563717.9631581114,0,520580.24883947463,43137.71431863685,0,0,0.0,0,7.282548251296371,14.319023709625728,10651.832468453034,2771.068303246735,3.843944393565747,2.016180212383921,309.78666721218923,0.0,0.040293040293040296,0.0,2.322368346812072,38.35960591133005,0.9292452830188679,854.3686768229417,203,133.14738821983337,0.25,0.25
core,200,3000000.0,9,1,exclude,launch,0,0.0,prior,0.0,sa,12600.0,43200.0,564179.1076624149,0,527614.9492144467,36564.15844796811,0,1,0.13184834769821396,1,7.282548251296371,13.542349976217597,10651.832468453034,2932.9180667091678,3.631820673533082,2.014169536107998,308.5619543908533,0.0,0.020224719101123594,0.0,1.8189737259882364,25.740181268882175,0.9593301435406698,776.6173846498745,331,132.6145725250244,0.25,0.25
core,200,3000000.0,6,2,exclude,launch,0,0.0,prior,0.0,sa,12600.0,43200.0,641592.6773390438,0,591231.2500535056,50361.42728553817,0,0,0.0,0,9.909666384091572,13.008086916245496,7739.5923232182895,3046.835312476662,2.5402069785409753,2.0184945285727967,311.1993314198168,0.0,0.12437810945273632,0.0,2.6995064129274122,44.785234899328856,0.9556650246305419,1005.979183072234,149,117.20066905021667,0.25,0.25
core,200,3000000.0,11,1,exclude,launch,0,0.0,prior,0.0,sa,12600.0,43200.0,592656.8029672032,0,548541.9124566937,44114.89051050941,0,1,0.12551291536471054,4,7.282548251296371,11.866475975279283,10651.832468453034,3346.452233670434,3.1830224143883745,2.014575705374731,308.80915858098996,0.0,0.015174506828528073,0.0,1.4998143911610953,16.6105476673428,0.9519230769230769,806.9237302504174,493,138.38995218276978,0.25,0.25
core,200,3000000.0,10,1,exclude,launch,0,0.0,prior,0.0,sa,12600.0,43200.0,533830.8312238948,0,505463.772212624,28367.05901127087,0,1,0.13934392470476095,1,7.282548251296371,13.24907727268152,10651.832468453034,2998.475577958944,3.552415949875341,2.0137420459341002,308.30188070839665,0.0,0.023722627737226276,0.0,1.643268297748519,21.91421568627451,0.9618138424821002,737.5306451283492,408,142.90831685066223,0.25,0.25
core,200,3000000.0,5,3,exclude,launch,0,0.0,prior,0.0,sa,12600.0,43200.0,796279.6996846015,0,720856.9851588435,75422.7145257581,0,0,0.0,0,10.997902071583061,13.928623516429525,6940.781264095941,2842.301386687272,2.441958230258433,2.020745685734621,312.5765264837522,0.0,0.18181818181818182,0.006993006993006993,3.1947336354433213,54.15094339622642,0.9419953596287703,1170.6975564427655,106,100.06276249885559,0.25,0.25
core,200,3000000.0,7,2,exclude,launch,0,0.0,prior,0.0,sa,12600.0,43200.0,561420.6554711986,0,516739.9555733072,44680.699897891405,0,0,0.0,0,9.909666384091572,13.044911973337845,7739.5923232182895,3040.8299600604587,2.54522364777819,2.0167715145252862,310.1472938250133,0.0,0.0695970695970696,0.0,2.322550574414673,37.4384236453202,0.9555555555555556,875.4997361071916,203,132.0871078968048,0.25,0.25
core,200,3000000.0,12,2,exclude,launch,0,0.0,prior,0.0,sa,12600.0,43200.0,1327620.66266263,0,1212232.9864310771,115387.67623155286,0,6,0.5807325867239711,14,9.909666384091572,10.823774721242785,7739.5923232182895,3667.0228829009666,2.110592862484548,2.0155687781894436,309.41398296995993,0.0,0.0076726342710997444,0.0,1.3753692006385305,12.139693356047701,0.91,925.4350923990409,587,120.82764077186584,0.25,0.25
core,200,3000000.0,13,2,exclude,launch,0,0.0,prior,0.0,sa,12600.0,43200.0,3691599.0403937534,0,3397980.5816999204,293618.45869383315,0,21,0.874355768012983,28,9.909666384091572,10.679698191300334,7739.5923232182895,3717.2032158338334,2.082100943594004,2.0151839850739828,309.1795570652078,0.0,0.008695652173913044,0.0,1.2697303881630506,10.30043541364296,0.815,928.9657135936574,689,123.07549500465393,0.25,0.25
core,200,3000000.0,14,2,exclude,launch,0,0.0,prior,0.0,sa,12600.0,43200.0,5683187.669137458,0,5282795.047423262,400392.6217141955,0,34,0.9234800247837118,46,9.909666384091572,10.462658622659804,7739.5923232182895,3793.8060569229237,2.040060089285563,2.0154536087431483,309.34380945284494,0.0,0.0018814675446848542,0.0,1.1814478079601771,8.172110552763819,0.7512562814070352,1011.4472792977474,796,122.51229739189148,0.25,0.25
core,200,3000000.0,6,3,exclude,launch,0,0.0,prior,0.0,sa,12600.0,43200.0,653953.97070304,0,601851.5056259552,52102.46507708477,0,0,0.0,0,10.997902071583061,13.848204210270836,6940.781264095941,2862.345251828997,2.4248581681964754,2.018247909376124,311.048641484654,0.0,0.06930693069306931,0.0,2.6974530735153817,46.182432432432435,0.955607476635514,961.6887156197267,148,116.17323279380798,0.25,0.25
core,200,3000000.0,11,2,exclude,launch,0,0.0,prior,0.0,sa,12600.0,43200.0,615827.5324735367,0,571888.365986749,43939.166486787835,0,1,0.2273837803093354,3,9.909666384091572,12.135324584826988,7739.5923232182895,3272.912990697174,2.3647412397509697,2.014207135504261,308.58483411232754,0.0,0.016666666666666666,0.0,1.4981353454739206,17.091093117408906,0.9526184538653366,782.5026153486986,494,136.9467499256134,0.25,0.25
core,200,3000000.0,8,2,exclude,launch,0,0.0,prior,0.0,sa,12600.0,43200.0,510555.94800851075,0,477212.58999552217,33343.35801298861,0,0,0.0,0,9.909666384091572,12.856373603136523,7739.5923232182895,3087.333903267603,2.5068854117226462,2.0155236590582994,309.3864906321471,0.0,0.059490084985835696,0.0,2.043154459453703,30.71698113207547,0.9454094292803971,817.6920349346263,265,146.55689525604248,0.25,0.25
core,200,3000000.0,15,2,exclude,launch,0,0.0,prior,0.0,sa,12600.0,43200.0,8713837.69636778,0,8170098.364608427,543739.3317593522,0,49,0.9558194356872961,65,9.909666384091572,10.599746382669677,7739.5923232182895,3745.863428634784,2.066170449262497,2.014849322258638,308.97574406664495,0.0,0.0016474464579901153,0.0008237232289950577,1.1062007346906717,7.052747252747253,0.6758793969849246,1024.4681252505866,910,126.85656547546387,0.25,0.25
core,200,3000000.0,9,2,exclude,launch,0,0.0,prior,0.0,sa,12600.0,43200.0,471519.3597096138,0,441008.7776453091,30510.582064304654,0,0,0.0,0,9.909666384091572,13.056227895366417,7739.5923232182895,3041.579523198459,2.5445964059751107,2.014526984914787,308.7795009360866,0.0,0.033707865168539325,0.0,1.8221875510674481,26.07831325301205,0.9602977667493796,768.4196076066773,332,155.4586045742035,0.25,0.25
core,200,3000000.0,10,2,exclude,launch,0,0.0,prior,0.0,sa,12600.0,43200.0,458607.4783581047,0,429936.275163374,28671.20319473074,0,0,0.0,1,9.909666384091572,12.109817317671773,7739.5923232182895,3279.110324138632,2.3602720122725214,2.0146349636454968,308.84523283556973,0.0,0.025547445255474453,0.0,1.6423197579402273,21.541666666666668,0.9576059850374065,749.7395170535237,408,156.49014806747437,0.25,0.25
core,200,3000000.0,7,3,exclude,launch,0,0.0,prior,0.0,sa,12600.0,43200.0,545206.3134687605,0,508313.5371994257,36892.776269334805,0,0,0.0,0,10.997902071583061,13.726609095502429,6940.781264095941,2890.3168568806423,2.4013911303782587,2.0164212478510968,309.9336459249542,0.0,0.09926470588235294,0.0,2.3276712476342194,39.5,0.9626168224299065,834.1659723587413,202,137.62379670143127,0.25,0.25
core,200,3000000.0,12,3,exclude,launch,0,0.0,prior,0.0,sa,12600.0,43200.0,1794054.6101426492,0,1685607.114149141,108447.49599350826,0,9,0.6419037743919389,18,10.997902071583061,10.9411421679005,6940.781264095941,3628.197920904699,1.9130106503024626,2.0152844581371685,309.2407592804651,0.0,0.011538461538461539,0.0,1.3781079611999758,10.945299145299145,0.9127358490566038,1031.3083920047256,585,110.92445611953735,0.25,0.25
core,200,3000000.0,8,3,exclude,launch,0,0.0,prior,0.0,sa,12600.0,43200.0,506315.22206662805,0,471079.53439243924,35235.68767418879,0,0,0.0,0,10.997902071583061,13.586997335936694,6940.781264095941,2921.8697567329427,2.3754588130090717,2.0151419478487176,309.1539522846264,0.0,0.05099150141643059,0.0,2.045229772642423,32.22348484848485,0.9671361502347418,780.2511317583153,264,147.30646204948425,0.25,0.25
core,200,3000000.0,13,3,exclude,launch,0,0.0,prior,0.0,sa,12600.0,43200.0,4385275.225172058,0,4140275.640463997,244999.58470806055,0,24,0.8831797115221851,31,10.997902071583061,10.850485376815387,6940.781264095941,3659.7083548894557,1.8965394482385176,2.0146255779054005,308.8395190019606,0.0,0.006543075245365322,0.0,1.2707264001987282,9.563318777292576,0.8699763593380615,1002.0282497300966,687,114.60886287689209,0.25,0.25
core,200,3000000.0,11,3,exclude,launch,0,0.0,prior,0.0,sa,12600.0,43200.0,541263.1351532314,0,501985.8076443222,39277.327508909184,0,0,0.0,1,10.997902071583061,11.982548158466813,6940.781264095941,3314.1300317209943,2.0942996194062014,2.014518498409046,308.7743350842436,0.0,0.013719512195121951,0.0,1.5077398000355933,16.122448979591837,0.9575471698113207,837.148247048221,490,140.64919924736023,0.25,0.25
core,200,3000000.0,14,3,exclude,launch,0,0.0,prior,0.0,sa,12600.0,43200.0,6108405.516277073,0,5719171.994166531,389233.5221105416,0,35,0.9250334318908369,48,10.997902071583061,10.523725552137028,6940.781264095941,3771.9467892934877,1.840105826465277,2.015370586149527,309.2932281652902,0.0,0.0009389671361502347,0.0009389671361502347,1.1812786947001344,8.14,0.7971698113207547,1014.3146827537272,800,119.00764155387878,0.25,0.25
core,200,3000000.0,9,3,exclude,launch,0,0.0,prior,0.0,sa,12600.0,43200.0,475083.3876514393,0,445100.9607365494,29982.42691488993,0,0,0.0,0,10.997902071583061,13.192492851484902,6940.781264095941,3010.2441875580043,2.3057203441447385,2.014472731276544,308.746476751107,0.0,0.03153153153153153,0.0,1.8251027000554256,26.972809667673715,0.9647887323943662,743.1058386078745,331,158.59634637832642,0.25,0.25
core,200,3000000.0,5,4,exclude,launch,0,0.0,prior,0.0,sa,12600.0,43200.0,729757.1907387475,0,659340.1266343301,70417.06410441725,0,0,0.0,0,11.151274392896763,13.25983831783721,6840.734596602916,2986.3502708533274,2.2906671944574764,2.020277436141202,312.28981400965927,0.0,0.20422535211267606,0.0,3.2270347087700317,57.10476190476191,0.9436619718309859,1127.4817141215922,105,101.53074741363525,0.25,0.25
core,200,3000000.0,10,3,exclude,launch,0,0.0,prior,0.0,sa,12600.0,43200.0,470637.30287335353,0,441762.02123700484,28875.28163634868,0,0,0.0,0,10.997902071583061,12.91863218167052,6940.781264095941,3074.849719060414,2.257274955934056,2.0139540565625387,308.43084864588843,0.0,0.027422303473491772,0.0,1.646621579202042,21.72972972972973,0.9670588235294117,745.7532118077727,407,154.8645465373993,0.25,0.25
core,200,3000000.0,15,3,exclude,launch,0,0.0,prior,0.0,sa,12600.0,43200.0,9542003.182752512,0,8907529.08465338,634474.0980991327,0,54,0.9670009040047937,70,10.997902071583061,10.937627227095023,6940.781264095941,3632.6015381579823,1.9106916052277698,2.0134882830589294,308.14754996932095,0.0,0.0016286644951140066,0.0,1.0949500124907472,7.580890336590662,0.6761229314420804,941.8000066341215,921,133.46049213409424,0.25,0.25
core,200,3000000.0,6,4,exclude,launch,0,0.0,prior,0.0,sa,12600.0,43200.0,622808.843568663,0,574818.2891555567,47990.55441310618,0,0,0.0,0,11.151274392896763,13.121962089176115,6840.734596602916,3021.382904966163,2.2641071362914613,2.0178340239061487,310.7958300662946,0.0,0.07389162561576355,0.0,2.6929271300782043,45.08724832214765,0.9481132075471698,990.9185757239194,149,116.79587030410767,0.25,0.25
core,200,3000000.0,16,3,exclude,launch,0,0.0,prior,0.0,sa,12600.0,43200.0,12368716.484688224,0,11571401.392130764,797315.0925574593,0,72,0.9778104910330944,98,10.997902071583061,10.806909851795464,6940.781264095941,3676.929331525453,1.8876569654430668,2.0132753455004515,308.0180777397176,0.0,0.0007183908045977011,0.0007183908045977011,1.0310722611869132,5.982775119617225,0.5910165484633569,1050.8882131352536,1045,131.1456425189972,0.25,0.25
core,200,3000000.0,17,3,exclude,launch,0,0.0,prior,0.0,sa,12600.0,43200.0,16201032.243047707,0,15151042.316535069,1049989.926512639,0,101,0.9903645727608328,121,10.997902071583061,11.170895806471107,6940.781264095941,3562.1142537377427,1.9485004605938587,2.0104539999610047,306.30518581115837,0.0,0.0018987341772151898,0.002531645569620253,0.9636156637735274,5.5370994940978076,0.4728132387706856,999.7564119255943,1186,142.30002665519714,0.25,0.25
core,200,3000000.0,13,4,exclude,launch,0,0.0,prior,0.0,sa,12600.0,43200.0,3222563.229061362,0,2997939.846161091,224623.38290027113,0,15,0.840184820340208,22,11.151274392896763,10.354567323758756,6840.734596602916,3832.5734872411927,1.7848932628104914,2.015893292797595,309.61175470534204,0.0,0.004357298474945534,0.0,1.2713473431304663,9.694767441860465,0.9012048192771084,985.7478910169817,688,117.99891638755798,0.25,0.25
core,200,3000000.0,12,4,exclude,launch,0,0.0,prior,0.0,sa,12600.0,43200.0,924909.3110125335,0,841239.3492611989,83669.96175133462,0,2,0.3398310824134138,11,11.151274392896763,10.761734477145035,6840.734596602916,3688.5098577398526,1.8546065648295706,2.01537917176873,309.29845873852577,0.0,0.0038412291933418692,0.0,1.3780931283129974,12.216723549488055,0.9373493975903614,920.5058447737421,586,123.71072125434875,0.25,0.25
core,200,3000000.0,7,4,exclude,launch,0,0.0,prior,0.0,sa,12600.0,43200.0,521487.7681865224,0,485073.13476304524,36414.63342347718,0,0,0.0,0,11.151274392896763,13.327616412037585,6840.734596602916,2977.4812741808005,2.297490384212414,2.0159904178626205,309.6709587565985,0.0,0.08791208791208792,0.0,2.326213471538321,39.310344827586206,0.95260663507109,835.3957802939414,203,138.08829545974731,0.25,0.25
core,200,3000000.0,14,4,exclude,launch,0,0.0,prior,0.0,sa,12600.0,43200.0,5982809.351812547,0,5591830.504735605,390978.847076943,0,32,0.9168664571582135,47,11.151274392896763,10.120153882226475,6840.734596602916,3920.6078291196723,1.744814807998515,2.0162736194754483,309.8436208925184,0.0,0.002819548872180451,0.0,1.1802513200028315,7.79297365119197,0.8357487922705314,1059.5203908487772,797,119.14245080947876,0.25,0.25
core,200,3000000.0,8,4,exclude,launch,0,0.0,prior,0.0,sa,12600.0,43200.0,470202.7100809895,0,437233.7398610055,32968.97021998398,0,0,0.0,0,11.151274392896763,13.092740070799268,6840.734596602916,3032.601065499673,2.2557317790415627,2.014856672153943,308.98021950461265,0.0,0.06534090909090909,0.0,2.0457654047756,33.02661596958175,0.9665071770334929,764.7408601020128,263,152.42376613616943,0.25,0.25
core,200,3000000.0,15,4,exclude,launch,0,0.0,prior,0.0,sa,12600.0,43200.0,9665117.625882564,0,9042060.95472669,623056.671155875,0,52,0.9680309100520694,71,11.151274392896763,10.539073180739964,6840.734596602916,3768.370480673857,1.815303094981166,2.0143455512179065,308.66906918266756,0.0,0.001638001638001638,0.0,1.100418043939895,7.349673202614379,0.7602905569007264,974.3726506145563,918,130.04669666290283,0.25,0.25
core,200,3000000.0,11,4,exclude,launch,0,0.0,prior,0.0,sa,12600.0,43200.0,465816.80836381455,0,434108.3353336145,31708.47303020004,0,0,0.0,0,11.151274392896763,12.190428110414008,6840.734596602916,3258.9047215431874,2.099090087348005,2.013721309390772,308.28926793388246,0.0,0.012139605462822459,0.0,1.4990294175796874,17.425963488843813,0.9614457831325302,767.062668395095,493,153.67779350280762,0.25,0.25
core,200,3000000.0,9,4,exclude,launch,0,0.0,prior,0.0,sa,12600.0,43200.0,436586.3029287009,0,409236.190542943,27350.112385757864,0,0,0.0,0,11.151274392896763,13.201546262262259,6840.734596602916,3009.030290070789,2.273401706581686,2.013903355447886,308.4000042565445,0.0,0.04719101123595506,0.0,1.8226133892500604,27.55722891566265,0.9521531100478469,725.8411358267654,332,161.85970163345337,0.25,0.25
core,200,3000000.0,10,4,exclude,launch,0,0.0,prior,0.0,sa,12600.0,43200.0,433155.3564657,0,405800.8384228958,27354.51804280414,0,0,0.0,0,11.151274392896763,12.735654193142347,6840.734596602916,3119.5358147069555,2.192869389206075,2.013625733179938,308.23113808936995,0.0,0.023722627737226276,0.0,1.6463949104037967,22.462102689486553,0.9686746987951808,721.0125928753708,409,162.66670298576355,0.25,0.25
core,200,3000000.0,5,5,exclude,launch,0,0.0,prior,0.0,sa,12600.0,43200.0,741693.3857247223,0,677798.5420289795,63894.843695742806,0,0,0.0,0,11.200264059187148,14.082846991170495,6809.35540840031,2811.4142668876707,2.4220391454221697,2.020573634850468,312.4711632455689,0.0,0.28368794326241137,0.0,3.2238175534057514,55.40952380952381,0.9404145077720207,1152.8285256562299,105,100.10563611984253,0.25,0.25
core,200,3000000.0,16,4,exclude,launch,0,0.0,prior,0.0,sa,12600.0,43200.0,12826269.712690167,0,12039338.354045123,786931.3586450452,0,73,0.9825154774662719,96,11.151274392896763,10.733060589123879,6840.734596602916,3702.67444333605,1.8475117651552224,2.0130329215656437,307.87071005274714,0.0,0.0007204610951008645,0.0,1.0330098606626965,6.357005758157389,0.6642512077294686,993.0505554299056,1042,137.36492228507996,0.25,0.25
core,200,3000000.0,6,5,exclude,launch,0,0.0,prior,0.0,sa,12600.0,43200.0,646251.2355050587,0,598125.4384061558,48125.79709890283,0,0,0.0,0,11.200264059187148,14.087656856390055,6809.35540840031,2813.9486230313746,2.4198577588331425,2.0180645732082407,310.93664256650317,0.0,0.18137254901960784,0.004901960784313725,2.6873431438532465,43.86,0.948051948051948,1010.2000922597293,150,111.80885291099548,0.25,0.25
core,200,3000000.0,17,4,exclude,launch,0,0.0,prior,0.0,sa,12600.0,43200.0,16994659.216151707,0,15948159.766673893,1046499.4494778133,0,97,0.9923618588061159,116,11.151274392896763,11.310441175330967,6840.734596602916,3518.5645476701766,1.9441833463400635,2.010226154225662,306.16706480447135,0.0,0.0006361323155216285,0.0,0.9689340792901144,5.906700593723494,0.5628019323671497,944.8943521785066,1179,148.15075588226318,0.25,0.25
core,200,3000000.0,7,5,exclude,launch,0,0.0,prior,0.0,sa,12600.0,43200.0,550914.8720130422,0,516805.3592893771,34109.5127236651,0,0,0.0,0,11.200264059187148,13.918233492256187,6809.35540840031,2850.746472736085,2.3886218832588217,2.016263431115845,309.837408427005,0.0,0.08823529411764706,0.0,2.3297835375277134,37.16831683168317,0.9558441558441558,884.1966309448342,202,132.01098203659058,0.25,0.25
core,200,3000000.0,4,6,exclude,launch,0,0.0,prior,0.0,sa,12600.0,43200.0,1032517.9574689161,0,905991.1706883112,126526.78678060485,0,0,0.0,0,8.083203387312052,14.610296763591954,9563.732986385092,2703.9897444841763,3.5368969153429637,2.0250041122628866,315.1900290467484,0.0,0.358695652173913,0.0,3.992513851790656,69.44776119402985,0.9059633027522935,1435.4635512577497,67,79.49980974197388,0.25,0.25
core,200,3000000.0,13,5,exclude,launch,0,0.0,prior,0.0,sa,12600.0,43200.0,2617743.64575412,0,2464434.441394222,153309.20435989802,0,17,0.7941260055646746,24,11.200264059187148,10.939131413886095,6809.35540840031,3629.6556622748335,1.8760334428342567,2.014845366720264,308.97333550607624,0.0,0.001088139281828074,0.0,1.268938642074809,9.3231884057971,0.8590078328981723,1025.7523963365663,690,115.63707494735718,0.25,0.25
core,200,3000000.0,12,5,exclude,launch,0,0.0,prior,0.0,sa,12600.0,43200.0,1054772.3796937102,0,1001003.5171365093,53768.86255720106,0,5,0.47212186662551514,10,11.200264059187148,11.380923696390717,6809.35540840031,3489.07688675542,1.9516209098884318,2.0146607964650594,308.86095956493267,0.0,0.01020408163265306,0.0012755102040816326,1.3747521600232215,11.88265306122449,0.9242819843342036,944.802037064066,588,120.58929514884949,0.25,0.25
core,200,3000000.0,8,5,exclude,launch,0,0.0,prior,0.0,sa,12600.0,43200.0,522354.1199835136,0,487499.94091844856,34854.17906506506,0,0,0.0,0,11.200264059187148,13.554184787703733,6809.35540840031,2929.032270494179,2.3247799203152693,2.0150806295093266,309.11660532151535,0.0,0.059490084985835696,0.0,2.0454801106972016,30.018939393939394,0.9530026109660574,836.0852771388335,264,141.94471740722656,0.25,0.25
core,200,3000000.0,14,5,exclude,launch,0,0.0,prior,0.0,sa,12600.0,43200.0,5063119.455656052,0,4811385.069425254,251734.38623079768,0,32,0.9108687214470211,40,11.200264059187148,10.861194732027371,6809.35540840031,3656.6481859249834,1.8621850017211377,2.0143234504945244,308.6556186669355,0.0,0.0018814675446848542,0.0,1.178933868462792,8.040150564617315,0.804177545691906,1026.4084278195708,797,119.45222282409668,0.25,0.25
core,200,3000000.0,5,6,exclude,launch,0,0.0,prior,0.0,sa,12600.0,43200.0,779073.3920407466,0,710956.5815841835,68116.81045656317,0,0,0.0,0,8.083203387312052,13.772819104960483,9563.732986385092,2874.1260599256348,3.327527320298729,2.020976814321026,312.718096614333,0.0,0.22695035460992907,0.0,3.2164814382468507,55.56190476190476,0.9415887850467289,1153.8166168956502,105,99.5779025554657,0.25,0.25
core,200,3000000.0,11,5,exclude,launch,0,0.0,prior,0.0,sa,12600.0,43200.0,482827.75959916116,0,452098.65300757944,30729.1065915817,0,0,0.0,0,11.200264059187148,12.347390683789882,6809.35540840031,3216.999912005642,2.1166787673783336,2.014019856903813,308.4708810585687,0.0,0.0167427701674277,0.0,1.5022877476287488,16.74745417515275,0.9634464751958225,801.8492691145477,491,147.60580348968506,0.25,0.25
core,200,3000000.0,9,5,exclude,launch,0,0.0,prior,0.0,sa,12600.0,43200.0,461904.95446963946,0,434563.69706093986,27341.257408699603,0,0,0.0,0,11.200264059187148,13.498128604898302,6809.35540840031,2942.5149725196634,2.314127700961021,2.01417751754371,308.5668111273367,0.0,0.03611738148984198,0.0,1.828150335594012,26.060422960725077,0.9477806788511749,767.7879774789948,331,156.16861605644226,0.25,0.25
core,200,3000000.0,10,5,exclude,launch,0,0.0,prior,0.0,sa,12600.0,43200.0,449971.03407181724,0,425249.8310619014,24721.20300991585,0,0,0.0,0,11.200264059187148,12.963787387072877,6809.35540840031,3064.2239898143143,2.2222120285707128,2.013898502108731,308.3970517734985,0.0,0.02389705882352941,0.0,1.6520201204737301,21.47783251231527,0.9530026109660574,757.6051027573009,406,158.47549438476562,0.25,0.25
core,200,3000000.0,15,5,exclude,launch,0,0.0,prior,0.0,sa,12600.0,43200.0,7489532.121015701,0,7095752.095913957,393780.02510174375,0,47,0.9490066502130472,67,11.200264059187148,10.890749355826937,6809.35540840031,3647.1928266730565,1.8670127223878523,2.0140650760458088,308.4983935367376,0.0,0.0,0.0,1.0991586440606351,6.8406113537117905,0.741514360313316,1046.381717186418,916,123.87493443489075,0.25,0.25
core,200,3000000.0,6,6,exclude,launch,0,0.0,prior,0.0,sa,12600.0,43200.0,661717.5936977305,0,605645.1261225981,56072.46757513237,0,0,0.0,0,8.083203387312052,13.63525358471441,9563.732986385092,2906.770972041867,3.290157043114762,2.0184405069628424,311.1663198668193,0.0,0.1691542288557214,0.0,2.7015980410085954,45.43624161073826,0.9439252336448598,990.8743211201129,149,115.33924698829651,0.25,0.25
core,200,3000000.0,16,5,exclude,launch,0,0.0,prior,0.0,sa,12600.0,43200.0,11873984.359872246,0,11253834.940841649,620149.419030598,0,71,0.9808132366534527,88,11.200264059187148,11.26186607736979,6809.35540840031,3529.704291364114,1.9291574722166653,2.012525099788001,307.5621233102105,0.0,0.00141643059490085,0.0,1.01602002001266,6.525471698113208,0.6135770234986945,950.1375836630375,1060,138.55620622634888,0.25,0.25
core,200,3000000.0,17,5,exclude,launch,0,0.0,prior,0.0,sa,12600.0,43200.0,14271573.209561525,0,13505568.317275217,766004.8922863064,0,88,0.9864603210616896,114,11.200264059187148,11.215139474510128,6809.35540840031,3544.951276011344,1.9208600847292774,2.0122180374694754,307.3756066135669,0.0,0.0,0.0,0.9560392815850907,5.2468619246861925,0.5274151436031331,1044.9444011903229,1195,140.37584400177002,0.25,0.25
core,200,3000000.0,7,6,exclude,launch,0,0.0,prior,0.0,sa,12600.0,43200.0,592434.5017782153,0,545172.5082946345,47261.99348358068,0,0,0.0,0,8.083203387312052,13.27082368774469,9563.732986385092,2989.0582229563943,3.199580694994248,2.016776318383259,310.1502244875043,0.0,0.09157509157509157,0.0,2.325929471552925,37.064039408866996,0.9508196721311475,884.7055288753878,203,128.74525022506714,0.25,0.25
core,200,3000000.0,9,6,exclude,launch,0,0.0,prior,0.0,sa,12600.0,43200.0,691114.7996272453,0,635381.9432170383,55732.85641020709,0,1,0.29623713309538174,1,8.083203387312052,14.100620255152439,9563.732986385092,2817.0216961838673,3.394980237227419,2.0140097950997307,308.46475936745946,0.0,0.033707865168539325,0.0,1.8184884263170051,25.89189189189189,0.9435294117647058,769.4833135078272,333,126.48935580253601,0.25,0.25
core,200,3000000.0,12,6,exclude,launch,0,0.0,prior,0.0,sa,12600.0,43200.0,1122440.4359599357,0,1035622.6277382877,86817.808221648,0,4,0.5051567749794904,11,8.083203387312052,11.239951754816706,9563.732986385092,3531.8874764405446,2.7078249378497965,2.0152024434628553,309.1908003638855,0.0,0.01278772378516624,0.0,1.379925074662408,12.761499148211243,0.9361702127659575,881.1606849538135,587,125.54837584495544,0.25,0.25
core,200,3000000.0,10,6,exclude,launch,0,0.0,prior,0.0,sa,12600.0,43200.0,662004.7160124256,0,610208.2424146138,51796.47359781165,0,1,0.30926140628535076,1,8.083203387312052,13.779454883527261,9563.732986385092,2883.4297217949343,3.3167907350388517,2.0134858367790223,308.1460624055026,0.0,0.027422303473491772,0.0,1.6431532035773597,22.08108108108108,0.9411764705882353,732.9941394015862,407,135.63209295272827,0.25,0.25
core,200,3000000.0,8,6,exclude,launch,0,0.0,prior,0.0,sa,12600.0,43200.0,522283.417638039,0,484866.45521914633,37416.962418892654,0,0,0.0,0,8.083203387312052,12.80643061653979,9563.732986385092,3099.0397866710073,3.086031043395692,2.015741022131629,309.5189472123021,0.0,0.03977272727272727,0.0,2.0508525797031494,31.288973384030417,0.9601873536299765,809.8106190780403,263,147.08662247657776,0.25,0.25
core,200,3000000.0,13,6,exclude,launch,0,0.0,prior,0.0,sa,12600.0,43200.0,3467666.360430509,0,3183104.1264962936,284562.23393421515,0,17,0.8630883880845316,24,8.083203387312052,11.216412287402202,9563.732986385092,3540.736071514256,2.701057857242378,2.0143849455369476,308.6930453195988,0.0,0.004362050163576881,0.0,1.2701194077259337,10.777939042089985,0.8349056603773585,888.5484027132372,689,124.60798215866089,0.25,0.25
core,200,3000000.0,5,7,exclude,launch,0,0.0,prior,0.0,sa,12600.0,43200.0,724875.1334319599,0,661988.7813257675,62886.35210619233,0,0,0.0,0,11.004361452073201,13.762676087424348,6936.511477600986,2876.1384646800884,2.4117446231409208,2.0210511642375604,312.76364399726333,0.0,0.1619718309859155,0.0,3.2183133668113446,56.96116504854369,0.9486552567237164,1140.2275201399277,103,99.88971185684204,0.25,0.25
core,200,3000000.0,11,6,exclude,launch,0,0.0,prior,0.0,sa,12600.0,43200.0,686784.7178109289,0,630637.686998628,56147.030812300975,0,1,0.29810229560856405,1,8.083203387312052,12.65968529485741,9563.732986385092,3137.896353196762,3.047816724934827,2.0138563223477,308.37139270932107,0.0,0.022727272727272728,0.0,1.4970645751914646,17.504048582995953,0.9433962264150944,763.3031730953301,494,139.12424683570862,0.25,0.25
core,200,3000000.0,6,7,exclude,launch,0,0.0,prior,0.0,sa,12600.0,43200.0,613332.5149850457,0,567729.7536115707,45602.76137347508,0,0,0.0,0,11.004361452073201,13.485898435032704,6936.511477600986,2938.9593757559437,2.3601930447972976,2.0184431383445682,311.16792781233994,0.0,0.1477832512315271,0.0,2.697860841667024,45.16778523489933,0.958128078817734,986.7136793729514,149,115.74771499633789,0.25,0.25
core,200,3000000.0,3,8,exclude,launch,0,0.0,prior,0.0,sa,12600.0,43200.0,1247407.881375025,0,1072397.8656760263,175010.01569899876,0,0,0.0,0,7.524563191023776,15.553574825376234,10298.513056824415,2532.0394866939378,4.067279799917771,2.0313711958019174,319.11796305896314,0.0,0.05660377358490566,0.0,5.214689839957432,93.6842105263158,0.9517766497461929,1862.4310287669803,38,58.35806393623352,0.25,0.25
core,200,3000000.0,7,7,exclude,launch,0,0.0,prior,0.0,sa,12600.0,43200.0,542971.0510339458,0,507744.963003983,35226.08802996274,0,0,0.0,0,11.004361452073201,13.572157867576243,6936.511477600986,2922.8768035638295,2.373179556915768,2.016650199852795,310.07328865821825,0.0,0.058394160583941604,0.0,2.323474846618842,36.85294117647059,0.9753694581280788,891.4168573131204,204,130.1070957183838,0.25,0.25
core,200,3000000.0,12,7,exclude,launch,0,0.0,prior,0.0,sa,12600.0,43200.0,1300891.2938646302,0,1227000.8481714881,73890.44569314207,0,5,0.5370891165635908,11,11.004361452073201,10.909183827474397,6936.511477600986,3637.9323950216103,1.9067180817030496,2.0157798649855208,309.542620233001,0.0,0.008939974457215836,0.0,1.376831594361698,11.083475298126064,0.9358024691358025,1013.7389802771318,587,114.87529182434082,0.25,0.25
core,200,3000000.0,13,7,exclude,launch,0,0.0,prior,0.0,sa,12600.0,43200.0,3480114.512472623,0,3359054.411368487,121060.10110413638,0,19,0.843718956097915,26,11.004361452073201,10.523874480488193,6936.511477600986,3771.1636916802668,1.83935571211187,2.0157605597308415,309.5308544114138,0.0,0.0032679738562091504,0.0,1.2680011272651983,8.975290697674419,0.9012345679012346,1066.8870779522883,688,111.38457751274109,0.25,0.25
core,200,3000000.0,4,8,exclude,launch,0,0.0,prior,0.0,sa,12600.0,43200.0,889369.8152570439,0,792689.8510345939,96679.96422245006,0,0,0.0,0,7.524563191023776,14.916403495661637,10298.513056824415,2649.173134005182,3.88744432163801,2.024489469856041,314.8736021537735,0.0,0.2826086956521739,0.0,3.990219730739268,71.92537313432835,0.9693877551020408,1386.1841134772376,67,82.5354859828949,0.25,0.25
core,200,3000000.0,14,7,exclude,launch,0,0.0,prior,0.0,sa,12600.0,43200.0,6247097.8193147965,0,5927338.993348493,319758.8259663035,0,36,0.9237201053841344,55,11.004361452073201,10.283940384699628,6936.511477600986,3858.534567536635,1.7977061903139544,2.016081299457797,309.7263621323536,0.0,0.006591337099811676,0.0,1.1809766185528165,7.344654088050315,0.8024691358024691,1125.5505990925471,795,114.12292885780334,0.25,0.25
core,200,3000000.0,15,7,exclude,launch,0,0.0,prior,0.0,sa,12600.0,43200.0,10082315.828061437,0,9478713.025929784,603602.8021316538,0,60,0.9677539946890555,82,11.004361452073201,10.365150872183808,6936.511477600986,3830.6411306085834,1.8107964805617187,2.0148507975093697,308.976642361621,0.0,0.0024529844644317253,0.0,1.0992080758601037,6.471101417666303,0.674074074074074,1109.9313983872344,917,119.61186385154724,0.25,0.25
core,200,3000000.0,8,7,exclude,launch,0,0.0,prior,0.0,sa,12600.0,43200.0,470736.59748522076,0,444308.47654386685,26428.120941353885,0,0,0.0,0,11.004361452073201,13.543626012914737,6936.511477600986,2930.974331873431,2.366623072119257,2.0153153789265925,309.25959560545493,0.0,0.0453257790368272,0.0,2.0424946599309797,32.21212121212121,0.9728395061728395,781.0252185074636,264,150.201917886734,0.25,0.25
core,200,3000000.0,16,7,exclude,launch,0,0.0,prior,0.0,sa,12600.0,43200.0,13673462.84196023,0,12818728.422464821,854734.4194954097,0,87,0.9837761328935257,108,11.004361452073201,10.531690313844184,6936.511477600986,3773.2756380735427,1.8383262032620662,2.013137205510099,307.9340991566437,0.0,0.0007209805335255948,0.0007209805335255948,1.0348697206434492,5.4600577478344565,0.528395061728395,1158.7873636425288,1039,125.07804918289185,0.25,0.25
core,200,3000000.0,11,7,exclude,launch,0,0.0,prior,0.0,sa,12600.0,43200.0,496292.22879062383,0,462329.21892308525,33963.00986753857,0,0,0.0,0,11.004361452073201,12.002599591370974,6936.511477600986,3308.5357652464927,2.096550247533504,2.0145536379107605,308.79572525938755,0.0,0.0121580547112462,0.0,1.5016830208586573,16.148373983739837,0.9654320987654321,832.0039708339717,492,144.10956263542175,0.25,0.25
core,200,3000000.0,9,7,exclude,launch,0,0.0,prior,0.0,sa,12600.0,43200.0,438240.77869280946,0,413624.53786710283,24616.24082570657,0,0,0.0,0,11.004361452073201,13.274589577451076,6936.511477600986,2991.5815385523006,2.318677057005016,2.014503563867235,308.7652443297964,0.0,0.02247191011235955,0.0,1.823403036719504,26.80722891566265,0.9753694581280788,746.7496161651673,332,158.91423058509827,0.25,0.25
core,200,3000000.0,10,7,exclude,launch,0,0.0,prior,0.0,sa,12600.0,43200.0,427259.82303560583,0,405446.5026697161,21813.32036588973,0,0,0.0,0,11.004361452073201,13.006856271388939,6936.511477600986,3053.829138078399,2.27141439942044,2.0140623506826545,308.4967353216091,0.0,0.020146520146520148,0.0,1.6456489783142674,22.112745098039216,0.9703703703703703,733.3161458080149,408,158.07359552383423,0.25,0.25
core,200,3000000.0,5,8,exclude,launch,0,0.0,prior,0.0,sa,12600.0,43200.0,680256.0577125169,0,628803.0043067781,51453.0534057389,0,0,0.0,0,7.524563191023776,14.900636295377657,10298.513056824415,2657.3844491201685,3.8754321228281974,2.020369406106729,312.3461174755797,0.0,0.1773049645390071,0.0,3.2178334522743204,58.40952380952381,0.9693877551020408,1094.6942480202345,105,104.47810864448547,0.25,0.25
core,200,3000000.0,17,7,exclude,launch,0,0.0,prior,0.0,sa,12600.0,43200.0,17313317.992282644,0,16309255.28123372,1004062.711048924,0,108,0.9930305913251293,126,11.004361452073201,11.296264226878847,6936.511477600986,3523.6986594638097,1.9685314063310093,2.009816389768437,305.9187423134879,0.0,0.0006325110689437065,0.0,0.9650376411580293,5.376579612468408,0.454320987654321,1029.5769510399007,1187,140.2608015537262,0.25,0.25
core,200,3000000.0,4,9,exclude,launch,0,0.0,prior,0.0,sa,12600.0,43200.0,923999.2257515304,0,815921.8936318284,108077.33211970195,0,0,0.0,0,9.887468906759013,13.302109216925514,7757.716130833627,2970.1174557375716,2.611922338575377,2.0248639737836656,315.1038494278937,0.0,0.40217391304347827,0.0,3.990105605068765,72.26865671641791,0.9437652811735942,1380.1169142629708,67,79.98554611206055,0.25,0.25
core,200,3000000.0,6,8,exclude,launch,0,0.0,prior,0.0,sa,12600.0,43200.0,576458.2013114726,0,535973.6412926409,40484.56001883167,0,0,0.0,0,7.524563191023776,15.002141636350766,10298.513056824415,2642.7346006713324,3.896915359646137,2.017823496154417,310.7894007972,0.0,0.1485148514851485,0.0,2.6961148206159287,47.641891891891895,0.9821428571428571,934.5892957729831,148,118.74225497245789,0.25,0.25
core,200,3000000.0,8,8,exclude,launch,0,0.0,prior,0.0,sa,12600.0,43200.0,586104.6300708344,0,555849.2996289165,30255.330441918013,0,1,0.21878973110735855,1,7.524563191023776,14.343974999735865,10298.513056824415,2768.3115680858696,3.720142333525432,2.014677331115325,308.8710258837956,0.0,0.04519774011299435,0.0,2.034809013875207,31.65909090909091,0.969309462915601,795.1288217457382,264,119.95864915847778,0.25,0.25
core,200,3000000.0,5,9,exclude,launch,0,0.0,prior,0.0,sa,12600.0,43200.0,734442.0807722975,0,670250.2639784147,64191.81679388278,0,0,0.0,0,9.887468906759013,12.495945965203644,7757.716130833627,3167.6815672978796,2.4490201953762587,2.0210605779674378,312.76941116375923,0.0,0.21830985915492956,0.0,3.218539846169892,54.904761904761905,0.9508599508599509,1165.5411496619574,105,96.87887787818909,0.25,0.25
core,200,3000000.0,9,8,exclude,launch,0,0.0,prior,0.0,sa,12600.0,43200.0,556287.5762771986,0,527497.6513194417,28789.92495775697,0,1,0.23051687631089116,1,7.524563191023776,14.043976885741218,10298.513056824415,2828.54941128651,3.640916794923635,2.0138916964212914,308.3929116216134,0.0,0.033632286995515695,0.0,1.818592194428479,26.663663663663662,0.969309462915601,748.5691574608047,333,130.80786442756653,0.25,0.25
core,200,3000000.0,7,8,exclude,launch,0,0.0,prior,0.0,sa,12600.0,43200.0,496292.62775386637,0,466502.41836458637,29790.209389280044,0,0,0.0,0,7.524563191023776,13.867119146192287,10298.513056824415,2861.1775426202057,3.5993967181055306,2.0163175598847225,309.8704147590108,0.0,0.09926470588235294,0.0,2.3259401719934565,39.58910891089109,0.9770408163265306,830.0265802490968,202,138.7390673160553,0.25,0.25
core,200,3000000.0,12,8,exclude,launch,0,0.0,prior,0.0,sa,12600.0,43200.0,1058667.142442802,0,982797.1046961306,75870.03774667124,0,4,0.5484553340899836,8,7.524563191023776,11.417360617919867,10298.513056824415,3477.6931260266433,2.9613058667400995,2.0148049612209453,308.9487327955934,0.0,0.010230179028132993,0.0,1.3795013055903613,13.29863481228669,0.9461538461538461,847.844454401547,586,129.92455863952637,0.25,0.25
core,200,3000000.0,10,8,exclude,launch,0,0.0,prior,0.0,sa,12600.0,43200.0,535387.9618163913,0,505810.63552229083,29577.326294100494,0,1,0.2395154235050824,1,7.524563191023776,13.553325920330064,10298.513056824415,2931.5476786223467,3.512995245454819,2.0134791790121733,308.1420138873567,0.0,0.032846715328467155,0.0,1.6396344077864227,22.62682926829268,0.9692307692307692,714.3893035962219,410,140.20313453674316,0.25,0.25
core,200,3000000.0,11,8,exclude,launch,0,0.0,prior,0.0,sa,12600.0,43200.0,546591.2933750041,0,520004.724619796,26586.568755208107,0,1,0.2346061416788744,1,7.524563191023776,12.844470533895505,10298.513056824415,3093.1875934794107,3.3294175492408478,2.0135736560544624,308.1994668742829,0.0,0.01812688821752266,0.0,1.4986995431254047,18.108870967741936,0.9641025641025641,735.9946896675137,496,144.91384768486023,0.25,0.25
core,200,3000000.0,4,10,exclude,launch,0,0.0,prior,0.0,sa,12600.0,43200.0,965862.6611912864,0,856501.3211090263,109361.34008226004,0,0,0.0,0,8.102989680685688,15.315402224361403,9539.56582519432,2580.468063273875,3.696835454375414,2.024245075758592,314.7233925647169,0.0,0.22826086956521738,0.0,3.9992854956321118,69.20588235294117,0.9154589371980676,1439.8069988276116,68,76.90773797035217,0.25,0.25
core,200,3000000.0,6,9,exclude,launch,0,0.0,prior,0.0,sa,12600.0,43200.0,617281.5564063968,0,562447.0205149119,54834.535891484964,0,0,0.0,0,9.887468906759013,13.013296214019523,7757.716130833627,3046.0306920838075,2.546827959086167,2.0182194929675976,311.03128075775766,0.0,0.08415841584158416,0.0,2.696083771419117,46.22147651006711,0.9582309582309583,972.7002679009231,149,116.72011303901672,0.25,0.25
core,200,3000000.0,5,10,exclude,launch,0,0.0,prior,0.0,sa,12600.0,43200.0,747115.6994413795,0,676798.09806564,70317.60137573953,0,0,0.0,0,8.102989680685688,15.21360006219395,9539.56582519432,2603.1080870809005,3.664682950561571,2.0200670758693717,312.1610517818072,0.0,0.11347517730496454,0.0,3.219991715236314,54.99047619047619,0.9290953545232273,1166.424510335341,105,95.85764122009277,0.25,0.25
core,200,3000000.0,7,9,exclude,launch,0,0.0,prior,0.0,sa,12600.0,43200.0,530720.8267510049,0,495810.5332315419,34910.29351946303,0,0,0.0,0,9.887468906759013,12.923901171486623,7757.716130833627,3069.603271780078,2.527269957702022,2.0165737497798055,310.02665662241236,0.0,0.15073529411764705,0.0,2.3285825622012877,38.306930693069305,0.9627791563275434,857.6944144851343,202,135.11452317237854,0.25,0.25
core,200,3000000.0,12,9,exclude,launch,0,0.0,prior,0.0,sa,12600.0,43200.0,942861.4714150156,0,871286.6390501775,71574.83236483806,0,3,0.4306312392783788,11,9.887468906759013,10.859050531650404,7757.716130833627,3654.85391500328,2.1225789898162497,2.0157102771437394,309.5002101286237,0.0,0.010269576379974325,0.0,1.3838854385135535,12.499142367066895,0.945,905.1822840053312,583,126.1010890007019,0.25,0.25
core,200,3000000.0,8,9,exclude,launch,0,0.0,prior,0.0,sa,12600.0,43200.0,472137.43631362345,0,443996.1503214571,28141.285992166326,0,0,0.0,0,9.887468906759013,13.011525794518858,7757.716130833627,3050.945556535287,2.542725193576853,2.015242447139266,309.2151679419975,0.0,0.03954802259887006,0.0,2.041165563176945,32.35227272727273,0.967741935483871,777.933134828717,264,149.47562503814697,0.25,0.25
core,200,3000000.0,14,9,exclude,launch,0,0.0,prior,0.0,sa,12600.0,43200.0,4713528.502562883,0,4378237.097317451,335291.4052454327,0,27,0.9076861096002343,42,9.887468906759013,10.676559645980186,7757.716130833627,3717.949900757012,2.08655746793524,2.0153715473349134,309.293813741189,0.0,0.008506616257088847,0.004725897920604915,1.1840526981912165,8.828499369482977,0.8195488721804511,939.7879527092861,793,124.86908292770386,0.25,0.25
core,200,3000000.0,13,9,exclude,launch,0,0.0,prior,0.0,sa,12600.0,43200.0,2855085.5110414377,0,2692395.519335362,162689.99170607558,0,16,0.8478521911990502,21,9.887468906759013,11.253658217410232,7757.716130833627,3529.228419568419,2.198133758591432,2.0142644972089907,308.6197410895821,0.0,0.003271537622682661,0.0,1.2704138160043927,11.135766423357664,0.9097744360902256,862.2850225542707,685,127.88285255432129,0.25,0.25
core,200,3000000.0,11,9,exclude,launch,0,0.0,prior,0.0,sa,12600.0,43200.0,607119.7540278656,0,561198.1405651122,45921.61346275346,0,1,0.29811480047772665,1,9.887468906759013,12.560789318284641,7757.716130833627,3162.913934711521,2.4527117370144893,2.013657857644618,308.25067570940297,0.0,0.015128593040847202,0.0,1.4971942935838447,18.15959595959596,0.9553349875930521,737.5961549818788,495,141.29545283317566,0.25,0.25
core,200,3000000.0,9,9,exclude,launch,0,0.0,prior,0.0,sa,12600.0,43200.0,447880.1662631076,0,423061.822047017,24818.344216090616,0,0,0.0,0,9.887468906759013,12.871307108542602,7757.716130833627,3085.289532925471,2.5144207854871117,2.014519188899159,308.7747553933822,0.0,0.036036036036036036,0.0,1.8244580963870591,26.719033232628398,0.9751861042183623,750.8903856501018,331,159.1154146194458,0.25,0.25
core,200,3000000.0,15,9,exclude,launch,0,0.0,prior,0.0,sa,12600.0,43200.0,7618742.171163658,0,7149595.607912995,469146.56325066317,0,48,0.9593000093336366,63,9.887468906759013,10.773042765843106,7757.716130833627,3686.349965964293,2.104443745835273,2.014443264439893,308.72854103024014,0.0,0.0,0.0008216926869350862,1.1047193418073131,8.028477546549835,0.7336683417085427,896.6253817140854,913,136.37980794906616,0.25,0.25
core,200,3000000.0,10,9,exclude,launch,0,0.0,prior,0.0,sa,12600.0,43200.0,421533.8146509131,0,400141.82278187893,21391.991869034155,0,0,0.0,1,9.887468906759013,12.30988992017438,7757.716130833627,3226.366546303279,2.404474513201948,2.0142905338985138,308.6355861468398,0.0,0.040145985401459854,0.0,1.640949192375239,22.503667481662593,0.9751861042183623,720.4260467864705,409,162.12129926681519,0.25,0.25
core,200,3000000.0,6,10,exclude,launch,0,0.0,prior,0.0,sa,12600.0,43200.0,614737.1833581657,0,564632.2367996277,50104.94655853797,0,0,0.0,0,8.102989680685688,15.008913137359862,9539.56582519432,2641.938853955435,3.6108200653137583,2.017520614395214,310.60446021576416,0.0,0.07389162561576355,0.0,2.702531177534119,46.02013422818792,0.9534313725490197,972.4137500342536,149,115.07459688186646,0.25,0.25
core,200,3000000.0,7,10,exclude,launch,0,0.0,prior,0.0,sa,12600.0,43200.0,535727.4944283797,0,500755.89971266396,34971.59471571578,0,0,0.0,0,8.102989680685688,13.959871196256923,9539.56582519432,2842.4042495533167,3.356160836972243,2.016149498032196,309.76794070532515,0.0,0.1033210332103321,0.0,2.3343625357207753,37.90049751243781,0.9482758620689655,870.8290160467975,201,130.11127305030823,0.25,0.25
core,200,3000000.0,5,11,exclude,launch,0,0.0,prior,0.0,sa,12600.0,43200.0,742367.9186321395,0,675023.2845474103,67344.63408472911,0,0,0.0,0,11.207061700607605,13.402417654559367,6805.023011725666,2953.597503443825,2.303977777537789,2.0209498060977795,312.70155197132823,0.0,0.21830985915492956,0.0,3.208432211083471,54.63809523809524,0.9380952380952381,1170.2194714260181,105,95.93973064422607,0.25,0.25
core,200,3000000.0,9,10,exclude,launch,0,0.0,prior,0.0,sa,12600.0,43200.0,614531.226701509,0,584879.1500359509,29652.07666555806,0,1,0.2536351999825423,1,8.102989680685688,13.985681351774168,9539.56582519432,2840.6150230621843,3.3582747918127476,2.013696328980431,308.2740742165206,0.0,0.02914798206278027,0.0,1.820489630899492,25.563253012048193,0.967741935483871,780.1868075884702,332,127.13921189308167,0.25,0.25
core,200,3000000.0,8,10,exclude,launch,0,0.0,prior,0.0,sa,12600.0,43200.0,486465.31439343776,0,453995.52017647243,32469.794216965332,0,0,0.0,0,8.102989680685688,13.423957018505469,9539.56582519432,2957.5383940634492,3.225508701541362,2.0150185233294966,309.07878081059744,0.0,0.06515580736543909,0.0,2.0461915389236793,31.674242424242426,0.9532019704433498,796.8060627499982,264,145.68877387046814,0.25,0.25
core,200,3000000.0,12,10,exclude,launch,0,0.0,prior,0.0,sa,12600.0,43200.0,1780911.4806972977,0,1703400.7619478693,77510.71874942823,0,8,0.7013153258560737,16,8.102989680685688,11.019170612851452,9539.56582519432,3603.0704415903547,2.6476212385633136,2.0149688039783773,309.0485019147893,0.0,0.010256410256410256,0.002564102564102564,1.3790430051548346,11.96923076923077,0.9203980099502488,942.4479119953016,585,117.54057693481445,0.25,0.25
core,200,3000000.0,10,10,exclude,launch,0,0.0,prior,0.0,sa,12600.0,43200.0,589048.3393185439,0,562029.693015606,27018.646302937836,0,1,0.26460774129381587,1,8.102989680685688,13.62906714300165,9539.56582519432,2915.6317097043784,3.2718692808295584,2.013219790854373,307.98430337369376,0.0,0.025500910746812388,0.0,1.641068974407826,21.790243902439023,0.9652605459057072,740.4007978763577,410,136.26423454284668,0.25,0.25
core,200,3000000.0,13,10,exclude,launch,0,0.0,prior,0.0,sa,12600.0,43200.0,4338776.820634828,0,4091048.8344308347,247727.986203993,0,24,0.8960912122478065,32,8.102989680685688,10.725229951934857,9539.56582519432,3702.7459664924236,2.576348988432242,2.014463751823545,308.74101112917106,0.0,0.006543075245365322,0.0,1.2701870398663557,10.087463556851311,0.8478802992518704,951.9540825909299,686,119.18578743934631,0.25,0.25
core,200,3000000.0,6,11,exclude,launch,0,0.0,prior,0.0,sa,12600.0,43200.0,631943.2253782562,0,579391.6669749197,52551.558403336465,0,0,0.0,0,11.207061700607605,13.565568086344502,6805.023011725666,2921.802812006985,2.3290493745028944,2.018371470370725,311.1241354995098,0.0,0.08866995073891626,0.0,2.695404955881784,44.36241610738255,0.95,1002.6441010058849,149,111.60461759567261,0.25,0.25
core,200,3000000.0,11,10,exclude,launch,0,0.0,prior,0.0,sa,12600.0,43200.0,621585.2964641682,0,591029.1838069453,30556.11265722302,0,1,0.25075681723262777,1,8.102989680685688,12.675373604042843,9539.56582519432,3134.6026191726655,3.0433094666756055,2.0134772452664027,308.1408380018327,0.0,0.012121212121212121,0.0,1.498330122325255,16.898785425101213,0.9577114427860697,789.5360733734124,494,134.2290186882019,0.25,0.25
core,200,3000000.0,7,11,exclude,launch,0,0.0,prior,0.0,sa,12600.0,43200.0,533826.5354299694,0,495617.48001862265,38209.05541134679,0,0,0.0,0,11.207061700607605,13.756436041297924,6805.023011725666,2883.9535488157408,2.3596160258961394,2.016488700035112,309.9747831897215,0.0,0.09926470588235294,0.0,2.3263965083104794,38.024752475247524,0.9593301435406698,861.709508589517,202,130.465576171875,0.25,0.25
core,200,3000000.0,4,12,exclude,launch,0,0.0,prior,0.0,sa,12600.0,43200.0,941098.1968561864,0,833484.5953753473,107613.60148083915,0,0,0.0,0,8.169327897061386,14.777855447907065,9459.39392747071,2674.265353114051,3.537193463788367,2.0242962709679166,314.7548552156339,0.0,0.21739130434782608,0.0,3.9953912180060396,72.34328358208955,0.9562043795620438,1377.108934671676,67,82.06790018081665,0.25,0.25
core,200,3000000.0,8,11,exclude,launch,0,0.0,prior,0.0,sa,12600.0,43200.0,476240.519160924,0,445136.67258250446,31103.84657841956,0,0,0.0,0,11.207061700607605,13.780135563820187,6805.023011725666,2881.013846726583,2.362023708930644,2.0150747048945643,309.11299695503607,0.0,0.07932011331444759,0.0,2.044606466006356,31.84090909090909,0.9497607655502392,791.0371620649065,264,147.934100151062,0.25,0.25
core,200,3000000.0,13,11,exclude,launch,0,0.0,prior,0.0,sa,12600.0,43200.0,2888698.5388690587,0,2681040.6230555824,207657.91581347614,0,17,0.8263229596874744,27,11.207061700607605,10.859321190867826,6805.023011725666,3655.9812017982263,1.8613397159642275,2.0150385278319733,309.09096389498984,0.0,0.013114754098360656,0.002185792349726776,1.27516774635993,9.918248175182482,0.8609112709832134,967.8901929514093,685,115.7065806388855,0.25,0.25
core,200,3000000.0,12,11,exclude,launch,0,0.0,prior,0.0,sa,12600.0,43200.0,1281696.0830206817,0,1190864.2399198571,90831.84310082448,0,5,0.5733065412242863,12,11.207061700607605,10.970103282816018,6805.023011725666,3618.2811555998287,1.8807336188327655,2.0154728869735896,309.3555552535432,0.0,0.010243277848911651,0.0,1.3800589113359467,11.924914675767917,0.9160671462829736,943.9733406379918,586,117.46423649787903,0.25,0.25
core,200,3000000.0,5,12,exclude,launch,0,0.0,prior,0.0,sa,12600.0,43200.0,732960.5339710172,0,659315.7206645412,73644.81330647602,0,0,0.0,0,8.169327897061386,14.431713560961104,9459.39392747071,2743.773087214808,3.4475860892246373,2.020337358777428,312.32649771506925,0.0,0.18439716312056736,0.0,3.223166140556975,58.647619047619045,0.9606879606879607,1095.5856974308372,105,99.50243544578552,0.25,0.25
core,200,3000000.0,14,11,exclude,launch,0,0.0,prior,0.0,sa,12600.0,43200.0,5194661.204618916,0,4934897.580118343,259763.62450057187,0,33,0.9220772230610575,47,11.207061700607605,10.90024198665534,6805.023011725666,3643.554306926269,1.8676880975232224,2.0143206293615057,308.6539017444964,0.0,0.0037735849056603774,0.0,1.1836149493810981,8.69182389937107,0.8216867469879519,953.3331888632839,795,123.03486919403076,0.25,0.25
core,200,3000000.0,15,11,exclude,launch,0,0.0,prior,0.0,sa,12600.0,43200.0,8086607.082157769,0,7645898.358531905,440708.72362586355,0,52,0.9587102635719127,69,11.207061700607605,11.129466370050052,6805.023011725666,3570.8825000810602,1.9056978244372895,2.012982899479946,307.84030639163956,0.0,0.0033003300330033004,0.0,1.1091537600252381,7.701541850220265,0.7469879518072289,939.6679240980892,908,125.55020666122437,0.25,0.25
core,200,3000000.0,9,11,exclude,launch,0,0.0,prior,0.0,sa,12600.0,43200.0,440730.9394283534,0,416538.6807884116,24192.258639941807,0,0,0.0,0,11.207061700607605,13.765942763014793,6805.023011725666,2885.3242850633187,2.35849503882588,2.0141388031850314,308.54325363767015,0.0,0.04719101123595506,0.0,1.8210668021273737,26.677710843373493,0.9473684210526315,748.9163467679944,332,151.60667037963867,0.25,0.25
core,200,3000000.0,11,11,exclude,launch,0,0.0,prior,0.0,sa,12600.0,43200.0,454291.99829168693,0,427802.62356862024,26489.374723066623,0,0,0.0,0,11.207061700607605,12.67666138393271,6805.023011725666,3133.689898530733,2.171568735922556,2.013859089977092,308.3730762987532,0.0,0.018154311649016642,0.0,1.4959698651339102,17.385858585858585,0.9593301435406698,768.088173566355,495,144.15157771110535,0.25,0.25
core,200,3000000.0,10,11,exclude,launch,0,0.0,prior,0.0,sa,12600.0,43200.0,432428.3217474356,0,405773.42187048524,26654.899876950356,0,0,0.0,0,11.207061700607605,13.467758369838277,6805.023011725666,2949.909202364304,2.306858464074607,2.013659439804068,308.2516379711691,0.0,0.040145985401459854,0.0,1.6441865132200557,22.09268292682927,0.9545454545454546,732.2853512923588,410,155.87783360481262,0.25,0.25
core,200,3000000.0,16,11,exclude,launch,0,0.0,prior,0.0,sa,12600.0,43200.0,10721953.494162612,0,10170137.28443173,551816.2097308821,0,72,0.9751256365651803,97,11.207061700607605,10.895256930868854,6805.023011725666,3648.0428383575468,1.8653901045716563,2.0127627262286927,307.7065018914521,0.0,0.0014503263234227702,0.0,1.0385813031520048,6.0376811594202895,0.6714975845410628,1052.044434658749,1035,128.82799243927002,0.25,0.25
core,200,3000000.0,6,12,exclude,launch,0,0.0,prior,0.0,sa,12600.0,43200.0,637758.1223009973,0,582098.5844658109,55659.53783518642,0,0,0.0,0,8.169327897061386,14.188182670425599,9459.39392747071,2794.3733542976215,3.385157503353152,2.0178030968946397,310.77694321449576,0.0,0.10837438423645321,0.0,2.6951439287828345,45.43624161073826,0.9680589680589681,984.5965146268545,149,108.08756923675537,0.25,0.25
core,200,3000000.0,17,11,exclude,launch,0,0.0,prior,0.0,sa,12600.0,43200.0,14357082.510273773,0,13540603.791534288,816478.7187394847,0,97,0.9901487316102201,113,11.207061700607605,11.936180527983632,6805.023011725666,3336.15362644398,2.0397810693685496,2.0089936642308013,305.4204643373698,0.0,0.0,0.0,0.9694113763500599,6.232597623089983,0.5483091787439613,892.8347539103414,1178,140.39057898521423,0.25,0.25
core,200,3000000.0,7,12,exclude,launch,0,0.0,prior,0.0,sa,12600.0,43200.0,559739.7295240042,0,519494.3701703448,40245.359353659405,0,0,0.0,0,8.169327897061386,13.715847058359522,9459.39392747071,2892.884687195772,3.269882816048298,2.0162121640672446,309.8061487194696,0.0,0.04395604395604396,0.0,2.3237995007853454,37.443349753694584,0.9729064039408867,874.3643437993968,203,118.9670000076294,0.25,0.25
core,200,3000000.0,13,12,exclude,launch,0,0.0,prior,0.0,sa,12600.0,43200.0,4148537.23745448,0,3891258.544913707,257278.69254077278,0,25,0.893104070453488,35,8.169327897061386,10.643526738701814,9459.39392747071,3730.875026348706,2.535435751845146,2.014622731046715,308.8377859070082,0.0,0.002178649237472767,0.0,1.2712617927457281,10.189228529839884,0.8653366583541147,942.8050990805203,687,102.32301759719849,0.25,0.25
core,200,3000000.0,12,12,exclude,launch,0,0.0,prior,0.0,sa,12600.0,43200.0,928661.8510268617,0,861307.8115900353,67354.03943682634,0,4,0.3502436922163017,12,8.169327897061386,10.540485953184417,9459.39392747071,3764.552156173845,2.5127541165706404,2.0161184068780886,309.74898503893945,0.0,0.005141388174807198,0.0,1.3834456506165482,11.635897435897435,0.942643391521197,969.8251806508938,585,109.31971454620361,0.25,0.25
core,200,3000000.0,9,12,exclude,launch,0,0.0,prior,0.0,sa,12600.0,43200.0,491720.7141558382,0,466589.20278419286,25131.511371645283,0,1,0.08617235890674782,1,8.169327897061386,13.8946787848591,9459.39392747071,2859.1183242163556,3.3085003329001426,2.013767589171915,308.31741745663084,0.0,0.03153153153153153,0.0,1.8223456723611908,26.863636363636363,0.9678217821782178,748.7564569667853,330,121.27269053459167,0.25,0.25
core,200,3000000.0,8,12,exclude,launch,0,0.0,prior,0.0,sa,12600.0,43200.0,499936.4956611965,0,466464.201045782,33472.29461541446,0,0,0.0,0,8.169327897061386,13.52714754267708,9459.39392747071,2935.0084101588254,3.2229529205876526,2.014997028295448,309.06569023457723,0.0,0.022598870056497175,0.0,2.0394848664861063,31.547169811320753,0.9703703703703703,794.6411749139085,265,133.4575583934784,0.25,0.25
core,200,3000000.0,11,12,exclude,launch,0,0.0,prior,0.0,sa,12600.0,43200.0,491852.76622807875,0,462278.5917306604,29574.17449741837,0,1,0.08614922344966636,1,8.169327897061386,12.583334400662997,9459.39392747071,3157.4035280374874,2.9959407606509774,2.013558070207361,308.1899885047409,0.0,0.01818181818181818,0.0,1.4966186346023118,17.959514170040485,0.972636815920398,744.5528129879781,494,132.3499298095703,0.25,0.25
core,200,3000000.0,10,12,exclude,launch,0,0.0,prior,0.0,sa,12600.0,43200.0,467519.157975059,0,443151.62425016635,24367.53372489272,0,1,0.0906331497636291,1,8.169327897061386,13.672290702363425,9459.39392747071,2906.4071257807996,3.254669259362439,2.0132247159718863,307.98729751689285,0.0,0.02010968921389397,0.0,1.6422514177311174,22.767156862745097,0.9751861042183623,713.1816304622172,408,136.71790623664856,0.25,0.25
core,100,1500000.0,7,11,exclude,launch,0,0.0,prior,0.0,sa,12600.0,43200.0,2945362.4375483054,0,2795910.638177052,149451.79937125335,0,16,0.9057392771994794,24,3.1234686211501286,5.132376942050995,12472.942269740002,3867.8579603731528,3.22476740292104,2.014980877979603,309.0558547992735,0.0,0.003766478342749529,0.003766478342749529,1.1786154290546624,7.035264483627204,0.8203883495145631,1168.2543924336244,397,40.67941999435425,0.25,0.25
core,100,1500000.0,6,11,exclude,launch,0,0.0,prior,0.0,sa,12600.0,43200.0,367009.45413610677,0,334468.5436326265,32540.910503480303,0,1,0.09116199500886392,4,3.1234686211501286,5.307916793622904,12472.942269740002,3739.907135435049,3.3350941127817797,2.015000074560386,309.06754540727667,0.0,0.002544529262086514,0.0,1.372355635041539,11.146258503401361,0.9375,1004.5599913236084,294,44.25975203514099,0.25,0.25
core,100,1500000.0,8,11,exclude,launch,0,0.0,prior,0.0,sa,12600.0,43200.0,5956402.308548852,0,5636656.326342639,319745.98220621253,0,36,0.971554100768462,48,3.1234686211501286,5.295591146175058,12472.942269740002,3752.382835798453,3.3240057892669523,2.012975101822113,307.83556707345593,0.0,0.0,0.0,1.0311350890407591,5.107485604606526,0.6714975845410628,1232.3999055408524,521,48.351662158966064,0.25,0.25
core,100,3000000.0,13,11,exclude,launch,0,0.0,prior,0.0,sa,12600.0,43200.0,1159299.433355411,0,1106639.6418920744,52659.791463336674,0,7,0.8670399921447816,10,6.246937242300257,10.521736721780295,12472.942269740002,3787.5193317903304,3.293169269143807,2.0074636878730026,304.4949247148014,0.0,0.001088139281828074,0.001088139281828074,1.2679680773945412,8.397379912663755,0.9038461538461539,570.5251343282822,687,77.92666912078857,0.25,0.25
core,100,3000000.0,11,11,exclude,launch,0,0.0,prior,0.0,sa,12600.0,43200.0,209986.7580980075,0,199680.7131790373,10306.044918970214,0,1,0.15933058983912735,1,6.246937242300257,11.179648054638498,12472.942269740002,3564.6701160348875,3.49904531519851,2.007439705638167,304.48042814889504,0.0,0.01878612716763006,0.024566473988439308,1.4322970868180163,11.904109589041095,0.9567307692307693,543.302678918257,511,78.1266725063324,0.25,0.25
core,100,3000000.0,12,11,exclude,launch,0,0.0,prior,0.0,sa,12600.0,43200.0,201021.67462995974,0,191521.65452214592,9500.020107813822,0,1,0.16643635114347619,4,6.246937242300257,10.493753716691923,12472.942269740002,3797.3131148459415,3.284675741111761,2.007625533328625,304.59276462473855,0.0,0.0012804097311139564,0.0,1.3811655021884433,10.518835616438356,0.9567307692307693,537.9932209426635,584,79.84326529502869,0.25,0.25
