layout,M,Emax,K,seed,coord,replan,divert,q,belief,tau,planner,L,Th,J,n_diverts,J_age,J_event,n_replans,n_never,share_never,n_reach_inf,K_reach_i,K_commute_i,r_max,r_c,rmax_over_rc,regime_bnd,P_bar,dup_frac,trunc_frac,empty_frac,T_s_over_t_c,mean_n,catch_rate,T_rev,n_sorties,secs,depot_x,depot_y
paper,100,1500000.0,1,5,exclude,launch,0,0.0,prior,0.0,sa,12600.0,43200.0,3669158.603124116,0,2148974.6251385384,1520183.9779855772,0,0,0.0,0,3.2062187004151816,11.440543092274263,12142.421983925684,1716.0645182030298,7.075737453414964,2.0374161212662774,322.8696625989501,0.0,0.0,0.0,7.720940189363674,47.77777777777778,0.2990556138509968,7790.3999219881725,9,7.744336128234863,0.1,0.5
paper,100,1500000.0,1,1,exclude,launch,0,0.0,prior,0.0,sa,12600.0,43200.0,3308442.9271764252,0,1968683.2621790562,1339759.664997369,0,0,0.0,0,3.2016736478980556,13.963738368492287,12160.132397085683,1406.0085573079878,8.648690176088303,2.037371958168296,322.84217387817745,0.0,0.08333333333333333,0.0,7.687662912492822,50.666666666666664,0.3261571582346609,7314.548262242546,9,8.045342206954956,0.1,0.5
paper,100,1500000.0,1,4,exclude,launch,0,0.0,prior,0.0,sa,12600.0,43200.0,3792361.2895215503,0,2227454.4394599283,1564906.850061622,0,0,0.0,0,3.292092011563452,5.903239923017326,11816.995351132427,3320.600309615452,3.558692480065725,2.040576838175223,324.84004684402333,0.0,0.16666666666666666,0.0,7.626514665444343,52.55555555555556,0.3408856848609681,6995.568108822141,9,8.44070816040039,0.1,0.5
paper,100,1500000.0,1,2,exclude,launch,0,0.0,prior,0.0,sa,12600.0,43200.0,3406334.9731893027,0,2074155.49792233,1332179.4752669728,0,0,0.0,0,3.117753420943041,9.794556586100699,12496.417644183362,2002.4289711471977,6.240629667390462,2.0394736174781194,324.15162042991415,0.0,0.08333333333333333,0.0,7.636322923522464,54.666666666666664,0.35783783783783785,6734.0634323414915,9,8.578708410263062,0.1,0.5
paper,100,1500000.0,1,3,exclude,launch,0,0.0,prior,0.0,sa,12600.0,43200.0,3325742.3246941054,0,1947290.864867167,1378451.4598269386,0,0,0.0,0,3.3299245909325217,12.957016882316404,11678.950701242442,1514.758904224918,7.710105330074561,2.038034129746947,323.2544563558507,0.0,0.08333333333333333,0.0,7.681166833348589,56.22222222222222,0.337953091684435,6586.196767031659,9,8.974416494369507,0.1,0.5
paper,100,1500000.0,2,5,exclude,launch,0,0.0,prior,0.0,sa,12600.0,43200.0,1815391.812142401,0,1054865.4507071476,760526.3614352535,0,0,0.0,0,3.2062187004151816,8.873565463678966,12142.421983925684,2228.072841222696,5.449741929111396,2.023170336587868,314.0632613019993,0.0,0.06521739130434782,0.0,3.9854137510462193,25.88235294117647,0.5483528161530287,3774.7264384534924,34,15.650875091552734,0.1,0.5
paper,100,1500000.0,2,4,exclude,launch,0,0.0,prior,0.0,sa,12600.0,43200.0,2171102.0931004127,0,1218136.334265173,952965.7588352397,0,0,0.0,0,3.292092011563452,5.090114017000416,11816.995351132427,3879.859765926757,3.045727439664247,2.0254263334298637,315.4497495874244,0.0,0.06521739130434782,0.0,3.989417935587985,25.147058823529413,0.5479591836734694,3844.130282793604,34,16.29741096496582,0.1,0.5
paper,100,1500000.0,1,6,exclude,launch,0,0.0,prior,0.0,sa,12600.0,43200.0,3311328.476081047,0,1985720.199967633,1325608.276113414,0,0,0.0,0,3.5572092847144674,12.902306549906214,10911.436596814521,1521.0472694329803,7.17363412438991,2.0382146757844284,323.3669139042496,0.0,0.08333333333333333,0.0,7.66286703650468,53.55555555555556,0.34243697478991597,6897.667760458562,9,8.597928524017334,0.1,0.5
paper,100,1500000.0,2,1,exclude,launch,0,0.0,prior,0.0,sa,12600.0,43200.0,1570115.37359696,0,915505.6503606215,654609.7232363386,0,0,0.0,0,3.2016736478980556,15.741110917864715,12160.132397085683,1256.7983138754,9.6754843341485,2.021896976427349,313.28202912940736,0.0,0.043478260869565216,0.0,3.9800919412742983,28.941176470588236,0.5942184154175589,3382.090452722045,34,17.25014877319336,0.1,0.5
paper,100,1500000.0,2,2,exclude,launch,0,0.0,prior,0.0,sa,12600.0,43200.0,1755023.9127601606,0,1042894.7351333202,712129.1776268404,0,0,0.0,0,3.117753420943041,7.919136213506312,12496.417644183362,2496.0578434790314,5.006461559707176,2.023613335652251,314.33527827753846,0.0,0.06521739130434782,0.0,3.9888280653527644,28.941176470588236,0.5888051668460711,3380.8214139359343,34,17.792147636413574,0.1,0.5
paper,100,1500000.0,4,4,exclude,launch,0,0.0,prior,0.0,sa,12600.0,43200.0,4528339.664810752,0,3594929.563798021,933410.1010127305,0,17,0.696564940052489,17,3.292092011563452,3.837066339422406,11816.995351132427,5166.810170538128,2.2870968665569684,2.01761444113915,310.66174524448337,0.0,0.022598870056497175,0.005649717514124294,2.0360175915984824,7.578947368421052,0.5397316821465429,3287.3981915333325,133,17.95814847946167,0.1,0.5
paper,100,1500000.0,3,4,exclude,launch,0,0.0,prior,0.0,sa,12600.0,43200.0,1948560.110449817,0,1089880.2732420228,858679.8372077942,0,0,0.0,0,3.292092011563452,4.539464188768725,11816.995351132427,4361.604056586587,2.70932326681218,2.020268809425327,312.28453304585224,0.0,0.01,0.0,2.717234299805789,13.58108108108108,0.5928934010152285,3322.4555858099825,74,18.18366265296936,0.1,0.5
paper,100,1500000.0,2,3,exclude,launch,0,0.0,prior,0.0,sa,12600.0,43200.0,1644506.7908886112,0,974129.5047988775,670377.2860897336,0,0,0.0,0,3.3299245909325217,11.626890387660124,11678.950701242442,1701.4279593122435,6.864205232623157,2.0220078994122943,313.3500439383391,0.0,0.06521739130434782,0.0,3.989074838977466,30.176470588235293,0.5556711758584808,3231.56246352968,34,18.487396478652954,0.1,0.5
paper,100,1500000.0,5,4,exclude,launch,0,0.0,prior,0.0,sa,12600.0,43200.0,8584513.866121605,0,7145881.132301782,1438632.7338198235,0,44,0.9314336155000484,49,3.292092011563452,3.9499932265246294,11816.995351132427,5032.1163955423235,2.3483151863499137,2.012393761913792,307.4823387485879,0.0,0.0036496350364963502,0.0,1.6402837627797937,5.088235294117647,0.42857142857142855,3170.209924631736,204,21.257874488830566,0.1,0.5
paper,100,1500000.0,3,1,exclude,launch,0,0.0,prior,0.0,sa,12600.0,43200.0,1191659.1244557013,0,726882.45882487,464776.66563083144,0,0,0.0,0,3.2016736478980556,10.56024688451941,12160.132397085683,1878.5352333967699,6.473199001488897,2.0163530419731615,309.89205177842985,0.0,0.039603960396039604,0.0,2.712582676382575,17.527027027027028,0.6825053995680346,2517.9300560002143,74,22.67713236808777,0.1,0.5
paper,100,1500000.0,3,2,exclude,launch,0,0.0,prior,0.0,sa,12600.0,43200.0,1292869.5529004575,0,802295.9853835728,490573.56751688477,0,0,0.0,0,3.117753420943041,6.311023792301007,12496.417644183362,3140.6352102015085,3.9789459162885623,2.018099982088616,310.9582720586519,0.0,0.019801980198019802,0.0,2.712708494700105,17.84,0.6739130434782609,2508.766314218096,75,23.327805280685425,0.1,0.5
paper,100,1500000.0,3,3,exclude,launch,0,0.0,prior,0.0,sa,12600.0,43200.0,1203045.8116824809,0,748598.222523103,454447.5891593779,0,0,0.0,0,3.3299245909325217,9.82500431867239,11678.950701242442,2019.8887760744842,5.781977126453311,2.015578817015882,309.42010007141374,0.0,0.05,0.0,2.7129327496065274,18.33783783783784,0.6585365853658537,2457.725041398433,74,23.96802258491516,0.1,0.5
paper,100,1500000.0,4,1,exclude,launch,0,0.0,prior,0.0,sa,12600.0,43200.0,1443461.251757714,0,1015397.4988248704,428063.7529328436,0,3,0.31691292788594244,3,3.2016736478980556,8.86660609911737,12160.132397085683,2240.9512715282863,5.426326110514979,2.0131223151643463,307.9250476451893,0.0,0.022727272727272728,0.0,2.0489253959560023,11.886363636363637,0.6826608505997819,2115.1144605216414,132,24.62044072151184,0.1,0.5
paper,100,1500000.0,4,3,exclude,launch,0,0.0,prior,0.0,sa,12600.0,43200.0,1953370.2695016805,0,1486649.2592696657,466721.0102320148,0,6,0.47411641821208755,7,3.3299245909325217,7.99566509865188,11678.950701242442,2485.931665763185,4.698017593197593,2.0124088087829315,307.4914788303823,0.0,0.017045454545454544,0.0,2.045776653916703,11.931818181818182,0.6519871106337272,2101.985373254591,132,24.879948616027832,0.1,0.5
paper,100,1500000.0,2,6,exclude,launch,0,0.0,prior,0.0,sa,12600.0,43200.0,1770459.448238802,0,1059405.585229046,711053.863009756,0,0,0.0,0,3.5572092847144674,10.513124083891707,10911.436596814521,1880.6219948245653,5.802036042778709,2.0231435087581953,314.04679185420935,0.0,0.021739130434782608,0.0,3.994188259360816,27.235294117647058,0.5475444096133751,3606.7491883334965,34,16.841965198516846,0.1,0.5
paper,100,1500000.0,4,2,exclude,launch,0,0.0,prior,0.0,sa,12600.0,43200.0,1931383.0949820888,0,1459015.2810089767,472367.81397311203,0,5,0.4984824358110034,6,3.117753420943041,5.954622854901063,12496.417644183362,3333.914969944347,3.748271253718257,2.014889400363408,309.0001484909993,0.0,0.011235955056179775,0.0,2.034579219176568,12.06766917293233,0.7026143790849673,2078.239249882313,133,26.076406002044678,0.1,0.5
paper,100,1500000.0,1,7,exclude,launch,0,0.0,prior,0.0,sa,12600.0,43200.0,3464628.6313034403,0,1964574.7466345693,1500053.8846688708,0,0,0.0,0,3.511051372597995,14.299967306400527,11059.265565156178,1371.312568090855,8.064729969297165,2.0398042411734796,324.3578579887069,0.0,0.08333333333333333,0.0,7.619402504079857,54.888888888888886,0.34511434511434513,6691.939217411176,9,8.422258138656616,0.1,0.5
paper,100,1500000.0,3,5,exclude,launch,0,0.0,prior,0.0,sa,12600.0,43200.0,1578764.9056601345,0,919006.3546931585,659758.550966976,0,0,0.0,0,3.2062187004151816,6.5820320964714485,12142.421983925684,3011.4792875638564,4.032045657451068,2.0179951357678485,310.89422893410006,0.0,0.010101010101010102,0.0,2.7185295669490364,15.054794520547945,0.6012931034482759,2978.654100360179,73,19.42433214187622,0.1,0.5
paper,100,1500000.0,4,5,exclude,launch,0,0.0,prior,0.0,sa,12600.0,43200.0,3361271.99113833,0,2435326.3174895733,925945.6736487572,0,11,0.5684697001608834,12,3.2062187004151816,5.1529399903571855,12142.421983925684,3852.0297205548627,3.1522139923096537,2.0151866490031605,309.1811796942799,0.0,0.017045454545454544,0.0,2.05129957357411,7.946969696969697,0.5212765957446809,3160.028679643493,132,19.325157165527344,0.1,0.5
paper,100,1500000.0,5,1,exclude,launch,0,0.0,prior,0.0,sa,12600.0,43200.0,2924520.9074251805,0,2371765.6714857873,552755.2359393933,0,14,0.7447223886796295,16,3.2016736478980556,7.588804408707608,12160.132397085683,2621.425535855071,4.638747975390888,2.0107084638866737,306.45947969164786,0.0,0.0036496350364963502,0.0,1.6383038652763777,8.372549019607844,0.6270627062706271,1915.5751726617348,204,29.421282052993774,0.1,0.5
paper,100,1500000.0,5,2,exclude,launch,0,0.0,prior,0.0,sa,12600.0,43200.0,3926135.149517666,0,3277996.8478553137,648138.3016623523,0,18,0.8494897573832254,21,3.117753420943041,5.527565800295316,12496.417644183362,3594.9944461203945,3.4760603476506353,2.01292617121047,307.8058284969306,0.0,0.0036496350364963502,0.0,1.6407637300716837,8.77450980392157,0.6432491767288694,1835.051642996309,204,30.40908432006836,0.1,0.5
paper,100,1500000.0,5,3,exclude,launch,0,0.0,prior,0.0,sa,12600.0,43200.0,4499943.392099188,0,3843582.8947369144,656360.4973622728,0,24,0.8913824389017155,25,3.3299245909325217,7.49140248869773,11678.950701242442,2657.2415965174905,4.395140704009963,2.0093973173666093,305.66488329207215,0.0,0.010948905109489052,0.0,1.6458928431160325,9.15609756097561,0.6030204962243797,1768.1970602463289,205,31.14783549308777,0.1,0.5
paper,100,1500000.0,1,8,exclude,launch,0,0.0,prior,0.0,sa,12600.0,43200.0,3452517.9741244367,0,2068384.7525858085,1384133.221538628,0,0,0.0,0,3.524607101055508,10.01611378384521,11015.449340350002,1957.5857559428061,5.6270583839862365,2.0400459309587844,324.5086615511774,0.0,0.0,0.0,7.640268647101098,51.22222222222222,0.3533487297921478,7190.609834030191,9,8.169030904769897,0.1,0.5
paper,100,1500000.0,5,5,exclude,launch,0,0.0,prior,0.0,sa,12600.0,43200.0,5861238.990463717,0,4858096.564116297,1003142.4263474194,0,32,0.9042868650166459,35,3.2062187004151816,5.910374142363525,12142.421983925684,3366.355552093633,3.6069933184490757,2.0104118415968113,306.27962689171795,0.0,0.0,0.0,1.6307419050325507,6.70873786407767,0.5,2387.339811193539,206,25.230388879776,0.1,0.5
paper,100,1500000.0,1,9,exclude,launch,0,0.0,prior,0.0,sa,12600.0,43200.0,3571128.522626643,0,2044855.1130949694,1526273.4095316739,0,0,0.0,0,3.2445234343246208,11.636137338723776,11995.133638681738,1687.0294241349268,7.110210093005693,2.037644870174071,323.01206297956924,0.0,0.16666666666666666,0.0,7.713540588364687,51.111111111111114,0.3377630121816168,7275.351116106185,9,8.214813232421875,0.1,0.5
paper,100,1500000.0,2,7,exclude,launch,0,0.0,prior,0.0,sa,12600.0,43200.0,1686616.4929959609,0,965745.0448471952,720871.4481487657,0,0,0.0,0,3.511051372597995,15.684128358455878,11059.265565156178,1260.5094723346763,8.773647329022092,2.0232683588998723,314.12344029769133,0.0,0.06521739130434782,0.0,3.972622615063209,30.0,0.5776850886339937,3229.634201703659,34,18.42159152030945,0.1,0.5
paper,100,1500000.0,3,6,exclude,launch,0,0.0,prior,0.0,sa,12600.0,43200.0,1372381.7117843179,0,863999.7093750753,508382.0024092424,0,0,0.0,0,3.5572092847144674,7.726930814086364,10911.436596814521,2566.0928524923884,4.2521596933706,2.0173469715581893,310.49845816158586,0.0,0.03,0.0,2.7083767493156583,16.266666666666666,0.6178686759956943,2729.924966636337,75,21.544475555419922,0.1,0.5
paper,100,1500000.0,4,6,exclude,launch,0,0.0,prior,0.0,sa,12600.0,43200.0,2101870.1606275043,0,1519737.0550034808,582133.1056240237,0,6,0.34569678392128333,6,3.5572092847144674,5.64739858534836,10911.436596814521,3514.6871611267165,3.1045256936371546,2.0152311876793796,309.2083093310651,0.0,0.017045454545454544,0.0,2.0449988808284485,9.580152671755725,0.6125933831376734,2615.442109728313,131,22.014177799224854,0.1,0.5
paper,100,1500000.0,1,10,exclude,launch,0,0.0,prior,0.0,sa,12600.0,43200.0,3500902.138902172,0,2091323.6257649257,1409578.5131372462,0,0,0.0,0,3.433960223544934,10.01573146069529,11315.025236966976,1958.449312352541,5.777543062054064,2.0392242342644007,323.9961027247289,0.0,0.08333333333333333,0.0,7.661598005528773,53.0,0.3233404710920771,6968.81607568545,9,8.309528589248657,0.1,0.5
paper,100,1500000.0,3,7,exclude,launch,0,0.0,prior,0.0,sa,12600.0,43200.0,1352213.9825657064,0,821469.9557815173,530744.026784189,0,0,0.0,0,3.511051372597995,9.453608824708173,11059.265565156178,2097.5694780198723,5.272419188515387,2.0171862932931006,310.40038657900726,0.0,0.03,0.0,2.705100144022203,16.93243243243243,0.6451271186440678,2654.9751647735497,74,22.565468549728394,0.1,0.5
paper,100,1500000.0,2,8,exclude,launch,0,0.0,prior,0.0,sa,12600.0,43200.0,1699837.120756877,0,985874.1616192282,713962.9591376487,0,0,0.0,0,3.524607101055508,8.785832653125395,11015.449340350002,2249.943413920326,4.89587839062875,2.0235105300562326,314.27214154079707,0.0,0.043478260869565216,0.0,3.992028648132154,28.058823529411764,0.619102416570771,3473.3363412867607,34,17.466620683670044,0.1,0.5
paper,100,1500000.0,4,7,exclude,launch,0,0.0,prior,0.0,sa,12600.0,43200.0,2640414.883136629,0,2014635.456991012,625779.4261456172,0,10,0.5833207875094994,10,3.511051372597995,8.270561774358123,11059.265565156178,2402.7170065064906,4.602816534451621,2.0129007383393063,307.79037171849376,0.0,0.01694915254237288,0.0,2.0502166491195544,11.022727272727273,0.6436058700209644,2286.824004752197,132,23.92299461364746,0.1,0.5
paper,100,1500000.0,2,9,exclude,launch,0,0.0,prior,0.0,sa,12600.0,43200.0,1794998.7933665803,0,1048660.2269155574,746338.566451023,0,0,0.0,0,3.2445234343246208,9.57015595141506,11995.133638681738,2067.21659270887,5.802552901804729,2.0218782208058563,313.27052944720276,0.0,0.043478260869565216,0.0,3.9712328488830133,26.294117647058822,0.5723756906077349,3657.072842577448,34,15.928950071334839,0.1,0.5
paper,100,1500000.0,5,6,exclude,launch,0,0.0,prior,0.0,sa,12600.0,43200.0,4767438.876769337,0,4046986.353371643,720452.5233976938,0,25,0.854399447361122,28,3.5572092847144674,5.785359443373131,10911.436596814521,3438.1118610200206,3.1736712003248524,2.0109887541889857,306.62947832897913,0.0,0.0072992700729927005,0.0,1.6363428011094827,7.495145631067961,0.5834230355220668,2144.675537690054,206,27.286723136901855,0.1,0.5
paper,100,1500000.0,3,9,exclude,launch,0,0.0,prior,0.0,sa,12600.0,43200.0,1893206.2374414532,0,1095200.8893173349,798005.3481241182,0,0,0.0,0,3.2445234343246208,6.4776288196001826,11995.133638681738,3061.5274266606007,3.9180225968988234,2.0169994436706062,310.28636052789676,0.0,0.02,0.0,2.716290821314242,13.094594594594595,0.58157602663707,3433.9949819631674,74,17.32637333869934,0.1,0.5
paper,100,1500000.0,1,11,exclude,launch,0,0.0,prior,0.0,sa,12600.0,43200.0,3347029.9515132434,0,1919442.3321860891,1427587.6193271542,0,0,0.0,0,3.4222468827215935,13.36336659425043,11354.89412972725,1468.0825426371225,7.7345066097785,2.038889242496948,323.7872574527646,0.0,0.16666666666666666,0.0,7.642932023280259,51.666666666666664,0.3263964950711939,7131.240189783588,9,7.879807233810425,0.1,0.5
paper,100,1500000.0,3,8,exclude,launch,0,0.0,prior,0.0,sa,12600.0,43200.0,1284914.3899779161,0,782037.246736344,502877.1432415722,0,0,0.0,0,3.524607101055508,7.539182418914674,11015.449340350002,2629.7781779795696,4.188737070140666,2.0175143034336243,310.6006073076039,0.0,0.039603960396039604,0.0,2.7005543870084088,16.72972972972973,0.6794425087108014,2636.836469872833,74,22.607929229736328,0.1,0.5
paper,100,1500000.0,4,9,exclude,launch,0,0.0,prior,0.0,sa,12600.0,43200.0,5135056.555225638,0,4069078.5418994715,1065978.0133261667,0,24,0.7907765260018109,25,3.2445234343246208,5.277448662176992,11995.133638681738,3766.6487220781974,3.184563925054202,2.0122449877306536,307.3919745557492,0.0,0.017045454545454544,0.005681818181818182,2.0522212778766353,7.511450381679389,0.4859075535512965,3371.995070967553,131,18.287598133087158,0.1,0.5
paper,100,1500000.0,4,8,exclude,launch,0,0.0,prior,0.0,sa,12600.0,43200.0,1775980.2348401416,0,1264469.4877095479,511510.74713059363,0,4,0.2711118401618673,5,3.524607101055508,5.611155415590922,11015.449340350002,3536.709467212097,3.114603968030548,2.0156183736852,309.4442042900913,0.0,0.011363636363636364,0.0,2.0485620827119755,9.848484848484848,0.6729191090269636,2558.5054937340465,132,23.12893271446228,0.1,0.5
paper,100,1500000.0,5,7,exclude,launch,0,0.0,prior,0.0,sa,12600.0,43200.0,5203287.58771892,0,4374272.738300862,829014.8494180584,0,27,0.8873256842568749,28,3.511051372597995,7.326879406654694,11059.265565156178,2716.3765533827523,4.071330078071789,2.009791358851278,305.90357652321313,0.0,0.0072992700729927005,0.0,1.6344124071822776,7.965853658536585,0.582089552238806,2011.288675514107,205,28.224316120147705,0.1,0.5
paper,100,1500000.0,2,10,exclude,launch,0,0.0,prior,0.0,sa,12600.0,43200.0,1641915.6987096032,0,942772.2560311351,699143.4426784681,0,0,0.0,0,3.433960223544934,9.333714226017323,11315.025236966976,2118.347535204741,5.341439517795349,2.0230577475737967,313.99414646123114,0.0,0.08695652173913043,0.0,3.981321947208731,31.647058823529413,0.6068012752391073,3077.8900185906664,34,19.011327505111694,0.1,0.5
paper,100,1500000.0,6,6,exclude,launch,0,0.0,prior,0.0,sa,12600.0,43200.0,7634903.312013935,0,6559235.006264033,1075668.305749903,0,44,0.9657523448776905,49,3.5572092847144674,7.068275706256892,10911.436596814521,2819.9660091806472,3.869350396881161,2.006793272650862,304.0898081565097,0.0,0.0,0.0,1.366963646503133,6.228668941979522,0.468682505399568,1802.1226451894684,293,34.17476034164429,0.1,0.5
paper,100,1500000.0,1,12,exclude,launch,0,0.0,prior,0.0,sa,12600.0,43200.0,3641275.460208527,0,2054946.7425152175,1586328.7176933093,0,0,0.0,0,3.488639595707385,13.016540417133868,11132.45408971209,1508.097410269424,7.3817871537378075,2.037675510289186,323.03113939617685,0.0,0.16666666666666666,0.0,7.6632506620018805,55.55555555555556,0.36129753914988816,6649.684607043394,9,8.865881443023682,0.1,0.5
paper,100,1500000.0,5,9,exclude,launch,0,0.0,prior,0.0,sa,12600.0,43200.0,8930236.955019949,0,7474964.824197351,1455272.1308225982,0,48,0.9639159006810073,50,3.2445234343246208,6.158691865401084,11995.133638681738,3236.3247159226553,3.7064060907318455,2.0068708533245134,304.13667458233016,0.0,0.0035971223021582736,0.0,1.6207769717087643,6.1352657004830915,0.3939051918735892,2594.4805854735046,207,23.980877161026,0.1,0.5
paper,100,1500000.0,5,8,exclude,launch,0,0.0,prior,0.0,sa,12600.0,43200.0,4105017.550538109,0,3487291.6133842254,617725.9371538834,0,24,0.8742057155854794,24,3.524607101055508,6.38861543631594,11015.449340350002,3113.687994970902,3.537749883142336,2.010842948934903,306.5410402234232,0.0,0.01090909090909091,0.0,1.6279813596726125,8.145631067961165,0.6448598130841121,1954.0543371170802,206,28.799581289291382,0.1,0.5
paper,100,1500000.0,2,11,exclude,launch,0,0.0,prior,0.0,sa,12600.0,43200.0,1687533.955010438,0,980098.4048831797,707435.5501272584,0,0,0.0,0,3.4222468827215935,8.807057013329885,11354.89412972725,2244.3280072108073,5.059373715983172,2.02368472886983,314.3791272363893,0.0,0.10869565217391304,0.0,4.004516714976837,26.441176470588236,0.5674217907227616,3708.6020200430253,34,16.369327068328857,0.1,0.5
paper,100,1500000.0,3,10,exclude,launch,0,0.0,prior,0.0,sa,12600.0,43200.0,1381225.0439025573,0,818743.8306310951,562481.2132714621,0,0,0.0,0,3.433960223544934,6.864174608078594,11315.025236966976,2887.9716581502516,3.9179834764078882,2.017802900987599,310.77682357763143,0.0,0.06,0.0,2.712262447257054,17.22972972972973,0.6547231270358306,2613.395039462081,74,22.812108755111694,0.1,0.5
paper,100,1500000.0,4,10,exclude,launch,0,0.0,prior,0.0,sa,12600.0,43200.0,2370664.475813228,0,1774939.930120835,595724.5456923929,0,6,0.5148571079519563,6,3.433960223544934,5.645356399901653,11315.025236966976,3517.1473382759104,3.217102995325055,2.0145500641134113,308.7935497777581,0.0,0.011299435028248588,0.0,2.047035824281754,10.318181818181818,0.6431670281995662,2425.1191329352823,132,23.105721712112427,0.1,0.5
paper,100,1500000.0,6,7,exclude,launch,0,0.0,prior,0.0,sa,12600.0,43200.0,8046349.845935205,0,6830003.887904421,1216345.9580307838,0,41,0.9691698142469573,44,3.511051372597995,7.384218484502262,11059.265565156178,2698.84910798897,4.097770984090666,2.0071362253151017,304.29701290258555,0.0,0.0,0.0,1.3596701437114727,6.777027027027027,0.49361702127659574,1644.1100479081192,296,36.007837772369385,0.1,0.5
paper,100,1500000.0,2,12,exclude,launch,0,0.0,prior,0.0,sa,12600.0,43200.0,1881672.7359245934,0,1109728.7494782638,771943.9864463295,0,0,0.0,0,3.488639595707385,12.111810009531796,11132.45408971209,1633.8236248023045,6.813742879412174,2.0213697866919347,312.9588723501386,0.0,0.043478260869565216,0.0,3.9958073768578855,27.529411764705884,0.5980176211453745,3518.450572142339,34,17.01896619796753,0.1,0.5
paper,100,1500000.0,3,11,exclude,launch,0,0.0,prior,0.0,sa,12600.0,43200.0,1258381.8773981929,0,775667.0695788899,482714.80781930295,0,0,0.0,0,3.4222468827215935,7.620064637356319,11354.89412972725,2601.4558325078233,4.364822953300362,2.0178314153012975,310.7942369922725,0.0,0.02,0.0,2.7180192176011038,16.386666666666667,0.6612200435729847,2727.6097913907915,75,21.334430694580078,0.1,0.5
paper,100,1500000.0,6,8,exclude,launch,0,0.0,prior,0.0,sa,12600.0,43200.0,5734595.494764171,0,4986907.209416832,747688.2853473386,0,34,0.9476847522361641,35,3.524607101055508,6.5136009193407745,11015.449340350002,3056.888242065682,3.603484480972176,2.0089044626180277,305.3664644071713,0.0,0.0,0.0,1.3505294353518984,6.805369127516778,0.600470035252644,1623.3772984846717,298,36.2976655960083,0.1,0.5
paper,100,1500000.0,5,10,exclude,launch,0,0.0,prior,0.0,sa,12600.0,43200.0,4459292.773565826,0,3690678.236348562,768614.5372172644,0,22,0.8327636820479906,26,3.433960223544934,5.447817996055742,11315.025236966976,3649.010598448833,3.1008474576031397,2.0121589122960772,307.3396991221133,0.0,0.007352941176470588,0.0,1.649872751276032,7.47029702970297,0.581798483206934,2171.3089564672637,202,26.911842107772827,0.1,0.5
paper,100,1500000.0,4,11,exclude,launch,0,0.0,prior,0.0,sa,12600.0,43200.0,2262999.0405141828,0,1801224.090940307,461774.94957387575,0,11,0.6407985980025122,11,3.4222468827215935,6.366112857528263,11354.89412972725,3119.662948063711,3.6397823478895117,2.0140858715927523,308.5110464892098,0.0,0.011299435028248588,0.0,2.041861640084202,11.174242424242424,0.6696035242290749,2244.7617564116363,132,23.885138034820557,0.1,0.5
paper,100,1500000.0,3,12,exclude,launch,0,0.0,prior,0.0,sa,12600.0,43200.0,1484781.7540656023,0,908847.443881466,575934.3101841364,0,0,0.0,0,3.488639595707385,8.261850115339268,11132.45408971209,2401.075272989917,4.636445268893842,2.0164010003301898,309.92129804166314,0.0,0.03,0.0,2.723830413289693,16.635135135135137,0.664071190211346,2730.5416635336887,74,21.57512903213501,0.1,0.5
paper,100,1500000.0,4,12,exclude,launch,0,0.0,prior,0.0,sa,12600.0,43200.0,3135163.999100585,0,2523473.8181177513,611690.1809828335,0,13,0.6496114367025247,14,3.488639595707385,6.836756212759811,11132.45408971209,2907.3693812032116,3.829047028453239,2.0123785753178502,307.47311392877987,0.0,0.03409090909090909,0.0,2.05845595453122,10.424242424242424,0.6366666666666667,2416.645959580452,132,22.986265897750854,0.1,0.5
paper,100,1500000.0,5,11,exclude,launch,0,0.0,prior,0.0,sa,12600.0,43200.0,3499497.9787985426,0,2983570.9496585047,515927.0291400381,0,21,0.8455239824836008,21,3.4222468827215935,6.1399216334982265,11354.89412972725,3238.156617633611,3.5065920122249095,2.0118672130943267,307.16257708058384,0.0,0.007246376811594203,0.0,1.6317357634782466,8.029126213592233,0.6504961411245865,1982.3619705480062,206,28.09275507926941,0.1,0.5
paper,100,1500000.0,6,10,exclude,launch,0,0.0,prior,0.0,sa,12600.0,43200.0,7705285.900246602,0,6582444.137182429,1122841.763064172,0,41,0.9614907983400589,42,3.433960223544934,6.0247054773117865,11315.025236966976,3305.8687759485797,3.4227085234864667,2.008346111880121,305.0285644031273,0.0,0.0025252525252525255,0.0,1.3588569759901619,6.300675675675675,0.49291166848418755,1766.9794955294217,296,34.287516355514526,0.1,0.5
paper,100,3000000.0,3,1,exclude,launch,0,0.0,prior,0.0,sa,12600.0,43200.0,1257580.2977688664,0,734611.891721221,522968.4060476454,0,0,0.0,0,6.403347295796111,25.49406230957973,12160.132397085683,1557.5245101722135,7.807345770591535,2.0147262937484056,308.9008353673125,0.0,0.09803921568627451,0.0,5.380222448075969,34.388888888888886,0.683695652173913,2551.0569904991457,36,22.864217281341553,0.1,0.5
paper,100,1500000.0,6,11,exclude,launch,0,0.0,prior,0.0,sa,12600.0,43200.0,5545417.421938675,0,4773719.626952364,771697.7949863117,0,35,0.9464307926810849,39,3.4222468827215935,6.063890045170429,11354.89412972725,3282.0899321993643,3.459653563520184,2.0098247805057277,305.92382619703227,0.0,0.002544529262086514,0.0,1.376128356783938,6.244897959183674,0.565600882028666,1795.4134978189838,294,33.61618733406067,0.1,0.5
paper,100,1500000.0,5,12,exclude,launch,0,0.0,prior,0.0,sa,12600.0,43200.0,4562635.822358394,0,3938374.1083873333,624261.71397106,0,26,0.8715732082754043,27,3.488639595707385,7.4605437834763295,11132.45408971209,2668.9990321774794,4.171022153061545,2.008820314414236,305.3155280324512,0.0,0.0,0.0,1.6357146541244223,8.439024390243903,0.6527621195039459,1901.1584564966122,205,29.103925704956055,0.1,0.5
paper,100,3000000.0,4,1,exclude,launch,0,0.0,prior,0.0,sa,12600.0,43200.0,794926.4303707368,0,516858.75346831576,278067.676902421,0,0,0.0,0,6.403347295796111,24.05767651475828,12160.132397085683,1653.217446087684,7.355434353697674,2.0114364985947257,306.9011372068676,0.0,0.03333333333333333,0.0,4.059559544958847,27.59090909090909,0.767416934619507,1838.961954164842,66,32.38528084754944,0.1,0.5
paper,100,3000000.0,3,2,exclude,launch,0,0.0,prior,0.0,sa,12600.0,43200.0,1205895.9755915366,0,718100.101496998,487795.8740945386,0,0,0.0,0,6.235506841886082,15.64577116888359,12496.417644183362,2537.46864957839,4.924757453164866,2.0150801627444466,309.1163210391878,0.0,0.17647058823529413,0.0,5.366002968816776,38.513513513513516,0.6870967741935484,2378.948855742905,37,25.822017669677734,0.1,0.5
paper,100,1500000.0,6,12,exclude,launch,0,0.0,prior,0.0,sa,12600.0,43200.0,7081916.127479312,0,6134850.532081111,947065.5953982009,0,40,0.9619211309901471,41,3.488639595707385,8.284612497385496,11132.45408971209,2406.690073688548,4.625628456035569,2.00616950669842,303.7131228629226,0.0,0.0,0.0,1.3607484099776217,7.305084745762712,0.5954802259887005,1519.3916048499793,295,37.12859487533569,0.1,0.5
paper,100,3000000.0,5,1,exclude,launch,0,0.0,prior,0.0,sa,12600.0,43200.0,650653.7506916049,0,425364.5834849843,225289.1672066207,0,0,0.0,0,6.403347295796111,21.777386367496486,12160.132397085683,1828.092967486737,6.65181290741654,2.0094904784670344,305.7213078346805,0.0,0.04285714285714286,0.0,3.2663361654146112,21.466666666666665,0.799140708915145,1496.8935886340353,105,38.44439935684204,0.1,0.5
paper,100,3000000.0,4,2,exclude,launch,0,0.0,prior,0.0,sa,12600.0,43200.0,853930.1522204747,0,556282.7982590803,297647.35396139434,0,0,0.0,0,6.235506841886082,13.977971897705967,12496.417644183362,2844.455117597351,4.393255343307653,2.0120869231485443,307.2959820024864,0.0,0.12359550561797752,0.0,4.0620090702582425,27.615384615384617,0.7483801295896328,1838.169290197665,65,32.82251238822937,0.1,0.5
paper,100,3000000.0,7,1,exclude,launch,0,0.0,prior,0.0,sa,12600.0,43200.0,814566.3525646923,0,665017.0466893007,149549.3058753917,0,2,0.4679587326976795,2,6.403347295796111,18.125102580228575,12160.132397085683,2198.9444925972393,5.529986062869184,2.0072212546293926,304.3483967331623,0.0,0.03333333333333333,0.003703703703703704,2.3311506398987447,13.685,0.8209606986899564,1198.091674204912,200,40.63089442253113,0.1,0.5
paper,100,3000000.0,3,3,exclude,launch,0,0.0,prior,0.0,sa,12600.0,43200.0,1174083.762574987,0,715076.3700858554,459007.3924891317,0,0,0.0,0,6.659849181865043,22.674423307540103,11678.950701242442,1751.660986007773,6.667357893184598,2.0142050457282377,308.583562434185,0.0,0.09803921568627451,0.0,5.3767434356457455,38.08108108108108,0.6783068783068783,2402.3728114856426,37,25.13050651550293,0.1,0.5
paper,100,3000000.0,6,1,exclude,launch,0,0.0,prior,0.0,sa,12600.0,43200.0,510761.6394483656,0,368160.2331033508,142601.40634501484,0,0,0.0,0,6.403347295796111,18.952218555208624,12160.132397085683,2101.7829782441177,5.785627023796987,2.008362300488554,305.0383587139708,0.0,0.030303030303030304,0.0,2.740627281464337,17.346938775510203,0.8161044613710555,1309.5634682667653,147,42.16940903663635,0.1,0.5
paper,100,3000000.0,8,1,exclude,launch,0,0.0,prior,0.0,sa,12600.0,43200.0,864608.0434254144,0,718067.24212563,146540.8012997843,0,3,0.5180166246747883,3,6.403347295796111,15.813515697017849,12160.132397085683,2520.9831801413843,4.823567444985375,2.0067422983730907,304.05901660006003,0.0,0.008547008547008548,0.0,2.0493772855302153,11.011406844106464,0.8118811881188119,1142.322391448366,263,44.77418804168701,0.1,0.5
paper,100,3000000.0,5,2,exclude,launch,0,0.0,prior,0.0,sa,12600.0,43200.0,674786.6207532755,0,467699.5497542501,207087.07099902537,0,0,0.0,0,6.235506841886082,13.242642097606842,12496.417644183362,3005.1519481107734,4.158331378897294,2.010244623841584,306.1782600002469,0.0,0.05,0.0,3.2718250427709568,21.2,0.8095238095238095,1516.0856339181869,105,38.31591868400574,0.1,0.5
paper,100,3000000.0,7,2,exclude,launch,0,0.0,prior,0.0,sa,12600.0,43200.0,847521.0103774156,0,692783.373450587,154737.6369268286,0,2,0.41893742623702535,2,6.235506841886082,11.511570619880612,12496.417644183362,3460.2291412907507,3.6114422293784543,2.0084015392467096,305.0620993065399,0.0,0.018518518518518517,0.0,2.3419009686126095,13.225,0.8217391304347826,1248.949804117323,200,41.150102853775024,0.1,0.5
paper,100,3000000.0,4,3,exclude,launch,0,0.0,prior,0.0,sa,12600.0,43200.0,872213.8824246328,0,552818.8083654514,319395.0740591813,0,0,0.0,0,6.659849181865043,23.167720726996425,11678.950701242442,1717.0335100884065,6.801818737155058,2.0110733297041747,306.6807834117262,0.0,0.06741573033707865,0.0,4.074370482161607,28.584615384615386,0.7270811380400422,1792.0899347383665,65,34.00173878669739,0.1,0.5
paper,100,3000000.0,6,2,exclude,launch,0,0.0,prior,0.0,sa,12600.0,43200.0,585853.6159157362,0,409557.9932468581,176295.62266887806,0,0,0.0,0,6.235506841886082,12.369906091335546,12496.417644183362,3219.036233693832,3.8820369629215916,2.009082261520682,305.4741031547079,0.0,0.02512562814070352,0.0,2.7414530189552115,17.04054054054054,0.8205128205128205,1334.4550733207602,148,42.974324226379395,0.1,0.5
paper,100,3000000.0,9,1,exclude,launch,0,0.0,prior,0.0,sa,12600.0,43200.0,1520134.3109552807,0,1311920.757698816,208213.55325646486,0,7,0.7717901840165126,8,6.403347295796111,15.326257520358675,12160.132397085683,2601.9251357935077,4.67351355725199,2.006129997027953,303.68927127584084,0.0,0.006756756756756757,0.0,1.8262845011015612,9.220543806646525,0.7978260869565217,1087.5638926596916,331,49.60792517662048,0.1,0.5
paper,100,3000000.0,8,2,exclude,launch,0,0.0,prior,0.0,sa,12600.0,43200.0,1372908.1150665411,0,1166218.900565368,206689.21450117326,0,5,0.7023694184738926,6,6.235506841886082,11.097090424745495,12496.417644183362,3590.510636884844,3.480401232016779,2.0078193919596563,304.7099780429795,0.0,0.00847457627118644,0.0,2.0423418480550524,11.328301886792453,0.819078947368421,1109.426255893724,265,45.69673752784729,0.1,0.5
paper,100,3000000.0,3,4,exclude,launch,0,0.0,prior,0.0,sa,12600.0,43200.0,1330913.49127881,0,783632.752632885,547280.738645925,0,0,0.0,0,6.584184023126904,10.345323064076343,11816.995351132427,3835.1670667196345,3.0812204906734237,2.0163301413759376,309.87808688077007,0.0,0.0784313725490196,0.0,5.369225927190875,35.94444444444444,0.693089430894309,2448.817292173815,36,24.527571439743042,0.1,0.5
paper,100,3000000.0,10,1,exclude,launch,0,0.0,prior,0.0,sa,12600.0,43200.0,2362624.93269636,0,2015203.248996489,347421.68369987136,0,13,0.8657846018528796,16,6.403347295796111,14.382850827201072,12160.132397085683,2773.2542971361836,4.38478808439706,2.0056507775813737,303.4000459350066,0.0,0.005474452554744526,0.0,1.6394846531733323,7.692682926829268,0.7565217391304347,1048.6670865585104,410,53.46984124183655,0.1,0.5
paper,100,3000000.0,5,3,exclude,launch,0,0.0,prior,0.0,sa,12600.0,43200.0,617132.5624319903,0,437284.24332108354,179848.3191109067,0,0,0.0,0,6.659849181865043,20.287811411888487,11678.950701242442,1962.5578813626712,5.950882168699833,2.009242304534511,305.5710087786393,0.0,0.04316546762589928,0.0,3.2707884297233347,22.60576923076923,0.774364406779661,1439.2423387493536,104,40.42214393615723,0.1,0.5
paper,100,3000000.0,9,2,exclude,launch,0,0.0,prior,0.0,sa,12600.0,43200.0,2015292.9660369004,0,1712756.681371475,302536.28466542525,0,10,0.8179742721433173,12,6.235506841886082,10.133518639766907,12496.417644183362,3932.142474529355,3.1780175121144563,2.0077076368057343,304.6424043829791,0.0,0.004524886877828055,0.0,1.8293575928524597,9.069908814589665,0.8106637649619152,1106.4003497803576,329,49.10914850234985,0.1,0.5
paper,100,3000000.0,6,3,exclude,launch,0,0.0,prior,0.0,sa,12600.0,43200.0,540742.6341865446,0,379334.3417413694,161408.29244517515,0,0,0.0,0,6.659849181865043,18.663310041405325,11678.950701242442,2134.709024501921,5.470980151014925,2.0079950142510326,304.81618462648174,0.0,0.030303030303030304,0.0,2.741187218397346,17.95945945945946,0.8095744680851064,1258.3322487014823,148,45.18287539482117,0.1,0.5
paper,100,3000000.0,7,3,exclude,launch,0,0.0,prior,0.0,sa,12600.0,43200.0,883033.0356459537,0,723916.9172259616,159116.11841999218,0,3,0.4472036531703698,3,6.659849181865043,16.358691261039976,11678.950701242442,2436.4839849724835,4.793362391575227,2.0071409421852504,304.299863227738,0.0,0.026119402985074626,0.0,2.3495818839102163,13.638190954773869,0.8155339805825242,1226.161806237208,199,41.88150477409363,0.1,0.5
paper,100,3000000.0,4,4,exclude,launch,0,0.0,prior,0.0,sa,12600.0,43200.0,967606.0226973214,0,614579.8538413304,353026.1688559908,0,0,0.0,0,6.584184023126904,10.138606342178576,11816.995351132427,3919.5581627910433,3.0148794482278505,2.0131429422119735,307.9375864061801,0.0,0.056179775280898875,0.0,4.0715601021439225,26.323076923076922,0.744138634046891,1928.6451105536871,65,30.430995225906372,0.1,0.5
paper,100,3000000.0,10,2,exclude,launch,0,0.0,prior,0.0,sa,12600.0,43200.0,3162577.6865672627,0,2766620.6699903267,395957.01657693624,0,16,0.9076431381611938,21,6.235506841886082,10.077813828173984,12496.417644183362,3954.705674508127,3.1598856331419976,2.007287077717524,304.3881770810127,0.0,0.005484460694698354,0.0,1.646287651457729,7.686274509803922,0.7398463227222832,1051.6416463221312,408,53.507076263427734,0.1,0.5
paper,100,3000000.0,8,3,exclude,launch,0,0.0,prior,0.0,sa,12600.0,43200.0,1321781.3984829306,0,1172494.092259856,149287.3062230749,0,6,0.6882223453336905,7,6.659849181865043,14.596650521459297,11678.950701242442,2731.436622067188,4.27575386772242,2.006529961121129,303.93076879035044,0.0,0.005714285714285714,0.0,2.05561623658831,11.15267175572519,0.79723991507431,1138.0087093909735,262,45.51053071022034,0.1,0.5
paper,100,3000000.0,3,5,exclude,launch,0,0.0,prior,0.0,sa,12600.0,43200.0,1231078.2812869116,0,744801.8607761771,486276.42051073443,0,0,0.0,0,6.412437400830363,18.705431501681094,12142.421983925684,2122.449324504597,5.720947889655673,2.015045820443028,309.09540527965794,0.0,0.058823529411764705,0.0,5.365084035977544,34.189189189189186,0.6570820021299254,2678.7515900467597,37,23.532123565673828,0.1,0.5
paper,100,3000000.0,5,4,exclude,launch,0,0.0,prior,0.0,sa,12600.0,43200.0,764642.0017257803,0,511570.6662456767,253071.33548010365,0,0,0.0,0,6.584184023126904,9.60928408060907,11816.995351132427,4139.022065984519,2.855021104682515,2.011412814238959,306.8867642420312,0.0,0.043478260869565216,0.0,3.2813911508304123,19.83495145631068,0.7807106598984772,1646.7362685347696,103,36.09683418273926,0.1,0.5
paper,100,3000000.0,7,4,exclude,launch,0,0.0,prior,0.0,sa,12600.0,43200.0,1156294.126862878,0,831559.2752548519,324734.85160802613,0,2,0.3009640997632596,2,6.584184023126904,7.832105418428678,11816.995351132427,5079.816874607181,2.326264045108167,2.0107746723282336,306.49963146607456,0.0,0.00749063670411985,0.0,2.3644012720523224,9.913705583756345,0.776519052523172,1680.6848193886483,197,33.71193504333496,0.1,0.5
paper,100,3000000.0,8,4,exclude,launch,0,0.0,prior,0.0,sa,12600.0,43200.0,3451130.6085930103,0,2874947.997829942,576182.6107630681,0,15,0.833005285878181,17,6.584184023126904,7.574870124401056,11816.995351132427,5255.718616928423,2.2484071565533283,2.0094753830818597,305.71216471448014,0.0,0.005681818181818182,0.002840909090909091,2.048954931657407,7.621212121212121,0.7097107438016529,1653.8185505224214,264,35.21829915046692,0.1,0.5
paper,100,3000000.0,9,3,exclude,launch,0,0.0,prior,0.0,sa,12600.0,43200.0,2432451.8277643835,0,2126197.2585637113,306254.5692006721,0,12,0.8504663781698589,13,6.659849181865043,13.326495178026098,11678.950701242442,2992.4690582941057,3.9027807719088576,2.0060620951859063,303.6482818109566,0.0,0.004514672686230248,0.0,1.8315258650048347,9.066465256797583,0.7508055853920516,1107.1805930875732,331,47.829508543014526,0.1,0.5
paper,100,3000000.0,6,4,exclude,launch,0,0.0,prior,0.0,sa,12600.0,43200.0,698094.5544473339,0,479384.93153131026,218709.6229160237,0,0,0.0,0,6.584184023126904,8.546602027237133,11816.995351132427,4654.931507029722,2.5385970412855263,2.010866367200385,306.55524370107105,0.0,0.015151515151515152,0.0,2.733509827181706,14.82876712328767,0.8022774327122153,1527.7441421931767,146,37.04986000061035,0.1,0.5
paper,100,3000000.0,4,5,exclude,launch,0,0.0,prior,0.0,sa,12600.0,43200.0,877474.3576604724,0,545985.8102717614,331488.547388711,0,0,0.0,0,6.412437400830363,17.454112637190846,12142.421983925684,2278.1855573849975,5.329865227423922,2.0118848411712498,307.1732795376496,0.0,0.06741573033707865,0.0,4.075433469312214,26.415384615384614,0.7386243386243386,1927.6750613907082,65,31.273727893829346,0.1,0.5
paper,100,3000000.0,9,4,exclude,launch,0,0.0,prior,0.0,sa,12600.0,43200.0,5699794.849137044,0,4826000.397967766,873794.4511692778,0,29,0.9307000152504508,33,6.584184023126904,7.576510080935249,11816.995351132427,5258.477357395767,2.2472275809103666,2.007986429248939,304.8109924650078,0.0,0.0045045045045045045,0.0,1.826440198461827,6.027027027027027,0.6111685625646329,1657.6325521828103,333,37.70991849899292,0.1,0.5
paper,100,3000000.0,3,6,exclude,launch,0,0.0,prior,0.0,sa,12600.0,43200.0,1245268.3803063629,0,753001.8284134113,492266.55189295154,0,0,0.0,0,7.114418569428935,21.72368937417106,10911.436596814521,1827.2967642876345,5.971354412740017,2.0153353262752782,309.2717474347576,0.0,0.0784313725490196,0.0,5.346612191900657,36.5,0.6832101372756072,2394.1436612185335,36,23.985884428024292,0.1,0.5
paper,100,3000000.0,10,3,exclude,launch,0,0.0,prior,0.0,sa,12600.0,43200.0,4189678.9826951483,0,3628547.6583471824,561131.3243479655,0,24,0.9477122053337009,25,6.659849181865043,13.982580834758005,11678.950701242442,2853.7321069923837,4.092518240456413,2.004884908758196,302.9381039549903,0.0,0.007326007326007326,0.009157509157509158,1.6433380228494892,8.24390243902439,0.689247311827957,981.0377644466605,410,55.60085487365723,0.1,0.5
paper,100,3000000.0,5,5,exclude,launch,0,0.0,prior,0.0,sa,12600.0,43200.0,689458.5342211797,0,462331.24731808406,227127.28690309564,0,0,0.0,0,6.412437400830363,16.65558109377524,12142.421983925684,2389.723344595109,5.081099455042975,2.009937585791062,305.99217815804366,0.0,0.02877697841726619,0.0,3.2786165936275724,20.009615384615383,0.7822410147991543,1619.8933238839077,104,36.19952917098999,0.1,0.5
paper,100,3000000.0,10,4,exclude,launch,0,0.0,prior,0.0,sa,12600.0,43200.0,8087119.356592521,0,6891568.710814345,1195550.6457781768,0,43,0.9707301960004286,49,6.584184023126904,7.8262410509131275,11816.995351132427,5094.437163099976,2.31958800801888,2.0065064353559166,303.9165613238622,0.0,0.0,0.0,1.6261109138276393,4.849514563106796,0.5099061522419187,1645.0884431702914,412,41.593167781829834,0.1,0.5
paper,100,3000000.0,6,5,exclude,launch,0,0.0,prior,0.0,sa,12600.0,43200.0,619912.2499040087,0,419671.7740808726,200240.4758231361,0,0,0.0,0,6.412437400830363,12.843438417336165,12142.421983925684,3100.282482081968,3.9165534283093923,2.0091271060665274,305.50125485946126,0.0,0.020202020202020204,0.0,2.7432772679391757,15.326530612244898,0.8019375672766416,1474.6364777861538,147,38.424599170684814,0.1,0.5
paper,100,3000000.0,7,5,exclude,launch,0,0.0,prior,0.0,sa,12600.0,43200.0,981781.7388937345,0,760770.4204092124,221011.31848452217,0,4,0.38850702382481755,4,6.412437400830363,11.296328439069258,12142.421983925684,3525.9600437710374,3.4437208116911284,2.0085159712659872,305.13133928957336,0.0,0.01858736059479554,0.0,2.349573267093357,11.170854271356784,0.7915343915343915,1487.4296165234648,199,36.049049615859985,0.1,0.5
paper,100,3000000.0,8,5,exclude,launch,0,0.0,prior,0.0,sa,12600.0,43200.0,2269082.7541765324,0,1798917.7393266668,470165.01484986563,0,10,0.7413927192441311,12,6.412437400830363,9.687653468165033,12142.421983925684,4111.997153312987,2.9529256784972913,2.0082537480167106,304.97268611692334,0.0,0.002849002849002849,0.0,2.060793317386169,7.889733840304182,0.7068965517241379,1605.2757842243634,263,36.48405981063843,0.1,0.5
paper,100,3000000.0,9,5,exclude,launch,0,0.0,prior,0.0,sa,12600.0,43200.0,4328358.38452558,0,3601322.016728155,727036.367797426,0,24,0.9116121127756817,30,6.412437400830363,9.772741390481213,12142.421983925684,4079.0550841388795,2.976773231413482,2.0068458300189693,304.12155762797636,0.0,0.0022471910112359553,0.0,1.8197107585672876,6.728915662650603,0.608324439701174,1487.9277452615113,332,40.845311880111694,0.1,0.5
paper,100,3000000.0,4,6,exclude,launch,0,0.0,prior,0.0,sa,12600.0,43200.0,826138.7879121206,0,544204.6300068999,281934.1579052207,0,0,0.0,0,7.114418569428935,19.382085638169194,10911.436596814521,2051.396348663412,5.319028964794576,2.0120552436996513,307.2767448899882,0.0,0.0449438202247191,0.0,4.065611750093532,28.0,0.7409766454352441,1817.3299956351152,65,33.49167609214783,0.1,0.5
paper,100,3000000.0,3,7,exclude,launch,0,0.0,prior,0.0,sa,12600.0,43200.0,1266563.1340967577,0,734953.2729079155,531609.8611888422,0,0,0.0,0,7.02210274519599,25.99829263145167,11059.265565156178,1526.8552583613973,7.2431656534522135,2.0153351987957064,309.2716697740551,0.0,0.1568627450980392,0.0,5.362170412110436,37.32432432432432,0.6645962732919255,2447.0248723648283,37,25.42290472984314,0.1,0.5
paper,100,3000000.0,5,6,exclude,launch,0,0.0,prior,0.0,sa,12600.0,43200.0,635627.1151709601,0,447488.22022535314,188138.89494560703,0,0,0.0,0,7.114418569428935,17.04985002482402,10911.436596814521,2334.2022879391184,4.6745891104615,2.0101614193969475,306.12782797141676,0.0,0.028985507246376812,0.0,3.2787007398479138,21.553398058252426,0.7838983050847458,1508.5658108583327,103,38.409693241119385,0.1,0.5
paper,100,3000000.0,10,5,exclude,launch,0,0.0,prior,0.0,sa,12600.0,43200.0,5564688.258006891,0,4666967.763781624,897720.4942252669,0,32,0.9601065491240616,35,6.412437400830363,10.643051967389518,12142.421983925684,3747.6594262526355,3.2400014523377196,2.0056894374543335,303.4233733821642,0.0,0.0,0.0,1.6371846856939412,6.298288508557457,0.5841371918542336,1274.8800866446695,409,47.358784675598145,0.1,0.5
paper,100,3000000.0,6,6,exclude,launch,0,0.0,prior,0.0,sa,12600.0,43200.0,614804.8910582367,0,416118.0694075012,198686.82165073545,0,0,0.0,0,7.114418569428935,14.385350827247464,10911.436596814521,2767.9643667383743,3.9420437372436234,2.0091346061886486,305.5057960222556,0.0,0.02030456852791878,0.0,2.735634424528047,16.205479452054796,0.7899786780383795,1399.4413472021579,146,40.84529662132263,0.1,0.5
paper,100,3000000.0,7,6,exclude,launch,0,0.0,prior,0.0,sa,12600.0,43200.0,586732.3169597259,0,422100.18621208984,164632.1307476361,0,0,0.0,0,7.114418569428935,11.875822588372914,10911.436596814521,3353.389837205186,3.25385270622411,2.0088256360041425,305.3187491577489,0.0,0.007462686567164179,0.0,2.3551795251592984,12.311557788944723,0.8027867095391211,1355.774056751414,199,41.512019634246826,0.1,0.5
paper,100,3000000.0,4,7,exclude,launch,0,0.0,prior,0.0,sa,12600.0,43200.0,888516.0018110853,0,567209.1352234811,321306.8665876041,0,0,0.0,0,7.02210274519599,25.675706764335473,11059.265565156178,1548.6285537487656,7.141328718487729,2.011964517560749,307.2216554405876,0.0,0.10112359550561797,0.0,4.073257203074625,27.43076923076923,0.7497393117831074,1848.8442586154267,65,32.27366876602173,0.1,0.5
paper,100,3000000.0,8,6,exclude,launch,0,0.0,prior,0.0,sa,12600.0,43200.0,1139835.5819596054,0,927296.9399886685,212538.64197093697,0,5,0.5060057113742666,6,7.114418569428935,10.147372605696761,10911.436596814521,3925.04707722029,2.7799505030502663,2.0085909853049966,305.1767326915511,0.0,0.011363636363636364,0.0,2.0542687581653323,9.338403041825096,0.778856526429342,1349.3356802039964,263,40.96480083465576,0.1,0.5
paper,100,3000000.0,3,8,exclude,launch,0,0.0,prior,0.0,sa,12600.0,43200.0,1160383.3300652187,0,702336.1175430842,458047.21252213465,0,0,0.0,0,7.049214202111016,17.205693497621187,11015.449340350002,2307.2244495408913,4.774329321337565,2.0152454979957373,309.21702636018375,0.0,0.11764705882352941,0.0,5.37420864056918,36.945945945945944,0.7092360319270239,2475.361538523225,37,25.35932683944702,0.1,0.5
paper,100,3000000.0,5,7,exclude,launch,0,0.0,prior,0.0,sa,12600.0,43200.0,657354.9074517812,0,446229.93340430217,211124.974047479,0,0,0.0,0,7.02210274519599,21.67778267797663,11059.265565156178,1836.0773489249912,6.023311366283829,2.0099449185297438,305.9966215392153,0.0,0.04316546762589928,0.0,3.2739716731806183,22.326923076923077,0.7904066736183525,1452.632703042898,104,39.51832127571106,0.1,0.5
paper,100,3000000.0,9,6,exclude,launch,0,0.0,prior,0.0,sa,12600.0,43200.0,3597635.4866019078,0,3161099.939965946,436535.5466359616,0,21,0.9164289187862721,23,7.114418569428935,11.675230553196341,10911.436596814521,3415.4334684897576,3.1947442974608316,2.006220628934,303.7439862277002,0.0,0.0,0.0,1.8225538677798334,8.385542168674698,0.7310195227765727,1183.6885466122071,332,46.290000438690186,0.1,0.5
paper,100,3000000.0,10,6,exclude,launch,0,0.0,prior,0.0,sa,12600.0,43200.0,4296081.262039669,0,3827094.408379899,468986.8536597695,0,25,0.936427027992251,28,7.114418569428935,11.305080897249931,10911.436596814521,3528.0512747222,3.0927658775803057,2.005771352817147,303.47280424429016,0.0,0.0018281535648994515,0.003656307129798903,1.6462392077590986,7.051470588235294,0.6955128205128205,1150.4612078053578,408,50.210376262664795,0.1,0.5
paper,100,3000000.0,4,8,exclude,launch,0,0.0,prior,0.0,sa,12600.0,43200.0,820739.281776598,0,526163.1302345626,294576.15154203546,0,0,0.0,0,7.049214202111016,15.977667694150757,11015.449340350002,2488.430631417059,4.426665224771468,2.0121069628526174,307.30815127642495,0.0,0.07865168539325842,0.0,4.073623334172827,27.692307692307693,0.7655172413793103,1845.8907036811968,65,33.12534737586975,0.1,0.5
paper,100,3000000.0,6,7,exclude,launch,0,0.0,prior,0.0,sa,12600.0,43200.0,578699.1688724752,0,401859.4328915378,176839.73598093746,0,0,0.0,0,7.02210274519599,17.573799207885354,11059.265565156178,2266.1376939893544,4.880226649285033,2.0088061637023005,305.3069627771258,0.0,0.030456852791878174,0.0,2.7468887186309816,17.03448275862069,0.8038176033934252,1333.3624839545212,145,42.801103830337524,0.1,0.5
paper,100,3000000.0,7,7,exclude,launch,0,0.0,prior,0.0,sa,12600.0,43200.0,606170.4756251484,0,413379.7246130079,192790.75101214045,0,0,0.0,0,7.02210274519599,14.069997407907834,11059.265565156178,2831.09228373809,3.906359968794042,2.0083617592689356,305.038031266783,0.0,0.02247191011235955,0.0,2.3538731567524462,12.71859296482412,0.7797494780793319,1313.2953539353546,199,41.98386573791504,0.1,0.5
paper,100,3000000.0,8,7,exclude,launch,0,0.0,prior,0.0,sa,12600.0,43200.0,1902047.3767118545,0,1614742.03539031,287305.34132154466,0,9,0.7626617028870283,10,7.02210274519599,13.372651673475746,11059.265565156178,2980.414464085232,3.7106468574834808,2.0072237740152445,304.34991928245387,0.0,0.014285714285714285,0.0,2.057815666312481,10.187739463601533,0.7666314677930306,1245.4901306480958,261,42.113630533218384,0.1,0.5
paper,100,3000000.0,11,6,exclude,launch,0,0.0,prior,0.0,sa,12600.0,43200.0,5727752.185691931,0,5047040.363426184,680711.822265747,0,34,0.9645984293429105,39,7.114418569428935,11.271925640885666,10911.436596814521,3539.797498407979,3.0825030532740727,2.0049957383157713,303.0049302098588,0.0,0.0,0.0015105740181268882,1.486075393482303,5.874747474747474,0.6427015250544662,1130.025779971055,495,54.83799505233765,0.1,0.5
paper,100,3000000.0,9,7,exclude,launch,0,0.0,prior,0.0,sa,12600.0,43200.0,3065021.144336197,0,2591947.7311989814,473073.4131372157,0,17,0.8759419058563925,19,7.02210274519599,12.21585916547778,11059.265565156178,3263.946329795331,3.3883110957433114,2.0064251406945672,303.8674691466239,0.0,0.006787330316742082,0.0,1.8291270327428308,8.16012084592145,0.7121693121693121,1224.6304581110453,331,45.06325912475586,0.1,0.5
paper,100,3000000.0,3,9,exclude,launch,0,0.0,prior,0.0,sa,12600.0,43200.0,1260878.3440536214,0,759393.6703428638,501484.6737107576,0,0,0.0,0,6.4890468686492415,22.578014302357417,11995.133638681738,1759.0903036327295,6.818941366404197,2.0142626902298915,308.6186414377128,0.0,0.0784313725490196,0.0,5.376184595731434,34.32432432432432,0.698781838316722,2668.1985404636976,37,23.261680364608765,0.1,0.5
paper,100,3000000.0,5,8,exclude,launch,0,0.0,prior,0.0,sa,12600.0,43200.0,621450.0556799291,0,438291.9004097861,183158.15527014295,0,0,0.0,0,7.049214202111016,14.815131651695506,11015.449340350002,2686.18101756839,4.100784447625019,2.010245951449293,306.1790647259061,0.0,0.07857142857142857,0.0,3.2629040435559955,21.36190476190476,0.8108419838523645,1506.485108989101,105,39.95270609855652,0.1,0.5
paper,100,3000000.0,10,7,exclude,launch,0,0.0,prior,0.0,sa,12600.0,43200.0,4924986.109558004,0,4197348.12978632,727637.9797716839,0,27,0.9516101050039433,28,7.02210274519599,13.062816289809158,11059.265565156178,3054.1378510839245,3.6210760955767616,2.0052315653120685,303.1471499699253,0.0,0.0018181818181818182,0.0018181818181818182,1.63822370032015,7.285365853658536,0.6417112299465241,1101.4013695548092,410,51.0908899307251,0.1,0.5
paper,100,3000000.0,4,9,exclude,launch,0,0.0,prior,0.0,sa,12600.0,43200.0,864251.8399332117,0,558337.2562201814,305914.5837130303,0,0,0.0,0,6.4890468686492415,18.82481390054699,11995.133638681738,2112.9859221844567,5.6768639642808765,2.0112344155669506,306.77851296810974,0.0,0.056818181818181816,0.0,4.077484348583418,25.703125,0.7800224466891134,1947.0899799011045,64,30.52440857887268,0.1,0.5
paper,100,3000000.0,6,8,exclude,launch,0,0.0,prior,0.0,sa,12600.0,43200.0,546742.3118190144,0,386626.4409775315,160115.87084148292,0,0,0.0,0,7.049214202111016,13.76227220788229,11015.449340350002,2893.504248815422,3.806958066455109,2.0089804889902902,305.4124881489255,0.0,0.005050505050505051,0.0,2.727789135118393,16.775510204081634,0.8325581395348837,1353.8428942569526,147,43.29189991950989,0.1,0.5
paper,100,3000000.0,7,8,exclude,launch,0,0.0,prior,0.0,sa,12600.0,43200.0,519331.1184008644,0,372765.3082721085,146565.81012875593,0,0,0.0,0,7.049214202111016,11.986065902847715,11015.449340350002,3322.9358965317965,3.3149749749452013,2.008590306545713,305.1763219373926,0.0,0.011194029850746268,0.0,2.3644100343691723,13.140703517587939,0.8198830409356725,1276.7483035702246,199,45.224448442459106,0.1,0.5
paper,100,3000000.0,11,7,exclude,launch,0,0.0,prior,0.0,sa,12600.0,43200.0,6288617.572604104,0,5382922.928869598,905694.6437345057,0,33,0.971063963403419,35,7.02210274519599,12.6552669977097,11059.265565156178,3153.3022629873994,3.5072012267795625,2.004716995718307,302.83687244556614,0.0,0.003003003003003003,0.0,1.4823631324807367,6.246492985971944,0.6096537250786989,1059.185938724525,499,56.56822490692139,0.1,0.5
paper,100,3000000.0,5,9,exclude,launch,0,0.0,prior,0.0,sa,12600.0,43200.0,699500.1935553808,0,467167.1376929044,232333.0558624764,0,0,0.0,0,6.4890468686492415,15.955988001089379,11995.133638681738,2494.91088123,4.807840524054348,2.009607527412049,305.7922078221212,0.0,0.04316546762589928,0.0,3.2729033715332245,19.798076923076923,0.8048780487804879,1624.5498012540081,104,35.259010553359985,0.1,0.5
paper,100,3000000.0,8,8,exclude,launch,0,0.0,prior,0.0,sa,12600.0,43200.0,945772.8941834589,0,775695.3825976334,170077.51158582547,0,3,0.44682372620384103,5,7.049214202111016,10.973387185800709,11015.449340350002,3630.609585917987,3.034049538974261,2.0080278590981626,304.8360494154074,0.0,0.0,0.0,2.0548382792106556,9.806083650190114,0.8286384976525821,1293.170087244739,263,42.58890080451965,0.1,0.5
paper,100,3000000.0,7,9,exclude,launch,0,0.0,prior,0.0,sa,12600.0,43200.0,1189811.664440433,0,873169.5362214061,316642.1282190271,0,3,0.36529618217475723,3,6.4890468686492415,9.62408033769135,11995.133638681738,4138.011686067883,2.8987674633853033,2.0088107995976188,305.30976881543614,0.0,0.007462686567164179,0.0,2.345906837764348,9.587939698492463,0.75,1744.16562216515,199,32.418731451034546,0.1,0.5
paper,100,3000000.0,9,8,exclude,launch,0,0.0,prior,0.0,sa,12600.0,43200.0,2276627.610075618,0,1987910.6244636262,288716.985611992,0,15,0.8419678299101855,17,7.049214202111016,11.770837234445274,11015.449340350002,3387.1141013050637,3.252163644592227,2.0065630271733284,303.9507383017005,0.0,0.0022371364653243847,0.0,1.8160930048177875,8.368263473053892,0.7939110070257611,1186.9759677655354,334,47.36927676200867,0.1,0.5
paper,100,3000000.0,3,10,exclude,launch,0,0.0,prior,0.0,sa,12600.0,43200.0,1193342.3388118776,0,727259.0141838433,466083.32462803443,0,0,0.0,0,6.867920447089868,17.584274990088954,11315.025236966976,2257.886419193147,5.011334999308949,2.014946079581203,309.03466333717597,0.0,0.11764705882352941,0.0,5.351724910352203,38.729729729729726,0.6889596602972399,2349.431868231834,37,25.86656427383423,0.1,0.5
paper,100,3000000.0,6,9,exclude,launch,0,0.0,prior,0.0,sa,12600.0,43200.0,709325.384536654,0,462471.09374647256,246854.2907901815,0,0,0.0,0,6.4890468686492415,11.352707079273216,11995.133638681738,3507.323530576581,3.4200248520300653,2.009160936306707,305.5217386102288,0.0,0.020202020202020204,0.0,2.7482027642825724,14.020134228187919,0.7979910714285714,1599.3653851373322,149,35.423367738723755,0.1,0.5
paper,100,3000000.0,8,9,exclude,launch,0,0.0,prior,0.0,sa,12600.0,43200.0,4028540.3903952176,0,3273119.9051888357,755420.4852063822,0,21,0.8510226419250915,25,6.4890468686492415,8.923136744354835,11995.133638681738,4466.791067442158,2.685402889361148,2.007135995531078,304.29687404831276,0.0,0.0,0.0,2.0693736144333457,6.988505747126437,0.6273637374860956,1822.870810433643,261,33.03376388549805,0.1,0.5
paper,100,3000000.0,4,10,exclude,launch,0,0.0,prior,0.0,sa,12600.0,43200.0,900464.431898893,0,573226.6754787026,327237.75642019045,0,0,0.0,0,6.867920447089868,16.073966063527244,11315.025236966976,2473.903917176392,4.573752908674586,2.011796793698143,307.119825521353,0.0,0.10112359550561797,0.0,4.062122785450651,27.53846153846154,0.7423117709437964,1845.9332025339243,65,32.555899143218994,0.1,0.5
paper,100,3000000.0,10,8,exclude,launch,0,0.0,prior,0.0,sa,12600.0,43200.0,3792830.4779727687,0,3317163.271931607,475667.2060411618,0,24,0.9396751488745504,24,7.049214202111016,11.87491087961602,11015.449340350002,3358.856196025508,3.2795239502615336,2.005710358415584,303.4359975073206,0.0,0.005415162454873646,0.0,1.6219764528829383,7.459134615384615,0.710093896713615,1068.166785727147,416,53.006810903549194,0.1,0.5
paper,100,3000000.0,9,9,exclude,launch,0,0.0,prior,0.0,sa,12600.0,43200.0,6412699.791320302,0,5398378.13367484,1014321.6576454615,0,34,0.9500897824470415,37,6.4890468686492415,10.32101853023499,11995.133638681738,3865.4964634738044,3.103128861202495,2.005220560243073,303.14051242061925,0.0,0.0044943820224719105,0.0,1.8252593995278386,5.879154078549849,0.5340782122905028,1701.0607854062653,331,37.405802488327026,0.1,0.5
paper,100,3000000.0,3,11,exclude,launch,0,0.0,prior,0.0,sa,12600.0,43200.0,1122410.7999796132,0,697664.4961921815,424746.30378743185,0,0,0.0,0,6.844493765443187,23.386957064181274,11354.89412972725,1697.4288185430396,6.689467037253166,2.0152303604529616,309.2078054356352,0.0,0.0784313725490196,0.0,5.354697991761515,36.111111111111114,0.6880434782608695,2432.1059342275303,36,23.81746506690979,0.1,0.5
paper,100,3000000.0,11,8,exclude,launch,0,0.0,prior,0.0,sa,12600.0,43200.0,4730674.3861850565,0,4094410.374225284,636264.0119597729,0,29,0.9591934170047411,32,7.049214202111016,10.856093568153831,11015.449340350002,3674.038222392689,2.9981858308420852,2.0057312408683043,303.44859865754984,0.0,0.0,0.0,1.4793242916788587,6.450199203187251,0.6725352112676056,1018.6024549896796,502,58.20084357261658,0.1,0.5
paper,100,3000000.0,5,10,exclude,launch,0,0.0,prior,0.0,sa,12600.0,43200.0,647875.3566330705,0,451724.185525283,196151.17110778752,0,0,0.0,0,6.867920447089868,14.53716655096222,11315.025236966976,2737.7698618386157,4.132935128947652,2.0100797226738267,306.0783138470503,0.0,0.07913669064748201,0.0,3.266321492519826,22.817307692307693,0.7957219251336899,1413.945553982641,104,40.154733419418335,0.1,0.5
paper,100,3000000.0,10,9,exclude,launch,0,0.0,prior,0.0,sa,12600.0,43200.0,8672709.040928347,0,7370021.199277212,1302687.8416511351,0,48,0.984010065738719,50,6.4890468686492415,11.386597263565777,11995.133638681738,3506.5059987013133,3.420822221072576,2.0036480615868784,302.1928294581295,0.0,0.0,0.0,1.621228577298571,5.49636803874092,0.45733788395904434,1448.7336940539103,413,43.90949630737305,0.1,0.5
paper,100,3000000.0,7,10,exclude,launch,0,0.0,prior,0.0,sa,12600.0,43200.0,561430.0379156644,0,403320.6067808395,158109.43113482484,0,0,0.0,1,6.867920447089868,10.470410632670808,11315.025236966976,3803.1852333691336,2.9751443967779916,2.0089947160696955,305.42110111696974,0.0,0.022388059701492536,0.0,2.3499231676049717,13.085,0.8306364617044228,1274.6188509676722,200,43.191128969192505,0.1,0.5
paper,100,3000000.0,6,10,exclude,launch,0,0.0,prior,0.0,sa,12600.0,43200.0,563385.1884216635,0,402503.65836399514,160881.53005766834,0,0,0.0,0,6.867920447089868,12.905177629285927,11315.025236966976,3085.7155658627294,3.666904805532013,2.008954538633464,305.39677830871995,0.0,0.035175879396984924,0.0,2.734061543790495,17.246575342465754,0.8120300751879699,1332.3042657237645,146,43.39712953567505,0.1,0.5
paper,100,3000000.0,8,10,exclude,launch,0,0.0,prior,0.0,sa,12600.0,43200.0,1402987.9414374807,0,1165679.3456583258,237308.5957791549,0,5,0.6278226997558091,6,6.867920447089868,10.658307150175808,11315.025236966976,3738.0701503953655,3.026969741530992,2.0079565372253034,304.7929142805672,0.0,0.008645533141210375,0.0,2.063666085336352,9.957528957528957,0.7984749455337691,1285.564195294376,259,41.539900064468384,0.1,0.5
paper,100,3000000.0,4,11,exclude,launch,0,0.0,prior,0.0,sa,12600.0,43200.0,760593.6101514609,0,504894.62632503005,255698.98382643086,0,0,0.0,0,6.844493765443187,16.401416577724017,11354.89412972725,2424.0309090941655,4.684302533902281,2.0121968943838553,307.36276590009635,0.0,0.056179775280898875,0.0,4.065488531581631,27.06153846153846,0.73449401523395,1874.817658685415,65,32.21830725669861,0.1,0.5
paper,100,3000000.0,3,12,exclude,launch,0,0.0,prior,0.0,sa,12600.0,43200.0,1301333.2679586203,0,779466.4130898012,521866.8548688191,0,0,0.0,0,6.97727919141477,28.53043641926362,11132.45408971209,1392.1180877281095,7.9967742592008735,2.0142134690543845,308.58868824339885,0.0,0.058823529411764705,0.0,5.377920801013289,36.833333333333336,0.703125,2400.4098579131223,36,24.41380214691162,0.1,0.5
paper,100,3000000.0,9,10,exclude,launch,0,0.0,prior,0.0,sa,12600.0,43200.0,2724462.8497097697,0,2332962.234456907,391500.6152528626,0,13,0.8477183231715201,16,6.867920447089868,10.20883181092538,11315.025236966976,3903.984224282706,2.8983276025009883,2.007270416841441,304.3781077931791,0.0,0.006787330316742082,0.0,1.8294416598500134,8.157575757575758,0.7383783783783784,1228.2600212060026,330,44.80305051803589,0.1,0.5
paper,100,3000000.0,5,11,exclude,launch,0,0.0,prior,0.0,sa,12600.0,43200.0,625759.392857101,0,422648.6229408051,203110.76991629592,0,0,0.0,0,6.844493765443187,16.26042660532137,11354.89412972725,2447.366496337205,4.639637809343755,2.0102915221002293,306.2066878882793,0.0,0.05755395683453238,0.0,3.2760425782654243,20.932692307692307,0.7945652173913044,1544.6555258135038,104,37.238415002822876,0.1,0.5
ring,100,1500000.0,1,1,exclude,launch,0,0.0,prior,0.0,sa,12600.0,43200.0,1734109.4323577608,0,1412810.5139376149,321298.9184201458,0,0,0.0,0,3.2163962904442944,5.982955524910547,12102.945155992567,3268.1556098970073,3.7032952529374756,2.0456978560791033,328.04520186253006,0.0,0.08333333333333333,0.0,7.501569067963923,75.44444444444444,0.6830601092896175,4793.36343005449,9,11.01440143585205,0.1,0.5
paper,100,3000000.0,7,11,exclude,launch,0,0.0,prior,0.0,sa,12600.0,43200.0,722918.353113016,0,554793.3556758848,168124.99743713124,0,2,0.2907908703302046,2,6.844493765443187,12.442648062532523,11354.89412972725,3201.1799704674886,3.5470964564572802,2.0084779986638273,305.1083621366995,0.0,0.0037313432835820895,0.0,2.3570683506591483,12.442211055276381,0.8168859649122807,1348.3328333838756,199,39.88084530830383,0.1,0.5
paper,100,3000000.0,6,11,exclude,launch,0,0.0,prior,0.0,sa,12600.0,43200.0,525686.9329486565,0,373880.87760713603,151806.05534152046,0,0,0.0,0,6.844493765443187,14.667882093540213,11354.89412972725,2714.7698392288253,4.182636025215601,2.0090445219074917,305.4512541574554,0.0,0.01507537688442211,0.0,2.7316163450476276,16.39189189189189,0.8122270742358079,1384.8150316878284,148,40.95121192932129,0.1,0.5
paper,100,3000000.0,10,10,exclude,launch,0,0.0,prior,0.0,sa,12600.0,43200.0,3830098.2769004083,0,3340204.657110234,489893.619790174,0,20,0.9154009107475515,26,6.867920447089868,10.468236867135037,11315.025236966976,3808.6309165575717,2.97089045509142,2.006538779452793,303.9360943626956,0.0,0.005494505494505495,0.0,1.6426086843308774,7.029411764705882,0.7272727272727273,1152.0837320030346,408,50.422977924346924,0.1,0.5
ring,100,1500000.0,2,1,exclude,launch,0,0.0,prior,0.0,sa,12600.0,43200.0,1304020.7944077188,0,1072154.0263848852,231866.76802283362,0,0,0.0,0,3.2163962904442944,3.203644958113805,12102.945155992567,6147.12140717976,1.9688801236065518,2.031158530113334,318.9863742676476,0.0,0.06521739130434782,0.0,3.992522947206769,28.294117647058822,0.7956989247311828,3427.3779779466026,34,16.028764963150024,0.1,0.5
paper,100,3000000.0,4,12,exclude,launch,0,0.0,prior,0.0,sa,12600.0,43200.0,911079.380952452,0,593912.9410112965,317166.43994115555,0,0,0.0,0,6.97727919141477,25.333911911750068,11132.45408971209,1570.282188275877,7.089460845209734,2.010990534123758,306.6305580263525,0.0,0.044444444444444446,0.0,4.057758652904311,27.62121212121212,0.7719688542825361,1824.9948107081811,66,32.74953484535217,0.1,0.5
ring,100,1500000.0,3,1,exclude,launch,0,0.0,prior,0.0,sa,12600.0,43200.0,1532604.4215533114,0,1236368.505817924,296235.9157353874,0,0,0.0,0,3.2163962904442944,2.7457186414697974,12102.945155992567,7172.672808325692,1.6873689180334634,2.031060867716853,318.92595388110885,0.0,0.019801980198019802,0.0,2.6825138422244974,13.702702702702704,0.7336956521739131,3206.937125911382,74,16.530924797058105,0.1,0.5
paper,100,3000000.0,8,11,exclude,launch,0,0.0,prior,0.0,sa,12600.0,43200.0,1795077.2884365919,0,1546361.2055638232,248716.08287276837,0,11,0.8044381982367885,11,6.844493765443187,12.745669820942355,11354.89412972725,3127.2737307906596,3.6309242833234254,2.007064948280145,304.2539430163471,0.0,0.011363636363636364,0.0,2.0505021088751936,10.680608365019012,0.7865786578657866,1179.898726171853,263,43.43264651298523,0.1,0.5
paper,100,3000000.0,11,10,exclude,launch,0,0.0,prior,0.0,sa,12600.0,43200.0,5693100.085834142,0,4923693.493561453,769406.592272688,0,31,0.9635643418482202,34,6.867920447089868,10.721056483668379,11315.025236966976,3720.742649250135,3.0410663417550166,2.0055004809646366,303.3093651660345,0.0,0.006033182503770739,0.0,1.48857616925353,6.058350100603621,0.5934426229508196,1098.3966344581395,497,55.87129545211792,0.1,0.5
ring,100,1500000.0,1,2,exclude,launch,0,0.0,prior,0.0,sa,12600.0,43200.0,1371338.3060836159,0,1073082.0689675636,298256.23711605225,0,0,0.0,0,3.2626693321378917,11.251390957068281,11926.566744799826,1738.128103172395,6.861730572695825,2.045370529531795,327.8398632040757,0.0,0.08333333333333333,0.0,7.532667530088809,95.55555555555556,0.7782805429864253,3800.2167546646324,9,14.271214723587036,0.1,0.5
paper,100,3000000.0,5,12,exclude,launch,0,0.0,prior,0.0,sa,12600.0,43200.0,707075.3680654535,0,477665.2045810072,229410.16348444636,0,0,0.0,0,6.97727919141477,19.60714770372624,11132.45408971209,2030.642505914551,5.482232375855005,2.0092875526130713,305.5984091579049,0.0,0.050359712230215826,0.0,3.273829455840196,21.51923076923077,0.8,1502.8918387173542,104,38.31068181991577,0.1,0.5
paper,100,3000000.0,9,11,exclude,launch,0,0.0,prior,0.0,sa,12600.0,43200.0,2244987.549732271,0,1911730.9090984736,333256.64063379733,0,14,0.8671946782117295,14,6.844493765443187,12.162308119819663,11354.89412972725,3277.90384617412,3.464071755179876,2.006678398066808,304.0204191403065,0.0,0.006726457399103139,0.0,1.8175231397070017,8.880239520958083,0.7508196721311475,1128.3719290489082,334,48.01476573944092,0.1,0.5
ring,100,1500000.0,4,1,exclude,launch,0,0.0,prior,0.0,sa,12600.0,43200.0,5328927.464035827,0,5039852.305906354,289075.15812947234,0,33,0.9341185185085086,33,3.2163962904442944,3.909332720793716,12102.945155992567,5078.38790020177,2.38322581768748,2.014797885847744,308.9444247363154,0.0,0.0111731843575419,0.0,2.022605156723172,11.552238805970148,0.6775956284153005,2146.545224277942,134,22.924030542373657,0.1,0.5
ring,100,1500000.0,3,2,exclude,launch,0,0.0,prior,0.0,sa,12600.0,43200.0,1699950.0736996774,0,1352027.4356052664,347922.6380944109,0,0,0.0,0,3.2626693321378917,2.5503691269101796,11926.566744799826,7709.495750368343,1.5469969931859682,2.034374837137835,320.9793911111768,0.0,0.029411764705882353,0.0,2.6795484509233813,12.368421052631579,0.6636771300448431,3577.1142298125123,76,15.119291067123413,0.1,0.5
ring,100,1500000.0,2,2,exclude,launch,0,0.0,prior,0.0,sa,12600.0,43200.0,1118736.3721419557,0,916028.7397199293,202707.6324220263,0,0,0.0,0,3.2626693321378917,3.1593508995163986,11926.566744799826,6231.608802569333,1.9138824535780268,2.031711060430454,319.3283136643595,0.0,0.10869565217391304,0.0,3.9524098729970856,31.61764705882353,0.8054298642533937,3039.711955466595,34,17.487329244613647,0.1,0.5
paper,100,3000000.0,10,11,exclude,launch,0,0.0,prior,0.0,sa,12600.0,43200.0,2974132.219356107,0,2553811.765456988,420320.4538991189,0,19,0.9121329372793259,21,6.844493765443187,10.861013289191204,11354.89412972725,3670.5802655852613,3.0934874892094895,2.006711393903591,304.04034918459354,0.0,0.0,0.0,1.6401398696953946,7.229268292682927,0.7477973568281938,1113.7783490989057,410,51.55064868927002,0.1,0.5
paper,100,3000000.0,6,12,exclude,launch,0,0.0,prior,0.0,sa,12600.0,43200.0,639660.8403243192,0,435850.76879383525,203810.07153048395,0,0,0.0,0,6.97727919141477,15.008275525588399,11132.45408971209,2653.8775233729025,4.194788188854879,2.008529971608365,305.13981108971086,0.0,0.03535353535353535,0.0,2.743087668943277,16.815068493150687,0.8211473565804275,1355.544462174527,146,40.89894723892212,0.1,0.5
ring,100,1500000.0,1,3,exclude,launch,0,0.0,prior,0.0,sa,12600.0,43200.0,1557344.4107263407,0,1230305.7989408423,327038.61178549856,0,0,0.0,0,3.198522026885587,7.028368879099816,12172.442666886414,2785.9387297806743,4.369242775071619,2.042837790873726,326.2531974223179,0.0,0.08333333333333333,0.0,7.549338605575388,85.0,0.6730769230769231,4281.594067789836,9,12.501477718353271,0.1,0.5
paper,100,3000000.0,7,12,exclude,launch,0,0.0,prior,0.0,sa,12600.0,43200.0,669115.0922767797,0,468119.0160887896,200996.07618799005,0,0,0.0,2,6.97727919141477,11.27301581605056,11132.45408971209,3533.261494377725,3.1507586142227293,2.008510424803138,305.12798308098155,0.0,0.026217228464419477,0.0,2.373560903505972,12.05050505050505,0.8267716535433071,1397.7364272113425,198,40.177473306655884,0.1,0.5
ring,100,1500000.0,4,2,exclude,launch,0,0.0,prior,0.0,sa,12600.0,43200.0,7356060.461450987,0,6871110.451865673,484950.0095853132,0,42,0.948828408019377,44,3.2626693321378917,3.2083359994709184,11926.566744799826,6179.874927988667,1.9299042268289894,2.0174392285040037,310.55477510964664,0.0,0.01675977653631285,0.0,2.0196950911959166,8.761194029850746,0.5475113122171946,2831.2830655375988,134,19.128960132598877,0.1,0.5
ring,100,1500000.0,5,1,exclude,launch,0,0.0,prior,0.0,sa,12600.0,43200.0,6673624.442583559,0,6331588.934586224,342035.50799733447,0,43,0.9656385663289929,44,3.2163962904442944,4.356881108177195,12102.945155992567,4563.2387499958695,2.6522708582809793,2.011921773044008,307.19570242815865,0.0,0.0,0.0,1.619924458115644,8.545893719806763,0.6010928961748634,1865.151446171182,207,28.133458375930786,0.1,0.5
ring,100,1500000.0,3,3,exclude,launch,0,0.0,prior,0.0,sa,12600.0,43200.0,1771660.7318960915,0,1404824.2073543211,366836.52454177034,0,0,0.0,0,3.198522026885587,2.733853390067977,12172.442666886414,7219.363465291022,1.6860825369727699,2.026683180672169,316.2235060425364,0.0,0.0196078431372549,0.0,2.688788694289471,12.026666666666667,0.6556603773584906,3634.744682461488,75,15.034723997116089,0.1,0.5
paper,100,3000000.0,8,12,exclude,launch,0,0.0,prior,0.0,sa,12600.0,43200.0,2429230.1398646156,0,2102206.3016319526,327023.8382326631,0,12,0.8008385370070636,14,6.97727919141477,12.253837366779974,11132.45408971209,3253.34125363967,3.4218525576613508,2.0067268181622833,304.04966592214663,0.0,0.002840909090909091,0.0,2.0481034624619623,9.594696969696969,0.7764044943820225,1313.2561924018444,264,40.88543128967285,0.1,0.5
ring,100,1500000.0,1,4,exclude,launch,0,0.0,prior,0.0,sa,12600.0,43200.0,1924836.186487079,0,1506334.7567795564,418501.42970752245,0,0,0.0,0,3.1796645590154853,5.9921928468442145,12246.610008987385,3269.458329889214,3.7457611546932803,2.041730436600289,325.56069076182865,0.0,0.0,0.0,7.582142846149487,68.77777777777777,0.6255924170616114,5314.46233478243,9,11.095116138458252,0.1,0.5
paper,100,3000000.0,11,11,exclude,launch,0,0.0,prior,0.0,sa,12600.0,43200.0,4513186.428584203,0,3969060.455863787,544125.9727204163,0,28,0.9581505811563048,31,6.844493765443187,11.284704531342703,11354.89412972725,3534.344880360957,3.212729519640877,2.0058149736079196,303.49912834017,0.0,0.0015082956259426848,0.0,1.4909945864015755,6.403614457831325,0.687089715536105,1037.8254847758094,498,56.653005599975586,0.1,0.5
ring,100,1500000.0,2,3,exclude,launch,0,0.0,prior,0.0,sa,12600.0,43200.0,1124485.4330945096,0,912620.2995152781,211865.13357923168,0,0,0.0,0,3.198522026885587,3.2363218834021295,12172.442666886414,6093.12892197685,1.9977326629316088,2.0284668476748484,317.3232170298721,0.0,0.08695652173913043,0.0,3.9802715894074177,30.970588235294116,0.7783018867924528,3146.5779340361964,34,17.591269493103027,0.1,0.5
ring,100,1500000.0,3,4,exclude,launch,0,0.0,prior,0.0,sa,12600.0,43200.0,2070090.7838421336,0,1615960.0975641604,454130.68627797323,0,0,0.0,0,3.1796645590154853,2.4699678489086034,12246.610008987385,7967.133506725014,1.5371413066757433,2.032668684239777,319.92138342285364,0.0,0.0594059405940594,0.0,2.6821435249128,10.68,0.6056338028169014,4174.988634191637,75,13.618450164794922,0.1,0.5
ring,100,1500000.0,1,5,exclude,launch,0,0.0,prior,0.0,sa,12600.0,43200.0,1854049.7977299956,0,1424033.1059306588,430016.69179933687,0,0,0.0,0,3.149894199612885,5.318677817898116,12365.505886382653,3684.716488825189,3.3558907242617164,2.0410433557029153,325.131380535956,0.0,0.08333333333333333,0.0,7.633810126009798,70.77777777777777,0.56,5199.480353650973,9,10.717079162597656,0.1,0.5
ring,100,1500000.0,2,4,exclude,launch,0,0.0,prior,0.0,sa,12600.0,43200.0,1293911.2564999445,0,1021753.1778398774,272158.078660067,0,0,0.0,0,3.1796645590154853,3.0737981861782235,12246.610008987385,6411.7427585156565,1.9100282825168307,2.0295911073836015,318.01735452101724,0.0,0.06521739130434782,0.0,3.9641356753523325,27.970588235294116,0.7663551401869159,3450.4324914721406,34,16.071209192276,0.1,0.5
paper,100,3000000.0,9,12,exclude,launch,0,0.0,prior,0.0,sa,12600.0,43200.0,3457979.4093239694,0,3061085.032311066,396894.3770129029,0,21,0.9029649481144717,22,6.97727919141477,13.350636842577241,11132.45408971209,2988.120629713677,3.7255705070979035,2.005348597139192,303.2177405309223,0.0,0.0044742729306487695,0.0,1.8116146191996874,8.52694610778443,0.765625,1164.2506761734883,334,46.783817529678345,0.1,0.5
ring,100,1500000.0,5,2,exclude,launch,0,0.0,prior,0.0,sa,12600.0,43200.0,9717836.739446526,0,9107953.033678772,609883.7057677547,0,56,0.9846280385784407,60,3.2626693321378917,3.9262326837784554,11926.566744799826,5066.273374822344,2.3541103810289448,2.0109225157585597,306.5892998602846,0.0,0.0,0.0,1.6170069073296547,6.8708133971291865,0.4343891402714932,2306.2985993310604,209,24.812222003936768,0.1,0.5
ring,100,1500000.0,4,3,exclude,launch,0,0.0,prior,0.0,sa,12600.0,43200.0,6447616.816701713,0,6093134.553391539,354482.263310174,0,40,0.9512438765921524,40,3.198522026885587,3.931522138282647,12172.442666886414,5057.4123252328245,2.4068519401027957,2.011735608634309,307.0826825335905,0.0,0.0,0.00558659217877095,2.0148959129487904,10.835820895522389,0.5885167464114832,2287.9368583593973,134,21.97124457359314,0.1,0.5
ring,100,1500000.0,1,6,exclude,launch,0,0.0,prior,0.0,sa,12600.0,43200.0,1943079.0038186181,0,1493665.5475669084,449413.45625170966,0,0,0.0,0,3.19101767500141,6.870807376999029,12201.852639894574,2849.456365520275,4.282168622598531,2.0431027443975127,326.41900061088677,0.0,0.08333333333333333,0.0,7.6259399509601,72.55555555555556,0.6116071428571429,5066.852013811848,9,10.90933871269226,0.1,0.5
ring,100,1500000.0,3,5,exclude,launch,0,0.0,prior,0.0,sa,12600.0,43200.0,1785949.2260915865,0,1393601.735152825,392347.4909387614,0,0,0.0,0,3.149894199612885,2.622445884469992,12365.505886382653,7516.541838931015,1.6451057083640535,2.029249170287062,317.8061563609817,0.0,0.009900990099009901,0.0,2.6858250654838947,11.864864864864865,0.6622222222222223,3695.034769944319,74,14.783206224441528,0.1,0.5
ring,100,1500000.0,2,5,exclude,launch,0,0.0,prior,0.0,sa,12600.0,43200.0,1223268.0108827087,0,956175.2076061848,267092.8032765239,0,0,0.0,0,3.149894199612885,3.0091971920258898,12365.505886382653,6548.371691084203,1.8883329275915486,2.0299064384933296,318.2121816150043,0.0,0.15217391304347827,0.0,3.97240876070695,29.029411764705884,0.7345132743362832,3338.2690010964675,34,16.09645986557007,0.1,0.5
ring,100,1500000.0,2,6,exclude,launch,0,0.0,prior,0.0,sa,12600.0,43200.0,1552873.7738376774,0,1188520.4618103588,364353.31202731864,0,0,0.0,0,3.19101767500141,3.035313223647953,12201.852639894574,6489.196770486543,1.8803332787487212,2.030792421311819,318.75990475016476,0.0,0.021739130434782608,0.0,3.9889826996463835,25.352941176470587,0.6964285714285714,3827.5869711858304,34,14.70931887626648,0.1,0.5
ring,100,1500000.0,4,4,exclude,launch,0,0.0,prior,0.0,sa,12600.0,43200.0,6895082.838240844,0,6432885.9338026745,462196.90443816985,0,39,0.9500654775792081,39,3.1796645590154853,3.4834511942870794,12246.610008987385,5697.752258167148,2.1493756579944514,2.015332457023537,309.26999948563576,0.0,0.0,0.0,2.012040671414597,9.619402985074627,0.5355450236966824,2583.407517515215,134,20.2827467918396,0.1,0.5
paper,100,3000000.0,10,12,exclude,launch,0,0.0,prior,0.0,sa,12600.0,43200.0,4246784.472209973,0,3754206.3667918756,492578.1054180975,0,26,0.9371368088232217,27,6.97727919141477,13.135105319536788,11132.45408971209,3038.0597125103504,3.6643302446854595,2.0047495377896625,302.85649010656203,0.0,0.0036231884057971015,0.0,1.6270873269701558,7.400485436893204,0.7200447928331467,1079.400277692465,412,52.37316131591797,0.1,0.5
ring,100,1500000.0,3,6,exclude,launch,0,0.0,prior,0.0,sa,12600.0,43200.0,1886197.7626770905,0,1497708.0790574977,388489.68361959304,0,0,0.0,0,3.19101767500141,2.575957027068561,12201.852639894574,7644.009422489689,1.5962634221767318,2.0314220580446696,319.1494385463305,0.0,0.0196078431372549,0.0,2.667449763413861,11.773333333333333,0.65625,3709.40630515549,75,14.563010454177856,0.1,0.5
ring,100,1500000.0,1,7,exclude,launch,0,0.0,prior,0.0,sa,12600.0,43200.0,1465521.1569666222,0,1123942.9302900024,341578.22667661967,0,0,0.0,0,3.22623909705551,9.801784763296736,12065.003800609027,1996.8775783829485,6.041934633959457,2.0436352688529364,326.75237231812235,0.0,0.16666666666666666,0.0,7.535794021744643,88.33333333333333,0.6929824561403509,4112.632572256495,9,13.453457832336426,0.1,0.5
ring,100,1500000.0,5,3,exclude,launch,0,0.0,prior,0.0,sa,12600.0,43200.0,8069617.6279527815,0,7587569.689442304,482047.9385104783,0,51,0.9779120474909381,55,3.198522026885587,4.257850384305323,12172.442666886414,4675.810984688091,2.603279453927371,2.009151322819754,305.51591770465785,0.0,0.0,0.0,1.61415473555982,7.875,0.4927536231884058,2004.606540208021,208,26.67304015159607,0.1,0.5
ring,100,1500000.0,4,5,exclude,launch,0,0.0,prior,0.0,sa,12600.0,43200.0,6863818.351790225,0,6353273.435116692,510544.91667353356,0,41,0.9553228452967506,42,3.149894199612885,3.5883521650985233,12365.505886382653,5534.439691569214,2.234283247357346,2.0141475080667646,308.5485504354084,0.0,0.005555555555555556,0.0,2.007090201654089,10.223880597014926,0.53125,2407.7300876463446,134,21.124063968658447,0.1,0.5
ring,100,1500000.0,5,4,exclude,launch,0,0.0,prior,0.0,sa,12600.0,43200.0,9013452.318349646,0,8431332.252934732,582120.0654149152,0,54,0.9827957233938586,57,3.1796645590154853,4.094827226180292,12246.610008987385,4859.216299085348,2.5202850120692446,2.0102875258572634,306.2042654708371,0.0,0.0,0.0,1.6147401456388328,7.009569377990431,0.4095238095238095,2251.9015805544454,209,25.696874856948853,0.1,0.5
ring,100,1500000.0,1,8,exclude,launch,0,0.0,prior,0.0,sa,12600.0,43200.0,1642748.0289703526,0,1329147.6048756556,313600.42409469705,0,0,0.0,0,3.20317828305706,6.962688381178823,12154.263817152048,2809.979724402758,4.325391998953072,2.0444657836501774,327.2726319647937,0.0,0.08333333333333333,0.0,7.459376825862494,77.55555555555556,0.6408839779005525,4636.658865951345,9,11.958773851394653,0.1,0.5
ring,100,1500000.0,2,7,exclude,launch,0,0.0,prior,0.0,sa,12600.0,43200.0,1121143.0777198842,0,895059.6061226851,226083.47159719918,0,0,0.0,0,3.22623909705551,3.0327913181994193,12065.003800609027,6493.902828618494,1.8578971874107522,2.0310082024578837,318.89337406063095,0.0,0.13043478260869565,0.0,3.9484535187123577,32.088235294117645,0.7619047619047619,3014.159300682686,34,18.229052543640137,0.1,0.5
ring,100,1500000.0,3,7,exclude,launch,0,0.0,prior,0.0,sa,12600.0,43200.0,1548106.127551169,0,1236694.0446942938,311412.0828568752,0,0,0.0,0,3.22623909705551,2.6322758857988293,12065.003800609027,7480.41627194789,1.6128786636986603,2.0314344813180787,319.15712677556803,0.0,0.0297029702970297,0.0,2.6876433532588786,13.95945945945946,0.6508620689655172,3181.1916529082314,74,16.682044982910156,0.1,0.5
ring,100,1500000.0,4,6,exclude,launch,0,0.0,prior,0.0,sa,12600.0,43200.0,7221548.772170382,0,6656324.801610397,565223.9705599844,0,43,0.9655610794752643,43,3.19101767500141,3.99476455137616,12201.852639894574,4976.118933777685,2.4520821954372742,2.0122320041919144,307.38408909311374,0.0,0.005555555555555556,0.0,1.9999122947168526,11.37037037037037,0.5201793721973094,2163.7144240852203,135,22.885775804519653,0.1,0.5
ring,100,1500000.0,1,9,exclude,launch,0,0.0,prior,0.0,sa,12600.0,43200.0,1732874.318110727,0,1394753.277499872,338121.0406108548,0,0,0.0,0,3.1915916932431867,5.5907064033637175,12199.598145553104,3501.1947879186664,3.4844100041646993,2.0435112465810557,326.6747165223446,0.0,0.08333333333333333,0.0,7.596950259452065,75.22222222222223,0.6123595505617978,4868.650892094612,9,11.122266054153442,0.1,0.5
paper,100,3000000.0,11,12,exclude,launch,0,0.0,prior,0.0,sa,12600.0,43200.0,5623936.2963587055,0,4919612.209033335,704324.0873253703,0,33,0.9634607138470481,37,6.97727919141477,12.200949389582783,11132.45408971209,3271.32161148392,3.4030448277026,2.004347960939262,302.61444799285607,0.0,0.0014970059880239522,0.0,1.4828801054629082,6.25748502994012,0.6659142212189616,1055.6071728906902,501,56.879677295684814,0.1,0.5
ring,100,1500000.0,2,8,exclude,launch,0,0.0,prior,0.0,sa,12600.0,43200.0,1216269.1059096933,0,991898.5667191914,224370.53919050185,0,0,0.0,0,3.20317828305706,3.2328728912441504,12154.263817152048,6094.631730723422,1.9942572995644083,2.0301302074825007,318.3504733103819,0.0,0.13043478260869565,0.0,3.9501316479271655,30.147058823529413,0.7297297297297297,3211.8192269834017,34,16.588889360427856,0.1,0.5
ring,100,1500000.0,3,8,exclude,launch,0,0.0,prior,0.0,sa,12600.0,43200.0,1591817.1848634034,0,1334941.5445286497,256875.6403347539,0,0,0.0,0,3.20317828305706,2.651802159032709,12154.263817152048,7423.934645963038,1.637172792699792,2.031817662910633,319.39430684830813,0.0,0.058823529411764705,0.0,2.6805245258548944,13.92,0.7621621621621621,3158.1651997655836,75,16.85053539276123,0.1,0.5
ring,100,1500000.0,1,10,exclude,launch,0,0.0,prior,0.0,sa,12600.0,43200.0,1729219.1247023132,0,1312638.1682215976,416580.95648071583,0,0,0.0,0,3.1799343219167775,11.815270236104523,12245.542816501451,1658.4688640431673,7.383643481040787,2.04131021874318,325.2980914976909,0.0,0.08333333333333333,0.0,7.520536677885571,77.88888888888889,0.6186046511627907,4654.669351748256,9,11.557821035385132,0.1,0.5
ring,100,1500000.0,5,5,exclude,launch,0,0.0,prior,0.0,sa,12600.0,43200.0,8857332.607621482,0,8254909.2383901635,602423.3692313189,0,55,0.9869435385878742,57,3.149894199612885,4.431915293663699,12365.505886382653,4492.805265025517,2.7522906418051534,2.008865892013844,305.3431164206666,0.0,0.0,0.0,1.6034967837084562,8.383886255924171,0.37668161434977576,1864.1762131578892,211,28.474704265594482,0.1,0.5
ring,100,1500000.0,3,9,exclude,launch,0,0.0,prior,0.0,sa,12600.0,43200.0,1603633.073391867,0,1338046.1766431767,265586.89674869046,0,0,0.0,0,3.1915916932431867,2.5363164425612115,12199.598145553104,7761.607720794767,1.5717875193393436,2.031911858153782,319.4526248995174,0.0,0.019801980198019802,0.0,2.690777793528858,12.72972972972973,0.7166666666666667,3461.104487989093,74,15.030129194259644,0.1,0.5
ring,100,1500000.0,4,7,exclude,launch,0,0.0,prior,0.0,sa,12600.0,43200.0,5396423.527065185,0,5027490.238138736,368933.2889264483,0,35,0.9211343058802433,37,3.22623909705551,3.5831527898249402,12065.003800609027,5540.2131263464935,2.177714742278394,2.0149681790389424,309.04812133848804,0.0,0.0,0.0,2.0238937143345286,11.772727272727273,0.5938864628820961,2126.908463540872,132,22.680795192718506,0.1,0.5
ring,100,1500000.0,1,11,exclude,launch,0,0.0,prior,0.0,sa,12600.0,43200.0,2294287.2219688897,0,1763503.4451486766,530783.776820213,0,0,0.0,0,3.163937907954001,6.6240168956579115,12309.139800997702,2960.4970996460734,4.157794919802237,2.0397358069162355,324.3151644551266,0.0,0.08333333333333333,0.0,7.618057275987235,65.33333333333333,0.5406698564593302,5621.146805171667,9,9.773376703262329,0.1,0.5
ring,100,1500000.0,5,6,exclude,launch,0,0.0,prior,0.0,sa,12600.0,43200.0,8749743.947811022,0,8100977.622771489,648766.3250395339,0,54,0.9864318195497859,54,3.19101767500141,4.785795985009071,12201.852639894574,4161.809040602783,2.931862687800615,2.0082772152687527,304.9868828490331,0.0,0.0035587188612099642,0.0,1.6006388926283672,9.09478672985782,0.42152466367713004,1720.3388587041734,211,29.512195587158203,0.1,0.5
ring,100,1500000.0,2,9,exclude,launch,0,0.0,prior,0.0,sa,12600.0,43200.0,1121936.7468545067,0,945105.8353970285,176830.9114574781,0,0,0.0,0,3.1915916932431867,3.187987034367863,12199.598145553104,6183.808409525886,1.9728292562816396,2.0290250992884307,317.66779648966946,0.0,0.06521739130434782,0.0,3.938763549739129,31.205882352941178,0.8033707865168539,3076.567194005713,34,17.50019097328186,0.1,0.5
ring,100,1500000.0,2,10,exclude,launch,0,0.0,prior,0.0,sa,12600.0,43200.0,1324331.7030334591,0,1080049.6768230062,244282.0262104528,0,0,0.0,0,3.1799343219167775,3.0492274715326984,12245.542816501451,6461.740388563203,1.895084308582738,2.0301151023170174,318.34113720647997,0.0,0.13043478260869565,0.0,3.9581335227802623,27.88235294117647,0.7096774193548387,3451.0344065162253,34,15.811169624328613,0.1,0.5
ring,100,1500000.0,3,10,exclude,launch,0,0.0,prior,0.0,sa,12600.0,43200.0,1713006.116605982,0,1347144.542865177,365861.573740805,0,0,0.0,0,3.1799343219167775,2.6206769306358972,12245.542816501451,7515.603225461262,1.6293492949463007,2.0308725123164697,318.80944099490097,0.0,0.04950495049504951,0.0,2.684278502471183,12.506666666666666,0.634703196347032,3575.278898886888,75,15.449050903320312,0.1,0.5
ring,100,1500000.0,4,8,exclude,launch,0,0.0,prior,0.0,sa,12600.0,43200.0,6150008.523097223,0,5783014.475789555,366994.0473076663,0,35,0.9506125723149069,36,3.20317828305706,3.827417316180731,12154.263817152048,5188.2543544306745,2.3426499525360645,2.014340639223707,308.66607971422764,0.0,0.00558659217877095,0.00558659217877095,2.0114044505862423,12.671641791044776,0.6086956521739131,1956.564471371066,134,24.6071355342865,0.1,0.5
ring,100,1500000.0,4,9,exclude,launch,0,0.0,prior,0.0,sa,12600.0,43200.0,5939954.172423954,0,5628187.670184837,311766.50223911734,0,37,0.9386307954873634,37,3.1915916932431867,3.4789136543702144,12199.598145553104,5704.96827681626,2.1384164737829647,2.015408601296141,309.3163882758557,0.0,0.0111731843575419,0.0,2.0196752774368405,9.992481203007518,0.6067415730337079,2484.0353038363837,133,20.531340837478638,0.1,0.5
ring,100,1500000.0,1,12,exclude,launch,0,0.0,prior,0.0,sa,12600.0,43200.0,1633289.14244382,0,1275027.06925515,358262.0731886699,0,0,0.0,0,3.2112213445339166,6.875801029202486,12122.98646165286,2845.9864822013556,4.259678159917257,2.0441080931870133,327.04851307758634,0.0,0.08333333333333333,0.0,7.502462185878778,81.44444444444444,0.6714285714285714,4440.76570893278,9,12.432084321975708,0.1,0.5
ring,100,1500000.0,5,7,exclude,launch,0,0.0,prior,0.0,sa,12600.0,43200.0,7819658.1510388795,0,7372930.174202578,446727.97683630127,0,51,0.9828000379929284,52,3.22623909705551,4.571600550474738,12065.003800609027,4355.4227542909,2.770110843711499,2.0089142495112027,305.3723888600262,0.0,0.0,0.0,1.5957443183134048,9.481132075471699,0.4978165938864629,1649.824714975562,212,31.57392978668213,0.1,0.5
ring,100,1500000.0,3,11,exclude,launch,0,0.0,prior,0.0,sa,12600.0,43200.0,1755004.5921305798,0,1403096.4157519776,351908.1763786022,0,0,0.0,0,3.163937907954001,2.699390160822645,12309.139800997702,7307.127411145564,1.6845388219483577,2.027905208891795,316.9767355400655,0.0,0.009900990099009901,0.0,2.694839832454643,13.135135135135135,0.6842105263157895,3357.940591271963,74,16.050020217895508,0.1,0.5
ring,100,1500000.0,2,11,exclude,launch,0,0.0,prior,0.0,sa,12600.0,43200.0,1211206.4989625046,0,1043653.1123491833,167553.38661332123,0,0,0.0,0,3.163937907954001,3.2795476099174503,12309.139800997702,6016.443578744149,2.0459162692866255,2.027244836793581,316.5695864157213,0.0,0.043478260869565216,0.0,3.9763589243304143,29.58823529411765,0.8047619047619048,3278.7615072621034,34,16.992126941680908,0.1,0.5
ring,100,1500000.0,5,9,exclude,launch,0,0.0,prior,0.0,sa,12600.0,43200.0,8623370.421606055,0,8195634.1667223,427736.2548837552,0,53,0.9808838977724011,56,3.1915916932431867,4.047602785270216,12199.598145553104,4914.907310633755,2.482162403990488,2.010697663584655,306.45293015264406,0.0,0.0,0.0,1.60486100327786,7.22488038277512,0.4632768361581921,2173.570978713045,209,26.047095775604248,0.1,0.5
ring,100,1500000.0,4,10,exclude,launch,0,0.0,prior,0.0,sa,12600.0,43200.0,5828264.34676624,0,5380139.945927332,448124.40083890775,0,36,0.9362406081554242,36,3.1799343219167775,3.9673460631796926,12245.542816501451,5007.362638230523,2.4455074859185193,2.0134964212384014,308.1524987589143,0.0,0.0223463687150838,0.0,2.0108328051844464,11.261194029850746,0.5462962962962963,2189.318387755926,134,22.472536087036133,0.1,0.5
ring,100,1500000.0,3,12,exclude,launch,0,0.0,prior,0.0,sa,12600.0,43200.0,1528051.7569933238,0,1270254.6764185561,257797.08057476763,0,0,0.0,0,3.2112213445339166,2.656656402301095,12122.98646165286,7413.067748876072,1.6353535233090077,2.031078146632739,318.93664333908106,0.0,0.0594059405940594,0.0,2.682099026527197,13.054054054054054,0.7336448598130841,3377.0108087356157,74,15.636155843734741,0.1,0.5
ring,100,1500000.0,2,12,exclude,launch,0,0.0,prior,0.0,sa,12600.0,43200.0,1230148.4854817977,0,1008137.2056175706,222011.27986422722,0,0,0.0,0,3.2112213445339166,3.4119493390144773,12122.98646165286,5778.460029639423,2.097961463689373,2.0288283443446495,317.54632863808575,0.0,0.06521739130434782,0.0,3.9658239818463183,28.470588235294116,0.7767441860465116,3418.4767711590325,34,16.068175792694092,0.1,0.5
ring,100,1500000.0,5,8,exclude,launch,0,0.0,prior,0.0,sa,12600.0,43200.0,7734254.37081393,0,7341504.367678454,392750.0031354757,0,46,0.9812080081073448,46,3.20317828305706,4.6074155359841775,12154.263817152048,4319.580064877301,2.8137605125041927,2.009838127502307,305.9319131272098,0.0,0.0035587188612099642,0.0,1.6029721665983783,10.459715639810426,0.5659340659340659,1500.2152242249133,211,33.02244186401367,0.1,0.5
ring,100,1500000.0,4,11,exclude,launch,0,0.0,prior,0.0,sa,12600.0,43200.0,6823170.660646914,0,6434174.145633676,388996.51501323725,0,37,0.9477037503431351,38,3.163937907954001,3.838389784390217,12309.139800997702,5176.078422541514,2.3780821688079783,2.013307302891839,308.03750702817985,0.0,0.00558659217877095,0.0,2.0169927638846294,10.723880597014926,0.6028708133971292,2307.3128963425233,134,22.200979471206665,0.1,0.5
ring,100,1500000.0,4,12,exclude,launch,0,0.0,prior,0.0,sa,12600.0,43200.0,5625891.264301929,0,5304041.63676657,321849.62753535924,0,35,0.9306569781029104,36,3.2112213445339166,3.7559524747698134,12122.98646165286,5285.313976282521,2.293711691690204,2.01497244323964,309.050718160753,0.0,0.01675977653631285,0.0,2.015647127791886,10.507462686567164,0.6150234741784038,2353.33346811607,134,21.473600387573242,0.1,0.5
ring,100,1500000.0,5,10,exclude,launch,0,0.0,prior,0.0,sa,12600.0,43200.0,7411723.4381208345,0,6855795.00814077,555928.4299800644,0,48,0.9745638206368905,49,3.1799343219167775,4.274333136240762,12245.542816501451,4654.244710452623,2.63104833937934,2.0106774623818957,306.4406798900126,0.0,0.01444043321299639,0.0,1.6181757303040734,8.599033816425122,0.43661971830985913,1841.9744507712574,207,28.64573335647583,0.1,0.5
ring,100,3000000.0,3,1,exclude,launch,0,0.0,prior,0.0,sa,12600.0,43200.0,895515.1979373199,0,744360.7247626041,151154.4731747157,0,0,0.0,0,6.432792580888589,9.942834926600936,12102.945155992567,3989.5378658007576,3.0336709571656946,2.016773686593118,310.14861892444816,0.0,0.11764705882352941,0.0,5.331149031655653,36.333333333333336,0.907608695652174,2395.7618112071414,36,21.682712078094482,0.1,0.5
ring,100,1500000.0,5,11,exclude,launch,0,0.0,prior,0.0,sa,12600.0,43200.0,8351903.090781839,0,7904460.742133237,447442.3486486014,0,48,0.9755465430640857,50,3.163937907954001,4.289399476683299,12309.139800997702,4639.463564301678,2.6531385860447956,2.0099984776541993,306.0290774591401,0.0,0.0,0.0,1.6192642998122615,8.20673076923077,0.5432692307692307,1927.087051702573,208,27.662086963653564,0.1,0.5
ring,100,1500000.0,5,12,exclude,launch,0,0.0,prior,0.0,sa,12600.0,43200.0,7984469.499166541,0,7519642.166000344,464827.33316619677,0,50,0.9781384139067287,51,3.2112213445339166,4.490604148411243,12122.98646165286,4431.499484276945,2.7356398222916365,2.0100391437419614,306.0537215672983,0.0,0.0035971223021582736,0.0,1.6150115070514612,8.280193236714975,0.46919431279620855,1914.5354497231147,207,27.614092588424683,0.1,0.5
ring,100,3000000.0,4,1,exclude,launch,0,0.0,prior,0.0,sa,12600.0,43200.0,609161.9137117127,0,535507.510121611,73654.40359010173,0,0,0.0,0,6.432792580888589,6.655680995028024,12102.945155992567,5963.769485148632,2.0294119660614167,2.01547140237576,309.35465071289775,0.0,0.08695652173913043,0.0,3.98206143443191,28.058823529411764,0.9518716577540107,1733.2270079280215,68,30.44293713569641,0.1,0.5
ring,100,3000000.0,3,2,exclude,launch,0,0.0,prior,0.0,sa,12600.0,43200.0,773415.0560582381,0,647543.9314573783,125871.12460085974,0,0,0.0,0,6.525338664275783,8.569811286700824,11926.566744799826,4625.922999988835,2.5782026083937435,2.017996129435816,310.8948358638906,0.0,0.1346153846153846,0.0,5.267458356134458,42.486486486486484,0.8874458874458875,2087.4827938535536,37,25.73797345161438,0.1,0.5
ring,100,3000000.0,5,1,exclude,launch,0,0.0,prior,0.0,sa,12600.0,43200.0,533634.0360215529,0,482518.1382265272,51115.8977950256,0,0,0.0,0,6.432792580888589,5.922398183415864,12102.945155992567,6704.0042400662005,1.8053307728625563,2.0149213726311155,309.01961778702827,0.0,0.04285714285714286,0.0,3.244608344054876,20.20952380952381,0.9347826086956522,1578.146015744367,105,32.133363246917725,0.1,0.5
ring,100,3000000.0,6,1,exclude,launch,0,0.0,prior,0.0,sa,12600.0,43200.0,572556.3170779445,0,503369.26338585635,69187.05369208811,0,0,0.0,0,6.432792580888589,5.394485551037951,12102.945155992567,7354.943554211184,1.6455524188303041,2.016325342877838,309.8751607727264,0.0,0.010050251256281407,0.0,2.710783197343504,13.931972789115646,0.9402173913043478,1634.0546219441862,147,31.24562168121338,0.1,0.5
ring,100,3000000.0,7,1,exclude,launch,0,0.0,prior,0.0,sa,12600.0,43200.0,3123336.78642756,0,2950366.483487176,172970.30294038437,0,19,0.8563959239322179,21,6.432792580888589,6.221214952515972,12102.945155992567,6392.4632676093115,1.8933147754353687,2.0116227507175317,307.01417693079173,0.0,0.007326007326007326,0.0,2.309049332916878,10.389162561576354,0.7759562841530054,1556.000657238482,203,32.45915222167969,0.1,0.5
ring,100,3000000.0,4,2,exclude,launch,0,0.0,prior,0.0,sa,12600.0,43200.0,635968.5038758497,0,548001.5615738882,87966.94230196152,0,0,0.0,0,6.525338664275783,6.472076137109237,11926.566744799826,6131.178237687735,1.9452324304467974,2.016055240749339,309.710475676259,0.0,0.11956521739130435,0.0,4.00855780822757,27.0,0.9126637554585153,1816.2038983540997,68,29.791391372680664,0.1,0.5
ring,100,3000000.0,6,2,exclude,launch,0,0.0,prior,0.0,sa,12600.0,43200.0,661345.9513387944,0,556308.8676934983,105037.08364529606,0,0,0.0,0,6.525338664275783,5.081524755942227,11926.566744799826,7800.270392326874,1.5289940149423524,2.018302618968031,311.0820671391453,0.0,0.04,0.0,2.715493894323437,12.680272108843537,0.8968609865470852,1807.4165654344988,147,29.347908973693848,0.1,0.5
ring,100,3000000.0,3,3,exclude,launch,0,0.0,prior,0.0,sa,12600.0,43200.0,727671.5076659035,0,633022.356744405,94649.15092149857,0,0,0.0,0,6.397044053771174,8.449211070998295,12172.442666886414,4696.173304690677,2.5919917935584316,2.016181902293299,309.78769756452857,0.0,0.11538461538461539,0.0,5.353198501035142,41.513513513513516,0.9209302325581395,2173.530035532934,37,26.086723566055298,0.1,0.5
ring,100,3000000.0,5,2,exclude,launch,0,0.0,prior,0.0,sa,12600.0,43200.0,564231.2223763019,0,483157.93931050313,81073.2830657987,0,0,0.0,0,6.525338664275783,5.422444683221316,11926.566744799826,7316.304106940928,1.6301354578037799,2.016522665536672,309.9954988649345,0.0,0.05714285714285714,0.0,3.2479746642072467,19.723809523809525,0.9196428571428571,1628.7556613216805,105,31.49916911125183,0.1,0.5
ring,100,3000000.0,7,2,exclude,launch,0,0.0,prior,0.0,sa,12600.0,43200.0,4337657.515830981,0,4033789.701445511,303867.8143854693,0,25,0.9163599858446854,26,6.525338664275783,5.402771658651742,11926.566744799826,7352.027303889413,1.6222146969571731,2.0140315183674673,308.47797607278926,0.0,0.01824817518248175,0.0036496350364963502,2.313640282694585,9.612745098039216,0.7058823529411765,1683.6630960595794,204,30.176369667053223,0.1,0.5
ring,100,3000000.0,8,1,exclude,launch,0,0.0,prior,0.0,sa,12600.0,43200.0,5149455.035007079,0,4891086.458864525,258368.57614255502,0,33,0.9646483310801606,33,6.432792580888589,7.857596653874185,12102.945155992567,5071.377555451001,2.38652023511514,2.0075867047759504,304.5692902923776,0.0,0.0027624309392265192,0.0,1.9991211719314588,9.970588235294118,0.7049180327868853,1223.6543754976792,272,41.14534258842468,0.1,0.5
ring,100,3000000.0,4,3,exclude,launch,0,0.0,prior,0.0,sa,12600.0,43200.0,629152.4758175005,0,543620.8834971294,85531.59232037103,0,0,0.0,0,6.397044053771174,6.682234180678553,12172.442666886414,5943.8863020083845,2.0478929186067134,2.014177786697571,308.5669749092351,0.0,0.05434782608695652,0.0,4.028428077892595,27.044117647058822,0.9532710280373832,1824.8255133252612,68,29.26699686050415,0.1,0.5
ring,100,3000000.0,8,2,exclude,launch,0,0.0,prior,0.0,sa,12600.0,43200.0,7086360.996973674,0,6628452.811400171,457908.18557350215,0,41,0.9750627105191484,44,6.525338664275783,6.468948895947578,11926.566744799826,6155.966764953909,1.9373994695192482,2.0089077779508937,305.36847132294304,0.0,0.008333333333333333,0.0,2.011692050586385,7.944444444444445,0.583710407239819,1546.6725450868573,270,35.33936309814453,0.1,0.5
ring,100,3000000.0,6,3,exclude,launch,0,0.0,prior,0.0,sa,12600.0,43200.0,636056.462589401,0,548551.805325407,87504.65726399414,0,0,0.0,0,6.397044053771174,5.284450738164324,12172.442666886414,7511.048872256329,1.6206049080372709,2.0155312932646794,309.39114227994986,0.0,0.020100502512562814,0.0,2.7067771465413357,12.904761904761905,0.9186602870813397,1756.0476493313397,147,29.406164407730103,0.1,0.5
ring,100,3000000.0,5,3,exclude,launch,0,0.0,prior,0.0,sa,12600.0,43200.0,546121.5711555142,0,480214.9943320177,65906.57682349648,0,0,0.0,0,6.397044053771174,5.590729829842583,12172.442666886414,7103.5353487329585,1.7135752930486345,2.0144056710708043,308.70565965018284,0.0,0.05714285714285714,0.0,3.254910169643949,19.19047619047619,0.9198113207547169,1661.5271880983514,105,30.252607107162476,0.1,0.5
ring,100,3000000.0,9,1,exclude,launch,0,0.0,prior,0.0,sa,12600.0,43200.0,6084977.0689896885,0,5768242.887021778,316734.18196790986,0,40,0.9769417904688017,40,6.432792580888589,8.010881673113126,12102.945155992567,4976.006362600334,2.4322607878796756,2.006913909962725,304.16268662292686,0.0,0.0021691973969631237,0.0021691973969631237,1.7637392761331874,7.988372093023256,0.6338797814207651,1205.7259174055926,344,45.22933840751648,0.1,0.5
ring,100,3000000.0,7,3,exclude,launch,0,0.0,prior,0.0,sa,12600.0,43200.0,4198063.832940537,0,3946932.1805363987,251131.6524041376,0,28,0.9314623547316306,30,6.397044053771174,6.002435373158392,12172.442666886414,6630.913370606662,1.8357113095224704,2.0099679853837538,306.0105994500353,0.0,0.0036496350364963502,0.0,2.3047011093679175,10.196078431372548,0.645933014354067,1588.3047691436584,204,32.127241373062134,0.1,0.5
ring,100,3000000.0,9,2,exclude,launch,0,0.0,prior,0.0,sa,12600.0,43200.0,8767171.386844058,0,8211676.160646076,555495.2261979809,0,50,0.9878859535003187,50,6.525338664275783,7.715379132604822,11926.566744799826,5167.85616283678,2.30783643526429,2.0064220755700473,303.8656182584166,0.0,0.0,0.002109704641350211,1.7219322524940064,6.642253521126761,0.497737556561086,1391.4675846451178,355,41.08340835571289,0.1,0.5
ring,100,3000000.0,3,4,exclude,launch,0,0.0,prior,0.0,sa,12600.0,43200.0,858734.025726387,0,698296.4193938206,160437.60633256639,0,0,0.0,0,6.359329118030971,9.815064689163012,12246.610008987385,4042.9411661136487,3.0291338671048886,2.0160411820499893,309.70190508646175,0.0,0.09803921568627451,0.0,5.3074384115994775,36.888888888888886,0.9095238095238095,2345.0428838213556,36,21.88954496383667,0.1,0.5
ring,100,3000000.0,10,1,exclude,launch,0,0.0,prior,0.0,sa,12600.0,43200.0,6544715.873924639,0,6234347.169333194,310368.70459144446,0,43,0.9822609427246061,44,6.432792580888589,8.483589700242328,12102.945155992567,4700.174952251653,2.574998862583735,2.0063020045427775,303.79311730404385,0.0,0.0017825311942959,0.0,1.6047469663965188,7.1119047619047615,0.6229508196721312,1108.6648854891996,420,51.377366065979004,0.1,0.5
ring,100,3000000.0,10,2,exclude,launch,0,0.0,prior,0.0,sa,12600.0,43200.0,9515315.581132647,0,8924862.982466202,590452.5986664433,0,55,0.9908129915230323,60,6.525338664275783,7.718838660941206,11926.566744799826,5166.668745095769,2.3083668284560703,2.0059837261914506,303.6009772086107,0.0,0.0,0.0017761989342806395,1.6015529810326834,5.537914691943128,0.47058823529411764,1418.186614285478,422,44.27871084213257,0.1,0.5
ring,100,3000000.0,8,3,exclude,launch,0,0.0,prior,0.0,sa,12600.0,43200.0,6117408.703771445,0,5773292.252501355,344116.4512700908,0,39,0.9701664985576983,40,6.397044053771174,6.857192715918686,12172.442666886414,5812.551760027065,2.094165036188811,2.0071359911747138,304.2968714158421,0.0,0.002777777777777778,0.0,2.0142373378268186,8.25830258302583,0.583732057416268,1486.844983091498,271,35.938629150390625,0.1,0.5
ring,100,3000000.0,4,4,exclude,launch,0,0.0,prior,0.0,sa,12600.0,43200.0,618628.2330402338,0,535128.6235094857,83499.60953074819,0,0,0.0,0,6.359329118030971,6.464574867089156,12246.610008987385,6141.774543303126,1.9939856018226614,2.014912297813829,309.01409167612394,0.0,0.08695652173913043,0.0,4.021358557194451,26.852941176470587,0.9216589861751152,1827.1125215967415,68,29.175270318984985,0.1,0.5
ring,100,3000000.0,6,4,exclude,launch,0,0.0,prior,0.0,sa,12600.0,43200.0,673750.8713208257,0,573180.4819099844,100570.38941084119,0,0,0.0,0,6.359329118030971,4.984980690811648,12246.610008987385,7955.315877451436,1.5394247315432443,2.0172934478745095,310.4657877265221,0.0,0.03015075376884422,0.0,2.708179835076687,12.285714285714286,0.8826291079812206,1847.5678626839608,147,28.2847580909729,0.1,0.5
ring,100,3000000.0,5,4,exclude,launch,0,0.0,prior,0.0,sa,12600.0,43200.0,547950.0262403975,0,474897.1548631402,73052.87137725725,0,0,0.0,0,6.359329118030971,5.578328525593563,12246.610008987385,7117.189999702182,1.7207085955973977,2.0150106202450297,309.07396776305984,0.0,0.05714285714285714,0.0,3.2466492144158976,19.6,0.8976744186046511,1632.33152150808,105,30.3829927444458,0.1,0.5
ring,100,3000000.0,3,5,exclude,launch,0,0.0,prior,0.0,sa,12600.0,43200.0,825163.6778992962,0,682491.3755682233,142672.3023310728,0,0,0.0,0,6.29978839922577,11.745833398754776,12365.505886382653,3379.0317665946586,3.659481987896325,2.0156442119402973,309.4599495743481,0.0,0.09615384615384616,0.0,5.264019590565217,38.189189189189186,0.8777292576419214,2321.1335207494753,37,23.72858190536499,0.1,0.5
ring,100,3000000.0,7,4,exclude,launch,0,0.0,prior,0.0,sa,12600.0,43200.0,4873846.196959294,0,4565911.665971299,307934.5309879955,0,29,0.9384666276242479,30,6.359329118030971,5.952868206149039,12246.610008987385,6684.242494471655,1.832161238781538,2.0105344653696737,306.3539717099917,0.0,0.01090909090909091,0.0,2.2961744768866863,9.507317073170732,0.6571428571428571,1687.715060335757,205,30.488313674926758,0.1,0.5
ring,100,3000000.0,9,3,exclude,launch,0,0.0,prior,0.0,sa,12600.0,43200.0,7918791.552566625,0,7461042.392950204,457749.1596164213,0,50,0.9873554037819101,50,6.397044053771174,8.699618746867651,12172.442666886414,4587.35089051407,2.6534797440625564,2.0046003671260673,302.76656928894886,0.0,0.0,0.002105263157894737,1.7221094022688972,7.307909604519774,0.5119617224880383,1284.2592667559998,354,43.22989797592163,0.1,0.5
ring,100,3000000.0,4,5,exclude,launch,0,0.0,prior,0.0,sa,12600.0,43200.0,589641.2135465243,0,516606.21409952565,73034.99944699861,0,0,0.0,0,6.29978839922577,6.621383897640345,12365.505886382653,5996.9266397451565,2.061973845807814,2.0147097237006273,308.89074701178095,0.0,0.08888888888888889,0.0,4.022506006555169,28.772727272727273,0.9295154185022027,1738.777614573833,66,29.494861125946045,0.1,0.5
ring,100,3000000.0,3,6,exclude,launch,0,0.0,prior,0.0,sa,12600.0,43200.0,932823.0115834918,0,741473.7682290425,191349.2433544492,0,0,0.0,0,6.38203535000282,9.060234341147336,12201.852639894574,4378.202572676983,2.7869547919145146,2.0167622538541394,310.14164425876487,0.0,0.0784313725490196,0.0,5.287164533136718,35.75,0.9013452914798207,2419.0303215759923,36,21.52340030670166,0.1,0.5
ring,100,3000000.0,8,4,exclude,launch,0,0.0,prior,0.0,sa,12600.0,43200.0,6589860.623106479,0,6145950.643246098,443909.97986038006,0,37,0.9728028933138783,39,6.359329118030971,6.806513902380547,12246.610008987385,5852.567808375281,2.0925191146802176,2.0082547225636294,304.97327567155827,0.0,0.002793296089385475,0.002793296089385475,2.017122629888546,8.394052044609666,0.5613207547169812,1472.3629832333772,269,36.062579870224,0.1,0.5
ring,100,3000000.0,5,5,exclude,launch,0,0.0,prior,0.0,sa,12600.0,43200.0,542193.9246916537,0,472534.4743127162,69659.4503789374,0,0,0.0,0,6.29978839922577,5.703782387570877,12365.505886382653,6962.364279606258,1.776049828734609,2.014514032005007,308.7716163405169,0.0,0.14285714285714285,0.0,3.2525053587055437,19.20952380952381,0.9247787610619469,1666.8825350804148,105,30.523041009902954,0.1,0.5
ring,100,3000000.0,6,5,exclude,launch,0,0.0,prior,0.0,sa,12600.0,43200.0,641792.0703602616,0,535316.9863983775,106475.08396188404,0,0,0.0,0,6.29978839922577,5.101767056621232,12365.505886382653,7775.662433644243,1.5902832706418395,2.016656653910842,310.0772255823569,0.0,0.04522613065326633,0.0,2.713413568647872,12.602739726027398,0.8893805309734514,1814.560078348423,146,29.023735761642456,0.1,0.5
ring,100,3000000.0,7,5,exclude,launch,0,0.0,prior,0.0,sa,12600.0,43200.0,3969451.6799650756,0,3607072.7496262304,362378.93033884524,0,23,0.9011270758181918,27,6.29978839922577,5.534113045756077,12365.505886382653,7183.59658010208,1.7213530504530277,2.0123338178724826,307.4459276424829,0.0,0.01098901098901099,0.007326007326007326,2.3178051451283563,8.931034482758621,0.6622222222222223,1821.6259399437154,203,28.88473677635193,0.1,0.5
ring,100,3000000.0,10,3,exclude,launch,0,0.0,prior,0.0,sa,12600.0,43200.0,7976038.068578728,0,7518171.341612712,457866.7269660154,0,51,0.9879304521446292,55,6.397044053771174,8.233088666160675,12172.442666886414,4846.391061506703,2.511650940339532,2.004973973504331,302.9918062263251,0.0,0.0,0.0,1.588190523389274,6.251173708920188,0.5288461538461539,1232.6327487573817,426,47.224337339401245,0.1,0.5
ring,100,3000000.0,9,4,exclude,launch,0,0.0,prior,0.0,sa,12600.0,43200.0,7695961.905860482,0,7210808.665458255,485153.2404022264,0,45,0.9832780075357788,47,6.359329118030971,7.130189492221733,12246.610008987385,5589.859009873527,2.190862057049355,2.007188042703524,304.3283260094867,0.0,0.0,0.0,1.7864497313625387,6.991097922848665,0.5,1400.6595917928717,337,41.01025128364563,0.1,0.5
ring,100,3000000.0,10,4,exclude,launch,0,0.0,prior,0.0,sa,12600.0,43200.0,8904730.440478906,0,8312084.027948692,592646.4125302137,0,53,0.9898843399628662,57,6.359329118030971,7.516515935339287,12246.610008987385,5304.651147843548,2.308655115608477,2.00639564272005,303.8496569057709,0.0,0.0017825311942959,0.0,1.5977667902720518,5.465558194774347,0.41545893719806765,1421.493385034338,421,43.77337121963501,0.1,0.5
ring,100,3000000.0,4,6,exclude,launch,0,0.0,prior,0.0,sa,12600.0,43200.0,610455.9747193428,0,534515.8323560094,75940.1423633334,0,0,0.0,0,6.38203535000282,6.317950836048948,12201.852639894574,6283.17333948319,1.9419888614593297,2.0152767929709894,309.2360899036373,0.0,0.09782608695652174,0.0,4.024366913724697,27.985294117647058,0.9464285714285714,1762.1629194459738,68,30.55982756614685,0.1,0.5
ring,100,3000000.0,6,6,exclude,launch,0,0.0,prior,0.0,sa,12600.0,43200.0,689161.5885935016,0,580369.8043816899,108791.78421181168,0,0,0.0,0,6.38203535000282,4.980338612943868,12201.852639894574,7960.926720453406,1.5327176179809918,2.017750619272165,310.7448969086626,0.0,0.010050251256281407,0.0,2.7124858169615806,12.034246575342467,0.8834080717488789,1898.138607941704,146,28.24974298477173,0.1,0.5
ring,100,3000000.0,8,5,exclude,launch,0,0.0,prior,0.0,sa,12600.0,43200.0,6599292.909699952,0,6121244.173134976,478048.73656497645,0,40,0.975843169261623,42,6.29978839922577,6.978309506349098,12365.505886382653,5710.6199476928205,2.1653526236461436,2.0075043791882665,304.51952222506014,0.0,0.005571030640668524,0.0,2.0129115919358123,8.687732342007434,0.5357142857142857,1417.1969412737922,269,36.86493945121765,0.1,0.5
ring,100,3000000.0,5,6,exclude,launch,0,0.0,prior,0.0,sa,12600.0,43200.0,572986.0961537927,0,492291.06622793083,80695.02992586188,0,0,0.0,0,6.38203535000282,5.588225629188932,12201.852639894574,7103.799306149329,1.717651655689677,2.0152334850854685,309.2097087716359,0.0,0.06428571428571428,0.0,3.2396133591989846,19.34285714285714,0.9375,1644.1177506674712,105,30.747236251831055,0.1,0.5
ring,100,3000000.0,7,6,exclude,launch,0,0.0,prior,0.0,sa,12600.0,43200.0,4644797.328179528,0,4284454.694674018,360342.6335055097,0,27,0.922030065325758,29,6.38203535000282,5.902408405523272,12201.852639894574,6739.1873181669525,1.8105822058101595,2.0111904712795123,306.7518507619448,0.0,0.0036363636363636364,0.0,2.2946099853827304,9.678048780487805,0.695067264573991,1674.5129945171961,205,30.075582027435303,0.1,0.5
ring,100,3000000.0,3,7,exclude,launch,0,0.0,prior,0.0,sa,12600.0,43200.0,721622.7729267068,0,602454.6350771734,119168.13784953354,0,0,0.0,0,6.45247819411102,8.476087853362863,12065.003800609027,4679.511036202471,2.5782616404298624,2.016945028153722,310.2531570859723,0.0,0.23076923076923078,0.0,5.343175518700932,44.67567567567568,0.8803418803418803,2034.6324053818323,37,24.441778898239136,0.1,0.5
ring,100,3000000.0,9,5,exclude,launch,0,0.0,prior,0.0,sa,12600.0,43200.0,7943558.236584164,0,7414560.255520961,528997.9810632033,0,49,0.986515204162765,52,6.29978839922577,7.357245083138783,12365.505886382653,5419.594454520803,2.281629371007245,2.006355902102019,303.82566050867035,0.0,0.0022026431718061676,0.0,1.7780380913907463,6.8609467455621305,0.48878923766816146,1425.593369677285,338,40.93649506568909,0.1,0.5
ring,100,3000000.0,8,6,exclude,launch,0,0.0,prior,0.0,sa,12600.0,43200.0,6865821.426962679,0,6334370.80864946,531450.6183132204,0,41,0.9754583465807658,43,6.38203535000282,6.852754295123685,12201.852639894574,5814.269471515608,2.0986045967893387,2.0078426285921083,304.724029202235,0.0,0.0027624309392265192,0.0,1.9954999354982583,8.022140221402214,0.5605381165919282,1520.2405300184073,271,36.045628786087036,0.1,0.5
ring,100,3000000.0,4,7,exclude,launch,0,0.0,prior,0.0,sa,12600.0,43200.0,558155.0818563965,0,484516.4187655704,73638.66309082616,0,0,0.0,0,6.45247819411102,6.927941954555354,12065.003800609027,5730.977793285956,2.1052260601574146,2.0149163504484298,309.0165595222678,0.0,0.1,0.0,4.0319173162553605,30.106060606060606,0.8969957081545065,1668.3338749467625,66,31.759599208831787,0.1,0.5
ring,100,3000000.0,10,5,exclude,launch,0,0.0,prior,0.0,sa,12600.0,43200.0,8743679.189620862,0,8179958.914727438,563720.2748934239,0,54,0.9916907549723711,57,6.29978839922577,8.531535208320312,12365.505886382653,4677.084072263587,2.6438493931964047,2.004876489414562,302.9330276934403,0.0,0.0,0.0,1.5747427287567113,6.298823529411765,0.4439461883408072,1233.561186995692,425,47.721484661102295,0.1,0.5
ring,100,3000000.0,3,8,exclude,launch,0,0.0,prior,0.0,sa,12600.0,43200.0,656025.3686206453,0,580546.8594943415,75478.50912630379,0,0,0.0,0,6.40635656611412,10.801541159705327,12154.263817152048,3673.160782859777,3.3089386867757042,2.0163425886366437,309.88567724299014,0.0,0.18867924528301888,0.0,5.31451521439767,47.05263157894737,0.8900523560209425,1877.1895102087442,38,26.60282039642334,0.1,0.5
ring,100,3000000.0,5,7,exclude,launch,0,0.0,prior,0.0,sa,12600.0,43200.0,512978.6976862207,0,444851.3872666742,68127.31041954647,0,0,0.0,0,6.45247819411102,5.959603556028295,12065.003800609027,6662.483878571709,1.810886753424385,2.0148208907678202,308.95843210163764,0.0,0.07092198581560284,0.0,3.2386647021406465,21.132075471698112,0.927038626609442,1512.8970669531068,106,33.2349693775177,0.1,0.5
ring,100,3000000.0,9,6,exclude,launch,0,0.0,prior,0.0,sa,12600.0,43200.0,7495260.87763584,0,6946914.732822864,548346.1448129757,0,47,0.9831404648851795,49,6.38203535000282,7.518304115709013,12201.852639894574,5302.68536254404,2.301070458768566,2.006662058560731,304.0105500437185,0.0,0.0,0.002173913043478261,1.7518453174449309,6.825072886297376,0.515695067264574,1409.7420813262745,343,40.788800954818726,0.1,0.5
ring,100,3000000.0,6,7,exclude,launch,0,0.0,prior,0.0,sa,12600.0,43200.0,546400.8930162796,0,475363.98342174327,71036.90959453635,0,0,0.0,0,6.45247819411102,5.102659883696575,12065.003800609027,7772.48593761677,1.5522709075892451,2.0171278261925645,310.3647044445633,0.0,0.03980099502487562,0.0,2.704174456428395,14.35135135135135,0.8841201716738197,1580.6529650446878,148,32.15472960472107,0.1,0.5
ring,100,3000000.0,7,7,exclude,launch,0,0.0,prior,0.0,sa,12600.0,43200.0,3342683.695259537,0,3124699.455447393,217984.23981214393,0,19,0.8781832523538992,21,6.45247819411102,5.583062378641418,12065.003800609027,7117.517903592524,1.695113937756207,2.013209349176246,307.97795557744575,0.0,0.014652014652014652,0.0,2.31560240074334,10.251231527093596,0.7685589519650655,1582.8922204776497,203,32.259175539016724,0.1,0.5
ring,100,3000000.0,4,8,exclude,launch,0,0.0,prior,0.0,sa,12600.0,43200.0,576628.8848430942,0,497840.9496853247,78787.9351577695,0,0,0.0,0,6.40635656611412,6.570295066788402,12154.263817152048,6042.334480083814,2.0115178756180767,2.0151173891734278,309.1389941406828,0.0,0.18681318681318682,0.0,4.043979887570339,30.196969696969695,0.8994708994708994,1678.5062988791044,66,31.470852613449097,0.1,0.5
ring,100,3000000.0,3,9,exclude,launch,0,0.0,prior,0.0,sa,12600.0,43200.0,844924.6692891875,0,718137.7057762778,126786.96351290969,0,0,0.0,0,6.383183386486373,9.564130853985404,12199.598145553104,4148.593619603682,2.940658754307813,2.0162462957860026,309.82696010963156,0.0,0.09803921568627451,0.0,5.297616695196012,38.02777777777778,0.9269662921348315,2254.808617464703,36,22.975271701812744,0.1,0.5
ring,100,3000000.0,10,6,exclude,launch,0,0.0,prior,0.0,sa,12600.0,43200.0,8707187.46201524,0,8069014.721289863,638172.7407253761,0,54,0.9904045755493535,54,6.38203535000282,9.320405796923087,12201.852639894574,4281.471171035187,2.8499205419020432,2.0047588604031708,302.86211026760367,0.0,0.003355704697986577,0.013422818791946308,1.5025214251577408,6.062780269058296,0.4349775784753363,1224.456004664813,446,49.294275522232056,0.1,0.5
ring,100,3000000.0,8,7,exclude,launch,0,0.0,prior,0.0,sa,12600.0,43200.0,4974571.05812973,0,4682900.057037093,291671.0010926367,0,33,0.9574271323786382,37,6.45247819411102,6.761216893574856,12065.003800609027,5890.970331658658,2.0480503416848834,2.008529818106736,305.13971820312173,0.0,0.00554016620498615,0.0,2.01303130913921,8.918819188191883,0.6521739130434783,1374.2030466953847,271,39.002777338027954,0.1,0.5
ring,100,3000000.0,5,8,exclude,launch,0,0.0,prior,0.0,sa,12600.0,43200.0,496192.9047018972,0,444334.0497602953,51858.85494160187,0,0,0.0,0,6.40635656611412,5.830652877563499,12154.263817152048,6809.69350246784,1.784847410936679,2.014861669263798,308.9832623222708,0.0,0.07092198581560284,0.0,3.2256633662866037,22.476190476190474,0.9251336898395722,1429.1376208464953,105,34.43654990196228,0.1,0.5
ring,100,3000000.0,6,8,exclude,launch,0,0.0,prior,0.0,sa,12600.0,43200.0,562814.7224932478,0,501864.55819224694,60950.16430100092,0,0,0.0,0,6.40635656611412,5.364693756427941,12154.263817152048,7396.733678199811,1.6431933804746783,2.016067504530073,309.71795212859087,0.0,0.04975124378109453,0.0,2.6968303641891707,14.51006711409396,0.918918918918919,1551.9621190558162,149,32.024131774902344,0.1,0.5
ring,100,3000000.0,4,9,exclude,launch,0,0.0,prior,0.0,sa,12600.0,43200.0,613488.195117515,0,545436.9424639003,68051.25265361469,0,0,0.0,0,6.383183386486373,6.235296875174012,12199.598145553104,6366.614891552757,1.9161828308069278,2.0152283786138145,309.2065982228504,0.0,0.0989010989010989,0.0,4.0353581246893455,26.64179104477612,0.918918918918919,1875.2746874835327,67,28.734880208969116,0.1,0.5
ring,100,3000000.0,7,8,exclude,launch,0,0.0,prior,0.0,sa,12600.0,43200.0,4195372.740141212,0,3988704.1640560282,206668.57608518345,0,24,0.9229864259822255,28,6.40635656611412,5.894315579360697,12154.263817152048,6748.089731018692,1.8011414046975396,2.011294907632047,306.81521706075324,0.0,0.0,0.0,2.309922662729633,11.362745098039216,0.782608695652174,1420.0800198833065,204,33.58955192565918,0.1,0.5
ring,100,3000000.0,9,7,exclude,launch,0,0.0,prior,0.0,sa,12600.0,43200.0,6425372.067283531,0,6071197.686559155,354174.3807243762,0,42,0.9802209680973109,44,6.45247819411102,7.704523403869588,12065.003800609027,5175.023518713484,2.3313911051767353,2.0064663486798544,303.8923533074874,0.0,0.004366812227074236,0.0,1.768503417246501,8.04692082111437,0.6026200873362445,1195.9750984657621,341,45.19474411010742,0.1,0.5
ring,100,3000000.0,5,9,exclude,launch,0,0.0,prior,0.0,sa,12600.0,43200.0,550619.1270724029,0,478714.3048664574,71904.82220594543,0,0,0.0,0,6.383183386486373,5.766557865856361,12199.598145553104,6885.6804334766275,1.771734582139683,2.014774610920387,308.93025329058673,0.0,0.05,0.0,3.244870988077581,20.23076923076923,0.9340659340659341,1598.0470135220473,104,31.57452368736267,0.1,0.5
ring,100,3000000.0,8,8,exclude,launch,0,0.0,prior,0.0,sa,12600.0,43200.0,5900166.796511474,0,5576156.925950611,324009.870560863,0,34,0.9711122171914784,36,6.40635656611412,7.288109182024859,12154.263817152048,5466.992096320293,2.2232085949662896,2.007828760495518,304.71564314457964,0.0,0.0055248618784530384,0.0,2.0043555460588003,10.113970588235293,0.6793478260869565,1212.2196949726704,272,40.866209506988525,0.1,0.5
ring,100,3000000.0,10,7,exclude,launch,0,0.0,prior,0.0,sa,12600.0,43200.0,7695262.187076586,0,7263702.410042308,431559.77703427797,0,50,0.9884045616413584,52,6.45247819411102,8.319948264746635,12065.003800609027,4794.7894647975045,2.5162739447035474,2.0053944967842083,303.24542824919155,0.0,0.0017482517482517483,0.0,1.5635478853548068,6.513953488372093,0.5198237885462555,1174.0460944830158,430,49.96038317680359,0.1,0.5
ring,100,3000000.0,6,9,exclude,launch,0,0.0,prior,0.0,sa,12600.0,43200.0,636946.2134851993,0,558146.6548762356,78799.55860896356,0,0,0.0,0,6.383183386486373,5.019281023232907,12199.598145553104,7900.7871753064455,1.5440990720117609,2.0173354101392746,310.49140101697384,0.0,0.020100502512562814,0.0,2.7124550554485882,12.726027397260275,0.8994413407821229,1798.897002598545,146,29.365432024002075,0.1,0.5
ring,100,3000000.0,3,10,exclude,launch,0,0.0,prior,0.0,sa,12600.0,43200.0,844756.6758608127,0,697439.8555435729,147316.82031723973,0,0,0.0,0,6.359868643833555,12.597326668669849,12245.542816501451,3150.7255386437896,3.886578715381369,2.0155845575649094,309.42359806929403,0.0,0.0784313725490196,0.0,5.317987229152664,37.75675675675676,0.8617511520737328,2385.969720582698,37,23.92876625061035,0.1,0.5
ring,100,3000000.0,7,9,exclude,launch,0,0.0,prior,0.0,sa,12600.0,43200.0,3863822.061893309,0,3678359.993638633,185462.06825467618,0,26,0.9092229166503164,29,6.383183386486373,5.548539444744819,12199.598145553104,7165.786763298973,1.7024785342533237,2.0120901209205644,307.2979238595008,0.0,0.003663003663003663,0.0,2.301085497589136,9.408866995073891,0.7288135593220338,1692.432194732633,203,29.80501389503479,0.1,0.5
ring,100,3000000.0,9,8,exclude,launch,0,0.0,prior,0.0,sa,12600.0,43200.0,6841347.166332697,0,6471241.604485884,370105.5618468126,0,40,0.9829462963084261,41,6.40635656611412,8.469810435161824,12154.263817152048,4708.310251999913,2.5814492177930233,2.006093745248128,303.6673872682214,0.0,0.0021598272138228943,0.004319654427645789,1.7617317141733977,9.026011560693641,0.6318681318681318,1061.5482241802415,346,47.58966636657715,0.1,0.5
ring,100,3000000.0,4,10,exclude,launch,0,0.0,prior,0.0,sa,12600.0,43200.0,600724.7112710791,0,511481.18560914096,89243.52566193814,0,0,0.0,0,6.359868643833555,6.098007845352769,12245.542816501451,6508.367280339546,1.8815076483917474,2.015718840791723,309.50542906178435,0.0,0.14444444444444443,0.0,4.021173034958186,29.303030303030305,0.8914027149321267,1711.1885499753073,66,31.488415479660034,0.1,0.5
ring,100,3000000.0,5,10,exclude,launch,0,0.0,prior,0.0,sa,12600.0,43200.0,600856.9825787153,0,510713.6149283805,90143.36765033483,0,0,0.0,0,6.359868643833555,5.7282859065526495,12245.542816501451,6930.984733993514,1.7667825405013957,2.014978231356791,309.05424303844796,0.0,0.09285714285714286,0.0,3.2479463428148,18.826923076923077,0.8995433789954338,1706.5943654117516,104,30.55008625984192,0.1,0.5
ring,100,3000000.0,8,9,exclude,launch,0,0.0,prior,0.0,sa,12600.0,43200.0,5546520.605242475,0,5260727.494718187,285793.11052428954,0,35,0.9626048364059431,37,6.383183386486373,6.663416387878643,12199.598145553104,5977.511592103978,2.040915848940924,2.008503567175554,305.1238335017451,0.0,0.002793296089385475,0.0,2.017713116935374,8.652985074626866,0.6404494382022472,1435.0373516363177,268,37.263883113861084,0.1,0.5
ring,100,3000000.0,3,11,exclude,launch,0,0.0,prior,0.0,sa,12600.0,43200.0,1037122.1643904266,0,809689.7629546354,227432.40143579117,0,0,0.0,0,6.327875815908002,10.800181650517988,12309.139800997702,3675.784910924117,3.3487105745540213,2.0151567624798847,309.16297572259225,0.0,0.0392156862745098,0.0,5.299455080530624,34.69444444444444,0.8653846153846154,2476.7473828677776,36,21.66478729248047,0.1,0.5
ring,100,3000000.0,6,10,exclude,launch,0,0.0,prior,0.0,sa,12600.0,43200.0,655176.593491162,0,556236.204574786,98940.38891637603,0,0,0.0,0,6.359868643833555,5.363874108675099,12245.542816501451,7398.24704608583,1.6551951753192895,2.0159631125963005,309.65431384690885,0.0,0.04020100502512563,0.0,2.71590542620122,12.80952380952381,0.9124423963133641,1772.412692151784,147,29.63095736503601,0.1,0.5
ring,100,3000000.0,10,8,exclude,launch,0,0.0,prior,0.0,sa,12600.0,43200.0,7614825.851565869,0,7231149.611859119,383676.23970675,0,45,0.9877682142316723,46,6.40635656611412,8.681282854046797,12154.263817152048,4594.909363085003,2.6451585562923325,2.0055298540020137,303.32708618679334,0.0,0.0017513134851138354,0.0,1.5866610146703435,7.588372093023255,0.6043956043956044,1014.1368321206287,430,53.21708059310913,0.1,0.5
ring,100,3000000.0,7,10,exclude,launch,0,0.0,prior,0.0,sa,12600.0,43200.0,3701401.225430963,0,3406653.928925372,294747.2965055912,0,22,0.8903467633496451,23,6.359868643833555,5.742067078051745,12245.542816501451,6923.9011736930925,1.76859006350749,2.01219870406697,307.36386495445623,0.0,0.02197802197802198,0.0,2.3093261722756977,9.216748768472906,0.6837209302325581,1751.4848308577655,203,30.02694869041443,0.1,0.5
ring,100,3000000.0,9,9,exclude,launch,0,0.0,prior,0.0,sa,12600.0,43200.0,6871399.809943556,0,6525493.367375825,345906.4425677312,0,43,0.9796423263414324,46,6.383183386486373,7.2176062944491255,12199.598145553104,5521.705375083594,2.2093895484904267,2.0073521545335264,304.4275089730013,0.0,0.0022026431718061676,0.0,1.77963351816902,7.017804154302671,0.5730337078651685,1387.1677703917132,337,41.01847982406616,0.1,0.5
ring,100,3000000.0,4,11,exclude,launch,0,0.0,prior,0.0,sa,12600.0,43200.0,611082.2040681586,0,529708.5950398167,81373.60902834192,0,0,0.0,0,6.327875815908002,6.816528093257198,12309.139800997702,5827.176279782088,2.1123678450753873,2.0140423658240003,308.4845759057807,0.0,0.12087912087912088,0.0,4.029123513406981,30.044776119402986,0.9478672985781991,1661.1931734773004,67,30.984994411468506,0.1,0.5
ring,100,3000000.0,5,11,exclude,launch,0,0.0,prior,0.0,sa,12600.0,43200.0,578716.1016622724,0,507831.93997927866,70884.16168299365,0,0,0.0,0,6.327875815908002,5.845865019169099,12309.139800997702,6795.471594570952,1.811373887697763,2.0138244171037334,308.3519846147173,0.0,0.05714285714285714,0.0,3.2414706932741737,19.62857142857143,0.937799043062201,1622.9628662417504,105,30.56469964981079,0.1,0.5
ring,100,3000000.0,10,9,exclude,launch,0,0.0,prior,0.0,sa,12600.0,43200.0,8567111.17800084,0,8123702.45632601,443408.721674829,0,53,0.9897557845540695,56,6.383183386486373,7.916561955107941,12199.598145553104,5038.223319364933,2.4214087729423754,2.0057461090182773,303.4575707416215,0.0,0.0017543859649122807,0.0,1.5737084928922973,5.852803738317757,0.4550561797752809,1314.249492073863,428,46.327850580215454,0.1,0.5
ring,100,3000000.0,8,10,exclude,launch,0,0.0,prior,0.0,sa,12600.0,43200.0,5597503.5584900165,0,5230610.931696133,366892.6267938835,0,36,0.965391662392213,36,6.359868643833555,7.439970615861347,12245.542816501451,5356.69972423906,2.286023754717925,2.0073424297225957,304.4216312158266,0.0,0.005555555555555556,0.0,1.9923147807642,8.674074074074074,0.596244131455399,1406.060931803887,270,37.32386112213135,0.1,0.5
ring,100,3000000.0,3,12,exclude,launch,0,0.0,prior,0.0,sa,12600.0,43200.0,880065.889685119,0,734181.8043958094,145884.08528930965,0,0,0.0,0,6.422442689067833,12.48957988091214,12122.98646165286,3176.7985646407888,3.8161017184366695,2.016287599525133,309.85214548456713,0.0,0.07692307692307693,0.0,5.189212481580158,36.0,0.8669724770642202,2407.350734802664,37,22.536570072174072,0.1,0.5
ring,100,3000000.0,6,11,exclude,launch,0,0.0,prior,0.0,sa,12600.0,43200.0,661611.5476241173,0,570653.8672473469,90957.68037677031,0,0,0.0,0,6.327875815908002,5.51988198260298,12309.139800997702,7193.715574175749,1.711096258126396,2.0146839744930247,308.87507042788826,0.0,0.01507537688442211,0.0,2.7199085440333133,13.662162162162161,0.9047619047619048,1660.040732308576,148,30.063278675079346,0.1,0.5
ring,100,3000000.0,7,11,exclude,launch,0,0.0,prior,0.0,sa,12600.0,43200.0,4062391.9420655495,0,3872282.319158069,190109.62290748063,0,22,0.897030820602871,25,6.327875815908002,5.769355244652407,12309.139800997702,6893.922817887622,1.78550589064607,2.0113900105686477,306.8729260434149,0.0,0.0,0.0,2.309683041386548,9.45320197044335,0.75,1709.2831716909159,203,29.532060384750366,0.1,0.5
ring,100,3000000.0,9,10,exclude,launch,0,0.0,prior,0.0,sa,12600.0,43200.0,6283680.756223769,0,5838509.505992364,445171.2502314051,0,42,0.9769928429990854,43,6.359868643833555,7.926418844917152,12245.542816501451,5030.238153613206,2.434386293958172,2.0064318935589083,303.87154691177085,0.0,0.004366812227074236,0.0,1.779132405974023,7.636363636363637,0.5185185185185185,1265.1417519675686,341,40.94529628753662,0.1,0.5
ring,100,3000000.0,4,12,exclude,launch,0,0.0,prior,0.0,sa,12600.0,43200.0,619892.0584125324,0,546456.2548112683,73435.80360126408,0,0,0.0,0,6.422442689067833,7.050068706156669,12122.98646165286,5631.743035953077,2.1526171176951165,2.0149014383795407,309.00747888745826,0.0,0.15384615384615385,0.0,4.038443825631029,27.925373134328357,0.9128440366972477,1790.0707793209144,67,26.47324275970459,0.1,0.5
ring,100,3000000.0,8,11,exclude,launch,0,0.0,prior,0.0,sa,12600.0,43200.0,6635870.588082503,0,6290351.571741951,345519.01634055126,0,37,0.9720361207179944,38,6.327875815908002,7.773791330500821,12309.139800997702,5128.157911391347,2.4003043614657424,2.0067613049583852,304.0704975484532,0.0,0.008310249307479225,0.0,1.9939729907487962,9.071428571428571,0.6538461538461539,1372.1932852378054,266,34.4803204536438,0.1,0.5
ring,100,3000000.0,10,10,exclude,launch,0,0.0,prior,0.0,sa,12600.0,43200.0,7306648.937134085,0,6789820.878275608,516828.05885847664,0,48,0.98461068612457,49,6.359868643833555,8.287909538022175,12245.542816501451,4812.320158668943,2.544623469085334,2.0058131401789847,303.4980218870131,0.0,0.005235602094240838,0.0,1.575805937527368,6.169767441860465,0.4418604651162791,1242.1211444810904,430,46.35805821418762,0.1,0.5
ring,100,3000000.0,5,12,exclude,launch,0,0.0,prior,0.0,sa,12600.0,43200.0,519854.5105458375,0,452058.1253851855,67796.38516065199,0,0,0.0,0,6.422442689067833,5.898263971942298,12122.98646165286,6731.522188291619,1.800927950997296,2.0148953760273236,309.00378728449283,0.0,0.07857142857142857,0.0,3.2394432691499646,20.580952380952382,0.9116279069767442,1548.7992215176582,105,29.389957904815674,0.1,0.5
ring,100,3000000.0,6,12,exclude,launch,0,0.0,prior,0.0,sa,12600.0,43200.0,613001.0487828117,0,524516.4772091113,88484.57157370039,0,0,0.0,0,6.422442689067833,5.440674398788407,12122.98646165286,7293.541986871456,1.6621535165595145,2.016038231051506,309.70010608748186,0.0,0.05527638190954774,0.0,2.7129213856814123,13.476190476190476,0.892018779342723,1679.577820921953,147,28.569849252700806,0.1,0.5
ring,100,3000000.0,9,11,exclude,launch,0,0.0,prior,0.0,sa,12600.0,43200.0,7322436.364371505,0,6937976.745143149,384459.61922835547,0,43,0.9801120339151204,46,6.327875815908002,8.024904352479842,12309.139800997702,4969.562940081252,2.4769059068998223,2.0060046103209634,303.6135827961099,0.0,0.002173913043478261,0.0,1.7686226872344655,7.548104956268221,0.6057692307692307,1278.268572490549,343,39.36997032165527,0.1,0.5
ring,100,3000000.0,7,12,exclude,launch,0,0.0,prior,0.0,sa,12600.0,43200.0,3472545.3036337835,0,3270432.8721714667,202112.43146231718,0,22,0.8927772448439414,25,6.422442689067833,5.912985682005396,12122.98646165286,6725.334124972934,1.8025850071354854,2.0117281544707213,307.0781575646194,0.0,0.007326007326007326,0.003663003663003663,2.3180605629359454,9.886699507389162,0.7009345794392523,1642.0340445046363,203,28.60533618927002,0.1,0.5
ring,100,3000000.0,10,11,exclude,launch,0,0.0,prior,0.0,sa,12600.0,43200.0,8290750.14829708,0,7828778.861973319,461971.2863237606,0,48,0.9870235533826418,50,6.327875815908002,8.586416785770435,12309.139800997702,4646.387293397385,2.6491850600765137,2.0052227103690905,303.1418092325342,0.0,0.0,0.0,1.5714390230055968,6.510489510489511,0.5288461538461539,1180.6347601755513,429,39.107977628707886,0.1,0.5
ring,100,3000000.0,8,12,exclude,launch,0,0.0,prior,0.0,sa,12600.0,43200.0,5091794.1599181015,0,4790460.160372194,301333.9995459074,0,32,0.9562203564150428,36,6.422442689067833,6.929982694507236,12122.98646165286,5746.738922840585,2.109541885306411,2.008798472771237,305.3023075996742,0.0,0.005571030640668524,0.0,2.020257114339679,8.873134328358208,0.6448598130841121,1392.830486163274,268,31.957103490829468,0.1,0.5
ring,100,3000000.0,9,12,exclude,launch,0,0.0,prior,0.0,sa,12600.0,43200.0,6624195.838863853,0,6261558.531533416,362637.30733043724,0,42,0.9783702871034883,44,6.422442689067833,7.546842692614077,12122.98646165286,5281.337162904645,2.2954388420423104,2.0071544631905036,304.3080338173653,0.0,0.0021929824561403508,0.0,1.7843919205970726,7.32448377581121,0.5849056603773585,1325.2079822813823,339,38.23359775543213,0.1,0.5
ring,100,3000000.0,10,12,exclude,launch,0,0.0,prior,0.0,sa,12600.0,43200.0,7870408.435659552,0,7394575.947550407,475832.4881091449,0,49,0.9872431658891541,51,6.422442689067833,8.186081123345904,12122.98646165286,4871.653844153847,2.48847452004433,2.0060304498459978,303.6291798052023,0.0,0.001763668430335097,0.0,1.591291473491704,6.268867924528302,0.46445497630331756,1247.630233451435,424,40.51463031768799,0.1,0.5
