layout,M,Emax,K,seed,coord,replan,divert,q,belief,tau,planner,L,Th,J,n_diverts,J_age,J_event,n_replans,n_never,share_never,n_reach_inf,K_reach_i,K_commute_i,r_max,r_c,rmax_over_rc,regime_bnd,P_bar,dup_frac,trunc_frac,empty_frac,T_s_over_t_c,mean_n,catch_rate,T_rev,n_sorties,secs,alloc
core,100,1500000.0,2,1,exclude,launch,0,0.0,prior,0.0,sa,12600.0,43200.0,748536.9397907697,0,667764.6793959829,80772.26039478688,0,0,0.0,0,5.478029860560422,26.637184083377974,6968.561876837692,742.3207509443812,9.387534792705553,2.022926381817588,313.9135147855268,0.0,0.19736842105263158,0.0,2.341023668090236,35.910714285714285,0.9230769230769231,1604.4126034558371,56,37.22686505317688,reserve_far
core,100,1500000.0,3,2,exclude,launch,0,0.0,prior,0.0,sa,12600.0,43200.0,385970.7410234433,0,346156.7144850851,39814.02653835819,0,0,0.0,0,6.024642709207431,25.986672297008962,6306.0645414764385,763.5962863181159,8.258375079170197,2.015791056056634,309.54944086939537,0.0,0.319672131147541,0.0,2.232643015621123,35.24444444444445,0.9414414414414415,1041.1322801318981,90,65.86774969100952,reserve_far
core,100,1500000.0,3,1,exclude,launch,0,0.0,prior,0.0,sa,12600.0,43200.0,376018.76484815136,0,345037.4555956552,30981.309252496158,0,0,0.0,0,5.478029860560422,31.658752173613316,6968.561876837692,626.9677055916659,11.11470625151498,2.0152133278352067,309.19743030427054,0.0,0.3389830508474576,0.0,2.3260826703264277,37.46590909090909,0.9411764705882353,1012.98547480548,88,70.20001220703125,reserve_far
core,100,1500000.0,4,2,exclude,launch,0,0.0,prior,0.0,sa,12600.0,43200.0,267229.2804056013,0,248109.79264592726,19119.487759674066,0,0,0.0,0,6.024642709207431,29.530832870934677,6306.0645414764385,673.25705692839,9.366503442602864,2.011886059137292,307.1740190029197,0.0,0.16042780748663102,0.0,1.9362439735030268,31.32857142857143,0.9592760180995475,751.2564541710639,140,90.18282961845398,reserve_far
core,100,1500000.0,4,1,exclude,launch,0,0.0,prior,0.0,sa,12600.0,43200.0,257792.8500775674,0,245178.6028967502,12614.247180817178,0,0,0.0,0,5.478029860560422,39.56661485215074,6968.561876837692,502.64031252272434,13.863913624163688,2.0112857613839656,306.80966735338427,0.0,0.125,0.0,1.964988625793829,32.38405797101449,0.9672131147540983,743.5849844962188,138,93.9978392124176,reserve_far
core,100,1500000.0,5,1,exclude,launch,0,0.0,prior,0.0,sa,12600.0,43200.0,206178.13709062233,0,194891.69707997845,11286.440010643848,0,0,0.0,0,5.478029860560422,32.86221447305194,6968.561876837692,605.7873463271453,11.503313694298322,2.0092915972662184,305.6008584936583,0.0,0.05434782608695652,0.0,1.6262187972757036,26.795121951219514,0.9836065573770492,599.6105362985185,205,114.47159004211426,reserve_far
core,100,1500000.0,5,2,exclude,launch,0,0.0,prior,0.0,sa,12600.0,43200.0,206300.79722604871,0,195656.9553198025,10643.84190624622,0,0,0.0,0,6.024642709207431,31.70665699289901,6306.0645414764385,627.7824346935486,10.044984046988729,2.009557220732196,305.7617345797549,0.0,0.025179856115107913,0.0,1.6162855785749157,26.39903846153846,0.9457013574660633,601.1326014053935,208,120.07810139656067,reserve_far
core,100,1500000.0,2,3,exclude,launch,0,0.0,prior,0.0,sa,12600.0,43200.0,699779.7629797322,0,583260.1775452337,116519.58543449845,0,0,0.0,0,4.940884818166719,26.1263981876343,7762.382610686937,757.5765463602006,10.246334377669873,2.0209423681648957,312.6969957342435,0.0,0.21428571428571427,0.0,2.616477570923423,38.01923076923077,0.8888888888888888,1755.4483839447803,52,38.97236394882202,reserve_far
core,100,1500000.0,6,2,exclude,launch,0,0.0,prior,0.0,sa,12600.0,43200.0,170650.53077959418,0,161925.0501650119,8725.480614582291,0,0,0.0,0,6.024642709207431,28.833302616909307,6306.0645414764385,690.8085029281099,9.128527681328627,2.0082044575328295,304.9428684567201,0.0,0.017676767676767676,0.0,1.361362466946225,22.2135593220339,0.9547511312217195,502.00138198096886,295,139.21771335601807,reserve_far
core,100,1500000.0,6,1,exclude,launch,0,0.0,prior,0.0,sa,12600.0,43200.0,171118.88312729305,0,161763.74398287715,9355.139144415925,0,0,0.0,1,5.478029860560422,34.539739017624086,6968.561876837692,576.7890679272956,12.081646938766323,2.007816038882492,304.707950468639,0.0,0.03258145363408521,0.0,1.35519542829111,22.842809364548494,0.9890710382513661,482.19632154087225,299,140.87991309165955,reserve_far
core,100,1500000.0,7,1,exclude,launch,0,0.0,prior,0.0,sa,12600.0,43200.0,157194.62698109195,0,144864.33814644522,12330.288834646728,0,0,0.0,1,5.478029860560422,34.79726462082804,6968.561876837692,572.7997397209258,12.165790927616081,2.006836880061673,304.11615091569735,0.0,0.038461538461538464,0.0,1.1493694725834012,18.91931540342298,0.9835164835164835,422.8262468605057,409,159.47244310379028,reserve_far
core,100,1500000.0,3,3,exclude,launch,0,0.0,prior,0.0,sa,12600.0,43200.0,371049.8004432455,0,335082.8610304289,35966.93941281658,0,0,0.0,0,4.940884818166719,25.054180331130134,7762.382610686937,792.6885292757502,9.792475006266503,2.0140823267827495,308.50888964793444,0.0,0.2972972972972973,0.0,2.425758131537246,37.68674698795181,0.961352657004831,1040.929263686757,83,64.4325270652771,reserve_far
core,100,1500000.0,8,1,exclude,launch,0,0.0,prior,0.0,sa,12600.0,43200.0,131379.4272058874,0,126530.4500692692,4848.977136618214,0,0,0.0,1,5.478029860560422,31.366381380237364,6968.561876837692,635.6598670675332,10.96272116247563,2.006184080629522,303.7219212336828,0.0,0.041666666666666664,0.0,0.9964687424766691,16.483333333333334,0.989010989010989,368.3418452902352,540,185.1699378490448,reserve_far
core,100,1500000.0,7,2,exclude,launch,0,0.0,prior,0.0,sa,12600.0,43200.0,147330.38748593006,0,140684.7524546704,6645.635031259654,0,0,0.0,1,6.024642709207431,28.43201762456769,6306.0645414764385,700.9173540673328,8.996873176107227,2.007176200446237,304.3211696235954,0.0,0.018484288354898338,0.0,1.1601403221324533,19.05432098765432,0.9592760180995475,424.8752950352782,405,156.32536268234253,reserve_far
core,100,1500000.0,9,1,exclude,launch,0,0.0,prior,0.0,sa,12600.0,43200.0,115724.03684674954,0,112432.06876795729,3291.968078792256,0,0,0.0,1,5.478029860560422,33.859192056195006,6968.561876837692,589.0516616241686,11.830137033521908,2.0055339357757136,303.3295487989789,0.0,0.024864864864864864,0.0,0.8711184232855416,14.609510086455332,0.989010989010989,323.24516406795453,694,205.52418756484985,reserve_far
core,100,1500000.0,4,3,exclude,launch,0,0.0,prior,0.0,sa,12600.0,43200.0,255145.4750414224,0,238070.46141001536,17075.01363140703,0,0,0.0,0,4.940884818166719,36.32103287102071,7762.382610686937,547.7992877509529,14.170121765868315,2.010390104458115,306.2664489560643,0.0,0.07734806629834254,0.0,2.001167223310731,32.614814814814814,0.9808612440191388,754.0212681887291,135,92.13849258422852,reserve_far
core,100,1500000.0,2,4,exclude,launch,0,0.0,prior,0.0,sa,12600.0,43200.0,748994.0934813663,0,614170.9093899054,134823.184091461,0,0,0.0,0,5.351491471317767,26.940394472933452,7141.218427495743,734.3467819090358,9.724585990465103,2.021877525133985,313.27010291218744,0.0,0.1891891891891892,0.0,2.3957679912366983,35.236363636363635,0.9182692307692307,1694.481221936578,55,41.422560691833496,reserve_far
core,100,1500000.0,5,3,exclude,launch,0,0.0,prior,0.0,sa,12600.0,43200.0,217827.65383896502,0,203660.322001044,14167.33183792102,0,0,0.0,1,4.940884818166719,23.875314507605108,7762.382610686937,834.0207382866697,9.307181769404457,2.00878769967444,305.29578690433453,0.0,0.03237410071942446,0.0,1.6179213106551247,24.278846153846153,0.9806763285024155,648.5718254534582,208,102.96947002410889,reserve_far
core,100,1500000.0,8,2,exclude,launch,0,0.0,prior,0.0,sa,12600.0,43200.0,129565.10888853291,0,123984.48644499916,5580.622443533753,0,0,0.0,1,6.024642709207431,28.787140134758477,6306.0645414764385,692.5400545612025,9.105703706151695,2.0063956268695926,303.84964733467206,0.0,0.02244039270687237,0.0,1.0065245802697118,16.492537313432837,0.9683257918552036,372.373570262161,536,180.17317724227905,reserve_far
core,100,1500000.0,3,4,exclude,launch,0,0.0,prior,0.0,sa,12600.0,43200.0,381489.4773009329,0,345735.2009350703,35754.27636586262,0,0,0.0,0,5.351491471317767,24.025552590692055,7141.218427495743,826.3093092701496,8.642306636728241,2.0148557565475365,308.9796619793017,0.0,0.3217391304347826,0.0,2.350338888823163,35.883720930232556,0.9295774647887324,1076.9806340467214,86,67.78488755226135,reserve_far
core,100,1500000.0,9,2,exclude,launch,0,0.0,prior,0.0,sa,12600.0,43200.0,116162.42698926423,0,111084.43022558064,5077.996763683596,0,0,0.0,1,6.024642709207431,28.554413154042077,6306.0645414764385,698.383974576039,9.029509225644242,2.005822446216075,303.50363799362674,0.0,0.016411378555798686,0.0,0.8820882315474973,14.524017467248909,0.9681818181818181,328.6785540713676,687,202.52738618850708,reserve_far
core,100,1500000.0,4,4,exclude,launch,0,0.0,prior,0.0,sa,12600.0,43200.0,264882.45427302644,0,243641.68488489647,21240.769388129986,0,0,0.0,0,5.351491471317767,27.83187163066967,7141.218427495743,714.6702195001646,9.992326856001165,2.0109991793784276,306.6358022111561,0.0,0.08241758241758242,0.0,1.9810086956162212,31.83823529411765,0.9523809523809523,759.2351506485752,136,86.14300394058228,reserve_far
core,100,1500000.0,6,3,exclude,launch,0,0.0,prior,0.0,sa,12600.0,43200.0,174085.83352797577,0,160155.75858164317,13930.07494633261,0,0,0.0,1,4.940884818166719,34.757389355433666,7762.382610686937,573.3509902968758,13.538622487889395,2.0072075201979307,304.34009662297944,0.0,0.02493765586034913,0.0,1.3445777644200219,22.406666666666666,0.9663461538461539,490.204390622844,300,142.73072385787964,reserve_far
core,100,1500000.0,2,5,exclude,launch,0,0.0,prior,0.0,sa,12600.0,43200.0,699055.7341579926,0,592175.0758587294,106880.65829926312,0,0,0.0,0,5.774317772611485,28.05501393232338,6593.891938148332,705.2360705598187,9.349907376283348,2.021691967858104,313.1563431557296,0.0,0.17721518987341772,0.0,2.2796324418578435,35.01724137931034,0.875,1635.6674357732174,58,33.92413783073425,reserve_far
core,100,1500000.0,7,3,exclude,launch,0,0.0,prior,0.0,sa,12600.0,43200.0,154295.84713198114,0,142109.56729257852,12186.279839402638,0,0,0.0,1,4.940884818166719,31.05253297779831,7762.382610686937,642.0265483574498,12.09043867507674,2.006365136666931,303.8312364895953,0.0,0.039927404718693285,0.0,1.1370575422806264,18.51089588377724,0.9710144927536232,429.57171036929446,413,160.53607296943665,reserve_far
core,100,1500000.0,10,2,exclude,launch,0,0.0,prior,0.0,sa,12600.0,43200.0,102215.21455939271,0,99263.28223997314,2951.932319419573,0,0,0.0,1,6.024642709207431,28.33077564791047,6306.0645414764385,704.0499886075522,8.956842047463665,2.005386239612231,303.2404472404869,0.0,0.010507880910683012,0.0,0.7845668550023087,12.820512820512821,0.9638009049773756,298.648111379053,858,229.72396755218506,reserve_far
core,100,1500000.0,5,4,exclude,launch,0,0.0,prior,0.0,sa,12600.0,43200.0,209519.13552000755,0,195781.20680768508,13737.928712322462,0,0,0.0,0,5.351491471317767,31.745501054805672,7141.218427495743,627.2169212533147,11.385564045730858,2.0089079563878514,305.3685793388132,0.0,0.014492753623188406,0.0,1.6264035456981851,25.62621359223301,0.9523809523809523,621.339982826016,206,114.63024687767029,reserve_far
core,100,1500000.0,3,5,exclude,launch,0,0.0,prior,0.0,sa,12600.0,43200.0,399424.5502893434,0,342130.47118182975,57294.07910751359,0,0,0.0,0,5.774317772611485,27.915977301804872,6593.891938148332,711.2932611291546,9.270285968519856,2.014459129649004,308.73819771846456,0.0,0.3220338983050847,0.0,2.2767089510460212,34.93181818181818,0.9372197309417041,1070.6711815579529,88,67.42178773880005,reserve_far
core,100,1500000.0,8,3,exclude,launch,0,0.0,prior,0.0,sa,12600.0,43200.0,135615.32424421576,0,125121.89540312976,10493.42884108599,0,0,0.0,1,4.940884818166719,31.989226547667638,7762.382610686937,623.4408501617061,12.45087261874732,2.005677009116109,303.41587399941676,0.0,0.03146374829001368,0.0,0.9784913558543368,15.974499089253188,0.9710144927536232,373.831172794595,549,180.78531336784363,reserve_far
core,100,1500000.0,6,4,exclude,launch,0,0.0,prior,0.0,sa,12600.0,43200.0,167794.36105805414,0,159506.29650323465,8288.064554819512,0,0,0.0,1,5.351491471317767,31.515090702293914,7141.218427495743,632.237071889054,11.295159276501417,2.0075273577363055,304.5334129761304,0.0,0.0225,0.0,1.3508836040870063,22.123745819397993,0.9571428571428572,500.54920553255675,299,138.82178139686584,reserve_far
core,100,1500000.0,4,5,exclude,launch,0,0.0,prior,0.0,sa,12600.0,43200.0,265354.722357087,0,244009.24232974186,21345.48002734516,0,0,0.0,0,5.774317772611485,31.28276897737889,6593.891938148332,635.8613305886071,10.370015632251874,2.0109088682707608,306.5810219845413,0.0,0.14054054054054055,0.0,1.9452130420794902,29.906474820143885,0.96875,797.3871353791604,139,92.00542974472046,reserve_far
core,100,1500000.0,2,6,exclude,launch,0,0.0,prior,0.0,sa,12600.0,43200.0,752014.4258001522,0,610621.6859501597,141392.7398499926,0,0,0.0,0,5.052148291863248,35.64404273877191,7584.090639439221,555.071315565287,13.663272496283744,2.0217350983456184,313.18278335739933,0.0,0.19718309859154928,0.0,2.5055329104139044,39.28846153846154,0.8834080717488789,1569.4821184375867,52,35.386733055114746,reserve_far
core,100,1500000.0,7,4,exclude,launch,0,0.0,prior,0.0,sa,12600.0,43200.0,149085.3398134075,0,139302.9787391981,9782.36107420939,0,0,0.0,1,5.351491471317767,29.98288852531623,7141.218427495743,664.8389342660159,10.74127590824636,2.006642825184816,303.9989332488203,0.0,0.016483516483516484,0.0,1.1514055927754574,18.96078431372549,0.9711538461538461,425.22575836659325,408,159.19333839416504,reserve_far
core,100,1500000.0,5,5,exclude,launch,0,0.0,prior,0.0,sa,12600.0,43200.0,195619.9590911713,0,184975.17905101902,10644.780040152287,0,0,0.0,0,5.774317772611485,36.47386695104992,6593.891938148332,545.9525038079756,12.077775799463243,2.0087381126849597,305.2657739949643,0.0,0.04693140794223827,0.0,1.6226831084353666,26.40096618357488,0.9732142857142857,606.3739392830719,207,118.17425727844238,reserve_far
core,100,1500000.0,3,6,exclude,launch,0,0.0,prior,0.0,sa,12600.0,43200.0,390573.6680103353,0,347278.78355436126,43294.884455974054,0,0,0.0,0,5.052148291863248,32.84268124105979,7584.090639439221,604.5226983133764,12.545584575399568,2.014692519559829,308.88027277520223,0.0,0.32142857142857145,0.0,2.414546480975032,39.70238095238095,0.9596412556053812,991.8618911973956,84,62.97923254966736,reserve_far
core,100,1500000.0,8,4,exclude,launch,0,0.0,prior,0.0,sa,12600.0,43200.0,132441.89032080284,0,123460.37014492054,8981.520175882288,0,0,0.0,1,5.351491471317767,28.457491561290052,7141.218427495743,700.7031781247033,10.1915028366331,2.0059924230869597,303.6062265925118,0.0,0.02631578947368421,0.0,0.992416787266421,16.09611829944547,0.9710144927536232,375.1803365792446,541,174.69147419929504,reserve_far
core,100,1500000.0,6,5,exclude,launch,0,0.0,prior,0.0,sa,12600.0,43200.0,167311.5034944102,0,157409.65106364523,9901.852430764962,0,0,0.0,1,5.774317772611485,31.05668699419598,6593.891938148332,641.5777576262452,10.27761929052042,2.007500060271142,304.5169114339066,0.0,0.017632241813602016,0.0,1.3588261187083546,21.972972972972972,0.9865470852017937,502.12016991165115,296,135.13480949401855,reserve_far
core,100,1500000.0,4,6,exclude,launch,0,0.0,prior,0.0,sa,12600.0,43200.0,266434.8665568817,0,245209.90523176867,21224.96132511301,0,0,0.0,0,5.052148291863248,30.068385314420716,7584.090639439221,661.469756696302,11.465513823818364,2.0111288309489903,306.71445383288153,0.0,0.11602209944751381,0.0,1.9925519056401046,32.46666666666667,0.9775784753363229,755.689306799888,135,88.35164308547974,reserve_far
core,100,1500000.0,2,7,exclude,launch,0,0.0,prior,0.0,sa,12600.0,43200.0,713679.895310642,0,583865.1443768652,129814.75093377681,0,0,0.0,0,4.789315478557099,28.549208141360555,8018.5908986554505,692.8073549412426,11.574055675744829,2.0223365680466943,313.55161750964777,0.0,0.21739130434782608,0.0,2.6499489724045695,39.23529411764706,0.8547008547008547,1686.4579071653768,51,36.30355429649353,reserve_far
core,100,1500000.0,9,4,exclude,launch,0,0.0,prior,0.0,sa,12600.0,43200.0,115519.69531706958,0,110207.48897944058,5312.206337628992,0,0,0.0,1,5.351491471317767,29.272920694215383,7141.218427495743,681.3789319388321,10.480538937674133,2.005419502079421,303.26051254848926,0.0,0.01829924650161464,0.0,0.8668313129930667,14.045977011494253,0.9758454106280193,334.63520925986916,696,197.3543586730957,reserve_far
core,100,1500000.0,7,5,exclude,launch,0,0.0,prior,0.0,sa,12600.0,43200.0,137836.81497342902,0,131351.87048738232,6484.944486046697,0,0,0.0,1,5.774317772611485,32.62759796475367,6593.891938148332,610.9884268834569,10.792171582991514,2.0065126632098194,303.9203223605168,0.0,0.02394106813996317,0.0,1.158561192428054,19.15724815724816,0.9820627802690582,422.6432261862652,407,157.79502701759338,reserve_far
core,100,1500000.0,3,7,exclude,launch,0,0.0,prior,0.0,sa,12600.0,43200.0,358847.9011054133,0,318896.36465618084,39951.53644923241,0,0,0.0,0,4.789315478557099,27.434315724324584,8018.5908986554505,723.6203989557465,11.081211793126679,2.014907241913062,309.0110129062737,0.0,0.22522522522522523,0.0,2.4514084414925232,38.53658536585366,0.9396551724137931,1043.5988654450182,82,65.76951551437378,reserve_far
core,100,1500000.0,5,6,exclude,launch,0,0.0,prior,0.0,sa,12600.0,43200.0,213848.22318417206,0,202007.92031687242,11840.302867299659,0,0,0.0,0,5.052148291863248,30.690504372704208,7584.090639439221,648.7207010739303,11.69084110755842,2.009084526427046,305.47547444234874,0.0,0.036101083032490974,0.0,1.6234195687835415,25.608695652173914,0.968609865470852,621.2573875624915,207,111.04314970970154,reserve_far
core,100,1500000.0,8,5,exclude,launch,0,0.0,prior,0.0,sa,12600.0,43200.0,119674.17685176767,0,116254.45827079886,3419.7185809688103,0,0,0.0,1,5.774317772611485,32.284882771803694,6593.891938148332,617.6891534624065,10.675097500396122,2.005814665264763,303.4989422585,0.0,0.022408963585434174,0.0,1.0032810510441872,16.49158878504673,0.968609865470852,372.1299576832428,535,182.71818161010742,reserve_far
core,100,1500000.0,6,6,exclude,launch,0,0.0,prior,0.0,sa,12600.0,43200.0,185237.6115703747,0,171693.8270113487,13543.784559025991,0,0,0.0,1,5.052148291863248,28.387264656808956,7584.090639439221,701.8074645825028,10.806511788743812,2.0077908070542234,304.6926932349009,0.0,0.04218362282878412,0.0,1.3371746882835116,21.56953642384106,0.9775784753363229,504.96005977596025,302,132.05809116363525,reserve_far
core,100,1500000.0,4,7,exclude,launch,0,0.0,prior,0.0,sa,12600.0,43200.0,269150.26813558565,0,246975.49632994822,22174.771805637454,0,0,0.0,0,4.789315478557099,23.927789585632095,8018.5908986554505,831.0561893553174,9.648674784403907,2.0115323530720453,306.95931039344066,0.0,0.1,0.0,2.0034152424553,30.112781954887218,0.9521739130434783,811.7539723393264,133,87.76516342163086,reserve_far
core,100,1500000.0,2,8,exclude,launch,0,0.0,prior,0.0,sa,12600.0,43200.0,774318.0012980019,0,661881.4758713152,112436.52542668664,0,0,0.0,0,5.687677066694433,30.490882346921214,6699.414751861177,648.7097295175388,10.327291925841308,2.0222720873601268,313.5120661786893,0.0,0.16666666666666666,0.0,2.1565046860273305,34.16393442622951,0.9226519337016574,1564.1960610910498,61,33.93437671661377,reserve_far
core,100,1500000.0,9,5,exclude,launch,0,0.0,prior,0.0,sa,12600.0,43200.0,112221.96952751231,0,106015.63280088062,6206.336726631695,0,0,0.0,1,5.774317772611485,31.74457486368058,6593.891938148332,628.363934146146,10.49374666467524,2.005299409849968,303.1880710334082,0.0,0.013100436681222707,0.0,0.879709268300844,14.232558139534884,0.9775784753363229,336.43001182291647,688,197.14613795280457,reserve_far
core,100,1500000.0,7,6,exclude,launch,0,0.0,prior,0.0,sa,12600.0,43200.0,153313.0604981658,0,144023.47810642156,9289.58239174424,0,0,0.0,1,5.052148291863248,29.928628855016804,7584.090639439221,665.988963047639,11.38771219981422,2.0068094560180563,304.09958421821227,0.0,0.034545454545454546,0.0,1.1422991449666147,19.00485436893204,0.9864864864864865,418.9926308446196,412,154.97717380523682,reserve_far
core,100,1500000.0,5,7,exclude,launch,0,0.0,prior,0.0,sa,12600.0,43200.0,207581.99236167918,0,192495.19077744617,15086.801584233015,0,0,0.0,1,4.789315478557099,28.941870553312402,8018.5908986554505,687.8650309539892,11.657215496962527,2.0092323539485797,305.5649832769772,0.0,0.035842293906810034,0.0,1.614990199594922,25.72248803827751,0.9692982456140351,614.1682536432479,209,107.38148164749146,reserve_far
core,100,1500000.0,3,8,exclude,launch,0,0.0,prior,0.0,sa,12600.0,43200.0,355545.2987474619,0,327075.8511800359,28469.447567425963,0,0,0.0,0,5.687677066694433,25.56496957178325,6699.414751861177,776.4647614724673,8.628098896795501,2.015083098439113,309.11810902102496,0.0,0.31092436974789917,0.0,2.2908956493480845,37.53932584269663,0.9513513513513514,996.597593514499,89,66.52116298675537,reserve_far
core,100,1500000.0,6,7,exclude,launch,0,0.0,prior,0.0,sa,12600.0,43200.0,166248.05212944502,0,156634.6318695928,9613.420259852226,0,0,0.0,1,4.789315478557099,28.095725085228576,8018.5908986554505,709.0463401918091,11.308980025884182,2.0079140882931643,304.7672428139521,0.0,0.03482587064676617,0.0,1.342432749785014,22.079470198675498,0.956140350877193,494.2165122906884,302,135.78063225746155,reserve_far
core,100,1500000.0,8,6,exclude,launch,0,0.0,prior,0.0,sa,12600.0,43200.0,135951.25668409743,0,125865.59115235005,10085.665531747367,0,0,0.0,1,5.052148291863248,30.483522273957266,7584.090639439221,654.1151199648006,11.594427965290482,2.0060449326314522,303.63792194202694,0.0,0.027434842249657063,0.0,0.9814767293953168,16.577696526508227,0.972972972972973,361.1200135642549,547,179.3069474697113,reserve_far
core,100,1500000.0,2,9,exclude,launch,0,0.0,prior,0.0,sa,12600.0,43200.0,672201.605180428,0,568393.7891260681,103807.81605435978,0,0,0.0,0,4.852417850747997,32.336323321964386,7909.979841733408,611.8724227304422,12.92749852401522,2.0216616503969664,313.13775836755616,0.0,0.21428571428571427,0.0,2.601803786501046,40.38461538461539,0.9027027027027027,1616.4638175994894,52,39.739330530166626,reserve_far
core,100,1500000.0,4,8,exclude,launch,0,0.0,prior,0.0,sa,12600.0,43200.0,263040.7686582229,0,246010.2177958073,17030.550862415625,0,0,0.0,0,5.687677066694433,26.24820419397351,6699.414751861177,757.6447516331801,8.842422174006893,2.011383005020437,306.8686748532506,0.0,0.13903743315508021,0.0,1.9389824879734998,31.12142857142857,0.972972972972973,761.5312964978143,140,89.6020359992981,reserve_far
core,100,1500000.0,7,7,exclude,launch,0,0.0,prior,0.0,sa,12600.0,43200.0,141486.73614994314,0,133540.3861593269,7946.349990616235,0,0,0.0,1,4.789315478557099,27.74351078359031,8018.5908986554505,718.3807056946475,11.162035443173227,2.0069840178688914,304.20504367301277,0.0,0.0379746835443038,0.0,1.1362828314548974,18.920289855072465,0.9691629955947136,418.87186804616033,414,154.66413831710815,reserve_far
core,100,1500000.0,3,9,exclude,launch,0,0.0,prior,0.0,sa,12600.0,43200.0,386335.58005807357,0,351715.9390352317,34619.641022841904,0,0,0.0,0,4.852417850747997,30.701332203621913,7909.979841733408,646.7700495743508,12.22997237880617,2.0144331971716873,308.7224134571914,0.0,0.35454545454545455,0.0,2.4553178101255417,37.86585365853659,0.9662921348314607,1044.9600359098715,82,64.70406150817871,reserve_far
core,100,1500000.0,5,8,exclude,launch,0,0.0,prior,0.0,sa,12600.0,43200.0,198827.39713682956,0,187214.0905896637,11613.306547165826,0,0,0.0,0,5.687677066694433,26.030040607365876,6699.414751861177,764.8077457799387,8.75960630475731,2.009244869230241,305.5725618202698,0.0,0.03225806451612903,0.0,1.6155974441633247,26.64423076923077,0.9834254143646409,595.7291532891988,208,119.84990286827087,reserve_far
core,100,1500000.0,8,7,exclude,launch,0,0.0,prior,0.0,sa,12600.0,43200.0,136965.36049629468,0,121608.14167633267,15357.218819962,0,0,0.0,1,4.789315478557099,28.585890808336092,8018.5908986554505,697.4866595614321,11.49640754949694,2.0061913582590307,303.7263148305461,0.0,0.03940217391304348,0.0,0.9739335443417823,16.170289855072465,0.9691629955947136,368.2277679661125,552,180.88819003105164,reserve_far
core,100,1500000.0,6,8,exclude,launch,0,0.0,prior,0.0,sa,12600.0,43200.0,160863.5392408269,0,154964.9111593281,5898.628081498818,0,0,0.0,1,5.687677066694433,29.088332684076256,6699.414751861177,684.9005133159034,9.781588160047328,2.00776866060082,304.67930198675117,0.0,0.029850746268656716,0.0,1.3463592369086652,22.840531561461795,0.9834254143646409,476.6172231512163,301,136.30826616287231,reserve_far
core,100,1500000.0,2,10,exclude,launch,0,0.0,prior,0.0,sa,12600.0,43200.0,714523.6721716195,0,585328.6271433901,129195.04502822939,0,0,0.0,0,4.842340003327892,28.018896047596012,7927.135773030543,705.935989324083,11.229255758189332,2.0222909956172956,313.5236639160605,0.0,0.21739130434782608,0.0,2.6068927090849505,37.92307692307692,0.8565022421524664,1730.4299910191098,52,38.67867565155029,reserve_far
core,100,1500000.0,4,9,exclude,launch,0,0.0,prior,0.0,sa,12600.0,43200.0,256995.79087570304,0,241899.53772214922,15096.25315355382,0,0,0.0,0,4.852417850747997,31.740149679730532,7909.979841733408,626.6843207238456,12.621952680413422,2.0109542568743413,306.60855284770525,0.0,0.07262569832402235,0.0,2.0070389257307335,32.77272727272727,0.9831460674157303,749.4528968761566,132,90.55458354949951,reserve_far
core,100,1500000.0,7,8,exclude,launch,0,0.0,prior,0.0,sa,12600.0,43200.0,141604.4189636757,0,136289.06494404047,5315.354019635234,0,0,0.0,1,5.687677066694433,27.97999863206956,6699.414751861177,712.3494173999679,9.404674992665305,2.0068699448492078,304.1361257521942,0.0,0.02022058823529412,0.0,1.1527707928729605,19.188725490196077,0.9888888888888889,419.62036314525614,408,161.21692490577698,reserve_far
core,100,1500000.0,5,9,exclude,launch,0,0.0,prior,0.0,sa,12600.0,43200.0,216024.18997063613,0,199603.99175009012,16420.19822054602,0,0,0.0,1,4.852417850747997,30.874486756393583,7909.979841733408,644.9162535513651,12.265127135772223,2.008893539516925,305.35985222369675,0.0,0.061371841155234655,0.0,1.6247343474485547,26.67149758454106,0.9719101123595506,600.8458072763083,207,109.33680129051208,reserve_far
core,100,1500000.0,3,10,exclude,launch,0,0.0,prior,0.0,sa,12600.0,43200.0,383340.28749254975,0,336816.4789133027,46523.80857924702,0,0,0.0,0,4.842340003327892,29.41136408728019,7927.135773030543,675.0318157541058,11.743351332521733,2.0147472950399514,308.91362183726966,0.0,0.27927927927927926,0.0,2.45433304530488,37.55952380952381,0.9276018099547512,1073.7347459854982,84,67.68326592445374,reserve_far
core,100,1500000.0,8,8,exclude,launch,0,0.0,prior,0.0,sa,12600.0,43200.0,118833.9618628197,0,114435.9976237335,4397.964239086204,0,0,0.0,1,5.687677066694433,27.51261881342924,6699.414751861177,724.7090986450128,9.244281276980047,2.0061543618231754,303.70397994474035,0.0,0.02789400278940028,0.0,1.0005071510414334,17.277467411545622,0.9834254143646409,355.1151398594127,537,194.33615279197693,reserve_far
core,100,1500000.0,6,9,exclude,launch,0,0.0,prior,0.0,sa,12600.0,43200.0,174038.78393691053,0,166459.8470441016,7578.936892808945,0,0,0.0,1,4.852417850747997,29.91184703537978,7909.979841733408,666.1040273728275,11.874991768074214,2.00758850623691,304.5703793702182,0.0,0.04975124378109453,0.0,1.3442461870451734,21.793333333333333,0.9887640449438202,503.98373551194203,300,133.44327521324158,reserve_far
core,100,1500000.0,4,10,exclude,launch,0,0.0,prior,0.0,sa,12600.0,43200.0,263561.9000725973,0,242718.99521110242,20842.90486149495,0,0,0.0,0,4.842340003327892,37.841027065832655,7927.135773030543,525.6381590962161,15.080974689243423,2.0109912936019327,306.63101872167266,0.0,0.07222222222222222,0.0,2.001652435096088,32.28358208955224,0.967741935483871,766.3521155163304,134,84.66471838951111,reserve_far
core,100,1500000.0,2,11,exclude,launch,0,0.0,prior,0.0,sa,12600.0,43200.0,740415.2308940295,0,620828.3749442538,119586.85594977562,0,0,0.0,0,4.789315478557101,30.39347822913084,8018.590898655449,651.3217158326156,12.311259863959705,2.0206171253424823,312.49779496270565,0.0,0.22857142857142856,0.0,2.61173329910273,39.65384615384615,0.897196261682243,1642.2514865566197,52,42.30954360961914,reserve_far
core,100,1500000.0,9,8,exclude,launch,0,0.0,prior,0.0,sa,12600.0,43200.0,108675.22892815461,0,105766.19842185793,2909.0305062966686,0,0,0.0,1,5.687677066694433,28.02837926698733,6699.414751861177,711.5753558712044,9.414905528394629,2.0055851584227886,303.3604532520554,0.0,0.01843817787418655,0.0,0.8727070966168262,14.68208092485549,0.9888888888888889,322.4602768654509,692,208.61458611488342,reserve_far
core,100,1500000.0,7,9,exclude,launch,0,0.0,prior,0.0,sa,12600.0,43200.0,146877.66848608447,0,142264.3527078391,4613.315778245376,0,0,0.0,1,4.852417850747997,31.198752157220653,7909.979841733408,638.9401249926219,12.379845203531,2.006608302628985,303.97808247648175,0.0,0.05063291139240506,0.0,1.1373396082862355,18.73671497584541,0.9831460674157303,424.4107586513945,414,153.6678924560547,reserve_far
core,100,1500000.0,5,10,exclude,launch,0,0.0,prior,0.0,sa,12600.0,43200.0,217828.56898217407,0,201708.22993697334,16120.33904520073,0,0,0.0,1,4.842340003327892,35.47381010744575,7927.135773030543,561.2905493597207,14.123052280273097,2.0089282433206384,305.3808600510208,0.0,0.025362318840579712,0.0,1.621360125947619,25.85024154589372,0.9577464788732394,612.7332124537193,207,110.03289127349854,reserve_far
core,100,1500000.0,3,11,exclude,launch,0,0.0,prior,0.0,sa,12600.0,43200.0,402276.34397884744,0,360456.407384257,41819.93659459045,0,0,0.0,0,4.789315478557101,24.162245323376606,8018.590898655449,821.9512398303928,9.755555451574063,2.0140796756687234,308.5072765813147,0.0,0.2857142857142857,0.0,2.404606972774586,38.9277108433735,0.9330143540669856,1018.0462811348599,83,65.16898989677429,reserve_far
core,100,1500000.0,8,9,exclude,launch,0,0.0,prior,0.0,sa,12600.0,43200.0,135338.63430586513,0,129388.87358904173,5949.76071682339,0,0,0.0,1,4.852417850747997,30.139068599855317,7909.979841733408,661.6183138428239,11.955503159806014,2.0059617435941828,303.58770887251455,0.0,0.03814713896457766,0.0,0.9760767938167992,15.96,0.9887005649717514,372.8852541241964,550,172.00958561897278,reserve_far
core,100,1500000.0,6,10,exclude,launch,0,0.0,prior,0.0,sa,12600.0,43200.0,175451.76562688046,0,166971.7336445597,8480.031982320763,0,0,0.0,1,4.842340003327892,32.39142249780851,7927.135773030543,615.0999714429654,12.887556724208984,2.0076327130699014,304.59710533458315,0.0,0.03482587064676617,0.0,1.3406644927051687,21.398671096345517,0.9629629629629629,515.40814588259,301,130.64177417755127,reserve_far
core,100,1500000.0,2,12,exclude,launch,0,0.0,prior,0.0,sa,12600.0,43200.0,765228.9866353252,0,624583.784264406,140645.20237091935,0,0,0.0,0,4.789315478557099,32.38977948857671,8018.5908986554505,610.6544840141321,13.13114225567511,2.022350606246846,313.5602286279881,0.0,0.22058823529411764,0.0,2.6648692452404235,38.88,0.8623853211009175,1710.7229134682107,50,41.22854399681091,reserve_far
core,100,1500000.0,4,11,exclude,launch,0,0.0,prior,0.0,sa,12600.0,43200.0,286493.08332415955,0,266346.4537394317,20146.62958472785,0,0,0.0,0,4.789315478557101,32.66165007860637,8018.590898655449,609.1557599081741,13.163449197072673,2.0104511015143656,306.30342856547855,0.0,0.08196721311475409,0.0,1.9773720291254397,31.889705882352942,0.9711538461538461,752.2762857044474,136,93.91323161125183,reserve_far
core,100,1500000.0,3,12,exclude,launch,0,0.0,prior,0.0,sa,12600.0,43200.0,383271.05251398886,0,347034.18416028214,36236.86835370678,0,0,0.0,0,4.789315478557099,22.10948212211735,8018.5908986554505,897.6514255530861,8.932855973258008,2.015457740055023,309.3463265512966,0.0,0.3063063063063063,0.0,2.469766291129157,37.08433734939759,0.9541284403669725,1079.1334816209428,83,63.689494132995605,reserve_far
core,100,1500000.0,7,10,exclude,launch,0,0.0,prior,0.0,sa,12600.0,43200.0,148377.39943956418,0,140586.03326774912,7791.366171815063,0,0,0.0,1,4.842340003327892,33.169828589424654,7927.135773030543,600.9506529240874,13.190992861824721,2.0066792169044945,304.0209137242339,0.0,0.04710144927536232,0.0,1.1339586653860145,18.594202898550726,0.9765258215962441,427.0028296088352,414,154.6745924949646,reserve_far
core,100,1500000.0,5,11,exclude,launch,0,0.0,prior,0.0,sa,12600.0,43200.0,207525.71146803646,0,196590.3667001938,10935.34476784269,0,0,0.0,1,4.789315478557101,38.62540254779437,8018.590898655449,515.6375019325155,15.550829543241578,2.0083642263714925,305.0395239077335,0.0,0.046762589928057555,0.0,1.6234241191273284,28.28985507246377,0.9567307692307693,562.5187610926293,207,114.02563428878784,reserve_far
core,100,1500000.0,4,12,exclude,launch,0,0.0,prior,0.0,sa,12600.0,43200.0,272779.7433141151,0,256226.72086881273,16553.022445302355,0,0,0.0,0,4.789315478557099,32.044653699541904,8018.5908986554505,620.6196627620589,12.92029785677242,2.0113093741487846,306.82399507236187,0.0,0.12222222222222222,0.0,2.005661754153876,30.30827067669173,0.9299065420560748,808.3130867957944,133,84.2387535572052,reserve_far
core,100,1500000.0,8,10,exclude,launch,0,0.0,prior,0.0,sa,12600.0,43200.0,135251.10671458096,0,127765.62632584512,7485.4803887358585,0,0,0.0,1,4.842340003327892,31.825383316274724,7927.135773030543,626.5482518149989,12.65207547873135,2.0060041429005953,303.61330065994855,0.0,0.0504774897680764,0.0,0.9786589798596437,15.84909090909091,0.9766355140186916,378.78612966992256,550,177.2356152534485,reserve_far
core,100,1500000.0,6,11,exclude,launch,0,0.0,prior,0.0,sa,12600.0,43200.0,181740.31606824519,0,171150.50267676116,10589.813391484036,0,0,0.0,1,4.789315478557101,33.72277272869654,8018.590898655449,590.9485908096958,13.569016025012722,2.007183204663824,304.3254023270673,0.0,0.0472636815920398,0.0,1.3402838782088884,23.107023411371237,0.9567307692307693,469.42907834196217,299,138.87228274345398,reserve_far
core,100,1500000.0,5,12,exclude,launch,0,0.0,prior,0.0,sa,12600.0,43200.0,221962.6885947507,0,203819.90379923073,18142.784795519976,0,0,0.0,1,4.789315478557099,30.45229965239388,8018.5908986554505,653.7373322189203,12.265768686390736,2.0092621828161494,305.58304609884544,0.0,0.021660649819494584,0.0,1.6203757079035923,25.64423076923077,0.9666666666666667,618.2463070653247,208,105.58343696594238,reserve_far
core,200,1500000.0,2,1,exclude,launch,0,0.0,prior,0.0,sa,12600.0,43200.0,2111350.9692399064,0,1700304.4825107853,411046.486729121,0,0,0.0,0,5.817375238242085,34.28998436767409,6542.619886436506,570.3861843004164,11.47050904548308,2.0451431249015375,327.69724545868513,0.0,0.2,0.0,2.2692952188628803,44.416666666666664,0.8125,2582.207416435398,60,67.18997049331665,reserve_far
core,100,1500000.0,7,11,exclude,launch,0,0.0,prior,0.0,sa,12600.0,43200.0,155095.14843498426,0,147536.91334723795,7558.235087746336,0,0,0.0,1,4.789315478557101,36.41394143480503,8018.590898655449,547.5333880385695,14.64493503744214,2.0062345015471235,303.75236163113647,0.0,0.043243243243243246,0.0,1.1281190269149985,19.298076923076923,0.9567307692307693,408.6863461330493,416,162.46175384521484,reserve_far
core,100,1500000.0,6,12,exclude,launch,0,0.0,prior,0.0,sa,12600.0,43200.0,197378.33541531133,0,174039.98058992944,23338.35482538189,0,0,0.0,1,4.789315478557099,28.69098516311533,8018.5908986554505,694.3288885942209,11.548692601413087,2.0079333606731833,304.7788978673811,0.0,0.02729528535980149,0.0,1.3335719602388232,20.750830564784053,0.9857142857142858,528.3134020341935,301,124.93926167488098,reserve_far
core,200,1500000.0,3,1,exclude,launch,0,0.0,prior,0.0,sa,12600.0,43200.0,1100870.3073627322,0,955146.0314634034,145724.27589932902,0,0,0.0,0,5.817375238242085,28.767101345418872,6542.619886436506,684.8024615881711,9.554025070621211,2.0304793412164495,318.56630180216615,0.0,0.45901639344262296,0.0,2.2420891354583685,49.505494505494504,0.9009433962264151,1467.8248189366925,91,107.41672039031982,reserve_far
core,100,1500000.0,8,11,exclude,launch,0,0.0,prior,0.0,sa,12600.0,43200.0,137460.7818150799,0,131647.4656047444,5813.316210335515,0,0,0.0,1,4.789315478557101,34.22470602621388,8018.590898655449,582.7386810843324,13.760183009878178,2.0056096852540835,303.37525172304504,0.0,0.036684782608695655,0.0,0.9749571944522165,16.71195652173913,0.961352657004831,354.739065427831,552,189.86982202529907,reserve_far
core,100,1500000.0,7,12,exclude,launch,0,0.0,prior,0.0,sa,12600.0,43200.0,160038.30808850384,0,147434.5299881652,12603.778100338634,0,0,0.0,1,4.789315478557099,29.520899322480272,8018.5908986554505,675.1486877173694,11.876777729903834,2.00692424610141,304.1689312160681,0.0,0.043243243243243246,0.0,1.1344211060179494,17.872596153846153,0.9809523809523809,441.20566243492186,416,149.68288564682007,reserve_far
core,200,1500000.0,2,2,exclude,launch,0,0.0,prior,0.0,sa,12600.0,43200.0,2058914.5151390622,0,1673584.1868730234,385330.3282660389,0,0,0.0,0,5.159223286643748,33.67319576675971,7419.771693842448,581.1011705682699,12.768467987401422,2.044202456448925,327.10763101619085,0.0,0.2054794520547945,0.0,2.4591811010196447,47.55555555555556,0.8114143920595533,2547.7341000179767,54,63.85603904724121,reserve_far
core,200,1500000.0,4,1,exclude,launch,0,0.0,prior,0.0,sa,12600.0,43200.0,728591.0630161106,0,662891.0597001466,65700.00331596399,0,0,0.0,0,5.817375238242085,35.02058140418228,6542.619886436506,564.7152767380558,11.585696643852815,2.0225864944924616,313.7049416155142,0.0,0.32978723404255317,0.0,1.9256214895971537,44.49285714285714,0.9263657957244655,1067.0318567363663,140,144.21963548660278,reserve_far
core,100,1500000.0,8,12,exclude,launch,0,0.0,prior,0.0,sa,12600.0,43200.0,133737.71984619714,0,126039.45174824799,7698.268097949157,0,0,0.0,1,4.789315478557099,30.295935536389155,8018.5908986554505,658.1218569408231,12.184051956469917,2.006177285382476,303.7178188858944,0.0,0.02717391304347826,0.0,0.9743247831120142,15.532608695652174,0.9811320754716981,386.5621395670673,552,176.09331464767456,reserve_far
core,200,1500000.0,3,2,exclude,launch,0,0.0,prior,0.0,sa,12600.0,43200.0,1069135.4656985174,0,939095.6895744518,130039.77612406561,0,0,0.0,0,5.159223286643748,32.778881829454455,7419.771693842448,601.1417980956376,12.342797851268385,2.029966779394666,318.2494699969863,0.0,0.45217391304347826,0.0,2.355107852019683,50.45348837209303,0.9211822660098522,1525.8329636823391,86,102.63538098335266,reserve_far
core,200,1500000.0,5,1,exclude,launch,0,0.0,prior,0.0,sa,12600.0,43200.0,550162.399493024,0,508649.8462073138,41512.55328571017,0,0,0.0,0,5.817375238242085,35.73705002379786,6542.619886436506,554.5811487823772,11.797407648639515,2.0182557024422523,311.05340266684937,0.0,0.08571428571428572,0.0,1.602295025564132,38.63157894736842,0.9637681159420289,815.7365361124055,209,177.13665652275085,reserve_far
core,200,1500000.0,2,3,exclude,launch,0,0.0,prior,0.0,sa,12600.0,43200.0,2004331.884879179,0,1622463.0786371066,381868.8062420724,0,0,0.0,0,4.838213115042605,40.370884386958096,7934.181769636198,484.79551985569907,16.36603773070723,2.04377522469696,326.8400159073568,0.0,0.21428571428571427,0.0,2.558371146487987,53.69230769230769,0.8723404255319149,2329.365896969308,52,68.45028734207153,reserve_far
core,200,1500000.0,6,1,exclude,launch,0,0.0,prior,0.0,sa,12600.0,43200.0,453609.6310600862,0,426785.3299995643,26824.301060521953,0,0,0.0,1,5.817375238242085,37.3639033442383,6542.619886436506,531.1837441108889,12.31705593210074,2.015407988255796,309.316014784105,0.0,0.042606516290726815,0.0,1.3475269843978999,32.781879194630875,0.9635922330097088,669.1848841919767,298,205.89600944519043,reserve_far
core,200,1500000.0,4,2,exclude,launch,0,0.0,prior,0.0,sa,12600.0,43200.0,730086.5916523596,0,661626.0980024403,68460.49364991926,0,0,0.0,0,5.159223286643748,39.122683278828696,7419.771693842448,505.5226935786663,14.677425540121336,2.022510109644319,313.65807729745103,0.0,0.15217391304347827,0.0,1.9643227095065559,44.5735294117647,0.9451371571072319,1072.2643315958915,136,134.70153713226318,reserve_far
core,200,1500000.0,7,1,exclude,launch,0,0.0,prior,0.0,sa,12600.0,43200.0,388274.87450217025,0,366892.7193552941,21382.15514687614,0,0,0.0,1,5.817375238242085,35.32337146978125,6542.619886436506,562.3924051127017,11.633549505572333,2.0135313497283667,308.17373906466133,0.0,0.04945054945054945,0.0,1.1517644144453252,27.95110024449878,0.9636803874092009,574.3149965529182,409,237.80620193481445,reserve_far
core,200,1500000.0,5,2,exclude,launch,0,0.0,prior,0.0,sa,12600.0,43200.0,542457.2734513836,0,499763.1205813134,42694.152870070226,0,0,0.0,0,5.159223286643748,39.48873479264493,7419.771693842448,501.9089546917349,14.783102840632846,2.018188968250879,311.0126325203369,0.0,0.04642857142857143,0.0,1.6093663229933048,38.90430622009569,0.9625935162094763,809.6231134392009,209,178.45033884048462,reserve_far
core,200,1500000.0,3,3,exclude,launch,0,0.0,prior,0.0,sa,12600.0,43200.0,1048406.9813095886,0,918169.5727111081,130237.40859848043,0,0,0.0,0,4.838213115042605,34.28811549510291,7934.181769636198,574.7942585362542,13.803516043881572,2.0295696194669643,318.00408039880494,0.0,0.4690265486725664,0.0,2.4009853250823996,54.17857142857143,0.9247058823529412,1440.0560259977171,84,104.87441873550415,reserve_far
core,200,1500000.0,6,2,exclude,launch,0,0.0,prior,0.0,sa,12600.0,43200.0,462264.4801489775,0,426939.4770237595,35325.003125217925,0,0,0.0,1,5.159223286643748,38.55462457462662,7419.771693842448,514.7849950411176,14.413341036192802,2.015383196182439,309.30091052689977,0.0,0.07213930348258707,0.0,1.3422387364734945,32.22591362126246,0.96,678.9528222116412,301,204.67824244499207,reserve_far
core,200,1500000.0,8,1,exclude,launch,0,0.0,prior,0.0,sa,12600.0,43200.0,347493.17128952016,0,330254.6800195372,17238.491269982947,0,0,0.0,1,5.817375238242085,34.88630999532688,6542.619886436506,569.8490366153083,11.481321308003325,2.012079505032758,307.29147735220556,0.0,0.06267409470752089,0.0,0.9986862693269866,24.04089219330855,0.9733009708737864,507.77777621713125,538,267.8408832550049,reserve_far
core,200,1500000.0,4,3,exclude,launch,0,0.0,prior,0.0,sa,12600.0,43200.0,693532.6273970096,0,631947.2289842214,61585.39841278826,0,0,0.0,0,4.838213115042605,45.92575574654421,7934.181769636198,430.70673039252256,18.421309001615597,2.0221902930121987,313.46189853850916,0.0,0.15934065934065933,0.0,1.9783500288849416,48.4,0.9552941176470588,1000.1918818700085,135,142.14396572113037,reserve_far
core,200,1500000.0,9,1,exclude,launch,0,0.0,prior,0.0,sa,12600.0,43200.0,306095.3672092929,0,294336.43406830286,11758.933140989995,0,0,0.0,1,5.817375238242085,34.29665641583734,6542.619886436506,579.9735543666129,11.280893477258076,2.010944189273736,306.60244614789946,0.0,0.0455531453362256,0.0,0.875053650566187,21.034682080924856,0.9854014598540146,450.28405042521234,692,301.44918155670166,reserve_far
core,200,1500000.0,7,2,exclude,launch,0,0.0,prior,0.0,sa,12600.0,43200.0,393734.7603855399,0,363933.96526347275,29800.79512206715,0,0,0.0,1,5.159223286643748,36.25256389206342,7419.771693842448,547.9741901556094,13.54036709600399,2.0135441713337636,308.18153617339374,0.0,0.08860759493670886,0.0,1.1382908076909148,27.73671497584541,0.9725,572.3629750157886,414,240.91461443901062,reserve_far
core,200,1500000.0,3,4,exclude,launch,0,0.0,prior,0.0,sa,12600.0,43200.0,1009843.7971402002,0,879398.7494188036,130445.04772139654,0,0,0.0,0,6.029864771348001,32.18279015599401,6300.314603527087,612.5502680344188,10.285383800000355,2.0290584775846576,317.688405086656,0.0,0.43902439024390244,0.0,2.1986969366922122,50.67391304347826,0.9123222748815166,1424.1836190233162,92,108.79512000083923,reserve_far
core,200,1500000.0,5,3,exclude,launch,0,0.0,prior,0.0,sa,12600.0,43200.0,530932.8165496718,0,493274.15084761765,37658.66570205412,0,0,0.0,1,4.838213115042605,44.68572730489948,7934.181769636198,443.58811782643966,17.88637127728602,2.017953971690175,310.8690865439403,0.0,0.07885304659498207,0.0,1.6074890938281114,40.98557692307692,0.964622641509434,771.0254122972964,208,181.25372624397278,reserve_far
core,200,1500000.0,8,2,exclude,launch,0,0.0,prior,0.0,sa,12600.0,43200.0,344065.38412897754,0,326331.0567564297,17734.327372547785,0,0,0.0,1,5.159223286643748,36.78962239687312,7419.771693842448,540.3744923580458,13.730795584863015,2.012054871964194,307.27651915993846,0.0,0.06584362139917696,0.0,0.9841107757524232,23.776965265082268,0.9675810473815462,508.53997018582527,547,267.09322476387024,reserve_far
core,200,1500000.0,4,4,exclude,launch,0,0.0,prior,0.0,sa,12600.0,43200.0,678649.014058984,0,613367.330927275,65281.68313170908,0,0,0.0,0,6.029864771348001,39.08714031890097,6300.314603527087,506.16428275995105,12.44717341408109,2.021783264586846,313.21231193692586,0.0,0.2978723404255319,0.0,1.914796567769884,46.226950354609926,0.937799043062201,1016.0519492719556,141,136.9617314338684,reserve_far
core,200,1500000.0,6,3,exclude,launch,0,0.0,prior,0.0,sa,12600.0,43200.0,443886.53834004106,0,418819.91644916043,25066.621890880622,0,0,0.0,1,4.838213115042605,45.22032903743612,7934.181769636198,438.9415956687501,18.07571177561348,2.015206406534702,309.19321436073074,0.0,0.09158415841584158,0.0,1.3348985929515194,34.09602649006622,0.9670588235294117,643.8802557894927,302,210.34372186660767,reserve_far
core,200,1500000.0,2,5,exclude,launch,0,0.0,prior,0.0,sa,12600.0,43200.0,1916571.2245722148,0,1575929.9205508737,340641.3040213409,0,0,0.0,0,5.1150318495492835,38.41066466161363,7486.75482575108,509.5605109234957,14.692572648894146,2.043677693236127,326.7789382076051,0.0,0.2191780821917808,0.0,2.469261942038924,50.148148148148145,0.8203125,2423.539570336587,54,62.96361947059631,reserve_far
core,200,1500000.0,7,3,exclude,launch,0,0.0,prior,0.0,sa,12600.0,43200.0,383426.6913894539,0,362840.99269320193,20585.69869625197,0,0,0.0,1,4.838213115042605,42.5200108169522,7934.181769636198,467.26827003776975,16.979928401718503,2.013262173669058,308.0100697765634,0.0,0.09156193895870736,0.0,1.12845328611765,28.901678657074342,0.9764150943396226,547.4117464445395,417,242.17442202568054,reserve_far
core,200,1500000.0,5,4,exclude,launch,0,0.0,prior,0.0,sa,12600.0,43200.0,509191.0829642637,0,473303.32072527386,35887.76223898984,0,0,0.0,0,6.029864771348001,46.52674930223195,6300.314603527087,426.17310073282226,14.783463791340738,2.017303520078726,310.4719355893701,0.0,0.12411347517730496,0.0,1.60145819815225,39.87677725118483,0.9521531100478469,788.2620876529961,211,182.93202948570251,reserve_far
core,200,1500000.0,3,5,exclude,launch,0,0.0,prior,0.0,sa,12600.0,43200.0,1033797.4186786518,0,912354.9971819748,121442.4214966769,0,0,0.0,0,5.1150318495492835,37.71527841083877,7486.75482575108,522.556313669012,14.327173224995619,2.029595886331049,318.02030674494563,0.0,0.4482758620689655,0.0,2.371029855223214,52.05747126436781,0.9256410256410257,1473.9401389053912,87,104.70997834205627,reserve_far
core,200,1500000.0,6,4,exclude,launch,0,0.0,prior,0.0,sa,12600.0,43200.0,421148.9413332642,0,394156.0352141137,26992.906119150553,0,0,0.0,0,6.029864771348001,40.91603169205993,6300.314603527087,485.2369357773092,12.98399635104963,2.0147104240347478,308.89117339343323,0.0,0.03759398496240601,0.0,1.3511436690464347,33.919463087248324,0.9614457831325302,650.5749033381736,298,214.76664757728577,reserve_far
core,200,1500000.0,8,3,exclude,launch,0,0.0,prior,0.0,sa,12600.0,43200.0,336619.74572310183,0,321017.3056764543,15602.440046647482,0,0,0.0,1,4.838213115042605,42.0570566001917,7934.181769636198,472.75619546397826,16.782819232753436,2.0117957549362253,307.1191949120898,0.0,0.06919945725915876,0.0,0.9720577945498776,25.198915009041592,0.983451536643026,470.1773938615974,553,269.10570073127747,reserve_far
core,200,1500000.0,4,5,exclude,launch,0,0.0,prior,0.0,sa,12600.0,43200.0,699191.330061229,0,638396.9922149741,60794.33784625481,0,0,0.0,0,5.1150318495492835,42.7566643781511,7486.75482575108,462.6256649907875,16.183180900480664,2.022210924291075,313.47455212200407,0.0,0.19672131147540983,0.0,1.9651460786666455,45.82962962962963,0.9347258485639687,1045.5662719012776,135,131.9425766468048,reserve_far
core,200,1500000.0,7,4,exclude,launch,0,0.0,prior,0.0,sa,12600.0,43200.0,364036.1026633748,0,339128.6309413432,24907.471722031598,0,0,0.0,1,6.029864771348001,44.014775062002784,6300.314603527087,451.5174165461359,13.953646908509281,2.012736847762805,307.69077684496295,0.0,0.04963235294117647,0.0,1.1551872280413118,29.174447174447174,0.9637681159420289,553.5774085291094,407,250.5074851512909,reserve_far
core,200,1500000.0,2,6,exclude,launch,0,0.0,prior,0.0,sa,12600.0,43200.0,2170887.727228195,0,1761519.1887443755,409368.53848381946,0,0,0.0,0,4.910322515263031,40.689852356542346,7812.771097824855,480.86365780209394,16.247372765775342,2.04433432973455,327.1902576786334,0.0,0.22535211267605634,0.0,2.5265970330431196,49.79245283018868,0.8235294117647058,2490.147979209954,53,65.42283368110657,reserve_far
core,200,1500000.0,5,5,exclude,launch,0,0.0,prior,0.0,sa,12600.0,43200.0,521619.5697142566,0,487648.18986445025,33971.37984980634,0,0,0.0,0,5.1150318495492835,44.42355822020689,7486.75482575108,446.2254243405613,16.77796561416266,2.017866073463205,310.81540305222086,0.0,0.06428571428571428,0.0,1.6121308033716744,39.229665071770334,0.9530026109660574,805.6247550525089,209,169.7211389541626,reserve_far
core,200,1500000.0,3,6,exclude,launch,0,0.0,prior,0.0,sa,12600.0,43200.0,1134554.9080116549,0,965903.5165089966,168651.39150265808,0,0,0.0,0,4.910322515263031,36.673218619646015,7812.771097824855,537.2908646236428,14.541045851016808,2.03002556606162,318.2858000221682,0.0,0.4824561403508772,0.0,2.3905401262915693,52.01176470588236,0.9186046511627907,1518.5784544961741,85,98.12307667732239,reserve_far
core,200,1500000.0,8,4,exclude,launch,0,0.0,prior,0.0,sa,12600.0,43200.0,312255.95585180953,0,296540.30755717994,15715.648294629606,0,0,0.0,1,6.029864771348001,45.33985229851235,6300.314603527087,438.6385106445369,14.363341226627327,2.0112827648228766,306.80784912834037,0.0,0.06713286713286713,0.0,1.0035189199243295,25.90875232774674,0.9685230024213075,472.38162862141525,537,290.38608956336975,reserve_far
core,200,1500000.0,6,5,exclude,launch,0,0.0,prior,0.0,sa,12600.0,43200.0,436271.5526869994,0,409053.5316728208,27218.02101417859,0,0,0.0,1,5.1150318495492835,41.583279381191296,7486.75482575108,477.33659748258793,15.684434977823335,2.0151924256690523,309.18469834074426,0.0,0.05721393034825871,0.0,1.3434213236874226,33.14950166112957,0.9530026109660574,661.2066902851309,301,211.22710990905762,reserve_far
core,200,1500000.0,4,6,exclude,launch,0,0.0,prior,0.0,sa,12600.0,43200.0,735106.2678430985,0,658355.663890562,76750.60395253636,0,0,0.0,0,4.910322515263031,47.71012417503964,7812.771097824855,414.5341637022166,18.84711027928017,2.022502726858461,313.6535479298966,0.0,0.19672131147540983,0.0,1.9769128649758143,47.1985294117647,0.9484777517564403,1030.8882163591772,136,135.0604269504547,reserve_far
core,200,1500000.0,9,4,exclude,launch,0,0.0,prior,0.0,sa,12600.0,43200.0,280276.62620336073,0,266027.1700852198,14249.456118140943,0,0,0.0,1,6.029864771348001,44.914172592195385,6300.314603527087,443.04221604440556,14.220573966467372,2.0101639359213954,306.1293532308615,0.0,0.04475982532751092,0.0,0.8803376653942978,22.55393586005831,0.9732360097323601,422.78843695734923,686,309.5993981361389,reserve_far
core,200,1500000.0,2,7,exclude,launch,0,0.0,prior,0.0,sa,12600.0,43200.0,1911487.6407989934,0,1549428.237770193,362059.4030288003,0,1,0.01582730487275445,0,5.136971107610754,41.71601755148692,7453.356364169037,469.1088740752236,15.88832950317171,2.044012283183286,326.9884942312734,0.0,0.2191780821917808,0.0,2.465667859524943,51.74074074074074,0.8567901234567902,2332.318589575547,54,66.91729640960693,reserve_far
core,200,1500000.0,7,5,exclude,launch,0,0.0,prior,0.0,sa,12600.0,43200.0,373611.5232966342,0,354473.3576512527,19138.16564538149,0,0,0.0,1,5.1150318495492835,45.010903318489156,7486.75482575108,441.4450943224654,16.959651204736637,2.01310101368804,307.9120991807203,0.0,0.06148282097649186,0.0,1.1363027327057693,28.489156626506023,0.9530026109660574,556.6788715731711,415,233.54433727264404,reserve_far
core,200,1500000.0,5,6,exclude,launch,0,0.0,prior,0.0,sa,12600.0,43200.0,576611.5323073367,0,520745.9926451063,55865.539662230476,0,0,0.0,1,4.910322515263031,42.23542554451116,7812.771097824855,469.2461236043508,16.649623097179305,2.01828467875302,311.0711060949423,0.0,0.05734767025089606,0.0,1.6112912444131713,39.47596153846154,0.9504716981132075,801.2436575500241,208,168.5572304725647,reserve_far
core,200,1500000.0,10,4,exclude,launch,0,0.0,prior,0.0,sa,12600.0,43200.0,258233.35487209994,0,246275.1004155045,11958.254456595429,0,0,0.0,1,6.029864771348001,43.43550760580636,6300.314603527087,458.31648172708014,13.74664637803451,2.0093223486975846,305.61948107412263,0.0,0.03583916083916084,0.0,0.7825659666839019,19.623981373690338,0.9732360097323601,388.15088282398693,859,337.4745936393738,reserve_far
core,200,1500000.0,3,7,exclude,launch,0,0.0,prior,0.0,sa,12600.0,43200.0,996478.9201706714,0,868425.3102346032,128053.60993606811,0,0,0.0,0,5.136971107610754,35.98925848348061,7453.356364169037,547.4827107870315,13.613866186668243,2.0300965061534555,318.32964359686684,0.0,0.4608695652173913,0.0,2.359550129782974,53.616279069767444,0.9310344827586207,1432.5973736953458,86,110.32842993736267,reserve_far
core,200,1500000.0,8,5,exclude,launch,0,0.0,prior,0.0,sa,12600.0,43200.0,333920.5855672529,0,314242.29442830116,19678.291138951743,0,0,0.0,1,5.1150318495492835,43.445987200777836,7486.75482575108,457.6702539057761,16.358403811169325,2.011674148083319,307.04537457003306,0.0,0.06155950752393981,0.0,0.9813945710844053,24.856102003642988,0.95822454308094,481.47777091867067,549,270.509726524353,reserve_far
core,200,1500000.0,2,8,exclude,launch,0,0.0,prior,0.0,sa,12600.0,43200.0,1923268.6266342783,0,1558451.133858392,364817.4927758862,0,0,0.0,0,5.966948405413719,35.67224499570768,6370.260745628138,548.3738699987904,11.616638016764346,2.044809229703101,327.487897941836,0.0,0.18292682926829268,0.0,2.2237616767173627,45.14754098360656,0.850253807106599,2491.2045005369173,61,66.65941572189331,reserve_far
core,200,1500000.0,6,6,exclude,launch,0,0.0,prior,0.0,sa,12600.0,43200.0,480684.2399282547,0,437952.61911002157,42731.62081823306,0,0,0.0,1,4.910322515263031,41.040663414951005,7812.771097824855,483.57510675101753,16.156272291012456,2.0154948023658537,309.3689080896192,0.0,0.08933002481389578,0.0,1.3354647340779537,33.12956810631229,0.9550827423167849,659.1659086880455,301,205.82701206207275,reserve_far
core,200,1500000.0,4,7,exclude,launch,0,0.0,prior,0.0,sa,12600.0,43200.0,658939.9883814944,0,603368.536373388,55571.452008106506,0,0,0.0,0,5.136971107610754,43.164429662777835,7453.356364169037,458.1878701639965,16.26703116671618,2.0225086919748496,313.6572075492354,0.0,0.14673913043478262,0.0,1.9603182128782979,47.286764705882355,0.9407407407407408,1010.3125290296362,136,137.581561088562,reserve_far
core,200,1500000.0,7,6,exclude,launch,0,0.0,prior,0.0,sa,12600.0,43200.0,400110.3717727946,0,373873.1695450082,26237.202227786383,0,0,0.0,1,4.910322515263031,41.77848782515484,7812.771097824855,475.51153798240125,16.430245059824408,2.0134748785715537,308.1393988486877,0.0,0.08093525179856115,0.0,1.1302846516627534,28.435096153846153,0.966903073286052,554.6372808037708,416,241.6898603439331,reserve_far
core,200,1500000.0,3,8,exclude,launch,0,0.0,prior,0.0,sa,12600.0,43200.0,1025501.0331455197,0,882001.4409620123,143499.5921835074,0,0,0.0,0,5.966948405413719,32.047441039254565,6370.260745628138,614.7895623683755,10.361693066303463,2.030206194306489,318.39744083623754,0.0,0.44715447154471544,0.0,2.2190490780599608,48.46739130434783,0.9642857142857143,1508.632772002565,92,108.50541353225708,reserve_far
core,200,1500000.0,5,7,exclude,launch,0,0.0,prior,0.0,sa,12600.0,43200.0,503724.39202531567,0,471272.3783087234,32452.013716592253,0,0,0.0,0,5.136971107610754,42.67322276083242,7453.356364169037,464.4573950203585,16.047449010564975,2.018174276861938,311.0036574189991,0.0,0.06451612903225806,0.0,1.6094655905137336,39.71153846153846,0.9703703703703703,795.3976695971804,208,186.58548545837402,reserve_far
core,200,1500000.0,8,6,exclude,launch,0,0.0,prior,0.0,sa,12600.0,43200.0,366771.3539894817,0,339727.1765837707,27044.177405710965,0,0,0.0,1,4.910322515263031,42.37181092367287,7812.771097824855,469.2098802210885,16.650909171272204,2.0119436693781574,307.20899699835877,0.0,0.06657608695652174,0.0,0.9739826565589633,24.179347826086957,0.9598108747044918,491.7927033722997,552,267.12865805625916,reserve_far
core,200,1500000.0,6,7,exclude,launch,0,0.0,prior,0.0,sa,12600.0,43200.0,421744.0434872339,0,397604.6697603043,24139.37372692963,0,0,0.0,1,5.136971107610754,44.12505043902902,7453.356364169037,449.8101437506753,16.5700050737414,2.015327037639127,309.26669800831365,0.0,0.07196029776674938,0.0,1.3402823249395113,33.66887417218543,0.9679012345679012,647.9435889365003,302,218.59483909606934,reserve_far
core,200,1500000.0,4,8,exclude,launch,0,0.0,prior,0.0,sa,12600.0,43200.0,653672.402739836,0,600462.4858947803,53209.9168450558,0,0,0.0,0,5.966948405413719,37.72546952289544,6370.260745628138,524.2485237778048,12.151223049181308,2.022498096283492,313.6507070710095,0.0,0.3492063492063492,0.0,1.9115497157578727,45.063380281690144,0.9617346938775511,1035.6369110527626,142,138.25448274612427,reserve_far
core,200,1500000.0,2,9,exclude,launch,0,0.0,prior,0.0,sa,12600.0,43200.0,1959625.1919197398,0,1589878.7855987037,369746.4063210364,0,0,0.0,0,5.152246859207978,42.07384420655155,7430.26982720097,465.2436206341922,15.970707598467383,2.043465782857157,326.6462519981098,0.0,0.20270270270270271,0.0,2.4446776623612303,48.763636363636365,0.855036855036855,2471.567074710872,55,61.78274965286255,reserve_far
core,200,1500000.0,7,7,exclude,launch,0,0.0,prior,0.0,sa,12600.0,43200.0,360741.1531718606,0,343996.01808717835,16745.13508468228,0,0,0.0,1,5.136971107610754,43.87529860225223,7453.356364169037,452.81857867015685,16.45991731624207,2.0133332641270916,308.0532912559398,0.0,0.09057971014492754,0.0,1.1365155813925492,28.669082125603865,0.9604938271604938,554.1060563549134,414,241.51633191108704,reserve_far
core,200,1500000.0,5,8,exclude,launch,0,0.0,prior,0.0,sa,12600.0,43200.0,490081.0553035252,0,457336.6066546004,32744.44864892478,0,0,0.0,0,5.966948405413719,41.541794676853655,6370.260745628138,477.1451830432743,13.350780793799592,2.0180140827053474,310.90580177592307,0.0,0.10638297872340426,0.0,1.5982729050707494,39.28095238095238,0.9744245524296675,802.5503990958445,210,175.06234407424927,reserve_far
core,200,1500000.0,3,9,exclude,launch,0,0.0,prior,0.0,sa,12600.0,43200.0,999490.7788310584,0,871218.0725664902,128272.70626456832,0,0,0.0,0,5.152246859207978,33.856861093923,7430.26982720097,582.1427891009043,12.763655182737413,2.0294753338843803,317.94583892290706,0.0,0.4608695652173913,0.0,2.3586025417717447,53.26744186046512,0.9213759213759214,1443.890642178636,86,110.06563401222229,reserve_far
core,200,1500000.0,8,7,exclude,launch,0,0.0,prior,0.0,sa,12600.0,43200.0,316956.01176554983,0,302394.7875528875,14561.224212662326,0,0,0.0,1,5.136971107610754,42.42820779844971,7453.356364169037,468.5973069874029,15.90567477241051,2.0118959469402853,307.18002223025303,0.0,0.06301369863013699,0.0,0.982157742228169,24.79890310786106,0.9777777777777777,482.3933044795258,547,270.7799735069275,reserve_far
core,200,1500000.0,2,10,exclude,launch,0,0.0,prior,0.0,sa,12600.0,43200.0,2016046.5408422204,0,1625432.893103456,390613.64773876435,0,0,0.0,0,5.798634922030512,34.35875893499257,6564.841933405682,569.6847562989024,11.523639803978252,2.0435624980731593,326.7068062154076,0.0,0.2,0.0,2.277172376570046,45.1,0.7942583732057417,2554.0320886206287,60,64.11795353889465,reserve_far
core,200,1500000.0,6,8,exclude,launch,0,0.0,prior,0.0,sa,12600.0,43200.0,401292.4771425599,0,376481.006831263,24811.470311296864,0,0,0.0,1,5.966948405413719,41.22840775132394,6370.260745628138,481.42744295545765,13.232026630059648,2.0152669651605555,309.2301031638975,0.0,0.0475,0.0,1.347514841825252,33.718120805369125,0.9794871794871794,652.1552327287387,298,220.14874172210693,reserve_far
core,200,1500000.0,4,9,exclude,launch,0,0.0,prior,0.0,sa,12600.0,43200.0,680205.500394547,0,616228.1800926474,63977.32030189951,0,0,0.0,0,5.152246859207978,47.275258799112535,7430.26982720097,418.4721948805492,17.75570735188727,2.0218990559156564,313.2833041443932,0.0,0.17486338797814208,0.0,1.9644790173135354,46.419117647058826,0.9477611940298507,1048.0987168287795,136,138.75689148902893,reserve_far
core,200,1500000.0,7,8,exclude,launch,0,0.0,prior,0.0,sa,12600.0,43200.0,345565.8594967548,0,327850.7643207169,17715.095176037918,0,0,0.0,1,5.966948405413719,39.77331917932698,6370.260745628138,499.52168329878623,12.752721170299628,2.0133246509563865,308.0480544707646,0.0,0.05321100917431193,0.0,1.1536009325286571,28.845965770171148,0.9897172236503856,556.8104143458029,409,253.81988739967346,reserve_far
core,200,1500000.0,3,10,exclude,launch,0,0.0,prior,0.0,sa,12600.0,43200.0,1048428.5954959737,0,913923.8946045657,134504.70089140814,0,0,0.0,0,5.798634922030512,35.21511061379884,6564.841933405682,559.6548212455601,11.730162386156273,2.0296010786358876,318.023514338455,0.0,0.45454545454545453,0.0,2.245305338118514,49.032967032967036,0.9213759213759214,1503.1767742931886,91,99.3483555316925,reserve_far
core,200,1500000.0,5,9,exclude,launch,0,0.0,prior,0.0,sa,12600.0,43200.0,516777.7966312263,0,478726.4508250914,38051.34580613489,0,0,0.0,0,5.152246859207978,45.43491941280744,7430.26982720097,436.3231727060337,17.029280799181862,2.017724886889213,310.7291836180986,0.0,0.07885304659498207,0.0,1.6100617002315316,39.52403846153846,0.97,797.4210509601609,208,177.67409658432007,reserve_far
core,200,1500000.0,8,8,exclude,launch,0,0.0,prior,0.0,sa,12600.0,43200.0,300847.58982756815,0,287277.9409358625,13569.648891705672,0,0,0.0,1,5.966948405413719,40.11878358484369,6370.260745628138,495.58903754850894,12.853917788697268,2.0118265885454623,307.13791358626446,0.0,0.05160390516039052,0.0,1.0022117575128808,25.347583643122675,0.9794871794871794,484.969282853376,538,273.43104553222656,reserve_far
core,200,1500000.0,4,10,exclude,launch,0,0.0,prior,0.0,sa,12600.0,43200.0,701585.8061815341,0,636896.0279123549,64689.77826917918,0,0,0.0,0,5.798634922030512,39.09866695369836,6564.841933405682,505.90425715320896,12.97645125650242,2.0222260784488046,313.48384663824663,0.0,0.3191489361702128,0.0,1.9303339324516822,44.392857142857146,0.9359605911330049,1069.9719514613548,140,136.44598531723022,reserve_far
core,200,1500000.0,6,9,exclude,launch,0,0.0,prior,0.0,sa,12600.0,43200.0,438139.2200171222,0,402992.7514545725,35146.468562549744,0,0,0.0,1,5.152246859207978,43.691060153547305,7430.26982720097,454.3472777280273,16.353723663441286,2.0150205432725357,309.08001097958197,0.0,0.08706467661691543,0.0,1.3399209861870647,33.548172757475086,0.9723618090452262,649.8247649016341,301,219.07271242141724,reserve_far
core,200,1500000.0,2,11,exclude,launch,0,0.0,prior,0.0,sa,12600.0,43200.0,2094082.0637318117,0,1660466.6644268085,433615.3993050031,0,0,0.0,0,5.637899989482576,35.89362021759169,6761.506957310247,545.1292460306836,12.40349331198727,2.0442934896785534,327.16466777550323,0.0,0.20512820512820512,0.0,2.32245824277839,45.05172413793103,0.7788235294117647,2594.3108855028436,58,61.49201536178589,reserve_far
core,200,1500000.0,7,9,exclude,launch,0,0.0,prior,0.0,sa,12600.0,43200.0,377836.683165407,0,346600.8783930851,31235.804772321917,0,0,0.0,1,5.152246859207978,40.636631601287526,7430.26982720097,488.9482118885577,15.19643521857177,2.0131652594321547,307.95115287606757,0.0,0.081374321880651,0.0,1.1371534172222308,28.893719806763286,0.9775,551.1649834106122,414,238.9621183872223,reserve_far
core,200,1500000.0,9,8,exclude,launch,0,0.0,prior,0.0,sa,12600.0,43200.0,269211.972596385,0,257609.939336027,11602.033260357992,0,0,0.0,1,5.966948405413719,40.23819539668831,6370.260745628138,494.4106224689905,12.88455477314847,2.0106371518856605,306.41623583146804,0.0,0.03260869565217391,0.0,0.8773621873402835,22.047756874095512,0.9845360824742269,430.3996329906208,691,310.5107605457306,reserve_far
core,200,1500000.0,5,10,exclude,launch,0,0.0,prior,0.0,sa,12600.0,43200.0,517256.5254749414,0,483407.9012694979,33848.62420544351,0,0,0.0,0,5.798634922030512,44.16383075839729,6564.841933405682,448.87956369522186,14.62495168940916,2.0177317171774245,310.73335444467256,0.0,0.075,0.0,1.6045834906173937,38.73684210526316,0.9600997506234414,812.0566163133134,209,174.02594637870789,reserve_far
core,200,1500000.0,3,11,exclude,launch,0,0.0,prior,0.0,sa,12600.0,43200.0,1055460.9955019983,0,918415.0628649525,137045.9326370458,0,0,0.0,0,5.637899989482576,32.849566486190824,6761.506957310247,599.868772493732,11.271643511633036,2.0298974331498743,318.20661684260995,0.0,0.4666666666666667,0.0,2.262977946209507,48.022222222222226,0.9210526315789473,1525.8356146924714,90,93.59095096588135,reserve_far
core,200,1500000.0,8,9,exclude,launch,0,0.0,prior,0.0,sa,12600.0,43200.0,322043.8579761995,0,303609.58332950453,18434.274646695,0,0,0.0,1,5.152246859207978,43.52873523297677,7430.26982720097,456.8198378373551,16.265208320148353,2.011587774468496,306.99294763623726,0.0,0.06557377049180328,0.0,0.9821073533174197,24.96181818181818,0.9701492537313433,481.8982471774218,550,279.7559185028076,reserve_far
core,200,1500000.0,6,10,exclude,launch,0,0.0,prior,0.0,sa,12600.0,43200.0,423152.50761361455,0,399716.66967797535,23435.83793563918,0,0,0.0,1,5.798634922030512,43.834061557920606,6564.841933405682,452.8731284547606,14.49598468296286,2.014984574784934,309.05810611540596,0.0,0.06015037593984962,0.0,1.350150099809767,33.65436241610738,0.9600997506234414,653.554603546476,298,205.44116044044495,reserve_far
core,200,1500000.0,7,10,exclude,launch,0,0.0,prior,0.0,sa,12600.0,43200.0,362281.6162927996,0,345435.29643166205,16846.319861137537,0,0,0.0,1,5.798634922030512,43.992178120027226,6564.841933405682,451.6851316890866,14.534111204538236,2.0130229735821534,307.86466350156843,0.0,0.054945054945054944,0.0,1.152545008088943,28.770171149144254,0.9651741293532339,559.5998573322992,409,238.97265601158142,reserve_far
core,200,1500000.0,2,12,exclude,launch,0,0.0,prior,0.0,sa,12600.0,43200.0,1986515.8864860276,0,1598303.5648921232,388212.3215939043,0,0,0.0,0,5.280353234319941,38.95452038788497,7241.91745481808,502.50705943046404,14.41157356679922,2.0434309285522705,326.6244307978358,0.0,0.20270270270270271,0.0,2.425467930099305,49.21818181818182,0.8423645320197044,2446.1253583412827,55,69.47358465194702,reserve_far
core,200,1500000.0,4,11,exclude,launch,0,0.0,prior,0.0,sa,12600.0,43200.0,675876.0055431366,0,620859.0975729128,55016.907970223874,0,0,0.0,0,5.637899989482576,41.07558437840376,6761.506957310247,481.5033670995296,14.04249153653915,2.0224458949358732,313.61868242136575,0.0,0.1827956989247312,0.0,1.9362766890103462,45.2589928057554,0.9449760765550239,1042.0746805217466,139,135.8814458847046,reserve_far
core,200,1500000.0,5,11,exclude,launch,0,0.0,prior,0.0,sa,12600.0,43200.0,519509.06240368664,0,483929.3391590699,35579.72324461675,0,0,0.0,0,5.637899989482576,43.449088294857724,6761.506957310247,456.18646687952526,14.821805222678604,2.0180732507037416,310.9419431395449,0.0,0.05,0.0,1.606949625881782,38.0625,0.9569377990430622,825.1408290084627,208,176.86620926856995,reserve_far
core,200,1500000.0,3,12,exclude,launch,0,0.0,prior,0.0,sa,12600.0,43200.0,1022005.277188369,0,897609.5264411528,124395.7507472161,0,0,0.0,0,5.280353234319941,32.25394525794703,7241.91745481808,611.0608009887709,11.851386053727836,2.0295171323384866,317.97165773353834,0.0,0.43103448275862066,0.0,2.3286082027666755,51.96551724137931,0.9476309226932669,1449.0637756093217,87,98.07375693321228,reserve_far
core,200,1500000.0,8,10,exclude,launch,0,0.0,prior,0.0,sa,12600.0,43200.0,314005.45456685964,0,301741.770641011,12263.683925848658,0,0,0.0,1,5.798634922030512,42.05932486344305,6564.841933405682,472.7762285595294,13.885727616652098,2.0116020167507216,307.0015920882382,0.0,0.061366806136680614,0.0,1.0002355457398395,25.02048417132216,0.97,488.1290726161731,537,277.2835011482239,reserve_far
core,200,1500000.0,6,11,exclude,launch,0,0.0,prior,0.0,sa,12600.0,43200.0,435383.1430902411,0,408521.38474714465,26861.758343096444,0,0,0.0,1,5.637899989482576,39.99181649760597,6761.506957310247,496.2954514615127,13.623955120681973,2.0153411168267588,309.27527505570293,0.0,0.0525,0.0,1.34772922856627,32.0066889632107,0.9520383693045563,686.8803852160194,299,208.6512575149536,reserve_far
core,200,1500000.0,4,12,exclude,launch,0,0.0,prior,0.0,sa,12600.0,43200.0,694560.2301871618,0,629594.7808818063,64965.449305355585,0,0,0.0,0,5.280353234319941,43.5993481663106,7241.91745481808,453.7549407094962,15.959974878718759,2.0218951386302617,313.28090230684836,0.0,0.17297297297297298,0.0,1.95464305242533,46.31159420289855,0.9654320987654321,1034.3282133909054,138,142.09397673606873,reserve_far
core,200,1500000.0,7,11,exclude,launch,0,0.0,prior,0.0,sa,12600.0,43200.0,363126.6749562202,0,345476.0560318791,17650.618924341117,0,0,0.0,1,5.637899989482576,40.54313061490944,6761.506957310247,490.0345562085911,13.798020714343465,2.013334818002804,308.0542360130328,0.0,0.056672760511883,0.0,1.1486831261951547,27.96829268292683,0.966183574879227,573.1905737420121,410,228.74802708625793,reserve_far
core,200,1500000.0,9,10,exclude,launch,0,0.0,prior,0.0,sa,12600.0,43200.0,282973.002531458,0,272343.9549639609,10629.04756749705,0,0,0.0,1,5.798634922030512,43.16528493702734,6564.841933405682,460.92801147118143,14.242662129498576,2.010445374429818,306.2999564119846,0.0,0.04234527687296417,0.0,0.8753695941840445,21.83646888567294,0.9775,434.14894949398683,691,300.5334675312042,reserve_far
core,200,1500000.0,8,11,exclude,launch,0,0.0,prior,0.0,sa,12600.0,43200.0,325317.7203382948,0,308373.57605799794,16944.144280296932,0,0,0.0,1,5.637899989482576,40.03609340752055,6761.506957310247,496.59642491327844,13.61569801572982,2.0118922089727596,307.17775277393116,0.0,0.06527777777777778,0.0,0.9975361453961163,23.963031423290204,0.9617224880382775,509.4248885884314,541,271.6214671134949,reserve_far
core,200,1500000.0,5,12,exclude,launch,0,0.0,prior,0.0,sa,12600.0,43200.0,527138.8590311491,0,488694.3749901645,38444.48404098454,0,0,0.0,0,5.280353234319941,46.12628094393199,7241.91745481808,429.8060437271269,16.849268549177946,2.0176184165776103,310.6641725273767,0.0,0.05017921146953405,0.0,1.609386808229267,39.44230769230769,0.972568578553616,798.688795867618,208,168.17291140556335,reserve_far
core,200,1500000.0,6,12,exclude,launch,0,0.0,prior,0.0,sa,12600.0,43200.0,442237.8405753642,0,412680.01741181157,29557.82316355262,0,0,0.0,1,5.280353234319941,43.271651926043674,7241.91745481808,458.7615579054593,15.785798373957219,2.0149742356210916,309.0518096923857,0.0,0.09226932668329177,0.0,1.3435326870814253,32.79,0.9750623441396509,669.8865143394844,300,205.40612387657166,reserve_far
core,200,1500000.0,9,11,exclude,launch,0,0.0,prior,0.0,sa,12600.0,43200.0,290316.8263199961,0,275637.2819730531,14679.544346942941,0,0,0.0,1,5.637899989482576,40.10837926284726,6761.506957310247,495.9841943491852,13.632504895004736,2.0107452036661844,306.4817600202592,0.0,0.04864864864864865,0.0,0.8724385695522795,21.148201438848922,0.9593301435406698,450.20076321971004,695,304.1992552280426,reserve_far
core,200,1500000.0,7,12,exclude,launch,0,0.0,prior,0.0,sa,12600.0,43200.0,375180.45012190053,0,354887.5802401047,20292.869881795854,0,0,0.0,1,5.280353234319941,41.09615999421063,7241.91745481808,483.51207206995576,14.97773866082562,2.013035464200044,307.8722555180997,0.0,0.09090909090909091,0.0,1.139841768452234,28.25728155339806,0.9850374064837906,563.814086670468,412,237.36132216453552,reserve_far
core,200,1500000.0,8,12,exclude,launch,0,0.0,prior,0.0,sa,12600.0,43200.0,330263.8705895524,0,314851.645802003,15412.224787549469,0,0,0.0,1,5.280353234319941,41.72784829740424,7241.91745481808,476.5350684340742,15.197029420343608,2.011588454924029,306.99336064067523,0.0,0.07565337001375516,0.0,0.986637097182396,24.65073529411765,0.9825436408977556,488.3876583879694,544,270.90745854377747,reserve_far
core,100,1500000.0,9,3,exclude,launch,0,0.0,prior,0.0,sa,12600.0,43200.0,116812.35904838177,0,110454.597369453,6357.761678928769,0,0,0.0,1,4.940884818166719,30.5942588687571,7762.382610686937,652.026772043766,11.90500596525491,2.005185826295306,303.11956361549306,0.0,0.029661016949152543,0.0,0.8544084335728735,14.022598870056497,0.966183574879227,330.5964219227792,708,195.0687563419342,reserve_far
core,100,1500000.0,10,3,exclude,launch,0,0.0,prior,0.0,sa,12600.0,43200.0,112467.66580958597,0,105346.04609563129,7121.619713954686,0,0,0.0,1,4.940884818166719,29.316823681520603,7762.382610686937,680.5606818370359,11.40586404394382,2.004823855396509,302.9012941121714,0.0,0.02707275803722504,0.0,0.7571707299296798,11.988726042841037,0.9711538461538461,310.5949530483903,887,212.9955358505249,reserve_far
core,100,1500000.0,10,4,exclude,launch,0,0.0,prior,0.0,sa,12600.0,43200.0,109860.0272672558,0,106185.71924009967,3674.308027156136,0,0,0.0,1,5.351491471317767,27.669704530311105,7141.218427495743,720.9834423209178,9.904829997908754,2.0050729528432907,303.0514921611396,0.0,0.021514629948364887,0.0,0.7699842299419123,11.94508009153318,0.9619047619047619,316.3958539149414,874,213.74987530708313,reserve_far
core,100,1500000.0,10,1,exclude,launch,0,0.0,prior,0.0,sa,12600.0,43200.0,108795.39508531807,0,104341.16914693674,4454.225938381332,0,0,0.0,1,5.478029860560422,33.514689153823774,6968.561876837692,595.2369849465849,11.707205790418136,2.0050946926367996,303.06460234999884,0.0,0.01810344827586207,0.0,0.7726383024900342,12.729885057471265,0.9945054945054945,295.66284715859524,870,230.24187684059143,reserve_far
core,100,1500000.0,11,1,exclude,launch,0,0.0,prior,0.0,sa,12600.0,43200.0,103083.70558392062,0,99623.82411112823,3459.8814727923905,0,0,0.0,1,5.478029860560422,31.408929015642666,6968.561876837692,635.2328791216091,10.970090034498401,2.004813114353281,302.89481843290207,0.0,0.01055594651653765,0.0007037297677691766,0.6921051927150138,10.948550046772684,0.9890710382513661,281.62430934625667,1069,231.95677399635315,reserve_far
core,100,1500000.0,11,4,exclude,launch,0,0.0,prior,0.0,sa,12600.0,43200.0,99575.66029618672,0,95269.06430318506,4306.595993001664,0,0,0.0,1,5.351491471317767,26.992111841270408,7141.218427495743,739.1930885740861,9.660829542212378,2.0047731122705383,302.8707021425472,0.0,0.015460295151089248,0.0,0.6912251532873579,10.667602996254681,0.9806763285024155,286.5722124504596,1068,232.22529101371765,reserve_far
core,100,1500000.0,11,3,exclude,launch,0,0.0,prior,0.0,sa,12600.0,43200.0,101965.84184269591,0,95936.90360202726,6028.938240668649,0,0,0.0,1,4.940884818166719,28.978757870600205,7762.382610686937,688.6041614592721,11.27263389497545,2.0045208697223464,302.71865331232175,0.0,0.0221147201105736,0.0,0.6805305011573034,10.837166513339467,0.9855769230769231,281.2257696082767,1087,244.14323234558105,reserve_far
core,100,1500000.0,12,4,exclude,launch,0,0.0,prior,0.0,sa,12600.0,43200.0,96482.90890426913,0,93470.77553819795,3012.1333660711966,0,0,0.0,1,5.351491471317767,25.921985849162596,7141.218427495743,769.7861518171645,9.276886068472542,2.0045718536587933,302.7493827490392,0.0,0.015780245470485097,0.0,0.626865352789623,9.259922178988328,0.9806763285024155,274.4816083512127,1285,246.66786241531372,reserve_far
core,100,1500000.0,11,2,exclude,launch,0,0.0,prior,0.0,sa,12600.0,43200.0,96708.7073038951,0,93951.22640306586,2757.480900829247,0,0,0.0,1,6.024642709207431,26.642282627842043,6306.0645414764385,748.7703446619344,8.421894091336632,2.0051179486878152,303.0786272323205,0.0,0.012884753042233358,0.0,0.7043947655374201,11.191793893129772,0.9724770642201835,278.3439212401623,1048,249.25772786140442,reserve_far
core,100,1500000.0,12,2,exclude,launch,0,0.0,prior,0.0,sa,12600.0,43200.0,92416.5166525127,0,89654.77545909667,2761.7411934160314,0,0,0.0,1,6.024642709207431,26.575962329030727,6306.0645414764385,750.7482876258866,8.399705527691967,2.0048257950675192,302.9024635299217,0.0,0.0077473182359952325,0.0,0.6398076740437837,9.838223632038066,0.9769585253456221,263.31480104919075,1261,261.56830310821533,reserve_far
core,100,1500000.0,12,1,exclude,launch,0,0.0,prior,0.0,sa,12600.0,43200.0,93147.25695998517,0,90963.04970244053,2184.207257544645,0,0,0.0,1,5.478029860560422,31.366649157708775,6968.561876837692,636.1831218585248,10.95370442472595,2.004516899866009,302.7162606349254,0.0,0.013489736070381233,0.0,0.6287011721718653,10.028928850664581,0.989010989010989,254.23095460154698,1279,265.0668857097626,reserve_far
core,100,1500000.0,13,2,exclude,launch,0,0.0,prior,0.0,sa,12600.0,43200.0,89757.92448990395,0,86619.12376930896,3138.8007205949834,0,0,0.0,1,6.024642709207431,25.467003910932238,6306.0645414764385,783.5040097311178,8.048541504772322,2.0046608685886835,302.8030382620105,0.0,0.007556675062972292,0.0,0.5860275573154392,8.732262382864793,0.9683257918552036,253.43734063684673,1494,280.420845746994,reserve_far
core,100,1500000.0,10,5,exclude,launch,0,0.0,prior,0.0,sa,12600.0,43200.0,99112.62427123915,0,95818.81155014306,3293.8127210961075,0,0,0.0,1,5.774317772611485,30.555201854168686,6593.891938148332,652.9521134872681,10.098584263602213,2.004903630519605,302.9493919894448,0.0,0.013066202090592335,0.0,0.7794666617260809,12.647331786542923,0.9820627802690582,300.36195730768475,862,220.7413191795349,reserve_far
core,100,1500000.0,9,6,exclude,launch,0,0.0,prior,0.0,sa,12600.0,43200.0,122895.48722929451,0,111818.63960240314,11076.847626891366,0,0,0.0,1,5.052148291863248,30.673005756023215,7584.090639439221,650.2558458126077,11.663240997028764,2.0054848706144166,303.29994751034707,0.0,0.027689030883919063,0.0,0.857386481426676,14.372159090909092,0.9819819819819819,323.29612400954034,704,201.4241237640381,reserve_far
core,100,1500000.0,9,7,exclude,launch,0,0.0,prior,0.0,sa,12600.0,43200.0,114205.45539879135,0,108420.8337235793,5784.621675212048,0,0,0.0,1,4.789315478557099,28.691421210370606,8018.5908986554505,695.1142732535295,11.535644148297937,2.005634187119087,303.39003549079996,0.0,0.026343519494204427,0.0,0.8493510219287282,13.89185393258427,0.9647577092511013,330.7142383974488,712,198.67950439453125,reserve_far
core,100,1500000.0,11,5,exclude,launch,0,0.0,prior,0.0,sa,12600.0,43200.0,91841.04261075183,0,89794.23243491624,2046.810175835603,0,0,0.0,1,5.774317772611485,30.939608788566744,6593.891938148332,644.9549351180276,10.223802593186827,2.004544967064268,302.7331772562452,0.0,0.014265335235378032,0.0,0.7019981186409384,11.056083650190114,0.9820627802690582,282.80014586753555,1052,238.24878525733948,reserve_far
core,100,1500000.0,10,6,exclude,launch,0,0.0,prior,0.0,sa,12600.0,43200.0,111518.2035151139,0,105877.43244794091,5640.7710671729965,0,0,0.0,1,5.052148291863248,28.773187336047048,7584.090639439221,693.3107413920436,10.938948708932054,2.0051371770709894,303.09022341907115,0.0,0.021240441801189464,0.0,0.7611294369477478,12.45124716553288,0.9775784753363229,300.4419276117525,882,225.8391568660736,reserve_far
core,100,1500000.0,10,7,exclude,launch,0,0.0,prior,0.0,sa,12600.0,43200.0,107725.31750728603,0,103400.81286686781,4324.504640418211,0,0,0.0,1,4.789315478557099,28.121417695253733,8018.5908986554505,709.3442099156373,11.304231128649244,2.0052371966215246,303.1505464414506,0.0,0.027707808564231738,0.0,0.7505923945312318,11.969832402234637,0.9649122807017544,307.9792673101419,895,214.39492988586426,reserve_far
core,100,1500000.0,11,6,exclude,launch,0,0.0,prior,0.0,sa,12600.0,43200.0,101797.27287325487,0,96241.45411948032,5555.818753774553,0,0,0.0,1,5.052148291863248,28.684373764104915,7584.090639439221,695.5741218115029,10.903353649339001,2.0048006866344297,302.88732595830635,0.0,0.016655100624566273,0.0,0.6823200252644951,11.029602220166513,0.990990990990991,273.61771475625,1081,245.69879984855652,reserve_far
core,100,1500000.0,12,5,exclude,launch,0,0.0,prior,0.0,sa,12600.0,43200.0,88466.06301788824,0,85734.59000050207,2731.4730173861794,0,0,0.0,1,5.774317772611485,28.658151047226593,6593.891938148332,696.362640508614,9.46904896180565,2.0043629232987374,302.62346450915555,0.0,0.012448132780082987,0.0,0.6356244352936754,9.78627760252366,0.9910313901345291,263.0438258204752,1268,266.59442138671875,reserve_far
core,100,1500000.0,11,7,exclude,launch,0,0.0,prior,0.0,sa,12600.0,43200.0,103499.03198648544,0,96403.46887210081,7095.563114384626,0,0,0.0,1,4.789315478557099,27.43639255327885,8018.5908986554505,727.1715459677058,11.027096622688207,2.0049156533271306,302.9566410905681,0.0,0.01990391214824983,0.0,0.6757086038699348,10.469406392694063,0.9563318777292577,289.2314999889133,1095,231.44613027572632,reserve_far
core,100,1500000.0,10,8,exclude,launch,0,0.0,prior,0.0,sa,12600.0,43200.0,100945.95427677473,0,97224.02412235732,3721.9301544174205,0,0,0.0,1,5.687677066694433,27.027498633856837,6699.414751861177,738.0691369703993,9.076947424411625,2.0051972113826273,303.1264301314231,0.0,0.019080659150043366,0.0,0.7772141176265416,13.005773672055428,0.9888888888888889,290.58779122410834,866,231.70697045326233,reserve_far
core,100,1500000.0,11,8,exclude,launch,0,0.0,prior,0.0,sa,12600.0,43200.0,90558.09847685239,0,88129.29252492852,2428.805951923888,0,0,0.0,1,5.687677066694433,27.789031248699906,6699.414751861177,717.9773471245966,9.330955605621039,2.0048221048729853,302.90023873241296,0.0,0.012056737588652482,0.0,0.6985490386710531,11.701605288007555,0.9888888888888889,265.2143621397619,1059,255.17570638656616,reserve_far
core,100,1500000.0,12,8,exclude,launch,0,0.0,prior,0.0,sa,12600.0,43200.0,84133.70906014516,0,82049.56135904655,2084.1477010986096,0,0,0.0,1,5.687677066694433,26.738719047085592,6699.414751861177,746.26182864939,8.977297906267033,2.004602027837815,302.76757030075515,0.0,0.010017678255745434,0.0,0.6332072249026455,10.362352941176471,0.9888888888888889,248.0766385621431,1275,272.8072476387024,reserve_far
core,100,1500000.0,9,9,exclude,launch,0,0.0,prior,0.0,sa,12600.0,43200.0,119563.31709121286,0,114952.11235223533,4611.204738977528,0,0,0.0,1,4.852417850747997,31.662538561888958,7909.979841733408,629.9761893800588,12.555998107670368,2.005349732713512,303.2184255201389,0.0,0.02854122621564482,0.0,0.8529966201215846,14.060478199718705,0.9775280898876404,330.3110777665434,711,201.0437285900116,reserve_far
core,100,1500000.0,9,10,exclude,launch,0,0.0,prior,0.0,sa,12600.0,43200.0,123255.43666311279,0,116138.2259913821,7117.210671730692,0,0,0.0,1,4.842340003327892,31.526012302118133,7927.135773030543,632.6735803005578,12.529582425845376,2.0054472885989663,303.2772750453037,0.0,0.033862433862433865,0.0,0.8524887050336529,13.694366197183099,0.986046511627907,340.62518018159136,710,197.73446702957153,reserve_far
core,100,1500000.0,10,9,exclude,launch,0,0.0,prior,0.0,sa,12600.0,43200.0,106046.2064291878,0,103375.86776314635,2670.3386660414526,0,0,0.0,1,4.852417850747997,29.628808029875653,7909.979841733408,673.3319028474968,11.747519771872359,2.0050103514590196,303.0137419619348,0.0,0.02027027027027027,0.0,0.7557461136498287,12.241844769403825,1.0,300.0953405881383,889,218.50763273239136,reserve_far
core,100,1500000.0,10,10,exclude,launch,0,0.0,prior,0.0,sa,12600.0,43200.0,113676.78268324566,0,109000.16803823972,4676.614645005945,0,0,0.0,1,4.842340003327892,29.08020413506508,7927.135773030543,685.99854287062,11.55561605110524,2.0051152833821373,303.0770198665062,0.0,0.026182432432432432,0.0,0.7545082795248569,11.772778402699663,0.9765258215962441,313.90778667748776,889,203.8749074935913,reserve_far
core,100,1500000.0,11,9,exclude,launch,0,0.0,prior,0.0,sa,12600.0,43200.0,106698.32258298063,0,101635.92872549135,5062.393857489281,0,0,0.0,1,4.852417850747997,29.14134648586377,7909.979841733408,684.6979517280444,11.552509864780752,2.004709036521234,302.83207442022785,0.0,0.019297036526533425,0.0,0.6779994004254244,10.622364802933088,0.9887640449438202,286.6189845016357,1091,234.49962544441223,reserve_far
core,100,1500000.0,9,11,exclude,launch,0,0.0,prior,0.0,sa,12600.0,43200.0,124087.79106910904,0,119399.42543420433,4688.365634904712,0,0,0.0,1,4.789315478557101,33.45543737296025,8018.590898655449,596.2861247832323,13.44755573772649,2.005111721134622,303.07487158866064,0.0,0.03259726603575184,0.0,0.8497399273365736,14.34733893557423,0.9615384615384616,321.48585853771914,714,199.5607795715332,reserve_far
core,100,1500000.0,9,12,exclude,launch,0,0.0,prior,0.0,sa,12600.0,43200.0,121966.68257410238,0,117790.63338759464,4176.049186507729,0,0,0.0,1,4.789315478557099,28.672595726163003,8018.5908986554505,695.5523293954391,11.528379044643641,2.0056870507051827,303.42193318682655,0.0,0.022175290390707498,0.0,0.850641079036863,13.369014084507043,0.9761904761904762,344.1784612911096,710,190.53736352920532,reserve_far
core,100,1500000.0,11,10,exclude,launch,0,0.0,prior,0.0,sa,12600.0,43200.0,104417.71148802536,0,99912.45143491935,4505.260053106014,0,0,0.0,1,4.842340003327892,28.72900207039559,7927.135773030543,694.4965552620458,11.414218994994862,2.004792157539411,302.88218395581134,0.0,0.022742935906271536,0.0,0.6779574161666476,10.443119266055046,0.9812206572769953,289.8543944321378,1090,232.7363429069519,reserve_far
core,100,1500000.0,10,11,exclude,launch,0,0.0,prior,0.0,sa,12600.0,43200.0,115924.6198847353,0,110403.63701961728,5520.982865118015,0,0,0.0,1,4.789315478557101,31.9080519981432,8018.590898655449,625.3223764670429,12.823131236657517,2.004729266206878,302.84426951178364,0.0,0.02691337258200168,0.0,0.7516286099175881,12.47144456886898,0.9660194174757282,292.4614794230556,893,215.08146166801453,reserve_far
core,100,1500000.0,11,11,exclude,launch,0,0.0,prior,0.0,sa,12600.0,43200.0,107482.69831942432,0,104518.13606928776,2964.562250136548,0,0,0.0,1,4.789315478557101,31.98207208873541,8018.590898655449,623.9762456502656,12.850795129707251,2.0044043508363147,302.6484299936756,0.0,0.02193283070596299,0.0,0.6762256999718885,11.059306569343066,0.9660194174757282,270.27944056481414,1096,246.01803374290466,reserve_far
core,100,1500000.0,10,12,exclude,launch,0,0.0,prior,0.0,sa,12600.0,43200.0,117668.2319150713,0,107223.2242362138,10445.00767885749,0,0,0.0,1,4.789315478557099,27.57320927146511,8018.5908986554505,723.4243014390765,11.08421556022436,2.0053010478469444,303.1890590406495,0.0,0.019376579612468407,0.0,0.753921465683875,11.65993265993266,0.9714285714285714,314.64467218861813,891,222.1460440158844,reserve_far
core,100,1500000.0,11,12,exclude,launch,0,0.0,prior,0.0,sa,12600.0,43200.0,106949.40946054664,0,99914.5592278932,7034.850232653429,0,0,0.0,1,4.789315478557099,26.461883453709625,8018.5908986554505,753.9095352125346,10.636012046717157,2.0050259729988777,303.02316192070214,0.0,0.013726835964310227,0.0,0.6758080666914092,10.142595978062158,0.9715639810426541,297.8955678273549,1094,234.9718096256256,reserve_far
core,200,1500000.0,10,1,exclude,launch,0,0.0,prior,0.0,sa,12600.0,43200.0,282446.2597067249,0,269989.2494854526,12457.01022127226,0,0,0.0,1,5.817375238242085,34.23978411442423,6542.619886436506,581.1962068564035,11.257162055176654,2.0100469532757326,306.05845434647705,0.0,0.036458333333333336,0.0,0.7768100075171585,18.40740740740741,0.9781021897810219,410.8948470632289,864,318.67089891433716,reserve_far
core,200,1500000.0,9,2,exclude,launch,0,0.0,prior,0.0,sa,12600.0,43200.0,313031.84659672325,0,293096.7236120277,19935.12298469555,0,0,0.0,1,5.159223286643748,36.98229090651968,7419.771693842448,537.8784075652222,13.794514874521598,2.0108610889631455,306.552042353927,0.0,0.046858359957401494,0.0,0.8583254905682505,20.614184397163122,0.9673366834170855,450.6100288041326,705,302.2584810256958,reserve_far
core,200,1500000.0,11,1,exclude,launch,0,0.0,prior,0.0,sa,12600.0,43200.0,267927.85748819244,0,257113.985080525,10813.872407667448,0,0,0.0,1,5.817375238242085,32.949109090505345,6542.619886436506,604.1561177241366,10.829353033918839,2.009403422215718,305.6685806342412,0.0,0.029098651525904896,0.0,0.6989281669802717,16.032136105860115,0.975669099756691,386.1975800927158,1058,342.8729283809662,reserve_far
core,200,1500000.0,10,2,exclude,launch,0,0.0,prior,0.0,sa,12600.0,43200.0,295869.6450032273,0,274932.4492099369,20937.195793290444,0,0,0.0,1,5.159223286643748,35.13975414248194,7419.771693842448,566.3087463344962,13.10199028686709,2.0100552900374926,306.06350667981707,0.0,0.036626916524701875,0.0,0.7619206939314418,17.76844494892168,0.9748743718592965,417.50739628027316,881,317.26492261886597,reserve_far
core,200,1500000.0,9,3,exclude,launch,0,0.0,prior,0.0,sa,12600.0,43200.0,299355.89062082325,0,286116.2328588656,13239.657761957678,0,0,0.0,1,4.838213115042605,42.11864508879821,7934.181769636198,472.32966355457705,16.797974766027824,2.0106680553705245,306.4349754439313,0.0,0.05152471083070452,0.0,0.8483124716292711,21.8515406162465,0.9810874704491725,422.09241817309425,714,313.44020915031433,reserve_far
core,200,1500000.0,11,2,exclude,launch,0,0.0,prior,0.0,sa,12600.0,43200.0,275216.8930924972,0,262238.91737935686,12977.975713140318,0,0,0.0,1,5.159223286643748,33.50007770331846,7419.771693842448,594.2021291407335,12.48694901947266,2.009462811795504,305.7045505194255,0.0,0.029902642559109873,0.0,0.6845120130087283,15.35462962962963,0.9748743718592965,394.0850528767382,1080,343.3357079029083,reserve_far
core,200,1500000.0,12,1,exclude,launch,0,0.0,prior,0.0,sa,12600.0,43200.0,263301.8994576732,0,252398.81795560726,10903.08150206595,0,0,0.0,1,5.817375238242085,31.32895643499116,6542.619886436506,635.5462648561876,10.294482476294595,2.0089396565052713,305.3877691406925,0.0,0.027794204612655235,0.0,0.6345277865720013,13.833202202989773,0.9708029197080292,371.73141348932364,1271,371.77965927124023,reserve_far
core,200,1500000.0,10,3,exclude,launch,0,0.0,prior,0.0,sa,12600.0,43200.0,281502.10441913997,0,268561.70569760434,12940.398721535657,0,0,0.0,1,4.838213115042605,41.09926776936131,7934.181769636198,484.2556668334959,16.384282751954345,2.009792379742704,305.90419505593013,0.0,0.037783375314861464,0.0,0.7516661316658255,19.04581005586592,0.9810874704491725,384.0509706487874,895,333.4772963523865,reserve_far
core,200,1500000.0,11,3,exclude,launch,0,0.0,prior,0.0,sa,12600.0,43200.0,266903.6202754392,0,256181.59573773915,10722.02453770008,0,0,0.0,1,4.838213115042605,39.06210413388079,7934.181769636198,509.67281017993804,15.567206276581764,2.0091524543685977,305.51660284744935,0.0,0.03287671232876712,0.0,0.6744209793401205,16.536918869644484,0.983451536643026,360.38652632747807,1097,365.57747173309326,reserve_far
core,200,1500000.0,11,4,exclude,launch,0,0.0,prior,0.0,sa,12600.0,43200.0,243727.36276189573,0,234248.09897602478,9479.263785870937,0,0,0.0,1,6.029864771348001,40.383757531484726,6300.314603527087,493.1008788924022,12.776928359322303,2.008711144299709,305.24945179032835,0.0,0.03142857142857143,0.0,0.7036039292624529,17.075095057034222,0.9733656174334141,365.90806435520403,1052,363.3631513118744,reserve_far
core,200,1500000.0,12,4,exclude,launch,0,0.0,prior,0.0,sa,12600.0,43200.0,235721.83915626735,0,222241.208934913,13480.630221354337,0,0,0.0,1,6.029864771348001,39.04489858733807,6300.314603527087,510.1415388640838,12.350130549172293,2.008190943942216,304.93469383412906,0.0,0.024390243902439025,0.0,0.6390310875862778,15.167062549485353,0.975609756097561,340.9434837413014,1263,393.9242322444916,reserve_far
core,200,1500000.0,13,4,exclude,launch,0,0.0,prior,0.0,sa,12600.0,43200.0,228797.95290658833,0,219018.8201092596,9779.13279732871,0,0,0.0,1,6.029864771348001,36.22890769959379,6300.314603527087,549.8885908721481,11.457438303156104,2.007844346306214,304.72506791441987,0.0,0.017614494212380472,0.0,0.5853545508581517,13.144005358338916,0.9686746987951808,336.17626792361295,1493,395.6054484844208,reserve_far
core,200,1500000.0,9,5,exclude,launch,0,0.0,prior,0.0,sa,12600.0,43200.0,300068.2410153291,0,283151.8151466866,16916.425868642404,0,0,0.0,1,5.1150318495492835,44.67833217299471,7486.75482575108,445.30718506428946,16.812562376846017,2.010496568024707,306.3309941969135,0.0,0.04893617021276596,0.0,0.8574684725953131,21.774787535410766,0.9556135770234987,426.1640918302617,706,314.9238495826721,reserve_far
core,200,1500000.0,9,6,exclude,launch,0,0.0,prior,0.0,sa,12600.0,43200.0,318477.87838051846,0,300637.95232057513,17839.926059943384,0,0,0.0,1,4.910322515263031,41.45523900245321,7812.771097824855,479.851252589233,16.281651982083748,2.0108234217830203,306.52919700754006,0.0,0.046462513199577615,0.0,0.8521320244064422,21.172995780590718,0.9716312056737588,436.5876057851467,711,300.0311710834503,reserve_far
core,200,1500000.0,10,5,exclude,launch,0,0.0,prior,0.0,sa,12600.0,43200.0,265031.18260384223,0,255645.3805868202,9385.802017022039,0,0,0.0,1,5.1150318495492835,42.940724776169695,7486.75482575108,463.5198352571497,16.15196213037487,2.0096586532032825,305.8231787964801,0.0,0.03228547153780799,0.0,0.7601780923035092,18.966024915062288,0.9660574412532638,390.89240200294347,883,333.26208758354187,reserve_far
core,200,1500000.0,9,7,exclude,launch,0,0.0,prior,0.0,sa,12600.0,43200.0,287503.84218986525,0,274130.794064945,13373.048124920213,0,0,0.0,1,5.136971107610754,41.34487302389999,7453.356364169037,481.14172339419434,15.490979064525195,2.010783483935339,306.5049754189385,0.0,0.05218317358892439,0.0,0.8584013515056236,21.638297872340427,0.980246913580247,429.28528840855523,705,304.9814398288727,reserve_far
core,200,1500000.0,10,6,exclude,launch,0,0.0,prior,0.0,sa,12600.0,43200.0,307121.745069697,0,281838.7643046116,25282.980765085405,0,0,0.0,1,4.910322515263031,38.46376939842352,7812.771097824855,517.3770287101577,15.10073053939487,2.010022906424979,306.04388145094856,0.0,0.03872053872053872,0.0,0.7540863344961275,18.372615039281705,0.9647058823529412,404.13460759248784,891,335.3247196674347,reserve_far
core,200,1500000.0,11,5,exclude,launch,0,0.0,prior,0.0,sa,12600.0,43200.0,250856.93742643698,0,240733.48317542303,10123.454251013949,0,0,0.0,1,5.1150318495492835,41.46847654803802,7486.75482575108,480.1394820021251,15.592874792408644,2.0089748087603647,305.40904941390426,0.0,0.027008310249307478,0.0,0.6827120466714528,16.683870967741935,0.9608355091383812,367.18330090068923,1085,355.2943217754364,reserve_far
core,200,1500000.0,10,7,exclude,launch,0,0.0,prior,0.0,sa,12600.0,43200.0,260437.46393019214,0,250137.33025880015,10300.133671391988,0,0,0.0,1,5.136971107610754,41.372925167941176,7453.356364169037,481.03459045321915,15.494429116098834,2.009867634681756,305.9497918733171,0.0,0.04251700680272109,0.0,0.7606727104414435,18.948979591836736,0.9679012345679012,391.06901744036475,882,330.879376411438,reserve_far
core,200,1500000.0,11,6,exclude,launch,0,0.0,prior,0.0,sa,12600.0,43200.0,284551.8470314427,0,262151.4070051236,22400.440026319062,0,0,0.0,1,4.910322515263031,40.497351559968685,7812.771097824855,491.59191519473814,15.892798185523294,2.009225296296916,305.5607096056794,0.0,0.02615278733654508,0.0,0.6776044828671483,16.257561869844178,0.9716312056737588,370.6594002164949,1091,358.80826783180237,reserve_far
core,200,1500000.0,11,7,exclude,launch,0,0.0,prior,0.0,sa,12600.0,43200.0,247102.758867097,0,237874.93372640337,9227.825140693629,0,0,0.0,1,5.136971107610754,38.1642274484818,7453.356364169037,521.6375054810989,14.288382805785623,2.0092533748211623,305.57771237637166,0.0,0.03259361997226075,0.0,0.6829399432000095,16.44690674053555,0.9728395061728395,366.73027004480787,1083,365.4992356300354,reserve_far
core,200,1500000.0,10,8,exclude,launch,0,0.0,prior,0.0,sa,12600.0,43200.0,248864.90546851646,0,238371.37010091284,10493.535367603621,0,0,0.0,1,5.966948405413719,38.278328966500176,6370.260745628138,519.9320817000058,12.252101706821962,2.009835000599074,305.9300185304796,0.0,0.03397212543554007,0.0,0.7802844929255498,19.139372822299652,0.9896640826873385,397.02614529108155,861,337.708327293396,reserve_far
core,200,1500000.0,11,8,exclude,launch,0,0.0,prior,0.0,sa,12600.0,43200.0,230193.39246291202,0,222624.63268664834,7568.759776263672,0,0,0.0,1,5.966948405413719,36.88814439087034,6370.260745628138,539.7059104404584,11.803207306789202,2.0091668687502064,305.52533069492887,0.0,0.022792022792022793,0.0,0.7010425584140149,17.00664136622391,0.9948186528497409,364.5428115594333,1054,357.0278980731964,reserve_far
core,200,1500000.0,9,9,exclude,launch,0,0.0,prior,0.0,sa,12600.0,43200.0,296487.1964076824,0,276974.5695994069,19512.62680827545,0,0,0.0,1,5.152246859207978,42.31311576175943,7430.26982720097,470.1969088697047,15.802464216667058,2.010505268422163,306.3362692526842,0.0,0.04680851063829787,0.0,0.8591096554021164,21.620396600566572,0.98,433.1811606600483,706,308.1363334655762,reserve_far
core,200,1500000.0,12,8,exclude,launch,0,0.0,prior,0.0,sa,12600.0,43200.0,222976.94546717205,0,214959.76232079315,8017.18314637891,0,0,0.0,1,5.966948405413719,35.376258582074485,6370.260745628138,562.9183990550786,11.316490554086226,2.0086425011663867,305.20790854775544,0.0,0.020734597156398103,0.0,0.6360188855197476,14.821118991331756,0.9948186528497409,347.3146798302712,1269,391.2135856151581,reserve_far
core,200,1500000.0,10,9,exclude,launch,0,0.0,prior,0.0,sa,12600.0,43200.0,268410.9838082348,0,251091.02528097088,17319.95852726396,0,0,0.0,1,5.152246859207978,41.802805115546086,7430.26982720097,476.14285732491595,15.605127143870218,2.0096354915838033,305.8091477597006,0.0,0.03486394557823129,0.0,0.7610675389505217,19.117780294450736,0.9774436090225563,389.75411748381754,883,331.6668121814728,reserve_far
core,200,1500000.0,11,9,exclude,launch,0,0.0,prior,0.0,sa,12600.0,43200.0,247063.2729318092,0,234067.921742735,12995.351189074187,0,0,0.0,1,5.152246859207978,41.06467134899598,7430.26982720097,484.86970601494,15.324260796305607,2.008938256021141,305.3869213388944,0.0,0.030534351145038167,0.0,0.68301492904376,16.74029574861368,0.9773299748110831,361.3496767993978,1082,356.75904178619385,reserve_far
core,200,1500000.0,10,10,exclude,launch,0,0.0,prior,0.0,sa,12600.0,43200.0,261286.45347914202,0,250458.94711956306,10827.506359578958,0,0,0.0,1,5.798634922030512,40.61750326758968,6564.841933405682,490.0431065126301,13.39645807921692,2.0096132381322005,305.7956671835363,0.0,0.035621198957428324,0.0,0.7780080118172282,19.03823870220162,0.9725,399.3936650583122,863,327.9904274940491,reserve_far
core,200,1500000.0,10,11,exclude,launch,0,0.0,prior,0.0,sa,12600.0,43200.0,266597.64044104284,0,256203.84679394393,10393.793647098904,0,0,0.0,1,5.637899989482576,38.41635722224145,6761.506957310247,518.0522120524732,13.05178667324246,2.0098806902493243,305.9577025615354,0.0,0.0380952380952381,0.0,0.7750068038010041,18.426758938869664,0.9757281553398058,409.1709567071992,867,319.31076407432556,reserve_far
core,200,1500000.0,11,10,exclude,launch,0,0.0,prior,0.0,sa,12600.0,43200.0,242318.8916034755,0,233710.9870360459,8607.904567429609,0,0,0.0,1,5.798634922030512,39.71828227163099,6564.841933405682,501.30222081737963,13.095577200319646,2.0089535937933163,305.3962063285345,0.0,0.029829545454545456,0.0,0.6988866679224072,16.83822138126774,0.9774436090225563,367.18877459777207,1057,355.71802258491516,reserve_far
core,200,1500000.0,12,10,exclude,launch,0,0.0,prior,0.0,sa,12600.0,43200.0,238522.6686294877,0,230192.88251941188,8329.786110075827,0,0,0.0,1,5.798634922030512,35.57264456030554,6564.841933405682,559.8383014393163,11.726317968112937,2.008543449192868,305.1479666729541,0.0,0.02485207100591716,0.0,0.6346333021750774,14.501970055161545,0.9799498746867168,354.9119323157575,1269,365.3599681854248,reserve_far
core,200,1500000.0,11,11,exclude,launch,0,0.0,prior,0.0,sa,12600.0,43200.0,252307.84884379857,0,240541.4475720264,11766.401271772182,0,0,0.0,1,5.637899989482576,36.3166736356092,6761.506957310247,548.1715432223959,12.334655165722586,2.009266028512178,305.5853748926234,0.0,0.03113941967445152,0.0,0.6966201567837381,15.99623352165725,0.9805825242718447,384.64011169227206,1062,349.7318742275238,reserve_far
core,200,1500000.0,9,12,exclude,launch,0,0.0,prior,0.0,sa,12600.0,43200.0,300721.45435415715,0,286585.639962515,14135.814391642145,0,0,0.0,1,5.280353234319941,40.37750205559621,7241.91745481808,492.7346604929991,14.697398083528924,2.010515522240791,306.3424862068735,0.0,0.04930332261521972,0.0,0.8631006817706315,21.01716738197425,0.9750623441396509,445.45478085067725,699,302.7202949523926,reserve_far
core,200,1500000.0,12,11,exclude,launch,0,0.0,prior,0.0,sa,12600.0,43200.0,241983.1168027545,0,232534.7756163496,9448.341186404912,0,0,0.0,1,5.637899989482576,34.47850802422734,6761.506957310247,577.5352389084638,11.707522765345768,2.0087830655767833,305.292982018348,0.0,0.023557126030624265,0.0,0.6325981377649664,14.06347962382445,0.9685990338164251,365.97573498607665,1276,370.3502345085144,reserve_far
core,200,1500000.0,10,12,exclude,launch,0,0.0,prior,0.0,sa,12600.0,43200.0,275315.30988718366,0,263404.4419416304,11910.867945553322,0,0,0.0,1,5.280353234319941,39.91227491505066,7241.91745481808,498.68783275187934,14.521945351775356,2.0096699411566705,305.8300170225942,0.0,0.037606837606837605,0.0,0.7667055532356905,18.514220705346986,0.9751861042183623,407.122921309019,879,317.375874042511,reserve_far
core,200,1500000.0,11,12,exclude,launch,0,0.0,prior,0.0,sa,12600.0,43200.0,262223.53196636355,0,250358.35350959975,11865.178456763793,0,0,0.0,1,5.280353234319941,37.38587580364793,7241.91745481808,532.5410512576933,13.598796633076388,2.0090897647367605,305.47864598894716,0.0,0.03006993006993007,0.0,0.6886411814611697,16.04096834264432,0.9850374064837906,379.92684256871013,1074,348.00103783607483,reserve_far
core,100,1500000.0,12,3,exclude,launch,0,0.0,prior,0.0,sa,12600.0,43200.0,95569.2728760957,0,91096.02745443271,4473.245421662989,0,0,0.0,1,4.940884818166719,28.361035929769397,7762.382610686937,703.6813650638214,11.031104411842591,2.0042959600898294,302.58311263582567,0.0,0.016119746689694875,0.0,0.617894439031331,9.439080459770114,0.9853658536585366,264.98045269300155,1305,261.6010720729828,reserve_far
core,100,1500000.0,13,4,exclude,launch,0,0.0,prior,0.0,sa,12600.0,43200.0,95274.79425055177,0,92544.53444608963,2730.259804462138,0,0,0.0,1,5.351491471317767,24.369060957739553,7141.218427495743,818.8853044169081,8.720657690371777,2.0044633484869547,302.6839855360876,0.0,0.010880316518298714,0.0,0.5751166872033722,7.886109282422646,0.9714285714285714,276.300390637826,1519,268.48249983787537,reserve_far
core,100,1500000.0,14,4,exclude,launch,0,0.0,prior,0.0,sa,12600.0,43200.0,108514.9799934401,0,101852.89322649814,6662.0867669419495,0,0,0.0,1,5.351491471317767,20.864483475215945,7141.218427495743,956.3332488253211,7.467290754836153,2.0046709568090266,302.80911943666945,0.0,0.01272264631043257,0.0,0.5305855567538411,6.58488437676255,0.9806763285024155,279.99777973694506,1773,269.16523003578186,reserve_far
core,100,1500000.0,13,3,exclude,launch,0,0.0,prior,0.0,sa,12600.0,43200.0,97846.83569900777,0,91667.73152248039,6179.104176527373,0,0,0.0,1,4.940884818166719,25.131958413900932,7762.382610686937,794.1056553531563,9.774999785431367,2.0042660495631948,302.5650894915794,0.0,0.013605442176870748,0.0,0.5652533941799616,8.093083387201034,0.9902439024390244,260.50691745706206,1547,275.69867849349976,reserve_far
core,100,1500000.0,15,4,exclude,launch,0,0.0,prior,0.0,sa,12600.0,43200.0,153612.94074429024,0,134408.12870890612,19204.812035384133,0,0,0.0,11,5.351491471317767,20.148533892814093,7141.218427495743,990.3035348262752,7.211141005114656,2.0046945600799346,302.82334771626404,0.0,0.01281112737920937,0.0,0.490478268420109,5.9669099756690995,0.966183574879227,266.10844313032374,2055,282.0706968307495,reserve_far
core,100,1500000.0,14,3,exclude,launch,0,0.0,prior,0.0,sa,12600.0,43200.0,119509.69293448266,0,104089.0498271903,15420.643107292357,0,0,0.0,1,4.940884818166719,23.278149875088733,7762.382610686937,857.3407208617768,9.054023006027743,2.0042785540496424,302.5726242372121,0.0,0.013710012463647694,0.0,0.5206460935999817,7.071783545002761,0.9567307692307693,258.0321844619821,1811,289.9917697906494,reserve_far
core,100,1500000.0,13,1,exclude,launch,0,0.0,prior,0.0,sa,12600.0,43200.0,90063.00032895463,0,88271.3404017319,1791.6599272227386,0,0,0.0,1,5.478029860560422,29.69053913061802,6968.561876837692,672.1539259824261,10.36750899974642,2.0043481887467753,302.6145852716785,0.0,0.010901883052527254,0.0,0.5757096698049585,8.869393139841689,0.989010989010989,242.75634273588116,1516,297.62960410118103,reserve_far
core,100,1500000.0,14,2,exclude,launch,0,0.0,prior,0.0,sa,12600.0,43200.0,89860.62031403002,0,86676.48865833414,3184.1316556958677,0,0,0.0,1,6.024642709207431,23.2454887737476,6306.0645414764385,858.3751385088551,7.346513498085645,2.0046759421306515,302.81212460883347,0.0,0.006042296072507553,0.0,0.5404243006599312,7.486238532110092,0.9770642201834863,250.62043179840376,1744,298.5133912563324,reserve_far
core,100,1500000.0,14,1,exclude,launch,0,0.0,prior,0.0,sa,12600.0,43200.0,92993.7425489908,0,89335.12497352583,3658.6175754649857,0,0,0.0,1,5.478029860560422,26.79073561374336,6968.561876837692,744.9244439773422,9.35472306376571,2.004301850015905,302.5866617836109,0.0,0.01102629346904156,0.0,0.5308999822531241,7.685279187817259,0.9836065573770492,241.26861947610334,1773,302.07271933555603,reserve_far
core,100,1500000.0,15,2,exclude,launch,0,0.0,prior,0.0,sa,12600.0,43200.0,101284.1171518809,0,95408.23098679325,5875.8861650876515,0,0,0.0,5,6.024642709207431,20.425940258058056,6306.0645414764385,976.7484872151998,6.456180505030124,2.004911406711739,302.95408060180995,0.0,0.008604564160119716,0.0,0.5017958573696334,6.230845771144279,0.9728506787330317,262.8476698236748,2010,303.62893772125244,reserve_far
core,100,1500000.0,16,2,exclude,launch,0,0.0,prior,0.0,sa,12600.0,43200.0,132379.90631782662,0,121316.45677825267,11063.449539573961,0,0,0.0,15,6.024642709207431,20.22681766239261,6306.0645414764385,986.3713943724723,6.3931948731018755,2.0048965245611643,302.94510752253206,0.0,0.007504078303425775,0.0,0.46672565600423666,5.683868169991327,0.9592760180995475,251.92516145608204,2306,319.58853244781494,reserve_far
core,100,1500000.0,15,1,exclude,launch,0,0.0,prior,0.0,sa,12600.0,43200.0,112893.93782614036,0,106608.9068509468,6285.03097519357,0,0,0.0,8,5.478029860560422,27.87782715674737,6968.561876837692,715.9454193568722,9.733370293921976,2.004108155724391,302.46995651767156,0.0,0.01061493411420205,0.0,0.4904103361673755,7.3328467153284675,0.9945054945054945,217.1321445365237,2055,332.3301603794098,reserve_far
core,100,1500000.0,12,6,exclude,launch,0,0.0,prior,0.0,sa,12600.0,43200.0,95807.60985745143,0,91188.34788892989,4619.261968521544,0,0,0.0,1,5.052148291863248,28.5376521726554,7584.090639439221,699.2430492836052,10.846143765332158,2.004534766331984,302.7270290308961,0.0,0.01441753171856978,0.0,0.6184218960851044,9.72776073619632,1.0,257.54240597870637,1304,262.6632025241852,reserve_far
core,100,1500000.0,13,5,exclude,launch,0,0.0,prior,0.0,sa,12600.0,43200.0,84648.35587022989,0,82484.84011353945,2163.5157566904486,0,0,0.0,1,5.774317772611485,27.27153847629157,6593.891938148332,731.8241751801697,9.010213329622466,2.004211735589257,302.5323629685561,0.0,0.010521042084168337,0.0,0.5826348607979809,8.619079386257505,0.9820627802690582,254.68667846643586,1499,281.3788080215454,reserve_far
core,100,1500000.0,12,7,exclude,launch,0,0.0,prior,0.0,sa,12600.0,43200.0,97185.29209778739,0,93066.49317127526,4118.798926512118,0,0,0.0,1,4.789315478557099,25.711069898401522,8018.5908986554505,776.0264504778017,10.332883490915007,2.0047642911394314,302.8653842246771,0.0,0.017123287671232876,0.0,0.6120208650108244,9.108662613981762,0.9646017699115044,272.35964196503267,1316,259.4646258354187,reserve_far
core,100,1500000.0,13,6,exclude,launch,0,0.0,prior,0.0,sa,12600.0,43200.0,95375.35503767058,0,91350.78616322669,4024.5688744438885,0,0,0.0,1,5.052148291863248,25.39509510245987,7584.090639439221,785.7851390521098,9.651608642774647,2.004501274353194,302.7068430531573,0.0,0.010238907849829351,0.0,0.565979440318209,8.397402597402598,0.9864864864864865,252.46450195914414,1540,275.33420515060425,reserve_far
core,100,1500000.0,14,5,exclude,launch,0,0.0,prior,0.0,sa,12600.0,43200.0,89276.923282105,0,85684.15278921186,3592.77049289313,0,0,0.0,1,5.774317772611485,23.64488344869971,6593.891938148332,844.0285133649393,7.812404241961052,2.00431370139637,302.593803243743,0.0,0.010313708637730984,0.0,0.5377269934154408,7.467428571428571,0.9865470852017937,253.17279351531843,1750,292.03643560409546,reserve_far
core,100,1500000.0,13,7,exclude,launch,0,0.0,prior,0.0,sa,12600.0,43200.0,100681.40722980537,0,93451.07227361691,7230.334956188449,0,0,0.0,1,4.789315478557099,24.419321460696967,8018.5908986554505,817.1242760690405,9.81318403270391,2.004648743282596,302.7957292137897,0.0,0.017341040462427744,0.0,0.561006212246984,7.889814221652787,0.9650655021834061,269.5344141257268,1561,275.5297803878784,reserve_far
core,100,1500000.0,15,5,exclude,launch,0,0.0,prior,0.0,sa,12600.0,43200.0,120576.0547234492,0,109451.55160119095,11124.503122258251,0,0,0.0,11,5.774317772611485,24.476466623892577,6593.891938148332,815.4335223567625,8.086363581289488,2.004115311107683,302.4742674002636,0.0,0.009643916913946587,0.0,0.4967328246212056,6.856931425752343,0.9865470852017937,234.62879148773428,2027,305.5292766094208,reserve_far
core,100,1500000.0,14,7,exclude,launch,0,0.0,prior,0.0,sa,12600.0,43200.0,119032.93397233506,0,109246.31621774277,9786.61775459228,0,0,0.0,1,4.789315478557099,21.10337643159385,8018.5908986554505,945.4240071795539,8.481475864545683,2.0048478513193384,302.91576129032757,0.0,0.016494845360824743,0.0,0.5159429516107796,6.5924300603400985,0.960352422907489,272.3172266771908,1823,276.23206782341003,reserve_far
core,100,1500000.0,14,6,exclude,launch,0,0.0,prior,0.0,sa,12600.0,43200.0,117201.1203176874,0,103241.41112939821,13959.70918828919,0,0,0.0,1,5.052148291863248,23.932780288676682,7584.090639439221,833.8171340080065,9.09562820205419,2.0044536686316277,302.6781517282606,0.0,0.012911286963765098,0.0,0.5206028569500828,7.231152993348116,0.9819819819819819,249.96267480595736,1804,296.31490182876587,reserve_far
core,100,1500000.0,13,8,exclude,launch,0,0.0,prior,0.0,sa,12600.0,43200.0,84246.87538653055,0,81514.77147406653,2732.1039124640192,0,0,0.0,1,5.687677066694433,25.26751444978728,6699.414751861177,789.7579291399495,8.48287114908346,2.0044880601544075,302.6988788978294,0.0,0.011442786069651741,0.0,0.5775816447248998,9.113320079522863,0.9834254143646409,240.4029362122532,1509,298.12572717666626,reserve_far
core,100,1500000.0,14,8,exclude,launch,0,0.0,prior,0.0,sa,12600.0,43200.0,79068.9417248165,0,77062.8298910007,2006.1118338158017,0,0,0.0,1,5.687677066694433,25.222742915296312,6699.414751861177,791.2313077095479,8.467074907911073,2.0043068685399117,302.5896858589329,0.0,0.011073253833049404,0.0,0.5335810946607912,8.193548387096774,0.9944444444444445,226.33249596164285,1767,311.8046805858612,reserve_far
core,100,1500000.0,15,8,exclude,launch,0,0.0,prior,0.0,sa,12600.0,43200.0,80573.8817949174,0,78551.45345106277,2022.428343854623,0,0,0.0,2,5.687677066694433,24.04722315100877,6699.414751861177,829.926402275476,8.072299825012017,2.0042665428757793,302.56538674190074,0.0,0.009228497600590625,0.0,0.49496694825659054,7.172227674190383,1.0,224.44661517658096,2038,331.30431938171387,reserve_far
core,100,1500000.0,12,10,exclude,launch,0,0.0,prior,0.0,sa,12600.0,43200.0,101278.25719507148,0,96619.7635406022,4658.493654469278,0,0,0.0,1,4.842340003327892,26.479168423151584,7927.135773030543,753.5633020914061,10.519535321093693,2.0046377702171805,302.7891148040844,0.0,0.0143184421534937,0.0,0.6141290265598032,9.041920731707316,0.9812206572769953,275.8064336345928,1312,252.42996907234192,reserve_far
core,100,1500000.0,13,10,exclude,launch,0,0.0,prior,0.0,sa,12600.0,43200.0,102041.28596423719,0,99125.27468164053,2916.0112825966635,0,0,0.0,1,4.842340003327892,24.879444065612883,7927.135773030543,802.0617572058025,9.883448128292326,2.0045251528340886,302.7212348029048,0.0,0.017408123791102514,0.0,0.562218531591229,7.62379421221865,0.971830985915493,275.8435247613947,1555,269.86177110671997,reserve_far
core,100,1500000.0,12,12,exclude,launch,0,0.0,prior,0.0,sa,12600.0,43200.0,104226.62504394505,0,98313.87845604916,5912.7465878958965,0,0,0.0,1,4.789315478557099,24.981221158145807,8018.5908986554505,798.6651754530042,10.039990655793014,2.0048485880457236,302.9162054692453,0.0,0.012006861063464836,0.0,0.6130764214649159,8.62937595129376,0.9809523809523809,288.6784345337359,1314,246.2686367034912,reserve_far
core,100,1500000.0,12,11,exclude,launch,0,0.0,prior,0.0,sa,12600.0,43200.0,101611.61479442754,0,97859.86195695827,3751.7528374692624,0,0,0.0,1,4.789315478557101,30.161687528469383,8018.590898655449,661.69938803171,12.118177897228433,2.0042118331704017,302.5324217638378,0.0,0.01825442099258414,0.0,0.6131944982556294,9.820940819423368,0.9663461538461539,255.77338680207575,1318,277.2031545639038,reserve_far
core,100,1500000.0,14,10,exclude,launch,0,0.0,prior,0.0,sa,12600.0,43200.0,113316.21256188954,0,108837.46967989061,4478.7428819989245,0,0,0.0,1,4.842340003327892,22.187514496641935,7927.135773030543,899.3239224093109,8.814550103141427,2.0046344577083586,302.7871180844905,0.0,0.015734989648033125,0.0,0.517805234507921,6.68099173553719,0.9812206572769953,270.109123407149,1815,280.9189441204071,reserve_far
core,100,1500000.0,13,12,exclude,launch,0,0.0,prior,0.0,sa,12600.0,43200.0,106414.13404757433,0,101904.43283175155,4509.701215822784,0,0,0.0,1,4.789315478557099,22.609081174038113,8018.5908986554505,882.4591240160639,9.086642860196076,2.004852749322609,302.9187143463618,0.0,0.0159343312409464,0.0,0.5611839291261368,7.293513166345536,0.9809523809523809,287.511402423014,1557,263.41269731521606,reserve_far
core,100,1500000.0,14,12,exclude,launch,0,0.0,prior,0.0,sa,12600.0,43200.0,136855.37498336943,0,126952.81712607808,9902.557857291338,0,0,0.0,1,4.789315478557099,20.444005525434413,8018.5908986554505,975.8371691590048,8.217140268971335,2.005010473231706,303.013815391625,0.0,0.014438943894389438,0.0,0.517032970400678,6.324739440482721,0.966824644549763,287.5774951621356,1823,262.27664017677307,reserve_far
core,100,1500000.0,13,11,exclude,launch,0,0.0,prior,0.0,sa,12600.0,43200.0,103045.58261154388,0,97797.25881316735,5248.323798376529,0,0,0.0,1,4.789315478557101,28.527484495386517,8018.590898655449,699.6523339050743,11.460822054148075,2.004076179960493,302.450692549217,0.0,0.017357762777242044,0.0,0.5602496502076396,8.66602564102564,0.9611650485436893,242.30104571268038,1560,293.5235936641693,reserve_far
core,100,1500000.0,14,11,exclude,launch,0,0.0,prior,0.0,sa,12600.0,43200.0,105224.45032628383,0,100500.15771824954,4724.292608034282,0,0,0.0,1,4.789315478557101,26.105207531968826,8018.590898655449,764.5831211012343,10.487533241783074,2.0040480717131572,302.4337590932729,0.0,0.015663643858202802,0.0,0.5159520318732452,7.652412280701754,0.9660194174757282,234.55947703463914,1824,302.4595229625702,reserve_far
core,200,1500000.0,13,1,exclude,launch,0,0.0,prior,0.0,sa,12600.0,43200.0,263266.2673250542,0,254507.03116285434,8759.236162199855,0,0,0.0,1,5.817375238242085,29.40436685090724,6542.619886436506,677.2456355438821,9.660630564539941,2.008639246209113,305.20593869798626,0.0,0.02301150575287644,0.0,0.5814357590624392,11.86436170212766,0.9732360097323601,367.3398523658673,1504,378.88616585731506,reserve_far
core,200,1500000.0,14,1,exclude,launch,0,0.0,prior,0.0,sa,12600.0,43200.0,287561.1241139202,0,274352.242194256,13208.88191966418,0,0,0.0,1,5.817375238242085,24.789124984937363,6542.619886436506,803.2561500754123,8.145122680756648,2.0088371660613737,305.32572828802313,0.0,0.018876018876018877,0.0,0.5367106736582593,9.889840182648403,0.9683698296836983,376.48890194215625,1752,380.1887171268463,reserve_far
core,200,1500000.0,15,1,exclude,launch,0,0.0,prior,0.0,sa,12600.0,43200.0,332860.87885605823,0,309106.48034174193,23754.39851431628,0,0,0.0,19,5.817375238242085,24.16692697386099,6542.619886436506,824.0054787987876,7.940019884302415,2.008669393783757,305.22418378682744,0.0,0.017485119047619048,0.0,0.49868839445455976,8.903465346534654,0.9683698296836983,362.931708806753,2020,417.27591848373413,reserve_far
core,200,1500000.0,12,2,exclude,launch,0,0.0,prior,0.0,sa,12600.0,43200.0,274207.4637510699,0,256474.4477872593,17733.015963810583,0,0,0.0,1,5.159223286643748,31.666610673183182,7419.771693842448,628.7518802657764,11.8007944416899,2.0089961842212274,305.4219899318989,0.0,0.02546296296296296,0.0,0.6212127916743602,13.335642802155505,0.97,380.55058307914277,1299,356.8859717845917,reserve_far
core,200,1500000.0,13,2,exclude,launch,0,0.0,prior,0.0,sa,12600.0,43200.0,280281.6749817176,0,263030.0739602637,17251.601021453876,0,0,0.0,1,5.159223286643748,28.4607400147065,7419.771693842448,699.6368964699968,10.60517495757978,2.00882034694804,305.3155477249093,0.0,0.01908957415565345,0.0,0.568927087759446,11.3409238776838,0.9824120603015075,376.6938482024597,1537,375.9300515651703,reserve_far
core,200,1500000.0,12,3,exclude,launch,0,0.0,prior,0.0,sa,12600.0,43200.0,263303.0247913169,0,252168.70310837612,11134.32168294078,0,0,0.0,1,4.838213115042605,36.03604296765184,7934.181769636198,552.5908545180923,14.358148899433921,2.0087190683909575,305.2542476806563,0.0,0.02621082621082621,0.0,0.6118968302180235,14.270454545454545,0.9810874704491725,349.69394039440306,1320,372.96056389808655,reserve_far
core,200,1500000.0,14,2,exclude,launch,0,0.0,prior,0.0,sa,12600.0,43200.0,327586.73744481447,0,300211.78528928297,27374.95215553146,0,0,0.0,1,5.159223286643748,24.750808550506648,7419.771693842448,804.441214119664,9.223510137980979,2.0089831197225867,305.41408076553716,0.0,0.018052057094878254,0.0,0.5259554570305206,9.583798882681565,0.9649122807017544,383.93805999705916,1790,386.94564723968506,reserve_far
core,200,1500000.0,13,3,exclude,launch,0,0.0,prior,0.0,sa,12600.0,43200.0,270161.9163417618,0,260795.34010013874,9366.576241623101,0,0,0.0,1,4.838213115042605,31.765345271973963,7934.181769636198,626.9451120288533,12.655305253055472,2.0085233747972318,305.1358192537195,0.0,0.023614457831325302,0.0,0.5605154337255663,12.187179487179487,0.9716981132075472,347.47135400425356,1560,398.667986869812,reserve_far
core,200,1500000.0,14,4,exclude,launch,0,0.0,prior,0.0,sa,12600.0,43200.0,245397.97011599282,0,229908.59769481092,15489.372421181912,0,0,0.0,1,6.029864771348001,29.876519747788556,6300.314603527087,666.7883318682426,9.448747529631381,2.0078996026389846,304.75848269994697,0.0,0.018574514038876888,0.0,0.5405988828148915,11.128735632183908,0.975609756097561,337.0959821293717,1740,409.6004228591919,reserve_far
core,200,1500000.0,14,3,exclude,launch,0,0.0,prior,0.0,sa,12600.0,43200.0,307476.58545656264,0,292324.39123324543,15152.194223317243,0,0,0.0,1,4.838213115042605,28.634539282895478,7934.181769636198,695.5032884325566,11.407827829998219,2.008494300596194,305.11822630050176,0.0,0.018984729673957902,0.0,0.5175278083229813,10.612850082372322,0.9787735849056604,342.6940376553341,1821,416.92789673805237,reserve_far
core,200,1500000.0,15,4,exclude,launch,0,0.0,prior,0.0,sa,12600.0,43200.0,261426.62925613436,0,242014.19803745206,19412.4312186823,0,0,0.0,12,6.029864771348001,30.523894954067316,6300.314603527087,652.7733701783558,9.651610943941641,2.0075095129038094,304.52262557750146,0.0,0.015309932785660941,0.0,0.5009265710777433,10.224428997020855,0.9685990338164251,319.39917923969966,2014,447.4760377407074,reserve_far
core,200,1500000.0,16,4,exclude,launch,0,0.0,prior,0.0,sa,12600.0,43200.0,291951.25424298906,0,266151.6776486363,25799.57659435279,0,0,0.0,21,6.029864771348001,28.417609213462566,6300.314603527087,701.1778270630492,8.98533062563681,2.007447884729034,304.4853721335016,0.0,0.013738959764474975,0.0,0.4678438676524077,8.845585036972597,0.9731051344743277,320.609347106298,2299,463.75170946121216,reserve_far
core,200,1500000.0,12,5,exclude,launch,0,0.0,prior,0.0,sa,12600.0,43200.0,246282.93427617056,0,232890.80705999996,13392.1272161706,0,0,0.0,1,5.1150318495492835,39.88388895041815,7486.75482575108,499.34596389710646,14.993121737324737,2.008449650924619,305.0912095349956,0.0,0.021350259665320254,0.0,0.6185639678536292,14.527649769585253,0.9631578947368421,345.05493864597986,1302,383.34178614616394,reserve_far
core,200,1500000.0,13,5,exclude,launch,0,0.0,prior,0.0,sa,12600.0,43200.0,248796.340731428,0,238033.94714858555,10762.39358284243,0,0,0.0,1,5.1150318495492835,34.22112564426123,7486.75482575108,582.0292017177964,12.86319449892674,2.008264566928831,304.979231077255,0.0,0.019521717911176184,0.0,0.5671111813392828,12.45684620376379,0.9660574412532638,341.16597747194334,1541,399.9176526069641,reserve_far
core,200,1500000.0,14,5,exclude,launch,0,0.0,prior,0.0,sa,12600.0,43200.0,271782.96477444837,0,253175.43284106706,18607.531933381317,0,0,0.0,1,5.1150318495492835,31.330972711607455,7486.75482575108,635.7771821373195,11.77575263173575,2.008080763564112,304.8680477604011,0.0,0.018410041841004185,0.0,0.5231737181863295,10.880846325167038,0.9710526315789474,333.672065062108,1796,426.82201290130615,reserve_far
core,200,1500000.0,12,6,exclude,launch,0,0.0,prior,0.0,sa,12600.0,43200.0,272910.16099912254,0,258145.33443690388,14764.826562218674,0,0,0.0,1,4.910322515263031,36.26919106736014,7812.771097824855,549.0085335468341,14.230691547453649,2.008829266574833,305.32094672937467,0.0,0.022323983972524327,0.0,0.6152719158484542,13.976389946686977,0.9670588235294117,361.4278162616306,1313,382.55980587005615,reserve_far
core,200,1500000.0,13,6,exclude,launch,0,0.0,prior,0.0,sa,12600.0,43200.0,286407.3766186061,0,266211.64436554484,20195.732253061215,0,0,0.0,1,4.910322515263031,32.769646220894344,7812.771097824855,607.7265549806269,12.855734266991032,2.0085378721231804,305.1445918520257,0.0,0.01984511132623427,0.0,0.5621915530445255,11.967783505154639,0.976303317535545,351.41377772644745,1552,401.71500873565674,reserve_far
core,200,1500000.0,12,7,exclude,launch,0,0.0,prior,0.0,sa,12600.0,43200.0,239877.82226641307,0,229794.326296735,10083.495969678073,0,0,0.0,1,5.136971107610754,38.7299396799259,7453.356364169037,514.1764463925706,14.495717212371966,2.0086348446459867,305.2032749502103,0.0,0.02710495963091119,0.0,0.6191859836931759,14.509969325153374,0.9753086419753086,347.07316582574344,1304,389.3655848503113,reserve_far
core,200,1500000.0,14,6,exclude,launch,0,0.0,prior,0.0,sa,12600.0,43200.0,328106.9702048682,0,292900.6735398104,35206.29666505775,0,0,0.0,1,4.910322515263031,28.48688814743897,7812.771097824855,699.0795181138493,11.17579745277632,2.008576618275977,305.1680384799019,0.0,0.0178497301784973,0.0,0.5193984981152499,10.416896742131419,0.9670588235294117,350.7674192554363,1811,424.6990644931793,reserve_far
core,200,1500000.0,13,7,exclude,launch,0,0.0,prior,0.0,sa,12600.0,43200.0,239543.49568821624,0,229793.0914732572,9750.404214959053,0,0,0.0,1,5.136971107610754,34.60523608407835,7453.356364169037,575.5383400563927,12.950234320512406,2.0083708764483292,305.04354734075145,0.0,0.02242808386153096,0.0,0.5670480157858824,12.567813108371187,0.9654320987654321,338.6868805119658,1541,414.61104249954224,reserve_far
core,200,1500000.0,13,8,exclude,launch,0,0.0,prior,0.0,sa,12600.0,43200.0,228230.87755022015,0,217982.26101358686,10248.616536633268,0,0,0.0,1,5.966948405413719,31.709192915933663,6370.260745628138,628.0953842928201,10.142186847624249,2.008395322393957,305.05833786780363,0.0,0.022066198595787363,0.0,0.5835487462174667,12.717811874583056,0.9871794871794872,345.6051697704988,1499,402.9843337535858,reserve_far
core,200,1500000.0,14,7,exclude,launch,0,0.0,prior,0.0,sa,12600.0,43200.0,259521.16674636994,0,247316.2184355782,12204.948310791737,0,0,0.0,1,5.136971107610754,28.597771988730667,7453.356364169037,696.3999985417109,10.70269439944954,2.0084870254925598,305.11382417604926,0.0,0.020903010033444816,0.0,0.5234338603751287,10.52754590984975,0.9629629629629629,345.5270482097245,1797,408.9394805431366,reserve_far
core,200,1500000.0,14,8,exclude,launch,0,0.0,prior,0.0,sa,12600.0,43200.0,236180.3501971529,0,228099.01192092634,8081.338276226581,0,0,0.0,1,5.966948405413719,27.735890329307445,6370.260745628138,718.0782850218659,8.871262198708822,2.008380917209974,305.04962225796857,0.0,0.014617368873602751,0.0,0.5386036338401972,10.740274599542333,0.9846153846153847,352.1286079810263,1748,400.90249013900757,reserve_far
core,200,1500000.0,12,9,exclude,launch,0,0.0,prior,0.0,sa,12600.0,43200.0,245105.05094581255,0,228799.4166574848,16305.634288327734,0,0,0.0,1,5.152246859207978,38.21862900658973,7430.26982720097,521.0988794157954,14.258848216160155,2.008467220979278,305.10184073690044,0.0,0.025389497980380843,0.0,0.6194150272583648,14.542242703533026,0.9798488664987406,345.68866764157934,1302,374.7980682849884,reserve_far
core,200,1500000.0,15,8,exclude,launch,0,0.0,prior,0.0,sa,12600.0,43200.0,265651.52179462765,0,249711.64715772058,15939.874636907032,0,0,0.0,13,5.966948405413719,26.668032127777906,6370.260745628138,746.8914367531453,8.529031706831,2.008221172364206,304.95297972103606,0.0,0.01639344262295082,0.0,0.49988542343031617,9.665510406342914,0.9948186528497409,335.1581814985041,2018,439.21334433555603,reserve_far
core,200,1500000.0,13,9,exclude,launch,0,0.0,prior,0.0,sa,12600.0,43200.0,245320.252600753,0,232980.86799718038,12339.384603572631,0,0,0.0,1,5.152246859207978,34.68297053489587,7430.26982720097,574.3063494073373,12.937815914570214,2.0081682046431215,304.9209386560003,0.0,0.021961932650073207,0.0,0.5673771895734736,12.557792207792208,0.9824120603015075,339.9741584393489,1540,403.10410141944885,reserve_far
core,200,1500000.0,13,10,exclude,launch,0,0.0,prior,0.0,sa,12600.0,43200.0,241575.10560169118,0,232065.3820554029,9509.723546288256,0,0,0.0,1,5.798634922030512,32.684274913511224,6564.841933405682,609.4010619657361,10.772613215063274,2.008250713107583,304.9708501445849,0.0,0.0195,0.0,0.5817059191388332,12.451097804391217,0.9751861042183623,353.51048508149273,1503,389.94259691238403,reserve_far
core,200,1500000.0,14,9,exclude,launch,0,0.0,prior,0.0,sa,12600.0,43200.0,261787.47472659565,0,244372.51477565334,17414.959950942328,0,0,0.0,1,5.152246859207978,29.847866919295598,7430.26982720097,667.3405701407785,11.134149727527463,2.008163936712142,304.91835698607736,0.0,0.019279128248113998,0.0012573344509639564,0.5237160858972493,10.721202003338899,0.9775,342.5514372781097,1797,416.7715880870819,reserve_far
core,200,1500000.0,14,10,exclude,launch,0,0.0,prior,0.0,sa,12600.0,43200.0,266695.1175086046,0,254574.5415904556,12120.57591814901,0,0,0.0,1,5.798634922030512,25.54199091201383,6564.841933405682,779.6764145338243,8.41995706299627,2.00858792916185,305.1748832552969,0.0,0.019321597252039503,0.0,0.537276149531542,10.338092518560822,0.98,361.89686804140234,1751,387.9442882537842,reserve_far
core,200,1500000.0,13,11,exclude,launch,0,0.0,prior,0.0,sa,12600.0,43200.0,244504.4117875085,0,235097.6817218634,9406.730065645108,0,0,0.0,1,5.637899989482576,32.12892558309873,6761.506957310247,619.8753296370751,10.907849746607884,2.0084426557346724,305.08697697155986,0.0,0.022931206380857428,0.0,0.5790088767219409,12.175066312997348,0.9805352798053528,355.3901439883845,1508,389.916100025177,reserve_far
core,200,1500000.0,15,10,exclude,launch,0,0.0,prior,0.0,sa,12600.0,43200.0,314447.9585749171,0,293550.678831704,20897.279743213057,0,0,0.0,20,5.798634922030512,29.361855167163082,6564.841933405682,678.5052937751631,9.675446888379149,2.0078129860096414,304.70610443090106,0.0,0.017465626161278336,0.0,0.49843290196864987,9.952027695351138,0.9725,326.59432085229196,2022,434.3304159641266,reserve_far
core,200,1500000.0,12,12,exclude,launch,0,0.0,prior,0.0,sa,12600.0,43200.0,259378.25497526312,0,247053.67003316196,12324.584942101166,0,0,0.0,1,5.280353234319941,34.73860132890101,7241.91745481808,573.2620647741252,12.63282170549959,2.0086046287119435,305.18498911774725,0.0,0.02385107620709715,0.0,0.6245346659014465,13.837461300309597,0.9825436408977556,365.50588404929186,1292,373.68306183815,reserve_far
core,200,1500000.0,14,11,exclude,launch,0,0.0,prior,0.0,sa,12600.0,43200.0,276768.0191894952,0,260775.976505764,15992.042683731142,0,0,0.0,1,5.637899989482576,24.621124474045832,6761.506957310247,808.716082822299,8.360792002198835,2.0088894019642813,305.3573476187536,0.0,0.0213857998289136,0.0,0.5350107902236549,9.878132118451026,0.9733009708737864,377.70380733974764,1756,402.24997091293335,reserve_far
core,200,1500000.0,13,12,exclude,launch,0,0.0,prior,0.0,sa,12600.0,43200.0,269396.79802393896,0,257428.0602136046,11968.737810334365,0,0,0.0,1,5.280353234319941,30.968476630556093,7241.91745481808,643.1086273383016,11.260799726464457,2.008425899302594,305.07683831527373,0.0,0.024606299212598427,0.0,0.5723423242152501,11.68782722513089,0.9825436408977556,369.33701710878347,1528,397.37634325027466,reserve_far
core,200,1500000.0,15,11,exclude,launch,0,0.0,prior,0.0,sa,12600.0,43200.0,316001.8237206009,0,296871.0218630105,19130.801857590457,0,0,0.0,18,5.637899989482576,28.216260829425323,6761.506957310247,705.9522233335236,9.57785347765072,2.0080994616725594,304.8793573873513,0.0,0.017030729359496483,0.00037023324694557573,0.4963807784646996,9.468996062992126,0.9568345323741008,343.2390034816042,2032,441.686888217926,reserve_far
core,200,1500000.0,14,12,exclude,launch,0,0.0,prior,0.0,sa,12600.0,43200.0,305237.5738158003,0,287616.00243378355,17621.571382016704,0,0,0.0,1,5.280353234319941,27.46759120484255,7241.91745481808,725.0992641774723,9.987484214362102,2.0083617971348335,305.0380541762974,0.0,0.022353437368199072,0.0,0.5279720600717925,10.07800224466891,0.9775561097256857,365.31639729623225,1782,410.1007237434387,reserve_far
