layout,M,Emax,K,seed,coord,replan,divert,q,belief,tau,planner,L,Th,J,n_diverts,J_age,J_event,n_replans,n_never,share_never,n_reach_inf,K_reach_i,K_commute_i,r_max,r_c,rmax_over_rc,regime_bnd,P_bar,dup_frac,trunc_frac,empty_frac,T_s_over_t_c,mean_n,catch_rate,T_rev,n_sorties,secs
paper,200,1500000.0,2,1,exclude,launch,0,0.0,prior,0.0,rr_sweep,12600.0,43200,10327702.956999235,0,6538485.781387081,3789217.1756121535,0,0,0.0,0,4.743723496829792,4.92766042576941,8098.861339634391,3976.6925912985034,2.036582198321214,2.041254706017181,325.26340884087773,0.0,0.0,0.0,3.6841995458242187,15.277777777777779,0.20876149269875607,12003.243254017189,36,0.16002988815307617
paper,200,1500000.0,4,1,exclude,launch,0,0.0,prior,0.0,rr_sweep,12600.0,43200,6882074.8225687165,0,3890383.974846198,2991690.8477225183,0,0,0.0,0,4.743723496829792,5.061621099119985,8098.861339634391,3876.978125261103,2.0889623510808324,2.0383417921112152,323.446103173419,0.0,0.004901960784313725,0.0,1.7627917937586317,6.281045751633987,0.35647382920110193,6844.113418501027,153,0.16152691841125488
paper,200,1500000.0,3,1,exclude,launch,0,0.0,prior,0.0,rr_sweep,12600.0,43200,8166281.173026414,0,4771472.294585681,3394808.878440734,0,0,0.0,0,4.743723496829792,4.934722849556926,8098.861339634391,3972.630301507775,2.0386647447562747,2.0404176620561794,324.7406734555337,0.0,0.02631578947368421,0.0,2.34680891919773,9.105882352941176,0.2900385250412768,8404.057585824485,85,0.21453213691711426
paper,200,1500000.0,2,2,exclude,launch,0,0.0,prior,0.0,rr_sweep,12600.0,43200,11754202.028576197,0,7761830.030504506,3992371.9980716896,0,0,0.0,0,4.655934945568595,5.209362274717327,8257.851996279362,3770.7076936475682,2.1900005694398406,2.0363506502531505,322.20680108403855,0.0,0.0,0.0,3.563127470486931,12.18918918918919,0.17513513513513512,14525.920762449066,37,0.1865234375
paper,200,1500000.0,2,4,exclude,launch,0,0.0,prior,0.0,rr_sweep,12600.0,43200,10789361.382957956,0,7069019.847307116,3720341.5356508405,0,0,0.0,0,4.882927992066068,5.385905744958149,7858.472907715733,3646.483413326351,2.15508258696484,2.03669970287792,322.4238821841503,0.0,0.02,0.0,3.699885914966979,13.210526315789474,0.17407213800313642,13515.96634748076,38,0.08250641822814941
paper,200,1500000.0,3,2,exclude,launch,0,0.0,prior,0.0,rr_sweep,12600.0,43200,9363202.499158584,0,5516192.764005301,3847009.7351532825,0,0,0.0,0,4.655934945568595,5.2689021598853065,8257.851996279362,3728.594569135178,2.2147358322722424,2.036079327862944,322.0381120874791,0.0,0.0,0.0,2.3635242731168113,7.7176470588235295,0.24986566362170876,10065.308549480655,85,0.19852423667907715
paper,200,1500000.0,3,3,exclude,launch,0,0.0,prior,0.0,rr_sweep,12600.0,43200,8050361.734893349,0,4787705.632608225,3262656.102285125,0,0,0.0,0,4.894312501170178,5.076745140184736,7839.418200296043,3866.5341797227275,2.02750521162035,2.037758793570193,323.08299408967844,0.0,0.0,0.0,2.357414252257723,8.285714285714286,0.26170798898071623,9303.734188215358,84,0.17650651931762695
paper,200,1500000.0,4,3,exclude,launch,0,0.0,prior,0.0,rr_sweep,12600.0,43200,7133256.944475986,0,4026106.062288027,3107150.8821879593,0,0,0.0,0,4.894312501170178,5.020951823229055,7839.418200296043,3909.2321217297736,2.005360120909685,2.03789816563195,323.16978066665024,0.0,0.0,0.0,1.7163590599066363,5.371794871794871,0.3075245365321701,7776.916411838245,156,0.17300677299499512
paper,200,1500000.0,5,1,exclude,launch,0,0.0,prior,0.0,rr_sweep,12600.0,43200,6803101.850202194,0,3876511.9005973106,2926589.9496048833,0,1,0.013651126462671885,1,4.743723496829792,4.821998827788721,8098.861339634391,4060.5190329916827,1.9945384503387895,2.042919906847864,326.304579629867,0.0,0.0,0.0,1.3744057694628626,3.9754098360655736,0.3632876712328767,6799.519965505934,244,0.2690284252166748
paper,200,1500000.0,3,4,exclude,launch,0,0.0,prior,0.0,rr_sweep,12600.0,43200,8604861.278865425,0,5255680.64407322,3349180.6347922045,0,0,0.0,0,4.882927992066068,4.8046723073371504,7858.472907715733,4085.946590100125,1.9232931058756604,2.037527753543636,322.93915181199105,0.0,0.0,0.0,2.3588789651169,7.5813953488372094,0.23542001070090957,10149.758662871422,86,0.12600994110107422
paper,200,1500000.0,6,1,exclude,launch,0,0.0,prior,0.0,rr_sweep,12600.0,43200,7018562.443862265,0,4495940.352884623,2522622.090977642,0,11,0.2930163298627246,14,4.743723496829792,5.258729921796996,8098.861339634391,3736.705249588529,2.167380298600272,2.035589876309758,321.73391757457813,0.0,0.0,0.0,1.2273386766005383,3.8363636363636364,0.4834619625137817,5172.548633028607,330,0.26453089714050293
paper,200,1500000.0,4,4,exclude,launch,0,0.0,prior,0.0,rr_sweep,12600.0,43200,7531984.851437239,0,4410266.524391426,3121718.3270458127,0,0,0.0,0,4.882927992066068,5.058547968807308,7858.472907715733,3880.8343591967564,2.0249441693106056,2.0375534585936608,322.9551538319001,0.0,0.004784688995215311,0.0,1.7243750411635703,4.993589743589744,0.2947143619861185,8476.264768513183,156,0.13251423835754395
paper,200,1500000.0,5,3,exclude,launch,0,0.0,prior,0.0,rr_sweep,12600.0,43200,6207959.102844995,0,3382814.2584788515,2825144.8443661444,0,1,0.011199456327871272,1,4.894312501170178,5.467564709858311,7839.418200296043,3595.6317881160176,2.1802616792426397,2.0346553202176523,321.15348949640776,0.0,0.0,0.0031545741324921135,1.4126551661165703,4.282700421940929,0.36728060671722645,6529.045855613116,237,0.20401406288146973
paper,200,1500000.0,5,2,exclude,launch,0,0.0,prior,0.0,rr_sweep,12600.0,43200,7062652.989114387,0,4078325.3041958087,2984327.6849185787,0,4,0.10271821528431581,4,4.655934945568595,5.56915817144932,8257.851996279362,3529.164391811873,2.339888732709269,2.035159961691444,321.4668438867097,0.0,0.0,0.0,1.3740887027517996,4.213114754098361,0.3785097192224622,6354.279493568308,244,0.23352336883544922
paper,200,1500000.0,5,4,exclude,launch,0,0.0,prior,0.0,rr_sweep,12600.0,43200,7216857.547234049,0,4103758.204328473,3113099.3429055754,0,1,0.026728801335129487,3,4.882927992066068,4.930254367819737,7858.472907715733,3974.766315498578,1.9770905467004791,2.041169470921869,325.2101601539175,0.0,0.0,0.003067484662576687,1.3862252694695383,3.580246913580247,0.3194819212088505,7567.2986089662645,243,0.13151216506958008
paper,200,1500000.0,6,2,exclude,launch,0,0.0,prior,0.0,rr_sweep,12600.0,43200,7579204.263948786,0,4881598.162905879,2697606.101042907,0,12,0.30630057855204507,15,4.655934945568595,5.378488698821332,8257.851996279362,3654.007552904378,2.2599438771591016,2.035308705503236,321.5592347072359,0.0,0.0,0.0,1.2022222646841478,3.4107142857142856,0.4427111350188273,5732.6713902972415,336,0.28702378273010254
paper,200,1500000.0,2,3,exclude,launch,0,0.0,prior,0.0,rr_sweep,12600.0,43200,10303530.1389539,0,6740421.582251532,3563108.556702368,0,0,0.0,0,4.894312501170178,5.210926746380953,7839.418200296043,3764.783013727667,2.0823027971893424,2.0389429436158126,323.820732026727,0.0,0.0,0.0,3.659382663107818,13.972972972972974,0.1920424403183024,12963.631730323308,37,0.27301621437072754
paper,200,1500000.0,3,5,exclude,launch,0,0.0,prior,0.0,rr_sweep,12600.0,43200,7758190.089760348,0,4565271.50833696,3192918.581423388,0,0,0.0,0,4.8316606529618955,4.5579128251430205,7945.393769630588,4300.668881124615,1.8474786107115706,2.04060041331078,324.8547660547699,0.0,0.0,0.0,2.3912976108491883,8.670588235294117,0.2803483941208492,9078.203212339175,85,0.10250687599182129
paper,200,1500000.0,2,6,exclude,launch,0,0.0,prior,0.0,rr_sweep,12600.0,43200,10868010.153443472,0,7199825.171797617,3668184.9816458547,0,0,0.0,0,4.782673647657148,4.572325507601901,8030.189446355909,4291.349256145833,1.871250501192723,2.0385857740088715,323.5981229920821,0.0,0.02040816326530612,0.0,3.731361190444086,13.333333333333334,0.17845659163987138,13739.78200040837,36,0.06949949264526367
paper,200,1500000.0,6,3,exclude,launch,0,0.0,prior,0.0,rr_sweep,12600.0,43200,6747256.294947408,0,4238194.519822623,2509061.7751247855,0,9,0.23056031115810605,12,4.894312501170178,5.156477356102951,7839.418200296043,3804.143968512933,2.060757496346945,2.0391535598315897,323.95203627319967,0.0,0.0,0.0,1.1887462597946785,3.2323529411764707,0.40762942779291556,6005.711979105435,340,0.27951812744140625
paper,200,1500000.0,3,6,exclude,launch,0,0.0,prior,0.0,rr_sweep,12600.0,43200,8955599.34671763,0,5441554.666540488,3514044.680177141,0,0,0.0,0,4.782673647657148,4.537422063391815,8030.189446355909,4327.39674289154,1.855662866952704,2.037155116199683,322.70722051775334,0.0,0.0,0.0,2.4290567058873975,7.602409638554217,0.2210357714895889,10522.884828084821,83,0.09300994873046875
paper,200,1500000.0,7,3,exclude,launch,0,0.0,prior,0.0,rr_sweep,12600.0,43200,8238021.677228588,0,6616330.4858131725,1621691.1914154144,0,33,0.6914973364793974,36,4.894312501170178,5.902781687918254,7839.418200296043,3339.613120784571,2.3474031023253192,2.0291171025675254,317.72460323909377,0.0,0.0,0.0016474464579901153,1.0358763623627374,3.61978021978022,0.5708037178786222,3985.713681502011,455,0.2920238971710205
paper,200,1500000.0,7,4,exclude,launch,0,0.0,prior,0.0,rr_sweep,12600.0,43200,8382548.781397626,0,6062898.852881276,2319649.9285163498,0,29,0.5347878287808882,38,4.882927992066068,5.37567281974332,7858.472907715733,3651.9893911518257,2.151833443644587,2.0375001798062398,322.9219869293938,0.0,0.0016638935108153079,0.0,1.0480299236878945,2.6674057649667406,0.4594594594594595,5462.383467329894,451,0.17651844024658203
paper,200,1500000.0,6,4,exclude,launch,0,0.0,prior,0.0,rr_sweep,12600.0,43200,7045207.177231475,0,4556255.926538114,2488951.2506933603,0,12,0.2457149971614548,14,4.882927992066068,5.195567698592689,7858.472907715733,3774.378792453335,2.0820572973301785,2.039771408218545,324.33737440463284,0.0,0.0,0.0,1.1788161956836238,3.008771929824561,0.3850730124391563,6386.2344681166815,342,0.1985173225402832
paper,200,1500000.0,4,5,exclude,launch,0,0.0,prior,0.0,rr_sweep,12600.0,43200,6499145.325429887,0,3615274.9809437273,2883870.344486159,0,0,0.0,0,4.8316606529618955,4.9011337089459275,7945.393769630588,4002.5909069287104,1.9850626642549614,2.0390235237248646,323.8709648560904,0.0,0.0,0.0,1.7866408785588916,6.2631578947368425,0.34877384196185285,6979.439701582204,152,0.14851689338684082
paper,200,1500000.0,6,5,exclude,launch,0,0.0,prior,0.0,rr_sweep,12600.0,43200,7013793.00223345,0,4513539.075430339,2500253.926803111,0,14,0.2962540188220301,16,4.8316606529618955,4.891557931581677,7945.393769630588,4007.7165694901055,1.9825238716023939,2.040402231788324,324.73104117303774,0.0,0.002257336343115124,0.002257336343115124,1.2174258486856742,3.380664652567976,0.43061674008810574,5873.434630569162,331,0.14501380920410156
paper,200,1500000.0,7,1,exclude,launch,0,0.0,prior,0.0,rr_sweep,12600.0,43200,8142115.161616323,0,6050707.011875114,2091408.1497412089,0,24,0.5256190695642464,30,4.743723496829792,5.362822444551349,8098.861339634391,3659.4855712819317,2.213114707485328,2.038198763821775,323.3570019603186,0.0,0.0,0.0,1.0554591176984784,3.0917225950783,0.5141588006662965,4744.339233533641,447,0.4110453128814697
paper,200,1500000.0,5,5,exclude,launch,0,0.0,prior,0.0,rr_sweep,12600.0,43200,6285086.862726317,0,3599741.6754184263,2685345.187307891,0,1,0.022524828920735252,1,4.8316606529618955,4.650265620043882,7945.393769630588,4211.528858230053,1.8865818179314908,2.0424077521808806,325.9841765420389,0.0,0.0,0.0,1.4392627878233268,4.129310344827586,0.36801752464403065,6839.3252161179535,232,0.1790163516998291
paper,200,1500000.0,4,2,exclude,launch,0,0.0,prior,0.0,rr_sweep,12600.0,43200,8095667.726840922,0,4460517.649398196,3635150.077442726,0,0,0.0,0,4.655934945568595,5.374698046010451,8257.851996279362,3652.302592341106,2.260998859622451,2.037694951460267,323.0432436858377,0.0,0.0091324200913242,0.0,1.6378932737918366,5.012121212121212,0.2982267598065556,7969.330572404278,165,0.38703346252441406
paper,200,1500000.0,2,8,exclude,launch,0,0.0,prior,0.0,rr_sweep,12600.0,43200,11663535.798493698,0,7755725.966832849,3907809.8316608486,0,0,0.0,0,4.805738054071009,5.281418893383636,7990.04999508496,3722.939586164153,2.1461669764341593,2.0343392944035568,320.95733278417435,0.0,0.0196078431372549,0.0,3.616399323296285,11.842105263157896,0.16098378982671885,15106.333730701657,38,0.03949999809265137
paper,200,1500000.0,4,6,exclude,launch,0,0.0,prior,0.0,rr_sweep,12600.0,43200,7693485.528428871,0,4470790.242571976,3222695.2858568947,0,0,0.0,0,4.782673647657148,4.76457640630836,8030.189446355909,4120.270102492876,1.9489473375780453,2.037558134063504,322.95806446840226,0.0,0.0,0.0,1.7760128939298956,5.171052631578948,0.2847147470398278,8381.466980528867,152,0.15151023864746094
paper,200,1500000.0,2,7,exclude,launch,0,0.0,prior,0.0,rr_sweep,12600.0,43200,9739779.713245872,0,6141197.086101971,3598582.6271439013,0,0,0.0,0,4.577943967789356,4.917239064060734,8404.213539551529,3985.8853709512514,2.108493535915666,2.0408630528284886,325.0187684230323,0.0,0.0,0.0,3.6703516100019598,15.210526315789474,0.19585987261146498,11696.368631436442,38,0.10100793838500977
paper,200,1500000.0,8,1,exclude,launch,0,0.0,prior,0.0,rr_sweep,12600.0,43200,10440561.907395791,0,8661268.01395742,1779293.893438372,0,46,0.7982167104556688,54,4.743723496829792,5.980813601343746,8098.861339634391,3293.8080629118253,2.458813988230618,2.0304927149131964,318.574570646751,0.0,0.0,0.0013003901170351106,0.932071147389903,3.153713298791019,0.5844370860927153,3586.8166592193666,579,0.48305249214172363
paper,200,1500000.0,8,3,exclude,launch,0,0.0,prior,0.0,rr_sweep,12600.0,43200,9640972.601009393,0,8118493.511202276,1522479.0898071171,0,51,0.8249726999284157,56,4.894312501170178,6.551055341982967,7839.418200296043,3017.069176252814,2.5983554709317485,2.023780724375077,314.43809148058733,0.0,0.0,0.0,0.9143629665530151,3.2316865417376492,0.5684039087947883,3454.160537203806,587,0.3735320568084717
paper,200,1500000.0,3,7,exclude,launch,0,0.0,prior,0.0,rr_sweep,12600.0,43200,7697724.137305348,0,4513772.7848566575,3183951.3524486898,0,0,0.0,0,4.577943967789356,4.850978069111045,8404.213539551529,4045.2656137009353,2.077543069381463,2.038372902330546,323.4654852883085,0.0,0.0,0.0,2.3934962068801577,9.036144578313253,0.28879310344827586,8701.256979367809,83,0.11950969696044922
paper,200,1500000.0,7,5,exclude,launch,0,0.0,prior,0.0,rr_sweep,12600.0,43200,8371636.291960487,0,6111168.738071902,2260467.5538885854,0,32,0.5501918081323777,39,4.8316606529618955,5.094941539703942,7945.393769630588,3849.803302300347,2.063844083899827,2.0393052882343543,324.04664464556816,0.0,0.0,0.0,1.0700310778838773,2.6993166287015944,0.45851769911504425,5533.064400233094,439,0.24402332305908203
paper,200,1500000.0,3,8,exclude,launch,0,0.0,prior,0.0,rr_sweep,12600.0,43200,9211233.794164002,0,5674836.919284515,3536396.8748794855,0,0,0.0,0,4.805738054071009,5.207341274501238,7990.04999508496,3775.1524412456165,2.1164840677132055,2.034742503385338,321.20761449364676,0.0,0.0,0.0,2.292063895497693,6.863636363636363,0.22766078542970974,10876.480376399786,88,0.10400938987731934
paper,200,1500000.0,5,6,exclude,launch,0,0.0,prior,0.0,rr_sweep,12600.0,43200,6939239.4953487255,0,4047093.542070565,2892145.9532781607,0,3,0.08128546500898594,4,4.782673647657148,5.146191092319481,8030.189446355909,3819.7430253371185,2.102285256649481,2.0348853073780537,321.2962798280907,0.0,0.0,0.0,1.470013377198858,4.201754385964913,0.34268753372908795,6875.951719646377,228,0.1710197925567627
paper,200,1500000.0,2,5,exclude,launch,0,0.0,prior,0.0,rr_sweep,12600.0,43200,9423583.406139717,0,5945945.153412509,3477638.252727208,0,0,0.0,0,4.8316606529618955,4.9422532329505895,7945.393769630588,3962.910285336502,2.004939097165537,2.042305733254145,325.92037247233833,0.0,0.0,0.0,3.6641140466179762,15.513513513513514,0.21765024363833244,11680.756228228873,37,0.28353261947631836
paper,200,1500000.0,6,6,exclude,launch,0,0.0,prior,0.0,rr_sweep,12600.0,43200,7486300.495139878,0,4731642.593230547,2754657.901909331,0,14,0.24585622882499913,16,4.782673647657148,5.004909833329506,8030.189446355909,3917.948035406955,2.0495905953285103,2.0398820762673506,324.40641976262884,0.0,0.0,0.0,1.193116563439234,3.032544378698225,0.38599348534201955,6399.043608987255,338,0.17902421951293945
paper,200,1500000.0,8,4,exclude,launch,0,0.0,prior,0.0,rr_sweep,12600.0,43200,10694697.625677802,0,8802429.380772285,1892268.2449055156,0,55,0.8104829289399109,63,4.882927992066068,6.094337806607007,7858.472907715733,3239.1808559317446,2.4260679650921366,2.0262744625913216,315.9717817701318,0.0,0.0,0.0013245033112582781,0.9494041557252662,2.8180212014134276,0.525067385444744,4110.683864717132,566,0.3240342140197754
paper,200,1500000.0,4,7,exclude,launch,0,0.0,prior,0.0,rr_sweep,12600.0,43200,6466378.16486296,0,3633914.313802582,2832463.851060378,0,0,0.0,0,4.577943967789356,5.102349304028947,8404.213539551529,3851.747456991653,2.1819222660344164,2.0353167183603453,321.5642121949302,0.0,0.0,0.0,1.8280464998589818,6.431506849315069,0.34486486486486484,6957.1942077573985,146,0.16251468658447266
paper,200,1500000.0,8,5,exclude,launch,0,0.0,prior,0.0,rr_sweep,12600.0,43200,12204890.434024552,0,10275998.87534492,1928891.5586796328,0,66,0.8693566174900215,75,4.8316606529618955,5.707117156133518,7945.393769630588,3450.017871088953,2.303000757246144,2.0315235386628583,319.2122432446637,0.0,0.0,0.0012804097311139564,0.9169128700650435,2.68259385665529,0.48672566371681414,4167.106148023496,586,0.284027099609375
paper,200,1500000.0,4,8,exclude,launch,0,0.0,prior,0.0,rr_sweep,12600.0,43200,7860662.581918185,0,4671356.622031919,3189305.959886265,0,0,0.0,0,4.805738054071009,5.285660384034551,7990.04999508496,3716.5473414382272,2.1498582584967085,2.0362029712682737,322.11497929955954,0.0,0.0,0.0,1.6587359829531019,4.555555555555555,0.2819634703196347,8955.447014919988,162,0.1320176124572754
paper,200,1500000.0,6,8,exclude,launch,0,0.0,prior,0.0,rr_sweep,12600.0,43200,6698196.09730466,0,4264023.717460319,2434172.37984434,0,11,0.24723472555127649,12,4.805738054071009,5.93903754880642,7990.04999508496,3314.8983241463557,2.410345420516793,2.0317660921705896,319.362380685891,0.0,0.0,0.0021691973969631237,1.1667003665552589,3.2427745664739884,0.44266970907016545,5814.737302426931,346,0.1275174617767334
paper,200,1500000.0,2,9,exclude,launch,0,0.0,prior,0.0,rr_sweep,12600.0,43200,10320731.17200769,0,6469166.808826972,3851564.363180717,0,0,0.0,0,4.870625266882366,4.250703034023877,7879.164612665201,4610.581329881233,1.7089308373328633,2.041002510992878,325.1058683680431,0.0,0.020833333333333332,0.0,3.7171278650742017,14.0,0.1847457627118644,12806.984414430635,36,0.09951567649841309
paper,200,1500000.0,5,7,exclude,launch,0,0.0,prior,0.0,rr_sweep,12600.0,43200,5854724.464675164,0,3215216.769610933,2639507.695064231,0,2,0.039499631368758704,3,4.577943967789356,5.270755221485856,8404.213539551529,3728.1258181453677,2.254273044822392,2.035619408631197,321.7522678600892,0.0,0.0,0.0,1.3966267113291961,4.7272727272727275,0.4019138755980861,5773.732893518732,242,0.19352245330810547
paper,200,1500000.0,7,2,exclude,launch,0,0.0,prior,0.0,rr_sweep,12600.0,43200,9008321.823279208,0,6847068.178669461,2161253.644609747,0,33,0.6252889450108701,37,4.655934945568595,6.009317493448341,8257.851996279362,3280.943808782408,2.516913570471643,2.0287851106751535,317.5196411840666,0.0,0.0,0.0016501650165016502,1.0373721414009311,3.1740088105726874,0.541959935029778,4565.504735414646,454,0.5440526008605957
paper,200,1500000.0,3,9,exclude,launch,0,0.0,prior,0.0,rr_sweep,12600.0,43200,8202045.280760454,0,4836252.696239722,3365792.584520732,0,0,0.0,0,4.870625266882366,4.3785383429023,7879.164612665201,4477.055654241513,1.7598987417546545,2.040508184246378,324.7971844451084,0.0,0.0,0.0,2.482217225543668,8.548780487804878,0.2682926829268293,9564.743364227665,82,0.12651348114013672
paper,200,1500000.0,2,10,exclude,launch,0,0.0,prior,0.0,rr_sweep,12600.0,43200,11095350.718631022,0,7150282.451239611,3945068.2673914107,0,0,0.0,0,4.655288193586195,4.889026959233616,8259.045556358145,4016.4352255495037,2.056312399567752,2.037027030377538,322.6275185200964,0.0,0.020833333333333332,0.0,3.7572291349892493,13.323529411764707,0.18512396694214875,13636.617769723573,34,0.09850621223449707
paper,200,1500000.0,6,7,exclude,launch,0,0.0,prior,0.0,rr_sweep,12600.0,43200,5513502.198438744,0,3201709.47678675,2311792.721651994,0,4,0.12099804616674965,5,4.577943967789356,5.453809962998541,8404.213539551529,3605.819297954755,2.3307361919989877,2.034023806564348,320.7615697625475,0.0,0.0,0.0,1.2167990107254527,3.9006024096385543,0.46802794196668457,5072.758956081883,332,0.23862075805664062
paper,200,1500000.0,7,6,exclude,launch,0,0.0,prior,0.0,rr_sweep,12600.0,43200,9094512.484939842,0,6839714.972360301,2254797.5125795403,0,38,0.611012723725993,45,4.782673647657148,5.341347308627377,8030.189446355909,3680.429697225478,2.1818619310700416,2.034748078869911,321.21107601749145,0.0,0.0,0.0,1.043979153947753,2.789356984478936,0.48182311448724907,5210.359976787349,451,0.2856318950653076
paper,200,1500000.0,5,10,exclude,launch,0,0.0,prior,0.0,rr_sweep,12600.0,43200,7348672.459850043,0,4367202.347687947,2981470.1121620964,0,3,0.04624002896958223,4,4.655288193586195,4.775968030168049,8259.045556358145,4101.788926805131,2.0135228076670164,2.041856758713371,325.6396517030194,0.0,0.0,0.0,1.3976162751580805,3.529166666666667,0.3228476821192053,7768.441046143408,240,0.08860373497009277
paper,200,1500000.0,5,8,exclude,launch,0,0.0,prior,0.0,rr_sweep,12600.0,43200,6708075.48790528,0,3901739.7322872793,2806335.755618001,0,2,0.05849872118137662,2,4.805738054071009,5.620227161957943,7990.04999508496,3499.350461024735,2.283295166939406,2.033848888389981,320.65305720756,0.0,0.0,0.0,1.3998122147268264,3.9460580912863072,0.3597491448118586,6951.385284525979,241,0.21512079238891602
paper,200,1500000.0,5,9,exclude,launch,0,0.0,prior,0.0,rr_sweep,12600.0,43200,7303766.311261742,0,4147345.080292209,3156421.230969534,0,1,0.00776639892181864,2,4.870625266882366,4.318338025588583,7879.164612665201,4523.01906847681,1.7420144583468713,2.0479291990451367,329.4466818634145,0.0,0.003205128205128205,0.0,1.4360279688011777,3.5213675213675213,0.30864197530864196,7961.254911316818,234,0.15661168098449707
paper,200,1500000.0,3,11,exclude,launch,0,0.0,prior,0.0,rr_sweep,12600.0,43200,9302990.615496533,0,5749127.205878447,3553863.4096180853,0,0,0.0,0,4.401387483373752,4.662008788279239,8754.709960082677,4213.5638516253575,2.077744699823547,2.0362791945492993,322.16237071672333,0.0,0.0,0.0,2.4271727698239314,7.476190476190476,0.23773173391494,10625.780355473262,84,0.08510088920593262
paper,200,1500000.0,2,11,exclude,launch,0,0.0,prior,0.0,rr_sweep,12600.0,43200,11418992.842847575,0,7578892.659272498,3840100.1835750756,0,0,0.0,0,4.401387483373752,5.563317836830293,8754.709960082677,3531.5068931633014,2.479029554502939,2.0359450900684495,321.9546688910784,0.0,0.0,0.0,3.5993631397192885,12.594594594594595,0.1793746571585299,14119.518693353359,37,0.09160065650939941
paper,200,1500000.0,4,9,exclude,launch,0,0.0,prior,0.0,rr_sweep,12600.0,43200,7127890.92656543,0,3901738.298667982,3226152.627897448,0,0,0.0,0,4.870625266882366,4.647516509267461,7879.164612665201,4214.4958791806675,1.8695390477394358,2.0421771691371626,325.8399755612249,0.0,0.0,0.0,1.7636730128712368,5.7631578947368425,0.32642777155655095,7507.9535335368155,152,0.1786184310913086
paper,200,1500000.0,3,10,exclude,launch,0,0.0,prior,0.0,rr_sweep,12600.0,43200,8777422.189048031,0,5442323.054008593,3335099.135039437,0,0,0.0,0,4.655288193586195,4.426447535498259,8259.045556358145,4430.446463524366,1.864156496270621,2.039657173788213,324.2661117027886,0.0,0.0,0.0,2.3168381555723614,7.340909090909091,0.25,10398.487670590317,88,0.14461278915405273
paper,200,1500000.0,8,6,exclude,launch,0,0.0,prior,0.0,rr_sweep,12600.0,43200,10983351.271634301,0,9235633.772048282,1747717.49958602,0,64,0.855623829647956,72,4.782673647657148,6.357956422672289,8030.189446355909,3111.2498734071396,2.5810172030837317,2.022122923089799,313.42058097169064,0.0,0.0,0.0,0.9351785880965938,3.078397212543554,0.5222342733188721,3700.750150852839,574,0.33713698387145996
paper,200,1500000.0,7,8,exclude,launch,0,0.0,prior,0.0,rr_sweep,12600.0,43200,7962163.524578999,0,5885300.405597422,2076863.1189815763,0,28,0.53720548894743,34,4.805738054071009,5.992963475023253,7990.04999508496,3286.009770338523,2.4315356780761577,2.0311851376039805,319.00283640460196,0.0,0.0,0.0,1.0208289050848034,2.8333333333333335,0.526255707762557,5013.461938564779,462,0.26113462448120117
paper,200,1500000.0,7,7,exclude,launch,0,0.0,prior,0.0,rr_sweep,12600.0,43200,6691108.543038509,0,4502144.777668928,2188963.765369581,0,18,0.38435972397637597,21,4.577943967789356,5.479723765684692,8404.213539551529,3586.8579944224475,2.343057225187073,2.0351065033705042,321.4336419959735,0.0,0.0,0.0,1.0687466333160835,3.090702947845805,0.4897739504843918,4826.855812691126,441,0.3166344165802002
paper,200,1500000.0,4,10,exclude,launch,0,0.0,prior,0.0,rr_sweep,12600.0,43200,7498270.240463448,0,4341428.155380731,3156842.085082717,0,0,0.0,0,4.655288193586195,4.81037438805032,8259.045556358145,4077.956695131206,2.025290157254212,2.0390998994341003,323.9185803011872,0.0,0.0,0.0,1.749353108050229,5.256578947368421,0.28626585769442914,8136.72869539385,152,0.18011999130249023
paper,200,1500000.0,7,10,exclude,launch,0,0.0,prior,0.0,rr_sweep,12600.0,43200,8553404.742846707,0,6464608.280903272,2088796.461943434,0,31,0.5515182724592527,36,4.655288193586195,5.433053910850982,8259.045556358145,3616.906124624679,2.2834558796339164,2.035535776428019,321.700303278714,0.0,0.0,0.001694915254237288,1.0605350600752677,2.876126126126126,0.5112699285321606,5128.172219684732,444,0.16861748695373535
paper,200,1500000.0,3,12,exclude,launch,0,0.0,prior,0.0,rr_sweep,12600.0,43200,8161674.559166798,0,4820452.536209508,3341222.0229572905,0,1,0.01685419509236509,0,4.489254129229678,4.688044794684102,8576.832776345937,4181.812218079897,2.0509846757978143,2.0403454854430905,324.6956187245457,0.0,0.008928571428571428,0.0,2.3997857260540623,9.011764705882353,0.28197997775305894,8640.306269258208,85,0.09201383590698242
paper,200,1500000.0,2,12,exclude,launch,0,0.0,prior,0.0,rr_sweep,12600.0,43200,10034893.00645012,0,6426386.087603835,3608506.9188462845,0,0,0.0,0,4.489254129229678,4.762440683613187,8576.832776345937,4114.3763121809825,2.0846009517781465,2.0413919639832283,325.34916679465346,0.0,0.02040816326530612,0.0,3.719725136291333,15.166666666666666,0.2099780701754386,12309.05451742477,36,0.10651373863220215
paper,200,1500000.0,6,9,exclude,launch,0,0.0,prior,0.0,rr_sweep,12600.0,43200,8369273.528761886,0,5467257.99749587,2902015.531266016,0,18,0.324623158191154,21,4.870625266882366,4.526231320612693,7879.164612665201,4308.9192198372175,1.828570973526596,2.050949152699089,331.34823646767995,0.0,0.0,0.0,1.207404811128938,2.718562874251497,0.3459367945823928,7226.3189339157825,334,0.23712563514709473
paper,200,1500000.0,4,11,exclude,launch,0,0.0,prior,0.0,rr_sweep,12600.0,43200,7419569.403282339,0,4284020.806756442,3135548.596525897,0,0,0.0,0,4.401387483373752,5.739290503431368,8754.709960082677,3427.5239146468352,2.5542374548201345,2.033392839438442,320.3702281807937,0.0,0.0,0.0,1.7175074671335422,5.25,0.31387665198237885,7827.653951245356,156,0.15261626243591309
paper,200,1500000.0,7,9,exclude,launch,0,0.0,prior,0.0,rr_sweep,12600.0,43200,10061375.013746403,0,7667399.494947105,2393975.5187992984,0,45,0.6814790240036962,51,4.870625266882366,4.974820591175279,7879.164612665201,3942.4034001407676,1.9985688456903896,2.039489657889579,324.1616246578182,0.0,0.0,0.0,1.0781684902607005,2.805491990846682,0.447752808988764,5367.059422631602,437,0.2516286373138428
paper,200,1500000.0,6,10,exclude,launch,0,0.0,prior,0.0,rr_sweep,12600.0,43200,7764174.221874183,0,5073824.615105384,2690349.6067688,0,13,0.2940961344120303,15,4.655288193586195,5.080315014873009,8259.045556358145,3857.7178237155845,2.140914896777856,2.040980668900955,325.09222590764386,0.0,0.0,0.0,1.182584173020708,2.9853372434017595,0.4046306504961411,6410.358243439422,341,0.20062041282653809
paper,200,1500000.0,4,12,exclude,launch,0,0.0,prior,0.0,rr_sweep,12600.0,43200,7113227.405553529,0,3975020.210804529,3138207.1947489996,0,0,0.0,0,4.489254129229678,4.549654222825967,8576.832776345937,4308.112568074845,1.9908562371151421,2.0407723314616364,324.96211378082717,0.0,0.0,0.0,1.8049408957360857,6.114093959731544,0.3394039735099338,7298.587529986651,149,0.1605243682861328
paper,200,1500000.0,5,11,exclude,launch,0,0.0,prior,0.0,rr_sweep,12600.0,43200,7355803.7898809975,0,4263309.924031843,3092493.8658491545,0,3,0.06932119247465006,3,4.401387483373752,5.376535848797339,8754.709960082677,3657.2159602768725,2.3938181543481765,2.034261777612354,320.90922738895966,0.0,0.0,0.0,1.4036101583436458,3.8257261410788383,0.3426842684268427,7143.898401027981,241,0.20412468910217285
paper,200,1500000.0,5,12,exclude,launch,0,0.0,prior,0.0,rr_sweep,12600.0,43200,6624579.986752161,0,3916208.741122689,2708371.245629472,0,3,0.09534628881836578,3,4.489254129229678,4.746622893881056,8576.832776345937,4128.603371618873,2.0774174713186024,2.0411367346484557,325.1897100703345,0.0,0.0,0.0,1.4120403474470749,4.3924050632911396,0.3908685968819599,6249.542574884509,237,0.1870262622833252
paper,200,1500000.0,8,8,exclude,launch,0,0.0,prior,0.0,rr_sweep,12600.0,43200,9645874.565717964,0,8143811.214154377,1502063.3515635873,0,52,0.8147108551521687,56,4.805738054071009,7.083675116386425,7990.04999508496,2793.3503233236315,2.8603823617719755,2.0215102664342695,313.04496732918375,0.0,0.0,0.0,0.9017043676557579,3.080402010050251,0.5987406983400114,3558.4460437772664,597,0.39176011085510254
paper,200,1500000.0,6,12,exclude,launch,0,0.0,prior,0.0,rr_sweep,12600.0,43200,7862085.78756675,0,5166889.54035978,2695196.24720697,0,13,0.30459284708072,16,4.489254129229678,4.721901187365588,8576.832776345937,4144.959522585395,2.0692199114639815,2.043726625436193,326.80958059332676,0.0,0.0,0.0,1.2200059327108899,3.211480362537764,0.39732142857142855,6167.312986374195,331,0.19364118576049805
paper,200,1500000.0,6,11,exclude,launch,0,0.0,prior,0.0,rr_sweep,12600.0,43200,7862819.8271778785,0,4945262.910764949,2917556.916412929,0,13,0.24619026302492206,16,4.401387483373752,5.4040977898011455,8754.709960082677,3638.679751461801,2.406012773332296,2.034196759398997,320.86888114541614,0.0,0.0,0.0,1.1932398674881883,2.982300884955752,0.38855255916345627,6473.032298529525,339,0.2612471580505371
paper,200,1500000.0,7,11,exclude,launch,0,0.0,prior,0.0,rr_sweep,12600.0,43200,8569883.443130523,0,6447274.874869698,2122608.568260826,0,32,0.5815651567518613,39,4.401387483373752,6.046259550480288,8754.709960082677,3261.028280648495,2.684647051984994,2.028703786387956,317.4694440386749,0.0,0.0,0.0,1.0115091166315753,2.886509635974304,0.528281164195497,4879.431353361998,467,0.2741506099700928
paper,200,3000000.0,4,1,exclude,launch,0,0.0,prior,0.0,rr_sweep,12600.0,43200,5460227.513087377,0,2894606.3118035626,2565621.2012838144,0,0,0.0,0,9.487446993659583,10.569688683998823,8098.861339634391,3735.584056346659,2.168030813247165,2.0261391949844487,315.88849424499983,0.0,0.0,0.0,3.7689061632246452,18.055555555555557,0.45837837837837836,5134.34119736853,72,0.23714804649353027
paper,200,3000000.0,4,2,exclude,launch,0,0.0,prior,0.0,rr_sweep,12600.0,43200,6766643.695515783,0,3586711.3807496913,3179932.3147660918,0,0,0.0,0,9.31186989113719,11.142083958546454,8257.851996279362,3544.627348621065,2.3296812849711386,2.0255966792999502,315.55456457732555,0.0,0.0,0.0,3.7157177669384986,14.123287671232877,0.37533368926855315,6529.792494078435,73,0.1556384563446045
paper,200,3000000.0,5,1,exclude,launch,0,0.0,prior,0.0,rr_sweep,12600.0,43200,4404177.519771775,0,2468102.5880984385,1936074.9316733372,0,0,0.0,0,9.487446993659583,9.538170880017953,8098.861339634391,4144.9208078010715,1.9539242642203654,2.0235253566141864,314.2812466896591,0.0,0.0,0.0,2.977341394466424,13.36936936936937,0.5373626373626373,4366.594078204004,111,0.2521486282348633
paper,200,3000000.0,6,1,exclude,launch,0,0.0,prior,0.0,rr_sweep,12600.0,43200,3634505.4526101886,0,2101369.781591381,1533135.6710188077,0,0,0.0,0,9.487446993659583,9.92684939121726,8098.861339634391,3988.225196685112,2.030693087834135,2.0206862263352754,312.54011178916363,0.0,0.004608294930875576,0.0,2.517673585138645,11.067901234567902,0.5984766050054406,3675.148238111627,162,0.27015161514282227
paper,200,1500000.0,8,9,exclude,launch,0,0.0,prior,0.0,rr_sweep,12600.0,43200,13224810.267387547,0,11058408.729642345,2166401.5377452006,0,78,0.9101039436660893,86,4.870625266882366,5.812258433839932,7879.164612665201,3398.742304954892,2.3182589045302078,2.0248685623137366,315.1066710057077,0.0,0.0,0.0,0.959539492150481,3.194642857142857,0.4670793472144063,3662.351356795928,560,0.4367642402648926
paper,200,1500000.0,7,12,exclude,launch,0,0.0,prior,0.0,rr_sweep,12600.0,43200,10184253.518374404,0,8031727.023421531,2152526.4949528733,0,35,0.6835037906517406,39,4.489254129229678,5.2563925631390855,8576.832776345937,3736.635001606107,2.295335983487652,2.0365333272039,322.3204015213163,0.0,0.0,0.0,1.0530529987311892,2.9932885906040267,0.5083426028921023,4875.475219670011,447,0.31016039848327637
paper,200,3000000.0,7,1,exclude,launch,0,0.0,prior,0.0,rr_sweep,12600.0,43200,3326414.215195274,0,1907518.6017953272,1418895.6133999466,0,0,0.0,0,9.487446993659583,9.486020905337622,8098.861339634391,4174.304772373369,1.9401701076631381,2.0203274062112637,312.32040475974134,0.0,0.0,0.0,2.0963382196202947,8.68141592920354,0.6277929155313352,3407.110135435074,226,0.3176553249359131
paper,200,3000000.0,5,2,exclude,launch,0,0.0,prior,0.0,rr_sweep,12600.0,43200,5494547.450306267,0,2945394.1754918355,2549153.274814431,0,0,0.0,0,9.31186989113719,10.379778812143376,8257.851996279362,3810.5588424012394,2.1670973570573815,2.022614962322247,313.7224083495992,0.0,0.006578947368421052,0.0,2.9785513980685834,11.0625,0.4512325830653805,5343.689624601115,112,0.2786519527435303
paper,200,3000000.0,13,1,exclude,launch,0,0.0,prior,0.0,rr_sweep,12600.0,43200,4916412.944540848,0,4150054.752678517,766358.191862331,0,17,0.6874985529590397,22,9.487446993659583,10.841252089463465,8098.861339634391,3656.8570709194264,2.214705464985027,2.0179135553466576,310.8444018475419,0.0,0.0,0.0,1.1336818624559986,3.963636363636364,0.7362637362637363,2154.421674174544,770,0.3526623249053955
paper,200,3000000.0,8,1,exclude,launch,0,0.0,prior,0.0,rr_sweep,12600.0,43200,3234097.2616123124,0,1826181.0593056576,1407916.202306655,0,0,0.0,0,9.487446993659583,9.37827995802131,8098.861339634391,4223.332454108237,1.9176471252591643,2.0198146794012164,312.0065940966617,0.0,0.0,0.0,1.8615268796499405,7.062283737024221,0.643011917659805,3247.447473410504,289,0.392162561416626
paper,200,3000000.0,7,2,exclude,launch,0,0.0,prior,0.0,rr_sweep,12600.0,43200,4330963.091113281,0,2290338.9305770565,2040624.1605362247,0,0,0.0,0,9.31186989113719,10.372166277981846,8257.851996279362,3819.8450788567534,2.1618290338494215,2.019178749665735,311.6175971310632,0.0,0.0,0.0,2.091436490009424,7.125,0.5632060247444863,4103.329571927263,224,0.26574015617370605
paper,200,3000000.0,6,2,exclude,launch,0,0.0,prior,0.0,rr_sweep,12600.0,43200,4940783.542229932,0,2610504.5236908123,2330279.0185391195,0,0,0.0,0,9.31186989113719,10.121825447772595,8257.851996279362,3911.0445408975984,2.1114185507036325,2.020870021776698,312.65268040870666,0.0,0.0,0.0,2.4032019170815477,8.333333333333334,0.5010649627263046,4797.950533909682,168,0.2972567081451416
paper,200,3000000.0,4,3,exclude,launch,0,0.0,prior,0.0,rr_sweep,12600.0,43200,5489311.069338634,0,2999135.81238475,2490175.256953883,0,0,0.0,0,9.788625002340355,11.664447914273367,7839.418200296043,3386.712720077939,2.3147573615619907,2.025104505492406,315.2517741542489,0.0,0.0,0.0,3.745781134282903,15.943661971830986,0.40797872340425534,5925.78430420088,71,0.1706247329711914
paper,200,3000000.0,9,1,exclude,launch,0,0.0,prior,0.0,rr_sweep,12600.0,43200,2761470.917297799,0,1638046.2128085361,1123424.7044892628,0,0,0.0,0,9.487446993659583,9.922464724096649,8098.861339634391,3992.0998674668676,2.0287221283302745,2.019617039655941,311.88567226702355,0.0,0.0,0.0,1.5762650344267886,5.9164490861618795,0.6809338521400778,2907.1398345405973,383,0.47377610206604004
paper,200,3000000.0,11,1,exclude,launch,0,0.0,prior,0.0,rr_sweep,12600.0,43200,3535775.1281751767,0,2532822.9757866696,1002952.1523885066,0,6,0.33763561116574425,7,9.487446993659583,9.861093673746833,8098.861339634391,4015.6195980913335,2.0168397782209913,2.0202835960440177,312.2935849069537,0.0,0.0,0.0,1.307205472821616,4.291519434628976,0.6929824561403509,2710.612681321445,566,0.48227643966674805
paper,200,3000000.0,9,2,exclude,launch,0,0.0,prior,0.0,rr_sweep,12600.0,43200,3403587.278019244,0,1881867.6621211083,1521719.6158981356,0,0,0.0,0,9.31186989113719,10.835650293903498,8257.851996279362,3657.2262322914344,2.2579549286196077,2.0187529787469085,311.3572895117097,0.0,0.0,0.0,1.510438979668673,4.875311720698255,0.6330472103004292,3400.7074476137313,401,0.3661460876464844
paper,200,3000000.0,5,3,exclude,launch,0,0.0,prior,0.0,rr_sweep,12600.0,43200,4724922.258090533,0,2560949.1757407915,2163973.0823497414,0,0,0.0,0,9.788625002340355,10.170748602917037,7839.418200296043,3889.0530942855435,2.0157652801950805,2.022521723638591,313.66520259385044,0.0,0.013157894736842105,0.0,2.9664183050196433,11.734513274336283,0.4773815859499734,5016.2259798318155,113,0.2881317138671875
paper,200,3000000.0,8,2,exclude,launch,0,0.0,prior,0.0,rr_sweep,12600.0,43200,3781265.470873736,0,2055327.1461758167,1725938.324697919,0,0,0.0,0,9.31186989113719,10.583979544456328,8257.851996279362,3742.9161675726236,2.2062615422227823,2.0194397248380906,311.7772057733885,0.0,0.002325581395348837,0.0,1.6762798210457996,5.535603715170279,0.5975282106394412,3706.5715854492314,323,0.3986480236053467
paper,200,3000000.0,6,3,exclude,launch,0,0.0,prior,0.0,rr_sweep,12600.0,43200,4078942.9525338183,0,2213904.0380955054,1865038.914438313,0,0,0.0,0,9.788625002340355,9.88848636649561,7839.418200296043,4003.875090615893,1.9579577341635177,2.0205967383301293,312.4853106870295,0.0,0.0045662100456621,0.0,2.486015201834797,9.558282208588958,0.5304162219850587,4303.366028727089,163,0.29062962532043457
paper,200,3000000.0,10,1,exclude,launch,0,0.0,prior,0.0,rr_sweep,12600.0,43200,2880782.288891327,0,1714286.270123205,1166496.0187681222,0,1,0.033085875295481154,1,9.487446993659583,9.796862333130072,8098.861339634391,4041.4059252386005,2.0039712638260267,2.0205542149526297,312.4592716972734,0.0,0.0015723270440251573,0.0,1.411418101533196,4.766806722689076,0.6788079470198676,2906.7678462465337,476,0.5372803211212158
paper,200,3000000.0,7,3,exclude,launch,0,0.0,prior,0.0,rr_sweep,12600.0,43200,3435348.3406865206,0,1925683.8798188062,1509664.4608677146,0,0,0.0,0,9.788625002340355,10.47909364513025,7839.418200296043,3781.7505293623476,2.072960164725057,2.018707466066159,311.32947042568026,0.0,0.0,0.0,2.1122406466747465,7.95945945945946,0.5958019375672766,3739.3272591526015,222,0.2936270236968994
paper,200,3000000.0,10,2,exclude,launch,0,0.0,prior,0.0,rr_sweep,12600.0,43200,3252052.1137926066,0,1906294.9887144007,1345757.1250782057,0,2,0.05550708963349528,4,9.31186989113719,10.597818079931672,8257.851996279362,3738.720881699219,2.2087372279382977,2.0190658492295404,311.54856151977737,0.0,0.0,0.0,1.3706819941831185,4.2326530612244895,0.6442880346507851,3153.3466876626953,490,0.4482240676879883
paper,200,3000000.0,4,4,exclude,launch,0,0.0,prior,0.0,rr_sweep,12600.0,43200,6145394.668805359,0,3378494.6210965663,2766900.047708793,0,0,0.0,0,9.765855984132136,10.393929631952624,7858.472907715733,3797.9844920153214,2.0691166391639997,2.026548620177557,316.1406208765337,0.0,0.010309278350515464,0.0,3.7469565773608027,14.208333333333334,0.3656480505795574,6585.025521932036,72,0.15309405326843262
paper,200,3000000.0,11,2,exclude,launch,0,0.0,prior,0.0,rr_sweep,12600.0,43200,3532468.6161017506,0,2439756.1788178487,1092712.4372839017,0,6,0.30039121282768816,7,9.31186989113719,10.979900213796189,8257.851996279362,3611.247200838201,2.286703605990375,2.017596777343878,310.65096037819364,0.0,0.0,0.0,1.288986878181019,4.114982578397212,0.6919739696312365,2779.0499690680094,574,0.47373270988464355
paper,200,3000000.0,12,1,exclude,launch,0,0.0,prior,0.0,rr_sweep,12600.0,43200,3997485.0832784036,0,3145134.570596318,852350.5126820855,0,11,0.5063132622473429,14,9.487446993659583,10.270161589439528,8098.861339634391,3857.8325275799198,2.0993294244203327,2.0191535164461687,311.6021670253773,0.0,0.0,0.0,1.2207058709752214,4.019637462235649,0.7197136563876652,2477.58720470925,662,0.6883704662322998
paper,200,3000000.0,9,3,exclude,launch,0,0.0,prior,0.0,rr_sweep,12600.0,43200,2948788.0212012944,0,1683115.7215373772,1265672.2996639172,0,0,0.0,0,9.788625002340355,10.274879017140503,7839.418200296043,3856.2887531594633,2.0328919077631817,2.0190344271811673,311.5293491341351,0.0,0.0057361376673040155,0.0,1.5404001104327292,5.160714285714286,0.6318651441000543,3274.6512984371047,392,0.3377082347869873
paper,200,3000000.0,8,3,exclude,launch,0,0.0,prior,0.0,rr_sweep,12600.0,43200,3037643.4637221075,0,1764032.884804016,1273610.5789180915,0,0,0.0,0,9.788625002340355,10.448296306996983,7839.418200296043,3793.2442637188296,2.066678983812768,2.0185229744526296,311.2167148463494,0.0,0.0,0.0,1.777346007768849,6.431893687707642,0.6113821138211382,3418.67016464392,301,0.3632080554962158
paper,200,3000000.0,5,4,exclude,launch,0,0.0,prior,0.0,rr_sweep,12600.0,43200,5511562.222363345,0,2909738.639616542,2601823.5827468033,0,0,0.0,0,9.765855984132136,9.43619579161617,7858.472907715733,4189.352261790276,1.8758205127294536,2.0237001503475964,314.3885993465074,0.0,0.006622516556291391,0.0,2.9959456042841417,10.52212389380531,0.43294614572333684,5639.6282630873175,113,0.2050940990447998
paper,200,3000000.0,12,2,exclude,launch,0,0.0,prior,0.0,rr_sweep,12600.0,43200,4105613.737427318,0,3095098.113912237,1010515.6235150809,0,11,0.4920736246354482,15,9.31186989113719,11.165911737522555,8257.851996279362,3552.150047016993,2.3247475154418376,2.0169934774662854,310.28271996269046,0.0,0.0,0.0,1.2023280801508667,3.8705357142857144,0.7070925825663238,2536.720454880957,672,0.5712356567382812
paper,200,3000000.0,15,1,exclude,launch,0,0.0,prior,0.0,rr_sweep,12600.0,43200,6891452.618977759,0,5973543.825609364,917908.7933683952,0,32,0.8293110490540255,45,9.487446993659583,11.243327265584082,8098.861339634391,3524.9814320001396,2.2975614186537565,2.0185443749906193,311.2297931475095,0.0,0.0,0.0,0.983781708596073,3.2470703125,0.7238147739801544,1971.4129182585696,1024,0.7548813819885254
paper,200,3000000.0,6,4,exclude,launch,0,0.0,prior,0.0,rr_sweep,12600.0,43200,4277334.334994873,0,2324634.4639146877,1952699.8710801855,0,0,0.0,0,9.765855984132136,10.023806037322231,7858.472907715733,3948.864823787626,1.9900587278594497,2.0210872635048043,312.7857599075191,0.0,0.0,0.0,2.4563923083127186,8.99390243902439,0.521669341894061,4491.725567271812,164,0.2611091136932373
paper,200,3000000.0,10,3,exclude,launch,0,0.0,prior,0.0,rr_sweep,12600.0,43200,2715619.3036587676,0,1563603.259647906,1152016.0440108615,0,0,0.0,1,9.788625002340355,10.547420081744308,7839.418200296043,3757.6363419424506,2.086263141750322,2.0185011265120902,311.203363411919,0.0,0.0,0.0,1.4026173143042864,4.535416666666666,0.652197504069452,3036.945839859455,480,0.4202263355255127
paper,200,3000000.0,13,2,exclude,launch,0,0.0,prior,0.0,rr_sweep,12600.0,43200,5445687.749483151,0,4429168.62115311,1016519.1283300412,0,20,0.7022410823797709,26,9.31186989113719,11.59453827424989,8257.851996279362,3422.6131931299788,2.4127330581366566,2.0159451348927884,309.6433551336978,0.0,0.0,0.0,1.1194400027026823,3.7509627727856225,0.7275189599133262,2252.4863657333444,779,0.6232471466064453
paper,200,3000000.0,11,3,exclude,launch,0,0.0,prior,0.0,rr_sweep,12600.0,43200,3106529.7352091875,0,2115772.776285099,990756.9589240885,0,5,0.2554303395904454,8,9.788625002340355,10.710112042830294,7839.418200296043,3701.754781985471,2.1177572967411145,2.0178474332605694,310.80401921853866,0.0,0.0,0.0,1.307890538080497,4.151943462897527,0.6831521739130435,2792.5629051761234,566,0.4671471118927002
paper,200,3000000.0,7,4,exclude,launch,0,0.0,prior,0.0,rr_sweep,12600.0,43200,3671818.4655351727,0,2045481.1089718572,1626337.3565633157,0,0,0.0,0,9.765855984132136,9.997240835876513,7858.472907715733,3961.715436506325,1.9836035761937,2.0198845850378975,312.0493700393773,0.0,0.0,0.0,2.0835565735631922,7.408888888888889,0.5785256410256411,3957.311072113041,225,0.3171210289001465
paper,200,3000000.0,14,1,exclude,launch,0,0.0,prior,0.0,rr_sweep,12600.0,43200,5514506.35342147,0,4837937.76161545,676568.5918060201,0,24,0.7667653688619609,30,9.487446993659583,11.275116859621297,8098.861339634391,3516.928927736392,2.3028220092144647,2.017461907148069,310.5686197492157,0.0,0.0,0.0,1.0527694431811254,3.742729306487696,0.7397484964461455,1963.0090277278068,894,0.8493959903717041
paper,200,3000000.0,14,2,exclude,launch,0,0.0,prior,0.0,rr_sweep,12600.0,43200,6578952.252879247,0,5625038.48749964,953913.7653796063,0,30,0.8066742813183406,37,9.31186989113719,12.319102389740207,8257.851996279362,3224.091757342419,2.5612955888967046,2.0142043466744166,308.5831370439841,0.0,0.0,0.0,1.0415037048972715,3.539313399778516,0.7289870689655172,2056.3164103425424,903,0.7022581100463867
paper,200,3000000.0,8,4,exclude,launch,0,0.0,prior,0.0,rr_sweep,12600.0,43200,3548239.771991387,0,1969715.9090559206,1578523.8629354662,0,0,0.0,0,9.765855984132136,9.918860556467077,7858.472907715733,3992.8418450202757,1.9681402902337664,2.019975462366722,312.10498314906243,0.0,0.0,0.0,1.7638712154405256,5.727868852459016,0.599572877736252,3783.7957380705843,305,0.366119384765625
paper,200,3000000.0,4,5,exclude,launch,0,0.0,prior,0.0,rr_sweep,12600.0,43200,5168405.866557763,0,2792910.0602900945,2375495.8062676685,0,0,0.0,0,9.663321305923791,9.185637857193736,7945.393769630588,4296.232654008865,1.849386290152757,2.027182628190669,316.53124549700703,0.0,0.0,0.0,3.7519338372944944,17.11111111111111,0.4363438520130577,5391.335182293836,72,0.2355365753173828
paper,200,3000000.0,9,4,exclude,launch,0,0.0,prior,0.0,rr_sweep,12600.0,43200,3213989.24758353,0,1842433.6500214657,1371555.5975620644,0,0,0.0,0,9.765855984132136,10.210167329510591,7858.472907715733,3879.9841827103255,2.025387872129487,2.019422413952169,311.7666174204204,0.0,0.0019157088122605363,0.0,1.5505426606424817,4.744245524296675,0.5963597430406852,3572.6024134574386,391,0.3691239356994629
paper,200,3000000.0,12,3,exclude,launch,0,0.0,prior,0.0,rr_sweep,12600.0,43200,3495303.038258064,0,2606293.7803581236,889009.2578999404,0,9,0.4558167516640813,12,9.788625002340355,10.950062146851169,7839.418200296043,3621.3117328917733,2.1648007071835074,2.017471885121654,310.57471110390384,0.0,0.0011235955056179776,0.0,1.2101188744389444,3.8933933933933935,0.6913377192982456,2541.1483774911276,666,0.595639705657959
paper,200,3000000.0,5,5,exclude,launch,0,0.0,prior,0.0,rr_sweep,12600.0,43200,3994721.1519481493,0,2223632.500387317,1771088.6515608325,0,0,0.0,0,9.663321305923791,10.135891254110652,7945.393769630588,3901.5346414547844,2.036479103686223,2.0229846023204674,313.9492489754294,0.0,0.006493506493506494,0.0,2.939307986568539,13.243478260869566,0.5466957946477334,4370.248012209388,115,0.2290360927581787
paper,200,3000000.0,13,3,exclude,launch,0,0.0,prior,0.0,rr_sweep,12600.0,43200,4612355.162087822,0,3757127.43212286,855227.729964962,0,17,0.6507044671372318,26,9.788625002340355,10.970123683322095,7839.418200296043,3614.1440829457083,2.16909398750548,2.0177762252038347,310.7605333770502,0.0,0.0,0.0,1.1105758481571322,3.4580152671755724,0.6890343698854338,2424.0633037354382,786,0.5841436386108398
paper,200,3000000.0,10,4,exclude,launch,0,0.0,prior,0.0,rr_sweep,12600.0,43200,3014090.1917080907,0,1764137.1678361415,1249953.023871949,0,0,0.0,3,9.765855984132136,10.100356037190673,7858.472907715733,3920.3596111465076,2.0045285859420243,2.020353655580287,312.3364747368164,0.0,0.0,0.0,1.3877578595899158,3.9876543209876543,0.6311254711900915,3402.232707003054,486,0.375046968460083
paper,200,3000000.0,6,5,exclude,launch,0,0.0,prior,0.0,rr_sweep,12600.0,43200,3471410.0226874095,0,1952856.3181754171,1518553.7045119924,0,0,0.0,0,9.663321305923791,9.230231050775025,7945.393769630588,4287.123134897734,1.8533159696193608,2.021675541995325,313.1462739334326,0.0,0.0,0.0,2.4542124095037994,10.496969696969696,0.5921052631578947,3833.2140437354933,165,0.270035982131958
paper,200,3000000.0,11,4,exclude,launch,0,0.0,prior,0.0,rr_sweep,12600.0,43200,3533482.256834183,0,2427651.728997099,1105830.5278370837,0,7,0.2739352113648888,10,9.765855984132136,10.50325444933061,7858.472907715733,3770.6282209492865,2.084128279753154,2.020004731111574,312.1228954469982,0.0,0.0,0.0,1.2471137694644143,3.574074074074074,0.6594827586206896,3103.77251130473,594,0.43305325508117676
paper,200,3000000.0,7,5,exclude,launch,0,0.0,prior,0.0,rr_sweep,12600.0,43200,3297394.927941111,0,1845257.8738374556,1452137.0541036553,0,0,0.0,0,9.663321305923791,8.963569791511711,7945.393769630588,4416.460335513933,1.7990411247984186,2.02085265061342,312.6420402793337,0.0,0.0,0.0,2.1326345300790837,8.295454545454545,0.6207464324917673,3613.0670347576165,220,0.3460426330566406
paper,200,3000000.0,4,6,exclude,launch,0,0.0,prior,0.0,rr_sweep,12600.0,43200,6143984.977635891,0,3503430.6555098887,2640554.3221260025,0,0,0.0,0,9.565347295314297,8.741148925226435,8030.189446355909,4514.829578223,1.7786251523399752,2.027123021817922,316.4945105845141,0.0,0.020833333333333332,0.0,3.7817579938541144,14.375,0.38539989264626945,6409.4856900531195,72,0.17861175537109375
paper,200,3000000.0,8,5,exclude,launch,0,0.0,prior,0.0,rr_sweep,12600.0,43200,2852136.976425558,0,1650233.9468093405,1201903.0296162174,0,0,0.0,0,9.663321305923791,9.294323572871377,7945.393769630588,4260.356366984046,1.8649598965955099,2.0203484132964302,312.33326535496286,0.0,0.005025125628140704,0.0,1.809603949734719,6.882154882154882,0.6486042692939245,3243.989811386972,297,0.34712982177734375
paper,200,3000000.0,12,4,exclude,launch,0,0.0,prior,0.0,rr_sweep,12600.0,43200,3590356.4344327743,0,2648305.6653569904,942050.7690757843,0,11,0.3965845289465639,14,9.765855984132136,10.78552899260807,7858.472907715733,3673.389115374162,2.1392977059865026,2.0192105263904683,311.63702913154054,0.0,0.0,0.0,1.169465181077749,3.4101449275362317,0.6869565217391305,2790.7171065734856,690,0.503157377243042
paper,200,3000000.0,5,6,exclude,launch,0,0.0,prior,0.0,rr_sweep,12600.0,43200,5322495.419785451,0,2810308.6609512838,2512186.7588341674,0,0,0.0,0,9.565347295314297,9.620827761896587,8030.189446355909,4111.360769543443,1.9531707131718443,2.0225159709797698,313.6616732726103,0.0,0.0,0.0,2.9863758336639097,11.017857142857142,0.4337730870712401,5354.0705011823975,112,0.2131211757659912
paper,200,3000000.0,9,5,exclude,launch,0,0.0,prior,0.0,rr_sweep,12600.0,43200,2546497.5646633124,0,1491404.4699022449,1055093.0947610678,0,0,0.0,0,9.663321305923791,9.758229585022706,7945.393769630588,4060.605750375669,1.9567016002219662,2.0189619306299775,311.48502482195147,0.0,0.0,0.0,1.6601028945815814,6.245179063360881,0.6825136612021858,2924.670448345494,363,0.40314602851867676
paper,200,3000000.0,6,6,exclude,launch,0,0.0,prior,0.0,rr_sweep,12600.0,43200,4412933.089369308,0,2341927.5599044273,2071005.529464881,0,0,0.0,0,9.565347295314297,10.357077971501909,8030.189446355909,3823.703747110442,2.1001076384184554,2.0200797008692097,312.16877883762487,0.0,0.0,0.0,2.443483217304326,9.110429447852761,0.5249865663621709,4431.522407615039,163,0.24212121963500977
paper,200,3000000.0,7,6,exclude,launch,0,0.0,prior,0.0,rr_sweep,12600.0,43200,4136861.132729415,0,2239746.2247447437,1897114.9079846714,0,0,0.0,0,9.565347295314297,9.468064923230472,8030.189446355909,4182.267509815857,1.9200563874761503,2.0203050603897634,312.3067248770876,0.0,0.006472491909385114,0.0,2.032764105582129,6.734782608695652,0.5369670804101457,4260.2729170584635,230,0.26662755012512207
paper,200,3000000.0,10,5,exclude,launch,0,0.0,prior,0.0,rr_sweep,12600.0,43200,2637440.471704866,0,1605823.385628153,1031617.0860767128,0,1,0.05407531781607786,1,9.663321305923791,9.883999891709811,7945.393769630588,4005.5723723033107,1.9835851237064968,2.020657336854578,312.52241978252397,0.0,0.0,0.0,1.392775023076319,4.721074380165289,0.6875687568756875,2893.366075431889,484,0.43064332008361816
paper,200,3000000.0,14,3,exclude,launch,0,0.0,prior,0.0,rr_sweep,12600.0,43200,6820201.55286295,0,5868320.211180217,951881.3416827334,0,33,0.8569617101243598,36,9.788625002340355,12.228449934962098,7839.418200296043,3248.8713203585007,2.4129666666610214,2.013659645802682,308.25176325864584,0.0,0.0,0.0016722408026755853,1.0460285542053138,3.9161073825503356,0.7278724573941726,1857.9524907840635,894,0.8417716026306152
paper,200,3000000.0,8,6,exclude,launch,0,0.0,prior,0.0,rr_sweep,12600.0,43200,3578159.28711204,0,2031106.3268259536,1547052.9602860864,0,0,0.0,0,9.565347295314297,9.047166582913032,8030.189446355909,4376.06794487226,1.8350239410166,2.020660461350521,312.5243332092772,0.0,0.0,0.0,1.7890178733300504,5.72,0.5827493261455525,3859.9135392559083,300,0.32913637161254883
paper,200,3000000.0,11,5,exclude,launch,0,0.0,prior,0.0,rr_sweep,12600.0,43200,3199681.57467543,0,2222548.6538261357,977132.9208492944,0,6,0.290551720010918,8,9.663321305923791,9.786046107786218,7945.393769630588,4045.3830801647787,1.9640646169180478,2.020798801577864,312.6090579908411,0.0,0.0,0.0,1.2986425602340252,4.124561403508772,0.6866410115448048,2798.7388268976997,570,0.4806504249572754
paper,200,3000000.0,13,4,exclude,launch,0,0.0,prior,0.0,rr_sweep,12600.0,43200,4827844.585365581,0,3962510.635196437,865333.9501691448,0,22,0.6787459767849772,23,9.765855984132136,11.203125677973182,7858.472907715733,3539.6688406932144,2.2201152880100268,2.017382021688884,310.5198534167281,0.0,0.000945179584120983,0.000945179584120983,1.1037275999184806,3.4798488664987404,0.7047670639219935,2366.191604334939,794,0.6876897811889648
paper,200,3000000.0,9,6,exclude,launch,0,0.0,prior,0.0,rr_sweep,12600.0,43200,3459284.481783374,0,1933850.9570238276,1525433.5247595466,0,0,0.0,0,9.565347295314297,9.603828386216314,8030.189446355909,4124.813915897459,1.9468004157488727,2.01948780623941,311.8066161212537,0.0,0.0,0.0,1.591633103017951,4.746701846965699,0.5953663793103449,3666.40628064071,379,0.33713841438293457
paper,200,3000000.0,4,7,exclude,launch,0,0.0,prior,0.0,rr_sweep,12600.0,43200,5127319.691136632,0,2748071.053859422,2379248.63727721,0,0,0.0,0,9.155887935578711,10.180884022095285,8404.213539551529,3879.9172445528125,2.166080617144754,2.0252658249673474,315.35100355379257,0.0,0.010309278350515464,0.0,3.7060534153786904,17.328767123287673,0.4364786505007907,5353.569079206354,73,0.18802547454833984
paper,200,3000000.0,14,4,exclude,launch,0,0.0,prior,0.0,rr_sweep,12600.0,43200,5381418.9139221795,0,4483739.433396179,897679.480526001,0,27,0.7341466407134953,38,9.765855984132136,11.317092147270682,7858.472907715733,3503.155069791037,2.2432557940361146,2.01788203009734,310.8251481585245,0.0,0.0,0.000819672131147541,1.0288325828514824,3.085432639649507,0.6865186789388197,2322.850030558048,913,0.7467000484466553
paper,200,3000000.0,5,7,exclude,launch,0,0.0,prior,0.0,rr_sweep,12600.0,43200,4188163.6904132017,0,2283538.2923113224,1904625.39810188,0,0,0.0,0,9.155887935578711,9.866773775287804,8404.213539551529,4009.154054938268,2.0962560740712006,2.022376785613875,313.5762875286475,0.0,0.0,0.0,2.959447251127488,13.350877192982455,0.5255047821466525,4400.350945124027,114,0.23203587532043457
paper,200,3000000.0,10,6,exclude,launch,0,0.0,prior,0.0,rr_sweep,12600.0,43200,3190592.785054253,0,1974905.7438138057,1215687.0412404472,0,2,0.11669928403003668,4,9.565347295314297,9.943759470257344,8030.189446355909,3985.9845337056804,2.0146062731684564,2.018383871461615,311.1317128959439,0.0,0.0,0.0,1.4694780468216955,4.597374179431072,0.6553581044695745,3146.021956971354,457,0.40365123748779297
paper,200,3000000.0,12,5,exclude,launch,0,0.0,prior,0.0,rr_sweep,12600.0,43200,3561109.065737538,0,2749991.8993908498,811117.166346688,0,12,0.452520033246616,16,9.663321305923791,9.928972090376616,7945.393769630588,3986.7096408411116,1.9929702650615604,2.0210222308257615,312.74591875212457,0.0,0.0,0.0,1.1995041894095788,3.685543964232489,0.7023743787962452,2662.629002977753,671,0.6186766624450684
paper,200,3000000.0,15,3,exclude,launch,0,0.0,prior,0.0,rr_sweep,12600.0,43200,7186853.646569245,0,6343126.923373276,843726.7231959687,0,40,0.88507546173021,47,9.788625002340355,12.711567081475584,7839.418200296043,3126.7710541648285,2.5071929042754872,2.012773057651141,307.71277989121245,0.0,0.0,0.0,0.9841467739091702,3.7197265625,0.7312703583061889,1722.1772946443677,1024,1.0128023624420166
paper,200,3000000.0,6,7,exclude,launch,0,0.0,prior,0.0,rr_sweep,12600.0,43200,3426572.3462788225,0,1921123.2787994677,1505449.067479355,0,0,0.0,0,9.155887935578711,10.417587828862063,8404.213539551529,3802.2815188862246,2.210308073667653,2.019661318460032,311.9127613090951,0.0,0.0,0.0,2.455676256035806,10.993865030674847,0.5944355270197966,3674.2144060548103,163,0.27904176712036133
paper,200,3000000.0,15,4,exclude,launch,0,0.0,prior,0.0,rr_sweep,12600.0,43200,8066128.193034284,0,6968494.399743185,1097633.7932910984,0,42,0.8843961075847369,50,9.765855984132136,12.121974463141248,7858.472907715733,3275.6784719588863,2.399036711016479,2.0147230527720272,308.8988621480947,0.0,0.0,0.0,0.9804460043022916,3.2244897959183674,0.6817691477885652,1981.169422617437,1029,0.8367209434509277
paper,200,3000000.0,14,5,exclude,launch,0,0.0,prior,0.0,rr_sweep,12600.0,43200,5464215.040811725,0,4418231.25138413,1045983.7894275959,0,28,0.7250399328757101,39,9.663321305923791,10.246294891277175,7945.393769630588,3865.132506788227,2.0556588307584045,2.0200343237668346,312.14100649873916,0.0,0.0,0.0,1.080249468078363,3.0470723306544203,0.6751101321585903,2474.460753640359,871,0.6626937389373779
paper,200,3000000.0,13,5,exclude,launch,0,0.0,prior,0.0,rr_sweep,12600.0,43200,4355602.423448112,0,3538687.509802495,816914.9136456163,0,20,0.6419196355168955,24,9.663321305923791,10.153402340288809,7945.393769630588,3900.8446735208418,2.0368393090769237,2.0198528591929104,312.0299563211863,0.0,0.0,0.0,1.1409069647948982,3.5992167101827675,0.7077600440286186,2387.222348434616,766,0.6866958141326904
paper,200,3000000.0,7,7,exclude,launch,0,0.0,prior,0.0,rr_sweep,12600.0,43200,3068475.534169002,0,1761549.1210999042,1306926.413069098,0,0,0.0,0,9.155887935578711,10.060476830532368,8404.213539551529,3938.591109858714,2.1338121437675737,2.0189730669281456,311.49183333748516,0.0,0.0,0.0,2.046192870685408,8.524017467248909,0.6329930145083289,3384.1011800126325,229,0.31955480575561523
paper,200,3000000.0,4,8,exclude,launch,0,0.0,prior,0.0,rr_sweep,12600.0,43200,6660643.03814087,0,3748050.1659139865,2912592.8722268837,0,0,0.0,0,9.611476108142018,9.689734490985801,7990.04999508496,4074.179978201537,1.9611431104749584,2.0264593655800747,316.0856487561147,0.0,0.0,0.0,3.6536647238296314,12.513513513513514,0.3604320636725412,7143.976941195763,74,0.1440277099609375
paper,200,3000000.0,11,6,exclude,launch,0,0.0,prior,0.0,rr_sweep,12600.0,43200,3527294.836257328,0,2340723.10047567,1186571.7357816582,0,6,0.2435702629473257,9,9.565347295314297,10.194803814814671,8030.189446355909,3885.9205567970976,2.0664831740602163,2.019376028272311,311.7382461048695,0.0,0.0,0.0,1.297626375650495,3.813708260105448,0.6704422869471414,3044.460711187468,569,0.48017001152038574
paper,200,3000000.0,12,6,exclude,launch,0,0.0,prior,0.0,rr_sweep,12600.0,43200,4092900.154279666,0,3003827.6322443993,1089072.522035267,0,12,0.4190744989598908,16,9.565347295314297,10.060865331207529,8030.189446355909,3935.910273899891,2.040236917900877,2.0202702185340407,312.2853956482496,0.0,0.0,0.0,1.1920694041933826,3.3131462333825703,0.6762007555315704,2943.91740552512,677,0.5235884189605713
paper,200,3000000.0,5,8,exclude,launch,0,0.0,prior,0.0,rr_sweep,12600.0,43200,5379312.9012764115,0,2966592.589579524,2412720.311696888,0,0,0.0,0,9.611476108142018,10.326152268711372,7990.04999508496,3830.6110307401714,2.085842162246653,2.0224761421399613,313.63723837362545,0.0,0.0,0.0,2.8912289417546346,9.94017094017094,0.4435028248587571,5779.27956055477,117,0.18503284454345703
paper,200,3000000.0,15,5,exclude,launch,0,0.0,prior,0.0,rr_sweep,12600.0,43200,8280835.113462514,0,7179035.606367431,1101799.5070950838,0,44,0.8740221790343499,62,9.663321305923791,10.799560612802942,7945.393769630588,3668.5714344222124,2.165800478921834,2.0192352568422027,311.6521526370571,0.0,0.0,0.0,0.9848644907971735,2.8897560975609755,0.6694306246545052,2216.783889337427,1025,0.7236998081207275
paper,200,3000000.0,8,7,exclude,launch,0,0.0,prior,0.0,rr_sweep,12600.0,43200,2784020.3018893683,0,1608499.862135993,1175520.439753375,0,0,0.0,0,9.155887935578711,9.881094620909142,8404.213539551529,4011.70833506802,2.0949213745393163,2.018159925190763,310.99488997933804,0.0,0.0,0.0,1.8530563478025768,7.4206896551724135,0.6505894962486602,3074.5491048745266,290,0.3880596160888672
paper,200,3000000.0,13,6,exclude,launch,0,0.0,prior,0.0,rr_sweep,12600.0,43200,4918689.238184373,0,4049962.5012342744,868726.7369500981,0,23,0.6552992590920175,32,9.565347295314297,10.664926085645481,8030.189446355909,3717.0480687637355,2.1603673931036074,2.0180594673516064,310.9335237192711,0.0,0.0,0.0,1.1118350665946468,3.3367088607594937,0.6948051948051948,2498.5274921331616,790,0.5665905475616455
paper,200,3000000.0,6,8,exclude,launch,0,0.0,prior,0.0,rr_sweep,12600.0,43200,4726449.012392545,0,2616511.2284904085,2109937.7839021366,0,0,0.0,0,9.611476108142018,10.136435615926088,7990.04999508496,3905.474015778532,2.0458592126856576,2.020835526082335,312.63155139353944,0.0,0.0,0.0,2.35323386452466,7.69364161849711,0.49943246311010214,5008.122071232833,173,0.21553325653076172
paper,200,3000000.0,9,7,exclude,launch,0,0.0,prior,0.0,rr_sweep,12600.0,43200,2587764.923804679,0,1519921.8282547952,1067843.0955498836,0,0,0.0,0,9.155887935578711,10.009923594998506,8404.213539551529,3959.9927443819665,2.1222800348497026,2.0182029388180744,311.02116738532897,0.0,0.0,0.0,1.6106501887260203,6.064,0.662560257096947,2890.451306653198,375,0.4055619239807129
paper,200,3000000.0,7,8,exclude,launch,0,0.0,prior,0.0,rr_sweep,12600.0,43200,4124366.7161983056,0,2248257.897111516,1876108.8190867899,0,0,0.0,0,9.611476108142018,10.628185805707291,7990.04999508496,3727.540002112424,2.1435182427437236,2.0193357587835754,311.71361674046614,0.0,0.0,0.0,1.9626900676577521,6.4125,0.5691336775674125,4268.356223313237,240,0.2891573905944824
paper,200,3000000.0,10,7,exclude,launch,0,0.0,prior,0.0,rr_sweep,12600.0,43200,2458519.2655495815,0,1586395.8305004237,872123.4350491577,0,2,0.09455557995793092,3,9.155887935578711,10.487536145785809,8404.213539551529,3780.2436292710577,2.2231936255315135,2.017886459725162,310.82785346754684,0.0,0.0,0.0,1.4080099446112362,5.19496855345912,0.6874328678839957,2663.450288641759,477,0.459186315536499
paper,200,3000000.0,14,6,exclude,launch,0,0.0,prior,0.0,rr_sweep,12600.0,43200,6681120.924402992,0,5680741.319982627,1000379.6044203643,0,36,0.8149153779887339,45,9.565347295314297,11.359279684384155,8030.189446355909,3493.7047887217336,2.2984739501398948,2.0158257526065073,309.5705878975733,0.0,0.0,0.0,1.0340713810566642,3.2850877192982457,0.6879394267171444,2192.64581321545,912,0.6597106456756592
paper,200,3000000.0,8,8,exclude,launch,0,0.0,prior,0.0,rr_sweep,12600.0,43200,3473213.225404093,0,1956851.2310465672,1516361.994357526,0,0,0.0,0,9.611476108142018,11.243525348965955,7990.04999508496,3526.43626548717,2.265757663985783,2.0176760761086276,310.699378765156,0.0,0.0,0.0,1.7428317982018087,5.692556634304207,0.595224559408755,3774.7487389662356,309,0.30965590476989746
paper,200,3000000.0,4,9,exclude,launch,0,0.0,prior,0.0,rr_sweep,12600.0,43200,5232559.063982351,0,2810226.2426741174,2422332.8213082333,0,0,0.0,0,9.741250533764733,9.256103355093963,7879.164612665201,4261.260173050004,1.8490221889046679,2.0282605357002086,317.195918783544,0.0,0.020618556701030927,0.0,3.699359537363488,16.65753424657534,0.4394366197183099,5426.498755244483,73,0.17313146591186523
paper,200,3000000.0,9,8,exclude,launch,0,0.0,prior,0.0,rr_sweep,12600.0,43200,3522969.717438118,0,1968353.713569793,1554616.0038683251,0,0,0.0,0,9.611476108142018,10.486319134227193,7990.04999508496,3778.2557753278825,2.114745657840375,2.0191824436730093,311.61985604738607,0.0,0.0,0.0,1.4963480762560855,4.330864197530865,0.6191294387170676,3739.3273980464837,405,0.33965158462524414
paper,200,3000000.0,5,9,exclude,launch,0,0.0,prior,0.0,rr_sweep,12600.0,43200,4485370.579176509,0,2404055.071087098,2081315.5080894101,0,0,0.0,0,9.741250533764733,8.859600352519518,7879.164612665201,4459.227966852125,1.766934696148152,2.0249587471391286,315.16213000110366,0.0,0.006578947368421052,0.0,2.978006460671926,12.52212389380531,0.5121412803532008,4735.095932579755,113,0.2261359691619873
paper,200,3000000.0,12,7,exclude,launch,0,0.0,prior,0.0,rr_sweep,12600.0,43200,2671091.879082635,0,1844407.2098759445,826684.6692066904,0,4,0.2587340690207629,5,9.155887935578711,10.674846048691473,8404.213539551529,3712.2680506709844,2.2639026667356323,2.018780211020376,311.37393551001657,0.0,0.0,0.0,1.1834395388790449,3.9941176470588236,0.7141321869962386,2420.347140930606,680,0.5521855354309082
paper,200,3000000.0,11,7,exclude,launch,0,0.0,prior,0.0,rr_sweep,12600.0,43200,2528224.838819963,0,1817877.8219527681,710347.0168671948,0,4,0.25909462939789246,4,9.155887935578711,10.850062536552228,8404.213539551529,3655.109875631888,2.2993053083249997,2.0172387815748682,310.4324216219768,0.0,0.0,0.0,1.2979904218294847,4.9020979020979025,0.7224906065485776,2359.5513538124633,572,0.5606908798217773
paper,200,3000000.0,6,9,exclude,launch,0,0.0,prior,0.0,rr_sweep,12600.0,43200,3574923.2372005014,0,1977669.2770011225,1597253.9601993791,0,0,0.0,0,9.741250533764733,9.576933013252741,7879.164612665201,4131.240674706019,1.9072151039048062,2.0220087972284517,313.35059448370396,0.0,0.0,0.0,2.4651301815853377,10.463414634146341,0.580788450860633,3882.023428732437,164,0.2686431407928467
paper,200,3000000.0,15,6,exclude,launch,0,0.0,prior,0.0,rr_sweep,12600.0,43200,8580676.746037707,0,7452360.5333851995,1128316.2126525077,0,50,0.8985478425957116,61,9.565347295314297,11.9304519313456,8030.189446355909,3329.9258366735958,2.411522009864822,2.013717436665188,308.2869124197121,0.0,0.0,0.0,0.982246231930254,3.2473222979552094,0.6637837837837838,1957.64884866895,1027,0.7732210159301758
paper,200,3000000.0,10,8,exclude,launch,0,0.0,prior,0.0,rr_sweep,12600.0,43200,3177131.108042137,0,1918824.4103612201,1258306.697680917,0,1,0.08052202014531462,2,9.611476108142018,10.9601078592047,7990.04999508496,3617.248423545259,2.208875106027118,2.017886908967215,310.82812783404967,0.0,0.0,0.0,1.3878607566297207,4.1570247933884295,0.6615296803652968,3282.666675395027,484,0.4001593589782715
paper,200,3000000.0,7,9,exclude,launch,0,0.0,prior,0.0,rr_sweep,12600.0,43200,3441989.3547011567,0,1908810.2140453137,1533179.140655843,0,0,0.0,0,9.741250533764733,8.94283634170619,7879.164612665201,4424.632911645103,1.7807498994839062,2.0217965845699486,313.2204780716436,0.0,0.0,0.0,2.1103378309180343,7.959821428571429,0.6040044493882091,3743.33700367939,224,0.2881484031677246
paper,200,3000000.0,13,7,exclude,launch,0,0.0,prior,0.0,rr_sweep,12600.0,43200,2789814.254863198,0,2075870.350822153,713943.9040410448,0,8,0.38912433308728345,15,9.155887935578711,10.841432340909911,8404.213539551529,3656.8230456795854,2.2982281162007077,2.01789878072878,310.835378342741,0.0,0.0,0.0,1.1375631127542936,3.827272727272727,0.7244348762109796,2233.1571971971566,770,0.6171977519989014
paper,200,3000000.0,8,9,exclude,launch,0,0.0,prior,0.0,rr_sweep,12600.0,43200,3258814.2286778637,0,1806316.2396952652,1452497.9889825983,0,0,0.0,0,9.741250533764733,8.93782165873629,7879.164612665201,4426.575595769431,1.7799683846347232,2.0220431398114447,313.37165389069094,0.0,0.0024937655860349127,0.0,1.7829322558255742,6.177257525083612,0.6129213483146068,3547.3613696331404,299,0.312147855758667
paper,200,3000000.0,11,8,exclude,launch,0,0.0,prior,0.0,rr_sweep,12600.0,43200,3208329.071516819,0,2052074.0401843204,1156255.0313324982,0,4,0.18186594291715255,5,9.611476108142018,10.817435404274795,7990.04999508496,3665.4409823872834,2.179833213378075,2.0176203295201782,310.6653405158267,0.0,0.0,0.0,1.3061292431661506,3.84982332155477,0.6893203883495146,3026.145598876303,566,0.4461641311645508
paper,200,3000000.0,4,10,exclude,launch,0,0.0,prior,0.0,rr_sweep,12600.0,43200,6041839.841131663,0,3379027.192104992,2662812.6490266714,0,0,0.0,0,9.31057638717239,9.43528763020676,8259.045556358145,4182.4208813724335,1.9747045528445226,2.0272490652649497,316.57219262631395,0.0,0.010309278350515464,0.0,3.7004659780895017,14.32876712328767,0.3788285867813004,6451.041900077785,73,0.16402149200439453
paper,200,3000000.0,12,8,exclude,launch,0,0.0,prior,0.0,rr_sweep,12600.0,43200,3512744.9794511464,0,2539265.080960935,973479.8984902116,0,9,0.37633571977465746,12,9.611476108142018,11.330642908501204,7990.04999508496,3500.5163841342837,2.2825346658278782,2.016988023946671,310.27939225528644,0.0,0.0,0.0,1.1865790894998218,3.543318649045521,0.7018846373500857,2730.247432814805,681,0.5131700038909912
paper,200,3000000.0,9,9,exclude,launch,0,0.0,prior,0.0,rr_sweep,12600.0,43200,2995571.9503771076,0,1712254.9319256668,1283317.018451441,0,0,0.0,0,9.741250533764733,9.041613889473986,7879.164612665201,4374.385358142319,1.8012049619723638,2.0226791170609038,313.7617729417409,0.0,0.0,0.0,1.572369518564287,5.153645833333333,0.6461710452766909,3353.1061261134373,384,0.37715625762939453
paper,200,3000000.0,5,10,exclude,launch,0,0.0,prior,0.0,rr_sweep,12600.0,43200,5079089.962120617,0,2763548.3828734555,2315541.579247161,0,0,0.0,0,9.31057638717239,9.459887782988785,8259.045556358145,4178.06415968755,1.97676369741909,2.024085703939051,314.62545870370246,0.0,0.006493506493506494,0.0,2.9335136868911724,11.219298245614034,0.4712581344902386,5213.945302361927,114,0.2040398120880127
paper,200,3000000.0,13,8,exclude,launch,0,0.0,prior,0.0,rr_sweep,12600.0,43200,4232820.344528252,0,3325420.55807392,907399.7864543321,0,15,0.5544325070331426,22,9.611476108142018,11.835334461351364,7990.04999508496,3351.471986210874,2.384042005411,2.016851200461714,310.1959091641287,0.0,0.0,0.0,1.0733032867622951,3.084870848708487,0.7085714285714285,2627.157461662456,813,0.5656967163085938
paper,200,3000000.0,14,7,exclude,launch,0,0.0,prior,0.0,rr_sweep,12600.0,43200,3812657.2775919186,0,3072879.476742545,739777.8008493732,0,17,0.6107763441431012,21,9.155887935578711,11.111161550063429,8404.213539551529,3568.987822063395,2.354789077059016,2.0173695385557906,310.51223339436683,0.0,0.0,0.0,1.0686904785773719,3.550510783200908,0.7346938775510204,2090.2171484902997,881,0.7272241115570068
paper,200,3000000.0,10,9,exclude,launch,0,0.0,prior,0.0,rr_sweep,12600.0,43200,2757343.465599969,0,1625094.0926614346,1132249.3729385345,0,1,0.023890302338674,2,9.741250533764733,9.514833373166212,7879.164612665201,4159.427454257355,1.894290668442969,2.021413890752455,312.98590086662034,0.0,0.0,0.0016129032258064516,1.4493580537234498,4.67170626349892,0.6661036036036037,3030.854019289364,463,0.4035630226135254
paper,200,3000000.0,6,10,exclude,launch,0,0.0,prior,0.0,rr_sweep,12600.0,43200,4152633.142760061,0,2277185.1562267523,1875447.9865333086,0,0,0.0,0,9.31057638717239,9.861989806623118,8259.045556358145,4013.4749220660506,2.0578291173441707,2.021179496775164,312.8422693901933,0.0,0.0,0.0,2.473274985287038,9.439024390243903,0.5521172638436482,4329.182546447422,164,0.26505374908447266
paper,200,3000000.0,11,9,exclude,launch,0,0.0,prior,0.0,rr_sweep,12600.0,43200,3608087.4003671375,0,2450021.004171519,1158066.3961956184,0,7,0.3276102080218184,9,9.741250533764733,9.253556508579544,7879.164612665201,4275.065733083044,1.8430511025108833,2.022267064395204,313.5089852841564,0.0,0.001364256480218281,0.0,1.3470385571673489,4.025500910746812,0.6590145576707727,2989.1664410546277,549,0.4451019763946533
paper,200,3000000.0,4,11,exclude,launch,0,0.0,prior,0.0,rr_sweep,12600.0,43200,6758191.105782147,0,3665331.825862268,3092859.2799198786,0,0,0.0,0,8.802774966747505,10.142715748041775,8754.709960082677,3894.4949666904245,2.2479705417420286,2.0252777226791476,315.3583225866419,0.0,0.010416666666666666,0.0,3.750180516321326,13.555555555555555,0.3658669574700109,6800.163451444019,72,0.15611004829406738
paper,200,3000000.0,7,10,exclude,launch,0,0.0,prior,0.0,rr_sweep,12600.0,43200,3840272.5328052593,0,2146122.815548759,1694149.7172565006,0,0,0.0,0,9.31057638717239,9.474767851136928,8259.045556358145,4177.70827887084,1.976932089329707,2.021079041317099,312.7807225851138,0.0,0.003215434083601286,0.0,2.0248620303621006,7.07725321888412,0.5756918068366793,4018.558214467917,233,0.30663394927978516
paper,200,3000000.0,14,8,exclude,launch,0,0.0,prior,0.0,rr_sweep,12600.0,43200,5259473.359628234,0,4418628.040519586,840845.3191086473,0,26,0.7299298067663387,34,9.611476108142018,12.244038041646926,7990.04999508496,3241.124840543405,2.4652089592899955,2.0159026574984162,309.6174628537032,0.0,0.0,0.0,0.999270680994211,3.0425531914893615,0.7333715596330275,2301.2324486884713,940,0.6587867736816406
paper,200,3000000.0,12,9,exclude,launch,0,0.0,prior,0.0,rr_sweep,12600.0,43200,4621013.087096815,0,3338407.016641661,1282606.0704551535,0,15,0.49655105315587633,21,9.741250533764733,9.3614673458081,7879.164612665201,4223.610323387316,1.8655046297798956,2.0233090194689733,314.14840479796555,0.0,0.001148105625717566,0.0,1.2320389517715822,3.287461773700306,0.6494671901289961,3046.1152405672074,654,0.46816349029541016
paper,200,3000000.0,8,10,exclude,launch,0,0.0,prior,0.0,rr_sweep,12600.0,43200,3458774.281929026,0,1944618.9828239135,1514155.2991051124,0,0,0.0,0,9.31057638717239,9.922693454005707,8259.045556358145,3992.1223134423935,2.0688357990806145,2.019559129905846,311.85024581230977,0.0,0.002506265664160401,0.0,1.805536028003342,6.046979865771812,0.6136986301369863,3680.7650323495404,298,0.3296515941619873
paper,200,3000000.0,5,11,exclude,launch,0,0.0,prior,0.0,rr_sweep,12600.0,43200,5343897.9665034,0,2918003.384567524,2425894.5819358765,0,0,0.0,0,8.802774966747505,9.964827686936689,8754.709960082677,3969.661273354963,2.2054047832357306,2.0223985408996117,313.5896329300964,0.0,0.0064516129032258064,0.0,2.921522707536421,10.652173913043478,0.45068119891008174,5400.057796541524,115,0.20661664009094238
paper,200,3000000.0,9,10,exclude,launch,0,0.0,prior,0.0,rr_sweep,12600.0,43200,3275528.2618974233,0,1861802.8417592149,1413725.4201382084,0,0,0.0,0,9.31057638717239,9.504415061768032,8259.045556358145,4164.912590597252,1.9830057358235675,2.020964579282955,312.71060164512653,0.0,0.0,0.0,1.5681388181821898,4.872727272727273,0.6213538800220143,3537.665589973238,385,0.35866832733154297
paper,200,3000000.0,15,8,exclude,launch,0,0.0,prior,0.0,rr_sweep,12600.0,43200,6292557.396198454,0,5504205.630163266,788351.7660351883,0,36,0.8220268763768269,45,9.611476108142018,12.929241493022406,7990.04999508496,3072.6973765446105,2.6003374286309113,2.013711035424763,308.28301900258356,0.0,0.0,0.0007137758743754461,0.9590866533744306,3.044761904761905,0.7360872059667241,2052.363681353858,1050,0.6773226261138916
paper,200,3000000.0,10,10,exclude,launch,0,0.0,prior,0.0,rr_sweep,12600.0,43200,3418631.748267758,0,2071938.6171115702,1346693.1311561882,0,3,0.1006860740771894,4,9.31057638717239,9.65511937391967,8259.045556358145,4098.946408080184,2.0149191363120114,2.021436480970263,312.99974539707443,0.0,0.0,0.0,1.3904501956047923,4.010309278350515,0.6440677966101694,3394.471666146525,485,0.39618992805480957
paper,200,3000000.0,6,11,exclude,launch,0,0.0,prior,0.0,rr_sweep,12600.0,43200,4350758.086744997,0,2392345.3713090653,1958412.715435932,0,0,0.0,0,8.802774966747505,11.469232460505193,8754.709960082677,3454.265314408918,2.534463674102796,2.0192957912941973,311.6891730450192,0.0,0.0,0.0,2.360446893972754,8.7,0.5353645266594124,4480.91736423045,170,0.260028600692749
paper,200,3000000.0,13,9,exclude,launch,0,0.0,prior,0.0,rr_sweep,12600.0,43200,6367370.404970272,0,5129012.815714042,1238357.5892562305,0,31,0.7716375289268262,39,9.741250533764733,9.917784908251836,7879.164612665201,3992.2488404991955,1.9736156055041854,2.0204946194421862,312.42278049313575,0.0,0.0,0.0,1.1432074440252291,3.450391644908616,0.643658810325477,2489.1774704879085,766,0.5787353515625
paper,200,3000000.0,7,11,exclude,launch,0,0.0,prior,0.0,rr_sweep,12600.0,43200,3911384.3916734937,0,2185940.4682997526,1725443.9233737409,0,0,0.0,0,8.802774966747505,10.948627372387596,8754.709960082677,3620.8539287454864,2.417857812650264,2.017991380169943,310.89193503009176,0.0,0.0,0.0,2.071356097240797,7.135964912280702,0.5707236842105263,4067.845471795685,228,0.28519201278686523
paper,200,3000000.0,4,12,exclude,launch,0,0.0,prior,0.0,rr_sweep,12600.0,43200,5492515.587683731,0,3021043.3207079764,2471472.2669757544,0,0,0.0,0,8.978508258459357,8.938749532573555,8576.832776345937,4415.256532177065,1.942544609546592,2.0270164675454745,316.42884738287535,0.0,0.02040816326530612,0.0,3.726600731883215,16.62162162162162,0.43743199129488575,5491.502870532988,74,0.1875896453857422
paper,200,3000000.0,11,10,exclude,launch,0,0.0,prior,0.0,rr_sweep,12600.0,43200,3809274.9739085585,0,2652565.3421642617,1156709.6317442968,0,7,0.3230234613587837,9,9.31057638717239,10.051737963218024,8259.045556358145,3938.4483531697924,2.0970303062907996,2.020801584493411,312.61076247127767,0.0,0.0,0.0,1.27257706446361,3.7084048027444254,0.6830870279146142,3043.8390401849497,583,0.4577319622039795
paper,200,3000000.0,5,12,exclude,launch,0,0.0,prior,0.0,rr_sweep,12600.0,43200,4627698.56114122,0,2543299.957911102,2084398.603230118,0,0,0.0,0,8.978508258459357,8.313539092992187,8576.832776345937,4753.265802272124,1.8044084074250795,2.024472785283744,314.86334633610966,0.0,0.006535947712418301,0.0,2.972421867787561,12.47787610619469,0.5098684210526315,4744.486165216748,113,0.22660350799560547
paper,200,3000000.0,12,10,exclude,launch,0,0.0,prior,0.0,rr_sweep,12600.0,43200,4269059.990320339,0,3169623.2340916726,1099436.7562286658,0,11,0.4537661933857691,15,9.31057638717239,10.287388229648457,8259.045556358145,3848.2921132225165,2.1461586889364574,2.020769724337531,312.59124903723546,0.0,0.0,0.0,1.1831207905750951,3.3715124816446402,0.6942919868276619,2869.1974584738373,681,0.5047500133514404
paper,200,3000000.0,8,11,exclude,launch,0,0.0,prior,0.0,rr_sweep,12600.0,43200,3370933.157616116,0,1914542.1790403822,1456390.978575734,0,0,0.0,0,8.802774966747505,11.932086878906777,8754.709960082677,3324.6570736238305,2.633267060695726,2.016632324068874,310.06238470250395,0.0,0.0,0.0,1.7587548237861959,6.0588235294117645,0.6241794310722101,3583.3732450033503,306,0.3532145023345947
paper,200,3000000.0,8,12,exclude,launch,0,0.0,prior,0.0,rr_sweep,12600.0,43200,3118024.8186976523,0,1765931.9845196044,1352092.8341780482,0,0,0.0,0,8.978508258459357,9.07386099737245,8576.832776345937,4363.850754192621,1.9654276141560623,2.020356344977416,312.33812122070134,0.0,0.0,0.0,1.8226597118068282,6.877966101694915,0.6552675124103695,3278.61460961592,295,0.20008182525634766
paper,200,3000000.0,14,9,exclude,launch,0,0.0,prior,0.0,rr_sweep,12600.0,43200,7642252.097801976,0,6462470.752693822,1179781.3451081545,0,42,0.8622383887837346,51,9.741250533764733,10.557066443734593,7879.164612665201,3755.2007911526907,2.0982006158575146,2.017964715880912,310.87564883355185,0.0,0.0,0.0,1.0731500495469504,3.4994298745724057,0.6647919010123734,2143.0450637318286,877,0.7002725601196289
paper,200,3000000.0,9,11,exclude,launch,0,0.0,prior,0.0,rr_sweep,12600.0,43200,3476621.425024061,0,1910416.945563917,1566204.4794601437,0,0,0.0,1,8.802774966747505,10.575984965632026,8754.709960082677,3748.0424920756172,2.3358086197241676,2.018202112035035,311.0206622857818,0.0,0.0,0.0,1.5366395831886244,4.730964467005077,0.6297312122874383,3551.9012795301946,394,0.37624406814575195
ring,200,1500000.0,5,1,exclude,launch,0,0.0,prior,0.0,rr_sweep,12600.0,43200,10385939.819783077,0,8625039.820321985,1760899.999461091,0,13,0.19050635268689986,15,4.790641138341366,2.739721028267465,8016.279765394607,6884.8693526898205,1.1643328805161366,2.120596033490057,376.7206410820944,0.0,0.0,0.007017543859649123,1.5771504826291516,2.2616822429906542,0.2637889688249401,13657.707451323051,214,0.05706071853637695
paper,200,3000000.0,6,12,exclude,launch,0,0.0,prior,0.0,rr_sweep,12600.0,43200,3434182.736798021,0,1962209.583616023,1471973.1531819978,0,0,0.0,0,8.978508258459357,10.057485121990375,8576.832776345937,3937.0279976578736,2.1785043899734187,2.0203754606954814,312.34982423685483,0.0,0.0045045045045045045,0.0,2.4557385827996727,11.089820359281438,0.6209366391184573,3606.7209814358584,167,0.303178071975708
ring,200,1500000.0,6,1,exclude,launch,0,0.0,prior,0.0,rr_sweep,12600.0,43200,26155370.33204112,0,24303010.455746595,1852359.8762945214,0,149,0.9671703240516764,177,4.790641138341366,2.9178340679032635,8016.279765394607,6375.597681170784,1.2573377691426941,2.1501982132090136,396.8867789007622,0.0,0.0,0.007556675062972292,1.3529832512758708,1.1313131313131313,0.15942028985507245,19599.03565997149,297,0.10208678245544434
paper,200,3000000.0,10,11,exclude,launch,0,0.0,prior,0.0,rr_sweep,12600.0,43200,3399431.532090202,0,2149767.073481742,1249664.4586084604,0,2,0.14042396595134807,3,8.802774966747505,10.838323586430802,8754.709960082677,3659.4749134977615,2.3923404769879513,2.01701486833936,310.2957727269976,0.0,0.0,0.0,1.414076853788513,4.26890756302521,0.662451896646509,3256.747011762598,476,0.4342935085296631
paper,200,3000000.0,13,10,exclude,launch,0,0.0,prior,0.0,rr_sweep,12600.0,43200,5002863.898677166,0,4127259.303227465,875604.5954497004,0,21,0.6607790156330765,24,9.31057638717239,11.130245430813321,8259.045556358145,3562.368250138204,2.318414317789221,2.017652800519154,310.68516672134325,0.0,0.0,0.0,1.1098144928532316,3.431472081218274,0.7230432402846196,2435.355809980378,788,0.6408412456512451
paper,200,3000000.0,15,9,exclude,launch,0,0.0,prior,0.0,rr_sweep,12600.0,43200,9338540.430290632,0,8001675.22512197,1336865.2051686628,0,56,0.9136214476293776,72,9.741250533764733,11.004464603076228,7879.164612665201,3604.313801761328,2.1860373557970654,2.0169655214424864,310.2656615408364,0.0,0.0,0.0007380073800738007,0.9929624193425858,3.16125860373648,0.624225352112676,2045.3497581148279,1017,0.7848591804504395
paper,200,3000000.0,11,11,exclude,launch,0,0.0,prior,0.0,rr_sweep,12600.0,43200,3602253.8429207494,0,2360918.548369757,1241335.2945509923,0,5,0.21029980405808735,8,8.802774966747505,10.679671013759082,8754.709960082677,3712.471441451511,2.35818917347947,2.01775759641562,310.74915751850995,0.0,0.0,0.0,1.2913430904413168,3.6045296167247387,0.6588041689522764,3187.360522558923,574,0.4422643184661865
paper,200,3000000.0,7,12,exclude,launch,0,0.0,prior,0.0,rr_sweep,12600.0,43200,3113488.311825764,0,1811007.6520061155,1302480.6598196484,0,0,0.0,0,8.978508258459357,9.899742840775117,8576.832776345937,4001.369053770846,2.143474561103836,2.0195632750056407,311.8527815220683,0.0,0.0,0.0,2.0662140278561747,8.692982456140351,0.6387665198237885,3363.6651037994843,228,0.3546793460845947
ring,200,1500000.0,4,1,exclude,launch,0,0.0,prior,0.0,rr_sweep,12600.0,43200,4731097.300442927,0,3596592.197459325,1134505.1029836019,0,0,0.0,0,4.790641138341366,2.7672000339656173,8016.279765394607,6943.558915715448,1.154491502513395,2.0817918892422957,351.08210748912455,0.0,0.0106951871657754,0.0,1.9264672941042031,7.460431654676259,0.5656324582338902,6299.537991875906,139,0.16059303283691406
ring,200,1500000.0,2,1,exclude,launch,0,0.0,prior,0.0,rr_sweep,12600.0,43200,3856256.2485189396,0,2905583.984870919,950672.2636480206,0,0,0.0,0,4.790641138341366,2.790617449095018,8016.279765394607,6937.125055487985,1.155562239584091,2.0662371337843073,341.05848763817244,0.0,0.041666666666666664,0.0,3.7878636369418497,36.25,0.6650943396226415,5115.249730246199,36,0.1795942783355713
paper,200,3000000.0,14,10,exclude,launch,0,0.0,prior,0.0,rr_sweep,12600.0,43200,5831409.732473121,0,4940105.400704318,891304.3317688036,0,27,0.7286578058708327,36,9.31057638717239,10.606447174372642,8259.045556358145,3736.8807788026816,2.2101442473646142,2.0184166095396687,311.1517171758822,0.0,0.0,0.0,1.0868303043407224,3.1466512702078524,0.7387486278814489,2406.593459214786,866,0.6383371353149414
ring,200,1500000.0,3,2,exclude,launch,0,0.0,prior,0.0,rr_sweep,12600.0,43200,3031281.2994287936,0,2376568.409208817,654712.890219977,0,0,0.0,0,4.800997103893391,2.8038598943174473,7998.26927637493,6917.155656663828,1.156294533963477,2.062415357701811,338.61791768419994,0.0,0.01904761904761905,0.0,2.5753545279497487,19.71794871794872,0.7985074626865671,4262.218908805913,78,0.11403059959411621
ring,200,1500000.0,3,1,exclude,launch,0,0.0,prior,0.0,rr_sweep,12600.0,43200,3246703.5828974852,0,2498881.3429031223,747822.2399943632,0,0,0.0,0,4.790641138341366,2.799712826348206,8016.279765394607,6927.4278228613075,1.1571798321651166,2.0624075736370955,338.612955756438,0.0,0.009523809523809525,0.0,2.570401204042965,19.025641025641026,0.747016706443914,4400.730102556998,78,0.20959901809692383
ring,200,1500000.0,5,2,exclude,launch,0,0.0,prior,0.0,rr_sweep,12600.0,43200,10052581.536917506,0,8602050.53401579,1450531.0029017169,0,8,0.12218756444557839,11,4.800997103893391,2.7165071694205216,7998.26927637493,6938.241416864707,1.1527804807906545,2.1222655710010043,377.8440035562631,0.0,0.0,0.0,1.5792546641689282,2.0704225352112675,0.2817955112219451,14900.389314724189,213,0.10350751876831055
ring,200,1500000.0,6,2,exclude,launch,0,0.0,prior,0.0,rr_sweep,12600.0,43200,25245942.12433864,0,23616257.932258006,1629684.1920806356,0,152,0.9688165921644366,179,4.800997103893391,2.927421610188863,7998.26927637493,6364.093884264667,1.2567805286705134,2.1470301298563976,394.7034356395155,0.0,0.0,0.0125,1.3489669120104195,1.14,0.16708229426433915,19197.29496494231,300,0.10901165008544922
ring,200,1500000.0,2,2,exclude,launch,0,0.0,prior,0.0,rr_sweep,12600.0,43200,3460534.7453706716,0,2715294.174770918,745240.5705997538,0,0,0.0,0,4.800997103893391,2.848999855707503,7998.26927637493,6796.187664218519,1.17687587093648,2.065866253960945,340.82126139982125,0.0,0.041666666666666664,0.0,3.771375680152544,37.888888888888886,0.7382716049382716,4883.184960233684,36,0.20056962966918945
paper,200,3000000.0,12,11,exclude,launch,0,0.0,prior,0.0,rr_sweep,12600.0,43200,4079590.8829903654,0,3093748.415382699,985842.4676076662,0,12,0.4516746201005082,16,8.802774966747505,11.413745724329857,8754.709960082677,3475.93171101521,2.518665695398746,2.016464396272397,309.95996066682267,0.0,0.0,0.0,1.1708557287360943,3.425253991291727,0.7059471365638766,2791.072000410597,689,0.515336275100708
ring,200,1500000.0,4,2,exclude,launch,0,0.0,prior,0.0,rr_sweep,12600.0,43200,4018550.933761635,0,3166421.930987994,852129.0027736407,0,0,0.0,0,4.800997103893391,2.803474932743195,7998.26927637493,6869.98309559966,1.1642342004448243,2.07686202630234,347.8895471075945,0.0,0.005434782608695652,0.0,1.9516661641192525,8.379562043795621,0.6532663316582915,5709.519701812156,137,0.15902209281921387
ring,200,1500000.0,5,3,exclude,launch,0,0.0,prior,0.0,rr_sweep,12600.0,43200,10987478.496431382,0,9266466.37465909,1721012.1217722942,0,13,0.1754207675659395,15,4.839334046393169,2.713879149931093,7932.266771253912,6945.655652318146,1.142047226111257,2.1220530586549424,377.70091993107343,0.0,0.0,0.0,1.57736845374894,2.042056074766355,0.2240566037735849,15105.654657903186,214,0.10601544380187988
paper,200,3000000.0,9,12,exclude,launch,0,0.0,prior,0.0,rr_sweep,12600.0,43200,2836815.318888852,0,1694240.7232061264,1142574.5956827253,0,0,0.0,1,8.978508258459357,9.221862273009304,8576.832776345937,4293.558191560195,1.9976048754166955,2.0204774223098037,312.41225083321825,0.0,0.003992015968063872,0.0,1.6204321843932004,5.74331550802139,0.667591564927858,3083.1593520717806,374,0.4036703109741211
ring,200,1500000.0,6,3,exclude,launch,0,0.0,prior,0.0,rr_sweep,12600.0,43200,25347651.281408727,0,23556453.027325176,1791198.2540835505,0,147,0.9601874687939023,176,4.839334046393169,2.9232113997562212,7932.266771253912,6358.805921469371,1.247445962216276,2.1519104655343337,398.0693161822576,0.0,0.0,0.007518796992481203,1.3474136019170264,1.080536912751678,0.16784869976359337,20316.670465394778,298,0.11051535606384277
ring,200,1500000.0,4,4,exclude,launch,0,0.0,prior,0.0,rr_sweep,12600.0,43200,3874064.923126141,0,2979615.866690053,894449.056436088,0,0,0.0,0,4.846178161612115,2.803475155086459,7920.593506759091,6875.101562964526,1.1520693089723246,2.0753156517507145,346.8911252700193,0.0,0.010752688172043012,0.0,1.9438197453097423,8.70503597122302,0.6602870813397129,5494.528851932558,139,0.10651469230651855
paper,200,3000000.0,12,12,exclude,launch,0,0.0,prior,0.0,rr_sweep,12600.0,43200,3710712.5637068795,0,2724319.87232568,986392.691381199,0,8,0.3863854450832239,16,8.978508258459357,9.57742373221883,8576.832776345937,4130.759288651656,2.076333230045353,2.0221408221046815,313.4315580638501,0.0,0.0,0.0,1.2201848297850904,3.6081694402420577,0.7065337763012182,2742.3951084004307,661,0.3781306743621826
ring,200,1500000.0,4,3,exclude,launch,0,0.0,prior,0.0,rr_sweep,12600.0,43200,4674231.982104271,0,3612579.567298976,1061652.4148052952,0,0,0.0,0,4.839334046393169,2.766866595304724,7932.266771253912,6947.0696116565305,1.141814781579893,2.080990610058355,350.5622097103003,0.0,0.0,0.0,1.9309062799768701,7.424460431654676,0.5727699530516432,6437.362804276555,139,0.16251778602600098
ring,200,1500000.0,5,4,exclude,launch,0,0.0,prior,0.0,rr_sweep,12600.0,43200,9682009.812165802,0,8052067.409298971,1629942.402866831,0,9,0.130575614205167,10,4.846178161612115,2.736008878358409,7920.593506759091,6892.470657025901,1.1491660829466372,2.121131351420561,377.0806521414281,0.0,0.0035211267605633804,0.0,1.5775517938138708,2.2018779342723005,0.2946859903381642,14015.524793675426,213,0.10651516914367676
ring,200,1500000.0,6,4,exclude,launch,0,0.0,prior,0.0,rr_sweep,12600.0,43200,24080830.404918186,0,22367523.631028276,1713306.7738899083,0,145,0.9582184993762749,173,4.846178161612115,2.926135396803758,7920.593506759091,6359.307535248191,1.2455119465220148,2.149590557393734,396.4675348946509,0.0,0.0,0.007537688442211055,1.3506482540955393,1.1481481481481481,0.18795180722891566,19216.27554667677,297,0.10352063179016113
ring,200,1500000.0,2,3,exclude,launch,0,0.0,prior,0.0,rr_sweep,12600.0,43200,3932554.635481205,0,2987022.574469774,945532.0610114307,0,0,0.0,0,4.839334046393169,2.8139596074845596,7932.266771253912,6879.882244179185,1.1529654854143923,2.0661465730815323,341.00055458804866,0.0,0.0625,0.0,3.784946960561241,35.27777777777778,0.6728971962616822,5220.43821703461,36,0.17402362823486328
paper,200,3000000.0,13,11,exclude,launch,0,0.0,prior,0.0,rr_sweep,12600.0,43200,4985337.8883801205,0,4177628.1722558625,807709.7161242577,0,21,0.6401216098016773,27,8.802774966747505,11.73454204672894,8754.709960082677,3384.1039772180197,2.5870097429097574,2.0145597059266214,308.7994190669739,0.0,0.0,0.0,1.1293695780264907,3.317769130998703,0.7269230769230769,2578.283083210037,771,0.5983626842498779
paper,200,3000000.0,10,12,exclude,launch,0,0.0,prior,0.0,rr_sweep,12600.0,43200,3150537.0258151214,0,2095270.406427893,1055266.619387228,0,3,0.19920340690593027,3,8.978508258459357,9.554717533442636,8576.832776345937,4143.706450597474,2.0698456511342056,2.0206130477482906,312.4952979702163,0.0,0.0,0.0,1.4175641315793854,4.894736842105263,0.6876391982182628,2843.3989994582544,475,0.468780517578125
ring,200,1500000.0,5,6,exclude,launch,0,0.0,prior,0.0,rr_sweep,12600.0,43200,10740859.742736934,0,9100758.711729843,1640101.0310070887,0,13,0.17366985610960947,14,4.807696645954622,2.724384407143726,7986.659159050209,6917.123394838555,1.154621466635932,2.1225898454884264,378.06238835811865,0.0,0.0035211267605633804,0.0,1.5787430793038997,2.0707547169811322,0.24113475177304963,14916.545359081854,212,0.05812859535217285
ring,200,1500000.0,6,5,exclude,launch,0,0.0,prior,0.0,rr_sweep,12600.0,43200,24897974.691050805,0,23379464.38706605,1518510.3039847552,0,150,0.9643300495572444,183,4.7908619966838,2.9126316882804457,8015.8948489202385,6375.091483728698,1.257377226566772,2.1542098126600586,399.6600874922303,0.0,0.0,0.005025125628140704,1.3523723832972734,1.0201342281879195,0.1462140992167102,21597.843831361777,298,0.10162878036499023
ring,200,1500000.0,3,3,exclude,launch,0,0.0,prior,0.0,rr_sweep,12600.0,43200,3357892.611978449,0,2557702.7907678867,800189.8212105621,0,0,0.0,0,4.839334046393169,2.8154882316972905,7932.266771253912,6892.066963161646,1.1509271186208976,2.0613739645318887,337.95440777584145,0.0,0.02857142857142857,0.0,2.5819594761664746,18.602564102564102,0.7587822014051522,4533.668790919089,78,0.21264362335205078
ring,200,1500000.0,5,5,exclude,launch,0,0.0,prior,0.0,rr_sweep,12600.0,43200,9350894.653220434,0,7928702.389522158,1422192.2636982752,0,10,0.13074302678733196,11,4.7908619966838,2.7520666075204936,8015.8948489202385,6852.786024972615,1.1697278770574586,2.1209668424086052,376.96999853385546,0.0,0.0,0.0,1.5686789152910954,2.2616822429906542,0.25392670157068065,13498.747709307314,214,0.10712814331054688
ring,200,1500000.0,2,4,exclude,launch,0,0.0,prior,0.0,rr_sweep,12600.0,43200,3401826.334586984,0,2562872.414547537,838953.9200394474,0,0,0.0,0,4.846178161612115,2.843452448396844,7920.593506759091,6818.48798615772,1.1616348848657894,2.0631269009859543,339.07164227999976,0.0,0.041666666666666664,0.0,3.8025093784873225,39.72222222222222,0.7388235294117647,4704.245410669626,36,0.19464397430419922
paper,200,3000000.0,11,12,exclude,launch,0,0.0,prior,0.0,rr_sweep,12600.0,43200,2975230.990798277,0,2064584.4652777498,910646.525520527,0,3,0.20394730324540827,5,8.978508258459357,9.413044747170144,8576.832776345937,4201.817266232967,2.0412198420126155,2.022659145178902,313.74951816541295,0.0,0.0,0.0,1.2913817561972887,4.106271777003484,0.6955074875207987,2790.3426874527727,574,0.48777222633361816
ring,200,1500000.0,4,6,exclude,launch,0,0.0,prior,0.0,rr_sweep,12600.0,43200,5030664.350606403,0,3849821.4618589478,1180842.8887474556,0,0,0.0,0,4.807696645954622,2.7555378904482413,7986.659159050209,6971.336454399676,1.1456424763446547,2.082272486303012,351.3941203825511,0.0,0.005376344086021506,0.0,1.9340113866658775,7.0144927536231885,0.49765258215962443,6760.96650797004,138,0.08912920951843262
ring,200,1500000.0,2,5,exclude,launch,0,0.0,prior,0.0,rr_sweep,12600.0,43200,3647890.8657708014,0,2817868.217026942,830022.6487438598,0,0,0.0,0,4.7908619966838,2.8285473383652815,8015.8948489202385,6847.936568778591,1.1705562352120278,2.0650796687655752,340.3184102453361,0.0,0.041666666666666664,0.0,3.7802857650751758,36.0,0.6822916666666666,5106.68529651602,36,0.17613649368286133
ring,200,1500000.0,6,6,exclude,launch,0,0.0,prior,0.0,rr_sweep,12600.0,43200,24964850.862181313,0,23250413.698797148,1714437.1633841658,0,148,0.9585343486662593,181,4.807696645954622,2.915036281468848,7986.659159050209,6376.981899778557,1.2524199197315502,2.1517947448139605,397.98934025431714,0.0,0.0,0.005012531328320802,1.3497159575083004,1.0833333333333333,0.1623529411764706,20335.796206047602,300,0.09912919998168945
ring,200,1500000.0,3,4,exclude,launch,0,0.0,prior,0.0,rr_sweep,12600.0,43200,2786514.503182696,0,2169838.430967261,616676.0722154351,0,0,0.0,0,4.846178161612115,2.8425760750851263,7920.593506759091,6833.354158524902,1.1591077124076485,2.059273188288904,336.6179062283221,0.0,0.01904761904761905,0.0,2.57318548182467,21.08974358974359,0.8144578313253013,3958.617461939948,78,0.2386472225189209
ring,200,1500000.0,4,5,exclude,launch,0,0.0,prior,0.0,rr_sweep,12600.0,43200,4014996.633583044,0,3140698.18104285,874298.4525401943,0,0,0.0,0,4.7908619966838,2.8085477053192407,8015.8948489202385,6860.0950830452275,1.1684815956460397,2.0760989606512465,347.3966919344077,0.0,0.005434782608695652,0.0,1.95056666906433,8.367647058823529,0.6057441253263708,5671.814460771698,136,0.17113971710205078
ring,200,1500000.0,2,6,exclude,launch,0,0.0,prior,0.0,rr_sweep,12600.0,43200,4229011.04475754,0,3165286.2068954324,1063724.8378621072,0,0,0.0,0,4.807696645954622,2.795424410266246,7986.659159050209,6922.380022292804,1.1537446851126354,2.0670776952988907,341.59644234131787,0.0,0.041666666666666664,0.0,3.7735199057871385,33.52777777777778,0.6267605633802817,5457.377689476298,36,0.15714097023010254
paper,200,3000000.0,14,11,exclude,launch,0,0.0,prior,0.0,rr_sweep,12600.0,43200,5920549.813764728,0,5043170.840516691,877378.9732480362,0,30,0.7686101680519489,39,8.802774966747505,12.27752567056289,8754.709960082677,3236.4681610161197,2.7050196462720812,2.0132967717787054,308.0311043091439,0.0,0.0,0.0,1.053555825233989,3.3325867861142218,0.7189901207464325,2202.5347874832787,893,0.7135026454925537
ring,200,1500000.0,2,8,exclude,launch,0,0.0,prior,0.0,rr_sweep,12600.0,43200,3607632.826616655,0,2753114.017665899,854518.808950756,0,0,0.0,0,4.796976710386977,2.8300515039008007,8005.252074719057,6843.115453665755,1.1698256633140338,2.0654362015991747,340.5462899034231,0.0,0.041666666666666664,0.0,3.7826638165534603,34.861111111111114,0.6760204081632653,5312.076650227105,36,0.10052037239074707
ring,200,1500000.0,5,7,exclude,launch,0,0.0,prior,0.0,rr_sweep,12600.0,43200,9305772.73854181,0,7893365.2388761705,1412407.4996656394,0,8,0.10537079287925533,10,4.836229285138715,2.731588620513059,7937.573119120503,6897.693971362711,1.150757507084988,2.122954930187678,378.3083325698437,0.0,0.0,0.0035211267605633804,1.5779746640982497,2.2216981132075473,0.27901234567901234,13924.747828407988,212,0.12201976776123047
ring,200,1500000.0,6,7,exclude,launch,0,0.0,prior,0.0,rr_sweep,12600.0,43200,23916819.228466935,0,22422277.012147117,1494542.2163198174,0,151,0.967427388106903,174,4.836229285138715,2.9361010372932386,7937.573119120503,6361.887221529673,1.2476758613793797,2.141425790500879,390.85585056616674,0.0,0.0,0.017632241813602016,1.3503426532986642,1.2315436241610738,0.17530864197530865,17940.50596209504,298,0.1215205192565918
ring,200,1500000.0,6,8,exclude,launch,0,0.0,prior,0.0,rr_sweep,12600.0,43200,22978167.14577062,0,21508439.38153144,1469727.7642391804,0,144,0.9555230193199351,176,4.796976710386977,2.9231022592930245,8005.252074719057,6366.0047362487985,1.2575001757595603,2.149557294457895,396.44459197240695,0.0,0.0,0.005037783375314861,1.3522949830189386,1.1587837837837838,0.19023136246786632,19173.946270776607,296,0.10952115058898926
ring,200,1500000.0,3,5,exclude,launch,0,0.0,prior,0.0,rr_sweep,12600.0,43200,3027772.6703028083,0,2427846.012807623,599926.6574951856,0,0,0.0,0,4.7908619966838,2.813134925599503,8015.8948489202385,6897.630083944754,1.1621230410106234,2.061434447531664,337.99292592205467,0.0,0.01904761904761905,0.0,2.5775023348612223,19.03846153846154,0.7578125,4447.5142412273135,78,0.23615360260009766
ring,200,1500000.0,5,8,exclude,launch,0,0.0,prior,0.0,rr_sweep,12600.0,43200,9168839.041763388,0,7821651.504029132,1347187.537734256,0,13,0.14797788906938364,14,4.796976710386977,2.738154176890226,8005.252074719057,6881.488657617251,1.1633023714800272,2.1228518895674156,378.2389097715347,0.0,0.0,0.0,1.5727409621609703,2.1784037558685445,0.26666666666666666,14256.815610741765,213,0.11951994895935059
ring,200,1500000.0,3,6,exclude,launch,0,0.0,prior,0.0,rr_sweep,12600.0,43200,3517462.0062902956,0,2649429.6693086466,868032.3369816489,0,0,0.0,0,4.807696645954622,2.835590007941941,7986.659159050209,6839.137681988036,1.1677874507606938,2.0626009203510733,338.7362147792845,0.0,0.0,0.0,2.5516549347363093,18.050632911392405,0.6892523364485982,4638.916293044592,79,0.22314882278442383
ring,200,1500000.0,3,9,exclude,launch,0,0.0,prior,0.0,rr_sweep,12600.0,43200,2931661.820881195,0,2272075.6826182287,659586.1382629663,0,0,0.0,0,4.853710806530296,2.8203498506805778,7907.783946703841,6881.292049177644,1.1491713896446045,2.0610428326961348,337.74356784475157,0.0,0.009523809523809525,0.0,2.5736950881718808,19.897435897435898,0.7866004962779156,4207.592060116168,78,0.1215202808380127
ring,200,1500000.0,2,7,exclude,launch,0,0.0,prior,0.0,rr_sweep,12600.0,43200,3325485.0026374906,0,2617513.4718645425,707971.530772948,0,0,0.0,0,4.836229285138715,2.8552909448561734,7937.573119120503,6780.269632453614,1.1706869415823054,2.066153857465138,341.0052143363381,0.0,0.041666666666666664,0.0,3.7756510004573087,38.138888888888886,0.729064039408867,4851.875094637709,36,0.18664860725402832
ring,200,1500000.0,5,10,exclude,launch,0,0.0,prior,0.0,rr_sweep,12600.0,43200,9867055.291052131,0,8356160.303097212,1510894.9879549192,0,10,0.16987642967977523,11,4.8412324859166675,2.726248000800289,7929.025501191047,6917.3277206648545,1.1462555803889183,2.121076242410246,377.043582389003,0.0,0.0,0.0,1.5741669644387217,2.186046511627907,0.25870646766169153,14042.613712599805,215,0.061002254486083984
ring,200,1500000.0,5,9,exclude,launch,0,0.0,prior,0.0,rr_sweep,12600.0,43200,9508368.821671838,0,7989871.384539445,1518497.4371323928,0,9,0.15230814564672376,9,4.853710806530296,2.736254068154184,7907.783946703841,6881.471810802113,1.1491413703520061,2.124331240395324,379.2362214386662,0.0,0.0,0.0,1.576187203866805,2.213953488372093,0.25870646766169153,13895.964743229357,215,0.10501956939697266
ring,200,1500000.0,4,7,exclude,launch,0,0.0,prior,0.0,rr_sweep,12600.0,43200,4010969.6882823277,0,3086804.909212744,924164.7790695835,0,0,0.0,0,4.836229285138715,2.791424945478316,7937.573119120503,6899.48794169308,1.1504582928762515,2.076907602804517,347.91899549345123,0.0,0.0,0.0,1.9579206073272033,8.25,0.6370370370370371,5818.554797554627,136,0.19914531707763672
ring,200,1500000.0,6,9,exclude,launch,0,0.0,prior,0.0,rr_sweep,12600.0,43200,23013828.213509038,0,21307320.821314096,1706507.3921949416,0,140,0.9356671731427726,174,4.853710806530296,2.9191489737379728,7907.783946703841,6361.649098023336,1.2430399452809986,2.1539420862773317,399.47470154462445,0.0,0.0,0.0025252525252525255,1.3599450159661066,1.0203389830508474,0.1385390428211587,21770.374618112644,295,0.10452532768249512
ring,200,1500000.0,3,7,exclude,launch,0,0.0,prior,0.0,rr_sweep,12600.0,43200,2891017.038063377,0,2302493.5804564375,588523.4576069397,0,0,0.0,0,4.836229285138715,2.8287344198590554,7937.573119120503,6857.720250834742,1.1574652842034958,2.061997106597924,338.35135632670875,0.0,0.02857142857142857,0.0,2.5834436984990914,19.897435897435898,0.7901234567901234,4200.289759523022,78,0.20764899253845215
ring,200,1500000.0,4,8,exclude,launch,0,0.0,prior,0.0,rr_sweep,12600.0,43200,4302876.8505067015,0,3392913.490562125,909963.3599445757,0,0,0.0,0,4.796976710386977,2.7622389257092386,8005.252074719057,6956.328879005225,1.1507868897457636,2.0817024051930613,351.0240280201359,0.0,0.005376344086021506,0.0,1.9279032686547044,7.13768115942029,0.558974358974359,6614.705773298834,138,0.17502903938293457
paper,200,3000000.0,13,12,exclude,launch,0,0.0,prior,0.0,rr_sweep,12600.0,43200,6455624.880651469,0,5498790.6942900615,956834.1863614079,0,24,0.7539560869292238,31,8.978508258459357,9.904251809157646,8576.832776345937,3997.8872121235745,2.1453413568888915,2.020401935224383,312.3660328228996,0.0,0.0,0.0,1.1438804950068597,3.530799475753604,0.7138103161397671,2442.0627981400326,763,0.602285623550415
ring,200,1500000.0,2,9,exclude,launch,0,0.0,prior,0.0,rr_sweep,12600.0,43200,3559915.807440983,0,2693733.2807643153,866182.5266766682,0,0,0.0,0,4.853710806530296,2.825147577611964,7907.783946703841,6855.743347719401,1.1534539065460214,2.0652103902454053,340.40195264603057,0.0,0.041666666666666664,0.0,3.7954151884918703,37.30555555555556,0.7199017199017199,4990.127856112006,36,0.18402838706970215
ring,200,1500000.0,6,10,exclude,launch,0,0.0,prior,0.0,rr_sweep,12600.0,43200,23360497.04710624,0,21836941.53035974,1523555.5167464989,0,146,0.9530913813813261,176,4.8412324859166675,2.924357617726371,7929.025501191047,6358.183879850535,1.2470582246478594,2.151277458270115,397.631935776269,0.0,0.0,0.015113350125944584,1.349143722013143,1.1442953020134228,0.2144638403990025,19318.05905850161,298,0.11650729179382324
ring,200,1500000.0,3,8,exclude,launch,0,0.0,prior,0.0,rr_sweep,12600.0,43200,3103520.5040977527,0,2408758.778608303,694761.7254894497,0,0,0.0,0,4.796976710386977,2.8199278437369224,8005.252074719057,6879.931088760076,1.1635657350983424,2.0617590394756617,338.1996773724839,0.0,0.009523809523809525,0.0,2.567686199426186,18.076923076923077,0.782608695652174,4641.754585615544,78,0.22002816200256348
ring,200,1500000.0,5,11,exclude,launch,0,0.0,prior,0.0,rr_sweep,12600.0,43200,9109093.577956578,0,7683649.161764989,1425444.416191588,0,7,0.08538729815953293,7,4.810166257763029,2.731324391362826,7982.387549587255,6903.50484511975,1.156280429821121,2.1213731818815713,377.24334391295986,0.0,0.0,0.007017543859649123,1.5751325796501345,2.1906976744186046,0.284688995215311,14048.239907971656,215,0.11350774765014648
ring,200,1500000.0,4,9,exclude,launch,0,0.0,prior,0.0,rr_sweep,12600.0,43200,3875768.087736566,0,2952448.6887633437,923319.3989732221,0,0,0.0,0,4.853710806530296,2.81942053833882,7907.783946703841,6836.649414890404,1.1566753634434548,2.0751850141284507,346.80684438191895,0.0,0.0,0.0,1.9485789117763463,8.735294117647058,0.6675062972292192,5428.028528778436,136,0.196028470993042
ring,200,1500000.0,2,10,exclude,launch,0,0.0,prior,0.0,rr_sweep,12600.0,43200,3495796.743387947,0,2713358.8441111417,782437.8992768053,0,0,0.0,0,4.8412324859166675,2.8453529822045107,7929.025501191047,6808.940944905071,1.164502022465638,2.064639695907564,340.0373046306451,0.0,0.041666666666666664,0.0,3.802165127632086,37.416666666666664,0.684596577017115,4953.85891704419,36,0.1815171241760254
ring,200,1500000.0,2,12,exclude,launch,0,0.0,prior,0.0,rr_sweep,12600.0,43200,3402779.131029998,0,2619037.405235481,783741.7257945169,0,0,0.0,0,4.793249881478669,2.8620406358342616,8011.735459045254,6769.939225426586,1.1834279736152906,2.064426501990387,339.9011334418475,0.0,0.041666666666666664,0.0,3.7944498906211743,39.30555555555556,0.7788697788697788,4716.366574153751,36,0.10751152038574219
ring,200,1500000.0,6,11,exclude,launch,0,0.0,prior,0.0,rr_sweep,12600.0,43200,23443214.027651142,0,21929351.46690297,1513862.5607481722,0,150,0.9656577958311842,179,4.810166257763029,2.926584792177208,7982.387549587255,6361.268626898829,1.2548420791150798,2.1485978868858737,395.7831317276083,0.0,0.0,0.007556675062972292,1.3513388386131264,1.2297297297297298,0.1927710843373494,17975.792714981246,296,0.11351156234741211
ring,200,1500000.0,4,12,exclude,launch,0,0.0,prior,0.0,rr_sweep,12600.0,43200,4057223.624798533,0,3021184.2679458596,1036039.3568526738,0,0,0.0,0,4.793249881478669,2.814136302696695,8011.735459045254,6850.561811932879,1.169500499227632,2.074859403412481,346.59682113127053,0.0,0.005434782608695652,0.0,1.9549460148015354,8.772058823529411,0.6733167082294265,5444.4920285138605,136,0.10451340675354004
ring,200,1500000.0,6,12,exclude,launch,0,0.0,prior,0.0,rr_sweep,12600.0,43200,23180377.266051233,0,21394769.69886011,1785607.5671911235,0,141,0.9425288678313334,166,4.793249881478669,2.93182557671697,8011.735459045254,6349.41275264531,1.2618073152839815,2.1487619362062453,395.89619582289663,0.0,0.0,0.0,1.3519620814095492,1.157718120805369,0.19201995012468828,19120.2798824264,298,0.11051702499389648
ring,200,1500000.0,5,12,exclude,launch,0,0.0,prior,0.0,rr_sweep,12600.0,43200,9141571.204397822,0,7480589.028453498,1660982.1759443241,0,8,0.06301520119640822,8,4.793249881478669,2.742909144424233,8011.735459045254,6871.884220010888,1.1658717176455222,2.1221336663506163,377.75518954724305,0.0,0.0,0.0035211267605633804,1.5726967787793324,2.2663551401869158,0.256857855361596,13545.25002037726,214,0.1125190258026123
ring,200,1500000.0,3,10,exclude,launch,0,0.0,prior,0.0,rr_sweep,12600.0,43200,3060163.4367886563,0,2357380.4183966736,702783.0183919827,0,0,0.0,0,4.8412324859166675,2.8218423598096445,7929.025501191047,6876.653315260132,1.153035515633102,2.0613422876289396,337.9342354528292,0.0,0.009523809523809525,0.0,2.5639685178072957,19.23076923076923,0.794044665012407,4358.86078923389,78,0.20702886581420898
ring,200,1500000.0,4,10,exclude,launch,0,0.0,prior,0.0,rr_sweep,12600.0,43200,4130232.093366978,0,3172299.244433726,957932.848933252,0,0,0.0,0,4.8412324859166675,2.7921156958725515,7929.025501191047,6898.808051011697,1.149332673493977,2.0765984225834555,347.7192490527554,0.0,0.016216216216216217,0.0,1.9516772110420715,8.08695652173913,0.5742574257425742,5942.6951287231495,138,0.19111227989196777
ring,200,1500000.0,4,11,exclude,launch,0,0.0,prior,0.0,rr_sweep,12600.0,43200,4138262.1258270703,0,3120753.9201895045,1017508.2056375653,0,0,0.0,0,4.810166257763029,2.7731560476286563,7982.387549587255,6938.173421464398,1.1505027425363001,2.078933186437796,349.2290462390449,0.0,0.005434782608695652,0.0,1.9481487702858593,8.132352941176471,0.6077481840193705,5818.367224293371,136,0.18561816215515137
paper,200,3000000.0,14,12,exclude,launch,0,0.0,prior,0.0,rr_sweep,12600.0,43200,7982421.94494094,0,6903888.736631788,1078533.2083091515,0,34,0.8559307207184391,39,8.978508258459357,10.862202623812264,8576.832776345937,3650.468151548903,2.3495158484554275,2.0175463619383303,310.62017960817957,0.0,0.0,0.0,1.051059339934076,3.5212527964205815,0.7003329633740288,2087.843440398841,894,0.7303934097290039
ring,200,1500000.0,2,11,exclude,launch,0,0.0,prior,0.0,rr_sweep,12600.0,43200,3284682.1202953137,0,2560417.4510362158,724264.6692590975,0,0,0.0,0,4.810166257763029,2.849131798970589,7982.387549587255,6796.031217800331,1.1745660509444968,2.0658181382966196,340.7904911766216,0.0,0.041666666666666664,0.0,3.8012233427373654,39.166666666666664,0.7244655581947743,4752.038595714096,36,0.20761799812316895
ring,200,1500000.0,3,11,exclude,launch,0,0.0,prior,0.0,rr_sweep,12600.0,43200,2839811.574587572,0,2239234.4763509585,600577.0982366136,0,0,0.0,0,4.810166257763029,2.8359506502871312,7982.387549587255,6841.509540847705,1.166758228126097,2.0616236384738578,338.1134249299417,0.0,0.009523809523809525,0.0,2.5770081675124428,20.384615384615383,0.7679425837320574,4099.549830642761,78,0.21411657333374023
ring,200,1500000.0,3,12,exclude,launch,0,0.0,prior,0.0,rr_sweep,12600.0,43200,2936413.8260827223,0,2261111.109662892,675302.7164198305,0,0,0.0,0,4.793249881478669,2.8316640798552246,8011.735459045254,6855.56243370845,1.1686474357890697,2.0605121003643276,337.4057745057472,0.0,0.009523809523809525,0.0,2.5850709016207283,20.756410256410255,0.8345679012345679,4050.2607038219357,78,0.22162508964538574
ring,200,3000000.0,11,1,exclude,launch,0,0.0,prior,0.0,rr_sweep,12600.0,43200,11430792.745830484,0,10088889.625484444,1341903.1203460386,0,51,0.704491309215835,69,9.581282276682732,5.607806539682487,8016.279765394607,6698.030902385209,1.1968114035633908,2.1298539189253916,382.9709634333194,0.0,0.0,0.004424778761061947,1.4544062697824112,1.5984251968503937,0.4106280193236715,8130.140175525834,508,0.22262859344482422
ring,200,3000000.0,12,1,exclude,launch,0,0.0,prior,0.0,rr_sweep,12600.0,43200,23009821.572961193,0,21435944.254230205,1573877.3187309883,0,131,0.9692861788090809,177,9.581282276682732,5.808158134351951,8016.279765394607,6429.661110927544,1.2467655179789372,2.1422170513156127,391.39793769484004,0.0,0.0,0.0025220680958385876,1.355404579630271,1.2212837837837838,0.2995169082125604,9118.394139288514,592,0.23163366317749023
ring,200,3000000.0,11,2,exclude,launch,0,0.0,prior,0.0,rr_sweep,12600.0,43200,10357190.392588953,0,9308462.17149706,1048728.221091892,0,51,0.734767234687237,67,9.601994207786783,5.644981653318716,7998.26927637493,6682.748399549711,1.1968532702673438,2.1206663326727613,376.76790875586477,0.0,0.0,0.0,1.4588993322055617,1.9150197628458498,0.5201005025125628,6788.692579064254,506,0.2365267276763916
ring,200,3000000.0,10,1,exclude,launch,0,0.0,prior,0.0,rr_sweep,12600.0,43200,4279429.789496969,0,3453515.29934789,825914.4901490796,0,9,0.3042375945886437,15,9.581282276682732,5.546262020654765,8016.279765394607,6935.733119789794,1.1557941499394893,2.079683424599878,349.7148892067163,0.0,0.0017793594306049821,0.0035587188612099642,1.5995158750944098,3.5843230403800477,0.7362110311750599,4376.345728381632,421,0.3061337471008301
ring,200,3000000.0,12,2,exclude,launch,0,0.0,prior,0.0,rr_sweep,12600.0,43200,21984180.604909446,0,20614430.01044488,1369750.594464569,0,133,0.9737850695801825,179,9.601994207786783,5.850613324107301,7998.26927637493,6422.575182283501,1.2453368079579572,2.1290182994202613,382.4046961277456,0.0,0.0,0.0025188916876574307,1.357568248460089,1.3942953020134228,0.2875,7937.548536139344,596,0.2295234203338623
ring,200,3000000.0,5,2,exclude,launch,0,0.0,prior,0.0,rr_sweep,12600.0,43200,952657.6179137428,0,872118.1108693378,80539.5070444049,0,0,0.0,0,9.601994207786783,5.896766422805989,7998.26927637493,6683.26502188489,1.196760752444195,2.029959524261451,318.2449864850625,0.0,0.11805555555555555,0.0,3.1528800082169792,39.801886792452834,0.9455445544554455,1581.435786068168,106,0.31363391876220703
ring,200,3000000.0,10,2,exclude,launch,0,0.0,prior,0.0,rr_sweep,12600.0,43200,3811651.413670264,0,3061644.684818995,750006.7288512691,0,4,0.19040598777922457,11,9.601994207786783,5.521768396551958,7998.26927637493,6950.179550884964,1.1508003811723848,2.084566604495522,352.8854158760837,0.0,0.0017825311942959,0.0,1.6005679435710853,3.492857142857143,0.71,4492.711465563957,420,0.2891240119934082
ring,200,3000000.0,7,2,exclude,launch,0,0.0,prior,0.0,rr_sweep,12600.0,43200,1077779.1340476433,0,956494.0336500145,121285.10039762857,0,0,0.0,0,9.601994207786783,5.6842068157306915,7998.26927637493,6923.283838318707,1.1552710336829521,2.032862380070532,320.0414088494892,0.0,0.010752688172043012,0.0,2.265010435231158,18.76555023923445,0.9160493827160494,1699.2039163465572,209,0.3171360492706299
ring,200,3000000.0,9,1,exclude,launch,0,0.0,prior,0.0,rr_sweep,12600.0,43200,1949470.6808089393,0,1573715.6011391713,375755.0796697679,0,0,0.0,0,9.581282276682732,5.616302599445948,8016.279765394607,6943.686761947023,1.1544702461703251,2.051395350853962,331.62965513919806,0.0,0.0,0.0,1.7614413987875484,6.953216374269005,0.8840579710144928,2762.033043491805,342,0.40264368057250977
ring,200,3000000.0,4,1,exclude,launch,0,0.0,prior,0.0,rr_sweep,12600.0,43200,1263352.2252246265,0,1086897.255320515,176454.9699041114,0,0,0.0,0,9.581282276682732,5.349072383437452,8016.279765394607,7351.904137822374,1.0903678305806936,2.0342844369595845,320.9232889610416,0.0,0.16129032258064516,0.0,3.9050940269383956,49.94117647058823,0.9056603773584906,1931.6415501508461,68,0.4756431579589844
ring,200,3000000.0,9,2,exclude,launch,0,0.0,prior,0.0,rr_sweep,12600.0,43200,1827810.0498871813,0,1533995.3621884494,293814.68769873184,0,0,0.0,0,9.601994207786783,5.598620160030151,7998.26927637493,6956.958488591444,1.1496790284850926,2.0539486007587486,333.2422959123973,0.0,0.004301075268817204,0.0,1.743987095466942,6.879310344827586,0.8955223880597015,2759.340928968985,348,0.4121384620666504
ring,200,3000000.0,5,1,exclude,launch,0,0.0,prior,0.0,rr_sweep,12600.0,43200,1124178.1883696953,0,981997.9808998202,142180.20746987523,0,0,0.0,0,9.581282276682732,5.704541028681556,8016.279765394607,6906.040648410161,1.1607634784541898,2.0306737212927217,318.68649592901625,0.0,0.125,0.0,3.1692903171021394,37.25,0.9198113207547169,1681.8542967280832,108,0.541151762008667
ring,200,3000000.0,8,1,exclude,launch,0,0.0,prior,0.0,rr_sweep,12600.0,43200,1298004.9467184956,0,1108677.721188824,189327.22552967176,0,0,0.0,0,9.581282276682732,5.689267340006888,8016.279765394607,6903.29420316114,1.1612252831009016,2.0369354319933795,322.5705270369889,0.0,0.005509641873278237,0.0,1.9977746388388875,12.492647058823529,0.9236276849642004,1952.8703593806001,272,0.5126523971557617
ring,200,3000000.0,7,1,exclude,launch,0,0.0,prior,0.0,rr_sweep,12600.0,43200,1173275.053709407,0,1024725.097603477,148549.95610593018,0,0,0.0,0,9.581282276682732,5.671053871947449,8016.279765394607,6938.856342021136,1.155273919831527,2.0330043969120943,320.1294252119161,0.0,0.014285714285714285,0.0,2.2642405237126813,18.271428571428572,0.9331742243436754,1730.0285608697623,210,0.5361521244049072
ring,200,3000000.0,4,2,exclude,launch,0,0.0,prior,0.0,rr_sweep,12600.0,43200,1188664.811823314,0,1044590.2042862962,144074.607537018,0,0,0.0,0,9.601994207786783,5.701900535695253,7998.26927637493,6900.88558648431,1.1590207048266232,2.0331317512316955,320.2083646209208,0.0,0.20430107526881722,0.0,3.9435832776466344,54.0735294117647,0.902676399026764,1818.4994696892788,68,0.47965216636657715
ring,200,3000000.0,6,1,exclude,launch,0,0.0,prior,0.0,rr_sweep,12600.0,43200,1108013.4087088164,0,964043.3081668898,143970.10054192654,0,0,0.0,0,9.581282276682732,5.6599898152881805,8016.279765394607,6959.976134368152,1.1517682834874188,2.0307973445642102,318.7629496681882,0.0,0.014705882352941176,0.0,2.6538703493364117,26.546666666666667,0.9212410501193318,1640.6179232755815,150,0.5816538333892822
ring,200,3000000.0,4,3,exclude,launch,0,0.0,prior,0.0,rr_sweep,12600.0,43200,1317988.750877218,0,1146285.180639472,171703.570237746,0,0,0.0,0,9.678668092786339,5.508259789642632,7932.266771253912,7140.857575980167,1.1108283125455158,2.0338794150330806,320.6719934487434,0.0,0.14130434782608695,0.0,3.9594062101477494,49.40298507462686,0.9112149532710281,1984.3579606281014,67,0.44504499435424805
ring,200,3000000.0,11,3,exclude,launch,0,0.0,prior,0.0,rr_sweep,12600.0,43200,12602809.321723834,0,11247562.759984016,1355246.561739819,0,57,0.7657411921158739,73,9.678668092786339,5.639070842232471,7932.266771253912,6695.383845591287,1.1847366714422318,2.11888290107054,375.5696838924084,0.0,0.0,0.0029498525073746312,1.4580908644496906,1.7120315581854044,0.5094339622641509,7607.60024846733,507,0.23602557182312012
ring,200,3000000.0,12,3,exclude,launch,0,0.0,prior,0.0,rr_sweep,12600.0,43200,22013289.68846177,0,20619692.97891435,1393596.709547421,0,131,0.9716060342455367,176,9.678668092786339,5.886654716331006,7932.266771253912,6419.915238924631,1.2355718846815504,2.1168599674713366,374.2128560820224,0.0,0.0,0.006297229219143577,1.3582033958968651,1.4455611390284757,0.33569739952718675,7635.7519589072135,597,0.23502683639526367
ring,200,3000000.0,10,3,exclude,launch,0,0.0,prior,0.0,rr_sweep,12600.0,43200,5066451.339724408,0,3982908.981740342,1083542.357984066,0,6,0.20884772826142511,15,9.678668092786339,5.443261018936299,7932.266771253912,7019.428117860311,1.13004459025244,2.0937705916655993,358.9002321577544,0.0,0.0,0.0,1.595368476339744,2.7264150943396226,0.6188235294117647,5731.598910575978,424,0.26602602005004883
ring,200,3000000.0,8,2,exclude,launch,0,0.0,prior,0.0,rr_sweep,12600.0,43200,1198020.6403394854,0,1067987.8384945546,130032.80184493089,0,0,0.0,0,9.601994207786783,5.677029765707506,7998.26927637493,6911.263466021317,1.1572803316930098,2.03897249123591,323.83915126348575,0.0,0.005405405405405406,0.0,1.9615299298793953,12.483754512635379,0.9305210918114144,1917.4887197431683,277,0.5336458683013916
ring,200,3000000.0,4,4,exclude,launch,0,0.0,prior,0.0,rr_sweep,12600.0,43200,1150430.3953501864,0,1012044.690679718,138385.70467046826,0,0,0.0,0,9.69235632322423,5.677955885510737,7920.593506759091,6930.83386665388,1.1428052755480422,2.0328834683982944,320.05447778714705,0.0,0.15463917525773196,0.0,3.744615018576233,50.513888888888886,0.9330143540669856,1782.7457899834756,72,0.2555220127105713
ring,200,3000000.0,6,2,exclude,launch,0,0.0,prior,0.0,rr_sweep,12600.0,43200,1013499.0923176409,0,903791.7982009605,109707.29411668042,0,0,0.0,0,9.601994207786783,5.712267112941454,7998.26927637493,6896.931554283763,1.1596851749829407,2.0306055251863175,318.64432456336954,0.0,0.038834951456310676,0.0,2.644495036066622,27.25,0.9336609336609336,1603.8632642571063,152,0.610159158706665
ring,200,3000000.0,5,3,exclude,launch,0,0.0,prior,0.0,rr_sweep,12600.0,43200,1193857.481848052,0,1025798.2615240607,168059.22032399132,0,0,0.0,0,9.678668092786339,5.730520917694539,7932.266771253912,6875.36436214077,1.153723112469934,2.030486779589258,318.5709008724717,0.0,0.020689655172413793,0.0,3.164357266482309,36.18518518518518,0.9350348027842227,1727.933809584962,108,0.5450518131256104
ring,200,3000000.0,9,3,exclude,launch,0,0.0,prior,0.0,rr_sweep,12600.0,43200,2117148.7633360536,0,1716050.9473796966,401097.8159563567,0,0,0.0,0,9.678668092786339,5.5389330213842305,7932.266771253912,7031.013568732825,1.1281825434854789,2.054215195123344,333.4109032886849,0.0,0.0,0.0,1.761237600800926,6.374269005847953,0.8896713615023474,3025.0117591510825,342,0.39603304862976074
ring,200,3000000.0,6,3,exclude,launch,0,0.0,prior,0.0,rr_sweep,12600.0,43200,1140260.5368477607,0,989342.4573645572,150918.07948320356,0,0,0.0,0,9.678668092786339,5.602173011447949,7932.266771253912,7030.264562680946,1.1283027403209125,2.0312426242363992,319.0384050125924,0.0,0.014634146341463415,0.0,2.6393810053806517,24.960264900662253,0.9297423887587822,1746.7324187973384,151,0.5500597953796387
ring,200,3000000.0,7,3,exclude,launch,0,0.0,prior,0.0,rr_sweep,12600.0,43200,1190451.235033999,0,1047780.9960560391,142670.2389779599,0,0,0.0,0,9.678668092786339,5.651037806231724,7932.266771253912,6963.484838111786,1.1391231482030224,2.032989520006855,320.1202045331978,0.0,0.007168458781362007,0.0,2.2757399025738207,17.85645933014354,0.9252336448598131,1784.3869221680764,209,0.528555154800415
ring,200,3000000.0,6,4,exclude,launch,0,0.0,prior,0.0,rr_sweep,12600.0,43200,953718.9056912444,0,850326.7210472559,103392.18464398851,0,0,0.0,0,9.69235632322423,5.7430985099269805,7920.593506759091,6864.070342152277,1.1539207950884043,2.0293735508339203,317.88297214693023,0.0,0.04878048780487805,0.0,2.636807333263178,28.32450331125828,0.9403341288782816,1533.6795613678187,151,0.34853076934814453
ring,200,3000000.0,12,4,exclude,launch,0,0.0,prior,0.0,rr_sweep,12600.0,43200,20332679.419841852,0,18912887.86156868,1419791.558273171,0,122,0.9592441617632518,173,9.69235632322423,5.835989966071451,7920.593506759091,6410.832035597482,1.2355016420299805,2.138262659755898,388.6925647783713,0.0,0.0,0.0025188916876574307,1.3557627916465884,1.3406040268456376,0.3566265060240964,8258.65903641783,596,0.2286083698272705
ring,200,3000000.0,8,3,exclude,launch,0,0.0,prior,0.0,rr_sweep,12600.0,43200,1379944.3198178008,0,1179177.1282389625,200767.19157883854,0,0,0.0,0,9.678668092786339,5.690973871056418,7932.266771253912,6897.778704324132,1.149974087495917,2.0379528792811303,323.2038538823966,0.0,0.00546448087431694,0.0,1.9752419020940937,11.699633699633699,0.9065420560747663,2084.497930838864,273,0.4996347427368164
ring,200,3000000.0,11,5,exclude,launch,0,0.0,prior,0.0,rr_sweep,12600.0,43200,9420741.692654049,0,8548066.38811981,872675.3045342389,0,49,0.7353878896491042,59,9.5817239933676,5.721416960739332,8015.8948489202385,6642.666624764202,1.2067284573692996,2.104960404128455,366.28124840751553,0.0,0.0,0.0029542097488921715,1.4570040199942271,2.177165354330709,0.5744125326370757,5961.736542771117,508,0.14761066436767578
ring,200,3000000.0,11,4,exclude,launch,0,0.0,prior,0.0,rr_sweep,12600.0,43200,9734364.632801449,0,8621050.757417979,1113313.8753834707,0,46,0.7215490842743665,69,9.69235632322423,5.660339411086855,7920.593506759091,6690.514788798211,1.183854121363034,2.1124574910263316,371.26850080218026,0.0,0.0,0.0014771048744460858,1.4608543303864967,2.0118577075098814,0.5349397590361445,6495.535918730025,506,0.253617525100708
ring,200,3000000.0,10,4,exclude,launch,0,0.0,prior,0.0,rr_sweep,12600.0,43200,3502576.102378527,0,2738916.3620618437,763659.7403166837,0,3,0.12602899583599375,10,9.69235632322423,5.521769812885897,7920.593506759091,6949.223559131686,1.139781076167994,2.0848528396792663,353.0717051280503,0.0,0.0,0.0,1.5906458234504353,3.496470588235294,0.7927710843373494,4445.04726393387,425,0.2906181812286377
ring,200,3000000.0,10,5,exclude,launch,0,0.0,prior,0.0,rr_sweep,12600.0,43200,3565646.2823716276,0,2875794.388908292,689851.8934633351,0,2,0.055412706070688954,11,9.5817239933676,5.523177226498102,8015.8948489202385,6947.703902517615,1.1537473331319643,2.084777477648522,353.02265280404686,0.0,0.0,0.0,1.5981533024527406,3.142857142857143,0.6788511749347258,5002.123554883514,420,0.2806203365325928
ring,200,3000000.0,11,6,exclude,launch,0,0.0,prior,0.0,rr_sweep,12600.0,43200,11421467.085509535,0,10228141.803252315,1193325.2822572202,0,56,0.7466686797311543,75,9.615393291909244,5.647746726728474,7986.659159050209,6700.895323571112,1.1918794091524285,2.113887840876511,372.2238366157608,0.0,0.0,0.0044444444444444444,1.460541184141474,1.7920792079207921,0.47754137115839246,7280.691647310804,505,0.12351608276367188
ring,200,3000000.0,12,5,exclude,launch,0,0.0,prior,0.0,rr_sweep,12600.0,43200,20565765.85077522,0,19331768.779504754,1233997.0712704659,0,122,0.960825010871903,183,9.5817239933676,5.817389690903691,8015.8948489202385,6428.846851210077,1.2468635564730302,2.1390884854971874,389.256773337683,0.0,0.0,0.0050568900126422255,1.3606878404547078,1.3277027027027026,0.3629242819843342,8379.420619581355,592,0.23412609100341797
ring,200,3000000.0,9,4,exclude,launch,0,0.0,prior,0.0,rr_sweep,12600.0,43200,1668804.7612090418,0,1405634.3561763812,263170.40503266064,0,0,0.0,0,9.69235632322423,5.622157223268203,7920.593506759091,6940.5266351821065,1.141209294783042,2.0501921924913145,330.8710923509142,0.0,0.0,0.0,1.7541110962577466,7.381924198250728,0.9245742092457421,2586.853555166918,343,0.41963934898376465
ring,200,3000000.0,5,4,exclude,launch,0,0.0,prior,0.0,rr_sweep,12600.0,43200,967742.4339093008,0,861448.8355220865,106293.59838721431,0,0,0.0,0,9.69235632322423,5.754788609023514,7920.593506759091,6850.687658412515,1.1561749566896036,2.0292074326621923,317.7803818341303,0.0,0.07746478873239436,0.0,3.180965062997142,39.886792452830186,0.9316037735849056,1587.172977871604,106,0.5701537132263184
ring,200,3000000.0,4,5,exclude,launch,0,0.0,prior,0.0,rr_sweep,12600.0,43200,1214827.9671322475,0,1056501.6866465397,158326.28048570774,0,0,0.0,0,9.5817239933676,5.680497596496345,8015.8948489202385,6927.64905096529,1.1570873163390563,2.0329080144290614,320.0696898815358,0.0,0.12903225806451613,0.0,3.937127406710538,51.79710144927536,0.9130434782608695,1906.2224182252864,69,0.4626500606536865
ring,200,3000000.0,12,6,exclude,launch,0,0.0,prior,0.0,rr_sweep,12600.0,43200,21769166.523932192,0,20235680.262930557,1533486.2610016353,0,127,0.9609858781240593,181,9.615393291909244,5.8222693661053055,7986.659159050209,6426.621672428455,1.2427461217010238,2.138035729634288,388.5375965772739,0.0,0.0,0.0,1.3555407432998934,1.2220338983050847,0.28368794326241137,9141.598553131646,590,0.2200322151184082
ring,200,3000000.0,8,6,exclude,launch,0,0.0,prior,0.0,rr_sweep,12600.0,43200,1459398.334775688,0,1241958.0773321025,217440.2574435854,0,0,0.0,0,9.615393291909244,5.663286830730574,7986.659159050209,6929.033546889615,1.1526368150772417,2.038678603730507,323.65597255426667,0.0,0.005494505494505495,0.0,1.978954836657995,11.28888888888889,0.9014084507042254,2171.649930762119,270,0.2636289596557617
ring,200,3000000.0,9,5,exclude,launch,0,0.0,prior,0.0,rr_sweep,12600.0,43200,1829060.1567119982,0,1512376.8405346908,316683.31617730745,0,0,0.0,0,9.5817239933676,5.649109980768841,8015.8948489202385,6906.026593423993,1.1607101044981605,2.0506035772060365,331.1303629314361,0.0,0.0021598272138228943,0.0,1.7524428024371377,6.942196531791907,0.9112271540469974,2743.66181397022,346,0.4081430435180664
ring,200,3000000.0,8,4,exclude,launch,0,0.0,prior,0.0,rr_sweep,12600.0,43200,1154504.7625593536,0,1007383.0646054975,147121.69795385606,0,0,0.0,0,9.69235632322423,5.72080011416721,7920.593506759091,6868.558429925897,1.153166794395974,2.0359523817517937,321.95920117716446,0.0,0.0027397260273972603,0.0,1.9821787779951519,13.194852941176471,0.9354066985645934,1854.3120007733555,272,0.5661594867706299
ring,200,3000000.0,10,6,exclude,launch,0,0.0,prior,0.0,rr_sweep,12600.0,43200,4658737.639284481,0,3779122.777146419,879614.8621380624,0,8,0.20989638147247644,14,9.615393291909244,5.500115344896605,7986.659159050209,6965.111128644921,1.1466664366924513,2.0882867823426787,355.3104361865341,0.0,0.0017730496453900709,0.0017730496453900709,1.5935776567993707,2.9549763033175354,0.6776470588235294,5300.548857000821,422,0.2680394649505615
ring,200,3000000.0,8,5,exclude,launch,0,0.0,prior,0.0,rr_sweep,12600.0,43200,1230923.69056434,0,1072745.748940359,158177.94162398097,0,0,0.0,0,9.5817239933676,5.698006453361958,8015.8948489202385,6891.6885047342475,1.163124950208315,2.0372363215694578,322.7577560348819,0.0,0.002785515320334262,0.0,1.9890894825599192,12.50936329588015,0.9206349206349206,1944.8187242130832,267,0.4866445064544678
ring,200,3000000.0,7,4,exclude,launch,0,0.0,prior,0.0,rr_sweep,12600.0,43200,1000227.153973649,0,889556.294979523,110670.85899412596,0,0,0.0,0,9.69235632322423,5.707661364699875,7920.593506759091,6899.441663691447,1.1480049970480208,2.0315047471874603,319.2006130410798,0.0,0.014336917562724014,0.0,2.259902649241174,19.555023923444978,0.9260143198090692,1633.4856671662496,209,0.6381611824035645
ring,200,3000000.0,5,5,exclude,launch,0,0.0,prior,0.0,rr_sweep,12600.0,43200,1070999.5211642259,0,956543.4115512919,114456.10961293384,0,0,0.0,0,9.5817239933676,5.775836370685997,8015.8948489202385,6822.340393329213,1.174947948472062,2.0302135478269765,318.4019862378739,0.0,0.0896551724137931,0.0,3.1652013799077694,37.22018348623853,0.9230769230769231,1669.2128219004787,109,0.5471627712249756
ring,200,3000000.0,9,6,exclude,launch,0,0.0,prior,0.0,rr_sweep,12600.0,43200,2170056.318007945,0,1759320.888534137,410735.4294738082,0,0,0.0,0,9.615393291909244,5.559469093108257,7986.659159050209,6996.928281957067,1.141452196908371,2.056597219735524,334.91930542585163,0.0,0.0,0.0,1.7414503564684685,6.198275862068965,0.8755868544600939,3066.089785290353,348,0.3740558624267578
ring,200,3000000.0,4,6,exclude,launch,0,0.0,prior,0.0,rr_sweep,12600.0,43200,1282626.8337744502,0,1129979.7398021296,152647.09397232078,0,0,0.0,0,9.615393291909244,5.843558502815974,7986.659159050209,6734.136848189673,1.1859959693568225,2.0329685163365996,320.1071867227907,0.0,0.2826086956521739,0.0,3.9301409397773206,49.38235294117647,0.9088785046728972,1999.4349768547243,68,0.46315455436706543
ring,200,3000000.0,12,7,exclude,launch,0,0.0,prior,0.0,rr_sweep,12600.0,43200,20014284.854757212,0,18806108.613344897,1208176.2414123174,0,128,0.9641067835197756,174,9.67245857027743,5.854947574268574,7937.573119120503,6417.980105689968,1.2367712252774536,2.1289654313849384,382.3688835786539,0.0,0.0,0.0025220680958385876,1.356742182788805,1.3518518518518519,0.32592592592592595,8226.458790958084,594,0.14051270484924316
ring,200,3000000.0,6,5,exclude,launch,0,0.0,prior,0.0,rr_sweep,12600.0,43200,1030884.3533900838,0,921517.1792794343,109367.1741106495,0,0,0.0,0,9.5817239933676,5.723864099893296,8015.8948489202385,6884.265180140005,1.1643791514662745,2.0302199086733426,318.40591806807316,0.0,0.03902439024390244,0.0,2.6434891088674375,26.37748344370861,0.9324675324675324,1662.5700354119685,151,0.5816619396209717
ring,200,3000000.0,7,5,exclude,launch,0,0.0,prior,0.0,rr_sweep,12600.0,43200,1089431.9793259248,0,969193.9501768919,120238.02914903297,0,0,0.0,0,9.5817239933676,5.696910077988429,8015.8948489202385,6910.622145197594,1.159938234286291,2.0320457194410233,319.53551010496193,0.0,0.014388489208633094,0.0,2.2787124909674383,18.3125,0.9322916666666666,1745.8836937868991,208,0.5766558647155762
ring,200,3000000.0,5,6,exclude,launch,0,0.0,prior,0.0,rr_sweep,12600.0,43200,1239338.3898565648,0,1067054.124067734,172284.26578883082,0,0,0.0,0,9.615393291909244,5.70308901402488,7986.659159050209,6906.743402184571,1.1563567218269708,2.0309840622489785,318.8784409834216,0.0,0.034482758620689655,0.0,3.1579444245254717,34.69724770642202,0.9280742459396751,1790.5918639288407,109,0.5216608047485352
ring,200,3000000.0,6,7,exclude,launch,0,0.0,prior,0.0,rr_sweep,12600.0,43200,981387.3061215747,0,873932.6641585084,107454.64196306633,0,0,0.0,0,9.67245857027743,5.740183763687251,7937.573119120503,6863.5027934796,1.1564901126959957,2.0305719203986374,318.6235449342408,0.0,0.0196078431372549,0.0,2.653475689658064,27.753333333333334,0.9359605911330049,1570.9399397477132,150,0.3145458698272705
ring,200,3000000.0,11,7,exclude,launch,0,0.0,prior,0.0,rr_sweep,12600.0,43200,9909639.622798128,0,8816182.865148393,1093456.7576497365,0,49,0.6878525606887922,68,9.67245857027743,5.6395735344085525,7937.573119120503,6691.417573423834,1.1862319205195024,2.119949866257322,376.286310878938,0.0,0.0,0.0029542097488921715,1.4590997394763765,1.7608695652173914,0.47901234567901235,7420.592934038869,506,0.23002934455871582
ring,200,3000000.0,6,6,exclude,launch,0,0.0,prior,0.0,rr_sweep,12600.0,43200,1136268.3829786081,0,1016928.4388178384,119339.9441607698,0,0,0.0,0,9.615393291909244,5.674927657958188,7986.659159050209,6940.849467988321,1.150674596227052,2.031033242725715,318.9088642816509,0.0,0.0,0.0,2.6454771305156424,24.70198675496689,0.9158878504672897,1762.7724299412077,151,0.5466625690460205
ring,200,3000000.0,7,6,exclude,launch,0,0.0,prior,0.0,rr_sweep,12600.0,43200,1213840.0035526461,0,1047488.0278717934,166351.97568085283,0,0,0.0,0,9.615393291909244,5.71251995512425,7986.659159050209,6889.196768425053,1.1593019371510924,2.032795392250393,319.99989667609293,0.0,0.007168458781362007,0.0,2.2663608951558896,17.751196172248804,0.9250585480093677,1786.7752343311674,209,0.5346579551696777
ring,200,3000000.0,10,7,exclude,launch,0,0.0,prior,0.0,rr_sweep,12600.0,43200,3678233.904181903,0,2987155.7043577735,691078.1998241295,0,3,0.09335100426258587,10,9.67245857027743,5.523788815152367,7937.573119120503,6938.228836019356,1.144034494497085,2.0873933764326242,354.72730653286294,0.0,0.0,0.0,1.5947309194025667,3.2085308056872037,0.7283950617283951,4894.15992381284,422,0.27103209495544434
ring,200,3000000.0,12,8,exclude,launch,0,0.0,prior,0.0,rr_sweep,12600.0,43200,19952731.371465053,0,18704652.865079537,1248078.5063855154,0,126,0.9703617741500655,176,9.593953420773953,5.859052739995755,8005.252074719057,6413.900716798716,1.2481097585050571,2.1288268867508293,382.27504207547105,0.0,0.0,0.0012626262626262627,1.3574104622622956,1.462837837837838,0.31876606683804626,7574.2873868166125,592,0.13552427291870117
ring,200,3000000.0,4,7,exclude,launch,0,0.0,prior,0.0,rr_sweep,12600.0,43200,1155642.5892842193,0,1016806.8334123073,138835.75587191206,0,0,0.0,0,9.67245857027743,5.657740558513694,7937.573119120503,6953.848017596437,1.1414648550032713,2.0333950587512577,320.37160423545447,0.0,0.17204301075268819,0.0,3.938465432257538,53.60294117647059,0.927007299270073,1828.6127113424914,68,0.48107051849365234
ring,200,3000000.0,11,8,exclude,launch,0,0.0,prior,0.0,rr_sweep,12600.0,43200,9998769.166461335,0,8911483.69430291,1087285.4721584267,0,51,0.7247989975784676,71,9.593953420773953,5.640450770880185,8005.252074719057,6696.566650584904,1.1954263270148813,2.1179903555398654,374.9707305240464,0.0,0.0,0.0029542097488921715,1.4601211381590005,1.755424063116371,0.4512820512820513,7422.790422778811,507,0.24052667617797852
ring,200,3000000.0,9,7,exclude,launch,0,0.0,prior,0.0,rr_sweep,12600.0,43200,1563709.7840623164,0,1341558.05712444,222151.72693787637,0,0,0.0,0,9.67245857027743,5.639599018552339,7937.573119120503,6918.114538505713,1.147360754861828,2.05047280003645,331.04793108492595,0.0,0.006535947712418301,0.0,1.763174717689688,7.713450292397661,0.9037037037037037,2493.7395502997238,342,0.44655847549438477
ring,200,3000000.0,10,8,exclude,launch,0,0.0,prior,0.0,rr_sweep,12600.0,43200,3806997.0567980814,0,3089378.218654737,717618.8381433449,0,6,0.19145824423744315,14,9.593953420773953,5.523153017105109,8005.252074719057,6951.500012352217,1.1515862850455894,2.0836481450775004,352.28799069897207,0.0,0.0017793594306049821,0.0,1.5978486251299953,3.1809523809523808,0.7333333333333333,4952.877603921653,420,0.2751445770263672
ring,200,3000000.0,12,9,exclude,launch,0,0.0,prior,0.0,rr_sweep,12600.0,43200,19131963.784494046,0,17800690.614801995,1331273.1696920528,0,119,0.95093365395976,174,9.707421613060593,5.834355689957384,7907.783946703841,6416.74782933289,1.2323663259065558,2.1368897327548964,387.75547933304995,0.0,0.0,0.0012610340479192938,1.3586067977744538,1.3249158249158248,0.3525,8397.295378136994,594,0.1336195468902588
ring,200,3000000.0,8,7,exclude,launch,0,0.0,prior,0.0,rr_sweep,12600.0,43200,1133554.7426168544,0,1007556.354997494,125998.38761936019,0,0,0.0,0,9.67245857027743,5.717902094312484,7937.573119120503,6869.31355862816,1.1555118355531409,2.0367603477780816,322.46160561747854,0.0,0.002777777777777778,0.0,2.0006594269294746,13.227611940298507,0.9135802469135802,1860.6552510268302,268,0.5316696166992188
ring,200,3000000.0,4,8,exclude,launch,0,0.0,prior,0.0,rr_sweep,12600.0,43200,1269322.9054932077,0,1129757.5725955036,139565.332897704,0,0,0.0,0,9.593953420773953,5.771005574679703,8005.252074719057,6819.51130513983,1.1738747421219964,2.032755943176198,319.97545144972753,0.0,0.12903225806451613,0.0,3.942302302178362,49.53623188405797,0.9617346938775511,1992.7174306758038,69,0.45516037940979004
ring,200,3000000.0,5,7,exclude,launch,0,0.0,prior,0.0,rr_sweep,12600.0,43200,941692.6122612563,0,853897.276168946,87795.33609231045,0,0,0.0,0,9.67245857027743,5.9695523247479825,7937.573119120503,6602.213999820386,1.202259290495044,2.0298251376648135,318.1619442499058,0.0,0.0625,0.0,3.1766855679835295,39.81481481481482,0.9655172413793104,1560.3703213203921,108,0.5801830291748047
ring,200,3000000.0,9,8,exclude,launch,0,0.0,prior,0.0,rr_sweep,12600.0,43200,2102638.846526051,0,1719614.2775427839,383024.5689832667,0,0,0.0,0,9.593953420773953,5.534609364720158,8005.252074719057,7028.530338009428,1.1389652871564968,2.0565462914876167,334.88701981687075,0.0,0.0,0.0,1.7437707007558225,5.717579250720461,0.9130434782608695,3328.525114841695,347,0.36365222930908203
ring,200,3000000.0,7,7,exclude,launch,0,0.0,prior,0.0,rr_sweep,12600.0,43200,1034488.700673812,0,928616.9922810668,105871.70839274509,0,0,0.0,0,9.67245857027743,5.6634372249046345,7937.573119120503,6948.119871755498,1.1424058976568883,2.033024411705355,320.14183055375827,0.0,0.007220216606498195,0.0,2.2777442895862983,18.946859903381643,0.9358024691358025,1690.6624240847548,207,0.5831785202026367
ring,200,3000000.0,11,9,exclude,launch,0,0.0,prior,0.0,rr_sweep,12600.0,43200,9323460.378038839,0,8181504.848432466,1141955.5296063726,0,42,0.6640613327628871,59,9.707421613060593,5.644511564023162,7907.783946703841,6681.905142382485,1.1834624673950789,2.121110597779011,377.06669173572334,0.0,0.0,0.0014771048744460858,1.4591693726794384,1.8720472440944882,0.505,6941.408488459291,508,0.2391345500946045
ring,200,3000000.0,7,9,exclude,launch,0,0.0,prior,0.0,rr_sweep,12600.0,43200,1048053.714021934,0,919876.2939641513,128177.42005778269,0,0,0.0,0,9.707421613060593,5.734225041598245,7907.783946703841,6866.353422527022,1.1516715584082973,2.0318381035586217,319.4069615866357,0.0,0.010752688172043012,0.0,2.267476059784345,18.94736842105263,0.9454094292803971,1672.0820175706294,209,0.3036377429962158
ring,200,3000000.0,10,9,exclude,launch,0,0.0,prior,0.0,rr_sweep,12600.0,43200,3381829.608130438,0,2685633.678227759,696195.9299026787,0,2,0.09341299771992793,9,9.707421613060593,5.531979176482024,7907.783946703841,6936.242974291654,1.140067321172728,2.08489963064281,353.10216257067174,0.0,0.0017761989342806395,0.0,1.5940520161300018,3.441805225653207,0.7915632754342432,4567.089858647691,421,0.29013705253601074
ring,200,3000000.0,5,8,exclude,launch,0,0.0,prior,0.0,rr_sweep,12600.0,43200,1101440.0874501057,0,971331.7096639356,130108.37778617015,0,0,0.0,0,9.593953420773953,5.6834277223554635,8005.252074719057,6931.545014609632,1.1549015490552785,2.030717903393265,318.7138189126225,0.0,0.06293706293706294,0.0,3.163029901174753,34.77570093457944,0.9438775510204082,1803.5114597648787,107,0.5141668319702148
ring,200,3000000.0,8,8,exclude,launch,0,0.0,prior,0.0,rr_sweep,12600.0,43200,1271520.234638557,0,1116273.3528603653,155246.88177819163,0,0,0.0,0,9.593953420773953,5.635177061798592,8005.252074719057,6965.237944416289,1.1493149463955499,2.0381984325211606,323.35679558681863,0.0,0.0027624309392265192,0.0,1.9870269784529355,11.403703703703703,0.9360613810741688,2166.796331414991,270,0.47316431999206543
ring,200,3000000.0,6,8,exclude,launch,0,0.0,prior,0.0,rr_sweep,12600.0,43200,1072797.7721997,0,949979.9202935837,122817.85190611627,0,0,0.0,0,9.593953420773953,5.737978501822316,8005.252074719057,6866.540706057616,1.1658347947543481,2.0304536085368943,318.550391804012,0.0,0.0196078431372549,0.0,2.640737517465769,24.84,0.9511568123393316,1728.9733779290134,150,0.5311684608459473
ring,200,3000000.0,7,8,exclude,launch,0,0.0,prior,0.0,rr_sweep,12600.0,43200,1068445.6737450578,0,957660.0847104073,110785.58903465055,0,0,0.0,0,9.593953420773953,5.71089261660348,8005.252074719057,6892.484326161707,1.1614465403038543,2.0324047709952513,319.75788335212695,0.0,0.014336917562724014,0.0,2.262563576195299,17.47846889952153,0.948849104859335,1816.8637951248513,209,0.555173397064209
ring,200,3000000.0,4,9,exclude,launch,0,0.0,prior,0.0,rr_sweep,12600.0,43200,1148845.8913041176,0,1013367.885431097,135478.0058730206,0,0,0.0,0,9.707421613060593,5.6091362125860815,7907.783946703841,7016.468882961154,1.1270318558537562,2.0327098745778733,319.9469055151941,0.0,0.11827956989247312,0.0,3.924157871976088,52.51470588235294,0.9364303178484108,1867.8085507127307,68,0.4736618995666504
ring,200,3000000.0,9,9,exclude,launch,0,0.0,prior,0.0,rr_sweep,12600.0,43200,1772764.739835419,0,1482212.3839165138,290552.3559189053,0,0,0.0,0,9.707421613060593,5.588275291281814,7907.783946703841,6973.852665959794,1.133918986459619,2.0527659095301485,332.49481808065224,0.0,0.0021645021645021645,0.0,1.7504729535626948,6.892753623188406,0.9156327543424317,2783.1091422338486,345,0.41364622116088867
ring,200,3000000.0,8,10,exclude,launch,0,0.0,prior,0.0,rr_sweep,12600.0,43200,1190314.5293964013,0,1050463.9247782663,139850.60461813485,0,0,0.0,0,9.682464971833335,5.688249755906187,7929.025501191047,6905.043972235135,1.1482947151492873,2.0367835631629383,322.4760470534517,0.0,0.008333333333333333,0.0,1.9917984526737627,12.50187265917603,0.93,1967.8137061082698,267,0.2555196285247803
ring,200,3000000.0,4,10,exclude,launch,0,0.0,prior,0.0,rr_sweep,12600.0,43200,1158823.0879611003,0,1025498.0922808892,133324.9956802112,0,0,0.0,0,9.682464971833335,5.387195414497429,7929.025501191047,7302.100066159068,1.0858554976447679,2.0336652956802324,320.53918304811054,0.0,0.12903225806451613,0.0,3.896406281263915,49.970588235294116,0.9253731343283582,1899.6614658184417,68,0.427152156829834
ring,200,3000000.0,5,9,exclude,launch,0,0.0,prior,0.0,rr_sweep,12600.0,43200,1000659.5254567438,0,893789.5195192068,106870.00593753703,0,0,0.0,0,9.707421613060593,5.74479873706236,7907.783946703841,6859.834222468413,1.1527660421884567,2.0300257568470768,318.285917930518,0.0,0.10416666666666667,0.0,3.168884828468416,38.299065420560744,0.9411764705882353,1640.0243024198046,107,0.5676765441894531
ring,200,3000000.0,11,10,exclude,launch,0,0.0,prior,0.0,rr_sweep,12600.0,43200,10665430.71211322,0,9629873.478502784,1035557.2336104373,0,53,0.7757721209926352,70,9.682464971833335,5.676790966640999,7929.025501191047,6679.296729856893,1.1871048438000642,2.1098731563646798,369.545526965669,0.0,0.0,0.0,1.4607426349996167,2.0433925049309667,0.5508684863523573,6378.37648055648,507,0.25052952766418457
ring,200,3000000.0,12,10,exclude,launch,0,0.0,prior,0.0,rr_sweep,12600.0,43200,19861968.140629366,0,18620555.614042252,1241412.526587113,0,124,0.9566103625820888,176,9.682464971833335,5.83009085564139,7929.025501191047,6423.8813826581045,1.2343044693502943,2.136078216240975,387.2021140251824,0.0,0.0,0.0025252525252525255,1.3583760277988508,1.366554054054054,0.3625,8112.052950199537,592,0.24652314186096191
ring,200,3000000.0,8,9,exclude,launch,0,0.0,prior,0.0,rr_sweep,12600.0,43200,1173804.185704021,0,1033109.4650704399,140694.72063358125,0,0,0.0,0,9.707421613060593,5.6994224655375145,7907.783946703841,6887.409083396688,1.1481507561046354,2.0379956750479065,323.23050642544774,0.0,0.0027397260273972603,0.0,1.961751622613711,12.496323529411764,0.9373433583959899,1929.0324895730187,272,0.5321609973907471
ring,200,3000000.0,10,10,exclude,launch,0,0.0,prior,0.0,rr_sweep,12600.0,43200,3893939.9988261247,0,3147090.7172739105,746849.2815522144,0,6,0.2567841027229453,11,9.682464971833335,5.532162916821223,7929.025501191047,6946.547068006446,1.1414340712826347,2.081737871561487,351.0470468311127,0.0,0.0017825311942959,0.0,1.5985398041288497,3.556085918854415,0.7655860349127181,4401.236200118862,419,0.304532527923584
ring,200,3000000.0,6,9,exclude,launch,0,0.0,prior,0.0,rr_sweep,12600.0,43200,1040664.672320071,0,915290.5914843532,125374.08083571774,0,0,0.0,0,9.707421613060593,5.68689051648616,7907.783946703841,6928.359173605312,1.1413646071973005,2.0304145913516454,318.52626902111336,0.0,0.05365853658536585,0.0,2.6351905839246563,26.62251655629139,0.9429280397022333,1633.5916117304323,151,0.5816733837127686
ring,200,3000000.0,11,11,exclude,launch,0,0.0,prior,0.0,rr_sweep,12600.0,43200,9595766.879260773,0,8441988.14409576,1153778.7351650125,0,47,0.6632337740916034,66,9.620332515526059,5.615771408280802,7982.387549587255,6701.889284608309,1.1910652669120876,2.125608688502168,380.098475889471,0.0,0.0,0.0,1.4604721658373787,1.7258382642998027,0.4506024096385542,7527.082670058313,507,0.22711968421936035
ring,200,3000000.0,10,11,exclude,launch,0,0.0,prior,0.0,rr_sweep,12600.0,43200,3669377.182116046,0,2866113.5863540573,803263.5957619883,0,3,0.09111691644450672,7,9.620332515526059,5.506899560943917,7982.387549587255,6954.21313487498,1.147849137604949,2.0889826573085015,355.76496837560563,0.0,0.0017730496453900709,0.0,1.590454217713656,3.16548463356974,0.7344497607655502,4931.2812414975815,423,0.27712583541870117
ring,200,3000000.0,6,11,exclude,launch,0,0.0,prior,0.0,rr_sweep,12600.0,43200,940561.7376511376,0,839015.5465796599,101546.19107147769,0,0,0.0,0,9.620332515526059,5.810609075985263,7982.387549587255,6782.226801715071,1.1769567404570858,2.029999916842188,318.26994860847446,0.0,0.03902439024390244,0.0,2.6460275619211315,28.37748344370861,0.9403341288782816,1536.7578307442668,151,0.3306283950805664
ring,200,3000000.0,12,11,exclude,launch,0,0.0,prior,0.0,rr_sweep,12600.0,43200,20460565.52966703,0,19151993.637645923,1308571.8920211075,0,131,0.9660643086923633,179,9.620332515526059,5.83990472424796,7982.387549587255,6418.017649314456,1.2437465874591196,2.134436888969961,386.08411651675317,0.0,0.0,0.0012531328320802004,1.3554635616284099,1.4133333333333333,0.2966507177033493,7791.114806429149,600,0.23762226104736328
ring,200,3000000.0,9,10,exclude,launch,0,0.0,prior,0.0,rr_sweep,12600.0,43200,1648274.6543869094,0,1403512.262660743,244762.39172616648,0,0,0.0,0,9.682464971833335,5.646782092917548,7929.025501191047,6913.947963264334,1.1468159065298282,2.049098576481728,330.1823469527963,0.0,0.0,0.0,1.7628464643285766,7.334310850439882,0.9104477611940298,2627.2382340350455,341,0.42363953590393066
ring,200,3000000.0,5,10,exclude,launch,0,0.0,prior,0.0,rr_sweep,12600.0,43200,1063271.789542374,0,945718.4399692068,117553.34957316727,0,0,0.0,0,9.682464971833335,5.704789341587177,7929.025501191047,6907.313445396938,1.147917430397629,2.030211160022579,318.4005102705204,0.0,0.11724137931034483,0.0,3.1639511672905507,37.027522935779814,0.9128329297820823,1677.8461701126507,109,0.5577688217163086
ring,200,3000000.0,9,11,exclude,launch,0,0.0,prior,0.0,rr_sweep,12600.0,43200,1634159.6010349693,0,1376910.1047993943,257249.49623557494,0,0,0.0,0,9.620332515526059,5.605216725974888,7982.387549587255,6956.397861594533,1.147488644037612,2.0516967230554526,331.8197991856731,0.0,0.0,0.0,1.7607324768354276,7.4035087719298245,0.9019138755980861,2593.7919107777807,342,0.4026529788970947
ring,200,3000000.0,4,11,exclude,launch,0,0.0,prior,0.0,rr_sweep,12600.0,43200,1119717.093003423,0,994057.6568404172,125659.43616300584,0,0,0.0,0,9.620332515526059,5.327569015083826,7982.387549587255,7378.715059226815,1.0818126849342922,2.0350737988589747,321.4133307253048,0.0,0.1134020618556701,0.0,3.798151364634841,50.0,0.9433962264150944,1848.5072818864473,72,0.4651660919189453
ring,200,3000000.0,6,10,exclude,launch,0,0.0,prior,0.0,rr_sweep,12600.0,43200,1017571.17670972,0,906919.1036422851,110652.0730674349,0,0,0.0,0,9.682464971833335,5.672523864638774,7929.025501191047,6946.59594173718,1.1414260405663073,2.030213059371117,318.40168430963905,0.0,0.014634146341463415,0.0,2.654095378503173,26.410596026490065,0.9240196078431373,1660.208487660452,151,0.5662860870361328
ring,200,3000000.0,7,10,exclude,launch,0,0.0,prior,0.0,rr_sweep,12600.0,43200,1052538.8673867597,0,935773.9709695808,116764.89641717894,0,0,0.0,0,9.682464971833335,5.703243303458252,7929.025501191047,6902.486577022818,1.1487201623231544,2.0321816103205723,319.61966300519106,0.0,0.007168458781362007,0.0,2.2653921047305334,18.559808612440193,0.9382716049382716,1713.6644834294295,209,0.5697023868560791
ring,200,3000000.0,5,12,exclude,launch,0,0.0,prior,0.0,rr_sweep,12600.0,43200,980270.7049152751,0,867519.1743042629,112751.53061101233,0,0,0.0,0,9.586499762957338,5.847678413647395,8011.735459045254,6740.834152805539,1.1885376909489407,2.02951779566307,317.97206747608374,0.0,0.0625,0.0,3.178277204890856,39.7037037037037,0.9557739557739557,1567.5328474740852,108,0.3145883083343506
core,200,1500000.0,2,1,exclude,launch,0,0.0,prior,0.0,rr_sweep,12600.0,43200,4338014.9360968685,0,3330223.7369905408,1007791.1991063282,0,0,0.0,0,5.817375238242085,12.05017347821557,6542.619886436506,1622.9387930533596,4.031341116769642,2.045335474304876,327.81787615205985,0.0,0.041666666666666664,0.0,3.726842137801777,31.083333333333332,0.5845410628019324,5833.666405734075,36,0.16147089004516602
ring,200,3000000.0,11,12,exclude,launch,0,0.0,prior,0.0,rr_sweep,12600.0,43200,9744274.066498403,0,8557748.982594902,1186525.083903499,0,47,0.713956284014135,63,9.586499762957338,5.671815028042938,8011.735459045254,6677.087506960197,1.1998847477577341,2.112422866900555,371.2453904409749,0.0,0.0,0.0014749262536873156,1.4591565419523624,2.0511811023622046,0.5796019900497512,6346.890173500444,508,0.261089563369751
ring,200,3000000.0,12,12,exclude,launch,0,0.0,prior,0.0,rr_sweep,12600.0,43200,19595092.953396536,0,18189042.299162842,1406050.6542336906,0,119,0.9551205753801925,166,9.586499762957338,5.8564649946323275,8011.735459045254,6401.042581715193,1.251629770739389,2.134045717118994,385.8179065547798,0.0,0.0,0.0025157232704402514,1.3538095650970905,1.4696969696969697,0.4014962593516209,7567.785655807563,594,0.25959110260009766
core,200,1500000.0,4,1,exclude,launch,0,0.0,prior,0.0,rr_sweep,12600.0,43200,1802720.775842767,0,1503467.382162398,299253.39368036896,0,0,0.0,0,5.817375238242085,13.168052147718141,6542.619886436506,1499.9745438002049,4.36182061454236,2.0251377295487942,315.2722093633371,0.0,0.0,0.0,1.8902775118595436,17.612676056338028,0.8995215311004785,2608.073640712382,142,0.19449329376220703
ring,200,3000000.0,10,12,exclude,launch,0,0.0,prior,0.0,rr_sweep,12600.0,43200,3450050.773329055,0,2633931.112659838,816119.6606692167,0,3,0.05379139347091208,8,9.586499762957338,5.527878200575605,8011.735459045254,6941.270650318213,1.15421741387911,2.084935111218299,353.1252586662788,0.0,0.0,0.0,1.5945961708854772,3.430260047281324,0.7518610421836228,4565.504202539313,423,0.28659749031066895
ring,200,3000000.0,5,11,exclude,launch,0,0.0,prior,0.0,rr_sweep,12600.0,43200,950927.5006492083,0,852495.6345702161,98431.86607899232,0,0,0.0,0,9.620332515526059,5.782571262763774,7982.387549587255,6814.215835012151,1.1714315693631123,2.030266777267798,318.43488970253225,0.0,0.09655172413793103,0.0,3.1825855003283556,39.657407407407405,0.9524940617577197,1577.3092330842862,108,0.5626246929168701
ring,200,3000000.0,8,11,exclude,launch,0,0.0,prior,0.0,rr_sweep,12600.0,43200,1185685.0885259695,0,1031446.5396360904,154238.5488898791,0,0,0.0,0,9.620332515526059,5.672302982972591,7982.387549587255,6920.120375272028,1.1535041468514151,2.038059775443269,323.27042921799926,0.0,0.005494505494505495,0.0,1.9817664383075773,12.621323529411764,0.9282296650717703,1937.0930821415404,272,0.5416243076324463
core,200,1500000.0,2,2,exclude,launch,0,0.0,prior,0.0,rr_sweep,12600.0,43200,4562263.454455032,0,3478075.399797645,1084188.0546573875,0,0,0.0,0,5.159223286643748,11.02893409904426,7419.771693842448,1772.1628664582981,4.186845258004421,2.046552157860546,328.5814257367698,0.0,0.06,0.0,3.622671642997857,28.675675675675677,0.5714285714285714,6228.007055205521,37,0.14548921585083008
core,200,1500000.0,3,1,exclude,launch,0,0.0,prior,0.0,rr_sweep,12600.0,43200,2617013.417027835,0,2050759.2644151933,566254.1526126413,0,0,0.0,0,5.817375238242085,13.190352007500648,6542.619886436506,1492.5032139584528,4.383655475745351,2.0318345021354283,319.4047319391199,0.0,0.009259259259259259,0.0,2.507505003508434,22.839506172839506,0.8238095238095238,3599.2820067390267,81,0.25302720069885254
ring,200,3000000.0,4,12,exclude,launch,0,0.0,prior,0.0,rr_sweep,12600.0,43200,1197688.7673610242,0,1057087.0133385935,140601.75402243066,0,0,0.0,0,9.586499762957338,5.66877073181815,8011.735459045254,6940.302415477778,1.1543784376280264,2.0333994396807995,320.37432057977696,0.0,0.21649484536082475,0.0,3.793672680372641,50.208333333333336,0.9414634146341463,1836.9806522576025,72,0.4626469612121582
ring,200,3000000.0,7,11,exclude,launch,0,0.0,prior,0.0,rr_sweep,12600.0,43200,1007638.9729181937,0,896446.7398751007,111192.23304309297,0,0,0.0,0,9.620332515526059,5.701590081844076,7982.387549587255,6902.695871891221,1.1564159420803537,2.0327092224976857,319.9465014695323,0.0,0.010714285714285714,0.0,2.2618134395012772,19.214285714285715,0.9258373205741627,1651.2568098873983,210,0.5991554260253906
ring,200,3000000.0,9,12,exclude,launch,0,0.0,prior,0.0,rr_sweep,12600.0,43200,1767163.7403025704,0,1462428.7428548546,304734.9974477161,0,0,0.0,0,9.586499762957338,5.636963515896421,8011.735459045254,6916.837796945765,1.1582945406906835,2.0518101395070243,331.89137087093576,0.0,0.0,0.0,1.7411122105139003,7.151428571428571,0.9209876543209876,2646.2556727743163,350,0.41263246536254883
core,200,1500000.0,4,2,exclude,launch,0,0.0,prior,0.0,rr_sweep,12600.0,43200,1843738.536895403,0,1541857.3418182626,301881.1950771405,0,0,0.0,0,5.159223286643748,13.39864533078082,7419.771693842448,1474.2335117220753,5.0329690885776275,2.025036338487883,315.2098485661936,0.0,0.0,0.0,1.8918220651579978,16.666666666666668,0.9102244389027432,2759.691427754129,144,0.18855857849121094
core,200,1500000.0,2,3,exclude,launch,0,0.0,prior,0.0,rr_sweep,12600.0,43200,4277095.536478756,0,3270129.4650418833,1006966.0714368722,0,0,0.0,0,4.838213115042605,12.764543918280408,7934.181769636198,1531.9299428533168,5.179206664541252,2.0455767765991406,327.9692387290347,0.0,0.04081632653061224,0.0,3.7064402994385253,31.864864864864863,0.6148491879350348,5661.124390931064,37,0.15604543685913086
core,200,1500000.0,3,2,exclude,launch,0,0.0,prior,0.0,rr_sweep,12600.0,43200,2608896.639181793,0,2074999.1048345491,533897.5343472441,0,0,0.0,0,5.159223286643748,15.309883687406105,7419.771693842448,1286.300553228567,5.768303275015388,2.0311670542729194,318.99164814536704,0.0,0.009345794392523364,0.0,2.5322322125044567,22.175,0.8383084577114428,3723.673087973102,80,0.23808073997497559
ring,200,3000000.0,8,12,exclude,launch,0,0.0,prior,0.0,rr_sweep,12600.0,43200,1222956.6799241938,0,1064857.44390301,158099.23602118363,0,0,0.0,0,9.586499762957338,5.634266522705609,8011.735459045254,6965.273660809204,1.1502398684094883,2.038517367322209,323.55549666895536,0.0,0.002717391304347826,0.0,1.9715653597291662,12.467153284671532,0.9530864197530864,1943.9253836072478,274,0.49414825439453125
core,200,1500000.0,5,1,exclude,launch,0,0.0,prior,0.0,rr_sweep,12600.0,43200,1428017.823580707,0,1214517.2063674584,213500.61721324845,0,0,0.0,0,5.817375238242085,11.985150250634558,6542.619886436506,1650.5767564468342,3.963838616339589,2.0219982872755735,313.34414975826166,0.0,0.0,0.0,1.4604089502337443,13.334782608695653,0.9106280193236715,2146.972984072436,230,0.4466407299041748
ring,200,3000000.0,6,12,exclude,launch,0,0.0,prior,0.0,rr_sweep,12600.0,43200,979631.3650223522,0,870215.8016846969,109415.56333765537,0,0,0.0,0,9.586499762957338,5.738396971588596,8011.735459045254,6867.861548650131,1.166554596695379,2.0299150657784657,318.21751281523836,0.0,0.01951219512195122,0.0,2.6494134764846575,28.05298013245033,0.9482758620689655,1559.6227549978762,151,0.6037483215332031
core,200,1500000.0,3,3,exclude,launch,0,0.0,prior,0.0,rr_sweep,12600.0,43200,2562686.4339045496,0,2040300.287717497,522386.1461870524,0,0,0.0,0,4.838213115042605,12.459081718799315,7934.181769636198,1579.823551587795,5.022194891107922,2.032194974658469,319.62793971305933,0.0,0.01834862385321101,0.0,2.497377949484242,23.08641975308642,0.8481308411214953,3552.1371848524363,81,0.2556476593017578
ring,200,3000000.0,7,12,exclude,launch,0,0.0,prior,0.0,rr_sweep,12600.0,43200,1010350.4122097621,0,888801.4195023321,121548.99270743008,0,0,0.0,0,9.586499762957338,5.753891478943774,8011.735459045254,6844.061908682083,1.1706111905390437,2.031488606786259,319.1906237789571,0.0,0.01079136690647482,0.0,2.2715784763641365,19.826923076923077,0.9408866995073891,1617.9980366837099,208,0.631248950958252
core,200,1500000.0,4,4,exclude,launch,0,0.0,prior,0.0,rr_sweep,12600.0,43200,1720722.0924070035,0,1433874.871222372,286847.2211846317,0,0,0.0,0,6.029864771348001,13.520595212201657,6300.314603527087,1461.329671063039,4.311357476881959,2.024491595403116,314.8749087154865,0.0,0.0,0.0,1.7633972743692041,16.539473684210527,0.9036144578313253,2604.0557524476303,152,0.20061731338500977
core,200,1500000.0,3,4,exclude,launch,0,0.0,prior,0.0,rr_sweep,12600.0,43200,2449749.900256621,0,1970568.5975222907,479181.3027343308,0,0,0.0,0,6.029864771348001,13.756255522907733,6300.314603527087,1432.0507265266492,4.3995051898811655,2.0304923383906504,318.57433784454923,0.0,0.018518518518518517,0.0,2.5190914054072575,22.962962962962962,0.8660287081339713,3581.5122710473406,81,0.258624792098999
core,200,1500000.0,6,1,exclude,launch,0,0.0,prior,0.0,rr_sweep,12600.0,43200,1156031.1262925973,0,1003914.6995458633,152116.42674673392,0,0,0.0,1,5.817375238242085,12.56219880866976,6542.619886436506,1577.1535447967353,4.148372178486733,2.0189257754900733,311.4629207874143,0.0,0.0,0.0,1.2710673370531813,11.723270440251572,0.9347826086956522,1765.063074951849,318,0.5606493949890137
core,200,1500000.0,4,3,exclude,launch,0,0.0,prior,0.0,rr_sweep,12600.0,43200,1738036.2955485259,0,1445736.9726000563,292299.3229484696,0,0,0.0,0,4.838213115042605,12.45909533749487,7934.181769636198,1585.1586476927691,5.005291919004171,2.025353094932717,315.40469078643054,0.0,0.005263157894736842,0.0,1.89269771166341,18.169014084507044,0.9129411764705883,2567.2651502057643,142,0.36565613746643066
core,200,1500000.0,5,2,exclude,launch,0,0.0,prior,0.0,rr_sweep,12600.0,43200,1480815.3631347583,0,1256143.509228898,224671.8539058602,0,0,0.0,0,5.159223286643748,12.66580502007067,7419.771693842448,1562.2364091581317,4.74945510829623,2.0215311510365583,313.0577677614228,0.0,0.0,0.0,1.5177497884249718,13.313636363636364,0.9271356783919598,2212.187453353546,220,0.4451792240142822
core,200,1500000.0,8,2,exclude,launch,0,0.0,prior,0.0,rr_sweep,12600.0,43200,946690.5037305586,0,865731.3518055959,80959.15192496263,0,1,0.14791443645056,1,5.159223286643748,14.998964676227759,7419.771693842448,1323.5020589055462,5.606165584644528,2.0149955332417973,309.06477975023995,0.0,0.0,0.0,0.9106727874677796,8.29391891891892,0.9522613065326633,1329.9729834881703,592,0.44766712188720703
core,200,1500000.0,2,5,exclude,launch,0,0.0,prior,0.0,rr_sweep,12600.0,43200,4457751.667620486,0,3455435.5160889206,1002316.1515315651,0,0,0.0,0,5.1150318495492835,10.60232258450229,7486.75482575108,1844.076678164365,4.059893449335069,2.0458792710129377,328.1590348603663,0.0,0.04,0.0,3.680351856213539,28.789473684210527,0.5564102564102564,6185.048022684325,38,0.1490175724029541
core,200,1500000.0,3,5,exclude,launch,0,0.0,prior,0.0,rr_sweep,12600.0,43200,2554991.204054436,0,2038673.7909352116,516317.4131192246,0,0,0.0,0,5.1150318495492835,14.536624956347007,7486.75482575108,1354.6072016040998,5.526882491755107,2.0313418937215015,319.09983052351595,0.0,0.009259259259259259,0.0,2.4979607719202557,22.11111111111111,0.8276762402088773,3676.2510418110023,81,0.13301372528076172
core,200,1500000.0,5,3,exclude,launch,0,0.0,prior,0.0,rr_sweep,12600.0,43200,1288581.9947803945,0,1132398.6161978801,156183.37858251424,0,1,0.060834835610813695,1,4.838213115042605,13.711798274085009,7934.181769636198,1443.441725875957,5.496710831759637,2.021000032927434,312.7323201713463,0.0,0.0,0.0,1.4648306193740248,15.327510917030567,0.933806146572104,1871.3378843608275,229,0.5052449703216553
core,200,1500000.0,6,2,exclude,launch,0,0.0,prior,0.0,rr_sweep,12600.0,43200,1194854.9442355693,0,1075008.4152965993,119846.52893897,0,1,0.11719346605875143,1,5.159223286643748,14.30081868280293,7419.771693842448,1385.9082761388859,5.353724933740775,2.0182018630962375,311.02051020379486,0.0,0.0,0.0,1.2267658862227784,11.663636363636364,0.9422110552763819,1709.5681421423124,330,0.5887856483459473
core,200,1500000.0,3,6,exclude,launch,0,0.0,prior,0.0,rr_sweep,12600.0,43200,2814129.839278256,0,2220659.935719064,593469.9035591924,0,0,0.0,0,4.910322515263031,11.891947251703984,7812.771097824855,1654.5727576826516,4.721926588932362,2.032924021926224,320.079610521674,0.0,0.02702702702702703,0.0,2.405142862616641,20.297619047619047,0.8094117647058824,3797.309049786185,84,0.13311171531677246
core,200,1500000.0,2,6,exclude,launch,0,0.0,prior,0.0,rr_sweep,12600.0,43200,4729413.066441715,0,3611517.177116383,1117895.889325332,0,0,0.0,0,4.910322515263031,10.942920396253447,7812.771097824855,1785.8416092770929,4.374839883469542,2.0468396146578103,328.76195364507396,0.0,0.04081632653061224,0.0,3.695211876177537,28.86111111111111,0.5373831775700935,6365.288476075991,36,0.13961148262023926
core,200,1500000.0,7,1,exclude,launch,0,0.0,prior,0.0,rr_sweep,12600.0,43200,1025432.7015630658,0,912243.7145966719,113188.98696639389,0,1,0.0725411653419632,1,5.817375238242085,13.129062571137704,6542.619886436506,1510.3674750075472,4.331806659438169,2.0171753316689154,310.39369660673054,0.0,0.0,0.0,1.0449429828235146,9.902222222222223,0.941747572815534,1470.2622430527072,450,0.7137596607208252
core,200,1500000.0,5,4,exclude,launch,0,0.0,prior,0.0,rr_sweep,12600.0,43200,1310381.6844816825,0,1138907.6962911985,171473.98819048403,0,0,0.0,0,6.029864771348001,13.942184672015602,6300.314603527087,1420.138324876421,4.436409111116224,2.0202192854006946,312.25421709105115,0.0,0.0,0.0,1.5065182477113004,14.20627802690583,0.9301204819277108,2080.5617667791744,223,0.4552340507507324
core,200,1500000.0,6,3,exclude,launch,0,0.0,prior,0.0,rr_sweep,12600.0,43200,1134005.079773006,0,1007640.4115734297,126364.66819957625,0,1,0.07041328727023614,1,4.838213115042605,13.26447197305454,7934.181769636198,1493.963257489916,5.310827913510284,2.018506295720387,311.20652232661934,0.0,0.004662004662004662,0.0,1.2577945515625257,12.442367601246106,0.9385342789598109,1649.7353262206252,321,0.584754228591919
core,200,1500000.0,4,5,exclude,launch,0,0.0,prior,0.0,rr_sweep,12600.0,43200,1786765.3677813131,0,1532260.1476320126,254505.22014930059,0,0,0.0,0,5.1150318495492835,12.965959045367,7486.75482575108,1523.546146163968,4.9140322034888575,2.0248820610911284,315.11497174392,0.0,0.005263157894736842,0.0,1.9053647434908825,16.64788732394366,0.9007832898172323,2796.713178953193,142,0.3291337490081787
core,200,1500000.0,7,2,exclude,launch,0,0.0,prior,0.0,rr_sweep,12600.0,43200,1036928.6726108888,0,945032.4211742457,91896.25143664329,0,1,0.13504226091060012,1,5.159223286643748,14.807032702595253,7419.771693842448,1339.8229810183893,5.537874628932499,2.0162507089611386,309.8296510392051,0.0,0.0,0.0,1.0536442399786226,9.923937360178972,0.9371859296482412,1481.881484678909,447,0.6942911148071289
core,200,1500000.0,8,1,exclude,launch,0,0.0,prior,0.0,rr_sweep,12600.0,43200,903682.487125753,0,818646.5169812584,85035.97014449465,0,1,0.08231440158559952,1,5.817375238242085,13.273487981410353,6542.619886436506,1494.7499438162636,4.377066487610942,2.0160736090878655,309.7216737254521,0.0,0.0,0.0,0.8958601390728566,8.270450751252087,0.9393203883495146,1322.8395843860121,599,0.7957592010498047
core,200,1500000.0,7,3,exclude,launch,0,0.0,prior,0.0,rr_sweep,12600.0,43200,945958.6677873317,0,856634.6281672186,89324.03962011305,0,1,0.08441069167930611,1,4.838213115042605,14.590330841397883,7934.181769636198,1359.7356690501408,5.835091297692229,2.016231340928603,309.81784148566396,0.0,0.003430531732418525,0.0,1.0781087185831728,11.018306636155607,0.9550827423167849,1363.7818133730327,437,0.6457583904266357
core,200,1500000.0,6,4,exclude,launch,0,0.0,prior,0.0,rr_sweep,12600.0,43200,1096672.8993453656,0,969091.7474928149,127581.15185255079,0,0,0.0,0,6.029864771348001,13.311762879281792,6300.314603527087,1488.6033785685077,4.232366185804096,2.018577453082102,311.25000837816657,0.0,0.0,0.0,1.140443708108908,10.531073446327683,0.9421686746987952,1752.294749816604,354,0.5607454776763916
core,200,1500000.0,2,7,exclude,launch,0,0.0,prior,0.0,rr_sweep,12600.0,43200,4195162.472644449,0,3376213.131616202,818949.3410282469,0,0,0.0,0,5.136971107610754,12.011456852058583,7453.356364169037,1627.6224831739814,4.579290616356229,2.046023537011737,328.2495719947633,0.0,0.061224489795918366,0.0,3.6867405365163166,29.0,0.6231527093596059,6244.284409435359,37,0.14502167701721191
core,200,1500000.0,5,5,exclude,launch,0,0.0,prior,0.0,rr_sweep,12600.0,43200,1376163.3688397808,0,1197350.9893174192,178812.37952236165,0,0,0.0,0,5.1150318495492835,12.602402232866375,7486.75482575108,1570.235222150046,4.767919302879879,2.0213519581686663,312.94794673649056,0.0,0.0,0.0,1.4838559849502835,13.314159292035399,0.9138381201044387,2187.600450190423,226,0.4381442070007324
core,200,1500000.0,9,1,exclude,launch,0,0.0,prior,0.0,rr_sweep,12600.0,43200,812425.8544820389,0,746677.0938974121,65748.7605846268,0,1,0.0915604577830272,1,5.817375238242085,13.34540892982186,6542.619886436506,1487.175286628171,4.399360280703962,2.0154217705380097,309.32441162476397,0.0,0.0,0.0,0.7816361883297804,7.099354838709678,0.9586374695863747,1189.969256196757,775,0.9363555908203125
core,200,1500000.0,3,7,exclude,launch,0,0.0,prior,0.0,rr_sweep,12600.0,43200,2558972.359868448,0,2070127.2323314897,488845.12753695826,0,0,0.0,0,5.136971107610754,13.453863929938013,7453.356364169037,1463.144337379039,5.094067737377428,2.0320097595238025,319.5132431257129,0.0,0.0,0.0,2.4862830578855526,21.25925925925926,0.8271604938271605,3795.131105954004,81,0.21362018585205078
core,200,1500000.0,7,4,exclude,launch,0,0.0,prior,0.0,rr_sweep,12600.0,43200,930058.873812929,0,830614.5860609784,99444.28775195077,0,1,0.08132838999818155,1,6.029864771348001,15.708922938678269,6300.314603527087,1263.5071421117264,4.986370392016334,2.015282255358004,309.2394174134506,0.0,0.0,0.0,1.0716375487333771,10.665148063781322,0.9444444444444444,1400.8204168308198,439,0.6993577480316162
core,200,1500000.0,4,6,exclude,launch,0,0.0,prior,0.0,rr_sweep,12600.0,43200,1928566.9061438907,0,1621811.8462486996,306755.0598951912,0,0,0.0,0,4.910322515263031,11.407338375610388,7812.771097824855,1730.5117286391771,4.514717218338985,2.0262877552902605,315.9799669976165,0.0,0.010256410256410256,0.0,1.8520437087514219,16.09027777777778,0.8747044917257684,2779.805156188574,144,0.33012819290161133
core,200,1500000.0,2,8,exclude,launch,0,0.0,prior,0.0,rr_sweep,12600.0,43200,3839860.9323503757,0,3007935.6407771152,831925.2915732609,0,0,0.0,0,5.966948405413719,13.799546397903637,6370.260745628138,1417.630764774723,4.493596572475938,2.0447115527804285,327.4266685538682,0.0,0.041666666666666664,0.0,3.7439724351894395,31.694444444444443,0.6666666666666666,5736.304564732504,36,0.15810656547546387
core,200,1500000.0,8,5,exclude,launch,0,0.0,prior,0.0,rr_sweep,12600.0,43200,1065921.8144341614,0,961600.2511543576,104321.56327980396,0,1,0.2861358023299542,1,5.1150318495492835,15.86089388351683,7486.75482575108,1251.9028993294237,5.9802999336141225,2.014474093182084,308.74730572128345,0.0,0.0,0.0,0.9136452603706409,8.654761904761905,0.9347258485639687,1290.1030643671988,588,0.4722402095794678
core,200,1500000.0,8,3,exclude,launch,0,0.0,prior,0.0,rr_sweep,12600.0,43200,869510.9281567185,0,796289.5972954436,73221.3308612748,0,1,0.09183211258452625,1,4.838213115042605,13.751649533636852,7934.181769636198,1443.2507226619066,5.497438279471311,2.015410013686161,309.31724876823887,0.0,0.0,0.0,0.9384002096870767,9.031413612565444,0.9621749408983451,1265.8611602163614,573,0.8418760299682617
core,200,1500000.0,6,6,exclude,launch,0,0.0,prior,0.0,rr_sweep,12600.0,43200,1322443.4182370433,0,1156591.84592567,165851.5723113733,0,1,0.1548133198487598,1,4.910322515263031,14.096164700150945,7812.771097824855,1405.8522890063446,5.557320039182009,2.018456217670282,311.17592019337695,0.0,0.002277904328018223,0.0,1.2268596742960933,11.652439024390244,0.9125295508274232,1710.1986454828443,328,0.3376309871673584
core,200,1500000.0,6,5,exclude,launch,0,0.0,prior,0.0,rr_sweep,12600.0,43200,1358075.8588398553,0,1190474.851592983,167601.00724687218,0,1,0.2245641287136962,1,5.1150318495492835,14.875099465091337,7486.75482575108,1332.6311234112768,5.6180248939304684,2.0178559557946754,310.80922402400745,0.0,0.0,0.0,1.2270974519896374,11.70516717325228,0.9295039164490861,1706.4480910084758,329,0.5392518043518066
core,200,1500000.0,5,6,exclude,launch,0,0.0,prior,0.0,rr_sweep,12600.0,43200,1526261.1639078984,0,1307080.628519533,219180.53538836536,0,0,0.0,1,4.910322515263031,11.56570305788941,7812.771097824855,1710.0110430233058,4.5688424818659925,2.0225023664542614,313.6533268213694,0.0,0.0,0.0,1.5377127638848724,13.25909090909091,0.8943661971830986,2246.1812438666443,220,0.3861362934112549
core,200,1500000.0,4,7,exclude,launch,0,0.0,prior,0.0,rr_sweep,12600.0,43200,1717026.813781664,0,1459390.8476332887,257635.96614837524,0,0,0.0,0,5.136971107610754,12.862199906547115,7453.356364169037,1535.3104836776586,4.854624809384083,2.0255758976436833,315.54177654829397,0.0,0.005128205128205128,0.0,1.8476155984842173,16.698630136986303,0.9012345679012346,2697.5731711132157,146,0.31862616539001465
core,200,1500000.0,3,9,exclude,launch,0,0.0,prior,0.0,rr_sweep,12600.0,43200,2477747.3528195117,0,1968928.9466309114,508818.40618860006,0,0,0.0,0,5.152246859207978,11.106266062646318,7430.26982720097,1772.0782450189151,4.192969383878227,2.0323992411966154,319.75445796700404,0.0,0.009009009009009009,0.0,2.4455974345090246,22.03614457831325,0.828009828009828,3611.189897391558,83,0.14652347564697266
core,200,1500000.0,3,8,exclude,launch,0,0.0,prior,0.0,rr_sweep,12600.0,43200,2276705.808588338,0,1892070.810858994,384634.9977293442,0,0,0.0,0,5.966948405413719,11.927038724496526,6370.260745628138,1650.2433359303066,3.8601948009303566,2.032260491975183,319.66851698785405,0.0,0.009345794392523364,0.0,2.51194102474282,22.8125,0.87146529562982,3576.1416454358236,80,0.25413060188293457
core,200,1500000.0,2,9,exclude,launch,0,0.0,prior,0.0,rr_sweep,12600.0,43200,4033518.9308164194,0,3153608.7670315425,879910.1637848772,0,0,0.0,0,5.152246859207978,13.720039651724441,7430.26982720097,1426.1777920313605,5.209918334668322,2.044235638435434,327.1284205735975,0.0,0.04081632653061224,0.0,3.7173544322701044,31.16216216216216,0.6136919315403423,5881.707486980627,37,0.15902328491210938
core,200,1500000.0,8,4,exclude,launch,0,0.0,prior,0.0,rr_sweep,12600.0,43200,858482.9253862201,0,776563.5057374132,81919.41964880688,0,1,0.08809957587018688,1,6.029864771348001,14.08395701954344,6300.314603527087,1409.4696637137126,4.469989504369203,2.015020957192723,309.08026306212946,0.0,0.0,0.0,0.8907437679162629,8.289036544850498,0.9388753056234719,1307.0099605464331,602,0.8267834186553955
core,200,1500000.0,5,7,exclude,launch,0,0.0,prior,0.0,rr_sweep,12600.0,43200,1311634.440221151,0,1149280.2121061343,162354.22811501668,0,0,0.0,0,5.136971107610754,14.029994317733024,7453.356364169037,1410.553862681269,5.283992736017348,2.0212164382840383,312.864904146461,0.0,0.0032258064516129032,0.0,1.4558041403795559,13.324675324675324,0.9185185185185185,2142.1542225674866,231,0.4076409339904785
core,200,1500000.0,7,7,exclude,launch,0,0.0,prior,0.0,rr_sweep,12600.0,43200,932978.728171642,0,843750.9779602953,89227.75021134678,0,1,0.03288083427942682,1,5.136971107610754,14.560074956905456,7453.356364169037,1362.2257588599316,5.471454577695601,2.016727834001208,310.12064652983645,0.0,0.0,0.0,1.0236102239484925,9.445887445887445,0.9506172839506173,1494.3625167200655,462,0.4011404514312744
core,200,1500000.0,7,5,exclude,launch,0,0.0,prior,0.0,rr_sweep,12600.0,43200,1177283.0900408002,0,1059323.6018862939,117959.48815450634,0,1,0.25906967712857837,1,5.1150318495492835,14.857128935756302,7486.75482575108,1335.4181048526634,5.606300228030151,2.0160803610967726,309.7257900619641,0.0,0.0,0.0,1.0551163051617158,10.080717488789238,0.9268929503916449,1456.837537289981,446,0.7087750434875488
core,200,1500000.0,4,8,exclude,launch,0,0.0,prior,0.0,rr_sweep,12600.0,43200,1591199.8872494926,0,1375296.1405080499,215903.74674144282,0,0,0.0,0,5.966948405413719,12.582438962535216,6370.260745628138,1569.7824157989942,4.0580533209666365,2.0251430182181966,315.275462340454,0.0,0.0,0.0,1.933868323081159,18.100719424460433,0.9207161125319693,2602.367096504689,139,0.3255469799041748
core,200,1500000.0,9,4,exclude,launch,0,0.0,prior,0.0,rr_sweep,12600.0,43200,789174.095790382,0,720490.8441694623,68683.25162091963,0,1,0.09584390985875603,1,6.029864771348001,14.956472851198264,6300.314603527087,1328.0390904352153,4.744073159369423,2.0138167360682453,308.3473122996211,0.0,0.0,0.0,0.788797411924026,7.099216710182768,0.9463414634146341,1201.1813295519403,766,0.9323856830596924
core,200,1500000.0,6,7,exclude,launch,0,0.0,prior,0.0,rr_sweep,12600.0,43200,1114781.1106381302,0,984813.070916541,129968.03972158924,0,1,0.027518513414424392,1,5.136971107610754,14.464302631808978,7453.356364169037,1370.206770596853,5.4395851225595715,2.0182566045102273,311.05395378860925,0.0,0.0,0.0,1.2615413502246486,11.626959247648903,0.9407407407407408,1774.8290282602593,319,0.5242440700531006
core,200,1500000.0,2,10,exclude,launch,0,0.0,prior,0.0,rr_sweep,12600.0,43200,4036732.2767358012,0,3159000.063299667,877732.213436134,0,0,0.0,0,5.798634922030512,13.399904877659564,6564.841933405682,1459.9617849524407,4.496584774388143,2.0446396939144695,327.38162703051506,0.0,0.04081632653061224,0.0,3.6908697786912064,30.972972972972972,0.6044226044226044,5823.290111037435,37,0.1531057357788086
core,200,1500000.0,7,6,exclude,launch,0,0.0,prior,0.0,rr_sweep,12600.0,43200,1163896.040579937,0,1035939.6424995455,127956.39808039152,0,1,0.1758631743811282,1,4.910322515263031,13.558149815034168,7812.771097824855,1462.4283197089349,5.342327546952743,2.017367287788457,310.51085947861225,0.0,0.0,0.0,1.0099841362400441,9.421505376344086,0.9314420803782506,1493.4988041929873,465,0.6412591934204102
core,200,1500000.0,4,9,exclude,launch,0,0.0,prior,0.0,rr_sweep,12600.0,43200,1667697.439308887,0,1411274.638512295,256422.80079659217,0,0,0.0,0,5.152246859207978,13.144800429510303,7430.26982720097,1502.6785982130355,4.94468333816489,2.0250693169333216,315.23013135544386,0.0,0.005050505050505051,0.0,1.809846559482333,17.054054054054053,0.9273182957393483,2596.593540681559,148,0.32763671875
core,200,1500000.0,5,8,exclude,launch,0,0.0,prior,0.0,rr_sweep,12600.0,43200,1234579.9126559934,0,1074344.0864632968,160235.82619269667,0,0,0.0,0,5.966948405413719,12.251787787981009,6370.260745628138,1615.0445228008366,3.944325159891399,2.0215106153380464,313.0451811744945,0.0,0.0,0.0,1.506760277640083,14.27111111111111,0.9487179487179487,2056.8370747899157,225,0.4246373176574707
core,200,1500000.0,3,10,exclude,launch,0,0.0,prior,0.0,rr_sweep,12600.0,43200,2363383.2329753023,0,1943275.2144500888,420108.0185252135,0,0,0.0,0,5.798634922030512,10.929555610987176,6564.841933405682,1800.6863039466177,3.645744358146848,2.0324479195634275,319.784611983255,0.0,0.009174311926605505,0.0,2.4502216302708293,22.121951219512194,0.8596491228070176,3579.632157286457,82,0.24712014198303223
core,200,1500000.0,8,6,exclude,launch,0,0.0,prior,0.0,rr_sweep,12600.0,43200,1049150.0578745794,0,944191.9046345414,104958.15324003801,0,1,0.19513964298631142,1,4.910322515263031,13.795475190657298,7812.771097824855,1438.4247866236306,5.431476967359224,2.015747680280536,309.5230049985871,0.0,0.0,0.0,0.907531760438897,8.267796610169492,0.9358669833729216,1336.4686894739793,590,0.7442727088928223
core,200,1500000.0,10,4,exclude,launch,0,0.0,prior,0.0,rr_sweep,12600.0,43200,734654.4182112779,0,673229.4575498098,61424.96066146811,0,1,0.10294507336304709,1,6.029864771348001,13.798535167466419,6300.314603527087,1439.1943729042976,4.377667618872798,2.0142230161308277,308.5944979348541,0.0,0.0,0.0,0.6919343363550481,6.036045314109166,0.9537712895377128,1114.87042733365,971,1.0729022026062012
core,200,1500000.0,5,9,exclude,launch,0,0.0,prior,0.0,rr_sweep,12600.0,43200,1332561.248669419,0,1147807.0148763338,184754.23379308512,0,0,0.0,0,5.152246859207978,12.942576110899124,7430.26982720097,1529.1263451816685,4.859160167251067,2.0211376532376737,312.8166320579231,0.0,0.009868421052631578,0.0,1.472031017873269,13.685589519650655,0.9376558603491272,2104.0637596458478,229,0.42163777351379395
core,200,1500000.0,5,10,exclude,launch,0,0.0,prior,0.0,rr_sweep,12600.0,43200,1335339.1144088889,0,1170315.6886968196,165023.42571206923,0,0,0.0,0,5.798634922030512,12.568893692471384,6564.841933405682,1574.4246541125376,4.169676787172844,2.0213478483499636,312.9454281987301,0.0,0.0033112582781456954,0.0,1.4844009096181756,13.515418502202643,0.9154228855721394,2147.896689417231,227,0.26862096786499023
core,200,1500000.0,2,11,exclude,launch,0,0.0,prior,0.0,rr_sweep,12600.0,43200,4111239.3337151716,0,3232013.223311246,879226.1104039253,0,0,0.0,0,5.637899989482576,14.798710766404318,6761.506957310247,1322.0632998155575,5.114359469969065,2.0444846756161867,327.28447127911505,0.0,0.041666666666666664,0.0,3.7620548714377176,30.333333333333332,0.6004784688995215,6059.794675199629,36,0.1485154628753662
core,200,1500000.0,6,8,exclude,launch,0,0.0,prior,0.0,rr_sweep,12600.0,43200,992073.2263555137,0,891467.4550665104,100605.7712890034,0,0,0.0,1,5.966948405413719,14.2184489309921,6370.260745628138,1393.8816479711736,4.570158990829815,2.0182821010642806,311.0695312043659,0.0,0.0,0.0,1.2277594695170453,11.685975609756097,0.961439588688946,1713.992491719829,328,0.5296452045440674
core,200,1500000.0,4,10,exclude,launch,0,0.0,prior,0.0,rr_sweep,12600.0,43200,1636446.4599819332,0,1372244.021743098,264202.43823883514,0,0,0.0,0,5.798634922030512,13.021293117481559,6564.841933405682,1517.131297197901,4.32714158987476,2.024802687027716,315.06616420176783,0.0,0.010416666666666666,0.0,1.8855619154562482,18.194444444444443,0.9232673267326733,2529.930739604448,144,0.3401219844818115
core,200,1500000.0,3,11,exclude,launch,0,0.0,prior,0.0,rr_sweep,12600.0,43200,2456217.6879514726,0,1950741.7362739765,505475.9516774963,0,0,0.0,0,5.637899989482576,14.964432219103298,6761.506957310247,1315.8509602516701,5.138505166281932,2.0313887647484385,319.1288352147929,0.0,0.018518518518518517,0.0,2.493804521307734,22.22222222222222,0.8369304556354916,3647.3319140601825,81,0.23052287101745605
core,200,1500000.0,9,8,exclude,launch,0,0.0,prior,0.0,rr_sweep,12600.0,43200,792150.3628058548,0,737268.5576342932,54881.80517156152,0,1,0.16188047173236556,1,5.966948405413719,13.814143547006141,6370.260745628138,1437.1773675407155,4.432480561900907,2.0147708433744036,308.92795936883937,0.0,0.0,0.0,0.8049033867710116,7.36737400530504,0.9716494845360825,1179.8305147673866,754,0.551654577255249
core,200,1500000.0,2,12,exclude,launch,0,0.0,prior,0.0,rr_sweep,12600.0,43200,4397982.002161203,0,3311371.0042857435,1086610.9978754593,0,0,0.0,0,5.280353234319941,13.022331473809084,7241.91745481808,1502.458541428887,4.820044783352745,2.0444135397296987,327.23989259121566,0.0,0.020833333333333332,0.0,3.747437101025498,30.86111111111111,0.6359102244389028,5866.850759760201,36,0.0875082015991211
core,200,1500000.0,7,9,exclude,launch,0,0.0,prior,0.0,rr_sweep,12600.0,43200,1061955.8445483814,0,965094.0915237571,96861.75302462428,0,1,0.15536149108884909,1,5.152246859207978,12.91893688216032,7430.26982720097,1535.2177817008992,4.839879993422707,2.016801812319257,310.1657776607176,0.0,0.0,0.0,1.0746352239242556,9.938356164383562,0.957286432160804,1501.4291447739542,438,0.40762901306152344
core,200,1500000.0,8,7,exclude,launch,0,0.0,prior,0.0,rr_sweep,12600.0,43200,815490.3198928437,0,754854.2259627173,60636.093930126524,0,1,0.03761800501969556,1,5.136971107610754,14.299655406186474,7453.356364169037,1387.82268335469,5.370539373338777,2.015581844774661,309.42194503077087,0.0,0.0,0.0,0.903780928371482,8.247491638795987,0.9407407407407408,1328.7306216881009,598,0.810269832611084
core,200,1500000.0,4,11,exclude,launch,0,0.0,prior,0.0,rr_sweep,12600.0,43200,1798593.5772014097,0,1497473.4803965574,301120.09680485236,0,0,0.0,0,5.637899989482576,12.005158867492936,6761.506957310247,1644.8255024924297,4.110774636619161,2.0256865699945066,315.60988196012875,0.0,0.005235602094240838,0.0,1.893300990339452,16.615384615384617,0.8923444976076556,2777.5931453056774,143,0.29802584648132324
core,200,1500000.0,6,9,exclude,launch,0,0.0,prior,0.0,rr_sweep,12600.0,43200,1171493.777637013,0,1045353.0631681458,126140.71446886727,0,1,0.1544918327058104,1,5.152246859207978,14.02109089366241,7430.26982720097,1413.4548311374328,5.256814482866564,2.018348945343736,311.11037234480995,0.0,0.0,0.0,1.2030946223300147,12.024024024024024,0.9496221662468514,1626.0481298878499,333,0.5736551284790039
core,200,1500000.0,7,8,exclude,launch,0,0.0,prior,0.0,rr_sweep,12600.0,43200,932249.5708967757,0,858061.4460943341,74188.12480244167,0,1,0.13755294549572325,1,5.966948405413719,14.613193095467736,6370.260745628138,1357.619480909485,4.692228444866323,2.016214840827276,309.80778081528166,0.0,0.0,0.0,1.0695130279263194,10.481818181818182,0.9588688946015425,1426.6425985016049,440,0.7251651287078857
core,200,1500000.0,3,12,exclude,launch,0,0.0,prior,0.0,rr_sweep,12600.0,43200,2555720.6565658604,0,1994453.664179127,561266.9923867332,0,0,0.0,0,5.280353234319941,13.020615445610957,7241.91745481808,1512.097478643443,4.789319178889885,2.031649050681221,319.2899291314392,0.0,0.009009009009009009,0.0,2.4538939810990175,22.214285714285715,0.8814814814814815,3574.503389554605,84,0.2530198097229004
core,200,1500000.0,5,11,exclude,launch,0,0.0,prior,0.0,rr_sweep,12600.0,43200,1375387.7931593666,0,1175082.905466648,200304.88769271848,0,0,0.0,0,5.637899989482576,12.504587827993186,6761.506957310247,1582.407834161221,4.272923080473932,2.0214927390305855,313.0342247676623,0.0,0.0,0.0,1.5034337860213973,13.333333333333334,0.9154589371980676,2180.601281397279,225,0.3965420722961426
core,200,1500000.0,6,10,exclude,launch,0,0.0,prior,0.0,rr_sweep,12600.0,43200,1067077.471008375,0,946734.8366430593,120342.63436531572,0,0,0.0,1,5.798634922030512,11.970415161465702,6564.841933405682,1654.851078731576,3.967028826809936,2.019258226778226,311.666199856528,0.0,0.0,0.0,1.2011233079912953,11.080357142857142,0.9376558603491272,1753.5161873553197,336,0.5656538009643555
core,200,1500000.0,8,8,exclude,launch,0,0.0,prior,0.0,rr_sweep,12600.0,43200,879001.4915920598,0,813090.8597954358,65910.6317966241,0,1,0.14588561639607459,1,5.966948405413719,13.883045699287635,6370.260745628138,1429.513840781556,4.456242789608343,2.0155188929022616,309.3835865524306,0.0,0.0,0.0,0.9085812217904192,8.28885135135135,0.9537275064267352,1337.9038124024412,592,0.8046815395355225
core,200,1500000.0,4,12,exclude,launch,0,0.0,prior,0.0,rr_sweep,12600.0,43200,1784071.5146412854,0,1467450.5933754048,316620.92126588075,0,0,0.0,0,5.280353234319941,13.091446641924994,7241.91745481808,1508.8922786556423,4.799492685634467,2.0249491192185616,315.1562090960716,0.0,0.0,0.0,1.818341702895973,16.70945945945946,0.9251870324189526,2639.8695995488006,148,0.3215365409851074
core,200,3000000.0,5,1,exclude,launch,0,0.0,prior,0.0,rr_sweep,12600.0,43200,1396010.1454811322,0,1185111.3343056315,210898.81117550092,0,0,0.0,0,11.63475047648417,24.68269987931447,6542.619886436506,1605.3933666604555,4.075399850471841,2.0189048912697314,311.45015323601496,0.0,0.0547945205479452,0.0,3.117618237480039,31.394495412844037,0.9107981220657277,1980.337946027959,109,0.27053236961364746
core,200,1500000.0,5,12,exclude,launch,0,0.0,prior,0.0,rr_sweep,12600.0,43200,1438266.429091833,0,1214463.380306101,223803.04878573227,0,0,0.0,0,5.280353234319941,12.481208678491898,7241.91745481808,1585.602567374165,4.567296751298182,2.0211986830162774,312.85402505825385,0.0,0.0033444816053511705,0.0,1.5022325670214514,13.321428571428571,0.9301745635910225,2203.956806778775,224,0.40404629707336426
core,200,1500000.0,7,10,exclude,launch,0,0.0,prior,0.0,rr_sweep,12600.0,43200,998553.788733289,0,911586.4015322839,86967.38720100519,0,1,0.15609249330241667,1,5.798634922030512,14.570396019263487,6564.841933405682,1361.7428191401636,4.820911732474475,2.0160139902832537,309.68532853538966,0.0,0.0,0.0,1.063504652218218,10.47737556561086,0.9425,1413.983346736136,442,0.6761560440063477
core,200,1500000.0,7,12,exclude,launch,0,0.0,prior,0.0,rr_sweep,12600.0,43200,953949.868478107,0,857823.8629001646,96126.00557794246,0,1,0.04441819770856418,1,5.280353234319941,13.645606412595315,7241.91745481808,1453.730577103903,4.9816090882846416,2.0164303498524676,309.9391968303629,0.0,0.0,0.0,1.061574348442901,9.952488687782806,0.9576059850374065,1492.6231576502448,442,0.41004490852355957
core,200,1500000.0,8,9,exclude,launch,0,0.0,prior,0.0,rr_sweep,12600.0,43200,920807.5705329762,0,833978.3452613308,86829.22527164547,0,1,0.19655331580808694,1,5.152246859207978,15.087993742498476,7430.26982720097,1315.8239532411008,5.6468570958135675,2.0147942744412903,308.9422258316475,0.0,0.0,0.0,0.9147657442818691,8.933560477001704,0.9546599496221663,1247.9628072448181,587,0.8537650108337402
core,200,1500000.0,6,11,exclude,launch,0,0.0,prior,0.0,rr_sweep,12600.0,43200,1083180.693157382,0,972000.0032738273,111180.68988355485,0,1,0.06825331124932331,1,5.637899989482576,14.938683168021377,6761.506957310247,1326.871586579018,5.095826171651605,2.0179889348941806,310.8904414700964,0.0,0.0,0.0,1.2232707164659582,11.696969696969697,0.9280575539568345,1709.1373503171774,330,0.5971441268920898
core,200,1500000.0,8,12,exclude,launch,0,0.0,prior,0.0,rr_sweep,12600.0,43200,810021.1984624416,0,734658.892875919,75362.30558652253,0,1,0.052310648094827494,1,5.280353234319941,15.324181061908329,7241.91745481808,1295.5554780244563,5.589816551785962,2.0147756878297813,308.9309089831218,0.0,0.0,0.0,0.890070731579304,8.63681592039801,0.9600997506234414,1258.4883147667883,603,0.5096416473388672
core,200,1500000.0,7,11,exclude,launch,0,0.0,prior,0.0,rr_sweep,12600.0,43200,973156.4862654011,0,872267.7103134965,100888.77595190461,0,1,0.07596996992030099,1,5.637899989482576,14.652243415262072,6761.506957310247,1353.8696997756992,4.994208052983572,2.0164107206015416,309.92722588612367,0.0,0.0,0.0,1.044645943322728,9.77212389380531,0.9251207729468599,1486.290762109163,452,0.6456496715545654
core,200,1500000.0,8,10,exclude,launch,0,0.0,prior,0.0,rr_sweep,12600.0,43200,909124.5829210336,0,847824.877738019,61299.70518301459,0,1,0.1714470750303015,1,5.798634922030512,14.269505341785644,6564.841933405682,1391.178127039468,4.718908244608589,2.014968829134553,309.04851723442965,0.0,0.0,0.0,0.9188455283072237,8.629059829059829,0.9575,1299.7105330705253,585,0.8191697597503662
core,200,1500000.0,6,12,exclude,launch,0,0.0,prior,0.0,rr_sweep,12600.0,43200,1070447.737637443,0,946484.5066255659,123963.23101187714,0,1,0.03958412201948223,1,5.280353234319941,15.516210365471315,7241.91745481808,1277.823390282151,5.667385266143095,2.017453338502693,310.56338880908265,0.0,0.0,0.0,1.2499116819244505,12.4472049689441,0.9451371571072319,1630.692103165632,322,0.5646440982818604
core,200,1500000.0,9,10,exclude,launch,0,0.0,prior,0.0,rr_sweep,12600.0,43200,819280.9210146944,0,764817.0242924925,54463.8967222018,0,1,0.19024823669384489,1,5.798634922030512,15.087895514959467,6564.841933405682,1316.4471117263538,4.9867874485263,2.0138536544626104,308.36976980015714,0.0,0.0,0.0,0.8061561084091157,7.661333333333333,0.9475,1141.1246799020546,750,0.9101855754852295
core,200,3000000.0,6,1,exclude,launch,0,0.0,prior,0.0,rr_sweep,12600.0,43200,1106882.9109862777,0,960020.7673715445,146862.14361473324,0,0,0.0,0,11.63475047648417,23.309348629416696,6542.619886436506,1702.0598983413377,3.843942209561666,2.016438634935602,309.944249576925,0.0,0.037383177570093455,0.0,2.514048595206124,25.51572327044025,0.9234449760765551,1626.8940667910813,159,0.5911579132080078
core,200,1500000.0,8,11,exclude,launch,0,0.0,prior,0.0,rr_sweep,12600.0,43200,835447.6246904128,0,767765.696777667,67681.92791274578,0,1,0.08849228462014587,1,5.637899989482576,14.852587257115465,6761.506957310247,1336.613668717293,5.058684581461042,2.0148929661399047,309.0023198160761,0.0,0.0,0.0,0.9329876804595921,8.64471403812825,0.9468599033816425,1315.5851780768041,577,0.8231821060180664
core,200,3000000.0,7,1,exclude,launch,0,0.0,prior,0.0,rr_sweep,12600.0,43200,857605.6602344207,0,765151.2353804014,92454.42485401932,0,0,0.0,0,11.63475047648417,25.809865271502424,6542.619886436506,1538.9362772968811,4.25139103090644,2.0141119773595677,308.52693078723973,0.0,0.01020408163265306,0.0,2.1374919123236076,22.12727272727273,0.9427207637231504,1361.5396271420168,220,0.6721658706665039
core,200,1500000.0,9,11,exclude,launch,0,0.0,prior,0.0,rr_sweep,12600.0,43200,779444.6229919381,0,717718.1347846641,61726.48820727408,0,1,0.0948504445454278,1,5.637899989482576,14.22993681934486,6761.506957310247,1395.0949870432923,4.846628380222562,2.01489881439785,309.0058810398484,0.0,0.0,0.0,0.7723446794888286,6.862068965517241,0.9347826086956522,1220.5705366094521,783,0.8636934757232666
core,200,3000000.0,8,1,exclude,launch,0,0.0,prior,0.0,rr_sweep,12600.0,43200,808215.7782324853,0,721803.9268351962,86411.8513972891,0,0,0.0,0,11.63475047648417,27.738291573692504,6542.619886436506,1433.0630014769968,4.565479591401989,2.0125421942273247,307.5725085272055,0.0,0.002638522427440633,0.0,1.9015513941906583,19.37676056338028,0.9570405727923628,1196.9870561487642,284,0.7736799716949463
core,200,3000000.0,5,2,exclude,launch,0,0.0,prior,0.0,rr_sweep,12600.0,43200,1360797.227841407,0,1183328.35242297,177468.87541843692,0,0,0.0,0,10.318446573287495,20.634535010960466,7419.771693842448,1919.8842092454026,3.8646974948342008,2.01939028993287,311.7469689628265,0.0,0.020134228187919462,0.0,3.0358613363303597,28.414414414414413,0.9115479115479116,2129.3090899472113,111,0.4330570697784424
core,200,3000000.0,7,2,exclude,launch,0,0.0,prior,0.0,rr_sweep,12600.0,43200,980760.6056024974,0,880655.3737985474,100105.23180394992,0,0,0.0,0,10.318446573287495,24.20455918969393,7419.771693842448,1640.8495514970145,4.5219085973318425,2.0142995076427592,308.64104736130304,0.0,0.006993006993006993,0.0,2.202400911715228,20.995348837209303,0.9328358208955224,1471.2157022080223,215,0.3910486698150635
core,200,3000000.0,6,2,exclude,launch,0,0.0,prior,0.0,rr_sweep,12600.0,43200,1105316.4453573509,0,975312.1247962335,130004.3205611175,0,0,0.0,0,10.318446573287495,28.142859569488735,7419.771693842448,1410.1359775397455,5.261741996532613,2.015861870115673,309.59260174647386,0.0,0.014285714285714285,0.0,2.5906888519705706,24.775641025641026,0.9234567901234568,1720.1508772725533,156,0.5765631198883057
core,200,3000000.0,9,1,exclude,launch,0,0.0,prior,0.0,rr_sweep,12600.0,43200,699019.310952261,0,631006.8121196055,68012.4988326555,0,0,0.0,0,11.63475047648417,22.59323103058029,6542.619886436506,1759.9092956599586,3.7175892544979434,2.011969340928645,307.2245840938669,0.0,0.0,0.0,1.6893535301681104,16.66759776536313,0.9403341288782816,1114.0700128937258,358,0.9451961517333984
core,200,3000000.0,5,3,exclude,launch,0,0.0,prior,0.0,rr_sweep,12600.0,43200,1391207.6478725013,0,1183959.5841828806,207248.0636896207,0,0,0.0,0,9.67642623008521,24.227938359502282,7934.181769636198,1635.581464559649,4.850985378323747,2.0188374234817767,311.40890864609554,0.0,0.03424657534246575,0.0,3.091446333099241,31.55045871559633,0.9065420560747663,1937.325696375074,109,0.2765231132507324
core,200,3000000.0,8,2,exclude,launch,0,0.0,prior,0.0,rr_sweep,12600.0,43200,799438.6633073145,0,726419.0608837674,73019.60242354713,0,0,0.0,0,10.318446573287495,25.665255230821096,7419.771693842448,1548.6911755108881,4.79099500996045,2.0127024523285377,307.66987708567024,0.0,0.0,0.0,1.8989760986422137,18.148409893992934,0.9502487562189055,1287.7220902000352,283,0.7320780754089355
core,200,3000000.0,10,1,exclude,launch,0,0.0,prior,0.0,rr_sweep,12600.0,43200,658571.5002477427,0,604594.57951614,53976.920731602804,0,0,0.0,0,11.63475047648417,22.958633763919646,6542.619886436506,1732.6367464204545,3.7761059263883494,2.011112780400987,306.70471640706444,0.0,0.02364864864864865,0.0,1.5215958882261116,14.589569160997732,0.9495192307692307,1026.2003175569016,441,1.0952088832855225
core,200,3000000.0,4,3,exclude,launch,0,0.0,prior,0.0,rr_sweep,12600.0,43200,1671375.7644069241,0,1398212.3876927113,273163.3767142129,0,0,0.0,0,9.67642623008521,29.80921841646301,7934.181769636198,1326.8101154945934,5.9798924329715275,2.022696038642559,313.7721562365548,0.0,0.053763440860215055,0.0,3.9155535978247307,39.82608695652174,0.9074074074074074,2448.6466620499536,69,0.37202954292297363
core,200,3000000.0,11,1,exclude,launch,0,0.0,prior,0.0,rr_sweep,12600.0,43200,554253.0711785299,0,518323.7397726064,35929.331405923476,0,0,0.0,0,11.63475047648417,24.94027930311443,6542.619886436506,1595.7598663720323,4.100002778808558,2.010116071546479,306.10034339894725,0.0,0.0,0.0,1.3679688000482388,13.330868761552681,0.9541062801932367,914.297326240156,541,1.1012043952941895
core,200,3000000.0,15,1,exclude,launch,0,0.0,prior,0.0,rr_sweep,12600.0,43200,487187.91822880297,0,462527.1086308329,24660.809597970052,0,1,0.15268458097560553,1,11.63475047648417,26.54126284933977,6542.619886436506,1500.9108001873358,4.359099745048067,2.008230327278448,304.9585178532018,0.0,0.0,0.0,0.9868932146367064,9.682664054848187,0.9805825242718447,664.3020065323329,1021,1.1297123432159424
core,200,3000000.0,9,2,exclude,launch,0,0.0,prior,0.0,rr_sweep,12600.0,43200,771680.0703593339,0,703713.889370977,67966.18098835704,0,0,0.0,0,10.318446573287495,22.45647143268807,7419.771693842448,1770.5090472642305,4.190756158691983,2.0121035148659505,307.3060574412032,0.0,0.00205761316872428,0.0,1.6650188433431132,15.264462809917354,0.9475,1188.1179192135787,363,0.8881008625030518
core,200,3000000.0,10,2,exclude,launch,0,0.0,prior,0.0,rr_sweep,12600.0,43200,645257.0469085672,0,601139.9987036143,44117.04820495287,0,0,0.0,0,10.318446573287495,23.63309107642768,7419.771693842448,1683.3527925154558,4.407734211647332,2.010917782444917,306.5864288590047,0.0,0.0017152658662092624,0.0,1.5537253079326567,14.216589861751151,0.9626865671641791,1072.5879511939686,434,0.9511995315551758
core,200,3000000.0,12,1,exclude,launch,0,0.0,prior,0.0,rr_sweep,12600.0,43200,521546.7839938725,0,482938.33242230205,38608.451571570506,0,0,0.0,1,11.63475047648417,24.41834593869771,6542.619886436506,1630.2175931828697,4.013341478951017,2.0096858242365423,305.83963909926774,0.0,0.00228310502283105,0.0,1.2293832264793427,11.751902587519027,0.963855421686747,855.8993860415684,657,1.4093360900878906
core,200,3000000.0,6,3,exclude,launch,0,0.0,prior,0.0,rr_sweep,12600.0,43200,1114399.1495075224,0,974619.9391050633,139779.21040245908,0,0,0.0,0,9.67642623008521,26.759736494902434,7934.181769636198,1482.9251522852678,5.350358888585304,2.0159925505370184,309.6722588240148,0.0,0.052132701421800945,0.0,2.573197273268657,26.738853503184714,0.927570093457944,1588.8265839668634,157,0.6056618690490723
core,200,3000000.0,8,3,exclude,launch,0,0.0,prior,0.0,rr_sweep,12600.0,43200,745019.1861132843,0,676243.8862128122,68775.29990047221,0,0,0.0,0,9.67642623008521,26.25258525048151,7934.181769636198,1514.1534855829161,5.240011561035182,2.012556163689379,307.5809953876057,0.0,0.008064516129032258,0.0,1.9434430958520688,19.97826086956522,0.9507042253521126,1202.3079644836253,276,0.5051560401916504
core,200,3000000.0,7,3,exclude,launch,0,0.0,prior,0.0,rr_sweep,12600.0,43200,901616.9217852964,0,806346.9575264764,95269.96425882011,0,0,0.0,0,9.67642623008521,21.965200843512445,7934.181769636198,1807.9257374032609,4.388555130053146,2.014532234594421,308.78269650934493,0.0,0.006920415224913495,0.0,2.1852556023180414,22.13888888888889,0.9344262295081968,1388.8825130511748,216,0.6991806030273438
core,200,3000000.0,18,1,exclude,launch,0,0.0,prior,0.0,rr_sweep,12600.0,43200,416980.54462787166,0,401768.0180797928,15212.52654807883,0,1,0.17839221543903638,1,11.63475047648417,26.852595590862638,6542.619886436506,1483.9267640602807,4.408991093694385,2.0076649998689735,304.61662558828147,0.0,0.0,0.0,0.7898310019216715,7.370757180156658,0.9781553398058253,581.0140745807388,1532,1.4113426208496094
core,200,3000000.0,11,2,exclude,launch,0,0.0,prior,0.0,rr_sweep,12600.0,43200,652999.9186187942,0,611092.7519161759,41907.16670261831,0,1,0.21443983124620972,1,10.318446573287495,28.111212001146182,7419.771693842448,1416.0606072377377,5.2397274918309815,2.0096877027599334,305.84077713138964,0.0,0.005641748942172073,0.0,1.3905176335063192,14.18796992481203,0.9625,873.8238848462371,532,1.1882274150848389
core,200,3000000.0,13,1,exclude,launch,0,0.0,prior,0.0,rr_sweep,12600.0,43200,519887.663696898,0,493122.6674848085,26764.996212089514,0,1,0.14308106990303568,1,11.63475047648417,27.251206015349297,6542.619886436506,1461.3948076034844,4.476969435224444,2.008800001805908,305.3032330930799,0.0,0.0,0.0,1.1533573280827722,11.693017127799736,0.966183574879227,742.7343966786084,759,1.6198630332946777
core,200,3000000.0,14,1,exclude,launch,0,0.0,prior,0.0,rr_sweep,12600.0,43200,486453.21591280383,0,463923.0416077196,22530.17430508427,0,1,0.15291518427226347,1,11.63475047648417,27.62753961569589,6542.619886436506,1441.7449995940542,4.537986875819707,2.0084421303975235,305.0866591082087,0.0,0.0,0.0,1.0382032200634816,10.473509933774835,0.970873786407767,692.2978821169105,906,1.643867015838623
core,200,3000000.0,12,2,exclude,launch,0,0.0,prior,0.0,rr_sweep,12600.0,43200,641525.0328099902,0,598867.3239988135,42657.70881117671,0,1,0.218275492289132,1,10.318446573287495,25.241613137427418,7419.771693842448,1577.1510716455368,4.704540882124217,2.009553557792378,305.7595158153746,0.0,0.0,0.0,1.2239639383801384,11.745814307458144,0.9526184538653366,853.0788482066112,657,1.431875228881836
core,200,3000000.0,9,3,exclude,launch,0,0.0,prior,0.0,rr_sweep,12600.0,43200,716065.2655935113,0,641131.6009355842,74933.66465792716,0,0,0.0,0,9.67642623008521,22.286708851856634,7934.181769636198,1783.98547619585,4.447447513168636,2.012114695902908,307.31284729879104,0.0,0.05578512396694215,0.0,1.6743175484842314,16.483425414364643,0.96,1110.744654387,362,0.8878164291381836
core,200,3000000.0,8,4,exclude,launch,0,0.0,prior,0.0,rr_sweep,12600.0,43200,734005.2947135846,0,669425.6014552559,64579.69325832876,0,0,0.0,0,12.059729542696003,26.34521160507785,6300.314603527087,1509.1956181573373,4.174617609359016,2.0120684917523937,307.28478959938934,0.0,0.0,0.0,1.9819472619470941,19.977941176470587,0.9593301435406698,1223.635914370656,272,0.48366689682006836
core,200,3000000.0,6,4,exclude,launch,0,0.0,prior,0.0,rr_sweep,12600.0,43200,1086372.737608972,0,954712.4914768779,131660.24613209406,0,0,0.0,0,12.059729542696003,26.65030733481411,6300.314603527087,1489.4053301710687,4.2300873213629835,2.0154631474537723,309.3496211510166,0.0,0.018779342723004695,0.0,2.5525216382318776,25.861635220125788,0.9316037735849056,1616.266329302101,159,0.5931875705718994
core,200,3000000.0,13,2,exclude,launch,0,0.0,prior,0.0,rr_sweep,12600.0,43200,587232.0784228494,0,550591.2925064212,36640.78591642833,0,1,0.23845630628436312,1,10.318446573287495,28.884969163537665,7419.771693842448,1378.8450750520838,5.381149650595937,2.008642310377362,305.2077930850147,0.0,0.0,0.0,1.1299874826415268,11.05045278137128,0.965,770.778698848335,773,1.581383228302002
core,200,3000000.0,16,1,exclude,launch,0,0.0,prior,0.0,rr_sweep,12600.0,43200,444799.0574369318,0,424964.2283855207,19834.829051411136,0,1,0.16723525355421634,1,11.63475047648417,27.642570196888517,6542.619886436506,1441.4349802611266,4.538962891861596,2.007781779387346,304.6872344595374,0.0,0.0,0.0,0.9225326438101364,9.045454545454545,0.9781553398058253,622.558579690409,1166,1.927016019821167
core,200,3000000.0,14,2,exclude,launch,0,0.0,prior,0.0,rr_sweep,12600.0,43200,565390.6159242054,0,529972.3501780097,35418.26574619569,0,1,0.24766805180080023,1,10.318446573287495,26.123918598500737,7419.771693842448,1524.6973335733603,4.866389892906209,2.0084823719018328,305.1110083310239,0.0,0.0,0.0,1.0833647591538524,10.448275862068966,0.9698492462311558,724.1294834230349,870,1.5648808479309082
core,200,3000000.0,10,3,exclude,launch,0,0.0,prior,0.0,rr_sweep,12600.0,43200,616962.1557785735,0,568582.5801522359,48379.57562633746,0,0,0.0,1,9.67642623008521,20.840112588802935,7934.181769636198,1908.2917543093188,4.157740425026293,2.011616329337768,307.0102793348457,0.0,0.004901960784313725,0.0,1.4634675548162,14.564270152505447,0.9599056603773585,987.0532664414526,459,1.0968351364135742
core,200,3000000.0,7,4,exclude,launch,0,0.0,prior,0.0,rr_sweep,12600.0,43200,861884.7464221553,0,772588.4372453376,89296.30917681767,0,0,0.0,0,12.059729542696003,25.156028992806863,6300.314603527087,1579.2720104370958,3.989379006206376,2.013682343147888,308.26556784293774,0.0,0.003424657534246575,0.0,2.1672030225407832,22.235023041474655,0.9454976303317536,1385.1891521198775,217,0.7191989421844482
core,200,3000000.0,13,3,exclude,launch,0,0.0,prior,0.0,rr_sweep,12600.0,43200,551065.2086483958,0,521331.1655399776,29734.043108418293,0,1,0.14489941334494671,1,9.67642623008521,27.90509745367408,7934.181769636198,1427.2192297974748,5.55918922894703,2.0087031233259296,305.24459730224567,0.0,0.0,0.0,1.1521598739578471,12.011857707509881,0.9645390070921985,720.7831257262708,759,0.9628140926361084
core,200,3000000.0,10,4,exclude,launch,0,0.0,prior,0.0,rr_sweep,12600.0,43200,571239.3187084718,0,529190.5823670044,42048.736341467426,0,0,0.0,0,12.059729542696003,26.654918709440544,6300.314603527087,1493.0407547172251,4.219787426178019,2.0102078380718176,306.1559628305207,0.0,0.0,0.0,1.5232195324190334,15.378684807256235,0.9518072289156626,976.3236019639563,441,0.6481919288635254
core,200,3000000.0,17,1,exclude,launch,0,0.0,prior,0.0,rr_sweep,12600.0,43200,424205.63645320665,0,407056.69043070637,17148.946022500284,0,1,0.17535383021566203,1,11.63475047648417,28.43322835108056,6542.619886436506,1401.524624522958,4.668216149725833,2.0075347955940126,304.5379092998008,0.0,0.0,0.0,0.8489977779623212,8.281784386617101,0.9781021897810219,587.8230394588805,1345,2.102543830871582
core,200,3000000.0,15,2,exclude,launch,0,0.0,prior,0.0,rr_sweep,12600.0,43200,538512.6955950478,0,505794.47608303436,32718.219512013453,0,1,0.2600295099777951,1,10.318446573287495,27.900286049430328,7419.771693842448,1427.8884606045194,5.196324431882564,2.008107911525382,304.88446838402047,0.0,0.0,0.0,0.9548388719721224,9.045454545454545,0.9773869346733668,685.8665570631514,1056,1.711899995803833
core,200,3000000.0,11,3,exclude,launch,0,0.0,prior,0.0,rr_sweep,12600.0,43200,557561.9619696864,0,529086.5329260012,28475.42904368519,0,1,0.14321103463708781,1,9.67642623008521,29.322623528955933,7934.181769636198,1357.6128762459634,5.844215172424996,2.0096073667025847,305.7921104700381,0.0,0.0,0.0,1.3640238336558377,15.279926335174954,0.9716981132075472,795.5183276958493,543,1.4194767475128174
core,200,3000000.0,16,2,exclude,launch,0,0.0,prior,0.0,rr_sweep,12600.0,43200,531028.808405718,0,501005.2212192101,30023.58718650777,0,1,0.2636941539439368,1,10.318446573287495,27.674859549683863,7419.771693842448,1439.6773249659932,5.153774088938792,2.0078875966271896,304.75122223047964,0.0,0.0,0.0,0.8933768472791841,8.257071547420965,0.9748743718592965,658.181609218364,1202,1.8405117988586426
core,200,3000000.0,5,5,exclude,launch,0,0.0,prior,0.0,rr_sweep,12600.0,43200,1369013.749268382,0,1199414.9473135115,169598.80195487058,0,0,0.0,0,10.230063699098567,25.959567652326335,7486.75482575108,1526.6162735280375,4.904149756277034,2.018657521282252,311.29894369947044,0.0,0.04794520547945205,0.0,3.0815146097363066,29.944444444444443,0.9166666666666666,2051.530111592711,108,0.4171469211578369
core,200,3000000.0,12,3,exclude,launch,0,0.0,prior,0.0,rr_sweep,12600.0,43200,510083.6247922798,0,487241.3618392626,22842.262953017205,0,1,0.15654104850058675,1,9.67642623008521,33.27813203440587,7934.181769636198,1196.7829956156022,6.629590994109176,2.0087025761260557,305.2442661250024,0.0,0.0023446658851113715,0.0,1.261071160216948,14.210031347962383,0.9787735849056604,726.7238355956297,638,1.435474157333374
core,200,3000000.0,9,4,exclude,launch,0,0.0,prior,0.0,rr_sweep,12600.0,43200,666326.3239480978,0,611150.0592561684,55176.2646919294,0,0,0.0,0,12.059729542696003,26.35960732575572,6300.314603527087,1509.0592190424159,4.174994939910308,2.0111514099502745,306.72815215332827,0.0,0.0,0.0,1.656063329172181,16.65193370165746,0.9614457831325302,1088.760559768237,362,0.9598157405853271
core,200,3000000.0,8,5,exclude,launch,0,0.0,prior,0.0,rr_sweep,12600.0,43200,770216.3440663195,0,704607.7854589279,65608.5586073916,0,0,0.0,0,10.230063699098567,23.695764315791006,7486.75482575108,1677.260253498578,4.463681059713031,2.0128842879901905,307.78037425721834,0.0,0.0051813471502590676,0.0,1.8618768848180745,18.006944444444443,0.9453125,1286.093045104816,288,0.4727606773376465
core,200,3000000.0,6,5,exclude,launch,0,0.0,prior,0.0,rr_sweep,12600.0,43200,1044309.7802302552,0,930091.5774644413,114218.20276581394,0,0,0.0,0,10.230063699098567,23.344217487194186,7486.75482575108,1699.6854276742674,4.404788500184672,2.016239484202373,309.8228067755715,0.0,0.018691588785046728,0.0,2.542750627239768,24.8625,0.9328165374677002,1675.0616235920877,160,0.5692715644836426
core,200,3000000.0,11,4,exclude,launch,0,0.0,prior,0.0,rr_sweep,12600.0,43200,530141.451537623,0,493330.1598147675,36811.291722855516,0,0,0.0,0,12.059729542696003,25.582587826099825,6300.314603527087,1555.9453861431211,4.049187496962417,2.009792235663114,305.9041077616529,0.0,0.001358695652173913,0.0,1.3399394574065417,13.254083484573503,0.9614457831325302,904.1830578366798,551,1.163947582244873
core,200,3000000.0,9,5,exclude,launch,0,0.0,prior,0.0,rr_sweep,12600.0,43200,686353.957366172,0,633189.4026608599,53164.55470531203,0,0,0.0,0,10.230063699098567,28.701004880501536,7486.75482575108,1385.927920158889,5.40197994199638,2.011186015474144,306.74914736714277,0.0,0.0041928721174004195,0.0,1.704331767083746,16.636871508379887,0.9451697127937336,1112.4569163465262,358,0.5507557392120361
core,200,3000000.0,4,6,exclude,launch,0,0.0,prior,0.0,rr_sweep,12600.0,43200,2016806.697072926,0,1644434.1989149696,372372.49815795646,0,0,0.0,0,9.820645030526062,24.403416223303033,7812.771097824855,1620.1594080014959,4.822223701717159,2.0233993804945465,314.2038875989865,0.0,0.07446808510638298,0.0,3.8618039384032534,36.042857142857144,0.8761682242990654,2653.4940399212264,70,0.19501352310180664
core,200,3000000.0,7,5,exclude,launch,0,0.0,prior,0.0,rr_sweep,12600.0,43200,919805.0185243378,0,829964.4115234725,89840.60700086536,0,0,0.0,0,10.230063699098567,27.001054827610357,7486.75482575108,1471.2054621782293,5.088857415378531,2.0138908449823396,308.39239366170074,0.0,0.013986013986013986,0.0,2.2079520149597744,21.63849765258216,0.9348958333333334,1443.085573071567,213,0.6902751922607422
core,200,3000000.0,12,4,exclude,launch,0,0.0,prior,0.0,rr_sweep,12600.0,43200,497299.33825162874,0,465524.7340767997,31774.604174829088,0,0,0.0,0,12.059729542696003,25.815726343856,6300.314603527087,1542.4082129327646,4.084725788348564,2.009121999759566,305.49816311962377,0.0,0.0,0.0,1.2680112123824305,12.397476340694006,0.9662650602409638,831.9080248768266,634,1.4050660133361816
core,200,3000000.0,15,3,exclude,launch,0,0.0,prior,0.0,rr_sweep,12600.0,43200,465596.9796035097,0,447643.6930013739,17953.286602135795,0,1,0.17149816031014892,1,9.67642623008521,27.912172634647142,7934.181769636198,1427.3383413654572,5.558725313891586,2.0080263729659475,304.83515057846506,0.0,0.0007412898443291327,0.0,0.9975423503613546,10.28486646884273,0.9810874704491725,632.0221638345121,1011,1.8321194648742676
core,200,3000000.0,13,4,exclude,launch,0,0.0,prior,0.0,rr_sweep,12600.0,43200,507764.32780608453,0,475399.5207632022,32364.8070428823,0,1,0.1489704064330701,1,12.059729542696003,27.767236516667896,6300.314603527087,1434.5689894930786,4.391782235410912,2.0083337601447777,305.02109155431185,0.0,0.0,0.0,1.1725707740395008,11.687667560321715,0.9518072289156626,752.7528259111261,746,1.4475679397583008
core,200,3000000.0,5,6,exclude,launch,0,0.0,prior,0.0,rr_sweep,12600.0,43200,1429210.5991973837,0,1225012.2860971405,204198.31310024313,0,0,0.0,0,9.820645030526062,20.10402719483912,7812.771097824855,1970.2040744440708,3.965462867103943,2.01974113710373,311.96159601048254,0.0,0.033783783783783786,0.0,3.0576345707957673,28.53211009174312,0.9158878504672897,2141.5370673523707,109,0.4456367492675781
core,200,3000000.0,14,3,exclude,launch,0,0.0,prior,0.0,rr_sweep,12600.0,43200,453981.0057246338,0,435551.98818775476,18429.017536879048,0,1,0.17588626933964116,1,9.67642623008521,32.94520853342885,7934.181769636198,1209.3892995953393,6.56048616627497,2.007851569374009,304.7294357668957,0.0,0.0,0.0,1.0589813244873616,11.703037120359955,0.9763593380614657,632.2513384698046,889,1.9342243671417236
core,200,3000000.0,7,6,exclude,launch,0,0.0,prior,0.0,rr_sweep,12600.0,43200,964590.0864159672,0,863738.6843885105,100851.40202745669,0,0,0.0,0,9.820645030526062,22.433847520068642,7812.771097824855,1769.9536075182405,4.414110666312671,2.0147647324580764,308.9242386722134,0.0,0.0033444816053511705,0.0,2.105905078493002,19.982062780269057,0.9322429906542056,1498.602748795398,223,0.3906517028808594
core,200,3000000.0,16,4,exclude,launch,0,0.0,prior,0.0,rr_sweep,12600.0,43200,415957.7610368074,0,392322.1363191288,23635.624717678602,0,1,0.18184174488298765,1,12.059729542696003,31.3429745358629,6300.314603527087,1271.6390671056276,4.954483364424472,2.007178125655522,304.3223330396912,0.0,0.0,0.0,0.8910615484475763,9.049751243781095,0.9635036496350365,600.3630234998934,1206,1.2889657020568848
core,200,3000000.0,10,5,exclude,launch,0,0.0,prior,0.0,rr_sweep,12600.0,43200,593887.3759240393,0,556948.2184925254,36939.15743151393,0,0,0.0,0,10.230063699098567,24.677346973247396,7486.75482575108,1612.2018728252294,4.643807299783903,2.010814916342519,306.52403853016006,0.0,0.0032948929159802307,0.0,1.475334468361433,14.24561403508772,0.9425587467362925,1015.3957706344614,456,0.9919242858886719
core,200,3000000.0,8,6,exclude,launch,0,0.0,prior,0.0,rr_sweep,12600.0,43200,834397.1017723464,0,761118.694057314,73278.40771503233,0,0,0.0,0,9.820645030526062,23.732113865766156,7812.771097824855,1674.573295517976,4.665529492639032,2.0130260841568077,307.86655415462263,0.0,0.010582010582010581,0.0,1.9033573388309062,18.152482269503547,0.9250585480093677,1294.7983250377763,282,0.45619916915893555
core,200,3000000.0,6,6,exclude,launch,0,0.0,prior,0.0,rr_sweep,12600.0,43200,1158044.778781677,0,1022541.6785377816,135503.10024389531,0,0,0.0,0,9.820645030526062,30.283040218738293,7812.771097824855,1310.4529270283033,5.9618861057007,2.0159004808639085,309.6161361058562,0.0,0.004761904761904762,0.0,2.5789963793814934,25.044871794871796,0.9435294117647058,1684.790696951941,156,0.5222022533416748
core,200,3000000.0,11,5,exclude,launch,0,0.0,prior,0.0,rr_sweep,12600.0,43200,859018.0473901192,0,784963.8162061947,74054.23118392451,0,1,0.35504246870950606,1,10.230063699098567,28.390316576800444,7486.75482575108,1402.258634633645,5.339068443466618,2.009516741738117,305.73721555486327,0.0,0.00436046511627907,0.0,1.4363019712573246,14.647173489278753,0.9425587467362925,874.1459223289111,513,1.1755023002624512
core,200,3000000.0,5,7,exclude,launch,0,0.0,prior,0.0,rr_sweep,12600.0,43200,1304147.486130593,0,1135969.5078205876,168177.9783100054,0,0,0.0,0,10.273942215221508,23.581355914229512,7453.356364169037,1680.0213470776653,4.436465272976366,2.0193258913540433,311.7075818354143,0.0,0.059602649006622516,0.0,2.9588209484244476,28.530973451327434,0.9113300492610837,2068.2925463927045,113,0.2646145820617676
core,200,3000000.0,7,7,exclude,launch,0,0.0,prior,0.0,rr_sweep,12600.0,43200,920871.8275991773,0,826241.6446237046,94630.18297547274,0,0,0.0,0,10.273942215221508,27.773790569504932,7453.356364169037,1430.1169816918639,5.211710971609841,2.0141103769657906,308.5259570009095,0.0,0.010273972602739725,0.0,2.1558085645907386,21.018433179723502,0.9555555555555556,1453.2519650683778,217,0.3951733112335205
core,200,3000000.0,15,4,exclude,launch,0,0.0,prior,0.0,rr_sweep,12600.0,43200,440612.44410056295,0,414119.0816875219,26493.362413041108,0,1,0.1716738983111166,1,12.059729542696003,30.72747736287067,6300.314603527087,1297.0168923799188,4.857542442617328,2.007323861628606,304.4104086619101,0.0,0.0,0.0,1.0242547666556379,10.449186991869919,0.9612590799031477,638.1853335967362,984,1.8171989917755127
core,200,3000000.0,14,4,exclude,launch,0,0.0,prior,0.0,rr_sweep,12600.0,43200,455394.16321290046,0,427653.80151816306,27740.36169473742,0,1,0.16610241843896587,1,12.059729542696003,32.31527315829476,6300.314603527087,1233.0983118642241,5.109336816788061,2.0076335860895114,304.59763314468245,0.0,0.0,0.0,1.0508813489545623,11.04245810055866,0.9539951573849879,662.9276545776793,895,1.8897132873535156
core,200,3000000.0,9,6,exclude,launch,0,0.0,prior,0.0,rr_sweep,12600.0,43200,736991.003422032,0,675720.6038109033,61270.39961112872,0,0,0.0,0,9.820645030526062,24.00589309780065,7812.771097824855,1656.2374911717252,4.7171804402867465,2.012099753940739,307.3037735780712,0.0,0.018108651911468814,0.0,1.6305080090973028,15.348648648648648,0.9436619718309859,1166.3264948678866,370,0.9439244270324707
core,200,3000000.0,6,7,exclude,launch,0,0.0,prior,0.0,rr_sweep,12600.0,43200,1056117.5376033653,0,946218.282303633,109899.25529973231,0,0,0.0,0,10.273942215221508,24.832609691767562,7453.356364169037,1597.722057835448,4.664989337548891,2.0163522000587335,309.8915383692684,0.0,0.03271028037383177,0.0,2.5392672390636752,24.85625,0.9285714285714286,1666.6650313792152,160,0.5342504978179932
core,200,3000000.0,12,5,exclude,launch,0,0.0,prior,0.0,rr_sweep,12600.0,43200,789290.7808380835,0,721199.8363506149,68090.94448746862,0,1,0.3864258903198611,1,10.230063699098567,30.311021986156945,7486.75482575108,1313.8265348065243,5.698434783746843,2.0088678971012945,305.34433014047653,0.0,0.0011574074074074073,0.0,1.2461996210626962,12.814814814814815,0.9425587467362925,793.4924565802163,648,1.4411404132843018
core,200,3000000.0,13,5,exclude,launch,0,0.0,prior,0.0,rr_sweep,12600.0,43200,718266.2302271097,0,657501.065654957,60765.16457215291,0,1,0.42462260923559314,1,10.230063699098567,33.0099094962521,7486.75482575108,1206.7880619645603,6.203868816503873,2.008235537640447,304.9616698083364,0.0,0.0009643201542912247,0.0,1.1254027853487367,11.672236503856041,0.9530026109660574,723.3358160138018,778,1.5217373371124268
core,200,3000000.0,8,7,exclude,launch,0,0.0,prior,0.0,rr_sweep,12600.0,43200,793024.6958660601,0,721830.5932276718,71194.10263838839,0,0,0.0,0,10.273942215221508,24.388477965071655,7453.356364169037,1629.541945924787,4.573896598862423,2.0129813219330375,307.8393475755613,0.0,0.007874015748031496,0.0,1.8924610641635897,18.066901408450704,0.9556650246305419,1291.801777164466,284,0.7379028797149658
core,200,3000000.0,10,6,exclude,launch,0,0.0,prior,0.0,rr_sweep,12600.0,43200,687508.6589728836,0,631533.4866406933,55975.17233219026,0,0,0.0,1,9.820645030526062,25.30755875358058,7812.771097824855,1571.9753683941397,4.970034044366761,2.010916309720834,306.58553557787656,0.0,0.0,0.0,1.5112645029192615,14.280898876404494,0.9411764705882353,1042.4720623410706,445,1.0384936332702637
core,200,3000000.0,10,7,exclude,launch,0,0.0,prior,0.0,rr_sweep,12600.0,43200,588308.4039873322,0,551121.0279501914,37187.37603714084,0,0,0.0,0,10.273942215221508,26.22564011667925,7453.356364169037,1516.9778635851344,4.913292766549818,2.010873015848097,306.5592762509483,0.0,0.008143322475570033,0.0,1.4670122254924345,14.202614379084967,0.9580246913580247,1011.5006923631888,459,0.6193313598632812
core,200,3000000.0,14,5,exclude,launch,0,0.0,prior,0.0,rr_sweep,12600.0,43200,706987.3532065223,0,648563.6252387621,58423.72796776014,0,1,0.43139827690295846,1,10.230063699098567,29.398215689963255,7486.75482575108,1355.1215857553734,5.5247845687424455,2.0081250413869722,304.8948297214453,0.0,0.0008340283569641367,0.0,1.0463328831608252,10.43652561247216,0.9530026109660574,697.2941695618514,898,1.6327497959136963
core,200,3000000.0,15,5,exclude,launch,0,0.0,prior,0.0,rr_sweep,12600.0,43200,681919.3227179182,0,622391.4682937623,59527.854424155914,0,1,0.44727217893370896,1,10.230063699098567,28.79242344000674,7486.75482575108,1383.8010815284888,5.410282536765706,2.0078816031082223,304.7475977652002,0.0,0.0,0.0,0.9638965446478344,9.469407265774379,0.9530026109660574,663.8739036798413,1046,1.7583873271942139
core,200,3000000.0,9,7,exclude,launch,0,0.0,prior,0.0,rr_sweep,12600.0,43200,711002.6672515732,0,657721.1521339824,53281.51511759072,0,0,0.0,0,10.273942215221508,26.24518598714209,7453.356364169037,1515.2747669278797,4.918815073572583,2.011633878202364,307.0209310580267,0.0,0.004132231404958678,0.0,1.6787077346327623,16.338797814207652,0.9703703703703703,1111.268742782397,366,0.8435037136077881
core,200,3000000.0,15,6,exclude,launch,0,0.0,prior,0.0,rr_sweep,12600.0,43200,610309.0136706412,0,566556.4287780869,43752.58489255436,0,1,0.33545946456154774,1,9.820645030526062,28.336509701460663,7812.771097824855,1405.93925656663,5.556976278551329,2.0080617966510594,304.8565757602085,0.0,0.0,0.0,0.9784381994396149,9.452866861030126,0.9479905437352246,672.106391741828,1029,1.137103796005249
core,200,3000000.0,11,6,exclude,launch,0,0.0,prior,0.0,rr_sweep,12600.0,43200,728555.7192575434,0,673665.4633936941,54890.25586384941,0,1,0.28101090623574076,1,9.820645030526062,29.41321371110986,7812.771097824855,1353.355917686691,5.772887232191903,2.0097196657973035,305.86014104934554,0.0,0.0027624309392265192,0.0,1.3617116861896978,14.164206642066421,0.9574468085106383,857.67433870559,542,1.220628023147583
core,200,3000000.0,17,4,exclude,launch,0,0.0,prior,0.0,rr_sweep,12600.0,43200,402149.54234508873,0,379590.1196463956,22559.4226986931,0,1,0.1880918911314211,1,12.059729542696003,30.146751779128863,6300.314603527087,1322.152045636154,4.76519672931844,2.0070956081282585,304.2724691733681,0.0,0.0,0.0,0.8328113661301155,8.292487235594457,0.9610705596107056,573.7826763952115,1371,2.395559072494507
core,200,3000000.0,11,7,exclude,launch,0,0.0,prior,0.0,rr_sweep,12600.0,43200,524322.624149197,0,494939.2793461315,29383.34480306548,0,1,0.05850809698898862,1,10.273942215221508,30.424606724208637,7453.356364169037,1308.4374392703378,5.6963796208135635,2.0096112414290164,305.79445764595187,0.0,0.001392757660167131,0.0,1.3776769555248085,14.204841713221601,0.9654320987654321,865.4495884158531,537,0.7654004096984863
core,200,3000000.0,19,4,exclude,launch,0,0.0,prior,0.0,rr_sweep,12600.0,43200,384633.1352408277,0,363796.9301896829,20836.205051144745,0,1,0.19665973655529348,1,12.059729542696003,30.188861563804842,6300.314603527087,1320.5904135665196,4.77083169679524,2.006666085657926,304.0129824041552,0.0,0.0,0.0,0.758335427238474,7.112099644128114,0.9708029197080292,544.4482138046183,1686,2.369051694869995
core,200,3000000.0,5,8,exclude,launch,0,0.0,prior,0.0,rr_sweep,12600.0,43200,1260368.9368004198,0,1096488.9032678981,163880.0335325217,0,0,0.0,0,11.933896810827438,27.478619658070155,6370.260745628138,1442.2655117796853,4.416843288284379,2.018598078659166,311.26261375444335,0.0,0.020689655172413793,0.0,3.1178708648562603,32.018691588785046,0.9487179487179487,1929.5133713231437,107,0.43666958808898926
core,200,3000000.0,12,6,exclude,launch,0,0.0,prior,0.0,rr_sweep,12600.0,43200,693212.6603007244,0,642518.5363522058,50694.12394851878,0,1,0.29533203006499564,1,9.820645030526062,27.885580143328642,7812.771097824855,1427.8085812208756,5.471861705120439,2.009279323041227,305.5934255755672,0.0,0.0,0.0,1.2343498515983535,12.408536585365853,0.9457547169811321,810.7813649408313,656,1.3441591262817383
core,200,3000000.0,18,4,exclude,launch,0,0.0,prior,0.0,rr_sweep,12600.0,43200,400332.93108127284,0,377987.73201457324,22345.19906669956,0,1,0.18894794646064372,1,12.059729542696003,27.615164657731178,6300.314603527087,1443.334668973554,4.365110004603185,2.0071290947395464,304.2927040412694,0.0,0.0,0.0,0.8104156011692004,7.652842809364548,0.9588377723970944,572.4514066481975,1495,2.494663715362549
core,200,3000000.0,6,8,exclude,launch,0,0.0,prior,0.0,rr_sweep,12600.0,43200,1051106.7130745028,0,911812.105945072,139294.60712943075,0,0,0.0,0,11.933896810827438,26.951839842863336,6370.260745628138,1472.4487553519975,4.3263038679436345,2.0158647024526015,309.59432810673366,0.0,0.014285714285714285,0.0,2.572141390411191,26.544871794871796,0.9615384615384616,1583.964591389376,156,0.5507869720458984
core,200,3000000.0,8,8,exclude,launch,0,0.0,prior,0.0,rr_sweep,12600.0,43200,720365.1458699253,0,659602.078591394,60763.067278531315,0,0,0.0,0,11.933896810827438,25.523916357570695,6370.260745628138,1557.305916879213,4.090564786650216,2.012652238129304,307.6393666164867,0.0,0.010666666666666666,0.0,1.9178029083962143,19.37142857142857,0.9616368286445013,1226.4167086268267,280,0.4902770519256592
core,200,3000000.0,16,5,exclude,launch,0,0.0,prior,0.0,rr_sweep,12600.0,43200,658687.6107178264,0,603007.8711391393,55679.739578687135,0,1,0.4630457260399505,1,10.230063699098567,29.426525394989163,7486.75482575108,1354.2773811412608,5.528228507694583,2.0074437143111075,304.4828512514883,0.0,0.0,0.0,0.928122497940157,9.039655172413793,0.9503916449086162,626.7475638133378,1160,2.1250264644622803
core,200,3000000.0,13,6,exclude,launch,0,0.0,prior,0.0,rr_sweep,12600.0,43200,651309.2286185649,0,603403.8792011921,47905.349417372774,0,1,0.31430287037679305,1,9.820645030526062,30.020866062618907,7812.771097824855,1326.7244707611028,5.8887668615495565,2.008565646770399,305.16139915361805,0.0,0.0,0.0,1.1499271856125404,11.68988173455979,0.950354609929078,739.8161165096769,761,1.6322786808013916
core,200,3000000.0,7,8,exclude,launch,0,0.0,prior,0.0,rr_sweep,12600.0,43200,797398.2873019449,0,727338.7074938458,70059.5798080991,0,0,0.0,0,11.933896810827438,22.76979015999207,6370.260745628138,1744.1346023464084,3.652390553491765,2.014424340574669,308.71702282510546,0.0,0.010344827586206896,0.0,2.1764338241168293,22.166666666666668,0.9642857142857143,1390.6768543525602,216,0.7122921943664551
core,200,3000000.0,14,6,exclude,launch,0,0.0,prior,0.0,rr_sweep,12600.0,43200,637316.4674705195,0,590588.7270456601,46727.740424859294,0,1,0.32124360902595045,1,9.820645030526062,27.113649262368096,7812.771097824855,1468.9635192107528,5.318560328865426,2.0085886427296584,305.1753150729765,0.0,0.0,0.0,1.026133198541628,9.941112322791712,0.9621749408983451,721.2105722754067,917,1.7402667999267578
core,200,3000000.0,7,9,exclude,launch,0,0.0,prior,0.0,rr_sweep,12600.0,43200,843259.5309064148,0,757646.2493202238,85613.28158619105,0,0,0.0,0,10.304493718415957,22.984423016917354,7430.26982720097,1727.9208718604054,4.300121578600414,2.014338856694785,308.66499486026515,0.0,0.006896551724137931,0.0,2.1681460981072456,22.09259259259259,0.9601990049751243,1383.0505183248931,216,0.4130373001098633
core,200,3000000.0,5,9,exclude,launch,0,0.0,prior,0.0,rr_sweep,12600.0,43200,1294152.7500622745,0,1127182.4787008355,166970.271361439,0,0,0.0,0,10.304493718415957,30.1895914082355,7430.26982720097,1312.91120533836,5.659384882229,2.0183542655744144,311.1136230640815,0.0,0.07482993197278912,0.0,3.064286608976403,31.263636363636362,0.9361179361179361,1947.5679364166888,110,0.4740433692932129
core,200,3000000.0,12,7,exclude,launch,0,0.0,prior,0.0,rr_sweep,12600.0,43200,512866.334304417,0,484731.05601163884,28135.278292778206,0,1,0.0598150373602673,1,10.273942215221508,30.297011485888607,7453.356364169037,1314.3126012163054,5.6709160037509125,2.0090536003955317,305.45675054135563,0.0,0.0035087719298245615,0.0,1.26089213296602,12.8393135725429,0.9753086419753086,801.2836774741168,641,1.3260324001312256
core,200,3000000.0,9,8,exclude,launch,0,0.0,prior,0.0,rr_sweep,12600.0,43200,591075.2565593467,0,550010.8767345082,41064.37982483843,0,0,0.0,0,11.933896810827438,32.64664871388528,6370.260745628138,1218.5616548916107,5.227688496561762,2.010962041481886,306.61327479516683,0.0,0.0,0.0,1.7170168614507877,18.183615819209038,0.9769820971867008,1030.8968236792523,354,0.9233231544494629
core,200,3000000.0,12,8,exclude,launch,0,0.0,prior,0.0,rr_sweep,12600.0,43200,463418.56409981736,0,438764.5835552188,24653.980544598493,0,0,0.0,1,11.933896810827438,26.968928493840558,6370.260745628138,1476.3247178717747,4.314945532315759,2.0092982410999727,305.6048818462496,0.0,0.0,0.0,1.2565439234945666,12.40031152647975,0.9769230769230769,827.3955649530138,642,0.8026847839355469
core,200,3000000.0,6,9,exclude,launch,0,0.0,prior,0.0,rr_sweep,12600.0,43200,988152.3299283402,0,877618.1338242035,110534.19610413672,0,0,0.0,0,10.304493718415957,22.267408144178027,7430.26982720097,1781.844780903425,4.169987143006755,2.016278170482838,309.84639593998315,0.0,0.0091324200913242,0.0,2.461953522005396,24.835365853658537,0.9429280397022333,1625.6146574271281,164,0.550551176071167
core,200,3000000.0,10,8,exclude,launch,0,0.0,prior,0.0,rr_sweep,12600.0,43200,574796.7376466907,0,539051.0892409276,35745.64840576306,0,0,0.0,0,11.933896810827438,25.839339393613006,6370.260745628138,1539.825636290681,4.137001356188351,2.0106525769370904,306.42558938087456,0.0,0.0017035775127768314,0.0,1.531856100469166,15.312072892938497,0.9846153846153847,985.1178812513464,439,1.0137050151824951
core,200,3000000.0,13,7,exclude,launch,0,0.0,prior,0.0,rr_sweep,12600.0,43200,468913.24165172066,0,444733.8264703525,24179.415181368167,0,1,0.06542173737551925,1,10.273942215221508,28.33944927260679,7453.356364169037,1405.30191528377,5.303740273252239,2.0087641202998956,305.28151512132683,0.0,0.0,0.0,1.137200135253114,11.049479166666666,0.9629629629629629,774.7079040356141,768,1.569547414779663
core,200,3000000.0,11,8,exclude,launch,0,0.0,prior,0.0,rr_sweep,12600.0,43200,488126.8979721354,0,464386.0839170734,23740.814055062074,0,0,0.0,0,11.933896810827438,27.987543818705216,6370.260745628138,1422.2624430324765,4.478962920546357,2.009765831717065,305.88811047097687,0.0,0.0,0.0,1.3899644067165329,14.030075187969924,0.9769230769230769,884.4209968429469,532,1.1522197723388672
core,200,3000000.0,8,9,exclude,launch,0,0.0,prior,0.0,rr_sweep,12600.0,43200,728040.9520777765,0,663529.7574446774,64511.194633099265,0,0,0.0,0,10.304493718415957,29.290010063167287,7430.26982720097,1357.4316198820138,5.473770993964911,2.0121136380793567,307.31220491586913,0.0,0.010869565217391304,0.0,1.963404146268163,19.934306569343065,0.9578163771712159,1212.5271444881134,274,0.8450939655303955
core,200,3000000.0,15,7,exclude,launch,0,0.0,prior,0.0,rr_sweep,12600.0,43200,407712.9119734298,0,390550.962974158,17161.948999271808,0,1,0.07524196081688332,1,10.273942215221508,29.283439955354808,7453.356364169037,1360.5423772018391,5.478224338368636,2.0079635326943976,304.79714497253104,0.0,0.0,0.0,0.9748486530979699,9.454985479186835,0.9679012345679012,671.8343170595988,1033,1.7280642986297607
core,200,3000000.0,5,10,exclude,launch,0,0.0,prior,0.0,rr_sweep,12600.0,43200,1320738.3636589798,0,1151485.3247431582,169253.03891582153,0,0,0.0,0,11.597269844061024,25.23580635415696,6564.841933405682,1570.4686679833371,4.18018013809578,2.018568652023971,311.2446296657787,0.0,0.047619047619047616,0.0,3.07469453993555,30.678899082568808,0.9079903147699758,2010.3046956934904,109,0.43105530738830566
core,200,3000000.0,14,7,exclude,launch,0,0.0,prior,0.0,rr_sweep,12600.0,43200,420431.6336232244,0,401177.74700180115,19253.886621423208,0,1,0.07296577253921419,1,10.273942215221508,31.325048754455956,7453.356364169037,1271.8585582110509,5.860208524014378,2.0079801475966454,304.8071933846865,0.0,0.0008718395815170009,0.0,1.0945877158148545,11.051282051282051,0.9604938271604938,692.1417130723923,858,1.8000743389129639
core,200,3000000.0,15,8,exclude,launch,0,0.0,prior,0.0,rr_sweep,12600.0,43200,466699.8543559163,0,448938.00324438605,17761.85111153024,0,1,0.2747669047185564,1,11.933896810827438,29.948504450521792,6370.260745628138,1330.522816323178,4.787787678254163,2.00767088451354,304.6201834488901,0.0,0.0,0.0,1.014398815731412,10.469818913480886,0.9794344473007712,631.4361567709141,994,1.1723382472991943
core,200,3000000.0,9,9,exclude,launch,0,0.0,prior,0.0,rr_sweep,12600.0,43200,636469.9743734073,0,587709.0567543871,48760.91761902029,0,0,0.0,0,10.304493718415957,24.955407289031374,7430.26982720097,1593.5760646314782,4.662638949035203,2.011650486924547,307.03101230840184,0.0,0.0,0.0,1.626139433187429,16.631720430107528,0.9578163771712159,1068.6170300758713,372,0.9997210502624512
core,200,3000000.0,6,10,exclude,launch,0,0.0,prior,0.0,rr_sweep,12600.0,43200,1072263.6463210667,0,943246.2443461634,129017.4019749033,0,0,0.0,0,11.597269844061024,24.086443811473703,6564.841933405682,1647.5330743222944,3.984649556189396,2.0159658029308676,309.6559538174887,0.0,0.0330188679245283,0.0,2.5680304612252107,25.929936305732483,0.9361179361179361,1644.0795319113734,157,0.542168378829956
core,200,3000000.0,12,9,exclude,launch,0,0.0,prior,0.0,rr_sweep,12600.0,43200,611834.0884378607,0,567001.8343464066,44832.254091454146,0,1,0.29581778935538705,1,10.304493718415957,29.96861198737369,7430.26982720097,1328.835283558634,5.591565726116659,2.0088717295907816,305.3466500302487,0.0,0.0,0.0,1.2471872797112669,13.26780185758514,0.96,767.6945263886417,646,0.8747086524963379
core,200,3000000.0,13,8,exclude,launch,0,0.0,prior,0.0,rr_sweep,12600.0,43200,509172.2818066331,0,487664.58045668073,21507.70134995237,0,1,0.2518473196517709,1,11.933896810827438,29.902751890926123,6370.260745628138,1331.9171672714156,4.782775462439863,2.0086377150289465,305.2050120536444,0.0,0.0,0.0,1.0947366800287064,11.676691729323307,0.9768637532133676,703.6197703384962,798,1.5673823356628418
core,200,3000000.0,10,9,exclude,launch,0,0.0,prior,0.0,rr_sweep,12600.0,43200,552376.990901504,0,516202.67881621484,36174.31208528911,0,0,0.0,0,10.304493718415957,29.195087734764282,7430.26982720097,1363.1128355483652,5.45095727472323,2.0102422432188627,306.17681699516385,0.0,0.0033613445378151263,0.0,1.50888706578192,15.386516853932584,0.9675,963.8462825880017,445,1.1087305545806885
core,200,3000000.0,16,7,exclude,launch,0,0.0,prior,0.0,rr_sweep,12600.0,43200,384830.95777466154,0,369162.930981573,15668.02679308855,0,1,0.07971582932058503,1,10.273942215221508,29.54180028557156,7453.356364169037,1348.8163076179387,5.525849830012769,2.0077064818703256,304.64170608104064,0.0,0.0,0.0,0.8957690219696038,8.646128226477934,0.9728395061728395,631.6534612791337,1201,2.107649564743042
core,200,3000000.0,7,10,exclude,launch,0,0.0,prior,0.0,rr_sweep,12600.0,43200,826030.1420749989,0,755318.3948525975,70711.74722240143,0,0,0.0,0,11.597269844061024,22.411094949281683,6564.841933405682,1772.2598427102437,3.704220890863464,2.014185728315428,308.5718074556083,0.0,0.01048951048951049,0.0,2.2157209878576007,22.093896713615024,0.9358024691358025,1412.313382968832,213,0.7086927890777588
core,200,3000000.0,8,10,exclude,launch,0,0.0,prior,0.0,rr_sweep,12600.0,43200,722380.3585188736,0,665026.5799298141,57353.77858905951,0,0,0.0,0,11.597269844061024,25.097412642968592,6564.841933405682,1583.7641075932036,4.145088212273016,2.0126605740482706,307.64443146953204,0.0,0.010256410256410256,0.0,1.8342930765691876,18.522184300341298,0.9478908188585607,1217.4075270291228,293,0.7781994342803955
core,200,3000000.0,14,8,exclude,launch,0,0.0,prior,0.0,rr_sweep,12600.0,43200,524664.5074094,0,500393.1261874963,24271.38122190372,0,1,0.2444108046247445,1,11.933896810827438,29.30414999706392,6370.260745628138,1359.4796319402917,4.685808154798393,2.008113025007968,304.8875613572148,0.0,0.0,0.0,1.0880198820920675,11.288194444444445,0.9768637532133676,673.6115752689385,864,1.837902307510376
core,200,3000000.0,11,9,exclude,launch,0,0.0,prior,0.0,rr_sweep,12600.0,43200,706314.685256644,0,651627.0732930104,54687.611963633724,0,1,0.2562483455506725,1,10.304493718415957,29.165433648190177,7430.26982720097,1365.004584390107,5.443402837010151,2.009497354947677,305.7254728939068,0.0,0.008450704225352112,0.0,1.3928415164348051,14.712945590994371,0.9575,840.8279427472978,533,1.3357594013214111
core,200,3000000.0,16,8,exclude,launch,0,0.0,prior,0.0,rr_sweep,12600.0,43200,466122.7298112345,0,448317.0016243473,17805.72818688721,0,1,0.2751071042296242,1,11.933896810827438,27.72411662257305,6370.260745628138,1437.261832179844,4.432220075006507,2.007688712325379,304.63096228439406,0.0,0.0,0.0,0.933229646336082,9.038128249566725,0.974293059125964,629.7495317407784,1154,1.8974111080169678
core,200,3000000.0,16,9,exclude,launch,0,0.0,prior,0.0,rr_sweep,12600.0,43200,512858.7034143739,0,476927.9261732968,35930.77724107716,0,1,0.35290246099256856,1,10.304493718415957,32.419502996950484,7430.26982720097,1229.4247250227936,6.043696434576922,2.007158603547653,304.31053581001765,0.0,0.0,0.0,0.9239869860756917,9.453998280309545,0.9748110831234257,595.6690487181689,1163,1.269258975982666
core,200,3000000.0,5,11,exclude,launch,0,0.0,prior,0.0,rr_sweep,12600.0,43200,1377502.0197359025,0,1186361.3586419849,191140.66109391768,0,0,0.0,0,11.275799978965152,24.78483813868179,6761.506957310247,1598.7786717280617,4.229170101451241,2.0189034676932702,311.4492829432113,0.0,0.0273972602739726,0.0,3.1124166664509247,29.87037037037037,0.9028436018957346,2096.66421695975,108,0.44354701042175293
core,200,3000000.0,9,10,exclude,launch,0,0.0,prior,0.0,rr_sweep,12600.0,43200,668470.0368710932,0,612001.1623787399,56468.8744923533,0,0,0.0,0,11.597269844061024,25.38119632883654,6564.841933405682,1567.0183349325353,4.189384251007068,2.0114248928984004,306.89409419236233,0.0,0.00211864406779661,0.0,1.7164632641227553,17.39718309859155,0.9529702970297029,1074.240287643999,355,0.9632127285003662
core,200,3000000.0,10,10,exclude,launch,0,0.0,prior,0.0,rr_sweep,12600.0,43200,565866.9083532355,0,527900.77362105,37966.13473218556,0,0,0.0,0,11.597269844061024,25.45135658726146,6564.841933405682,1563.218393145984,4.199567995226762,2.0107561000185488,306.48836811741205,0.0,0.0032,0.0,1.4291202809547963,14.272921108742004,0.9600997506234414,983.3507310020965,469,1.0307228565216064
core,200,3000000.0,17,8,exclude,launch,0,0.0,prior,0.0,rr_sweep,12600.0,43200,443367.9099565614,0,426402.5200765172,16965.389880044277,0,1,0.28922633220464433,1,11.933896810827438,29.354090707380042,6370.260745628138,1357.6590410141985,4.69209172051727,2.0073848356031014,304.44726210092637,0.0,0.0,0.0,0.8476999916426514,8.29673590504451,0.9768637532133676,587.1829962620338,1348,2.123443603515625
core,200,3000000.0,13,10,exclude,launch,0,0.0,prior,0.0,rr_sweep,12600.0,43200,552715.7101026253,0,533580.271282474,19135.438820151296,0,1,0.28200166510739105,1,11.597269844061024,29.977749960360025,6564.841933405682,1328.7171478007422,4.940736968941536,2.0084379285168987,305.08411670143596,0.0,0.0009487666034155598,0.0,1.1044063105782338,11.689873417721518,0.9675810473815462,711.6998741251049,790,0.9766099452972412
core,200,3000000.0,6,11,exclude,launch,0,0.0,prior,0.0,rr_sweep,12600.0,43200,1080613.9758599983,0,944880.6722302301,135733.30362976826,0,0,0.0,0,11.275799978965152,23.63956096920315,6761.506957310247,1678.3147579226782,4.02874784088728,2.0164022199278246,309.92204180226315,0.0,0.014285714285714285,0.0,2.581902994883174,24.923076923076923,0.9234449760765551,1681.7727233964076,156,0.5590653419494629
core,200,3000000.0,11,10,exclude,launch,0,0.0,prior,0.0,rr_sweep,12600.0,43200,517606.95656145405,0,481009.26759763295,36597.68896382105,0,0,0.0,0,11.597269844061024,27.33412208957581,6564.841933405682,1456.2375418293548,4.508084529367919,2.009799038506598,305.90822945065486,0.0,0.008053691275167786,0.0,1.325389681202203,13.272890484739676,0.9651741293532339,890.437150414393,557,1.166318416595459
core,200,3000000.0,14,9,exclude,launch,0,0.0,prior,0.0,rr_sweep,12600.0,43200,558871.3444325892,0,516576.711970043,42294.63246254623,0,1,0.3238486767586007,1,10.304493718415957,29.336991394425755,7430.26982720097,1357.9616198636793,5.471634631284253,2.008107313790771,304.8841068355334,0.0,0.0,0.0,1.0543966376129104,11.01791713325868,0.9774436090225563,667.2432751664816,893,1.6893835067749023
core,200,3000000.0,13,9,exclude,launch,0,0.0,prior,0.0,rr_sweep,12600.0,43200,576342.5140247042,0,533311.3953923343,43031.11863236993,0,1,0.31403384489267855,1,10.304493718415957,29.340317626780553,7430.26982720097,1357.444713468067,5.473718195283069,2.008644248028478,305.20896572428035,0.0,0.0,0.0,1.0843098624445566,11.6712158808933,0.9598997493734336,699.775586241154,806,1.7763962745666504
core,200,3000000.0,18,8,exclude,launch,0,0.0,prior,0.0,rr_sweep,12600.0,43200,411413.7296210339,0,396641.3871559297,14772.342465104208,0,1,0.31169031362199756,1,11.933896810827438,32.7349804077534,6370.260745628138,1217.8102364073784,5.230914107292144,2.0067731488968437,304.0776520018998,0.0,0.0,0.0,0.8090376483296149,8.294983277591973,0.979381443298969,528.007961890368,1495,2.363538980484009
core,200,3000000.0,7,11,exclude,launch,0,0.0,prior,0.0,rr_sweep,12600.0,43200,865025.4758359574,0,776104.3193188766,88921.15651708089,0,0,0.0,0,11.275799978965152,30.38522515377509,6761.506957310247,1307.4624181447953,5.171473277912178,2.0137164317184926,308.28630118082185,0.0,0.01060070671378092,0.0,2.2277585114422283,22.104761904761904,0.9331742243436754,1429.8966796233706,210,0.6271510124206543
core,200,3000000.0,15,9,exclude,launch,0,0.0,prior,0.0,rr_sweep,12600.0,43200,546717.6399428057,0,506350.933243005,40366.706699800765,0,1,0.331050263270795,1,10.304493718415957,27.155300539799562,7430.26982720097,1467.1354115193096,5.064474464225811,2.0080067747880075,304.8232974055563,0.0,0.0,0.0,0.9883136428769922,9.91470588235294,0.964824120603015,649.4454532921633,1020,1.7898869514465332
core,200,3000000.0,12,10,exclude,launch,0,0.0,prior,0.0,rr_sweep,12600.0,43200,505488.5736209394,0,473612.9086349465,31875.664985992873,0,0,0.0,1,11.597269844061024,25.17874664477597,6564.841933405682,1581.201651909798,4.151805638121217,2.0094102799450444,305.6727339776199,0.0,0.0011947431302270011,0.0,1.2891534177879012,12.42147435897436,0.970074812967581,847.7179971481819,624,1.3718383312225342
core,200,3000000.0,8,11,exclude,launch,0,0.0,prior,0.0,rr_sweep,12600.0,43200,759806.4911935029,0,691364.5005568881,68441.99063661478,0,0,0.0,0,11.275799978965152,22.814825696889546,6761.506957310247,1741.8637000661297,3.8817658104095902,2.013069009851204,307.89264561626965,0.0,0.002631578947368421,0.0,1.8945578028623824,18.158450704225352,0.9425837320574163,1287.9516064278487,284,0.8047747611999512
core,200,3000000.0,11,11,exclude,launch,0,0.0,prior,0.0,rr_sweep,12600.0,43200,556794.349583438,0,520833.13528039,35961.214303048015,0,0,0.0,0,11.275799978965152,24.259870487431215,6761.506957310247,1640.3633046840064,4.121956970143732,2.010302734977313,306.2134848907917,0.0,0.001366120218579235,0.0,1.3496087852441814,12.465328467153284,0.9497607655502392,967.4894214212247,548,0.6842641830444336
core,200,3000000.0,16,10,exclude,launch,0,0.0,prior,0.0,rr_sweep,12600.0,43200,501160.10771972546,0,484767.2787974792,16392.82892224629,0,1,0.3110118865788143,1,11.597269844061024,29.655202337186655,6564.841933405682,1343.830619889152,4.885170672734926,2.007449195312975,304.4861643410282,0.0,0.0,0.0,0.9128052248539861,9.03061224489796,0.9775,617.9594992968405,1176,1.2238249778747559
core,200,3000000.0,9,11,exclude,launch,0,0.0,prior,0.0,rr_sweep,12600.0,43200,696765.8706937388,0,636080.2720490166,60685.59864472222,0,0,0.0,0,11.275799978965152,24.640598377674813,6761.506957310247,1613.8668342567362,4.189631271792167,2.0117362430235817,307.0830676342416,0.0,0.006289308176100629,0.0,1.7008064232335727,16.252808988764045,0.9473684210526315,1145.106193660785,356,0.9157905578613281
core,200,3000000.0,5,12,exclude,launch,0,0.0,prior,0.0,rr_sweep,12600.0,43200,1500132.4888738447,0,1255078.3141206016,245054.17475324302,0,0,0.0,0,10.560706468639882,23.662043144719558,7241.91745481808,1674.8171901150868,4.324004731716686,2.018693270668643,311.3207939116733,0.0,0.006896551724137931,0.0,3.0909406852226806,29.885714285714286,0.9276807980049875,2013.4995621806795,105,0.42066216468811035
core,200,3000000.0,6,12,exclude,launch,0,0.0,prior,0.0,rr_sweep,12600.0,43200,1084453.8793738394,0,952185.4484568025,132268.4309170369,0,0,0.0,0,10.560706468639882,21.39583756212308,7241.91745481808,1854.4406491641885,3.905176182414935,2.0162656739875118,309.83877603758754,0.0,0.004761904761904762,0.0,2.591678828284943,24.923076923076923,0.9555555555555556,1706.1447365270676,156,0.5231788158416748
core,200,3000000.0,10,11,exclude,launch,0,0.0,prior,0.0,rr_sweep,12600.0,43200,597236.0374781543,0,554074.5175375395,43161.519940614824,0,0,0.0,0,11.275799978965152,24.01270327122,6761.506957310247,1656.685387270816,4.081346409681921,2.0109852776420913,306.6273694827171,0.0,0.0,0.0,1.5007907484831444,14.247767857142858,0.9497607655502392,1033.5272213156663,448,0.9638102054595947
paper,100,1500000.0,2,1,exclude,launch,0,0.0,prior,0.0,rr_sweep,12600.0,43200,2738836.0029192017,0,1484024.4839368793,1254811.5189823224,0,0,0.0,0,4.704263543576533,4.720234347443086,8169.591647266075,4180.784853499579,1.9540808564754568,2.0269293511410487,316.3751676704926,0.0,0.0,0.0,3.741840053555642,15.694444444444445,0.41386554621848737,5937.188244399176,36,0.08551311492919922
paper,100,1500000.0,3,1,exclude,launch,0,0.0,prior,0.0,rr_sweep,12600.0,43200,2042371.1465786218,0,1097814.1301538192,944557.0164248026,0,0,0.0,0,4.704263543576533,4.367351341318728,8169.591647266075,4527.710980480414,1.804353608807256,2.0228475959436905,313.8651613583359,0.0,0.0,0.0,2.4051568701424415,9.117647058823529,0.5593952483801296,4280.441756881232,85,0.11151790618896484
core,200,3000000.0,7,12,exclude,launch,0,0.0,prior,0.0,rr_sweep,12600.0,43200,889992.3123985619,0,796826.1232592738,93166.18913928804,0,0,0.0,0,10.560706468639882,24.604308902888224,7241.91745481808,1614.4590509701302,4.485661900477688,2.013964365642523,308.4371204378533,0.0,0.0034965034965034965,0.0,2.2216588600166918,22.177570093457945,0.9605911330049262,1406.2642968596476,214,0.700202226638794
paper,100,1500000.0,4,1,exclude,launch,0,0.0,prior,0.0,rr_sweep,12600.0,43200,1501250.9383335612,0,866318.0790668776,634932.8592666837,0,0,0.0,0,4.704263543576533,4.784111120888519,8169.591647266075,4138.015402410373,1.9742777280401926,2.0205361735069163,312.4482244308417,0.0,0.0,0.0,1.7393524095702535,6.237179487179487,0.6424642464246425,3376.5136632135527,156,0.15102052688598633
core,200,3000000.0,14,10,exclude,launch,0,0.0,prior,0.0,rr_sweep,12600.0,43200,560590.2713972757,0,540519.5194326886,20070.75196458708,0,1,0.27804041299442317,1,11.597269844061024,27.01931326913532,6564.841933405682,1474.2747836012334,4.452929675273725,2.008340022419203,305.02488024370774,0.0,0.0,0.0,1.0508543287615344,10.408026755852843,0.9675,702.2286811092819,897,1.7698991298675537
core,200,3000000.0,8,12,exclude,launch,0,0.0,prior,0.0,rr_sweep,12600.0,43200,788914.5518005432,0,712533.7078857704,76380.84391477295,0,0,0.0,0,10.560706468639882,21.251098992187178,7241.91745481808,1870.0050085704218,3.8726727584298657,2.0131021974928913,307.91281876947767,0.0,0.0,0.0,1.8984644982771974,18.10600706713781,0.9676616915422885,1291.4848643723535,283,0.7527122497558594
paper,100,1500000.0,5,1,exclude,launch,0,0.0,prior,0.0,rr_sweep,12600.0,43200,1901137.1909704136,0,1332353.7735849607,568783.417385453,0,3,0.30438702871198414,4,4.704263543576533,4.719447600551138,8169.591647266075,4194.171948424373,1.9478437574156084,2.02079654892725,312.60767829053515,0.0,0.0,0.0,1.4164823915831233,4.215189873417722,0.6582138919514884,3291.829016309873,237,0.17352557182312012
core,200,3000000.0,15,10,exclude,launch,0,0.0,prior,0.0,rr_sweep,12600.0,43200,528226.0962373359,0,510112.1820231482,18113.914214187753,0,1,0.2950758239515726,1,11.597269844061024,28.328267365302832,6564.841933405682,1406.5148933556266,4.667452839936485,2.007823990531512,304.7127587672586,0.0,0.008836524300441826,0.0,0.989352776326463,9.870206489675516,0.9675810473815462,654.143129991902,1017,1.7844080924987793
paper,100,1500000.0,2,2,exclude,launch,0,0.0,prior,0.0,rr_sweep,12600.0,43200,3133737.330156569,0,1736394.4894845397,1397342.8406720292,0,0,0.0,0,4.539162858794823,5.503065973985455,8478.86425558954,3588.7652537102026,2.362613226603152,2.025397270963607,315.4318689898838,0.0,0.0,0.0,3.6750376024646276,14.35135135135135,0.38876889848812096,6319.506614579417,37,0.07400012016296387
core,200,3000000.0,9,12,exclude,launch,0,0.0,prior,0.0,rr_sweep,12600.0,43200,716331.5367681321,0,654123.8863359521,62207.65043218003,0,0,0.0,0,10.560706468639882,23.257628475505143,7241.91745481808,1709.8902928279126,4.235311168906041,2.01166801827672,307.0416537611836,0.0,0.0021008403361344537,0.0,1.7078551750557953,16.6536312849162,0.9628712871287128,1111.3158548421834,358,0.8638110160827637
paper,100,1500000.0,3,2,exclude,launch,0,0.0,prior,0.0,rr_sweep,12600.0,43200,2156588.805612968,0,1198465.2706942197,958123.5349187478,0,0,0.0,0,4.539162858794823,6.36849317044024,8478.86425558954,3111.420293839834,2.725078406275255,2.01866672305369,311.3045677970829,0.0,0.0,0.0,2.4057586572792067,9.119047619047619,0.5458468176914779,4375.885187536806,84,0.1175987720489502
paper,100,1500000.0,6,1,exclude,launch,0,0.0,prior,0.0,rr_sweep,12600.0,43200,2183786.197524221,0,1810333.6318148742,373452.56570934673,0,9,0.6358136155039168,10,4.704263543576533,5.116233640896971,8169.591647266075,3873.3286942297145,2.1091914196274413,2.0184838044509035,311.19277797863583,0.0,0.0,0.0,1.208626084049824,4.102102102102102,0.7279735682819384,2397.97141010419,333,0.2531092166900635
paper,100,1500000.0,4,2,exclude,launch,0,0.0,prior,0.0,rr_sweep,12600.0,43200,1761125.7980258847,0,983711.3274046974,777414.4706211874,0,0,0.0,0,4.539162858794823,5.455411460469914,8478.86425558954,3633.060874653274,2.3338073729355644,2.0181795665624636,311.0068889295978,0.0,0.004784688995215311,0.0,1.7133250192964753,5.877419354838709,0.6164835164835165,3587.103902641477,155,0.14710259437561035
paper,100,1500000.0,7,1,exclude,launch,0,0.0,prior,0.0,rr_sweep,12600.0,43200,2804231.447240361,0,2425951.785164813,378279.662075548,0,14,0.7758377231198855,17,4.704263543576533,5.396448303274139,8169.591647266075,3673.537368572308,2.2239032375601298,2.017750707894489,310.74495102592016,0.0,0.0,0.0,1.06432355769914,3.4988713318284423,0.7343578485181119,2119.2748964090715,443,0.2841172218322754
core,200,3000000.0,16,11,exclude,launch,0,0.0,prior,0.0,rr_sweep,12600.0,43200,425746.14926302485,0,405868.3144802282,19877.834782796665,0,1,0.17364964807621558,1,11.275799978965152,29.305836153532514,6761.506957310247,1359.7124070290558,4.97274785635295,2.007653727294157,304.6098102389419,0.0,0.0,0.0,0.8965451494784992,8.65137614678899,0.9685990338164251,633.1544362385247,1199,1.2194268703460693
paper,100,1500000.0,2,3,exclude,launch,0,0.0,prior,0.0,rr_sweep,12600.0,43200,3247838.290514668,0,1778739.3434787202,1469098.947035948,0,0,0.0,0,5.054127002413989,4.328755963188089,7580.990936890765,4559.567731487233,1.6626556251239213,2.0266241662638755,316.1871536270993,0.0,0.020833333333333332,0.0,3.7511578093430207,14.285714285714286,0.3639274279615795,6538.898574293014,35,0.07800745964050293
paper,100,1500000.0,5,2,exclude,launch,0,0.0,prior,0.0,rr_sweep,12600.0,43200,1693936.3766460586,0,1030668.9324150897,663267.444230969,0,1,0.10651030504154749,2,4.539162858794823,5.483072755937494,8478.86425558954,3615.4824722479134,2.3451542970191297,2.0177609937748056,310.7512321348439,0.0,0.0,0.0,1.3753312754710967,4.264227642276423,0.6648471615720524,3153.98638636409,246,0.18410658836364746
core,200,3000000.0,10,12,exclude,launch,0,0.0,prior,0.0,rr_sweep,12600.0,43200,626351.2047480134,0,573806.0518740303,52545.15287398318,0,0,0.0,0,10.560706468639882,24.689541538947154,7241.91745481808,1611.4561461556175,4.49402080974702,2.0107518187983455,306.4857717612491,0.0,0.008375209380234505,0.0,1.495514672503532,14.524553571428571,0.972568578553616,1013.8646179592087,448,0.9908168315887451
paper,100,1500000.0,3,3,exclude,launch,0,0.0,prior,0.0,rr_sweep,12600.0,43200,2134373.0513330717,0,1177141.7784060973,957231.2729269746,0,0,0.0,0,5.054127002413989,5.237362931055616,7580.990936890765,3781.324054636697,2.004850900730097,2.019777006680777,311.9835430064419,0.0,0.0,0.0,2.3926679647189886,9.119047619047619,0.5317545748116254,4264.716155289169,84,0.1110072135925293
core,200,3000000.0,12,11,exclude,launch,0,0.0,prior,0.0,rr_sweep,12600.0,43200,565878.2386337968,0,531563.957078501,34314.2815552958,0,1,0.13064766223882393,1,11.275799978965152,29.193910345482447,6761.506957310247,1363.9753929741005,4.9572059673063595,2.009052018126647,305.45579258563777,0.0,0.0,0.0,1.258697640825657,12.8140625,0.9590361445783132,803.0023887691176,640,1.43245267868042
paper,100,1500000.0,8,1,exclude,launch,0,0.0,prior,0.0,rr_sweep,12600.0,43200,4714024.067132391,0,4128788.2013152596,585235.8658171315,0,27,0.9259194401890125,34,4.704263543576533,5.650099348603169,8169.591647266075,3513.38807438251,2.3252744855695764,2.015012683700128,309.0752244216409,0.0,0.0,0.0,0.9637702189807706,3.1681574239713775,0.6910299003322259,1852.6392424580242,559,0.36412549018859863
paper,100,1500000.0,5,3,exclude,launch,0,0.0,prior,0.0,rr_sweep,12600.0,43200,1470142.3617030482,0,852546.2146463406,617596.1470567076,0,0,0.0,0,5.054127002413989,5.000555602509262,7580.990936890765,3962.8902966840765,1.9129954072243966,2.018504307689147,311.20530743440486,0.0,0.0,0.0,1.4502112185296512,4.564655172413793,0.6529284164859002,3114.027957602709,232,0.11400723457336426
paper,100,1500000.0,6,2,exclude,launch,0,0.0,prior,0.0,rr_sweep,12600.0,43200,1760326.2677903543,0,1251719.6985418834,508606.569248471,0,5,0.3303508935825447,7,4.539162858794823,5.695605337965245,8478.86425558954,3479.262802792136,2.436971489703274,2.0185191265949927,311.21436337194785,0.0,0.0,0.0,1.1261798383808275,3.3983286908077996,0.6786885245901639,2704.5046256210762,359,0.2245159149169922
paper,100,1500000.0,4,3,exclude,launch,0,0.0,prior,0.0,rr_sweep,12600.0,43200,1661008.3233723307,0,925494.3470334836,735513.9763388472,0,0,0.0,0,5.054127002413989,5.31509124958501,7580.990936890765,3729.407359962257,2.0327602230525676,2.0179455468594796,310.86394091131365,0.0,0.0,0.0,1.7353468162701189,6.237179487179487,0.6023706896551724,3395.57749227793,156,0.15201234817504883
paper,100,1500000.0,2,4,exclude,launch,0,0.0,prior,0.0,rr_sweep,12600.0,43200,3699036.849833415,0,2029187.5955084777,1669849.2543249372,0,0,0.0,0,4.769804670462605,5.3283718379063005,8052.7543083059945,3705.8409184348147,2.172989743905987,2.0257166362178087,315.628385344193,0.0,0.020833333333333332,0.0,3.776549848150213,13.527777777777779,0.33161688980432547,6764.194925797188,36,0.07300996780395508
paper,100,1500000.0,3,4,exclude,launch,0,0.0,prior,0.0,rr_sweep,12600.0,43200,2621002.6881109183,0,1428564.326355023,1192438.361755895,0,0,0.0,0,4.769804670462605,5.095740326834708,8052.7543083059945,3884.599049446461,2.072994974720358,2.020721689622669,312.5618302998471,0.0,0.009009009009009009,0.0,2.44200400049587,8.313253012048193,0.484472049689441,4778.870581067836,83,0.11202406883239746
core,200,3000000.0,13,11,exclude,launch,0,0.0,prior,0.0,rr_sweep,12600.0,43200,538284.9838762607,0,507282.07525094826,31002.908625312422,0,1,0.13734484743925804,1,11.275799978965152,29.178078847302892,6761.506957310247,1365.0434649531921,4.953327224303515,2.0085692670043445,305.163589903704,0.0,0.0009940357852882703,0.0,1.1591577042359607,11.36870026525199,0.9592326139088729,769.8858152977635,754,1.5489766597747803
core,200,3000000.0,13,12,exclude,launch,0,0.0,prior,0.0,rr_sweep,12600.0,43200,503356.45840083214,0,474754.292134537,28602.16626629516,0,1,0.08418037189139801,1,10.560706468639882,30.209645385677025,7241.91745481808,1318.60068218484,5.4921232429659215,2.008311446420071,305.00759189452083,0.0,0.0,0.0,1.1590730724088179,12.053120849933599,0.9825436408977556,724.6228830906697,753,0.9437141418457031
paper,100,1500000.0,5,4,exclude,launch,0,0.0,prior,0.0,rr_sweep,12600.0,43200,1911773.9616318708,0,1089443.9468916405,822330.0147402303,0,1,0.07594222313917641,2,4.769804670462605,5.238387016684278,8052.7543083059945,3783.6146573447786,2.1283230554871473,2.0181596123844407,310.99469888725025,0.0,0.0,0.0,1.443910592637946,4.319148936170213,0.6358921161825726,3258.510624887138,235,0.10852289199829102
core,200,3000000.0,17,10,exclude,launch,0,0.0,prior,0.0,rr_sweep,12600.0,43200,478412.2180395411,0,464152.0093930222,14260.208646518893,0,1,0.3258001043925482,1,11.597269844061024,29.499224955608316,6564.841933405682,1351.1279488419234,4.858786274854671,2.007164205989736,304.3139213480807,0.0,0.0,0.0,0.869199794736373,8.623100303951368,0.97,578.2997106727446,1316,2.137539863586426
paper,100,1500000.0,7,2,exclude,launch,0,0.0,prior,0.0,rr_sweep,12600.0,43200,2784748.759428976,0,2404714.13841939,380034.62100958586,0,14,0.8091421752506138,16,4.539162858794823,6.694148688923,8478.86425558954,2968.582650010301,2.85619949155201,2.0128689095692405,307.7710283915946,0.0,0.0,0.0,1.0309095876732437,4.096703296703296,0.775330396475771,1739.6459852434737,455,0.3370397090911865
paper,100,1500000.0,4,4,exclude,launch,0,0.0,prior,0.0,rr_sweep,12600.0,43200,2229316.1311724335,0,1201577.4401030154,1027738.6910694181,0,0,0.0,0,4.769804670462605,4.852288990605343,8052.7543083059945,4080.97872559686,1.9732409428643238,2.019988988785569,312.11326117314235,0.0,0.0,0.0,1.757909450052791,5.2631578947368425,0.5607476635514018,4092.2835013384465,152,0.13952350616455078
paper,100,1500000.0,2,5,exclude,launch,0,0.0,prior,0.0,rr_sweep,12600.0,43200,3179449.638122089,0,1644053.7141411635,1535395.9239809255,0,0,0.0,0,4.716895252054816,4.892841454414577,8146.821061143593,4034.5413063898295,2.0192682246779365,2.026304373627031,315.9902001977919,0.0,0.0,0.0,3.8315467593296004,15.028571428571428,0.38486140724946694,6258.3532554371595,35,0.08301091194152832
paper,100,1500000.0,4,5,exclude,launch,0,0.0,prior,0.0,rr_sweep,12600.0,43200,1796188.6226587617,0,995065.8387928808,801122.7838658808,0,0,0.0,0,4.716895252054816,4.5697099149000255,8146.821061143593,4331.633759570863,1.8807732863248123,2.020782766753406,312.5992370702215,0.0,0.0,0.0,1.7876696607759752,5.84,0.6008583690987125,3764.766694208653,150,0.09250998497009277
paper,100,1500000.0,6,3,exclude,launch,0,0.0,prior,0.0,rr_sweep,12600.0,43200,2224471.310105318,0,1800678.455746493,423792.8543588249,0,8,0.656707551623396,9,5.054127002413989,6.512451871159646,7580.990936890765,3050.313575920279,2.4853152792999587,2.013589681003219,308.2092124308622,0.0,0.0,0.0,1.1518858698104077,4.362857142857143,0.705945945945946,2131.9869773461305,350,0.28154444694519043
paper,100,1500000.0,3,5,exclude,launch,0,0.0,prior,0.0,rr_sweep,12600.0,43200,2154715.7168679964,0,1190544.7715017216,964170.9453662749,0,0,0.0,0,4.716895252054816,4.806866963340046,8146.821061143593,4115.6784976200115,1.979460024842729,2.021884983964699,313.27467613576,0.0,0.0,0.0,2.3554997813647787,8.720930232558139,0.5359056806002144,4409.220537381292,86,0.11701011657714844
paper,100,1500000.0,5,5,exclude,launch,0,0.0,prior,0.0,rr_sweep,12600.0,43200,1748384.2318228008,0,991687.2908572573,756696.9409655434,0,1,0.02922591521418083,3,4.716895252054816,4.623174420922283,8146.821061143593,4277.924788620247,1.9043862301681969,2.0224908611198056,313.64626832205647,0.0,0.0,0.0,1.4018732647987773,3.8041666666666667,0.6142241379310345,3566.2434322837485,240,0.10001134872436523
core,200,3000000.0,14,12,exclude,launch,0,0.0,prior,0.0,rr_sweep,12600.0,43200,448702.1906323694,0,427180.16250477993,21522.028127589532,0,1,0.0944339803699248,1,10.560706468639882,27.708841481588884,7241.91745481808,1437.6737648322141,5.037246718947576,2.008219922684912,304.95222374963095,0.0,0.0,0.0,1.0543293270338072,10.473684210526315,0.9775561097256857,702.9450580522415,893,1.028731346130371
paper,100,1500000.0,7,3,exclude,launch,0,0.0,prior,0.0,rr_sweep,12600.0,43200,2916505.819326645,0,2442631.5485382825,473874.2707883629,0,12,0.785953189734224,17,5.054127002413989,5.8747931732704055,7580.990936890765,3378.9568493528186,2.2435891533633447,2.015045068892117,309.09494756466074,0.0,0.0,0.0,1.0528793964669,3.6450892857142856,0.6935483870967742,2014.5095396003687,448,0.31154727935791016
paper,100,1500000.0,6,4,exclude,launch,0,0.0,prior,0.0,rr_sweep,12600.0,43200,2398539.8248443897,0,1784130.0423226082,614409.7825217814,0,6,0.4825497020235998,7,4.769804670462605,5.5029321194523435,8052.7543083059945,3601.277779241025,2.236082524576353,2.0184091873596137,311.1471818695406,0.0,0.0,0.0,1.1633096943752985,3.47536231884058,0.7071651090342679,2713.9307235111687,345,0.22603797912597656
core,200,3000000.0,14,11,exclude,launch,0,0.0,prior,0.0,rr_sweep,12600.0,43200,463614.2593459288,0,439933.8767694489,23680.38257647986,0,1,0.15946590834723398,1,11.275799978965152,31.917231417215586,6761.506957310247,1248.2678183017915,5.4167117490130865,2.00796898497578,304.80044240193126,0.0,0.0,0.0,1.0456910277899525,10.472222222222221,0.963855421686747,698.8658987908227,900,1.6174895763397217
paper,100,1500000.0,2,6,exclude,launch,0,0.0,prior,0.0,rr_sweep,12600.0,43200,2782269.3733559055,0,1557548.6653026396,1224720.708053266,0,0,0.0,0,4.756459715300161,4.8905067809074145,8076.28272445257,4035.044492182503,2.001534986813544,2.027018900090395,316.43034634286533,0.0,0.02127659574468085,0.0,3.9017882407122966,16.685714285714287,0.4054621848739496,5776.287326887915,35,0.086517333984375
paper,100,1500000.0,3,6,exclude,launch,0,0.0,prior,0.0,rr_sweep,12600.0,43200,1778160.4600156876,0,1022903.0672791504,755257.3927365373,0,0,0.0,0,4.756459715300161,5.4991296713541375,8076.28272445257,3601.2056333780847,2.2426608049251193,2.019845308261676,312.02533583500565,0.0,0.009345794392523364,0.0,2.559589609836994,11.0375,0.5796178343949044,3778.528089816343,80,0.07603263854980469
paper,100,1500000.0,7,4,exclude,launch,0,0.0,prior,0.0,rr_sweep,12600.0,43200,3199675.283006863,0,2542831.370177988,656843.9128288748,0,11,0.6736388653815192,18,4.769804670462605,5.382204701785893,8052.7543083059945,3680.048491203381,2.1882196192672265,2.0195110728274024,311.8208482853042,0.0,0.0,0.0,1.0450852633336485,2.7028824833702885,0.6907962771458118,2701.53850678684,451,0.2495715618133545
core,200,3000000.0,11,12,exclude,launch,0,0.0,prior,0.0,rr_sweep,12600.0,43200,562572.1092842305,0,526762.0087436052,35810.100540625266,0,1,0.07531964909534977,1,10.560706468639882,26.047376519420048,7241.91745481808,1528.23096195503,4.7387584960022435,2.0097267117821502,305.864409745918,0.0,0.0,0.0,1.3940029935969134,14.21320754716981,0.972568578553616,874.5895940182664,530,1.2774207592010498
paper,100,1500000.0,8,3,exclude,launch,0,0.0,prior,0.0,rr_sweep,12600.0,43200,4266113.574894006,0,3747566.7222339823,518546.8526600237,0,21,0.9050758385707346,27,5.054127002413989,6.358038598640609,7580.990936890765,3124.6456061067256,2.4261922446739796,2.013427814792203,308.11078073835,0.0,0.0,0.0,0.9238947834855677,3.2884283246977546,0.7128927410617552,1725.916770698195,579,0.37761402130126953
core,200,3000000.0,15,11,exclude,launch,0,0.0,prior,0.0,rr_sweep,12600.0,43200,470367.41341592785,0,446586.98246973206,23780.43094619573,0,1,0.15717642608875795,1,11.275799978965152,26.18391419415935,6761.506957310247,1521.3974719695068,4.444273821854863,2.0082266572613126,304.95629772369625,0.0,0.0,0.0,0.985980984503506,9.040117416829746,0.9685990338164251,711.1039132027596,1022,1.662046194076538
paper,100,1500000.0,2,7,exclude,launch,0,0.0,prior,0.0,rr_sweep,12600.0,43200,2889265.368586273,0,1584333.7476394665,1304931.6209468062,0,0,0.0,0,5.218509503934779,5.260260206335472,7331.690553245741,3751.8388740165783,1.9541592268318035,2.0267892151963576,316.28882773306555,0.0,0.02127659574468085,0.0,3.885574264407812,16.542857142857144,0.4189473684210526,5786.220067549349,35,0.08507704734802246
paper,100,1500000.0,6,5,exclude,launch,0,0.0,prior,0.0,rr_sweep,12600.0,43200,1950175.0710522379,0,1405556.3945319206,544618.6765203171,0,7,0.3923570390625991,9,4.716895252054816,4.8125595902,8146.821061143593,4108.421686290977,1.9829563962063554,2.023060442461447,313.9958006788237,0.0,0.0,0.0,1.188345703925216,3.211764705882353,0.6598712446351931,3000.0165900403,340,0.2070913314819336
paper,100,1500000.0,6,6,exclude,launch,0,0.0,prior,0.0,rr_sweep,12600.0,43200,1685670.9820927016,0,1141925.1689784613,543745.8131142405,0,3,0.22370608227300445,3,4.756459715300161,4.864371336747803,8076.28272445257,4065.739458463806,1.9864240704455034,2.022524196226957,313.6667195608752,0.0,0.0,0.0,1.210472074666939,3.2319277108433737,0.6735135135135135,3051.3500522960194,332,0.12957978248596191
paper,100,1500000.0,4,6,exclude,launch,0,0.0,prior,0.0,rr_sweep,12600.0,43200,1488865.88097743,0,878260.6815030534,610605.1994743766,0,0,0.0,0,4.756459715300161,5.224921543681615,8076.28272445257,3793.296974838684,2.1290931814786336,2.0181961487676903,311.0170192096068,0.0,0.005208333333333333,0.0,1.881067024450622,7.118881118881119,0.6551724137931034,3238.1014526607264,143,0.16639471054077148
paper,100,1500000.0,3,7,exclude,launch,0,0.0,prior,0.0,rr_sweep,12600.0,43200,1946144.4505699445,0,1107053.885948412,839090.5646215327,0,0,0.0,0,5.218509503934779,4.883501745343797,7331.690553245741,4050.909228357612,1.8098876424881727,2.021976632817794,313.3308714076788,0.0,0.0,0.0,2.4189822702031716,9.951807228915662,0.5506329113924051,4053.004678042397,83,0.1303849220275879
paper,100,1500000.0,7,6,exclude,launch,0,0.0,prior,0.0,rr_sweep,12600.0,43200,3538649.039356656,0,2993223.0892353086,545425.9501213477,0,15,0.7407705614094788,22,4.756459715300161,5.122202281177552,8076.28272445257,3859.916531270408,2.0923464689000504,2.023137279561624,314.04296784862794,0.0,0.0,0.0,1.0363460088833591,2.4835164835164836,0.6460369163952225,2910.115881217309,455,0.14840316772460938
paper,100,1500000.0,7,5,exclude,launch,0,0.0,prior,0.0,rr_sweep,12600.0,43200,3555182.122242306,0,2935165.750654393,620016.3715879127,0,18,0.7798639300960662,22,4.716895252054816,5.029684205308847,8146.821061143593,3934.1001468094473,2.0708219814258313,2.0215005412321396,313.03900672126645,0.0,0.0,0.0,1.0536863556395222,2.7354260089686098,0.6587215601300108,2692.80499380881,446,0.2539231777191162
paper,100,1500000.0,8,4,exclude,launch,0,0.0,prior,0.0,rr_sweep,12600.0,43200,5697537.648658919,0,4910654.2842537975,786883.3644051219,0,27,0.9282160635690734,28,4.769804670462605,6.63839523085999,8052.7543083059945,2995.2739985397666,2.6884867001255355,2.0116866292349553,307.05295073183584,0.0,0.0,0.0,0.9139191849004868,3.0475382003395586,0.6749740394600208,1822.546261148817,589,0.3609480857849121
paper,100,1500000.0,5,7,exclude,launch,0,0.0,prior,0.0,rr_sweep,12600.0,43200,1397058.6298312705,0,804952.3068632149,592106.3229680556,0,0,0.0,0,5.218509503934779,5.156056304973381,7331.690553245741,3837.8199057060074,1.910378999896557,2.021425541898804,312.9930412929796,0.0,0.0,0.0,1.3478028922663752,4.588,0.6797040169133193,2857.4346703683514,250,0.11838603019714355
paper,100,1500000.0,2,8,exclude,launch,0,0.0,prior,0.0,rr_sweep,12600.0,43200,3128152.3435716047,0,1732270.5928919802,1395881.7506796243,0,0,0.0,0,4.788543228013972,6.925780925415371,8019.937817272908,2852.700782008546,2.8113491144438165,2.0245803631805943,314.9294761845835,0.0,0.02040816326530612,0.0,3.7746259299394844,14.083333333333334,0.3922462941847206,6566.5640678525415,36,0.07383990287780762
paper,100,1500000.0,5,6,exclude,launch,0,0.0,prior,0.0,rr_sweep,12600.0,43200,1570876.2847201382,0,1033525.3771002446,537350.9076198936,0,1,0.15493523242133245,1,4.756459715300161,4.881196298721522,8076.28272445257,4056.8497383116433,1.9907768947374698,2.0199694250976714,312.1012884402221,0.0,0.0,0.0,1.4530646069499296,4.714285714285714,0.6706008583690987,3024.7641789389954,231,0.19141626358032227
paper,100,1500000.0,4,7,exclude,launch,0,0.0,prior,0.0,rr_sweep,12600.0,43200,1570811.4294486481,0,880127.0368332792,690684.3926153689,0,0,0.0,0,5.218509503934779,5.227282268442851,7331.690553245741,3788.0981828882623,1.9354542040026117,2.0200532236393878,312.1525737171319,0.0,0.0,0.0,1.7233114649996821,6.698717948717949,0.6396206533192834,3157.2253533983558,156,0.1728990077972412
paper,100,1500000.0,3,8,exclude,launch,0,0.0,prior,0.0,rr_sweep,12600.0,43200,2322267.066982406,0,1248595.7802676512,1073671.2867147552,0,0,0.0,0,4.788543228013972,5.440259782012235,8019.937817272908,3639.9566713649983,2.203305847117515,2.0199663689366583,312.0994181285495,0.0,0.0,0.0,2.4314302009774122,8.268292682926829,0.5122235157159488,4875.598947638274,82,0.10634016990661621
paper,100,1500000.0,5,8,exclude,launch,0,0.0,prior,0.0,rr_sweep,12600.0,43200,1552547.7077523654,0,992271.1962753682,560276.511476997,0,1,0.13223925804614858,1,4.788543228013972,5.929357982838282,8019.937817272908,3344.9347851686853,2.397636525780117,2.016808508614017,310.1698629569585,0.0,0.0,0.0,1.3619422779432024,4.278225806451613,0.6908665105386417,3110.785015579099,248,0.11335086822509766
paper,100,1500000.0,2,9,exclude,launch,0,0.0,prior,0.0,rr_sweep,12600.0,43200,3207305.189461379,0,1767861.131687868,1439444.057773511,0,0,0.0,0,4.740333835912077,4.398934710946888,8104.8909320055,4487.102036341768,1.8062640132456698,2.026499634000083,316.11044958069107,0.0,0.02,0.0,3.6425487661382623,13.38888888888889,0.38461538461538464,6655.808301147728,36,0.07402157783508301
paper,100,1500000.0,4,8,exclude,launch,0,0.0,prior,0.0,rr_sweep,12600.0,43200,1875167.2958305927,0,1014072.8337151407,861094.4621154519,0,0,0.0,0,4.788543228013972,5.131827415338309,8019.937817272908,3859.0789051324014,2.0782000094910607,2.0197810362906967,311.986008593438,0.0,0.0,0.0,1.6739085381824343,5.217391304347826,0.6181606519208381,3926.978767983211,161,0.14486312866210938
paper,100,1500000.0,4,9,exclude,launch,0,0.0,prior,0.0,rr_sweep,12600.0,43200,2042421.7200276812,0,1096800.3991979072,945621.320829774,0,0,0.0,0,4.740333835912077,4.2146404223474985,8104.8909320055,4695.048369710514,1.7262635640333626,2.0214331910488283,312.9977291328576,0.0,0.0,0.0,1.829559505969053,5.414965986394558,0.5720620842572062,4126.589048752157,147,0.08602523803710938
core,200,3000000.0,18,10,exclude,launch,0,0.0,prior,0.0,rr_sweep,12600.0,43200,465916.5559228291,0,453687.61867205537,12228.937250773688,0,1,0.3345379094143431,1,11.597269844061024,29.15472949278126,6564.841933405682,1367.0987049680834,4.802024835184776,2.0071558652600627,304.30888107832374,0.0,0.0,0.0,0.7884206996414569,7.653846153846154,0.9774436090225563,556.6505579104321,1534,2.4969940185546875
paper,100,1500000.0,3,9,exclude,launch,0,0.0,prior,0.0,rr_sweep,12600.0,43200,2516170.2112935195,0,1332039.2976518967,1184130.9136416228,0,0,0.0,0,4.740333835912077,4.224780227768715,8104.8909320055,4681.446639387282,1.7312791443172972,2.022440678232017,313.6154821510638,0.0,0.0,0.0,2.368229583812713,7.682352941176471,0.4938820912124583,5029.30431591625,85,0.10202646255493164
paper,100,1500000.0,8,5,exclude,launch,0,0.0,prior,0.0,rr_sweep,12600.0,43200,5707731.471726824,0,4886251.9308289485,821479.5408978752,0,34,0.9425259705065537,39,4.716895252054816,5.875623605480273,8146.821061143593,3379.6491353841698,2.410552319129285,2.0143475694517003,308.6702974957716,0.0,0.0,0.0,0.9215548443449033,2.863013698630137,0.5726587728740581,1965.269323025817,584,0.35845494270324707
paper,100,1500000.0,2,10,exclude,launch,0,0.0,prior,0.0,rr_sweep,12600.0,43200,2997780.974829271,0,1600706.3136729356,1397074.6611563356,0,0,0.0,0,5.240538724622278,4.674474934746324,7299.469724120093,4222.784381800402,1.7285916267900785,2.0264143364526337,316.0579170226499,0.0,0.0,0.0,3.83175528445944,16.65714285714286,0.43329775880469584,5744.017648591715,35,0.05451250076293945
paper,100,1500000.0,6,7,exclude,launch,0,0.0,prior,0.0,rr_sweep,12600.0,43200,1445943.1136094213,0,1028706.8105805658,417236.3030288555,0,4,0.2923844341088974,5,5.218509503934779,5.267477074285724,7331.690553245741,3760.672212958468,1.9495691562753892,2.0192582040624227,311.66618596456664,0.0,0.0,0.0,1.2241663473094062,4.145896656534954,0.717436974789916,2412.394315852539,329,0.24589967727661133
paper,100,1500000.0,5,9,exclude,launch,0,0.0,prior,0.0,rr_sweep,12600.0,43200,1852562.0875016765,0,1046543.3552911149,806018.7322105617,0,1,0.022933497274069375,1,4.740333835912077,4.3919699266012975,8104.8909320055,4503.1843142325115,1.7998132802136562,2.0224645163176476,313.63010613860433,0.0,0.0,0.0,1.4416946380615046,3.6781115879828326,0.5997770345596433,3837.8278738909094,233,0.1535344123840332
paper,100,1500000.0,2,11,exclude,launch,0,0.0,prior,0.0,rr_sweep,12600.0,43200,2794490.8991550286,0,1485810.6119641124,1308680.2871909162,0,0,0.0,0,4.559053205441548,5.7788175593765,8440.41818863996,3416.311809902776,2.47062289928394,2.0261122638260423,315.8719133922617,0.0,0.02040816326530612,0.0,3.7064710804581438,15.297297297297296,0.40416210295728366,5938.62647667592,37,0.050008535385131836
paper,100,1500000.0,8,6,exclude,launch,0,0.0,prior,0.0,rr_sweep,12600.0,43200,6624120.101730784,0,5829797.344465786,794322.757264999,0,36,0.9549114929490562,41,4.756459715300161,6.2279362822467,8076.28272445257,3192.493704262242,2.529772482767959,2.011804527454279,307.1245205330933,0.0,0.0,0.0,0.9405547018150466,2.909090909090909,0.5809935205183585,1968.677170158188,572,0.3384556770324707
core,200,3000000.0,12,12,exclude,launch,0,0.0,prior,0.0,rr_sweep,12600.0,43200,527786.4964301089,0,497621.80314848834,30164.693281620588,0,1,0.08028385369599948,1,10.560706468639882,29.242172128871882,7241.91745481808,1361.8516895808043,5.317699063873274,2.0088640361868384,305.3419930533596,0.0,0.005889281507656066,0.0,1.2704276690959406,13.087025316455696,0.972568578553616,795.2427883172816,632,1.4676973819732666
paper,100,1500000.0,6,9,exclude,launch,0,0.0,prior,0.0,rr_sweep,12600.0,43200,2656681.81632884,0,1906235.2381059972,750446.5782228429,0,10,0.4640230580123772,16,4.740333835912077,4.374578309067119,8104.8909320055,4518.20638264318,1.7938292865816559,2.023754052254456,314.42170785222584,0.0,0.0,0.0,1.2524672537169474,2.8975155279503104,0.6313416009019166,3517.358011579185,322,0.18604183197021484
paper,100,1500000.0,3,10,exclude,launch,0,0.0,prior,0.0,rr_sweep,12600.0,43200,2038056.8156994407,0,1106198.9512142153,931857.8644852255,0,0,0.0,0,5.240538724622278,5.2407831318703755,7299.469724120093,3777.848375711001,1.932176466120431,2.0203158882471683,312.31335354288245,0.0,0.0,0.0,2.3703883111237,10.011764705882353,0.604951560818084,3884.8263123862316,85,0.12702631950378418
paper,100,1500000.0,5,10,exclude,launch,0,0.0,prior,0.0,rr_sweep,12600.0,43200,1410416.2877011267,0,834561.5426762889,575854.7450248378,0,0,0.0,0,5.240538724622278,4.975818593239093,7299.469724120093,3980.8229599547967,1.8336584664903008,2.019401103232006,311.75358278118915,0.0,0.0031746031746031746,0.0,1.4283913544737425,4.762711864406779,0.6681175190424374,2914.2912615272526,236,0.1140143871307373
paper,100,1500000.0,6,8,exclude,launch,0,0.0,prior,0.0,rr_sweep,12600.0,43200,1920336.4177221097,0,1403765.4141787908,516571.00354331895,0,4,0.4307250415378677,6,4.788543228013972,5.6889746340319505,8019.937817272908,3484.9741412399217,2.3012904808583423,2.017559883920561,310.62843520932773,0.0,0.0,0.0,1.1695094257546457,3.4447674418604652,0.704225352112676,2756.8217369061026,344,0.22956347465515137
paper,100,1500000.0,7,7,exclude,launch,0,0.0,prior,0.0,rr_sweep,12600.0,43200,2813461.5952982046,0,2357860.186165595,455601.4091326098,0,14,0.7508812535733861,16,5.218509503934779,5.584055193936074,7331.690553245741,3548.737994672234,2.0659993959128293,2.0185353185390333,311.2242585334232,0.0,0.0,0.001639344262295082,1.0270218899735304,3.3050108932461875,0.7303609341825902,2167.900071420699,459,0.3028905391693115
paper,100,1500000.0,8,8,exclude,launch,0,0.0,prior,0.0,rr_sweep,12600.0,43200,4694773.627051409,0,4126050.7116933083,568722.9153581013,0,27,0.9287492212988876,30,4.788543228013972,7.284096273720109,8019.937817272908,2731.3652565829316,2.9362377653240834,2.0105021103281207,306.3343544932757,0.0,0.0,0.0,0.8865593943402852,3.1726973684210527,0.7053254437869823,1701.6565180478244,608,0.24004697799682617
paper,100,1500000.0,8,7,exclude,launch,0,0.0,prior,0.0,rr_sweep,12600.0,43200,4716751.974329221,0,4079916.99914583,636834.975183391,0,27,0.8941884171350692,39,5.218509503934779,5.832644028028137,7331.690553245741,3403.6716744754062,2.1540534030432723,2.0148692042630225,308.98785052843806,0.0,0.0,0.0013315579227696406,0.9539105257234463,2.708703374777975,0.6333687566418703,2154.5658368683617,563,0.3088860511779785
paper,100,1500000.0,3,11,exclude,launch,0,0.0,prior,0.0,rr_sweep,12600.0,43200,1953882.7486873502,0,1126208.5732255185,827674.1754618317,0,0,0.0,0,4.559053205441548,4.9397322983632455,8440.41818863996,4005.8986123381596,2.106997456861112,2.0214203078291826,312.98983357375846,0.0,0.0,0.0,2.4894156704797035,9.123456790123457,0.5335533553355336,4460.226605613551,81,0.11101627349853516
paper,100,1500000.0,4,10,exclude,launch,0,0.0,prior,0.0,rr_sweep,12600.0,43200,1727128.3965348457,0,961743.3966272337,765384.999907612,0,0,0.0,0,5.240538724622278,5.027041406588961,7299.469724120093,3941.7060499400827,1.851855422915428,2.0186605459643734,311.30079237133066,0.0,0.0,0.0,1.8244223206431773,6.635135135135135,0.6484118291347207,3364.032274394208,148,0.16101503372192383
paper,100,1500000.0,5,11,exclude,launch,0,0.0,prior,0.0,rr_sweep,12600.0,43200,1824886.4675207546,0,1255278.4040195744,569608.0635011801,0,3,0.3040227115210994,4,4.559053205441548,5.370170126517099,8440.41818863996,3691.8526095524894,2.2862283740149287,2.0175652666695303,310.6317215796697,0.0,0.0,0.0,1.433295828770128,4.607758620689655,0.665929203539823,3046.2584160398696,232,0.10951447486877441
paper,100,1500000.0,2,12,exclude,launch,0,0.0,prior,0.0,rr_sweep,12600.0,43200,3037004.9483377445,0,1598493.7598202438,1438511.1885175006,0,0,0.0,0,4.442264204156416,5.853508534337621,8671.083820102498,3375.3837686382412,2.5689179111034077,2.024513037037007,314.8880889176375,0.0,0.0,0.0,3.7340757251840713,16.54054054054054,0.4249726177437021,5476.925802839424,37,0.08750629425048828
paper,100,1500000.0,7,8,exclude,launch,0,0.0,prior,0.0,rr_sweep,12600.0,43200,3153097.0063998224,0,2857401.738900933,295695.2674988895,0,17,0.8398334127149385,18,4.788543228013972,7.064608645589057,8019.937817272908,2814.9655387714856,2.849035878703151,2.0114016420510694,306.87998446307995,0.0,0.0,0.0,1.043292679556252,3.7616926503340755,0.7720329024676851,1938.6926824439265,449,0.31406664848327637
paper,100,1500000.0,7,9,exclude,launch,0,0.0,prior,0.0,rr_sweep,12600.0,43200,4748508.764142813,0,4006501.49359552,742007.2705472932,0,27,0.880007648223723,30,4.740333835912077,5.0554149382098075,8104.8909320055,3924.339531045466,2.065287895679687,2.016213919756807,309.80721921224836,0.0,0.0,0.0,1.0818910909823647,2.914746543778802,0.5979843225083986,2594.6017797900404,434,0.2630493640899658
paper,100,1500000.0,4,12,exclude,launch,0,0.0,prior,0.0,rr_sweep,12600.0,43200,1812342.033331141,0,1004865.9741073688,807476.0592237723,0,0,0.0,0,4.442264204156416,4.842653560081664,8671.083820102498,4090.7397787152395,2.119685995481675,2.0191786074013858,311.6175101353884,0.0,0.0,0.0,1.7768559628173943,6.251655629139073,0.6282194848824189,3451.343970368391,151,0.09500718116760254
paper,100,1500000.0,4,11,exclude,launch,0,0.0,prior,0.0,rr_sweep,12600.0,43200,1597235.6145227572,0,930096.5159566686,667139.0985660887,0,0,0.0,0,4.559053205441548,4.890882577218616,8440.41818863996,4049.111825908568,2.08451101168243,2.019821469255695,312.0107487464532,0.0,0.0,0.0,1.7936067889462843,5.846666666666667,0.6105610561056105,3737.665242338154,150,0.1445157527923584
paper,100,1500000.0,3,12,exclude,launch,0,0.0,prior,0.0,rr_sweep,12600.0,43200,2080769.0859391578,0,1137965.1143912761,942803.9715478817,0,0,0.0,0,4.442264204156416,5.62407278027047,8671.083820102498,3522.801096048845,2.4614173731886084,2.0189284888196566,311.4645795984929,0.0,0.0,0.0,2.4188961392115953,9.976190476190476,0.5924276169265034,3997.6165198660487,84,0.12750649452209473
paper,100,1500000.0,6,10,exclude,launch,0,0.0,prior,0.0,rr_sweep,12600.0,43200,1680702.1815501186,0,1204403.2740676587,476298.90748245997,0,3,0.3183683181208543,5,5.240538724622278,5.297216908360685,7299.469724120093,3740.6098637482683,1.9514116654779066,2.0186908753330606,311.3193298460511,0.0,0.0,0.0,1.2020935307486778,3.725373134328358,0.6945652173913044,2625.930234619111,335,0.2340221405029297
paper,100,1500000.0,8,9,exclude,launch,0,0.0,prior,0.0,rr_sweep,12600.0,43200,7703012.318239981,0,6577791.640242084,1125220.6779978976,0,45,0.9669205344277901,52,4.740333835912077,5.413358523527534,8104.8909320055,3671.2497576496353,2.2076653638499164,2.0127010323661745,307.66901428665454,0.0,0.0,0.0,0.9610382770313763,2.6214285714285714,0.5112359550561798,2238.800652891381,560,0.30304598808288574
paper,100,1500000.0,7,10,exclude,launch,0,0.0,prior,0.0,rr_sweep,12600.0,43200,3123354.8642698536,0,2705253.8708801023,418100.9933897511,0,13,0.7614491572500414,16,5.240538724622278,5.325286532920015,7299.469724120093,3721.8318071996327,1.9612572792783813,2.0181817183049717,311.00820344713946,0.0,0.0,0.0,1.0701405825391859,3.3507972665148062,0.7296416938110749,2229.347795763284,439,0.27953219413757324
paper,100,1500000.0,7,12,exclude,launch,0,0.0,prior,0.0,rr_sweep,12600.0,43200,4258324.089742668,0,3537843.2209319,720480.8688107677,0,20,0.8250190599425197,26,4.442264204156416,5.360314174613633,8671.083820102498,3700.2845042358917,2.3433559798378463,2.016669032171362,310.0847762928762,0.0,0.0,0.0,1.0669546662922929,2.9546485260770976,0.6595022624434389,2503.8380932802224,441,0.16151642799377441
paper,100,1500000.0,5,12,exclude,launch,0,0.0,prior,0.0,rr_sweep,12600.0,43200,1754791.5590018856,0,1039815.5493088816,714976.009693004,0,1,0.08338404161406711,1,4.442264204156416,4.939222951461541,8671.083820102498,4009.564743260852,2.1625997771146053,2.0197802936179583,311.98555417545896,0.0,0.0,0.0,1.3896996313473522,4.301652892561983,0.6746302616609784,3133.442643413293,242,0.18501710891723633
paper,100,3000000.0,4,1,exclude,launch,0,0.0,prior,0.0,rr_sweep,12600.0,43200,1243672.691427728,0,728930.7504515094,514741.9409762186,0,0,0.0,0,9.408527087153066,9.100783207562287,8169.591647266075,4365.32576474645,1.8714735365782231,2.0136990225133116,308.27571247333304,0.0,0.021052631578947368,0.0,3.836351510151266,17.253521126760564,0.6980728051391863,2748.4872869310984,71,0.1725161075592041
paper,100,1500000.0,6,11,exclude,launch,0,0.0,prior,0.0,rr_sweep,12600.0,43200,2315611.89879381,0,1901072.5288137696,414539.36998004076,0,9,0.6513940418028787,9,4.559053205441548,5.854739664855,8440.41818863996,3388.4988281896794,2.4909019057118256,2.0162531686448593,309.83115083421507,0.0,0.0,0.0,1.1623871492476303,3.7994186046511627,0.7168338907469343,2512.1147249376168,344,0.24251675605773926
paper,100,1500000.0,6,12,exclude,launch,0,0.0,prior,0.0,rr_sweep,12600.0,43200,2441355.0484900493,0,1776865.0466150334,664490.0018750158,0,5,0.42625440974888057,6,4.442264204156416,4.750456058794986,8671.083820102498,4164.7398416819715,2.0820229233335725,2.021793558301068,313.2186227356676,0.0,0.0,0.0,1.220896552583391,3.1540785498489425,0.6591422121896162,3161.0556582993404,331,0.2070164680480957
paper,100,3000000.0,7,1,exclude,launch,0,0.0,prior,0.0,rr_sweep,12600.0,43200,716688.3240429178,0,478109.1182772673,238579.20576565052,0,0,0.0,0,9.408527087153066,8.877371491487276,8169.591647266075,4481.2894965424875,1.82304482974583,2.010956110097265,306.6096769628979,0.0,0.003215434083601286,0.0,2.036282511202134,7.643776824034335,0.7878128400435256,1870.7071502675492,233,0.17760729789733887
paper,100,3000000.0,5,1,exclude,launch,0,0.0,prior,0.0,rr_sweep,12600.0,43200,905072.8773110396,0,571358.2625847874,333714.61472625216,0,0,0.0,0,9.408527087153066,9.747789225261139,8169.591647266075,4080.1186688747184,2.002292656237672,2.0114584339741213,306.91444909721463,0.0,0.0,0.0,3.119865734423792,14.149532710280374,0.7530186608122942,2195.4147974441453,107,0.22011399269104004
paper,100,1500000.0,7,11,exclude,launch,0,0.0,prior,0.0,rr_sweep,12600.0,43200,2965270.316231088,0,2526633.906368682,438636.4098624054,0,15,0.7776631467667313,22,4.559053205441548,5.877726182509317,8440.41818863996,3377.105833500442,2.4993052053365137,2.0151434626968783,309.1548749568626,0.0,0.0,0.0,1.0585708238674145,3.233183856502242,0.7171270718232045,2280.487175515797,446,0.290621280670166
paper,100,3000000.0,6,1,exclude,launch,0,0.0,prior,0.0,rr_sweep,12600.0,43200,773097.7251017252,0,503196.565711408,269901.15939031716,0,0,0.0,0,9.408527087153066,9.109603598576332,8169.591647266075,4366.829196996972,1.8708292169714873,2.0110566402211276,306.6706589205703,0.0,0.009009009009009009,0.0,2.4290455255646344,10.0,0.7620087336244541,1997.9754599714277,166,0.25112080574035645
paper,100,1500000.0,8,10,exclude,launch,0,0.0,prior,0.0,rr_sweep,12600.0,43200,5256314.7203313345,0,4602930.232992069,653384.4873392659,0,27,0.9354611346484116,29,5.240538724622278,6.44889009578796,7299.469724120093,3083.161707535876,2.3675273685057454,2.0117717820503267,307.1046416859882,0.0,0.0,0.0,0.9425021189156055,3.455341506129597,0.6802197802197802,1661.8544734306934,571,0.4006366729736328
paper,100,3000000.0,5,2,exclude,launch,0,0.0,prior,0.0,rr_sweep,12600.0,43200,1116223.137616523,0,693015.4507121634,423207.6869043596,0,0,0.0,0,9.078325717589646,11.282181500578027,8478.86425558954,3526.4317506236853,2.404374975948412,2.010765484584044,306.4940594479251,0.0,0.0,0.0,3.051138091955957,12.527272727272727,0.7245119305856833,2376.613998513815,110,0.1271040439605713
paper,100,3000000.0,4,2,exclude,launch,0,0.0,prior,0.0,rr_sweep,12600.0,43200,1548967.682954949,0,873916.5767093834,675051.1062455657,0,0,0.0,0,9.078325717589646,9.863833743010222,8478.86425558954,4028.4123590057116,2.1047657240537023,2.0133084846151057,308.03822549788856,0.0,0.010101010101010102,0.0,3.6646610925005443,14.613333333333333,0.6630901287553648,3084.429079014112,75,0.1551041603088379
core,200,3000000.0,17,11,exclude,launch,0,0.0,prior,0.0,rr_sweep,12600.0,43200,419395.4066742668,0,398994.33563985367,20401.071034413162,0,1,0.17627915759875892,1,11.275799978965152,28.071302653190514,6761.506957310247,1419.5928210513289,4.762990385019543,2.007537312691082,304.53943093943025,0.0,0.0,0.0,0.8557404579657323,7.964044943820225,0.9637681159420289,616.123030784245,1335,2.258049964904785
paper,100,3000000.0,11,1,exclude,launch,0,0.0,prior,0.0,rr_sweep,12600.0,43200,1157864.6795440707,0,1007855.9192411051,150008.7603029656,0,4,0.6163867866282253,7,9.408527087153066,9.926509597760028,8169.591647266075,4007.142056109047,2.03875768137823,2.011215842829895,306.76724423705264,0.0,0.0,0.0,1.2278831996978075,4.0,0.8282275711159738,1364.4708408070676,600,0.29662299156188965
paper,100,3000000.0,8,1,exclude,launch,0,0.0,prior,0.0,rr_sweep,12600.0,43200,591314.1301357438,0,408230.4005103611,183083.72962538266,0,0,0.0,0,9.408527087153066,9.503949914422872,8169.591647266075,4187.256361501191,1.9510607763067938,2.0102788200310613,306.19898826100587,0.0,0.0,0.0,1.7550221823379122,6.650326797385621,0.8028322440087146,1611.8870270605514,306,0.36212611198425293
paper,100,3000000.0,6,2,exclude,launch,0,0.0,prior,0.0,rr_sweep,12600.0,43200,918778.0857641951,0,584935.7094514353,333842.3763127599,0,0,0.0,0,9.078325717589646,11.127013912367458,8478.86425558954,3577.1433833228234,2.3702891796619814,2.009902579332077,305.97096592247453,0.0,0.0,0.0,2.3606303099968917,9.052941176470588,0.7502738225629791,2137.0560792712217,170,0.25211548805236816
paper,100,3000000.0,5,3,exclude,launch,0,0.0,prior,0.0,rr_sweep,12600.0,43200,1028846.2272176223,0,642936.3758344394,385909.851383183,0,0,0.0,0,10.108254004827979,10.240880133218793,7580.990936890765,3884.6491441418993,1.951525261508622,2.01094829403925,306.60493596626065,0.0,0.006578947368421052,0.0,2.987707146837631,12.5,0.701271186440678,2385.7813231368254,112,0.13301873207092285
paper,100,3000000.0,7,2,exclude,launch,0,0.0,prior,0.0,rr_sweep,12600.0,43200,851022.1696424983,0,561429.4412064067,289592.72843609157,0,0,0.0,0,9.078325717589646,10.059698952757065,8478.86425558954,3956.936522033274,2.1427850076383512,2.0097679653668368,305.8894031643244,0.0,0.003246753246753247,0.0,2.0526757568543355,7.113043478260869,0.7622682660850599,2015.254034686958,230,0.261624813079834
paper,100,3000000.0,9,1,exclude,launch,0,0.0,prior,0.0,rr_sweep,12600.0,43200,544809.6003590596,0,377774.987380309,167034.6129787507,0,0,0.0,0,9.408527087153066,9.688093624448474,8169.591647266075,4108.476394453347,1.988472334487656,2.009883402487434,305.9593459858788,0.0,0.0,0.0,1.6041705223868743,5.849604221635884,0.8254665203073546,1494.2711189313554,379,0.38963937759399414
paper,100,3000000.0,10,1,exclude,launch,0,0.0,prior,0.0,rr_sweep,12600.0,43200,878765.8888991402,0,700857.7426858637,177908.14621327652,0,2,0.3861471548712279,4,9.408527087153066,9.146854984021857,8169.591647266075,4349.85923010766,1.8781278232454148,2.010680150935023,306.44231024821227,0.0,0.0,0.0,1.4607080404493016,4.651515151515151,0.8238512035010941,1535.6534472749297,462,0.41513967514038086
paper,100,3000000.0,10,2,exclude,launch,0,0.0,prior,0.0,rr_sweep,12600.0,43200,711639.027659659,0,565568.458390086,146070.56926957323,0,1,0.25193806425640214,2,9.078325717589646,11.057816365688488,8478.86425558954,3601.6121611252092,2.3541858135387317,2.008739730370484,305.2667530883749,0.0,0.0,0.0,1.3926487119611786,4.711618257261411,0.8164835164835165,1437.1859615606918,482,0.2735321521759033
paper,100,3000000.0,8,2,exclude,launch,0,0.0,prior,0.0,rr_sweep,12600.0,43200,703602.4085848134,0,480346.97022803046,223255.43835678286,0,0,0.0,0,9.078325717589646,10.480264449836067,8478.86425558954,3798.3455262312827,2.2322519626070636,2.0096631847363797,305.8259239836027,0.0,0.0,0.0,1.672178664804067,5.8753894080996885,0.7945652173913044,1761.703678503612,321,0.326629638671875
core,200,3000000.0,15,12,exclude,launch,0,0.0,prior,0.0,rr_sweep,12600.0,43200,427791.76063034544,0,409110.06189264765,18681.698737697843,0,1,0.09904990643037055,1,10.560706468639882,27.52756436880695,7241.91745481808,1447.410667640644,5.003360564298443,2.0078461446298155,304.7261553735549,0.0,0.0,0.0,1.0090233019311887,9.937062937062937,0.9875311720698254,660.782070343266,1001,1.9238314628601074
core,200,3000000.0,16,12,exclude,launch,0,0.0,prior,0.0,rr_sweep,12600.0,43200,405042.01835164416,0,386852.2191636643,18189.799187979886,0,1,0.10461318071285165,1,10.560706468639882,27.50435666207073,7241.91745481808,1448.8000170450978,4.998562513540236,2.007613250852468,304.5853389880434,0.0,0.0,0.0,0.9322858833414043,9.045887445887447,0.9825436408977556,628.2324404270946,1155,1.9253239631652832
paper,100,3000000.0,6,3,exclude,launch,0,0.0,prior,0.0,rr_sweep,12600.0,43200,840274.9810158863,0,551263.6718320189,289011.3091838674,0,0,0.0,0,10.108254004827979,10.441588019229576,7580.990936890765,3812.2236398331215,1.9886007887046782,2.0097640020689482,305.8870019622896,0.0,0.00909090909090909,0.0,2.4728156978601286,9.99390243902439,0.7462203023758099,2036.7844425711291,164,0.2545340061187744
paper,100,3000000.0,9,2,exclude,launch,0,0.0,prior,0.0,rr_sweep,12600.0,43200,669164.9811626652,0,460773.001880964,208391.97928170123,0,0,0.0,0,9.078325717589646,10.046806673748174,8478.86425558954,3962.9915108735086,2.139511082051412,2.0092723115291853,305.5891796458395,0.0,0.0,0.0,1.6152367703219872,5.273209549071618,0.8074807480748075,1656.8893061694841,377,0.37413883209228516
paper,100,3000000.0,8,3,exclude,launch,0,0.0,prior,0.0,rr_sweep,12600.0,43200,624967.2219807669,0,433369.4182211716,191597.80375959526,0,0,0.0,0,10.108254004827979,10.59913802566535,7580.990936890765,3756.8285489678105,2.0179230534685018,2.0090838552046515,305.47506805040445,0.0,0.0,0.0,1.7317264577536005,6.676282051282051,0.7707006369426752,1600.99490171068,312,0.22252511978149414
paper,100,3000000.0,12,1,exclude,launch,0,0.0,prior,0.0,rr_sweep,12600.0,43200,1759808.900985133,0,1552078.647890781,207730.2530943517,0,9,0.8130962283070267,10,9.408527087153066,10.26127892817981,8169.591647266075,3879.4747325701696,2.1058499437251608,2.009627506128798,305.8043103395568,0.0,0.0,0.0,1.18683532802177,4.139500734214391,0.8377192982456141,1169.4503438957886,681,0.5521571636199951
paper,100,3000000.0,7,3,exclude,launch,0,0.0,prior,0.0,rr_sweep,12600.0,43200,719865.582315585,0,477494.58987195604,242370.99244362887,0,0,0.0,0,10.108254004827979,11.272473747358571,7580.990936890765,3532.8387834838213,2.145863822694722,2.008847343348572,305.33188865444146,0.0,0.0,0.0,2.0780922014346137,8.293859649122806,0.7620064034151548,1761.9097476491906,228,0.3210489749908447
paper,100,3000000.0,4,4,exclude,launch,0,0.0,prior,0.0,rr_sweep,12600.0,43200,1726798.254436619,0,968120.2450448442,758678.0093917749,0,0,0.0,0,9.53960934092521,9.99590103933026,8052.7543083059945,3975.183971594307,2.0257563840690165,2.0133107223199573,308.03958599057813,0.0,0.010416666666666666,0.0,3.756889389382317,14.569444444444445,0.6395939086294417,3194.5644286191573,72,0.16353106498718262
paper,100,3000000.0,11,2,exclude,launch,0,0.0,prior,0.0,rr_sweep,12600.0,43200,756993.5889653298,0,593725.8710971192,163267.71786821054,0,2,0.29034373964232113,4,9.078325717589646,10.567369310817346,8478.86425558954,3767.8182581617593,2.2503379076798153,2.0092461978758047,305.5733663780305,0.0,0.0,0.0,1.2948222777660727,4.054481546572935,0.8206820682068207,1426.448391835235,569,0.4665663242340088
paper,100,3000000.0,11,3,exclude,launch,0,0.0,prior,0.0,rr_sweep,12600.0,43200,950239.1893459405,0,753739.5916829795,196499.597662961,0,2,0.45851525527020875,6,10.108254004827979,10.351210909989536,7580.990936890765,3847.0377012654635,1.970604794020354,2.008965075734751,305.40315721572944,0.0,0.0013477088948787063,0.0,1.3322154241873891,4.2342342342342345,0.8127018299246501,1403.2376170941493,555,0.28904175758361816
paper,100,3000000.0,13,1,exclude,launch,0,0.0,prior,0.0,rr_sweep,12600.0,43200,1855531.3902826954,0,1716817.6570807593,138713.73320193612,0,10,0.8452352187172418,12,9.408527087153066,10.538064130887431,8169.591647266075,3778.3209959236583,2.162228052110992,2.009232979984744,305.5653623666658,0.0,0.0,0.0,1.1275551549625713,3.9069767441860463,0.8516483516483516,1085.932745119482,774,0.6246733665466309
paper,100,3000000.0,12,2,exclude,launch,0,0.0,prior,0.0,rr_sweep,12600.0,43200,1020927.7599175702,0,871395.0082201,149532.75169747026,0,5,0.562134753168579,7,9.078325717589646,11.482378827903643,8478.86425558954,3468.3189857762677,2.444661027535744,2.00881102226308,305.30990359184403,0.0,0.0,0.0,1.1452947498287662,3.654338549075391,0.8298342541436464,1279.2234787255072,703,0.46655941009521484
paper,100,3000000.0,5,4,exclude,launch,0,0.0,prior,0.0,rr_sweep,12600.0,43200,1241895.6494455836,0,736059.7561786704,505835.8932669132,0,0,0.0,0,9.53960934092521,11.337884651647276,8052.7543083059945,3508.273960906852,2.29536073808342,2.011242569662949,306.78346040955745,0.0,0.0,0.0,2.833635991861204,11.101694915254237,0.7092198581560284,2537.129281128372,118,0.21103477478027344
paper,100,3000000.0,8,4,exclude,launch,0,0.0,prior,0.0,rr_sweep,12600.0,43200,821100.2377934968,0,525222.7104015595,295877.52739193727,0,0,0.0,0,9.53960934092521,10.604641746399464,8052.7543083059945,3754.6443333289844,2.14474490614832,2.0092093093153425,305.55102900262517,0.0,0.0,0.0,1.8011757959768457,6.236486486486487,0.7991718426501035,1752.7943483953832,296,0.21353626251220703
paper,100,3000000.0,9,3,exclude,launch,0,0.0,prior,0.0,rr_sweep,12600.0,43200,638663.3095944634,0,436515.9086659034,202147.40092856006,0,0,0.0,0,10.108254004827979,9.738442185117542,7580.990936890765,4087.741486834172,1.8545671151925034,2.0096344822580106,305.8085363293205,0.0,0.0,0.0,1.5702170572215857,5.346456692913386,0.7800429184549357,1609.5453559749203,381,0.39105749130249023
paper,100,3000000.0,6,4,exclude,launch,0,0.0,prior,0.0,rr_sweep,12600.0,43200,1121530.4276593765,0,659013.9183811393,462516.50927823735,0,0,0.0,0,9.53960934092521,11.212465149228523,8052.7543083059945,3549.7838090623,2.268519645547988,2.0099579726511765,306.00453195650243,0.0,0.0,0.0,2.4313281151360884,9.0,0.7423312883435583,2232.9134792980917,165,0.265045166015625
paper,100,3000000.0,10,3,exclude,launch,0,0.0,prior,0.0,rr_sweep,12600.0,43200,580248.7474808856,0,407871.1252742136,172377.62220667192,0,0,0.0,0,10.108254004827979,10.066740011598199,7580.990936890765,3955.373424797697,1.9166309024990489,2.009155928690653,305.5187065234485,0.0,0.0,0.0,1.4553976157139488,4.761904761904762,0.7978609625668449,1501.7854406027102,462,0.4305760860443115
paper,100,3000000.0,15,1,exclude,launch,0,0.0,prior,0.0,rr_sweep,12600.0,43200,3269551.995978553,0,2939848.699216194,329703.2967623587,0,18,0.9347431383148199,27,9.408527087153066,11.093439349124967,8169.591647266075,3589.406569052536,2.2760284994470634,2.009097995690297,305.48362947185245,0.0,0.0,0.0,0.9818046750278459,3.15625,0.8070175438596491,1012.3483124092523,1024,0.7522006034851074
paper,100,3000000.0,7,4,exclude,launch,0,0.0,prior,0.0,rr_sweep,12600.0,43200,895825.2475742544,0,578405.3276271839,317419.9199470705,0,0,0.0,0,9.53960934092521,10.401805841356673,8052.7543083059945,3826.738754806643,2.1043386612663824,2.0097980906211763,305.90765514665213,0.0,0.0,0.0,2.0083904852277357,7.128755364806867,0.77466251298027,1981.7260992031838,233,0.2900538444519043
paper,100,3000000.0,14,1,exclude,launch,0,0.0,prior,0.0,rr_sweep,12600.0,43200,2389124.3165328675,0,2204410.5412729727,184713.77525989487,0,14,0.9058655920053653,17,9.408527087153066,11.245247098486923,8169.591647266075,3542.6237058523348,2.30608507298421,2.0081491218873344,304.9093955886611,0.0,0.0,0.0,1.0614684283001057,3.9073446327683614,0.8536853685368537,950.3485435845835,885,0.7757010459899902
paper,100,3000000.0,5,5,exclude,launch,0,0.0,prior,0.0,rr_sweep,12600.0,43200,966087.3385789144,0,607176.3128534798,358911.02572543453,0,0,0.0,0,9.433790504109632,10.720918579474574,8146.821061143593,3710.034737902161,2.195888081023795,2.0113146327634537,306.8271859324439,0.0,0.0,0.0,2.909338915125939,12.456896551724139,0.7337526205450734,2324.98720400309,116,0.1431417465209961
paper,100,3000000.0,4,5,exclude,launch,0,0.0,prior,0.0,rr_sweep,12600.0,43200,1350063.8096021253,0,788339.9205157893,561723.8890863361,0,0,0.0,0,9.433790504109632,9.383727464786938,8146.821061143593,4234.136128260204,1.9240810437738813,2.013491425654102,308.14946096231523,0.0,0.0,0.0,3.769481712466277,16.0,0.6603970741901777,2949.7411011209133,72,0.19164752960205078
paper,100,3000000.0,13,2,exclude,launch,0,0.0,prior,0.0,rr_sweep,12600.0,43200,1675268.4340823193,0,1498983.7635688183,176284.67051350078,0,9,0.8192776123316828,11,9.078325717589646,12.395979018528564,8478.86425558954,3214.4055313169706,2.6377705529008577,2.007744698329276,304.6648131032292,0.0,0.0,0.0,1.074711663112938,3.958128078817734,0.8635371179039302,1019.6515818467605,812,0.6967172622680664
paper,100,3000000.0,9,4,exclude,launch,0,0.0,prior,0.0,rr_sweep,12600.0,43200,804200.7223586484,0,519122.95551628096,285077.7668423674,0,0,0.0,0,9.53960934092521,10.019328338862218,8052.7543083059945,3972.526436885007,2.0271115715016945,2.009946890193918,305.99781630370967,0.0,0.0,0.0,1.543392385263542,4.769230769230769,0.794392523364486,1762.349662585031,390,0.39217257499694824
paper,100,3000000.0,10,4,exclude,launch,0,0.0,prior,0.0,rr_sweep,12600.0,43200,873807.3831436689,0,612531.4853396044,261275.89780406433,0,1,0.18550504992129044,2,9.53960934092521,10.11575871153018,8052.7543083059945,3935.407752902438,2.0462312456357123,2.009563752036973,305.76569082809135,0.0,0.0,0.0,1.4397924982312702,4.3111587982832615,0.8039014373716632,1637.4723129034212,466,0.403670072555542
paper,100,3000000.0,6,5,exclude,launch,0,0.0,prior,0.0,rr_sweep,12600.0,43200,908048.85454128,0,560720.7338360279,347328.12070525205,0,0,0.0,0,9.433790504109632,9.578012558332887,8146.821061143593,4154.0250268851205,1.9611872842404263,2.0106916580994136,306.44928832552256,0.0,0.0,0.0,2.470767098262874,9.717791411042946,0.7427961579509071,2106.3259111093435,163,0.2591552734375
paper,100,3000000.0,15,3,exclude,launch,0,0.0,prior,0.0,rr_sweep,12600.0,43200,3645443.471709245,0,3185426.270824048,460017.20088519674,0,18,0.951369847208244,21,10.108254004827979,13.170560438901845,7580.990936890765,3027.5815844884232,2.503975772521334,2.006272297247971,303.77518086261273,0.0,0.0,0.0,0.9714165555269477,3.910318225650916,0.7937365010799136,808.6976508322734,1037,0.5796995162963867
paper,100,3000000.0,13,4,exclude,launch,0,0.0,prior,0.0,rr_sweep,12600.0,43200,1866338.9296435667,0,1622040.7865885673,244298.14305499927,0,8,0.7788931962497045,8,9.53960934092521,11.48571574889428,8052.7543083059945,3468.3009123490438,2.32181535334313,2.0082378715327125,304.9630816778443,0.0,0.0,0.0,1.1224846842668046,3.5384615384615383,0.8454356846473029,1183.0061102626457,780,0.3771650791168213
paper,100,3000000.0,12,3,exclude,launch,0,0.0,prior,0.0,rr_sweep,12600.0,43200,1774429.5541001547,0,1547047.62588936,227381.92821079463,0,8,0.8240031507799368,9,10.108254004827979,12.92095862630127,7580.990936890765,3085.1205609544477,2.4572754247715443,2.0068878837944117,304.14696315959674,0.0,0.0,0.0,1.1579991253592543,4.568149210903874,0.8189655172413793,1032.6813298040631,697,0.7042062282562256
paper,100,3000000.0,14,2,exclude,launch,0,0.0,prior,0.0,rr_sweep,12600.0,43200,2319529.454386802,0,2080476.4257104218,239053.0286763803,0,13,0.9032935441191177,16,9.078325717589646,13.156038859750952,8478.86425558954,3029.8888899824015,2.7984076523805426,2.006957319380499,304.18891291618786,0.0,0.0,0.0,1.0124247066332361,4.147311827956989,0.8714285714285714,848.9021572179398,930,0.8737339973449707
paper,100,3000000.0,7,5,exclude,launch,0,0.0,prior,0.0,rr_sweep,12600.0,43200,711510.2384610358,0,486926.7122115479,224583.52624948788,0,0,0.0,0,9.433790504109632,9.447782421727425,8146.821061143593,4211.871264524632,1.934252152899805,2.010411756853196,306.2795755161486,0.0,0.003215434083601286,0.0,2.0300235843843515,7.696969696969697,0.767342582710779,1874.2296292045144,231,0.3236548900604248
paper,100,3000000.0,15,4,exclude,launch,0,0.0,prior,0.0,rr_sweep,12600.0,43200,4283978.305849767,0,3751945.5778895025,532032.727960265,0,21,0.9429691692477288,27,9.53960934092521,12.328379710776751,8052.7543083059945,3233.472312471276,2.49043552259504,2.006849656205139,304.1238690601221,0.0,0.0,0.0,0.9887166663417079,3.1609421000981355,0.7981269510926119,1016.0432007251596,1019,0.46367502212524414
paper,100,3000000.0,11,4,exclude,launch,0,0.0,prior,0.0,rr_sweep,12600.0,43200,1258483.2709872068,0,1035400.0305743853,223083.24041282153,0,4,0.5392199896512357,6,9.53960934092521,10.82564618270741,8052.7543083059945,3676.9972342318515,2.190035454293255,2.0097537836596135,305.8808110844717,0.0,0.0,0.0,1.23079337334768,3.82,0.8089304257528557,1424.9766166398122,600,0.4856753349304199
paper,100,3000000.0,8,5,exclude,launch,0,0.0,prior,0.0,rr_sweep,12600.0,43200,649316.1075012808,0,452570.5909578122,196745.5165434687,0,0,0.0,0,9.433790504109632,9.379621696059576,8146.821061143593,4242.43113238518,1.9203189885520398,2.010434199061701,306.2931811900383,0.0,0.0024330900243309003,0.0,1.7501529559765114,6.249180327868852,0.7876200640341515,1722.2277447198057,305,0.3501462936401367
paper,100,3000000.0,4,6,exclude,launch,0,0.0,prior,0.0,rr_sweep,12600.0,43200,1221945.625908011,0,759256.7031151818,462688.92279282946,0,0,0.0,0,9.512919430600322,10.089338534885018,8076.28272445257,3937.8387373514215,2.05094298246572,2.0135822101966045,308.20466904811013,0.0,0.010416666666666666,0.0,3.7731034968227077,17.75,0.6923076923076923,2647.657204623317,72,0.18601441383361816
paper,100,3000000.0,13,3,exclude,launch,0,0.0,prior,0.0,rr_sweep,12600.0,43200,2143976.0114073534,0,1914859.7777359064,229116.23367144694,0,10,0.8745931836285952,12,10.108254004827979,12.880294238386181,7580.990936890765,3095.07601235489,2.4493714876885253,2.006748206110669,304.06258515211476,0.0,0.0,0.0,1.0896312452523138,4.281444582814446,0.8390928725701944,955.8798356687536,803,0.7922170162200928
paper,100,3000000.0,6,6,exclude,launch,0,0.0,prior,0.0,rr_sweep,12600.0,43200,844942.5190647524,0,536836.5728522427,308105.9462125097,0,0,0.0,0,9.512919430600322,10.607688950999133,8076.28272445257,3751.392420456454,2.1528760042304187,2.0103733288911796,306.2562791203931,0.0,0.0045871559633027525,0.0,2.472663749491499,11.103658536585366,0.7544783983140148,1835.388592541944,164,0.16901683807373047
paper,100,3000000.0,9,5,exclude,launch,0,0.0,prior,0.0,rr_sweep,12600.0,43200,670196.8950852067,0,454300.7275501519,215896.16753505482,0,0,0.0,0,9.433790504109632,9.244098194600634,8146.821061143593,4304.351388726811,1.8926942355311172,2.0105631519047673,306.3713651963093,0.0,0.0,0.0,1.5821639362024964,4.989528795811518,0.7786096256684492,1737.5554973912256,382,0.3871583938598633
paper,100,3000000.0,12,5,exclude,launch,0,0.0,prior,0.0,rr_sweep,12600.0,43200,1119452.6191422415,0,937555.8827973712,181896.7363448703,0,6,0.581465012552381,9,9.433790504109632,9.510778104775763,8146.821061143593,4181.710068716744,1.9482032296044944,2.0114999179155424,306.9396251829447,0.0,0.0,0.0,1.2150756900689808,3.4917043740573153,0.8038585209003215,1422.341626269165,663,0.31102967262268066
paper,100,3000000.0,10,5,exclude,launch,0,0.0,prior,0.0,rr_sweep,12600.0,43200,718795.9384148315,0,495585.71450057346,223210.22391425804,0,1,0.07041190491438584,3,9.433790504109632,8.854241953999349,8146.821061143593,4491.051022871636,1.8140121365030522,2.011826907514504,307.13810723110936,0.0,0.0,0.0,1.4347931201036004,4.1068376068376065,0.767491926803014,1709.507274587836,468,0.39415502548217773
paper,100,3000000.0,14,3,exclude,launch,0,0.0,prior,0.0,rr_sweep,12600.0,43200,2465860.0235197814,0,2217893.5134871444,247966.5100326372,0,12,0.897495152680475,17,10.108254004827979,12.178122644267296,7580.990936890765,3273.181659527359,2.316092330171936,2.0069637786391405,304.1928154473648,0.0,0.0,0.0,1.0660571574246247,3.976271186440678,0.8210412147505423,930.9196200424071,885,0.7917165756225586
paper,100,3000000.0,12,4,exclude,launch,0,0.0,prior,0.0,rr_sweep,12600.0,43200,1654658.7307746764,0,1423667.5753735262,230991.1554011503,0,6,0.7030511921649093,7,9.53960934092521,11.161095143970806,8052.7543083059945,3567.0349737207544,2.2575484590514714,2.0094435445326218,305.69288087957494,0.0,0.0,0.0,1.1378633876129245,3.483734087694484,0.8309128630705395,1336.6329767604304,707,0.5781824588775635
paper,100,3000000.0,5,6,exclude,launch,0,0.0,prior,0.0,rr_sweep,12600.0,43200,1019866.6157939465,0,632871.2579453578,386995.3578485888,0,0,0.0,0,9.512919430600322,9.537317298900128,8076.28272445257,4168.8546172844235,1.9372905668064362,2.012088159965943,307.29673306297434,0.0,0.019867549668874173,0.0,3.0013762828878248,13.36036036036036,0.727176220806794,2251.6521527651053,111,0.22951793670654297
paper,100,3000000.0,7,6,exclude,launch,0,0.0,prior,0.0,rr_sweep,12600.0,43200,647820.08500524,0,445749.1308002912,202070.95420494876,0,0,0.0,0,9.512919430600322,10.407114717146076,8076.28272445257,3824.9042680754765,2.111499310417042,2.0097362930822076,305.8702144702195,0.0,0.0033444816053511705,0.0,2.119301676133974,9.085585585585585,0.795142555438226,1651.4550807092255,222,0.20951628684997559
paper,100,3000000.0,11,5,exclude,launch,0,0.0,prior,0.0,rr_sweep,12600.0,43200,967090.2083387513,0,770184.1046005484,196906.10373820286,0,5,0.47070921598270665,5,9.433790504109632,9.69407294549151,8146.821061143593,4104.173227991363,1.985009064817363,2.0107497368762077,306.4845091785969,0.0,0.0013003901170351106,0.0,1.2834632095960228,3.8,0.798918918918919,1503.0728571188336,575,0.46765923500061035
paper,100,3000000.0,5,7,exclude,launch,0,0.0,prior,0.0,rr_sweep,12600.0,43200,1037559.6635683274,0,630485.4968235908,407074.1667447366,0,0,0.0,0,10.437019007869559,10.763000212722927,7331.690553245741,3694.826157827302,1.98431272272822,2.011697279239927,307.05941544644105,0.0,0.006666666666666667,0.0,3.038606119114146,14.263636363636364,0.7270811380400422,2063.506037472858,110,0.14651107788085938
paper,100,3000000.0,14,4,exclude,launch,0,0.0,prior,0.0,rr_sweep,12600.0,43200,2487912.173602082,0,2178358.591123149,309553.58247893344,0,11,0.8600506655520709,18,9.53960934092521,11.709867494332796,8052.7543083059945,3402.5975221287554,2.3666490838058265,2.0078322463609473,304.7177510414858,0.0,0.0,0.0,1.0637129994456191,3.2968397291196387,0.8203530633437176,1124.2329220432769,886,0.7072024345397949
paper,100,3000000.0,7,7,exclude,launch,0,0.0,prior,0.0,rr_sweep,12600.0,43200,709396.115717458,0,474230.9269872117,235165.18873024618,0,0,0.0,0,10.437019007869559,9.60584952180113,7331.690553245741,4141.995684699934,1.7700864779575174,2.010687443807007,306.4467327207427,0.0,0.0,0.0,2.0466280187677666,8.337662337662337,0.7792887029288703,1732.2485254359142,231,0.19903016090393066
paper,100,3000000.0,11,6,exclude,launch,0,0.0,prior,0.0,rr_sweep,12600.0,43200,794782.0672508989,0,616615.9990267019,178166.06822419708,0,1,0.3112755392245203,1,9.512919430600322,9.60870048343007,8076.28272445257,4140.844461544264,1.9503950943959496,2.0106496987064215,306.4238440486141,0.0,0.001358695652173913,0.0,1.3425310611789938,4.129090909090909,0.8050579557428873,1456.3857999213521,550,0.2960367202758789
paper,100,3000000.0,16,3,exclude,launch,0,0.0,prior,0.0,rr_sweep,12600.0,43200,4105835.123901559,0,3606475.739712221,499359.38418933784,0,21,0.957055486380575,27,10.108254004827979,12.547215644320698,7580.990936890765,3176.8165337952078,2.3863483636035085,2.007014409391875,304.2234062168599,0.0,0.0,0.0,0.9247953819643245,3.280550774526678,0.7611777535441657,858.7572051821991,1162,0.9702460765838623
paper,100,3000000.0,8,6,exclude,launch,0,0.0,prior,0.0,rr_sweep,12600.0,43200,607525.3492154317,0,425319.00999498664,182206.33922044505,0,0,0.0,0,9.512919430600322,10.47367862228636,8076.28272445257,3801.1788413117806,2.124678438351366,2.0094279561708515,305.6834396097787,0.0,0.0025252525252525255,0.0,1.8189524993326944,7.158783783783784,0.8076514346439958,1555.7625599077428,296,0.3985462188720703
paper,100,3000000.0,13,5,exclude,launch,0,0.0,prior,0.0,rr_sweep,12600.0,43200,1832675.269898969,0,1552302.1036441985,280373.16625477053,0,10,0.789951987984506,16,9.433790504109632,10.052120679614323,8146.821061143593,3959.0207046998776,2.0577869298516793,2.0102243075515034,306.16594547037437,0.0,0.0,0.0,1.1489918903857763,3.3289646133682833,0.7980769230769231,1295.5373215431218,763,0.6016483306884766
paper,100,3000000.0,6,7,exclude,launch,0,0.0,prior,0.0,rr_sweep,12600.0,43200,815487.577660603,0,521215.793998273,294271.78366233,0,0,0.0,0,10.437019007869559,9.683397639220846,7331.690553245741,4108.186683856485,1.7846536969842013,2.0109999062506008,306.63624313161705,0.0,0.004651162790697674,0.0,2.493519242164661,11.056603773584905,0.7698072805139187,1840.0052228641525,159,0.3041219711303711
paper,100,3000000.0,9,6,exclude,launch,0,0.0,prior,0.0,rr_sweep,12600.0,43200,573344.8143406912,0,407707.5101550226,165637.3041856686,0,0,0.0,0,9.512919430600322,10.17432631724742,8076.28272445257,3911.941991796098,2.0645200622580013,2.009980843351474,306.0183911810865,0.0,0.0019230769230769232,0.0,1.5592369303826628,5.77120822622108,0.8072417465388712,1475.9124390975571,389,0.40813112258911133
paper,100,3000000.0,4,8,exclude,launch,0,0.0,prior,0.0,rr_sweep,12600.0,43200,1367249.7070557817,0,822371.3701180455,544878.3369377364,0,0,0.0,0,9.577086456027944,10.77333396213893,8019.937817272908,3688.824000621177,2.1741177719301317,2.0130377973006435,307.8736736279219,0.0,0.030303030303030304,0.0,3.67372167717873,14.175675675675675,0.6606334841628959,3234.123139655432,74,0.09909200668334961
paper,100,3000000.0,10,6,exclude,launch,0,0.0,prior,0.0,rr_sweep,12600.0,43200,791814.368651168,0,625944.8976186044,165869.47103256354,0,1,0.31132748716854364,1,9.512919430600322,9.592136653612716,8076.28272445257,4148.056824953175,1.9470038780251613,2.0106196955361852,306.4056507016956,0.0,0.0,0.0,1.423955222013543,4.6758474576271185,0.8132464712269273,1489.9516109368346,472,0.4656331539154053
paper,100,3000000.0,14,5,exclude,launch,0,0.0,prior,0.0,rr_sweep,12600.0,43200,3107312.9237748347,0,2676708.279665186,430604.6441096486,0,18,0.9001574956138063,22,9.433790504109632,10.233636644912934,8146.821061143593,3888.469830188383,2.0951226104148293,2.0103943748633712,306.2690378266628,0.0,0.0,0.0,1.053457412147553,2.9247191011235953,0.7823275862068966,1264.895845984898,890,0.6511573791503906
paper,100,3000000.0,8,7,exclude,launch,0,0.0,prior,0.0,rr_sweep,12600.0,43200,623418.7564598997,0,431519.60033908417,191899.15612081558,0,0,0.0,0,10.437019007869559,9.88888178495117,7331.690553245741,4024.6061335760996,1.8217162897207788,2.010108115808132,306.09552168643654,0.0,0.0,0.0,1.809426130518533,7.070234113712375,0.788135593220339,1571.32908756632,299,0.36913108825683594
paper,100,3000000.0,12,6,exclude,launch,0,0.0,prior,0.0,rr_sweep,12600.0,43200,921156.5535924272,0,739671.9465135168,181484.60707891037,0,3,0.40687301783263263,3,9.512919430600322,9.658260195831279,8076.28272445257,4118.280171400374,1.961081419505833,2.0112923276269106,306.8136515751162,0.0,0.0,0.0011389521640091116,1.2260501323225663,3.3404255319148937,0.8098290598290598,1501.6614339323169,658,0.48365020751953125
paper,100,3000000.0,12,7,exclude,launch,0,0.0,prior,0.0,rr_sweep,12600.0,43200,821999.025814069,0,698730.5752744935,123268.45053957551,0,4,0.526563570985695,5,10.437019007869559,10.942574721195614,7331.690553245741,3638.817795570362,2.014855088971704,2.009139796692606,305.5089387806382,0.0,0.0,0.0,1.21419962277662,4.3408408408408405,0.847385272145144,1141.6308822580743,666,0.37864232063293457
paper,100,3000000.0,9,7,exclude,launch,0,0.0,prior,0.0,rr_sweep,12600.0,43200,563194.130123983,0,390952.2555581804,172241.8745658027,0,0,0.0,0,10.437019007869559,10.348877661481223,7331.690553245741,3845.7792061792657,1.9064252418509708,2.01007557831879,306.07580217481114,0.0,0.0,0.0,1.5275648830955446,5.870229007633588,0.8115015974440895,1417.5129703779435,393,0.42464208602905273
paper,100,3000000.0,5,8,exclude,launch,0,0.0,prior,0.0,rr_sweep,12600.0,43200,1096933.0782414097,0,684376.2706609649,412556.8075804448,0,0,0.0,0,9.577086456027944,10.215383725244461,8019.937817272908,3893.3313952755825,2.0599165606618572,2.011471716255076,306.9225098351966,0.0,0.0,0.0,2.944989740160368,10.964912280701755,0.717391304347826,2697.2341414464636,114,0.2121121883392334
paper,100,3000000.0,15,5,exclude,launch,0,0.0,prior,0.0,rr_sweep,12600.0,43200,3915080.169018818,0,3362734.67610584,552345.4929129778,0,23,0.9366137025800073,34,9.433790504109632,10.526968700918317,8146.821061143593,3779.818848210352,2.155346959286397,2.0105536620552087,306.3656111679577,0.0,0.0,0.0,0.9848870684353469,2.6529814271749754,0.7308108108108108,1205.5212314917487,1023,0.7231714725494385
paper,100,3000000.0,13,6,exclude,launch,0,0.0,prior,0.0,rr_sweep,12600.0,43200,1700369.4581571515,0,1465696.4666676593,234672.99148949224,0,8,0.7362077349673622,15,9.512919430600322,10.0162926512718,8076.28272445257,3971.518377564141,2.0335503846783185,2.0110663784406846,306.67656648394865,0.0,0.0,0.0,1.1359765378690374,3.0677083333333335,0.7997835497835498,1396.429660639135,768,0.5461533069610596
paper,100,3000000.0,10,7,exclude,launch,0,0.0,prior,0.0,rr_sweep,12600.0,43200,546764.1169725704,0,379076.6739415595,167687.4430310109,0,0,0.0,0,10.437019007869559,10.249338619918593,7331.690553245741,3882.883049602258,1.8882079268384766,2.0102026227505623,306.1528017036344,0.0,0.0,0.0,1.401424238564354,5.0,0.8347547974413646,1354.2649091947533,480,0.4736502170562744
paper,100,3000000.0,11,7,exclude,launch,0,0.0,prior,0.0,rr_sweep,12600.0,43200,586690.9050175564,0,433379.50070369296,153311.40431386343,0,1,0.10052521978187359,3,10.437019007869559,10.032238828201406,7331.690553245741,3965.4932702770648,1.8488722722592048,2.0109205271830595,306.5880936840226,0.0,0.0,0.0,1.2791031524830008,4.11551724137931,0.8146186440677966,1385.4894306745305,580,0.4871499538421631
paper,100,3000000.0,6,8,exclude,launch,0,0.0,prior,0.0,rr_sweep,12600.0,43200,887934.9521965126,0,570096.4505243882,317838.5016721244,0,0,0.0,0,9.577086456027944,11.19060882751422,8019.937817272908,3556.664456166269,2.2549042554094645,2.0099875952118764,306.0224827445608,0.0,0.004484304932735426,0.0,2.422157115566552,9.042168674698795,0.7407834101382489,2221.091681661701,166,0.2736210823059082
paper,100,3000000.0,14,6,exclude,launch,0,0.0,prior,0.0,rr_sweep,12600.0,43200,3054374.022449564,0,2674383.472366415,379990.55008314917,0,15,0.8900962319562827,22,9.512919430600322,10.58110176798489,8076.28272445257,3761.165348958012,2.1472820190396606,2.010187968145895,306.14391929601965,0.0,0.0,0.0,1.0532797228991408,2.8340807174887894,0.7806731813246471,1293.7913852582026,892,0.6106710433959961
paper,100,3000000.0,14,7,exclude,launch,0,0.0,prior,0.0,rr_sweep,12600.0,43200,2192221.0066385004,0,1970400.7287714556,221820.2778670449,0,13,0.8765690754046759,16,10.437019007869559,11.048143009985017,7331.690553245741,3604.9155460427246,2.033803693763107,2.008656178682929,305.2161860385746,0.0,0.0,0.0,1.0820473342647698,3.7859608745684694,0.8287234042553191,998.8072660535039,869,0.4531581401824951
paper,100,3000000.0,10,8,exclude,launch,0,0.0,prior,0.0,rr_sweep,12600.0,43200,722813.3097431869,0,575888.3731814293,146924.93656175752,0,1,0.28403981247573795,1,9.577086456027944,12.256165552772217,8019.937817272908,3250.09514098981,2.4676009376237684,2.008349506704581,305.0306183014115,0.0,0.0,0.0,1.3405983958915704,4.49800796812749,0.8280701754385965,1456.0637544351841,502,0.2720465660095215
paper,100,3000000.0,7,8,exclude,launch,0,0.0,prior,0.0,rr_sweep,12600.0,43200,781074.4701048022,0,512960.11943749635,268114.3506673059,0,0,0.0,0,9.577086456027944,10.730921879000745,8019.937817272908,3709.719783860242,2.1618715926105776,2.0096102984028645,305.7938863923362,0.0,0.0,0.0,2.0131992883528667,7.121212121212121,0.7793427230046949,1961.0745715115092,231,0.30304598808288574
paper,100,3000000.0,4,9,exclude,launch,0,0.0,prior,0.0,rr_sweep,12600.0,43200,1394295.3713689353,0,819255.8107381042,575039.5606308313,0,0,0.0,0,9.480667671824154,9.208115057577249,8104.8909320055,4315.249668558611,1.8781974519478297,2.01332238321206,308.0466756955705,0.0,0.00980392156862745,0.0,3.5577670406662776,14.36,0.6810154525386314,3155.416849620538,75,0.1655266284942627
paper,100,3000000.0,15,6,exclude,launch,0,0.0,prior,0.0,rr_sweep,12600.0,43200,4371534.316970153,0,3881378.6768434434,490155.64012670936,0,24,0.9403420358150674,36,9.512919430600322,10.675332791431135,8076.28272445257,3728.7626739336197,2.16594174279603,2.0097582584019165,305.8835221232615,0.0,0.0,0.0,0.9997680829869746,2.530511811023622,0.7150595882990249,1277.9459168790945,1016,0.6346683502197266
paper,100,3000000.0,8,8,exclude,launch,0,0.0,prior,0.0,rr_sweep,12600.0,43200,672962.1550844806,0,462650.0816355094,210312.07344897123,0,0,0.0,0,9.577086456027944,10.995524099427934,8019.937817272908,3620.898856078793,2.214902469260906,2.0093595650253606,305.64201945245566,0.0,0.0,0.0,1.7113134581474951,5.939490445859873,0.8016336056009334,1781.657460860758,314,0.3580482006072998
paper,100,3000000.0,5,9,exclude,launch,0,0.0,prior,0.0,rr_sweep,12600.0,43200,1081942.5516603151,0,669624.9522857048,412317.5993746104,0,0,0.0,0,9.480667671824154,9.17044190158523,8104.8909320055,4336.481124461481,1.8690017780284913,2.011695585272742,307.05838717810667,0.0,0.012578616352201259,0.0,2.838012992895652,11.084745762711865,0.7322222222222222,2522.610792023589,118,0.2270364761352539
paper,100,3000000.0,16,7,exclude,launch,0,0.0,prior,0.0,rr_sweep,12600.0,43200,4245213.089767311,0,3788171.7392144813,457041.3505528296,0,26,0.9506341711710866,39,10.437019007869559,11.593190106805151,7331.690553245741,3436.7950250531107,2.1332929371115,2.0078598636346268,304.7344514176825,0.0,0.0,0.0,0.9507401233135143,2.741394527802295,0.7288317256162915,1055.5773122150292,1133,0.48365020751953125
paper,100,3000000.0,9,8,exclude,launch,0,0.0,prior,0.0,rr_sweep,12600.0,43200,613886.1805367651,0,432002.2898306141,181883.89070615094,0,0,0.0,0,9.577086456027944,10.938640898186046,8019.937817272908,3640.0655433216502,2.2032399476946,2.009173392243138,305.5292806834566,0.0,0.0,0.0,1.5253085596437255,4.989949748743719,0.8133022170361727,1665.4944604510285,398,0.3835582733154297
paper,100,3000000.0,6,9,exclude,launch,0,0.0,prior,0.0,rr_sweep,12600.0,43200,984341.9219776485,0,622068.0303636473,362273.8916140012,0,0,0.0,0,9.480667671824154,8.47633416382244,8104.8909320055,4692.670985108608,1.7271381176572982,2.0112303386030503,306.776039313372,0.0,0.0,0.0,2.388816741925587,8.327380952380953,0.7578828828828829,2334.5067033245186,168,0.25054383277893066
paper,100,3000000.0,7,9,exclude,launch,0,0.0,prior,0.0,rr_sweep,12600.0,43200,854968.0191182357,0,552084.0148180637,302884.0043001721,0,0,0.0,0,9.480667671824154,8.69674206480167,8104.8909320055,4574.511215949794,1.7717501497747892,2.010891788367596,306.5706623367111,0.0,0.0,0.0,1.9853454567661444,6.658227848101266,0.7719688542825361,2088.9070254690278,237,0.2780427932739258
paper,100,3000000.0,13,7,exclude,launch,0,0.0,prior,0.0,rr_sweep,12600.0,43200,1259905.3135150874,0,1126050.5408555612,133854.77265952618,0,8,0.7423350849189592,12,10.437019007869559,11.044246522365382,7331.690553245741,3605.8949091354566,2.0332513115318647,2.0088191020416684,305.31479419324756,0.0,0.0,0.0,1.149858393915666,4.193421052631579,0.8509052183173589,1033.5934595346262,760,0.6841840744018555
paper,100,3000000.0,8,9,exclude,launch,0,0.0,prior,0.0,rr_sweep,12600.0,43200,769387.3693613545,0,499822.3750314734,269564.99432988104,0,0,0.0,0,9.480667671824154,8.683631266167083,8104.8909320055,4582.313750559935,1.7687333022569927,2.0104986755203003,306.3322719684842,0.0,0.0,0.0,1.8131575205384816,5.8915254237288135,0.7912946428571429,1902.9200485885258,295,0.3415491580963135
paper,100,3000000.0,15,7,exclude,launch,0,0.0,prior,0.0,rr_sweep,12600.0,43200,2758611.5567421536,0,2441973.749500295,316637.80724185787,0,16,0.8803233074135419,25,10.437019007869559,10.745309386497235,7331.690553245741,3702.713161297989,1.980086016351213,2.0107171986941497,306.46477672084495,0.0,0.0,0.0,0.9893820866069776,2.617878192534381,0.7971952535059331,1230.6478059883923,1018,0.6936802864074707
paper,100,3000000.0,9,9,exclude,launch,0,0.0,prior,0.0,rr_sweep,12600.0,43200,752391.523785811,0,499841.2234737662,252550.30031204488,0,0,0.0,0,9.480667671824154,8.63602609042907,8104.8909320055,4605.809326779608,1.7597104780002817,2.0112686599409964,306.7992907736574,0.0,0.0,0.0,1.5759057590817753,4.549479166666667,0.7908787541713015,1896.6517521868043,384,0.3395533561706543
paper,100,3000000.0,12,9,exclude,launch,0,0.0,prior,0.0,rr_sweep,12600.0,43200,1687745.8996262553,0,1417120.131385043,270625.7682412123,0,9,0.6918924528635048,16,9.480667671824154,9.025379248971058,8104.8909320055,4406.97024143558,1.8391072523705798,2.0113349905776428,306.8395389500042,0.0,0.0,0.0,1.2440369886400642,3.1375579598145285,0.7832957110609481,1619.8144160353804,647,0.2825312614440918
paper,100,3000000.0,5,10,exclude,launch,0,0.0,prior,0.0,rr_sweep,12600.0,43200,978068.8654800461,0,622496.9438280605,355571.9216519856,0,0,0.0,0,10.481077449244555,10.543589520498116,7299.469724120093,3772.631874555026,1.934848129061373,2.0112083688451685,306.7627095667521,0.0,0.006493506493506494,0.0,2.9292909039699864,13.587719298245615,0.7483660130718954,2134.9110870213344,114,0.25403594970703125
paper,100,3000000.0,11,8,exclude,launch,0,0.0,prior,0.0,rr_sweep,12600.0,43200,674083.8486270536,0,547214.3724216659,126869.47620538766,0,1,0.3045730251104293,2,9.577086456027944,12.357436453900151,8019.937817272908,3224.4048788907235,2.487261407454503,2.0077610811441673,304.67471900065834,0.0,0.0,0.0,1.3013989255574971,4.305799648506151,0.8403755868544601,1340.5129753286762,569,0.5360844135284424
paper,100,3000000.0,15,8,exclude,launch,0,0.0,prior,0.0,rr_sweep,12600.0,43200,3344876.921823417,0,3043683.2149410485,301193.70688236854,0,19,0.9363182185847622,25,9.577086456027944,13.146633731727713,8019.937817272908,3032.2921893043535,2.644843345097553,2.006801311514076,304.09466425993907,0.0,0.0,0.0,0.9508488266527794,3.1135288552507094,0.8238770685579196,994.620276976213,1057,0.48906731605529785
paper,100,3000000.0,8,10,exclude,launch,0,0.0,prior,0.0,rr_sweep,12600.0,43200,639552.3996291244,0,449142.8004976759,190409.59913144857,0,0,0.0,0,10.481077449244555,9.305709901179712,7299.469724120093,4277.276336431741,1.7065695900792737,2.009894067639536,305.9658083560581,0.0,0.002551020408163265,0.0,1.8379764663161366,7.1271477663230245,0.8137254901960784,1597.3074886683823,291,0.2305288314819336
paper,100,3000000.0,12,8,exclude,launch,0,0.0,prior,0.0,rr_sweep,12600.0,43200,1031696.059623102,0,851462.6529311034,180233.40669199853,0,3,0.5466969366116352,6,9.577086456027944,11.185119255557328,8019.937817272908,3559.8630496803926,2.252878188106968,2.009167189759819,305.52552506631906,0.0,0.0,0.0,1.1795182124808297,3.550512445095168,0.8294392523364486,1358.9131864248511,683,0.5600776672363281
paper,100,3000000.0,13,9,exclude,launch,0,0.0,prior,0.0,rr_sweep,12600.0,43200,3665082.1566487523,0,3123708.622607484,541373.5340412682,0,22,0.9268690683148447,27,9.480667671824154,10.178014641214412,8104.8909320055,3914.2937104457897,2.0705883440418815,2.008045299006424,304.84659745468537,0.0,0.0,0.0,1.1555252606724025,3.5317460317460316,0.7152542372881356,1231.7049246526813,756,0.37154102325439453
paper,100,3000000.0,6,10,exclude,launch,0,0.0,prior,0.0,rr_sweep,12600.0,43200,772919.44936578,0,523242.3994942524,249677.04987152762,0,0,0.0,0,10.481077449244555,10.159283093633917,7299.469724120093,3917.389494964932,1.8633505127591192,2.010157887262619,306.1256871596634,0.0,0.0,0.0,2.483182962058955,11.0920245398773,0.7857911733046287,1844.6303508320714,163,0.30803751945495605
paper,100,3000000.0,13,8,exclude,launch,0,0.0,prior,0.0,rr_sweep,12600.0,43200,1783023.710481833,0,1607163.931532376,175859.77894945705,0,8,0.7994237371868772,14,9.577086456027944,11.38949297248652,8019.937817272908,3497.3682627294647,2.2931350703725655,2.008372339400392,305.0444324603459,0.0,0.0,0.0,1.125156126445043,3.41025641025641,0.8284023668639053,1233.7715698028835,780,0.5955777168273926
paper,100,3000000.0,10,9,exclude,launch,0,0.0,prior,0.0,rr_sweep,12600.0,43200,726269.3035455111,0,503313.5013443836,222955.8022011276,0,1,0.05849858637334182,1,9.480667671824154,8.965145249233942,8104.8909320055,4436.922974336595,1.8266918264943142,2.0111791936187524,306.74500848224096,0.0,0.0,0.0,1.4267518443343445,3.962025316455696,0.8,1762.6282289624187,474,0.41255736351013184
paper,100,3000000.0,11,9,exclude,launch,0,0.0,prior,0.0,rr_sweep,12600.0,43200,1102895.0033522611,0,803089.7901030103,299805.2132492508,0,3,0.3725519599950821,7,9.480667671824154,8.76778916337046,8104.8909320055,4532.356679446372,1.7882288410265879,2.013148487862579,307.94095753746905,0.0,0.0,0.0,1.2882292414966166,3.140625,0.7816349384098544,1818.404570191352,576,0.3970475196838379
paper,100,3000000.0,7,10,exclude,launch,0,0.0,prior,0.0,rr_sweep,12600.0,43200,663378.2370063855,0,459367.0042449244,204011.23276146105,0,0,0.0,0,10.481077449244555,10.15821022911182,7299.469724120093,3917.7788672576066,1.8631653218420736,2.0101703884948656,306.1332641375603,0.0,0.0,0.0,1.922376191189871,8.34959349593496,0.8097826086956522,1619.9239220422128,246,0.3720402717590332
paper,100,3000000.0,4,11,exclude,launch,0,0.0,prior,0.0,rr_sweep,12600.0,43200,1281503.7290837655,0,751879.6840812857,529624.0450024798,0,0,0.0,0,9.118106410883096,9.967793181131599,8440.41818863996,3986.14938566025,2.117436496234554,2.013434000849199,308.11454222316416,0.0,0.031914893617021274,0.0,3.953355808030781,16.52173913043478,0.6691973969631236,3002.1642547935435,69,0.18251323699951172
paper,100,3000000.0,6,11,exclude,launch,0,0.0,prior,0.0,rr_sweep,12600.0,43200,750841.89961479,0,513091.36341927183,237750.5361955182,0,0,0.0,0,9.118106410883096,11.388883015504927,8440.41818863996,3494.89112969019,2.415073281378059,2.00990348648934,305.9715156069971,0.0,0.009523809523809525,0.0,2.593664283984692,10.729032258064516,0.7483660130718954,2013.0365215555548,155,0.15900945663452148
paper,100,3000000.0,9,10,exclude,launch,0,0.0,prior,0.0,rr_sweep,12600.0,43200,620465.2021755205,0,434450.54770257504,186014.6544729454,0,0,0.0,0,10.481077449244555,9.87301323332288,7299.469724120093,4030.3431379285075,1.8111285998025053,2.010472999394758,306.3167047517516,0.0,0.0,0.0,1.4783143301764279,5.25916870415648,0.8215859030837004,1515.6333709129997,409,0.4075462818145752
paper,100,3000000.0,7,11,exclude,launch,0,0.0,prior,0.0,rr_sweep,12600.0,43200,673402.7402418331,0,452047.4929980708,221355.24724376245,0,0,0.0,0,9.118106410883096,10.826173813892295,8440.41818863996,3676.6395791589284,2.295688224781282,2.009851329755309,305.9399124625698,0.0,0.0031545741324921135,0.0,1.9917736882201544,7.703389830508475,0.7726775956284153,1826.8102435704552,236,0.1945183277130127
paper,100,3000000.0,5,11,exclude,launch,0,0.0,prior,0.0,rr_sweep,12600.0,43200,923376.8849793336,0,583587.0974009052,339789.7875784284,0,0,0.0,0,9.118106410883096,10.60030554351084,8440.41818863996,3751.617524760958,2.249807751705115,2.0116528994950373,307.03247671701496,0.0,0.0064516129032258064,0.0,2.9184619811772463,12.434782608695652,0.7391774891774892,2323.991239478679,115,0.24451804161071777
paper,100,3000000.0,14,8,exclude,launch,0,0.0,prior,0.0,rr_sweep,12600.0,43200,2831345.588564188,0,2603558.293281751,227787.29528243744,0,16,0.9207737628179552,18,9.577086456027944,13.649129912265455,8019.937817272908,2921.610901970972,2.7450396669393973,2.0061464941154776,303.69923028626,0.0,0.0,0.0,1.0340091155178224,3.6564215148188803,0.851764705882353,983.592685059934,911,0.7465887069702148
paper,100,3000000.0,5,12,exclude,launch,0,0.0,prior,0.0,rr_sweep,12600.0,43200,1135239.6203637382,0,699644.341472591,435595.27889114723,0,0,0.0,0,8.884528408312832,9.01266906438782,8671.083820102498,4412.708332080021,1.9650253693552422,2.011552351455396,306.9714479204822,0.0,0.006622516556291391,0.0,2.9976892465462317,12.392857142857142,0.7538975501113586,2395.401513663287,112,0.137526273727417
paper,100,3000000.0,9,11,exclude,launch,0,0.0,prior,0.0,rr_sweep,12600.0,43200,524699.4818955389,0,371611.60211864614,153087.87977689278,0,0,0.0,0,9.118106410883096,11.380256602153706,8440.41818863996,3498.8773242830325,2.4123218410835587,2.0091354499970455,305.5063069322218,0.0,0.0,0.0,1.5070328885834376,5.516209476309227,0.8046103183315039,1498.682409074369,401,0.2505354881286621
paper,100,3000000.0,10,10,exclude,launch,0,0.0,prior,0.0,rr_sweep,12600.0,43200,575207.336323622,0,413391.82606465503,161815.51025896694,0,0,0.0,0,10.481077449244555,9.985172193921139,7299.469724120093,3985.7849002866124,1.8313757281772025,2.010113455824756,306.09875809146945,0.0,0.0,0.0,1.393477118001764,4.737060041407868,0.8338762214983714,1434.8241865607301,483,0.48955631256103516
paper,100,3000000.0,4,12,exclude,launch,0,0.0,prior,0.0,rr_sweep,12600.0,43200,1408147.200152605,0,813492.1060998245,594655.0940527805,0,0,0.0,0,8.884528408312832,8.956731662510336,8671.083820102498,4436.621942414364,1.954433786031312,2.013205002869603,307.97531335199756,0.0,0.0,0.0,3.799115466883369,16.64788732394366,0.7021276595744681,2814.416217455026,71,0.19314169883728027
paper,100,3000000.0,7,12,exclude,launch,0,0.0,prior,0.0,rr_sweep,12600.0,43200,827269.5716199701,0,546218.9473427909,281050.6242771792,0,0,0.0,0,8.884528408312832,9.212771528191462,8671.083820102498,4321.255332221324,2.006612234978756,2.0095080834138006,305.7319711433416,0.0,0.0,0.0,2.239135436776357,8.270142180094787,0.8063063063063063,1909.6330783361818,211,0.1741344928741455
paper,100,3000000.0,8,11,exclude,launch,0,0.0,prior,0.0,rr_sweep,12600.0,43200,618122.9468711704,0,419288.47262612224,198834.47424504824,0,0,0.0,0,9.118106410883096,10.67874394402453,8440.41818863996,3728.5046823094362,2.2637542145748264,2.009255293111181,305.578874001881,0.0,0.0,0.0,1.8257335707494025,6.663265306122449,0.7890710382513662,1690.3496855036165,294,0.3681528568267822
paper,100,3000000.0,11,10,exclude,launch,0,0.0,prior,0.0,rr_sweep,12600.0,43200,777402.4020432746,0,619353.3378718883,158049.0641713863,0,2,0.3989368266230988,2,10.481077449244555,10.500926266174481,7299.469724120093,3791.044499003521,1.9254508160056585,2.0095716522864433,305.7704763301138,0.0,0.0,0.0,1.2765975628491368,4.524221453287197,0.8482532751091703,1260.3660940589173,578,0.5361800193786621
paper,100,3000000.0,15,9,exclude,launch,0,0.0,prior,0.0,rr_sweep,12600.0,43200,5401048.583851658,0,4743233.404741788,657815.1791098695,0,34,0.9688113222863726,44,9.480667671824154,10.860223716925958,8104.8909320055,3670.5193034199015,2.208104701820802,2.0068906191826867,304.1486156994282,0.0,0.0,0.0,1.0039835032690942,2.8725099601593627,0.652027027027027,1141.400268860331,1004,0.6986997127532959
paper,100,3000000.0,14,9,exclude,launch,0,0.0,prior,0.0,rr_sweep,12600.0,43200,4434809.506344394,0,3801276.904668702,633532.6016756914,0,27,0.9516729394810978,30,9.480667671824154,10.59731149088292,8104.8909320055,3761.0273961274543,2.1549672678137655,2.007186790385595,304.32756921817116,0.0,0.0,0.0,1.0860052652289787,3.2944572748267897,0.6923937360178971,1153.358956080109,866,0.7066986560821533
paper,100,3000000.0,6,12,exclude,launch,0,0.0,prior,0.0,rr_sweep,12600.0,43200,873148.5952134925,0,570259.0103549564,302889.5848585361,0,0,0.0,0,8.884528408312832,9.774255850083746,8671.083820102498,4071.5743089642524,2.1296636539364284,2.010221523723909,306.164258098517,0.0,0.0,0.0,2.426395254475226,10.006024096385541,0.7770345596432553,1989.381216173874,166,0.2691490650177002
paper,100,3000000.0,12,10,exclude,launch,0,0.0,prior,0.0,rr_sweep,12600.0,43200,990757.8172356089,0,818386.9516719176,172370.8655636915,0,3,0.5631664270372361,5,10.481077449244555,10.734929909613045,7299.469724120093,3708.944850535757,1.968071788143651,2.009279707173407,305.5936581936115,0.0,0.0,0.0011185682326621924,1.2054651509738505,4.192825112107624,0.8362068965517241,1179.3729749517752,669,0.5941896438598633
ring,100,1500000.0,5,1,exclude,launch,0,0.0,prior,0.0,rr_sweep,12600.0,43200,2608944.4246697896,0,2136733.527195671,472210.89747411833,0,3,0.1787444201906509,7,4.85758743485816,2.7881873135715107,7901.207071016175,6861.831535499359,1.1514720275686827,2.09073020229147,356.9077122572374,0.0,0.0,0.0,1.561521609058947,2.3348837209302324,0.5737704918032787,6568.924300857757,215,0.10901761054992676
paper,100,3000000.0,10,11,exclude,launch,0,0.0,prior,0.0,rr_sweep,12600.0,43200,1072076.6943134733,0,895435.4386139865,176641.25569948697,0,3,0.5215098719046463,4,9.118106410883096,10.136721726051181,8440.41818863996,3927.6807201604743,2.1489573083972844,2.0093532132381364,305.6381727222455,0.0,0.0,0.0,1.4471088333110504,4.619870410367171,0.8070562293274531,1536.2590298403873,463,0.45117640495300293
ring,100,1500000.0,6,1,exclude,launch,0,0.0,prior,0.0,rr_sweep,12600.0,43200,10616090.552800873,0,9973913.725387042,642176.8274138309,0,61,0.9530938283065816,92,4.85758743485816,2.8932564244244747,7901.207071016175,6432.682089857508,1.2282912416073086,2.1492205108759213,396.21233478537397,0.0,0.0,0.0025252525252525255,1.3569407943814191,1.0304054054054055,0.32786885245901637,10778.234471677797,296,0.09000945091247559
paper,100,3000000.0,16,10,exclude,launch,0,0.0,prior,0.0,rr_sweep,12600.0,43200,5074490.995629135,0,4475719.063106491,598771.9325226432,0,27,0.9709193298607376,29,10.481077449244555,13.09739525347096,7299.469724120093,3045.1488791377906,2.3970813953066488,2.005841085677492,303.5148868910627,0.0,0.0,0.0,0.9296696014078584,3.4762316335350043,0.7412280701754386,817.3055308283988,1157,0.5816860198974609
ring,100,1500000.0,2,1,exclude,launch,0,0.0,prior,0.0,rr_sweep,12600.0,43200,962122.6289831398,0,798122.791281224,163999.83770191588,0,0,0.0,0,4.85758743485816,2.81887226263786,7901.207071016175,6978.051971690702,1.1322940991369261,2.0335291178481345,320.45473123198286,0.0,0.021739130434782608,0.0,3.9073170154058543,33.88235294117647,0.8961748633879781,2823.415697823504,34,0.16752290725708008
ring,100,1500000.0,4,1,exclude,launch,0,0.0,prior,0.0,rr_sweep,12600.0,43200,973550.158618753,0,808392.797105577,165157.36151317606,0,0,0.0,0,4.85758743485816,2.8074829995522785,7901.207071016175,6987.797506514175,1.1307149446804232,2.038931074283949,323.81333313384016,0.0,0.0,0.0,1.9882539268422337,8.32089552238806,0.8907103825136612,2947.221479950643,134,0.17001819610595703
paper,100,3000000.0,10,12,exclude,launch,0,0.0,prior,0.0,rr_sweep,12600.0,43200,720415.7962160687,0,557009.5853887219,163406.21082734666,0,1,0.20310716831636766,1,8.884528408312832,10.383792959998845,8671.083820102498,3834.3871487793667,2.2614001882576824,2.0092686416450087,305.58695730238827,0.0,0.0,0.0,1.397224349519764,4.6894409937888195,0.8277027027027027,1449.6621179600097,483,0.27364039421081543
ring,100,1500000.0,3,1,exclude,launch,0,0.0,prior,0.0,rr_sweep,12600.0,43200,764459.8694711915,0,655824.3532257188,108635.51624547281,0,0,0.0,0,4.85758743485816,2.9178520708938573,7901.207071016175,6751.885566211853,1.170222302130803,2.030353450929727,318.48847015283945,0.0,0.0,0.0,2.6130874292027113,18.115384615384617,0.9081081081081082,2329.295349758389,78,0.18462824821472168
paper,100,3000000.0,11,12,exclude,launch,0,0.0,prior,0.0,rr_sweep,12600.0,43200,1046968.3034766298,0,866412.5378262966,180555.76565033308,0,3,0.44968181328204604,4,8.884528408312832,9.390340491789695,8671.083820102498,4237.13492733543,2.046449775333307,2.0106494208768657,306.4236755756232,0.0,0.0,0.0,1.3170824338106415,3.8805704099821745,0.8220720720720721,1508.30418042499,561,0.2822573184967041
paper,100,3000000.0,13,10,exclude,launch,0,0.0,prior,0.0,rr_sweep,12600.0,43200,1863841.5984921223,0,1652233.029725347,211608.5687667753,0,7,0.7957175086353784,10,10.481077449244555,10.785996112516985,7299.469724120093,3690.8645272039644,1.977712720236266,2.009562985639743,305.7652265921494,0.0,0.0,0.0,1.1028668924729363,3.5750315258511978,0.8432017543859649,1149.4500549586828,793,0.6658027172088623
ring,100,1500000.0,6,2,exclude,launch,0,0.0,prior,0.0,rr_sweep,12600.0,43200,11031704.938385913,0,10232439.601456312,799265.3369296016,0,65,0.9695983854548746,84,4.889237330012543,2.944179794828535,7847.90175510476,6400.746127452787,1.2260917085033456,2.1225848556609823,378.05902744781656,0.0,0.0,0.002512562814070352,1.3529692787726584,1.342281879194631,0.334841628959276,8245.756661602609,298,0.06261539459228516
paper,100,3000000.0,11,11,exclude,launch,0,0.0,prior,0.0,rr_sweep,12600.0,43200,1393312.6862735697,0,1232546.0353258378,160766.65094773192,0,6,0.749239650137375,7,9.118106410883096,12.863499570881396,8440.41818863996,3098.5436924532587,2.7239952140088413,2.0071194806949135,304.28689451855774,0.0,0.0,0.0,1.3076446328723332,4.907964601769912,0.8393839383938394,1189.1893977767745,565,0.5607929229736328
ring,100,1500000.0,2,2,exclude,launch,0,0.0,prior,0.0,rr_sweep,12600.0,43200,855118.8804673118,0,722007.4174240918,133111.46304321996,0,0,0.0,0,4.889237330012543,2.8781770872374075,7847.90175510476,6833.812401716756,1.1483929165414681,2.0336650602715323,320.5390370478451,0.0,0.043478260869565216,0.0,3.9344335049084935,37.294117647058826,0.9230769230769231,2591.989770694693,34,0.16912412643432617
paper,100,3000000.0,8,12,exclude,launch,0,0.0,prior,0.0,rr_sweep,12600.0,43200,683380.490287825,0,468877.3888205912,214503.10146723385,0,0,0.0,0,8.884528408312832,9.811072091624633,8671.083820102498,4057.727915945518,2.1369308144166173,2.0095119690642798,305.73432470521186,0.0,0.0,0.0,1.7764434063660943,6.666666666666667,0.8225446428571429,1627.3765948348455,303,0.3942742347717285
paper,100,3000000.0,9,12,exclude,launch,0,0.0,prior,0.0,rr_sweep,12600.0,43200,664478.1363545732,0,454334.28660988656,210143.84974468665,0,0,0.0,1,8.884528408312832,9.592863259361794,8671.083820102498,4148.626183508772,2.09010969813838,2.0101914852590523,306.1460510669671,0.0,0.0,0.0,1.5266779207841557,5.259445843828716,0.8215488215488216,1581.7221754380948,397,0.3922748565673828
ring,100,1500000.0,6,3,exclude,launch,0,0.0,prior,0.0,rr_sweep,12600.0,43200,10031947.847673982,0,9451896.038344003,580051.8093299785,0,64,0.9572616121223348,91,4.827164603858858,2.9002073517826648,7953.104624059671,6440.0642631609135,1.234941810993067,2.1416117510357013,390.9832170308401,0.0,0.0,0.0,1.3564928315088054,1.1993243243243243,0.3605769230769231,9238.15953961692,296,0.05750322341918945
ring,100,1500000.0,5,2,exclude,launch,0,0.0,prior,0.0,rr_sweep,12600.0,43200,2619978.126049948,0,2064342.4068825196,555635.7191674282,0,2,0.1367275822591725,2,4.889237330012543,2.7628053409294493,7847.90175510476,6914.029756320651,1.13506913214112,2.094008595905401,359.05644237447217,0.0,0.0,0.0,1.573090677366345,2.372093023255814,0.5746606334841629,6488.4734336343745,215,0.10561871528625488
paper,100,3000000.0,12,11,exclude,launch,0,0.0,prior,0.0,rr_sweep,12600.0,43200,1804956.1375231838,0,1635369.3381835145,169586.7993396692,0,9,0.8149342342638838,9,9.118106410883096,11.76098949150971,8440.41818863996,3387.3884656861696,2.49171840612329,2.0080805085063993,304.8678934891563,0.0,0.0,0.0,1.1656410856672041,3.9552023121387285,0.8443708609271523,1204.404872023144,692,0.6118066310882568
ring,100,1500000.0,4,3,exclude,launch,0,0.0,prior,0.0,rr_sweep,12600.0,43200,913207.4847626667,0,752361.4928086742,160845.99195399255,0,0,0.0,0,4.827164603858858,2.8482481025313486,7953.104624059671,6900.543506311398,1.1525330746463052,2.035161490330714,321.4677933191113,0.0,0.0,0.0,1.9720392550714771,8.540740740740741,0.8942307692307693,2858.419830644268,135,0.10613059997558594
ring,100,1500000.0,5,3,exclude,launch,0,0.0,prior,0.0,rr_sweep,12600.0,43200,2424751.4737363798,0,1901033.6665096132,523717.8072267664,0,2,0.10214775813589906,5,4.827164603858858,2.771270919847965,7953.104624059671,6939.757564014222,1.1460205274749238,2.079872476668036,349.83736975954747,0.0,0.0,0.0,1.5881604231886681,2.3962264150943398,0.6057692307692307,6488.973682153948,212,0.10501909255981445
paper,100,3000000.0,13,11,exclude,launch,0,0.0,prior,0.0,rr_sweep,12600.0,43200,1891823.776221795,0,1702522.2575695314,189301.51865226362,0,10,0.834699659814878,13,9.118106410883096,11.831364960012804,8440.41818863996,3367.492645646305,2.5064399768035828,2.0079295905050216,304.7766178246862,0.0,0.0,0.0,1.111648833314191,3.6068702290076335,0.8277777777777777,1158.5792034921724,786,0.62331223487854
ring,100,1500000.0,4,2,exclude,launch,0,0.0,prior,0.0,rr_sweep,12600.0,43200,877134.5156213897,0,735460.8642564431,141673.6513649466,0,0,0.0,0,4.889237330012543,2.888747156405384,7847.90175510476,6792.307856330992,1.1554101965195627,2.0386050635371573,323.61014340150695,0.0,0.0,0.0,1.9577101345411545,9.139705882352942,0.9049773755656109,2610.901884493931,136,0.19763684272766113
paper,100,3000000.0,15,10,exclude,launch,0,0.0,prior,0.0,rr_sweep,12600.0,43200,3077921.7810049006,0,2812440.6739935908,265481.1070113099,0,17,0.915502149503595,27,10.481077449244555,11.40175779955229,7299.469724120093,3493.9496255471026,2.0891742888185174,2.00817490882641,304.92499403614204,0.0,0.0,0.0,1.0033874545249026,3.1928429423459246,0.8306010928961749,1023.137380705784,1006,0.7658185958862305
ring,100,1500000.0,3,2,exclude,launch,0,0.0,prior,0.0,rr_sweep,12600.0,43200,760010.4276485483,0,628595.2909047212,131415.13674382705,0,0,0.0,0,4.889237330012543,2.8971018709524805,7847.90175510476,6797.677254172355,1.1544975528645152,2.0311204733407617,318.9628291627431,0.0,0.02912621359223301,0.0,2.6275797646409504,19.42105263157895,0.9234234234234234,2236.054182660029,76,0.21613764762878418
paper,100,3000000.0,14,10,exclude,launch,0,0.0,prior,0.0,rr_sweep,12600.0,43200,2652298.645902641,0,2448152.5093667856,204146.13653585577,0,13,0.893301564367859,16,10.481077449244555,11.041176885450954,7299.469724120093,3607.2569697663575,2.023551353646114,2.0086188693550118,305.1936070856947,0.0,0.0,0.0,1.0599287541525344,3.625,0.8516902944383861,1018.0006156503598,888,0.7718231678009033
ring,100,1500000.0,2,3,exclude,launch,0,0.0,prior,0.0,rr_sweep,12600.0,43200,850631.8331009024,0,720431.2006576336,130200.6324432688,0,0,0.0,0,4.827164603858858,2.885317621707762,7953.104624059671,6828.5206909974795,1.1646892473423722,2.0302042541673395,318.39624159134524,0.0,0.021739130434782608,0.0,3.9301449385568965,36.5,0.8952380952380953,2640.232858490752,34,0.1766364574432373
ring,100,1500000.0,3,4,exclude,launch,0,0.0,prior,0.0,rr_sweep,12600.0,43200,771974.2601559925,0,652852.9086302596,119121.35152573296,0,0,0.0,0,4.803136565354838,2.8429860611562554,7994.558130032741,6932.642799831192,1.153176120689127,2.0294877624032015,317.95351588138533,0.0,0.0,0.0,2.638616230460607,17.61842105263158,0.92018779342723,2451.9462859560945,76,0.11752057075500488
ring,100,1500000.0,5,4,exclude,launch,0,0.0,prior,0.0,rr_sweep,12600.0,43200,2973437.726155555,0,2349881.2619831907,623556.4641723643,0,6,0.32493042957927437,9,4.803136565354838,2.7508322344948586,7994.558130032741,6962.905166406108,1.1481641554740747,2.0883601927968067,355.35837277941056,0.0,0.0,0.007042253521126761,1.575402362367371,2.4460093896713615,0.5598086124401914,6322.610806101404,213,0.10652041435241699
ring,100,1500000.0,6,5,exclude,launch,0,0.0,prior,0.0,rr_sweep,12600.0,43200,10117916.802759675,0,9438955.044629563,678961.7581301121,0,60,0.9448406856243096,89,4.796428451629647,2.8993345788258678,8006.205221945124,6406.390186776467,1.2497217603871305,2.153516828812414,399.1803223060345,0.0,0.0,0.0,1.3510448311085632,1.0369127516778522,0.336322869955157,10665.008890035022,298,0.0590062141418457
ring,100,1500000.0,6,4,exclude,launch,0,0.0,prior,0.0,rr_sweep,12600.0,43200,10222885.223793795,0,9552468.043160222,670417.1806335713,0,65,0.9649329773763329,86,4.803136565354838,2.9164268183701085,7994.558130032741,6401.1134118016,1.2489324303008507,2.14266061248468,391.7019825971595,0.0,0.0,0.0,1.3473528084156072,1.2533333333333334,0.33014354066985646,8767.05698798148,300,0.10802006721496582
ring,100,1500000.0,2,4,exclude,launch,0,0.0,prior,0.0,rr_sweep,12600.0,43200,893682.8916382783,0,747038.3445606356,146644.54707764258,0,0,0.0,0,4.803136565354838,2.8390866955142973,7994.558130032741,6934.683580536789,1.1528367570325264,2.0316771078569946,319.30729646285204,0.0,0.021739130434782608,0.0,3.9363373453528743,35.05882352941177,0.892018779342723,2755.31051262854,34,0.16503024101257324
paper,100,3000000.0,14,12,exclude,launch,0,0.0,prior,0.0,rr_sweep,12600.0,43200,3789948.8254023534,0,3291836.0423681075,498112.7830342461,0,20,0.9244005591480321,26,8.884528408312832,10.749029702628116,8671.083820102498,3706.242430265592,2.339588945745549,2.0081072325277223,304.8840576824108,0.0,0.0,0.0008628127696289905,1.08407681573517,3.189873417721519,0.7483069977426636,1184.7361728532971,869,0.39417028427124023
ring,100,1500000.0,3,3,exclude,launch,0,0.0,prior,0.0,rr_sweep,12600.0,43200,702856.7988437773,0,607676.2780072156,95180.52083656166,0,0,0.0,0,4.827164603858858,2.9084000212193155,7953.104624059671,6782.344210317644,1.1726188434908695,2.0278042331596713,316.91446251028196,0.0,0.009708737864077669,0.0,2.634152265579892,19.06578947368421,0.919431279620853,2270.109751924074,76,0.20014524459838867
ring,100,1500000.0,3,5,exclude,launch,0,0.0,prior,0.0,rr_sweep,12600.0,43200,660368.6092689792,0,567603.0304052937,92765.57886368548,0,0,0.0,0,4.796428451629647,2.9806445057291246,8006.205221945124,6617.220974168691,1.2099044679327682,2.0280290508459555,317.05311881497084,0.0,0.0,0.0,2.6215877777103436,19.94736842105263,0.911504424778761,2172.5132224654626,76,0.13052940368652344
ring,100,1500000.0,4,4,exclude,launch,0,0.0,prior,0.0,rr_sweep,12600.0,43200,1007792.605320537,0,800754.0149481748,207038.59037236214,0,0,0.0,0,4.803136565354838,2.809268039029784,7994.558130032741,6983.2963154901645,1.1448115286615324,2.0389489045998976,323.82444791079826,0.0,0.0,0.0,1.9516762563193801,7.985401459854015,0.8820754716981132,2990.9869980783224,137,0.1640324592590332
ring,100,1500000.0,6,7,exclude,launch,0,0.0,prior,0.0,rr_sweep,12600.0,43200,9917951.872603817,0,9288045.181532353,629906.6910714629,0,63,0.9616709310137984,90,5.015469727232141,2.9292869083251283,7641.991446879142,6418.54861826892,1.1906105104708522,2.1274592268862498,381.34929248728207,0.0,0.0,0.0025252525252525255,1.358304361059326,1.2567567567567568,0.32158590308370044,8835.523698266632,296,0.06301760673522949
ring,100,1500000.0,2,5,exclude,launch,0,0.0,prior,0.0,rr_sweep,12600.0,43200,799693.9726665288,0,681119.5838089547,118574.38885757394,0,0,0.0,0,4.796428451629647,2.89920353858342,8006.205221945124,6792.024973762631,1.1787655747546324,2.0313371499575714,319.0968950647817,0.0,0.043478260869565216,0.0,3.919924672069949,37.11764705882353,0.8928571428571429,2585.248675982208,34,0.16703462600708008
ring,100,1500000.0,5,5,exclude,launch,0,0.0,prior,0.0,rr_sweep,12600.0,43200,1853811.929114891,0,1511296.781024529,342515.1480903624,0,4,0.23723210508465017,4,4.796428451629647,2.828506690017714,8006.205221945124,6829.737740764635,1.172256611576534,2.070612129680522,343.8630996657189,0.0,0.0,0.0,1.585766711389692,3.384976525821596,0.7276785714285714,4562.399675919297,213,0.13552403450012207
ring,100,1500000.0,5,6,exclude,launch,0,0.0,prior,0.0,rr_sweep,12600.0,43200,2744945.4584525893,0,2106831.8833927256,638113.5750598634,0,1,0.06319494949293501,5,4.911996387275881,2.743679428403532,7809.995131568775,6952.9185299435885,1.123268609855571,2.0968119531271294,360.8989381567645,0.0,0.0,0.0,1.5708160904927824,2.102803738317757,0.5180180180180181,7280.667706716394,214,0.09451770782470703
paper,100,3000000.0,12,12,exclude,launch,0,0.0,prior,0.0,rr_sweep,12600.0,43200,1567602.040073328,0,1335288.7434556494,232313.2966176787,0,5,0.661344473480019,6,8.884528408312832,9.390089049249319,8671.083820102498,4237.278433338496,2.0463804672072645,2.010635163438696,306.41503007362803,0.0,0.0,0.0,1.2546032028125114,3.5147744945567654,0.8156108597285068,1454.8169456319872,643,0.5167951583862305
ring,100,1500000.0,6,8,exclude,launch,0,0.0,prior,0.0,rr_sweep,12600.0,43200,9487125.30008364,0,8879732.929961277,607392.3701223616,0,60,0.9512696020984776,89,4.857512498705388,2.9224097001644798,7901.334104096977,6407.9838690503275,1.2330452550386908,2.135981469912824,387.13616999559,0.0,0.0,0.0025188916876574307,1.3573851480511057,1.25,0.32044198895027626,8852.653248831035,296,0.06100606918334961
ring,100,1500000.0,2,6,exclude,launch,0,0.0,prior,0.0,rr_sweep,12600.0,43200,951475.1585990769,0,775109.4569799784,176365.70161909852,0,0,0.0,0,4.911996387275881,2.8505730178773847,7809.995131568775,6904.819384405891,1.1310933272501187,2.032242355083167,319.65728388829297,0.0,0.043478260869565216,0.0,3.9220610806351766,34.411764705882355,0.9103139013452914,2786.8621638068485,34,0.15702533721923828
ring,100,1500000.0,6,6,exclude,launch,0,0.0,prior,0.0,rr_sweep,12600.0,43200,11121966.493419724,0,10325909.644875253,796056.8485444722,0,69,0.9752018103896694,91,4.911996387275881,2.9385902115946485,7809.995131568775,6421.321321211575,1.2162598226894499,2.1198081680851804,376.19109999308637,0.0,0.0,0.0,1.3534277691935757,1.2424242424242424,0.3183856502242152,8931.26178446738,297,0.11501693725585938
ring,100,1500000.0,4,5,exclude,launch,0,0.0,prior,0.0,rr_sweep,12600.0,43200,806603.484791578,0,688526.9939828451,118076.4908087329,0,0,0.0,0,4.796428451629647,2.8698014322183374,8006.205221945124,6847.771460442672,1.169169454353777,2.035442721949719,321.6424891315928,0.0,0.0,0.0,1.9765478471534683,9.029411764705882,0.9017857142857143,2703.574234915613,136,0.1880345344543457
ring,100,1500000.0,4,7,exclude,launch,0,0.0,prior,0.0,rr_sweep,12600.0,43200,722292.3425245064,0,609282.2074797051,113010.13504480127,0,0,0.0,0,5.015469727232141,2.903515871691191,7641.991446879142,6767.69317184321,1.129187043921173,2.035612580087749,321.7480248108012,0.0,0.0,0.0,1.9807914638855293,10.402985074626866,0.8956521739130435,2352.712408365934,134,0.12351799011230469
ring,100,1500000.0,5,7,exclude,launch,0,0.0,prior,0.0,rr_sweep,12600.0,43200,1795950.6915024407,0,1374855.789350042,421094.90215239854,0,0,0.0,0,5.015469727232141,2.796791899325794,7641.991446879142,6875.17604655825,1.1115339294773061,2.080252320003985,350.08352246219744,0.0,0.0,0.0,1.5850767409402646,2.8720379146919433,0.6710526315789473,5421.018839866614,211,0.1190178394317627
paper,100,3000000.0,14,11,exclude,launch,0,0.0,prior,0.0,rr_sweep,12600.0,43200,2554080.9537517857,0,2303677.5167493443,250403.43700244158,0,15,0.9020416316317302,22,9.118106410883096,12.10027121283511,8440.41818863996,3293.5286529493915,2.5627280276069473,2.0073977652273784,304.45507721553474,0.0,0.0,0.0,1.0449683620461558,3.3995560488346284,0.8133333333333334,1073.988205706774,901,0.7343251705169678
ring,100,1500000.0,3,6,exclude,launch,0,0.0,prior,0.0,rr_sweep,12600.0,43200,766661.5592437463,0,649632.0027321752,117029.55651157125,0,0,0.0,0,4.911996387275881,2.8972831249446562,7809.995131568775,6802.503991979896,1.1481059240504237,2.0295523088007705,317.99338696709935,0.0,0.00980392156862745,0.0,2.638585168201791,18.253333333333334,0.9237668161434978,2363.9825743978863,75,0.19252228736877441
ring,100,1500000.0,4,8,exclude,launch,0,0.0,prior,0.0,rr_sweep,12600.0,43200,755481.4712888418,0,649951.5127593243,105529.9585295174,0,0,0.0,0,4.857512498705388,2.860161884951865,7901.334104096977,6866.49268461248,1.1507088796298484,2.0367344758108583,322.44551200044447,0.0,0.0,0.0,1.9791070609270098,10.022058823529411,0.9230769230769231,2424.9416020800763,136,0.12101125717163086
ring,100,1500000.0,4,6,exclude,launch,0,0.0,prior,0.0,rr_sweep,12600.0,43200,983277.3757260855,0,795971.4102279145,187305.96549817093,0,0,0.0,0,4.911996387275881,2.8303318997740914,7809.995131568775,6939.590917300335,1.1254258679857527,2.0365203549387783,322.3123338607234,0.0,0.0,0.0,2.000205208382586,8.325925925925926,0.9013452914798207,2940.896324931997,135,0.18552756309509277
ring,100,1500000.0,5,8,exclude,launch,0,0.0,prior,0.0,rr_sweep,12600.0,43200,1781284.1842127962,0,1439959.6570595696,341324.5271532267,0,1,0.08844849366394048,3,4.857512498705388,2.8159691695541116,7901.334104096977,6831.999357298581,1.1565185666558988,2.0791426095298475,349.3646315108667,0.0,0.0,0.0,1.5791069104660471,3.0985915492957745,0.6813186813186813,4999.354267170747,213,0.12851834297180176
paper,100,3000000.0,13,12,exclude,launch,0,0.0,prior,0.0,rr_sweep,12600.0,43200,2460550.775238588,0,2116440.73546658,344110.0397720081,0,11,0.809457788454912,17,8.884528408312832,9.654904509374413,8671.083820102498,4119.773812425361,2.104747545593462,2.011261922398213,306.7952027077588,0.0,0.0,0.0,1.1344498989287053,2.8678756476683938,0.7861205915813424,1480.4244575550256,772,0.554189920425415
ring,100,1500000.0,6,9,exclude,launch,0,0.0,prior,0.0,rr_sweep,12600.0,43200,9968378.219710343,0,9325997.01502388,642381.2046864631,0,62,0.9548305763961857,89,4.806060742643757,2.907124516870035,7989.491146408152,6423.545702928146,1.2437820972872002,2.14201022281972,391.2562047074241,0.0,0.0,0.0025252525252525255,1.354036508797012,1.2033898305084745,0.3522727272727273,9181.542685178792,295,0.10101008415222168
ring,100,1500000.0,3,9,exclude,launch,0,0.0,prior,0.0,rr_sweep,12600.0,43200,769293.6893401825,0,659674.3779135204,109619.3114266619,0,0,0.0,0,4.806060742643757,2.8683961539355796,7989.491146408152,6872.732091985053,1.1624912828663085,2.0290439069858373,317.6794087514029,0.0,0.0,0.0,2.6440216478049208,17.773333333333333,0.943502824858757,2416.942576422632,75,0.11800932884216309
ring,100,1500000.0,5,9,exclude,launch,0,0.0,prior,0.0,rr_sweep,12600.0,43200,2514373.7679351014,0,2011740.6767290717,502633.09120602993,0,5,0.259334230241872,7,4.806060742643757,2.785590164671618,7989.491146408152,6896.68816475769,1.15845329751673,2.0821028625338345,351.28398153117547,0.0,0.0,0.0,1.5777489981531194,2.688679245283019,0.601123595505618,5779.867458577643,212,0.10900998115539551
ring,100,1500000.0,2,7,exclude,launch,0,0.0,prior,0.0,rr_sweep,12600.0,43200,779800.431052706,0,636991.1410406036,142809.29001210237,0,0,0.0,0,5.015469727232141,2.8594968064016455,7641.991446879142,6881.796475298756,1.110464611138821,2.0326778325929853,319.9270517786837,0.0,0.021739130434782608,0.0,3.930634566113618,40.3235294117647,0.8908296943231441,2385.543448818403,34,0.1955273151397705
ring,100,1500000.0,2,8,exclude,launch,0,0.0,prior,0.0,rr_sweep,12600.0,43200,786785.1642602546,0,653733.5440264732,133051.62023378143,0,0,0.0,0,4.857512498705388,2.922518116458278,7901.334104096977,6735.692164554366,1.1730545148242726,2.0319852380498027,319.4980594658123,0.0,0.021739130434782608,0.0,3.9234757243982985,40.11764705882353,0.9175824175824175,2388.836125518532,34,0.18602871894836426
ring,100,1500000.0,2,9,exclude,launch,0,0.0,prior,0.0,rr_sweep,12600.0,43200,896584.2016858425,0,758067.9891392491,138516.21254659328,0,0,0.0,0,4.806060742643757,2.8399274676743635,7989.491146408152,6932.270316745127,1.1525071558605084,2.031782680113908,319.3726496949116,0.0,0.021739130434782608,0.0,3.9312303868470266,34.88235294117647,0.9157303370786517,2763.940673259205,34,0.15601563453674316
ring,100,1500000.0,6,10,exclude,launch,0,0.0,prior,0.0,rr_sweep,12600.0,43200,9571029.623545373,0,8779623.767038574,791405.8565067986,0,57,0.9405403938304406,89,4.810047486139929,2.90405320218394,7982.5928847049145,6410.4855744400265,1.245239973167277,2.1486441521454367,395.81501647737264,0.0,0.0,0.0,1.3548495962447653,1.167785234899329,0.3474178403755869,9487.923435552411,298,0.09950995445251465
ring,100,1500000.0,5,10,exclude,launch,0,0.0,prior,0.0,rr_sweep,12600.0,43200,3193895.8322051303,0,2553111.1119255982,640784.7202795317,0,5,0.23622817653935813,11,4.810047486139929,2.7345986661752124,7982.5928847049145,6970.014027629058,1.1452764446473143,2.0986148495267405,362.08637628019875,0.0,0.0,0.0,1.5695795651036013,2.0046728971962615,0.460093896713615,7676.495665460055,214,0.10150980949401855
ring,100,1500000.0,3,10,exclude,launch,0,0.0,prior,0.0,rr_sweep,12600.0,43200,831878.125642665,0,689070.687669247,142807.43797341795,0,0,0.0,0,4.810047486139929,2.8733893125829177,7982.5928847049145,6857.574821733401,1.1640547995781314,2.0299949822531698,318.26689904001205,0.0,0.009708737864077669,0.0,2.614512484847164,16.710526315789473,0.9061032863849765,2547.062898925572,76,0.10550904273986816
ring,100,1500000.0,6,11,exclude,launch,0,0.0,prior,0.0,rr_sweep,12600.0,43200,10896391.086454598,0,10141949.298040168,754441.78841443,0,62,0.9452231862887638,93,4.8192721668644065,2.899064787044379,7966.675177293168,6417.737139138062,1.2413526768974426,2.149909334665744,396.6874433854241,0.0,0.0,0.005037783375314861,1.353946885723431,1.0574324324324325,0.3173076923076923,10472.652234653684,296,0.05800676345825195
ring,100,1500000.0,2,11,exclude,launch,0,0.0,prior,0.0,rr_sweep,12600.0,43200,940051.9557668084,0,787870.7359564246,152181.21981038366,0,0,0.0,0,4.8192721668644065,2.8898425034363373,7966.675177293168,6818.388870384275,1.1684102107898955,2.03003745296967,318.2931463560734,0.0,0.043478260869565216,0.0,3.9484341669387804,35.73529411764706,0.8857142857142857,2722.7079668287042,34,0.1005098819732666
ring,100,1500000.0,3,7,exclude,launch,0,0.0,prior,0.0,rr_sweep,12600.0,43200,630091.1268198421,0,541044.23350026,89046.89331958217,0,0,0.0,0,5.015469727232141,2.9265704734968034,7641.991446879142,6734.99148864597,1.1346698002161126,2.0293826984771597,317.8886219772358,0.0,0.00980392156862745,0.0,2.6473396101950795,21.133333333333333,0.9126637554585153,2050.7372650249818,75,0.23502779006958008
ring,100,1500000.0,4,9,exclude,launch,0,0.0,prior,0.0,rr_sweep,12600.0,43200,911015.4347741572,0,777579.8845522115,133435.5502219457,0,0,0.0,0,4.806060742643757,2.8529331008734102,7989.491146408152,6884.602187369965,1.1604869720817195,2.0365240956989137,322.3146602893353,0.0,0.0,0.0,1.9690138668830817,8.294117647058824,0.9204545454545454,2889.443210213725,136,0.16651296615600586
ring,100,1500000.0,6,12,exclude,launch,0,0.0,prior,0.0,rr_sweep,12600.0,43200,10052202.43694333,0,9374602.750461644,677599.6864816853,0,63,0.9624819780541776,88,4.795621096983025,2.9162079638029756,8007.609203841761,6403.046221621494,1.250593690359763,2.142174586654536,391.3688359198379,0.0,0.0,0.010050251256281407,1.3499791633340295,1.3187919463087248,0.3523809523809524,8378.926124983547,298,0.06750345230102539
ring,100,1500000.0,4,10,exclude,launch,0,0.0,prior,0.0,rr_sweep,12600.0,43200,1076809.849018086,0,853958.2626010111,222851.5864170751,0,0,0.0,0,4.810047486139929,2.8164250346308832,7982.5928847049145,6969.113692226897,1.14542440218882,2.037906458957986,323.17494526401157,0.0,0.0,0.0,1.9767424146371801,7.6838235294117645,0.8755760368663594,3178.202387347352,136,0.1580195426940918
ring,100,1500000.0,2,10,exclude,launch,0,0.0,prior,0.0,rr_sweep,12600.0,43200,1013016.2011478584,0,796049.7571804053,216966.44396745303,0,0,0.0,0,4.810047486139929,2.890390265346599,7982.5928847049145,6811.165715098034,1.171986297002028,2.031805158841548,319.3865657436097,0.0,0.021739130434782608,0.0,3.92730135424198,33.11764705882353,0.8617511520737328,2902.4079479741836,34,0.1670210361480713
ring,100,1500000.0,3,8,exclude,launch,0,0.0,prior,0.0,rr_sweep,12600.0,43200,632695.2633614191,0,561172.8095355467,71522.45382587228,0,0,0.0,0,4.857512498705388,2.914989559032177,7901.334104096977,6761.746435538489,1.1685345168474561,2.0293834160567137,317.8890651757768,0.0,0.019417475728155338,0.0,2.635705344785309,20.75,0.907608695652174,2079.4893582076993,76,0.2370290756225586
ring,100,1500000.0,5,11,exclude,launch,0,0.0,prior,0.0,rr_sweep,12600.0,43200,2147509.085937304,0,1682512.158991154,464996.92694615,0,2,0.11078575348892132,4,4.8192721668644065,2.8135016532854302,7966.675177293168,6857.899672816113,1.1616785834403656,2.073106862646891,345.4675015979561,0.0,0.0,0.0,1.5837088831242288,2.943661971830986,0.6490384615384616,5260.016775643484,213,0.11951589584350586
ring,100,1500000.0,5,12,exclude,launch,0,0.0,prior,0.0,rr_sweep,12600.0,43200,2326824.6650110185,0,1837049.3980427494,489775.26696826884,0,3,0.13523342494035717,4,4.795621096983025,2.774097560344219,8007.609203841761,6905.932526955681,1.1595261280914553,2.0879299791565797,355.0774918642906,0.0,0.0,0.007017543859649123,1.5765235668946531,2.568075117370892,0.6161137440758294,6031.121552093618,213,0.11101031303405762
ring,100,1500000.0,3,11,exclude,launch,0,0.0,prior,0.0,rr_sweep,12600.0,43200,809982.3587876783,0,686110.1459774456,123872.21281023257,0,0,0.0,0,4.8192721668644065,2.890303977021856,7966.675177293168,6824.695526235424,1.1673304906669841,2.0278376871931236,316.93509336435284,0.0,0.019417475728155338,0.0,2.634394530767471,18.19736842105263,0.9138755980861244,2380.0348830189923,76,0.19151973724365234
ring,100,1500000.0,4,11,exclude,launch,0,0.0,prior,0.0,rr_sweep,12600.0,43200,972279.6781006831,0,797095.5595151023,175184.11858558087,0,0,0.0,0,4.8192721668644065,2.8962029882511535,7966.675177293168,6788.366943855639,1.1735775692715098,2.0345374296927705,321.08030803059717,0.0,0.0,0.0,1.9537197573975156,8.661764705882353,0.8653846153846154,2769.3148658167365,136,0.19751667976379395
ring,100,1500000.0,2,12,exclude,launch,0,0.0,prior,0.0,rr_sweep,12600.0,43200,804488.6239722836,0,687159.3741962439,117329.24977603956,0,0,0.0,0,4.795621096983025,2.8637781208855415,8007.609203841761,6870.630837742728,1.1654838388133477,2.0329374213822398,320.0879149475372,0.0,0.0425531914893617,0.0,3.9086530553702366,37.48571428571429,0.908256880733945,2555.71967588236,35,0.18901300430297852
ring,100,3000000.0,12,1,exclude,launch,0,0.0,prior,0.0,rr_sweep,12600.0,43200,9284513.122116925,0,8794930.082275867,489583.03984105785,0,52,0.9690583773984011,92,9.71517486971632,5.839500133247374,7901.207071016175,6459.853299574019,1.2231248458130162,2.120760660869549,376.8313376858247,0.0,0.0,0.0012610340479192938,1.3577261225875203,1.2495784148397977,0.44808743169398907,4456.462419903228,593,0.13601398468017578
ring,100,1500000.0,3,12,exclude,launch,0,0.0,prior,0.0,rr_sweep,12600.0,43200,702399.1162986301,0,611674.6342446852,90724.48205394483,0,0,0.0,0,4.795621096983025,2.8779580621571705,8007.609203841761,6845.665376525585,1.169734242532594,2.030298359539308,318.4544129008166,0.0,0.019417475728155338,0.0,2.6333929390180826,19.19736842105263,0.8930232558139535,2260.439755751434,76,0.20252156257629395
ring,100,1500000.0,4,12,exclude,launch,0,0.0,prior,0.0,rr_sweep,12600.0,43200,831637.8475339104,0,712885.2784798179,118752.56905409247,0,0,0.0,0,4.795621096983025,2.8191192216818934,8007.609203841761,6960.68120281867,1.150405968973144,2.0384253186465884,323.4981427218806,0.0,0.005494505494505495,0.0,1.9807799779143633,9.088888888888889,0.892018779342723,2705.961991170692,135,0.2010211944580078
ring,100,3000000.0,11,1,exclude,launch,0,0.0,prior,0.0,rr_sweep,12600.0,43200,3500732.938189527,0,3299202.4279806716,201530.51020885585,0,19,0.8431580973909765,27,9.71517486971632,5.798765099292606,7901.207071016175,6679.932055122099,1.1828274607909546,2.0652965783925996,340.45703998049424,0.0,0.0,0.0029455081001472753,1.454460310018742,2.3491124260355027,0.7595628415300546,2763.47975372284,507,0.16802024841308594
ring,100,3000000.0,10,1,exclude,launch,0,0.0,prior,0.0,rr_sweep,12600.0,43200,712097.2715071165,0,623532.2514034996,88565.0201036168,0,0,0.0,7,9.71517486971632,5.6230269272002245,7901.207071016175,6967.65036537872,1.1339844361703577,2.0418953211162973,325.66375804920966,0.0,0.0,0.0,1.6072437922761857,3.4523809523809526,0.912568306010929,2275.9405294568382,420,0.18052101135253906
ring,100,3000000.0,6,2,exclude,launch,0,0.0,prior,0.0,rr_sweep,12600.0,43200,362312.2588717247,0,330224.37964124535,32087.87923047938,0,0,0.0,0,9.778474660025086,6.002370046450011,7847.90175510476,6609.247410337342,1.1874123130615555,2.0165788652716765,310.02977679511474,0.0,0.013824884792626729,0.013824884792626729,2.459536012164766,18.12962962962963,0.9547511312217195,1120.052750184908,162,0.26554036140441895
ring,100,3000000.0,4,1,exclude,launch,0,0.0,prior,0.0,rr_sweep,12600.0,43200,511229.6171756041,0,456899.6189864493,54329.99818915477,0,0,0.0,0,9.71517486971632,5.865771646448255,7901.207071016175,6761.447826397648,1.1685673355592194,2.017089338142969,310.34121652923085,0.0,0.030303030303030304,0.0,3.721917473977146,30.15277777777778,0.9315789473684211,1550.63432797831,72,0.3335435390472412
ring,100,3000000.0,11,2,exclude,launch,0,0.0,prior,0.0,rr_sweep,12600.0,43200,3751154.798406053,0,3449272.015424928,301882.78298112494,0,21,0.8192133312604105,30,9.778474660025086,5.740010349670045,7847.90175510476,6706.060293503713,1.1702700858068888,2.0783077529886125,348.82428304660505,0.0,0.0,0.0,1.4488955052173809,1.9803921568627452,0.7104072398190046,3267.6002605941744,510,0.24204015731811523
ring,100,3000000.0,4,2,exclude,launch,0,0.0,prior,0.0,rr_sweep,12600.0,43200,525010.8678716633,0,467163.1897318461,57847.67813981712,0,0,0.0,0,9.778474660025086,5.910173609292195,7847.90175510476,6709.325831839241,1.1697004962648234,2.017487558579456,310.58427955919456,0.0,0.12121212121212122,0.020202020202020204,3.694582752274886,29.694444444444443,0.9411764705882353,1532.8503581707776,72,0.3245537281036377
ring,100,3000000.0,10,3,exclude,launch,0,0.0,prior,0.0,rr_sweep,12600.0,43200,890798.1944956023,0,780508.5277301983,110289.66676540392,0,1,0.2407952400313782,5,9.654329207717716,5.6341072844654425,7953.104624059671,6961.04488034202,1.1425159240847915,2.0398134008695132,324.363572588347,0.0,0.0,0.0,1.5997933527557533,3.5357142857142856,0.9326923076923077,2221.5794760559443,420,0.18303775787353516
ring,100,3000000.0,12,2,exclude,launch,0,0.0,prior,0.0,rr_sweep,12600.0,43200,10553162.134996602,0,9804033.422114173,749128.7128824289,0,63,0.9879712940869003,84,9.778474660025086,6.016028063081019,7847.90175510476,6427.559860761385,1.220976844263124,2.068873818004584,342.74737164470895,0.0,0.0,0.0037926675094816687,1.3581328112702522,1.758037225042301,0.3302752293577982,3147.9198061350558,591,0.26254796981811523
ring,100,3000000.0,10,2,exclude,launch,0,0.0,prior,0.0,rr_sweep,12600.0,43200,662678.1018293645,0,583563.4194444298,79114.68238493473,0,0,0.0,2,9.778474660025086,5.655804548109341,7847.90175510476,6920.589807903909,1.1339931960917233,2.0438663115227635,326.89706289964175,0.0,0.0,0.0,1.592367757823853,3.713270142180095,0.9049773755656109,2115.492011547311,422,0.3065478801727295
ring,100,3000000.0,5,1,exclude,launch,0,0.0,prior,0.0,rr_sweep,12600.0,43200,419754.0723013025,0,381416.4269994278,38337.64530187468,0,0,0.0,0,9.71517486971632,5.930505322145066,7901.207071016175,6691.5236287230355,1.1807784757869841,2.015919896145406,309.6279706152277,0.0,0.019736842105263157,0.013157894736842105,3.0055023252198274,23.035714285714285,0.956989247311828,1268.3140579076762,112,0.39555788040161133
ring,100,3000000.0,9,1,exclude,launch,0,0.0,prior,0.0,rr_sweep,12600.0,43200,489132.77220050566,0,442984.9868751482,46147.785325357465,0,0,0.0,0,9.71517486971632,5.733988369501266,7901.207071016175,6886.815443546737,1.1472947308933579,2.0258847468226993,315.7318541290422,0.0,0.0,0.0,1.7467512600111175,5.884726224783861,0.9508196721311475,1620.3669468145602,347,0.38855838775634766
ring,100,3000000.0,6,1,exclude,launch,0,0.0,prior,0.0,rr_sweep,12600.0,43200,354074.2728907268,0,332390.30347877706,21683.969411949674,0,0,0.0,0,9.71517486971632,5.522750586297386,7901.207071016175,7179.594824712876,1.1005087701912424,2.017597916376028,310.6516558238501,0.0,0.0,0.0,2.486829936982312,16.666666666666668,0.9405405405405406,1234.6172154497742,162,0.41905760765075684
ring,100,3000000.0,6,3,exclude,launch,0,0.0,prior,0.0,rr_sweep,12600.0,43200,355725.07787836995,0,323319.3552371384,32405.722641231536,0,0,0.0,0,9.654329207717716,5.935443107983869,7953.104624059671,6689.418160712987,1.1889082776688003,2.014876796564552,308.9924736615381,0.0,0.027649769585253458,0.013824884792626729,2.48773869939216,17.900621118012424,0.9428571428571428,1152.8513270051062,161,0.2605443000793457
ring,100,3000000.0,5,2,exclude,launch,0,0.0,prior,0.0,rr_sweep,12600.0,43200,425307.7186527381,0,381987.7534101697,43319.9652425684,0,0,0.0,0,9.778474660025086,6.012826375973204,7847.90175510476,6596.89145683975,1.1896363319678307,2.0168425029435584,310.19060273775614,0.0,0.03225806451612903,0.03225806451612903,2.8904200313358293,22.74137931034483,0.9342105263157895,1284.6125726949324,116,0.3745548725128174
ring,100,3000000.0,9,3,exclude,launch,0,0.0,prior,0.0,rr_sweep,12600.0,43200,418140.25336291455,0,382106.2030729516,36034.05028996298,0,0,0.0,0,9.654329207717716,5.785981376149177,7953.104624059671,6840.050436255038,1.162726020542918,2.021406470342262,312.98135329711147,0.0,0.0,0.0,1.7798296549228967,6.855457227138643,0.9473684210526315,1413.1487949841903,339,0.24503731727600098
ring,100,3000000.0,8,1,exclude,launch,0,0.0,prior,0.0,rr_sweep,12600.0,43200,374349.02693880687,0,343748.2366855199,30600.79025328694,0,0,0.0,0,9.71517486971632,5.787317719321832,7901.207071016175,6847.718334866967,1.1538452203539231,2.018676713363655,311.31067390481337,0.0,0.0,0.0,1.9886492276859673,9.814814814814815,0.9672131147540983,1252.2739714101817,270,0.42705845832824707
ring,100,3000000.0,7,1,exclude,launch,0,0.0,prior,0.0,rr_sweep,12600.0,43200,321474.1428517398,0,299503.94293860206,21970.199913137705,0,0,0.0,0,9.71517486971632,5.821565102077183,7901.207071016175,6815.155889964633,1.1593582301838115,2.0163895319880183,309.91430422044704,0.0,0.0,0.0,2.241934557682129,14.282296650717702,0.9508196721311475,1100.5226764480437,209,0.44956064224243164
ring,100,3000000.0,4,3,exclude,launch,0,0.0,prior,0.0,rr_sweep,12600.0,43200,492967.63094577397,0,437072.0196050649,55895.61134070911,0,0,0.0,0,9.654329207717716,5.785039072398154,7953.104624059671,6859.7284902211095,1.1593905845394936,2.0159361089012338,309.63785321081394,0.0,0.0707070707070707,0.0,3.7100673861174407,30.602739726027398,0.9386792452830188,1519.8344457221976,73,0.33005666732788086
ring,100,3000000.0,11,3,exclude,launch,0,0.0,prior,0.0,rr_sweep,12600.0,43200,3477679.922479897,0,3266846.843422225,210833.07905767203,0,21,0.8423799598612808,32,9.654329207717716,5.783370266418551,7953.104624059671,6714.47731884428,1.184471142934561,2.060140206202021,337.16917704181895,0.0,0.0,0.0,1.459188164138077,2.3195266272189348,0.7451923076923077,2809.7167520676535,507,0.16752314567565918
ring,100,3000000.0,9,2,exclude,launch,0,0.0,prior,0.0,rr_sweep,12600.0,43200,458572.28612170514,0,407779.1244782626,50793.161643442494,0,0,0.0,0,9.778474660025086,5.720884256044952,7847.90175510476,6903.9824566919415,1.1367209873915438,2.02547620985066,315.48043709090246,0.0,0.002178649237472767,0.0,1.7676249838555036,6.625730994152047,0.9366515837104072,1447.0614277210875,342,0.42255520820617676
ring,100,3000000.0,7,2,exclude,launch,0,0.0,prior,0.0,rr_sweep,12600.0,43200,326962.83444838884,0,300252.61755914317,26710.21688924565,0,0,0.0,0,9.778474660025086,5.842710498778555,7847.90175510476,6787.577975326611,1.1562153368451178,2.0172549382054576,310.4422827910169,0.0,0.0,0.0,2.199318238307242,14.261682242990654,0.9457013574660633,1077.998664600175,214,0.4475595951080322
ring,100,3000000.0,5,3,exclude,launch,0,0.0,prior,0.0,rr_sweep,12600.0,43200,417976.4382164224,0,374345.9692535298,43630.468962892584,0,0,0.0,0,9.654329207717716,5.847894151766927,7953.104624059671,6790.497857486378,1.171210828863092,2.0146001747085647,308.8240543555949,0.0,0.02666666666666667,0.02,3.04654485703038,22.78181818181818,0.9712918660287081,1293.447104930372,110,0.38807034492492676
ring,100,3000000.0,8,2,exclude,launch,0,0.0,prior,0.0,rr_sweep,12600.0,43200,343326.24961279886,0,318245.5981935926,25080.65141920628,0,0,0.0,0,9.778474660025086,5.752890720593228,7847.90175510476,6886.853885084227,1.1395481719311633,2.0192169987503146,311.6409871624797,0.0,0.002777777777777778,0.0,1.9944373340413297,10.794776119402986,0.9276018099547512,1143.901256336933,268,0.49358177185058594
ring,100,3000000.0,12,4,exclude,launch,0,0.0,prior,0.0,rr_sweep,12600.0,43200,9303214.745397588,0,8721885.993248098,581328.7521494913,0,61,0.9800464221901409,86,9.606273130709676,5.9486557021642525,7994.558130032741,6436.672112836449,1.2420328377593524,2.089343118410814,356.0005288886988,0.0,0.0,0.0025157232704402514,1.3534560023885005,1.4444444444444444,0.3923444976076555,3829.5065226646793,594,0.14853453636169434
ring,100,3000000.0,12,3,exclude,launch,0,0.0,prior,0.0,rr_sweep,12600.0,43200,9066357.40588412,0,8595731.607863393,470625.79802072706,0,59,0.975552705106854,91,9.654329207717716,5.881939296959917,7953.104624059671,6466.060537414716,1.2299768271639953,2.1034378403950313,365.2725202846954,0.0,0.0,0.0012610340479192938,1.3575382082168987,1.3535353535353536,0.4492753623188406,4096.62249894345,594,0.2485485076904297
ring,100,3000000.0,7,3,exclude,launch,0,0.0,prior,0.0,rr_sweep,12600.0,43200,319736.7064940872,0,295064.53513572994,24672.17135835725,0,0,0.0,0,9.654329207717716,5.760822146955082,7953.104624059671,6891.3336925439435,1.1540733592199297,2.0151261536352765,309.1443323383054,0.0,0.0,0.0,2.262339641405515,14.285714285714286,0.9571428571428572,1103.5674840319573,210,0.452070951461792
ring,100,3000000.0,6,4,exclude,launch,0,0.0,prior,0.0,rr_sweep,12600.0,43200,362801.0575954899,0,328348.37394314754,34452.68365234233,0,0,0.0,0,9.606273130709676,5.814795810845979,7994.558130032741,6826.387444826274,1.171125752039144,2.0154154534201236,309.3205629133186,0.0,0.0047169811320754715,0.014150943396226415,2.533558421132674,17.61783439490446,0.9521531100478469,1175.8221705478047,157,0.25553297996520996
ring,100,3000000.0,4,4,exclude,launch,0,0.0,prior,0.0,rr_sweep,12600.0,43200,552591.0365358001,0,460561.06889059395,92029.9676452061,0,0,0.0,0,9.606273130709676,5.733958187781295,7994.558130032741,6918.567639468961,1.1555221465821166,2.0165977304284843,310.04128365370366,0.0,0.04040404040404041,0.0,3.6851130650974904,28.63888888888889,0.9345794392523364,1540.8029528181826,72,0.29354405403137207
ring,100,3000000.0,8,3,exclude,launch,0,0.0,prior,0.0,rr_sweep,12600.0,43200,354919.8840450981,0,328131.2531203937,26788.63092470437,0,0,0.0,0,9.654329207717716,5.718791357140408,7953.104624059671,6932.259410070217,1.1472601000052756,2.017952451664277,310.86815815479366,0.0,0.0,0.0,1.9771486884940048,9.985294117647058,0.9712918660287081,1222.5629921030263,272,0.4675712585449219
ring,100,3000000.0,5,5,exclude,launch,0,0.0,prior,0.0,rr_sweep,12600.0,43200,394140.9677507496,0,356571.7961211447,37569.17162960488,0,0,0.0,0,9.592856903259294,5.724877862800443,8006.205221945124,6932.0825917287575,1.154949485382357,2.0158584473334042,309.5905155055904,0.0,0.01948051948051948,0.0,2.917033529012713,22.26086956521739,0.9330357142857143,1288.9449348624012,115,0.2295362949371338
ring,100,3000000.0,11,4,exclude,launch,0,0.0,prior,0.0,rr_sweep,12600.0,43200,4619523.479566615,0,4291062.6467619715,328460.8328046436,0,26,0.8955682670108821,38,9.606273130709676,5.76644410806999,7994.558130032741,6732.541276338949,1.1874502957938131,2.0606435562641447,337.4894260333958,0.0,0.0,0.0,1.4605405420205093,2.2351778656126484,0.7211538461538461,2896.04036075949,506,0.2605431079864502
ring,100,3000000.0,10,4,exclude,launch,0,0.0,prior,0.0,rr_sweep,12600.0,43200,1102886.3083080936,0,959400.5086045028,143485.7997035907,0,2,0.3046705344494995,9,9.606273130709676,5.524609600384447,7994.558130032741,7068.579708148519,1.1309992190958493,2.0485955904330075,329.8658136826642,0.0,0.0,0.0,1.59631181255947,3.066350710900474,0.8952380952380953,2561.954218228414,422,0.279543399810791
ring,100,3000000.0,4,5,exclude,launch,0,0.0,prior,0.0,rr_sweep,12600.0,43200,498879.0292522236,0,436056.1078371036,62822.921415120014,0,0,0.0,0,9.592856903259294,5.89575624913445,8006.205221945124,6728.812571689178,1.189839237851631,2.016564119749927,310.0207828688831,0.0,0.10784313725490197,0.00980392156862745,3.5963695848100214,28.8,0.9473684210526315,1576.6761858220123,75,0.2975471019744873
ring,100,3000000.0,9,5,exclude,launch,0,0.0,prior,0.0,rr_sweep,12600.0,43200,431392.5466151153,0,392174.06316765357,39218.48344746176,0,0,0.0,0,9.592856903259294,5.6830829648817724,8006.205221945124,6948.35674563611,1.1522444104461667,2.025927421293896,315.758122128823,0.0,0.002150537634408602,0.0,1.7417110032003142,6.247126436781609,0.9375,1519.3401139833327,348,0.23303818702697754
ring,100,3000000.0,5,4,exclude,launch,0,0.0,prior,0.0,rr_sweep,12600.0,43200,413813.68892763375,0,370377.401713481,43436.287214152704,0,0,0.0,0,9.606273130709676,5.812129866487359,7994.558130032741,6828.329037388761,1.1707927497720527,2.015766563271173,309.5345133179191,0.0,0.006666666666666667,0.02,2.951116275229952,22.54054054054054,0.9392523364485982,1337.2041853768055,111,0.3960604667663574
ring,100,3000000.0,9,4,exclude,launch,0,0.0,prior,0.0,rr_sweep,12600.0,43200,463185.8165190092,0,412353.6450942664,50832.171424742744,0,0,0.0,0,9.606273130709676,5.689332897069668,7994.558130032741,6945.888459856627,1.1509770386087887,2.0244210100004807,314.8315217191213,0.0,0.0,0.0,1.7645082531577831,6.236151603498542,0.9428571428571428,1543.1774635424313,343,0.39756274223327637
ring,100,3000000.0,12,5,exclude,launch,0,0.0,prior,0.0,rr_sweep,12600.0,43200,8699271.741002478,0,8108886.098823815,590385.6421786633,0,52,0.9701639709401725,89,9.592856903259294,5.848032514749571,8006.205221945124,6453.525820769375,1.2405939705360383,2.1197427392924126,376.14714065942263,0.0,0.0,0.0,1.356497691153089,1.2978003384094754,0.43946188340807174,4281.3644874525935,591,0.2445378303527832
ring,100,3000000.0,11,5,exclude,launch,0,0.0,prior,0.0,rr_sweep,12600.0,43200,3431233.065465795,0,3127286.6364492653,303946.42901652964,0,18,0.8420535888731244,26,9.592856903259294,5.818927620504047,8006.205221945124,6673.357213802897,1.1997267590269887,2.0601681050163627,337.1869232681957,0.0,0.0,0.0,1.4549054977799956,2.4063116370808677,0.7443946188340808,2708.732883021108,507,0.2750511169433594
ring,100,3000000.0,7,4,exclude,launch,0,0.0,prior,0.0,rr_sweep,12600.0,43200,323639.89181080926,0,296927.606860163,26712.284950646263,0,0,0.0,0,9.606273130709676,5.748309498503039,7994.558130032741,6905.147295162671,1.1577679357590598,2.0154725923600125,309.35537575030924,0.0,0.0,0.0,2.285247669404383,14.27536231884058,0.9392523364485982,1124.8617968366714,207,0.4185636043548584
ring,100,3000000.0,5,6,exclude,launch,0,0.0,prior,0.0,rr_sweep,12600.0,43200,415551.6309128963,0,375275.7631150901,40275.86779780624,0,0,0.0,0,9.823992774551762,5.802341653913029,7809.995131568775,6838.971533908169,1.141983863048149,2.0160249081727204,309.69198420821544,0.0,0.026143790849673203,0.006535947712418301,2.969471352950502,22.716814159292035,0.96875,1311.5702068502885,113,0.23202848434448242
ring,100,3000000.0,11,6,exclude,launch,0,0.0,prior,0.0,rr_sweep,12600.0,43200,4052012.8633029386,0,3716068.7923469325,335944.07095600595,0,20,0.807735388670032,34,9.823992774551762,5.693671114975438,7809.995131568775,6764.195272599481,1.154608170938772,2.0772151104570575,348.11771825910307,0.0,0.0,0.0,1.4578834155025837,1.8015717092337917,0.7623318385650224,3608.144419417422,509,0.1440260410308838
ring,100,3000000.0,8,4,exclude,launch,0,0.0,prior,0.0,rr_sweep,12600.0,43200,382770.437699034,0,346305.5829930274,36464.85470600658,0,0,0.0,0,9.606273130709676,5.729130804249779,7994.558130032741,6920.080979274666,1.1552694475651495,2.017855544333602,310.80897273919595,0.0,0.0,0.0,2.0038507035232156,9.670370370370371,0.9342723004694836,1275.0464619276981,270,0.42556262016296387
ring,100,3000000.0,10,5,exclude,launch,0,0.0,prior,0.0,rr_sweep,12600.0,43200,779286.2346075615,0,695753.4093594159,83532.82524814559,0,2,0.2692253065736399,4,9.592856903259294,5.710235742671229,8006.205221945124,6876.315524655229,1.164316150595278,2.0374180646137514,322.87087223608245,0.0,0.0,0.0,1.5949232951169876,3.9004739336492893,0.9237668161434978,2003.0597463868967,422,0.32355737686157227
ring,100,3000000.0,6,5,exclude,launch,0,0.0,prior,0.0,rr_sweep,12600.0,43200,343568.3900077932,0,314685.4484965418,28882.941511251443,0,0,0.0,0,9.592856903259294,5.957594985756884,8006.205221945124,6663.406704918345,1.2015183188556753,2.0152210465193527,309.202131988755,0.0,0.03225806451612903,0.018433179723502304,2.4843881877707292,17.8,0.9424778761061947,1174.1474426774491,160,0.43258047103881836
ring,100,3000000.0,4,6,exclude,launch,0,0.0,prior,0.0,rr_sweep,12600.0,43200,514054.19199031516,0,457854.41472574905,56199.7772645661,0,0,0.0,0,9.823992774551762,5.858839137559356,7809.995131568775,6770.071392954474,1.1536060224854552,2.0169037082438597,310.22794555203393,0.0,0.06,0.01,3.5974229549590166,28.28,0.9419642857142857,1560.1826541966789,75,0.3275461196899414
ring,100,3000000.0,8,6,exclude,launch,0,0.0,prior,0.0,rr_sweep,12600.0,43200,373908.8052665182,0,338954.10407587053,34954.70119064767,0,0,0.0,0,9.823992774551762,5.725412420471105,7809.995131568775,6922.716809830127,1.1281690911404507,2.0183972465315185,311.1398855228935,0.0,0.0,0.0,1.995680486326146,9.981412639405205,0.9641255605381166,1240.6994838605665,269,0.26254725456237793
ring,100,3000000.0,7,5,exclude,launch,0,0.0,prior,0.0,rr_sweep,12600.0,43200,301564.85758194176,0,279647.8471880387,21917.010393903052,0,0,0.0,0,9.592856903259294,5.8368261465850715,8006.205221945124,6799.931513195953,1.1773949791124037,2.0156201465260164,309.44528460885806,0.0,0.0,0.0,2.228374448748515,14.280373831775702,0.9380530973451328,1093.5725028286574,214,0.4395780563354492
ring,100,3000000.0,12,6,exclude,launch,0,0.0,prior,0.0,rr_sweep,12600.0,43200,10126926.129323138,0,9414094.012291051,712832.1170320867,0,64,0.9832392745988624,91,9.823992774551762,5.911529780132595,7809.995131568775,6453.340847042217,1.210225109239094,2.0970341421447225,361.0451727093622,0.0,0.0,0.0012578616352201257,1.3545143418505567,1.3333333333333333,0.3542600896860987,4161.313270735989,594,0.24503707885742188
ring,100,3000000.0,8,5,exclude,launch,0,0.0,prior,0.0,rr_sweep,12600.0,43200,341355.03338413837,0,312419.1795445395,28935.85383959887,0,0,0.0,0,9.592856903259294,5.769073251591511,8006.205221945124,6872.844875580997,1.1649041069428063,2.0176572482626614,310.6878824824596,0.0,0.002777777777777778,0.0,1.994227718397789,10.378277153558052,0.968609865470852,1184.9946853767171,267,0.4730715751647949
ring,100,3000000.0,10,6,exclude,launch,0,0.0,prior,0.0,rr_sweep,12600.0,43200,707196.7429422695,0,601178.2862949693,106018.45664730025,0,0,0.0,5,9.823992774551762,5.62279631398644,7809.995131568775,6970.212699541218,1.1204816076965387,2.041228411248935,325.2469813175944,0.0,0.0,0.0,1.605997971284161,3.539379474940334,0.9282511210762332,2230.3461867911033,419,0.31404972076416016
ring,100,3000000.0,4,8,exclude,launch,0,0.0,prior,0.0,rr_sweep,12600.0,43200,516871.4913527421,0,458094.40677697986,58777.08457576223,0,0,0.0,0,9.715024997410776,5.811059977771381,7901.334104096977,6824.116714014723,1.1578544792280543,2.0173821926339777,310.51995776661585,0.0,0.13,0.01,3.5677160054926067,28.66216216216216,0.9037433155080213,1557.2256685659545,74,0.1861400604248047
ring,100,3000000.0,9,6,exclude,launch,0,0.0,prior,0.0,rr_sweep,12600.0,43200,490267.68930164963,0,436548.5650481368,53719.1242535128,0,0,0.0,0,9.823992774551762,5.718382268510698,7809.995131568775,6908.5270658927875,1.1304862899251724,2.0250294308377974,315.2056002250977,0.0,0.0,0.0,1.7551774191511795,6.005830903790088,0.9461883408071748,1604.4716187179374,343,0.35716795921325684
ring,100,3000000.0,7,7,exclude,launch,0,0.0,prior,0.0,rr_sweep,12600.0,43200,302094.4981454085,0,276394.0735579722,25700.4245874363,0,0,0.0,0,10.030939454464281,5.977450615066091,7641.991446879142,6636.895661545354,1.1514406488499411,2.016550024975853,310.0121859835221,0.0,0.0,0.017421602787456445,2.1644277430324834,14.912037037037036,0.9385964912280702,1012.0610966549829,216,0.3046565055847168
ring,100,3000000.0,11,7,exclude,launch,0,0.0,prior,0.0,rr_sweep,12600.0,43200,3106154.1980528953,0,2815246.5453549093,290907.65269798617,0,16,0.7484445728443316,32,10.030939454464281,5.707413932907034,7641.991446879142,6732.383995721277,1.135109264672954,2.082004850559483,351.22034899027443,0.0,0.0,0.0014705882352941176,1.453921872477768,1.8722986247544204,0.7074235807860262,3473.6399252993147,509,0.23614072799682617
ring,100,3000000.0,6,6,exclude,launch,0,0.0,prior,0.0,rr_sweep,12600.0,43200,365746.73269092425,0,332375.19574136764,33371.53694955662,0,0,0.0,0,9.823992774551762,5.899392608422305,7809.995131568775,6729.331320240767,1.160590073500697,2.01516576218886,309.1684574161466,0.0,0.02843601895734597,0.018957345971563982,2.564702376785924,18.076433121019107,0.9642857142857143,1180.2464051445154,157,0.45566892623901367
ring,100,3000000.0,12,7,exclude,launch,0,0.0,prior,0.0,rr_sweep,12600.0,43200,9074684.341339188,0,8519443.404144654,555240.9371945349,0,59,0.9791215039637838,90,10.030939454464281,5.920961343873003,7641.991446879142,6443.504939886645,1.1859991601113882,2.096889743648634,360.9501329164696,0.0,0.0,0.0,1.3563182727048284,1.4155405405405406,0.35964912280701755,3935.3835293779143,592,0.23663973808288574
ring,100,3000000.0,5,8,exclude,launch,0,0.0,prior,0.0,rr_sweep,12600.0,43200,410287.9220931222,0,370402.7334434984,39885.18864962381,0,0,0.0,0,9.715024997410776,5.877106157153962,7901.334104096977,6752.494143457336,1.1701356471005284,2.0158686708977944,309.59674695349554,0.0,0.04516129032258064,0.025806451612903226,2.958557372681862,22.903508771929825,0.9351351351351351,1267.402682515088,114,0.23214006423950195
ring,100,3000000.0,7,6,exclude,launch,0,0.0,prior,0.0,rr_sweep,12600.0,43200,323815.495926296,0,297809.20900994696,26006.286916349036,0,0,0.0,0,9.823992774551762,5.845491101684083,7809.995131568775,6789.130327585945,1.1503675367424895,2.0158343324138226,309.57581727319103,0.0,0.007142857142857143,0.0,2.243374906382888,14.285714285714286,0.9594594594594594,1081.7092927523381,210,0.4296720027923584
ring,100,3000000.0,5,7,exclude,launch,0,0.0,prior,0.0,rr_sweep,12600.0,43200,397611.5408304982,0,359220.830647676,38390.710182822215,0,0,0.0,0,10.030939454464281,5.849629717700512,7641.991446879142,6783.8741714946955,1.126493689843215,2.0159688950940824,309.65783873960703,0.0,0.05161290322580645,0.012903225806451613,2.964947336290943,23.017391304347825,0.9356223175965666,1277.5830704431457,115,0.4101710319519043
ring,100,3000000.0,10,8,exclude,launch,0,0.0,prior,0.0,rr_sweep,12600.0,43200,589218.2551617402,0,526500.6828081742,62717.57235356603,0,0,0.0,3,9.715024997410776,5.693021933476221,7901.334104096977,6892.160266515394,1.1464234432394897,2.038880452902915,323.78177862712977,0.0,0.0,0.0,1.5993875251818226,4.016666666666667,0.9166666666666666,1940.7399044152517,420,0.19613385200500488
ring,100,3000000.0,11,8,exclude,launch,0,0.0,prior,0.0,rr_sweep,12600.0,43200,2443447.451746365,0,2234135.708441431,209311.7433049343,0,10,0.6729459008760571,23,9.715024997410776,5.707113132825603,7901.334104096977,6739.208943725282,1.1724423697314983,2.080005980937914,349.9238756584995,0.0,0.0,0.0,1.4600802855073718,2.039525691699605,0.8166666666666667,3173.2380480761635,506,0.22963500022888184
ring,100,3000000.0,10,7,exclude,launch,0,0.0,prior,0.0,rr_sweep,12600.0,43200,548575.447768118,0,491324.6318349911,57250.815933126876,0,0,0.0,0,10.030939454464281,5.734110802732463,7641.991446879142,6850.2761006232595,1.1155742242540925,2.036647320361695,322.39130004392484,0.0,0.0,0.0,1.6047438635423334,4.188095238095238,0.9035087719298246,1878.6575626720366,420,0.3536527156829834
ring,100,3000000.0,6,7,exclude,launch,0,0.0,prior,0.0,rr_sweep,12600.0,43200,341160.08841830445,0,307942.9522829194,33217.13613538515,0,0,0.0,0,10.030939454464281,5.919724280514453,7641.991446879142,6702.265053965151,1.1402102700128274,2.016354592902813,309.89299755439265,0.0,0.013452914798206279,0.013452914798206279,2.4351701627632436,17.84431137724551,0.9313304721030042,1126.5186158509466,167,0.4421706199645996
ring,100,3000000.0,12,9,exclude,launch,0,0.0,prior,0.0,rr_sweep,12600.0,43200,8534114.015891097,0,8024626.418778514,509487.59711258544,0,54,0.9645956051578741,89,9.612121485287513,5.832606597086948,7989.491146408152,6451.349471568277,1.2384216948126303,2.1260659586596824,380.4073629756448,0.0,0.0,0.0,1.3536980422276648,1.2134453781512604,0.43820224719101125,4575.355883427729,595,0.1345233917236328
ring,100,3000000.0,12,8,exclude,launch,0,0.0,prior,0.0,rr_sweep,12600.0,43200,8529145.10877223,0,8023932.363842105,505212.7449301246,0,56,0.977419118470432,89,9.715024997410776,5.938452400003297,7901.334104096977,6424.205480894667,1.229931721143608,2.0969944628202892,361.01905543751246,0.0,0.0,0.0,1.353258556033809,1.6291946308724832,0.3701657458563536,3403.8220018363854,596,0.27664637565612793
ring,100,3000000.0,6,9,exclude,launch,0,0.0,prior,0.0,rr_sweep,12600.0,43200,365526.36600771797,0,338388.58184236655,27137.78416535142,0,0,0.0,0,9.612121485287513,5.822764484934489,7989.491146408152,6818.1847437072865,1.1717915320176533,2.015078633042674,309.1153893779353,0.0,0.0,0.004761904761904762,2.5779222917645397,17.73076923076923,0.9662921348314607,1173.1287178690466,156,0.2490231990814209
ring,100,3000000.0,6,8,exclude,launch,0,0.0,prior,0.0,rr_sweep,12600.0,43200,345116.6762000188,0,318535.57850722224,26581.09769279659,0,0,0.0,0,9.715024997410776,6.0139249678120805,7901.334104096977,6600.629652733943,1.1970576323463762,2.015332068386228,309.26976272803677,0.0,0.027906976744186046,0.009302325581395349,2.5048934761610577,18.47826086956522,0.967032967032967,1113.4573225232557,161,0.4396638870239258
ring,100,3000000.0,9,7,exclude,launch,0,0.0,prior,0.0,rr_sweep,12600.0,43200,360497.34930580884,0,332348.91453634336,28148.434769465428,0,0,0.0,0,10.030939454464281,5.82223595903437,7641.991446879142,6793.050890311574,1.1249719117780126,2.022717894846324,313.7855677316689,0.0,0.0,0.0,1.771482838978401,7.616959064327485,0.9344978165938864,1269.8574234343782,342,0.4671666622161865
ring,100,3000000.0,4,9,exclude,launch,0,0.0,prior,0.0,rr_sweep,12600.0,43200,504637.8314426251,0,452686.3698725189,51951.46157010621,0,0,0.0,0,9.612121485287513,5.842206504991562,7989.491146408152,6790.527084738542,1.176564211688992,2.016552797677152,310.01387713957337,0.0,0.07,0.01,3.6660274472504732,29.28767123287671,0.9293478260869565,1561.6090222521307,73,0.330155611038208
ring,100,3000000.0,8,9,exclude,launch,0,0.0,prior,0.0,rr_sweep,12600.0,43200,372635.930680709,0,344142.9275279955,28493.00315271354,0,0,0.0,0,9.612121485287513,5.767447978119464,7989.491146408152,6874.855563103463,1.162132218353329,2.0176355563234933,310.6746376481477,0.0,0.0,0.0,2.000020873906987,9.98134328358209,0.9661016949152542,1226.7733451937893,268,0.2630336284637451
ring,100,3000000.0,8,7,exclude,launch,0,0.0,prior,0.0,rr_sweep,12600.0,43200,280787.8748276814,0,259455.53633159684,21332.338496084572,0,0,0.0,0,10.030939454464281,5.909300328920479,7641.991446879142,6712.361689455819,1.1384951825351786,2.0168731029318003,310.20927223984415,0.0,0.0,0.0,2.0137688662258806,12.43939393939394,0.9647577092511013,989.2377968965861,264,0.5391807556152344
ring,100,3000000.0,11,9,exclude,launch,0,0.0,prior,0.0,rr_sweep,12600.0,43200,3321084.382090121,0,3111063.3916431097,210020.99044701128,0,18,0.8259216460467971,31,9.612121485287513,5.772060574535929,7989.491146408152,6728.94969642607,1.187331085362637,2.059737259487799,336.91291774401316,0.0,0.0,0.0014858841010401188,1.468104246725256,2.356573705179283,0.797752808988764,2790.532720135107,502,0.27103352546691895
ring,100,3000000.0,10,9,exclude,launch,0,0.0,prior,0.0,rr_sweep,12600.0,43200,804774.2686163541,0,709391.1231584287,95383.14545792529,0,1,0.11500402104587094,7,9.612121485287513,5.592865631468566,7989.491146408152,6992.981868391176,1.1425013387380962,2.045470400297328,327.9025073693566,0.0,0.0,0.0,1.5909686948161241,3.297423887587822,0.9213483146067416,2349.1760837984534,427,0.2870364189147949
ring,100,3000000.0,10,10,exclude,launch,0,0.0,prior,0.0,rr_sweep,12600.0,43200,1072130.4401725892,0,920980.3999274821,151150.04024510703,0,1,0.1900221869589991,11,9.620094972279858,5.533136139930833,7982.5928847049145,7056.41281013237,1.131253669462568,2.04896552563789,330.09860219303243,0.0,0.0,0.0,1.5975077879524777,2.8285714285714287,0.8826291079812206,2757.237729903547,420,0.15201401710510254
ring,100,3000000.0,7,8,exclude,launch,0,0.0,prior,0.0,rr_sweep,12600.0,43200,300193.9008410514,0,281419.1869453976,18774.71389565388,0,0,0.0,0,9.715024997410776,5.829874339339839,7901.334104096977,6803.08955414069,1.1614332049014175,2.017086883179199,310.33971838055345,0.0,0.0,0.003401360544217687,2.1578612371966996,14.465753424657533,0.9728260869565217,1054.5684099185287,219,0.5056746006011963
ring,100,3000000.0,6,10,exclude,launch,0,0.0,prior,0.0,rr_sweep,12600.0,43200,372159.13746814744,0,336111.8020467178,36047.3354214297,0,0,0.0,0,9.620094972279858,5.610831573036082,7982.5928847049145,7071.982514020688,1.1287630970352203,2.016144134355086,309.7646705352739,0.0,0.0047169811320754715,0.0,2.5518011758391603,16.981012658227847,0.9269406392694064,1244.1749855561723,158,0.24653124809265137
ring,100,3000000.0,5,9,exclude,launch,0,0.0,prior,0.0,rr_sweep,12600.0,43200,427642.17907455424,0,382588.7099087609,45053.469165793336,0,0,0.0,0,9.612121485287513,5.696643438847687,7989.491146408152,6966.150452318411,1.1469018938213087,2.0159423102641787,309.6416333354749,0.0,0.07096774193548387,0.0,2.946474416244299,21.869565217391305,0.9608938547486033,1332.6946093920978,115,0.3851616382598877
ring,100,3000000.0,4,10,exclude,launch,0,0.0,prior,0.0,rr_sweep,12600.0,43200,508606.7675471136,0,451252.8312415356,57353.93630557799,0,0,0.0,0,9.620094972279858,5.886408371242566,7982.5928847049145,6738.442990245978,1.1846346249808548,2.016879912027734,310.21342664565964,0.0,0.08,0.02,3.6165485538458677,28.826666666666668,0.9318181818181818,1548.9959679316469,75,0.2965385913848877
ring,100,3000000.0,8,8,exclude,launch,0,0.0,prior,0.0,rr_sweep,12600.0,43200,309299.09086668707,0,287185.1113507804,22113.97951590666,0,0,0.0,0,9.715024997410776,5.836493093025126,7901.334104096977,6792.395004929651,1.1632618683634421,2.017971726694931,310.879930905078,0.0,0.0,0.0,1.9796288632964614,11.356617647058824,0.9510869565217391,1078.6285570971813,272,0.4966731071472168
ring,100,3000000.0,9,8,exclude,launch,0,0.0,prior,0.0,rr_sweep,12600.0,43200,371798.1972368539,0,341000.5336331684,30797.66360368552,0,0,0.0,0,9.715024997410776,5.798135698762347,7901.334104096977,6821.676537799702,1.1582686543864646,2.0226022637998478,313.7146169785719,0.0,0.002188183807439825,0.0,1.776572889131437,7.6382352941176475,0.967032967032967,1265.633927448852,340,0.4816727638244629
ring,100,3000000.0,12,10,exclude,launch,0,0.0,prior,0.0,rr_sweep,12600.0,43200,8303637.696171197,0,7675119.385650156,628518.310521041,0,51,0.9623220614227407,89,9.620094972279858,5.847954837725072,7982.5928847049145,6438.040852760834,1.2399102564379858,2.1248694315664576,379.59937142179353,0.0,0.0,0.0,1.3530783222492462,1.319327731092437,0.49065420560747663,4207.478865127588,595,0.1440272331237793
ring,100,3000000.0,9,9,exclude,launch,0,0.0,prior,0.0,rr_sweep,12600.0,43200,464827.1642250874,0,421394.23696043104,43432.92726465637,0,0,0.0,0,9.612121485287513,5.633403686552951,7989.491146408152,7016.301614697127,1.1387040616487287,2.0240016548850477,314.57381676219495,0.0,0.0,0.0,1.7908120036218675,6.22189349112426,0.9606741573033708,1579.9466719512582,338,0.3731420040130615
ring,100,3000000.0,7,9,exclude,launch,0,0.0,prior,0.0,rr_sweep,12600.0,43200,320969.0170034641,0,301027.0475143537,19941.969489110445,0,0,0.0,0,9.612121485287513,5.730810642226883,7989.491146408152,6925.58229605197,1.1536201296694835,2.0156616544794757,309.4705789139959,0.0,0.0036231884057971015,0.0,2.275029655469278,14.262135922330097,0.9717514124293786,1115.7794785479973,206,0.43914270401000977
ring,100,3000000.0,11,10,exclude,launch,0,0.0,prior,0.0,rr_sweep,12600.0,43200,3920047.729168221,0,3562366.0279397685,357681.70122845226,0,24,0.839663325534958,41,9.620094972279858,5.741672358334997,7982.5928847049145,6734.162511422211,1.185387621870599,2.069035717391814,342.85120951782926,0.0,0.0,0.0,1.4561461376113745,1.9409448818897639,0.7023255813953488,3353.955094606363,508,0.25762200355529785
ring,100,3000000.0,5,10,exclude,launch,0,0.0,prior,0.0,rr_sweep,12600.0,43200,449846.4354209008,0,390686.1423861136,59160.293034787224,0,0,0.0,0,9.620094972279858,5.701312930761652,7982.5928847049145,6961.59307387003,1.1466618057104132,2.0156098597829457,309.4390161865002,0.0,0.03333333333333333,0.0,3.0565601602704784,22.20909090909091,0.9178082191780822,1355.5034088337004,110,0.3726344108581543
ring,100,3000000.0,11,11,exclude,launch,0,0.0,prior,0.0,rr_sweep,12600.0,43200,3033071.6157076573,0,2787517.5161858215,245554.09952183563,0,15,0.7306065237792353,35,9.638544333728813,5.734241245339243,7966.675177293168,6740.992667547261,1.181825225184806,2.0696179006556443,343.22473602089633,0.0,0.0,0.0,1.4608580881819955,2.019723865877712,0.7788461538461539,3232.508956826578,507,0.15511393547058105
ring,100,3000000.0,9,10,exclude,launch,0,0.0,prior,0.0,rr_sweep,12600.0,43200,558125.6682720687,0,481451.9784314911,76673.68984057757,0,0,0.0,0,9.620094972279858,5.6587599534635835,7982.5928847049145,6973.417381641185,1.1447174961476667,2.027323505041425,316.6180752031797,0.0,0.0,0.0,1.7349317708014074,5.251428571428572,0.9259259259259259,1801.9790010320517,350,0.33763575553894043
ring,100,3000000.0,4,12,exclude,launch,0,0.0,prior,0.0,rr_sweep,12600.0,43200,520938.5724040047,0,449444.5377379648,71494.03466603985,0,0,0.0,0,9.59124219396605,5.845853492966474,8007.609203841761,6783.806093792766,1.1804006619777627,2.017291387166626,310.46452992101945,0.0,0.06,0.02,3.649868366550376,29.54054054054054,0.9495412844036697,1524.8192013858063,74,0.1891176700592041
ring,100,3000000.0,7,10,exclude,launch,0,0.0,prior,0.0,rr_sweep,12600.0,43200,377390.22003847064,0,336763.05386064696,40627.16617782369,0,0,0.0,0,9.620094972279858,5.690952900223603,7982.5928847049145,6973.288808333137,1.1447386024175064,2.015892379910934,309.61119826833016,0.0,0.0,0.0,2.304426308657758,13.22549019607843,0.9444444444444444,1229.7935796178617,204,0.42115068435668945
ring,100,3000000.0,12,11,exclude,launch,0,0.0,prior,0.0,rr_sweep,12600.0,43200,9581258.795381607,0,8995442.988335406,585815.8070462014,0,56,0.9591351572534287,93,9.638544333728813,5.854878237034405,7966.675177293168,6439.856588167814,1.2370889115653032,2.1217583669890594,377.5025501729883,0.0,0.0,0.0,1.3519720394752073,1.1949579831932773,0.39903846153846156,4641.422753782901,595,0.22812652587890625
ring,100,3000000.0,8,10,exclude,launch,0,0.0,prior,0.0,rr_sweep,12600.0,43200,427705.08949242195,0,382992.1444374794,44712.94505494257,0,0,0.0,0,9.620094972279858,5.704678448935876,7982.5928847049145,6947.671704117014,1.1489594247774593,2.0184571231069834,311.17647348220595,0.0,0.002777777777777778,0.0,1.9970278617680837,9.07865168539326,0.9483568075117371,1353.3145774682691,267,0.409651517868042
ring,100,3000000.0,4,11,exclude,launch,0,0.0,prior,0.0,rr_sweep,12600.0,43200,534243.2088003592,0,473852.77813283086,60390.43066752833,0,0,0.0,0,9.638544333728813,5.807255745429158,7966.675177293168,6833.098823439559,1.16589491578332,2.016050158283794,309.70737724455694,0.0,0.07,0.0,3.6726183640879206,30.37837837837838,0.9380952380952381,1498.7559363581584,74,0.3131394386291504
ring,100,3000000.0,7,11,exclude,launch,0,0.0,prior,0.0,rr_sweep,12600.0,43200,345391.98621074104,0,318503.95846558566,26888.02774515541,0,0,0.0,0,9.638544333728813,5.807890130905982,7966.675177293168,6836.18441962606,1.1653686747276117,2.0149200790021466,309.01883002851713,0.0,0.0035587188612099642,0.0,2.2568917995914815,14.285714285714286,0.9567307692307693,1089.3822685401688,210,0.2701301574707031
ring,100,3000000.0,10,11,exclude,launch,0,0.0,prior,0.0,rr_sweep,12600.0,43200,925673.5019325915,0,816053.8875216551,109619.61441093644,0,1,0.18688546789375868,4,9.638544333728813,5.688689949147679,7966.675177293168,6887.462446728936,1.1566923578765622,2.041824821529607,325.6196876265594,0.0,0.0,0.0,1.5725256434343715,3.313953488372093,0.8942307692307693,2315.253256161559,430,0.28865861892700195
ring,100,3000000.0,9,12,exclude,launch,0,0.0,prior,0.0,rr_sweep,12600.0,43200,435947.48155220534,0,392193.81328062393,43753.668271581366,0,0,0.0,0,9.59124219396605,5.694708460105548,8007.609203841761,6940.366408888477,1.1537732638418734,2.0241192375959045,314.6460638442052,0.0,0.0,0.0,1.7855084917901025,6.627218934911243,0.9339622641509434,1482.6316012200018,338,0.2491440773010254
core,100,1500000.0,2,1,exclude,launch,0,0.0,prior,0.0,rr_sweep,12600.0,43200,1010249.852928755,0,832237.3385842703,178012.51434448466,0,0,0.0,0,5.478029860560422,8.103054144260737,6968.561876837692,2438.3377028042087,2.8579149921782787,2.0244982070481496,314.87897287346186,0.0,0.20833333333333334,0.0,3.7877099266210954,32.77777777777778,0.8695652173913043,2812.384992078912,36,0.17005157470703125
core,100,1500000.0,3,1,exclude,launch,0,0.0,prior,0.0,rr_sweep,12600.0,43200,576045.5181514887,0,506921.3460922605,69124.17205922819,0,0,0.0,0,5.478029860560422,12.259376242046613,6968.561876837692,1618.2920057854824,4.306121424269972,2.0162051919274986,309.80189763012123,0.0,0.018867924528301886,0.0,2.5577922300996305,23.17721518987342,0.9351351351351351,1830.9407946220865,79,0.1570742130279541
ring,100,3000000.0,5,11,exclude,launch,0,0.0,prior,0.0,rr_sweep,12600.0,43200,449013.6180827796,0,398365.2390069785,50648.37907580109,0,0,0.0,0,9.638544333728813,5.882507799373413,7966.675177293168,6748.978056339309,1.180426889936333,2.015066853640131,309.1082152076627,0.0,0.026143790849673203,0.0196078431372549,2.9511407825336975,22.575221238938052,0.9523809523809523,1306.099014350772,113,0.40967369079589844
ring,100,3000000.0,9,11,exclude,launch,0,0.0,prior,0.0,rr_sweep,12600.0,43200,500886.4643077956,0,446422.19139479054,54464.27291300507,0,0,0.0,0,9.638544333728813,5.773750909050802,7966.675177293168,6851.042672252341,1.1628412722576218,2.0224382517873467,313.6139936153897,0.0,0.0,0.0,1.7590319101721457,6.260233918128655,0.9178743961352657,1524.7622252473693,342,0.3746821880340576
ring,100,3000000.0,11,12,exclude,launch,0,0.0,prior,0.0,rr_sweep,12600.0,43200,3212574.641828278,0,2921722.433511657,290852.2083166208,0,18,0.8064930830017564,30,9.59124219396605,5.767732665745849,8007.609203841761,6715.176273777359,1.1924644830413953,2.065510689725966,340.59390897609086,0.0,0.0,0.0014771048744460858,1.4610031839593747,2.272189349112426,0.7440758293838863,2871.0826839919628,507,0.26708245277404785
ring,100,3000000.0,10,12,exclude,launch,0,0.0,prior,0.0,rr_sweep,12600.0,43200,825643.795388778,0,732037.2402468082,93606.55514196971,0,1,0.18532758970647362,4,9.59124219396605,5.602825988821833,8007.609203841761,6990.150516131252,1.1455560485232053,2.0426611320893824,326.1426709109738,0.0,0.0,0.0,1.6056759965624998,3.533333333333333,0.8767772511848341,2224.564180530184,420,0.29958295822143555
core,100,1500000.0,3,2,exclude,launch,0,0.0,prior,0.0,rr_sweep,12600.0,43200,538477.285671874,0,475918.0550321183,62559.23063975564,0,0,0.0,0,6.024642709207431,12.575620805376584,6306.0645414764385,1577.266602178021,3.9980967914799566,2.0166264093796156,310.0587768744269,0.0,0.009615384615384616,0.0,2.5951750730683747,24.961038961038962,0.918552036199095,1714.0765659762455,77,0.15406489372253418
ring,100,3000000.0,12,12,exclude,launch,0,0.0,prior,0.0,rr_sweep,12600.0,43200,8737012.497706361,0,8150920.207294221,586092.2904121396,0,55,0.9736376537206582,88,9.59124219396605,5.885376494742944,8007.609203841761,6436.72088441369,1.2440510234383357,2.111791606242617,370.82417271346173,0.0,0.0,0.0012578616352201257,1.354019328302279,1.4494949494949494,0.41904761904761906,3835.4891709656263,594,0.28108906745910645
ring,100,3000000.0,5,12,exclude,launch,0,0.0,prior,0.0,rr_sweep,12600.0,43200,410251.60358979326,0,368018.4554786309,42233.14811116236,0,0,0.0,0,9.59124219396605,5.742328872462245,8007.609203841761,6909.695288401184,1.1588946935595794,2.016243728757023,309.8253948713933,0.0,0.026490066225165563,0.006622516556291391,2.9824616588127877,23.16216216216216,0.9209302325581395,1262.2873746401426,111,0.4246945381164551
ring,100,3000000.0,8,11,exclude,launch,0,0.0,prior,0.0,rr_sweep,12600.0,43200,413665.90428170713,0,367842.3575928228,45823.54668888427,0,0,0.0,0,9.638544333728813,5.855551590900569,7966.675177293168,6774.279470900221,1.1760180859846474,2.0167825077559565,310.1540004235476,0.0,0.0,0.0,1.97800584582195,9.951851851851853,0.937799043062201,1234.1373462095187,270,0.478710412979126
ring,100,3000000.0,6,11,exclude,launch,0,0.0,prior,0.0,rr_sweep,12600.0,43200,384804.8128329989,0,342627.13918998995,42177.673643008966,0,0,0.0,0,9.638544333728813,5.917324411201213,7966.675177293168,6714.089111128106,1.1865608343042384,2.013619954402224,308.2276235887102,0.0,0.024154589371980676,0.004830917874396135,2.658609024813114,19.79605263157895,0.9523809523809523,1115.0855055519464,152,0.5032134056091309
ring,100,3000000.0,6,12,exclude,launch,0,0.0,prior,0.0,rr_sweep,12600.0,43200,351991.80343369034,0,323012.3345325645,28979.46890112588,0,0,0.0,0,9.59124219396605,5.9795199225359585,8007.609203841761,6637.240970147546,1.2064665483531105,2.015747289362331,309.52276675407705,0.0,0.023148148148148147,0.013888888888888888,2.503230225339705,18.316770186335404,0.9441860465116279,1135.8584518696346,161,0.43320369720458984
core,100,1500000.0,5,1,exclude,launch,0,0.0,prior,0.0,rr_sweep,12600.0,43200,328187.3179534009,0,308033.27042787056,20154.047525530317,0,0,0.0,0,5.478029860560422,11.39275016379253,6968.561876837692,1745.4833967432278,3.9923392510291595,2.011479892482142,306.92747186870577,0.0,0.009404388714733543,0.0,1.4075123266862024,12.361344537815127,0.9562841530054644,1116.5957959068992,238,0.266582727432251
ring,100,3000000.0,7,12,exclude,launch,0,0.0,prior,0.0,rr_sweep,12600.0,43200,326837.7333936654,0,297635.93427562877,29201.79911803666,0,0,0.0,0,9.59124219396605,5.7986025200380436,8007.609203841761,6840.371322949093,1.1706395494900468,2.0169120906893947,310.23306005708264,0.0,0.013937282229965157,0.0,2.214939544829667,14.184331797235023,0.9626168224299065,1075.3285767562897,217,0.44672083854675293
core,100,1500000.0,2,3,exclude,launch,0,0.0,prior,0.0,rr_sweep,12600.0,43200,929106.0074150366,0,776732.6366862396,152373.37072879696,0,0,0.0,0,4.940884818166719,7.840340169192191,7762.382610686937,2522.337379520068,3.077456122132205,2.022655452547938,313.7472523878086,0.0,0.08333333333333333,0.0,3.820860658964621,33.22222222222222,0.9056603773584906,2800.8516034231147,36,0.15756797790527344
core,100,1500000.0,3,3,exclude,launch,0,0.0,prior,0.0,rr_sweep,12600.0,43200,632887.0304550718,0,544222.7602798613,88664.27017521064,0,0,0.0,0,4.940884818166719,10.982172766517651,7762.382610686937,1807.2780805514435,4.295068199088902,2.0153326388504627,309.27011025451316,0.0,0.027777777777777776,0.0,2.5349625362931594,22.126582278481013,0.9292452830188679,1885.7478552960545,79,0.15206670761108398
core,100,1500000.0,4,1,exclude,launch,0,0.0,prior,0.0,rr_sweep,12600.0,43200,413583.4499686473,0,378780.1623036661,34803.28766498119,0,0,0.0,0,5.478029860560422,10.03837206535822,6968.561876837692,1978.9247069750834,3.521388081252266,2.013573245759818,308.1992173560277,0.0,0.005208333333333333,0.0,1.8814330635670924,16.65972222222222,0.9672131147540983,1383.0848923648725,144,0.38865113258361816
core,100,1500000.0,2,4,exclude,launch,0,0.0,prior,0.0,rr_sweep,12600.0,43200,855778.6993151433,0,722577.9363537976,133200.76296134572,0,0,0.0,0,5.351491471317767,9.397470616309066,7141.218427495743,2103.9876800562856,3.3941350965062216,2.0230463006504644,313.98711998238025,0.0,0.02040816326530612,0.0,3.6563834165421287,33.7027027027027,0.9065420560747663,2665.1197171435997,37,0.10256671905517578
ring,100,3000000.0,8,12,exclude,launch,0,0.0,prior,0.0,rr_sweep,12600.0,43200,340194.6003291873,0,310489.9489922813,29704.651336906067,0,0,0.0,0,9.59124219396605,5.784937173357634,8007.609203841761,6853.154231068421,1.1684560034472415,2.017905548598459,310.83951176025874,0.0,0.0,0.0,2.013294751167993,10.756554307116104,0.9715639810426541,1154.1332470684836,267,0.528759241104126
core,100,1500000.0,5,2,exclude,launch,0,0.0,prior,0.0,rr_sweep,12600.0,43200,312934.9209862951,0,290510.8579438154,22424.063042479695,0,0,0.0,0,6.024642709207431,11.578707304820696,6306.0645414764385,1717.3872954379183,3.6718942536886816,2.0115538804136106,306.97237589394996,0.0,0.016286644951140065,0.0,1.459684008397324,14.196506550218341,0.9411764705882353,1009.147398702737,229,0.2841227054595947
core,100,1500000.0,4,2,exclude,launch,0,0.0,prior,0.0,rr_sweep,12600.0,43200,403741.5704480648,0,363812.3830247544,39929.18742331042,0,0,0.0,0,6.024642709207431,12.625391220197823,6306.0645414764385,1573.635588173669,4.007322018431939,2.0133115186020363,308.0400701194695,0.0,0.00510204081632653,0.0,1.8268895748095504,18.226027397260275,0.9457013574660633,1231.2617549638612,146,0.42120981216430664
core,100,1500000.0,3,4,exclude,launch,0,0.0,prior,0.0,rr_sweep,12600.0,43200,580709.4558084105,0,494826.9644402606,85882.49136814996,0,0,0.0,0,5.351491471317767,12.86564155132258,7141.218427495743,1542.5463254276704,4.629500138685198,2.015534927000024,309.3933563870832,0.0,0.04672897196261682,0.0,2.5154816599731036,23.430379746835442,0.9375,1744.4872818285494,79,0.2561783790588379
core,100,1500000.0,4,3,exclude,launch,0,0.0,prior,0.0,rr_sweep,12600.0,43200,404001.74877209356,0,365634.44495008246,38367.30382201113,0,0,0.0,0,4.940884818166719,10.474669993174965,7762.382610686937,1897.6392905268474,4.090546949273929,2.0123613993440284,307.46268086453983,0.0,0.0,0.0,1.8475039737721128,16.575342465753426,0.9569377990430622,1373.9798127935794,146,0.35021519660949707
core,100,1500000.0,7,2,exclude,launch,0,0.0,prior,0.0,rr_sweep,12600.0,43200,407249.4449015066,0,385603.1633262501,21646.281575256467,0,1,0.5729101053252186,1,6.024642709207431,16.02409320652077,6306.0645414764385,1243.0502228297623,5.073056925343606,2.0081578772019073,304.9146916092767,0.0,0.0,0.0,1.0755471426310308,12.330275229357799,0.95,610.3754024554753,436,0.5272512435913086
core,100,1500000.0,5,4,exclude,launch,0,0.0,prior,0.0,rr_sweep,12600.0,43200,301267.938357888,0,275381.2450995522,25886.69325833577,0,0,0.0,0,5.351491471317767,11.958509728575514,7141.218427495743,1663.321609711615,4.293347952554936,2.0109751329280945,306.62121581969353,0.0,0.0029498525073746312,0.0,1.3196803267533372,12.498039215686275,0.9428571428571428,1029.4096811729437,255,0.3033432960510254
core,100,1500000.0,6,1,exclude,launch,0,0.0,prior,0.0,rr_sweep,12600.0,43200,442698.82171122363,0,422947.64685770456,19751.174853519027,0,1,0.4666736790652091,1,5.478029860560422,17.071657139278546,6968.561876837692,1166.5052811912644,5.973879406462028,2.008619164439816,305.19378566258166,0.0,0.0,0.0,1.3034491776345607,13.756410256410257,0.9726775956284153,765.4567445555557,312,0.6343262195587158
core,100,1500000.0,2,5,exclude,launch,0,0.0,prior,0.0,rr_sweep,12600.0,43200,974709.7256193869,0,805091.0811345739,169618.64448481306,0,0,0.0,0,5.774317772611485,14.032387384451571,6593.891938148332,1409.8122730357215,4.677141818286084,2.021934761659038,313.30519712613443,0.0,0.020833333333333332,0.0,3.8412244319776763,32.333333333333336,0.8898678414096917,2888.13685742384,36,0.16855931282043457
core,100,1500000.0,4,4,exclude,launch,0,0.0,prior,0.0,rr_sweep,12600.0,43200,395662.0246016095,0,359904.09944852215,35757.925153087366,0,0,0.0,0,5.351491471317767,11.251248956431157,7141.218427495743,1766.2889629366991,4.043063494900903,2.0127855306037374,307.72035930008826,0.0,0.004975124378109453,0.0,1.7957299085227945,16.573333333333334,0.9476190476190476,1309.0696562434805,150,0.3522310256958008
core,100,1500000.0,5,3,exclude,launch,0,0.0,prior,0.0,rr_sweep,12600.0,43200,315180.5533708189,0,290731.86913586746,24448.684234951474,0,0,0.0,1,4.940884818166719,13.914834509065429,7762.382610686937,1430.2161973265677,5.427419033008278,2.0099268581110223,305.9856776202004,0.0,0.0,0.0,1.394884439143686,12.514522821576763,0.9471153846153846,1090.7857670664023,241,0.487290620803833
core,100,1500000.0,6,2,exclude,launch,0,0.0,prior,0.0,rr_sweep,12600.0,43200,258636.8693547491,0,244054.18569675705,14582.68365799205,0,0,0.0,0,6.024642709207431,11.827315963259148,6306.0645414764385,1682.3119544014492,3.748451364788689,2.01032957256153,306.22975355770944,0.0,0.0043859649122807015,0.0,1.1803166681309953,11.06997084548105,0.9547511312217195,869.1802057748439,343,0.6428015232086182
core,100,1500000.0,3,5,exclude,launch,0,0.0,prior,0.0,rr_sweep,12600.0,43200,599891.3092720922,0,516878.455545123,83012.85372696916,0,0,0.0,0,5.774317772611485,12.84106808328115,6593.891938148332,1545.6880148210507,4.265991503409391,2.0152874634672595,309.2425900421345,0.0,0.009523809523809525,0.0,2.57230251186651,21.974358974358974,0.9417040358744395,1909.7822942923763,78,0.22960638999938965
core,100,1500000.0,6,3,exclude,launch,0,0.0,prior,0.0,rr_sweep,12600.0,43200,352427.7094817501,0,319822.04864313215,32605.660838617907,0,1,0.3205604904475488,1,4.940884818166719,13.539384147294697,7762.382610686937,1470.8626912269,5.277435247345931,2.008579143219097,305.16956644097047,0.0,0.0070921985815602835,0.0,1.2705250103902561,12.294303797468354,0.9371980676328503,841.2976695818961,316,0.6053831577301025
core,100,1500000.0,7,4,exclude,launch,0,0.0,prior,0.0,rr_sweep,12600.0,43200,375366.442705907,0,350813.8882924996,24552.55441340743,0,1,0.4916974530014287,1,5.351491471317767,13.212588456089065,7141.218427495743,1507.640597840867,4.7366848821415894,2.0080487857461238,304.8487063332704,0.0,0.0,0.0,1.0769326716149241,11.004566210045661,0.9519230769230769,681.5245911290207,438,0.48682498931884766
core,100,1500000.0,4,5,exclude,launch,0,0.0,prior,0.0,rr_sweep,12600.0,43200,428420.17571923375,0,386402.29883255134,42017.876886682374,0,0,0.0,0,5.774317772611485,12.228335949302911,6593.891938148332,1625.5765680986622,4.056340419486242,2.0122651195172168,307.4042016573615,0.0,0.005263157894736842,0.0,1.910055635994382,16.21276595744681,0.9375,1450.346555464709,141,0.3232283592224121
core,100,1500000.0,7,1,exclude,launch,0,0.0,prior,0.0,rr_sweep,12600.0,43200,391383.50062993384,0,377458.12906253774,13925.371567396092,0,1,0.527860493641894,1,5.478029860560422,16.857453771127464,6968.561876837692,1181.7733431511226,5.896699157434428,2.0078618331922824,304.7356424417125,0.0,0.0,0.0,1.047397735112189,11.006681514476615,0.9725274725274725,663.2111996292119,449,0.8670332431793213
core,100,1500000.0,5,5,exclude,launch,0,0.0,prior,0.0,rr_sweep,12600.0,43200,337033.51467317785,0,307115.50625445816,29918.008418719764,0,0,0.0,0,5.774317772611485,11.470694715054465,6593.891938148332,1734.3636799291512,3.8019084546429687,2.0106204695517964,306.40612004312794,0.0,0.0,0.0,1.4937228611721043,12.46875,0.9551569506726457,1166.5130802663211,224,0.26122117042541504
core,100,1500000.0,2,6,exclude,launch,0,0.0,prior,0.0,rr_sweep,12600.0,43200,957118.060219043,0,788733.7907181516,168384.26950089153,0,0,0.0,0,5.052148291863248,7.689166707887074,7584.090639439221,2570.1472826721943,2.9508389229562,2.0240568343689835,314.6077200053471,0.0,0.125,0.0,3.805304413144453,32.888888888888886,0.9196428571428571,2830.615301424425,36,0.17016959190368652
core,100,1500000.0,6,5,exclude,launch,0,0.0,prior,0.0,rr_sweep,12600.0,43200,273561.1752591128,0,254226.32662178128,19334.848637331514,0,0,0.0,1,5.774317772611485,10.899215729902133,6593.891938148332,1826.0867733018129,3.6109411855744837,2.009755990284174,305.8821479744319,0.0,0.0,0.0,1.2136839143405422,10.006042296072508,0.9551569506726457,989.1323817447939,331,0.3137214183807373
core,100,1500000.0,7,3,exclude,launch,0,0.0,prior,0.0,rr_sweep,12600.0,43200,318126.9436880127,0,288357.8495612919,29769.094126720793,0,1,0.3551419714081868,1,4.940884818166719,13.917579669508907,7762.382610686937,1431.4790372167417,5.422631005326854,2.0077576194968367,304.67262589617945,0.0,0.0,0.0,1.0464194525738535,9.906458797327394,0.9420289855072463,736.1334300605108,449,0.7139596939086914
core,100,1500000.0,9,4,exclude,launch,0,0.0,prior,0.0,rr_sweep,12600.0,43200,351262.1742443659,0,329040.49892973516,22221.675314630695,0,1,0.5254386533868656,1,5.351491471317767,12.259953489274316,7141.218427495743,1625.054933628994,4.39444739972471,2.0077198934185914,304.64981507747297,0.0,0.0,0.0,0.7936058133240784,7.069645203679369,0.9565217391304348,605.9537096564792,761,0.5983941555023193
core,100,1500000.0,2,7,exclude,launch,0,0.0,prior,0.0,rr_sweep,12600.0,43200,941922.8874475486,0,757180.3832762757,184742.5041712729,0,0,0.0,0,4.789315478557099,7.931708496767537,8018.5908986554505,2491.5909205700164,3.2182614057772327,2.0240279569209787,314.5899769667261,0.0,0.020833333333333332,0.0,3.80550081341314,33.166666666666664,0.8441558441558441,2792.9253745585534,36,0.09751224517822266
core,100,1500000.0,3,6,exclude,launch,0,0.0,prior,0.0,rr_sweep,12600.0,43200,581450.7839095598,0,503000.63977579505,78450.14413376477,0,0,0.0,0,5.052148291863248,11.675892957063013,7584.090639439221,1699.3450732252136,4.4629491437223265,2.0159897041927355,309.67052370769267,0.0,0.0,0.0,2.520660489004905,23.0125,0.9464285714285714,1801.6676057876753,80,0.27327919006347656
core,100,1500000.0,8,1,exclude,launch,0,0.0,prior,0.0,rr_sweep,12600.0,43200,373417.6543540753,0,359831.37406105566,13586.280293019658,0,1,0.5532568839123888,1,5.478029860560422,17.327249070127287,6968.561876837692,1150.2029964377816,6.058549576396139,2.0070393089902265,304.2384509554539,0.0,0.0,0.0,0.9508964041369828,9.879646017699114,0.9726775956284153,587.742131280138,565,1.0006511211395264
core,100,1500000.0,6,4,exclude,launch,0,0.0,prior,0.0,rr_sweep,12600.0,43200,409876.85982258565,0,381232.7818205461,28644.078002039612,0,1,0.45029798437655305,1,5.351491471317767,12.658225544344708,7141.218427495743,1572.8410003595554,4.540330793680507,2.009103637549827,305.48704539488784,0.0,0.0022727272727272726,0.0,1.2185344172977464,12.377643504531722,0.9471153846153846,800.6493798232027,331,0.6735153198242188
core,100,1500000.0,9,1,exclude,launch,0,0.0,prior,0.0,rr_sweep,12600.0,43200,372935.813306797,0,359695.71910292713,13240.094203869872,0,1,0.5539717036396656,1,5.478029860560422,13.665704042211132,6968.561876837692,1458.159624596553,4.77901167971632,2.0073491182987357,304.42567384117217,0.0,0.0,0.0,0.8338457885364222,7.615172413793103,0.978021978021978,593.384621127962,725,1.048666000366211
core,100,1500000.0,4,6,exclude,launch,0,0.0,prior,0.0,rr_sweep,12600.0,43200,424535.8015619841,0,384929.1266985053,39606.6748634788,0,0,0.0,0,5.052148291863248,9.599344542258681,7584.090639439221,2069.6051145099204,3.664510966979864,2.013403979215368,308.0962875268627,0.0,0.0,0.0,1.8878414333736353,16.5,0.9551569506726457,1407.0435810598888,142,0.33327245712280273
core,100,1500000.0,8,2,exclude,launch,0,0.0,prior,0.0,rr_sweep,12600.0,43200,401589.2256781177,0,378660.8318466214,22928.39383149629,0,1,0.5809850151686322,1,6.024642709207431,14.301260126908858,6306.0645414764385,1392.9968546213624,4.526976870447078,2.0078698081754207,304.74046506946775,0.0,0.0,0.0,0.9311109262979841,9.868284228769497,0.95,576.2047932036062,577,1.0106375217437744
core,100,1500000.0,4,7,exclude,launch,0,0.0,prior,0.0,rr_sweep,12600.0,43200,428053.3239366952,0,377639.5325186734,50413.79141802175,0,0,0.0,0,4.789315478557099,9.296663979262297,8018.5908986554505,2136.5723271056722,3.7530163603297764,2.0137949999544245,308.3340905797774,0.0,0.005208333333333333,0.0,1.8829478907584292,16.52777777777778,0.9301310043668122,1380.7601538054173,144,0.20013189315795898
core,100,1500000.0,3,7,exclude,launch,0,0.0,prior,0.0,rr_sweep,12600.0,43200,599684.839050352,0,510465.45605020574,89219.3830001462,0,0,0.0,0,4.789315478557099,11.62829794577744,8018.5908986554505,1706.0886327053752,4.699984950922643,2.0162401141817607,309.82319090164765,0.0,0.00909090909090909,0.0,2.444170327273945,22.22222222222222,0.9026548672566371,1772.3946408281226,81,0.26914119720458984
core,100,1500000.0,9,2,exclude,launch,0,0.0,prior,0.0,rr_sweep,12600.0,43200,385508.94949919573,0,365877.42543339153,19631.5240658042,0,1,0.6052189519212391,1,6.024642709207431,14.293121841406476,6306.0645414764385,1394.0965756271898,4.523405803962616,2.007428266063515,304.4735133791223,0.0,0.0,0.0,0.8225999575251742,8.254421768707482,0.95,538.5153853802216,735,1.0351240634918213
core,100,1500000.0,2,8,exclude,launch,0,0.0,prior,0.0,rr_sweep,12600.0,43200,793377.7487147757,0,689191.5859272046,104186.1627875711,0,0,0.0,0,5.687677066694433,10.013958610493765,6699.414751861177,1974.2797034495525,3.3933463126605874,2.0232312228463645,314.10064062230003,0.0,0.0425531914893617,0.0,3.887980569094663,39.857142857142854,0.9047619047619048,2414.9959084398047,35,0.19203400611877441
core,100,1500000.0,8,3,exclude,launch,0,0.0,prior,0.0,rr_sweep,12600.0,43200,281919.89372329414,0,254972.93906982723,26946.954653466888,0,1,0.40072986517089265,1,4.940884818166719,15.319468471826806,7762.382610686937,1300.9817818835613,5.966557502018637,2.0069894018063446,304.2082966050899,0.0,0.0,0.0,0.8872618975563862,9.0,0.9468599033816425,600.9499504654358,606,0.971606969833374
core,100,1500000.0,6,6,exclude,launch,0,0.0,prior,0.0,rr_sweep,12600.0,43200,503698.86239919864,0,451539.7638255108,52159.09857368781,0,1,0.5484266017079505,1,5.052148291863248,16.038741314787,7584.090639439221,1241.5879724471822,6.108379597533394,2.0086867355589897,305.2346791477952,0.0,0.0022371364653243847,0.0,1.2070974192212396,12.368263473053892,0.9506726457399103,799.3196088432979,334,0.3852226734161377
core,100,1500000.0,5,6,exclude,launch,0,0.0,prior,0.0,rr_sweep,12600.0,43200,325600.76234265295,0,298015.236462174,27585.525880478915,0,0,0.0,0,5.052148291863248,10.794758904861425,7584.090639439221,1842.299854497695,4.116642912891632,2.011345723685343,306.84605184498923,0.0,0.003134796238244514,0.0,1.4035838753379517,12.478991596638656,0.9596412556053812,1092.9777417647458,238,0.4432342052459717
core,100,1500000.0,8,4,exclude,launch,0,0.0,prior,0.0,rr_sweep,12600.0,43200,355798.9307889022,0,332842.9545128348,22955.976276067428,0,1,0.5187388377235034,1,5.351491471317767,13.798733880617652,7141.218427495743,1444.0558358527232,4.945250903874373,2.0074131572102334,304.4643807960871,0.0,0.0,0.0,0.91914762873082,8.998287671232877,0.961352657004831,623.0781215300445,584,0.9270520210266113
core,100,1500000.0,7,5,exclude,launch,0,0.0,prior,0.0,rr_sweep,12600.0,43200,378280.8140932142,0,356819.7401840898,21461.07390912439,0,1,0.44183114795249306,1,5.774317772611485,13.30428019309909,6593.891938148332,1497.1577638063036,4.404273282051673,2.008172621666637,304.923610523454,0.0,0.0,0.0,1.0246394086112438,9.002183406113538,0.9730941704035875,791.5881136393897,458,0.6493821144104004
core,100,1500000.0,10,2,exclude,launch,0,0.0,prior,0.0,rr_sweep,12600.0,43200,376061.98285906605,0,357508.4771708982,18553.505688167883,0,1,0.6204225181134556,1,6.024642709207431,13.773527071817579,6306.0645414764385,1446.5108224428755,4.359500422421121,2.007673733294508,304.6219058315073,0.0,0.0,0.0,0.6896174517983354,6.600616016427105,0.95,508.15452807940204,974,1.1531445980072021
core,100,1500000.0,3,8,exclude,launch,0,0.0,prior,0.0,rr_sweep,12600.0,43200,484412.3021229672,0,435938.4143653764,48473.8877575908,0,0,0.0,0,5.687677066694433,10.209165914697781,6699.414751861177,1943.0300973083658,3.447921244833891,2.016462740511474,309.9589508544291,0.0,0.018518518518518517,0.0,2.4967460959476453,26.175,0.9555555555555556,1550.142021980253,80,0.30455613136291504
core,100,1500000.0,6,7,exclude,launch,0,0.0,prior,0.0,rr_sweep,12600.0,43200,393910.71866366017,0,356033.843028638,37876.87563502218,0,1,0.39716856141689233,1,4.789315478557099,14.40284242383551,8018.5908986554505,1382.3680046484515,5.800619568516887,2.0090378029447287,305.44718633145766,0.0,0.0,0.0,1.2223623116766769,12.377643504531722,0.9385964912280702,805.3321806734306,331,0.3756692409515381
core,100,1500000.0,2,9,exclude,launch,0,0.0,prior,0.0,rr_sweep,12600.0,43200,991762.6664011071,0,820943.2664411453,170819.39995996183,0,0,0.0,0,4.852417850747997,14.774724051828498,7909.979841733408,1339.1362779673498,5.906777354833386,2.021695933547007,313.1587741879469,0.0,0.043478260869565216,0.0,3.9098516176429094,33.205882352941174,0.9204545454545454,2857.076931858767,34,0.16003155708312988
core,100,1500000.0,7,7,exclude,launch,0,0.0,prior,0.0,rr_sweep,12600.0,43200,344290.3856131539,0,314805.0614446655,29485.32416848843,0,1,0.4545434575545658,1,4.789315478557099,14.229188375976038,8018.5908986554505,1399.9568711840247,5.7277413781137865,2.0080069237612053,304.8233875051586,0.0,0.0,0.0,1.1136264697509572,11.0,0.9515418502202643,706.6194771395909,423,0.44367408752441406
core,100,1500000.0,5,7,exclude,launch,0,0.0,prior,0.0,rr_sweep,12600.0,43200,444645.00914214953,0,402472.7058773978,42172.30326475175,0,1,0.35200780154655703,1,4.789315478557099,12.840754846693086,8018.5908986554505,1549.4111110834715,5.1752506751085665,2.010493950685612,306.3294073116647,0.0,0.0,0.0,1.5456086901706048,15.359447004608295,0.9166666666666666,986.0606713425535,217,0.4731762409210205
core,100,1500000.0,4,9,exclude,launch,0,0.0,prior,0.0,rr_sweep,12600.0,43200,422077.7848204293,0,384461.97815804207,37615.806662387266,0,0,0.0,0,4.852417850747997,15.094173690649395,7909.979841733408,1317.2214199016933,6.00504950968968,2.0118327045982802,307.1416266284013,0.0,0.005263157894736842,0.0,1.8937529793565182,16.514084507042252,0.9550561797752809,1402.091578564628,142,0.20252728462219238
core,100,1500000.0,3,9,exclude,launch,0,0.0,prior,0.0,rr_sweep,12600.0,43200,653452.1501471684,0,572036.200673678,81415.94947349044,0,0,0.0,0,4.852417850747997,11.40674948872037,7909.979841733408,1739.5805851458988,4.547061463709079,2.0158282887425316,309.5721336628741,0.0,0.06542056074766354,0.0,2.5558755552881953,21.620253164556964,0.9550561797752809,1906.1836743518118,79,0.24803566932678223
core,100,1500000.0,4,8,exclude,launch,0,0.0,prior,0.0,rr_sweep,12600.0,43200,342798.5293577614,0,319341.83612637693,23456.69323138449,0,0,0.0,0,5.687677066694433,12.212291390900097,6699.414751861177,1627.4334687792382,4.116552154286532,2.012609831800532,307.6136014377303,0.0,0.005235602094240838,0.0,1.899659892172395,20.027972027972027,0.9615384615384616,1154.1877630327522,143,0.4160599708557129
core,100,1500000.0,2,10,exclude,launch,0,0.0,prior,0.0,rr_sweep,12600.0,43200,972298.7681409022,0,792853.2350453536,179445.53309554837,0,0,0.0,0,4.842340003327892,8.29106112655995,7927.135773030543,2384.5071637213377,3.324433616152028,2.02325789055877,314.117013177235,0.0,0.10638297872340426,0.0,3.8920297538796493,32.714285714285715,0.8904109589041096,2927.517793624242,35,0.15901494026184082
core,100,1500000.0,3,10,exclude,launch,0,0.0,prior,0.0,rr_sweep,12600.0,43200,597787.9631020715,0,513355.2007368291,84432.76236524248,0,0,0.0,0,4.842340003327892,12.442331137517384,7927.135773030543,1594.8703968700659,4.9703949540900325,2.0157322256889314,309.51358629089725,0.0,0.02830188679245283,0.0,2.542549375727315,22.974683544303797,0.9166666666666666,1802.1928572703052,79,0.15150833129882812
core,100,1500000.0,8,5,exclude,launch,0,0.0,prior,0.0,rr_sweep,12600.0,43200,344148.4720581612,0,324786.146590668,19362.32546749318,0,1,0.4856515716593464,1,5.774317772611485,15.939682108044902,6593.891938148332,1250.350308165834,5.273635632418131,2.0070058114474048,304.21821128665397,0.0,0.0,0.0,0.9017161342937278,8.25503355704698,0.9641255605381166,665.1717221998226,596,0.8839342594146729
core,100,1500000.0,9,5,exclude,launch,0,0.0,prior,0.0,rr_sweep,12600.0,43200,338741.9303298425,0,321263.13461124734,17478.795718595175,0,1,0.4934028869011396,1,5.774317772611485,14.013899863679638,6593.891938148332,1422.137909963484,4.636605136500188,2.007054972584419,304.24791534210135,0.0,0.0,0.0,0.794015962351233,6.602631578947369,0.9730941704035875,649.5932222360747,760,0.8873741626739502
core,100,1500000.0,5,8,exclude,launch,0,0.0,prior,0.0,rr_sweep,12600.0,43200,266696.9050800209,0,253245.00513400102,13451.899946019847,0,0,0.0,0,5.687677066694433,14.213022482014306,6699.414751861177,1400.0493626005189,4.78512753251597,2.010158025366577,306.12577086375063,0.0,0.0034482758620689655,0.0,1.5670940073373179,16.578703703703702,0.9723756906077348,920.3444561459095,216,0.5015690326690674
core,100,1500000.0,7,6,exclude,launch,0,0.0,prior,0.0,rr_sweep,12600.0,43200,467119.65782717,0,419843.32159096416,47276.3362362058,0,1,0.5913995733347172,1,5.052148291863248,15.516311734382729,7584.090639439221,1283.9731386882702,5.906736216605951,2.0077773788112703,304.6845735731145,0.0,0.0,0.0,1.0800563285492628,11.004597701149425,0.9506726457399103,686.0941295944468,435,0.748223066329956
core,100,1500000.0,7,8,exclude,launch,0,0.0,prior,0.0,rr_sweep,12600.0,43200,316515.5671221741,0,306931.96736738266,9583.599754791454,0,1,0.4796924456282625,1,5.687677066694433,14.463921433266878,6699.414751861177,1377.2479174592183,4.864349161057674,2.007991235625314,304.81389932923423,0.0,0.0,0.0,1.0755644008909053,12.373853211009175,0.9777777777777777,606.9152301389255,436,0.5105705261230469
core,100,1500000.0,2,11,exclude,launch,0,0.0,prior,0.0,rr_sweep,12600.0,43200,986576.7381363058,0,818951.9106489543,167624.82748735158,0,0,0.0,0,4.789315478557101,9.221043677110668,8018.590898655449,2145.356879371807,3.737648955172164,2.0219963389692106,313.3429550599408,0.0,0.08333333333333333,0.0,3.6811578033753594,33.111111111111114,0.8980582524271845,2705.47847087143,36,0.17351889610290527
core,100,1500000.0,5,10,exclude,launch,0,0.0,prior,0.0,rr_sweep,12600.0,43200,354906.389683165,0,321456.8344721158,33449.55521104923,0,0,0.0,1,4.842340003327892,8.25239631543898,7927.135773030543,2408.6798128694304,3.291070789349558,2.012337600293157,307.44822509019247,0.0,0.006666666666666667,0.0,1.502867849357614,12.502222222222223,0.9389671361502347,1168.62303497253,225,0.2600247859954834
core,100,1500000.0,5,9,exclude,launch,0,0.0,prior,0.0,rr_sweep,12600.0,43200,346445.1746418919,0,319329.36676635506,27115.8078755368,0,0,0.0,1,4.852417850747997,8.792781662781312,7909.979841733408,2260.553186862679,3.4991345869244137,2.0124216110973414,307.4992555850811,0.0,0.0,0.0,1.3497887147288505,11.108433734939759,0.9662921348314607,1185.2285471587984,249,0.4200451374053955
core,100,1500000.0,4,11,exclude,launch,0,0.0,prior,0.0,rr_sweep,12600.0,43200,422583.35805537325,0,388361.31484531116,34222.043210062104,0,0,0.0,0,4.789315478557101,11.648691043021424,8018.590898655449,1706.609279871201,4.6985510938160475,2.012096297141322,307.3016744061523,0.0,0.0,0.0,1.809189547423464,16.671140939597315,0.9473684210526315,1335.1992534845965,149,0.21301960945129395
core,100,1500000.0,4,10,exclude,launch,0,0.0,prior,0.0,rr_sweep,12600.0,43200,414130.0504526858,0,370482.4659287265,43647.58452395936,0,0,0.0,0,4.842340003327892,9.810079984914076,7927.135773030543,2025.2859178294673,3.9140823047474633,2.0132657253333566,308.0122290406,0.0,0.0051813471502590676,0.0,1.8691285261100004,16.65972222222222,0.9308755760368663,1384.1767039857784,144,0.3620316982269287
core,100,1500000.0,2,12,exclude,launch,0,0.0,prior,0.0,rr_sweep,12600.0,43200,990752.8862743372,0,829832.1996830549,160920.68659128225,0,0,0.0,0,4.789315478557099,11.67636853855747,8018.5908986554505,1693.2913384949654,4.735505767000823,2.0231147218233287,314.02912020348805,0.0,0.041666666666666664,0.0,3.798939352130864,31.22222222222222,0.8744186046511628,2959.4444199731165,36,0.08850884437561035
core,100,1500000.0,3,11,exclude,launch,0,0.0,prior,0.0,rr_sweep,12600.0,43200,650804.7674646608,0,562801.8046176394,88002.96284702144,0,0,0.0,0,4.789315478557101,12.8814476587119,8018.590898655449,1541.1444059902485,5.20301074155551,2.0148929806939386,309.0023286785481,0.0,0.0,0.0,2.423327812406599,22.096385542168676,0.9178743961352657,1781.3724649275089,83,0.271028995513916
core,100,1500000.0,8,6,exclude,launch,0,0.0,prior,0.0,rr_sweep,12600.0,43200,445897.7311807216,0,398875.9188776406,47021.812303081046,0,1,0.6194508274732368,1,5.052148291863248,15.080777247846154,7584.090639439221,1321.3299360440242,5.739740266647932,2.0073587325781204,304.43148483041904,0.0,0.0,0.0,0.9022777475455999,9.003355704697986,0.9551569506726457,611.3711393642274,596,0.9522311687469482
core,100,1500000.0,8,7,exclude,launch,0,0.0,prior,0.0,rr_sweep,12600.0,43200,345866.0009193218,0,315098.00251286034,30767.998406461433,0,1,0.4525039608668637,1,4.789315478557099,12.71848131885164,8018.5908986554505,1566.295159825967,5.119463498531405,2.007941838662039,304.78402503762345,0.0,0.0,0.0,0.9330743183195541,8.292894280762566,0.9515418502202643,681.1232272749975,577,0.8361186981201172
core,100,1500000.0,6,8,exclude,launch,0,0.0,prior,0.0,rr_sweep,12600.0,43200,361747.06515292934,0,347406.78447384783,14340.280679081492,0,1,0.4197134990108763,1,5.687677066694433,14.483822697457944,6699.414751861177,1374.809156154988,4.872977985248394,2.008789250400514,305.29672551708904,0.0,0.004784688995215311,0.0,1.29122745000343,15.222929936305732,0.9668508287292817,689.5907167789618,314,0.7525951862335205
core,100,1500000.0,4,12,exclude,launch,0,0.0,prior,0.0,rr_sweep,12600.0,43200,460211.93604203645,0,402705.4733023413,57506.46273969522,0,0,0.0,0,4.789315478557099,12.202794107814325,8018.5908986554505,1628.3896619444558,4.924245766262402,2.0129934933488363,307.8467452701235,0.0,0.004975124378109453,0.0,1.7972913130650296,15.397350993377483,0.9299065420560748,1429.7907734502812,151,0.20152640342712402
core,100,1500000.0,7,10,exclude,launch,0,0.0,prior,0.0,rr_sweep,12600.0,43200,301708.3162898809,0,287294.0043800148,14414.31190986611,0,1,0.35139426133404544,1,4.842340003327892,14.649908894689732,7927.135773030543,1359.8741981500564,5.829315523314177,2.007827202015725,304.7147007368535,0.0,0.0,0.0,1.0985929985108467,11.004672897196262,0.9389671361502347,697.6566780679495,428,0.4650452136993408
core,100,1500000.0,3,12,exclude,launch,0,0.0,prior,0.0,rr_sweep,12600.0,43200,592992.7936549981,0,524197.88344865805,68794.91020633999,0,0,0.0,0,4.789315478557099,9.557300246833812,8018.5908986554505,2074.8288252596876,3.864699969961057,2.017169944433193,310.3904087574676,0.0,0.008695652173913044,0.0,2.370826115060456,19.930232558139537,0.9209302325581395,1952.1144366653855,86,0.25652575492858887
core,100,1500000.0,6,9,exclude,launch,0,0.0,prior,0.0,rr_sweep,12600.0,43200,429795.1871000635,0,409285.9506250878,20509.236474975725,0,1,0.4578402751167022,1,4.852417850747997,15.01110151970181,7909.979841733408,1326.6826456085341,5.962224551528064,2.0085395189051867,305.1455883580516,0.0,0.0,0.0,1.2579936875456752,12.375,0.9775280898876404,827.8976999805319,320,0.6330704689025879
core,100,1500000.0,7,9,exclude,launch,0,0.0,prior,0.0,rr_sweep,12600.0,43200,399027.4805257353,0,382741.7791913283,16285.70133440692,0,1,0.4931428443135458,1,4.852417850747997,13.926815542785567,7909.979841733408,1430.338631354567,5.530144868032024,2.008025850147509,304.8348343696825,0.0,0.0,0.0,1.0324157797173144,9.890350877192983,0.9774011299435028,728.2974472140123,456,0.7135798931121826
core,100,1500000.0,6,10,exclude,launch,0,0.0,prior,0.0,rr_sweep,12600.0,43200,342302.2799778866,0,323832.46156027383,18469.818417612743,0,1,0.3097220706443166,1,4.842340003327892,13.595516954029485,7927.135773030543,1464.4778152726733,5.41294356961944,2.009007085297057,305.4285894538986,0.0,0.002325581395348837,0.0,1.2431037864466192,12.3343653250774,0.9577464788732394,820.6913566549512,323,0.6110801696777344
core,100,1500000.0,6,12,exclude,launch,0,0.0,prior,0.0,rr_sweep,12600.0,43200,507266.59097581013,0,452141.7366179956,55124.85435781455,0,1,0.5396406986855925,1,4.789315478557099,16.33855095947464,8018.5908986554505,1218.822871543365,6.578963265188574,2.008657353640063,305.21689711565244,0.0,0.0,0.0,1.2779333241142803,12.354430379746836,0.9380952380952381,844.3639325361462,316,0.3545546531677246
core,100,1500000.0,5,11,exclude,launch,0,0.0,prior,0.0,rr_sweep,12600.0,43200,336913.84017929033,0,314340.46135399607,22573.37882529427,0,1,0.0993052526674392,1,4.789315478557101,16.178249104298644,8018.590898655449,1230.51885081849,6.516430766844259,2.009278799658992,305.59310863232866,0.0,0.0,0.0,1.5175367315069508,15.756756756756756,0.9471153846153846,945.2080759194012,222,0.5395638942718506
core,100,1500000.0,8,9,exclude,launch,0,0.0,prior,0.0,rr_sweep,12600.0,43200,373772.46912236355,0,359046.3983802399,14726.070742123637,0,1,0.5264634582845884,1,4.852417850747997,15.167801438066945,7909.979841733408,1313.9820942886638,6.0198536008327785,2.0070024819000594,304.2161995658638,0.0,0.0,0.0,0.9537229804080622,8.99468085106383,0.9887005649717514,647.0691487279895,564,0.8241026401519775
core,100,1500000.0,8,8,exclude,launch,0,0.0,prior,0.0,rr_sweep,12600.0,43200,313915.0785300981,0,304064.2243736964,9850.85415640173,0,1,0.4836662424219745,1,5.687677066694433,14.179161935126553,6699.414751861177,1405.312789133035,4.767205424775346,2.007411603866247,304.46344188130917,0.0,0.0,0.0,0.9489045573631884,10.469135802469136,0.9777777777777777,550.3412608496235,567,1.0001370906829834
core,100,1500000.0,5,12,exclude,launch,0,0.0,prior,0.0,rr_sweep,12600.0,43200,569699.6629013798,0,505280.36169036233,64419.30121101738,0,1,0.4805280112806781,1,4.789315478557099,12.292503458194888,8018.5908986554505,1618.3342005418617,4.954842390385504,2.0107192694240865,306.4660324755479,0.0,0.0,0.0,1.517588047291298,14.095022624434389,0.9333333333333333,1053.6528649556456,221,0.46356630325317383
core,100,1500000.0,6,11,exclude,launch,0,0.0,prior,0.0,rr_sweep,12600.0,43200,288584.6544805111,0,271137.26267940935,17447.391801101803,0,1,0.11593587360488436,1,4.789315478557101,13.04834502273051,8018.590898655449,1526.1835216286215,5.254014857989455,2.0086200776042364,305.19433828391266,0.0,0.0,0.0,1.2418252090890243,12.37920489296636,0.9468599033816425,812.223115157327,327,0.6145796775817871
core,100,3000000.0,5,1,exclude,launch,0,0.0,prior,0.0,rr_sweep,12600.0,43200,383274.44545370305,0,347702.99374714267,35571.45170656038,0,0,0.0,0,10.956059721120845,25.59680840762099,6968.561876837692,1555.1733088169433,4.4808908674872,2.0096728959646133,305.8318070536707,0.0,0.11875,0.0,2.8338003379872956,26.216666666666665,0.9518716577540107,1072.4062466296523,120,0.45119452476501465
core,100,1500000.0,8,12,exclude,launch,0,0.0,prior,0.0,rr_sweep,12600.0,43200,471056.4274250534,0,419518.7112620787,51537.71616297471,0,1,0.5811617829659401,1,4.789315478557099,12.486475505379177,8018.5908986554505,1595.1565548931264,5.02683631525602,2.0082455298137445,304.96771451681957,0.0,0.0,0.0,0.8993879662929266,7.615384615384615,0.9380952380952381,718.9394637847116,598,0.48669910430908203
core,100,1500000.0,9,8,exclude,launch,0,0.0,prior,0.0,rr_sweep,12600.0,43200,285656.5641284269,0,277503.2443569322,8153.319771494735,0,1,0.5315128218233107,1,5.687677066694433,16.164713658667416,6699.414751861177,1233.1717984723384,5.432669446512203,2.0066350376541005,303.9942297098618,0.0,0.0,0.0,0.8202598147858201,8.998644986449865,0.9833333333333333,493.027736316597,738,1.1077888011932373
core,100,1500000.0,7,11,exclude,launch,0,0.0,prior,0.0,rr_sweep,12600.0,43200,259955.1280535455,0,244946.7961109426,15008.331942602877,0,1,0.12870418936021247,1,4.789315478557101,15.756422102846212,8018.590898655449,1264.679915294827,6.340411357593296,2.0073438100820393,304.42246551318,0.0,0.0,0.0,1.0601378596635003,10.530337078651685,0.9471153846153846,701.8444331400475,445,0.7467505931854248
core,100,1500000.0,8,10,exclude,launch,0,0.0,prior,0.0,rr_sweep,12600.0,43200,283385.65633880714,0,271462.47105079266,11923.185288014472,0,1,0.3741141041177771,1,4.842340003327892,14.611469489260214,7927.135773030543,1363.747966714169,5.812757171055793,2.007391032445327,304.45100767537855,0.0,0.0,0.0,0.9095958877832027,9.00507614213198,0.9530516431924883,612.189871984305,591,0.8822574615478516
core,100,3000000.0,6,1,exclude,launch,0,0.0,prior,0.0,rr_sweep,12600.0,43200,306843.57673847984,0,285033.69737767277,21809.879360807015,0,0,0.0,0,10.956059721120845,23.137971644270753,6968.561876837692,1721.496897767276,4.047966560889934,2.008438131144622,305.08423930393747,0.0,0.03056768558951965,0.004366812227074236,2.3639822986680215,22.041176470588237,0.9513513513513514,869.3953327264986,170,0.5202178955078125
core,100,1500000.0,7,12,exclude,launch,0,0.0,prior,0.0,rr_sweep,12600.0,43200,499026.801350997,0,442341.68143636105,56685.11991463597,0,1,0.5485861847186045,1,4.789315478557099,13.720359328276079,8018.5908986554505,1451.7646659738703,5.523340722221279,2.008159868727051,304.9158962735237,0.0,0.0,0.0,1.1129185472630383,10.216981132075471,0.9476190476190476,759.5637809842535,424,0.6627347469329834
core,100,3000000.0,9,1,exclude,launch,0,0.0,prior,0.0,rr_sweep,12600.0,43200,204474.9234867389,0,194510.63851932363,9964.284967415284,0,0,0.0,0,10.956059721120845,23.18731040827865,6968.561876837692,1719.808207738099,4.0519412836171895,2.0061324079590053,303.6907267036159,0.0,0.017892644135188866,0.005964214711729622,1.5958337258311002,14.552910052910052,0.9890710382513661,602.307451638623,378,0.5757246017456055
core,100,3000000.0,7,1,exclude,launch,0,0.0,prior,0.0,rr_sweep,12600.0,43200,263520.18193922675,0,245600.57601181453,17919.605927412216,0,0,0.0,0,10.956059721120845,23.10513353927831,6968.561876837692,1724.8261187018559,4.040153266047707,2.0074104659095466,304.462754047227,0.0,0.02258064516129032,0.0032258064516129032,2.032894394653472,18.719827586206897,0.9726775956284153,759.8819847706606,232,0.619722843170166
core,100,1500000.0,8,11,exclude,launch,0,0.0,prior,0.0,rr_sweep,12600.0,43200,225175.7258297943,0,213138.81111847892,12036.914711315389,0,1,0.14858312947751506,1,4.789315478557101,14.853795775766306,8018.590898655449,1341.8579271055096,5.975737622202795,2.006855054697909,304.12713035121885,0.0,0.0,0.0,0.9384212798760327,9.0,0.9516908212560387,635.9389786193647,573,0.860255241394043
core,100,3000000.0,10,1,exclude,launch,0,0.0,prior,0.0,rr_sweep,12600.0,43200,177891.96326351448,0,170272.17354105806,7619.789722456439,0,0,0.0,0,10.956059721120845,23.15680258451874,6968.561876837692,1722.4558527373326,4.045712907975685,2.0056876215331516,303.4222776315022,0.0,0.016051364365971106,0.0,1.4427733096705377,13.286021505376343,0.9890710382513661,535.9640514867011,465,0.6742343902587891
core,100,3000000.0,8,1,exclude,launch,0,0.0,prior,0.0,rr_sweep,12600.0,43200,222804.80393040637,0,210928.7167554297,11876.08717497666,0,0,0.0,0,10.956059721120845,23.631662295933662,6968.561876837692,1687.0578762099651,4.130600363570698,2.0066227578660416,303.9868129961506,0.0,0.015037593984962405,0.005012531328320802,1.8080914023076817,16.839464882943144,0.9728260869565217,655.6087085020865,299,0.7147326469421387
core,100,3000000.0,6,2,exclude,launch,0,0.0,prior,0.0,rr_sweep,12600.0,43200,299725.5021645974,0,278584.2254323351,21141.27673226226,0,0,0.0,0,12.049285418414861,24.06343074272943,6306.0645414764385,1655.1923649136993,3.8098680704132133,2.008556105597198,305.15562544121593,0.0,0.05531914893617021,0.0,2.3117752846168624,22.551724137931036,0.954954954954955,844.3944933961469,174,0.4902021884918213
core,100,3000000.0,11,1,exclude,launch,0,0.0,prior,0.0,rr_sweep,12600.0,43200,163019.92613156553,0,155919.88727956035,7100.038852005187,0,0,0.0,1,10.956059721120845,23.20694257545499,6968.561876837692,1719.032239075166,4.053770324043926,2.0053400974728186,303.21261347599693,0.0,0.010582010582010581,0.003968253968253968,1.3192572195486945,11.98752228163993,0.9890710382513661,487.48434521784833,561,0.8507521152496338
core,100,3000000.0,7,2,exclude,launch,0,0.0,prior,0.0,rr_sweep,12600.0,43200,254343.11806227398,0,237330.99233676118,17012.125725512793,0,0,0.0,0,12.049285418414861,23.514853744505068,6306.0645414764385,1694.6068860255364,3.7212551143743027,2.0076071709207053,304.5816632672483,0.0,0.03761755485893417,0.0,1.9882096798590596,19.203389830508474,0.9457013574660633,730.9260531954939,236,0.7062323093414307
core,100,3000000.0,4,3,exclude,launch,0,0.0,prior,0.0,rr_sweep,12600.0,43200,478943.8327804302,0,434055.30501545506,44888.52776497519,0,0,0.0,0,9.881769636333438,25.04210980585069,7762.382610686937,1588.7060575824105,4.885977852000656,2.0108307596011072,306.53364736672546,0.0,0.10377358490566038,0.0,3.466140298296336,31.153846153846153,0.9481132075471698,1346.9033008899162,78,0.2930409908294678
core,100,3000000.0,10,2,exclude,launch,0,0.0,prior,0.0,rr_sweep,12600.0,43200,176168.30351952006,0,169386.97453907368,6781.32898044636,0,0,0.0,0,12.049285418414861,23.203911664002607,6306.0645414764385,1718.7900445602845,3.668897525578646,2.005884645584158,303.54117606659025,0.0,0.017377567140600316,0.001579778830963665,1.421151783463831,13.362869198312236,0.9638009049773756,523.5539513593043,474,0.6940937042236328
core,100,3000000.0,5,3,exclude,launch,0,0.0,prior,0.0,rr_sweep,12600.0,43200,388014.2821257009,0,353271.53683466424,34742.7452910367,0,0,0.0,0,9.881769636333438,20.66039415081956,7762.382610686937,1927.2766992935683,4.027643053813804,2.0091266463932,305.50097653823593,0.0,0.07643312101910828,0.0,2.90627057845184,25.704347826086956,0.9528301886792453,1139.8859907452456,115,0.3625483512878418
core,100,3000000.0,8,2,exclude,launch,0,0.0,prior,0.0,rr_sweep,12600.0,43200,217892.85385473366,0,205677.5199113312,12215.333943402435,0,0,0.0,0,12.049285418414861,23.276837248294058,6306.0645414764385,1712.5577620252036,3.6822492538991116,2.006877151321548,304.14047935601866,0.0,0.028985507246376812,0.004830917874396135,1.7398105939489052,16.98697068403909,0.9547511312217195,631.3083339931222,307,0.8402454853057861
core,100,3000000.0,9,2,exclude,launch,0,0.0,prior,0.0,rr_sweep,12600.0,43200,198873.51911816982,0,188339.8736999868,10533.64541818302,0,0,0.0,0,12.049285418414861,23.120601754547685,6306.0645414764385,1724.5794019017703,3.6565811551051004,2.0063544482897653,303.82478267777924,0.0,0.013409961685823755,0.005747126436781609,1.5527906737824908,14.77319587628866,0.9638009049773756,573.7201450008953,388,0.810112714767456
core,100,3000000.0,6,3,exclude,launch,0,0.0,prior,0.0,rr_sweep,12600.0,43200,310932.08180226025,0,286920.4903897484,24011.591412511836,0,0,0.0,0,9.881769636333438,20.394110221292838,7762.382610686937,1953.6452671979976,3.9732815066371194,2.007888143553655,304.75155297481,0.0,0.044642857142857144,0.004464285714285714,2.403537753504229,21.265060240963855,0.9663461538461539,936.7840144188573,166,0.349637508392334
core,100,3000000.0,12,1,exclude,launch,0,0.0,prior,0.0,rr_sweep,12600.0,43200,343776.4174551854,0,331614.535584644,12161.881870541365,0,1,0.6009600349411491,1,10.956059721120845,29.495706593367448,6968.561876837692,1352.9830172713846,5.150516885933625,2.0046512869743083,302.7972625257402,0.0,0.007829977628635347,0.012304250559284116,1.195735924080084,11.732835820895522,0.9726775956284153,419.6775746778524,670,1.230896234512329
core,100,3000000.0,15,1,exclude,launch,0,0.0,prior,0.0,rr_sweep,12600.0,43200,313780.60263871704,0,304069.6701742397,9710.932464477317,0,1,0.6584087292472981,1,10.956059721120845,28.540456799328542,6968.561876837692,1398.683180868648,4.982230409398279,2.0040553613615995,302.4381506036916,0.0,0.0035945363048166786,0.0035945363048166786,0.9605962742176187,9.254770992366412,0.9781420765027322,336.779521102277,1048,1.2423994541168213
core,100,3000000.0,9,3,exclude,launch,0,0.0,prior,0.0,rr_sweep,12600.0,43200,200866.23355276792,0,190662.9664002427,10203.26715252523,0,0,0.0,0,9.881769636333438,22.010785433826285,7762.382610686937,1812.1243889224709,4.28358155661854,2.0057021558729664,303.4310478982598,0.0,0.015748031496062992,0.001968503937007874,1.6103302001305988,14.358288770053475,0.966183574879227,611.6392480356867,374,0.5739085674285889
core,100,3000000.0,11,2,exclude,launch,0,0.0,prior,0.0,rr_sweep,12600.0,43200,159508.93596917499,0,152054.34042506802,7454.595544106982,0,0,0.0,0,12.049285418414861,23.429882270379096,6306.0645414764385,1702.5030682938714,3.7039959920870698,2.005542997195506,303.3350157626765,0.0,0.009079118028534372,0.005188067444876783,1.2700796322460421,12.122837370242214,0.9592760180995475,468.8927492571544,578,1.2394874095916748
core,100,3000000.0,7,3,exclude,launch,0,0.0,prior,0.0,rr_sweep,12600.0,43200,268948.45210609847,0,245864.10963297196,23084.342473126522,0,0,0.0,0,9.881769636333438,22.689022289742088,7762.382610686937,1756.9944991395062,4.417989136840548,2.0067986649303364,304.09306551165247,0.0,0.026402640264026403,0.0,2.0932110773925405,18.6858407079646,0.9619047619047619,785.6420688702482,226,0.6534149646759033
core,100,3000000.0,8,3,exclude,launch,0,0.0,prior,0.0,rr_sweep,12600.0,43200,224915.63868878572,0,210654.87981465706,14260.758874128664,0,0,0.0,0,9.881769636333438,22.055481345354696,7762.382610686937,1808.0389404440698,4.293260746242794,2.0061604612395225,303.7076621285186,0.0,0.022900763358778626,0.002544529262086514,1.8502477081048876,16.73972602739726,0.9808612440191388,672.28678092458,292,0.6439142227172852
core,100,3000000.0,13,1,exclude,launch,0,0.0,prior,0.0,rr_sweep,12600.0,43200,330781.1751025584,0,320490.7409778176,10290.434124740748,0,1,0.6245696653739571,1,10.956059721120845,28.697099036813967,6968.561876837692,1390.8196956680329,5.010399190162878,2.0043850659209403,302.63680819350344,0.0,0.00484027105517909,0.005808325266214908,1.135103767268577,11.067357512953368,0.9781420765027322,384.60130740455867,772,1.5907835960388184
core,100,3000000.0,13,2,exclude,launch,0,0.0,prior,0.0,rr_sweep,12600.0,43200,355584.4067167031,0,336319.6103223661,19264.79639433694,0,1,0.656151726467707,1,12.049285418414861,27.80157246124837,6306.0645414764385,1435.457027506618,4.393070931862058,2.0046124847699813,302.77387336671495,0.0,0.004784688995215311,0.005741626794258373,1.110175847431429,11.348214285714286,0.9638009049773756,370.26407545787094,784,1.365096092224121
core,100,3000000.0,12,2,exclude,launch,0,0.0,prior,0.0,rr_sweep,12600.0,43200,144714.9879207489,0,138567.73507570772,6147.252845041205,0,0,0.0,0,12.049285418414861,23.89024499308093,6306.0645414764385,1670.016998362385,3.776048116671957,2.0051575040406244,303.1024823787534,0.0,0.009977827050997782,0.0033259423503325942,1.190262605336752,11.344725111441308,0.9590909090909091,429.8755763484326,673,1.3960990905761719
core,100,3000000.0,5,4,exclude,launch,0,0.0,prior,0.0,rr_sweep,12600.0,43200,350587.7216592523,0,319325.84676088416,31261.87489836819,0,0,0.0,0,10.702982942635535,23.224319774416266,7141.218427495743,1714.3236493349477,4.165618569320966,2.0093434152841922,305.6322389932674,0.0,0.04294478527607362,0.0,2.79988139770303,27.252100840336134,0.9345794392523364,1023.8707382072901,119,0.30214405059814453
core,100,3000000.0,14,1,exclude,launch,0,0.0,prior,0.0,rr_sweep,12600.0,43200,323294.53674883954,0,312464.30449880427,10830.232250035262,0,1,0.6390330313756889,1,10.956059721120845,28.792641184607035,6968.561876837692,1386.331358650743,5.026620680080335,2.0042017401741123,302.52634049061464,0.0,0.0041356492969396195,0.0033085194375516956,1.0324087281073457,9.9060773480663,0.978021978021978,365.77108584261254,905,1.7627992630004883
core,100,3000000.0,16,1,exclude,launch,0,0.0,prior,0.0,rr_sweep,12600.0,43200,307952.58642287407,0,297975.5735533024,9977.012869571692,0,1,0.6708691433496069,1,10.956059721120845,28.55093508503275,6968.561876837692,1398.263611042525,4.983725401851824,2.003920992518207,302.3572077656227,0.0,0.001273074474856779,0.006365372374283896,0.9044825545857313,8.620338983050848,0.9835164835164835,322.5660839901918,1180,1.732800006866455
core,100,3000000.0,14,2,exclude,launch,0,0.0,prior,0.0,rr_sweep,12600.0,43200,347058.3516285451,0,329758.6122544237,17299.739374121375,0,1,0.6722711649995929,1,12.049285418414861,27.512550473802555,6306.0645414764385,1450.6848463170159,4.346956926920559,2.0044076897096446,302.6504421443596,0.0,0.005012531328320802,0.00835421888053467,1.0401294140435557,10.39977728285078,0.9728506787330317,351.17874302259173,898,1.484116792678833
core,100,3000000.0,16,2,exclude,launch,0,0.0,prior,0.0,rr_sweep,12600.0,43200,330674.46967962297,0,314409.14957425336,16265.320105369578,0,1,0.7055800908918478,1,12.049285418414861,27.129248759278145,6306.0645414764385,1471.3910858079678,4.2857841142986555,2.004121737436554,302.47813907778107,0.0,0.0012642225031605564,0.0037926675094816687,0.9017361531422898,8.930860033726812,0.9590909090909091,309.6616506739358,1186,1.3881125450134277
core,100,3000000.0,10,3,exclude,launch,0,0.0,prior,0.0,rr_sweep,12600.0,43200,178380.11199826444,0,169743.29406858562,8636.817929678822,0,0,0.0,1,9.881769636333438,22.519158346396317,7762.382610686937,1771.5918717138456,4.381586264096806,2.005275987185708,303.1739431236599,0.0,0.004777070063694267,0.004777070063694267,1.435722100914771,12.763326226012794,0.9807692307692307,545.3654121036758,469,0.8475456237792969
core,100,3000000.0,15,2,exclude,launch,0,0.0,prior,0.0,rr_sweep,12600.0,43200,337624.3299622333,0,320135.2323169009,17489.097645332433,0,1,0.6910560100874854,1,12.049285418414861,27.284654857013464,6306.0645414764385,1462.8932283530744,4.310679972574491,2.004282308076973,302.5748862949237,0.0,0.0014419610670511895,0.010093727469358327,0.9577366855824277,9.681075888568683,0.9502262443438914,324.4060660079071,1041,1.660158634185791
core,100,3000000.0,6,4,exclude,launch,0,0.0,prior,0.0,rr_sweep,12600.0,43200,303520.9788277696,0,278944.2730681883,24576.705759581295,0,0,0.0,0,10.702982942635535,22.40999105201353,7141.218427495743,1777.7095817873578,4.017089462000743,2.008109961881691,304.88570857353125,0.0,0.043859649122807015,0.008771929824561403,2.378481042185119,22.089285714285715,0.9439252336448598,875.2416224368378,168,0.5536894798278809
core,100,3000000.0,13,3,exclude,launch,0,0.0,prior,0.0,rr_sweep,12600.0,43200,239143.2186816448,0,214767.62662672013,24375.592054924655,0,1,0.4724400983265705,1,9.881769636333438,27.7261719488818,7762.382610686937,1439.7001295261266,5.3916662584741895,2.0041398843162788,302.4890721824129,0.0,0.0038684719535783366,0.007736943907156673,1.1143494482519951,10.619354838709677,0.9565217391304348,393.81405822128914,775,1.0159854888916016
core,100,3000000.0,8,4,exclude,launch,0,0.0,prior,0.0,rr_sweep,12600.0,43200,227149.2992500013,0,212036.96224847317,15112.337001528114,0,0,0.0,0,10.702982942635535,22.046592754710606,7141.218427495743,1808.4872227331423,3.9487248445710974,2.006471809526259,303.89565101131853,0.0,0.02756892230576441,0.007518796992481203,1.7944128729326962,16.301694915254238,0.9619047619047619,689.11551433372,295,0.6523008346557617
core,100,3000000.0,7,4,exclude,launch,0,0.0,prior,0.0,rr_sweep,12600.0,43200,254428.58314198672,0,236709.79209873188,17718.791043254838,0,0,0.0,0,10.702982942635535,21.213036620422873,7141.218427495743,1878.8092650024496,3.8009278326006295,2.0072637988547495,304.3741081449903,0.0,0.019169329073482427,0.009584664536741214,2.0266649536297785,18.781115879828327,0.9530516431924883,760.6633167851312,233,0.6758010387420654
core,100,3000000.0,12,3,exclude,launch,0,0.0,prior,0.0,rr_sweep,12600.0,43200,248379.86288924085,0,223470.3357866125,24909.527102628337,0,1,0.45473660798325405,1,9.881769636333438,27.869726746797838,7762.382610686937,1432.1255948695098,5.42018286559163,2.004362043200564,302.6229341466035,0.0,0.002242152466367713,0.013452914798206279,1.204308708311386,11.738345864661655,0.9423076923076923,423.4116700413162,665,1.189197063446045
core,100,3000000.0,11,3,exclude,launch,0,0.0,prior,0.0,rr_sweep,12600.0,43200,261147.7797495888,0,235524.78675383673,25622.992995752094,0,1,0.4325770757775542,1,9.881769636333438,28.38729296285396,7762.382610686937,1405.80485942736,5.521664375131597,2.0046611180945124,302.80318866327485,0.0,0.006587615283267457,0.011857707509881422,1.2805138987931266,12.557894736842105,0.9471153846153846,459.8145233502248,570,1.2777090072631836
core,100,3000000.0,19,2,exclude,launch,0,0.0,prior,0.0,rr_sweep,12600.0,43200,316473.46526743006,0,300658.2182034256,15815.247064004468,0,1,0.737241342413968,1,12.049285418414861,27.129132796202114,6306.0645414764385,1471.5832254242375,4.285224534044607,2.0038686315483094,302.32566882200274,0.0,0.0,0.004008908685968819,0.7526257804159755,7.242747187685021,0.9636363636363636,267.9314934234822,1689,1.7427749633789062
core,100,3000000.0,17,2,exclude,launch,0,0.0,prior,0.0,rr_sweep,12600.0,43200,325698.6075754394,0,309455.57811834506,16243.029457094328,0,1,0.7163595942549993,1,12.049285418414861,27.459938654421478,6306.0645414764385,1453.7548595730789,4.3377771017930264,2.004007049046261,302.4090463603742,0.0,0.0005602240896358543,0.004481792717086834,0.8437577194205028,8.317472118959108,0.9547511312217195,293.06593107422185,1345,1.9332950115203857
core,100,3000000.0,5,5,exclude,launch,0,0.0,prior,0.0,rr_sweep,12600.0,43200,358477.09271087707,0,324790.54906061396,33686.5436502631,0,0,0.0,0,11.54863554522297,23.4174339959241,6593.891938148332,1700.360564838419,3.8779374648546576,2.0091374921995886,305.5075434488624,0.0,0.05333333333333334,0.0,3.0490062185273876,27.045454545454547,0.9424778761061947,1125.0073374686262,110,0.3566451072692871
core,100,3000000.0,17,1,exclude,launch,0,0.0,prior,0.0,rr_sweep,12600.0,43200,300392.08769995935,0,291255.84405568073,9136.243644278622,0,1,0.6877540930843793,1,10.956059721120845,28.74963761832931,6968.561876837692,1388.7121369234594,5.018003149504967,2.0037585153337885,302.25934713152725,0.0,0.0005668934240362812,0.002834467120181406,0.8597489492059328,8.208018154311649,0.9835164835164835,299.5644295014048,1322,2.3009796142578125
core,100,3000000.0,9,4,exclude,launch,0,0.0,prior,0.0,rr_sweep,12600.0,43200,192467.94820832726,0,182020.69414961606,10447.254058711214,0,0,0.0,0,10.702982942635535,21.980038350385506,7141.218427495743,1814.4417625928136,3.9357661263765418,2.00594262879161,303.5761717260524,0.0,0.013725490196078431,0.00392156862745098,1.5962856824174432,14.87598944591029,0.9666666666666667,583.0946791779412,379,0.9267446994781494
core,100,3000000.0,7,5,exclude,launch,0,0.0,prior,0.0,rr_sweep,12600.0,43200,255141.1175516861,0,237174.00542870307,17967.112122983024,0,0,0.0,0,11.54863554522297,24.69350609822051,6593.891938148332,1614.322571378978,4.0846185607847465,2.006859231079085,304.1296533627501,0.0,0.013651877133105802,0.0,2.1666461915587094,19.078703703703702,0.96,804.8363714438639,216,0.4106721878051758
core,100,3000000.0,15,3,exclude,launch,0,0.0,prior,0.0,rr_sweep,12600.0,43200,219384.9205837266,0,196387.0388079572,22997.881775769383,0,1,0.5150168630706878,1,9.881769636333438,27.782560839425607,7762.382610686937,1437.0541964414374,5.401593502812104,2.003754753769633,302.25708171454096,0.0,0.002186588921282799,0.002186588921282799,0.9774486019174624,9.329126213592232,0.9468599033816425,341.3442944014346,1030,1.2346231937408447
core,100,3000000.0,10,4,exclude,launch,0,0.0,prior,0.0,rr_sweep,12600.0,43200,177721.38037957103,0,166219.95962458636,11501.420754984674,0,0,0.0,0,10.702982942635535,21.89137454588265,7141.218427495743,1822.1676015672642,3.91907880556844,2.0055275623025848,303.3257035650535,0.0,0.009615384615384616,0.0016025641025641025,1.4436189395909969,13.207343412526997,0.9617224880382775,538.1717692484224,463,0.8737473487854004
core,100,3000000.0,6,5,exclude,launch,0,0.0,prior,0.0,rr_sweep,12600.0,43200,298535.2765485273,0,276911.6904544184,21623.586094108912,0,0,0.0,0,11.54863554522297,23.51541954910761,6593.891938148332,1694.3764666866934,3.891633334026709,2.007831875090157,304.7175265343228,0.0,0.022935779816513763,0.0,2.5257319500435305,22.333333333333332,0.9646017699115044,942.1391845418663,159,0.5211822986602783
core,100,3000000.0,14,3,exclude,launch,0,0.0,prior,0.0,rr_sweep,12600.0,43200,227430.48056489078,0,204530.87757703368,22899.602987857084,0,1,0.4967533066825248,1,9.881769636333438,27.68556369366123,7762.382610686937,1441.9744805798973,5.383162264817098,2.0039138277285273,302.35289205136286,0.0,0.008333333333333333,0.008333333333333333,1.0462956136019108,9.96875,0.9371980676328503,368.04988575864104,896,1.4516572952270508
core,100,3000000.0,12,4,exclude,launch,0,0.0,prior,0.0,rr_sweep,12600.0,43200,314656.65409206506,0,294345.1653722563,20311.488719808818,0,1,0.5865654560945637,1,10.702982942635535,26.54378400656361,7141.218427495743,1503.5428847093303,4.749594108768175,2.0045243328769393,302.7207406025579,0.0,0.005681818181818182,0.00909090909090909,1.2201891342254698,12.126524390243903,0.9521531100478469,413.3695164652995,656,0.932856559753418
core,100,3000000.0,8,5,exclude,launch,0,0.0,prior,0.0,rr_sweep,12600.0,43200,232481.83684707747,0,218092.28231174292,14389.554535334553,0,0,0.0,0,11.54863554522297,22.829919621844482,6593.891938148332,1746.5939631315562,3.775286115340632,2.0062897288182087,303.7857054975072,0.0,0.046511627906976744,0.00516795865633075,1.8684254398824334,15.843205574912892,0.9598214285714286,731.5759491179344,287,0.6127147674560547
core,100,3000000.0,11,4,exclude,launch,0,0.0,prior,0.0,rr_sweep,12600.0,43200,159522.04956583946,0,151110.5544616017,8411.495104237752,0,0,0.0,1,10.702982942635535,21.828080933401274,7141.218427495743,1827.7800273294804,3.907044786964645,2.0051667952423786,303.10808587735033,0.0,0.005390835579514825,0.0013477088948787063,1.3408722493960936,12.194545454545455,0.9569377990430622,490.1057411751569,550,1.1818983554840088
core,100,3000000.0,5,6,exclude,launch,0,0.0,prior,0.0,rr_sweep,12600.0,43200,382681.097517387,0,341975.01040865097,40706.087108736065,0,0,0.0,0,10.104296583726496,21.710837156112873,7584.090639439221,1833.6629076152237,4.136033186875517,2.0095273305174715,305.74362931851977,0.0,0.06369426751592357,0.006369426751592357,2.926984067213517,26.504424778761063,0.9506726457399103,1100.2402143179918,113,0.366168737411499
core,100,3000000.0,10,5,exclude,launch,0,0.0,prior,0.0,rr_sweep,12600.0,43200,178485.44927835712,0,169282.58942310786,9202.85985524926,0,0,0.0,0,11.54863554522297,23.983773079324923,6593.891938148332,1663.398038769179,3.9641094821943166,2.0052858783078307,303.1799091375439,0.0,0.0016474464579901153,0.0,1.477396768219673,12.589912280701755,0.968609865470852,573.828097606357,456,0.8067460060119629
core,100,3000000.0,18,2,exclude,launch,0,0.0,prior,0.0,rr_sweep,12600.0,43200,321150.45474294317,0,304859.866640174,16290.588102769128,0,1,0.726504723647094,1,12.049285418414861,27.019045394762525,6306.0645414764385,1477.5436396456862,4.267937929054081,2.003916721746184,302.3546352604816,0.0,0.0005002501250625312,0.0030015007503751876,0.8027115039393625,7.786,0.954337899543379,279.16854106935574,1500,2.548529624938965
core,100,3000000.0,9,5,exclude,launch,0,0.0,prior,0.0,rr_sweep,12600.0,43200,198408.58731504268,0,187708.79899438078,10699.788320661883,0,0,0.0,0,11.54863554522297,23.262403944598393,6593.891938148332,1714.5943842710574,3.8457445088108457,2.005737051404791,303.45210497052096,0.0,0.012121212121212121,0.00202020202020202,1.636027858775586,14.002702702702702,0.9732142857142857,638.3772346770431,370,0.8606271743774414
core,100,3000000.0,12,5,exclude,launch,0,0.0,prior,0.0,rr_sweep,12600.0,43200,144031.85567056984,0,138965.99372200272,5065.861948567132,0,0,0.0,1,11.54863554522297,22.804113107661706,6593.891938148332,1749.903256130221,3.768146561844925,2.0047617210530504,302.8638348280463,0.0,0.0011441647597254005,0.0011441647597254005,1.2390442093428031,10.575153374233128,0.9730941704035875,478.8906556318372,652,0.8106601238250732
core,100,3000000.0,6,6,exclude,launch,0,0.0,prior,0.0,rr_sweep,12600.0,43200,313678.9219240135,0,283785.1224401244,29893.799483889128,0,0,0.0,0,10.104296583726496,20.768914844347037,7584.090639439221,1918.0019646571077,3.9541620807437874,2.0082932734186896,304.99659756641285,0.0,0.022222222222222223,0.0,2.439353273288048,22.156626506024097,0.9821428571428571,909.5236027858559,166,0.5461153984069824
core,100,3000000.0,7,6,exclude,launch,0,0.0,prior,0.0,rr_sweep,12600.0,43200,270313.51679654315,0,245084.23742380217,25229.279372740973,0,0,0.0,0,10.104296583726496,21.51745364760902,7584.090639439221,1852.167548601907,4.094710894359427,2.007330299804554,304.4142998712998,0.0,0.00974025974025974,0.003246753246753247,2.060092770853171,18.851528384279476,0.96875,775.5114889587023,229,0.5746266841888428
core,100,3000000.0,16,4,exclude,launch,0,0.0,prior,0.0,rr_sweep,12600.0,43200,281930.0456487388,0,264577.8535947125,17352.192054026273,0,1,0.6546543253167715,1,10.702982942635535,26.497091496209816,7141.218427495743,1506.704032999419,4.73962919796505,2.0038436416168848,302.31061704439463,0.0,0.0,0.003182686187141948,0.9053864637140351,8.632203389830508,0.9615384615384616,322.09716153140306,1180,1.3478543758392334
core,100,3000000.0,8,6,exclude,launch,0,0.0,prior,0.0,rr_sweep,12600.0,43200,230103.79911854974,0,214611.33239530318,15492.466723246547,0,0,0.0,0,10.104296583726496,21.495146027609653,7584.090639439221,1854.7823884941813,4.088938242289664,2.0065806670729174,303.96139179748764,0.0,0.012594458438287154,0.0025188916876574307,1.8275131523831376,16.776271186440677,0.9865470852017937,672.8325096348469,295,0.5195338726043701
core,100,3000000.0,14,4,exclude,launch,0,0.0,prior,0.0,rr_sweep,12600.0,43200,297428.27912922675,0,278208.3190242291,19219.960104997706,0,1,0.6205419483347463,1,10.702982942635535,26.608917896419808,7141.218427495743,1500.162076684387,4.760297929460427,2.004124009738641,302.47950808008187,0.0,0.0016542597187758478,0.0041356492969396195,1.0331943050115353,10.017601760176017,0.9569377990430622,361.3237070777319,909,1.47990083694458
core,100,3000000.0,13,4,exclude,launch,0,0.0,prior,0.0,rr_sweep,12600.0,43200,308382.7424640597,0,288615.04009764834,19767.702366411286,0,1,0.5984988730107399,1,10.702982942635535,26.47090550830696,7141.218427495743,1507.82514749974,4.736105137480454,2.0043345236063845,302.60635059229895,0.0,0.0057859209257473485,0.009643201542912247,1.1118956239158577,10.79102564102564,0.9425837320574163,391.3524736411578,780,1.5904104709625244
core,100,3000000.0,11,5,exclude,launch,0,0.0,prior,0.0,rr_sweep,12600.0,43200,158330.51168052803,0,151025.21482502224,7305.296855505771,0,0,0.0,0,11.54863554522297,24.24926282295303,6593.891938148332,1645.4656578036538,4.0073105791522705,2.004945739891312,302.9747820377089,0.0,0.006765899864682003,0.0,1.3366009405776125,11.554954954954955,0.9775784753363229,511.9050357511015,555,1.137843370437622
core,100,3000000.0,15,4,exclude,launch,0,0.0,prior,0.0,rr_sweep,12600.0,43200,290658.93544531707,0,271752.17663351475,18906.75881180229,0,1,0.6349941505769578,1,10.702982942635535,26.4820891625004,7141.218427495743,1507.452441952696,4.737276101556665,2.0039834192429753,302.39481183444485,0.0,0.0028922631959508315,0.006507592190889371,0.9669341912184047,9.265700483091788,0.9663461538461539,341.7039134035456,1035,1.6000187397003174
core,100,3000000.0,4,7,exclude,launch,0,0.0,prior,0.0,rr_sweep,12600.0,43200,481164.76577330794,0,430604.9683332486,50559.79744005941,0,0,0.0,0,9.578630957114198,20.451315578520965,8018.5908986554505,1944.222898730294,4.124316663429959,2.011975476369858,307.22830943220015,0.0,0.14285714285714285,0.0,3.517150188666871,30.93421052631579,0.9184549356223176,1396.4541316435932,76,0.28417468070983887
core,100,3000000.0,5,7,exclude,launch,0,0.0,prior,0.0,rr_sweep,12600.0,43200,369471.8421059602,0,330909.32135101594,38562.520754944264,0,0,0.0,0,9.578630957114198,22.46643333716047,8018.5908986554505,1771.8415597451863,4.525568809780389,2.009698791999554,305.84749516960784,0.0,0.04430379746835443,0.0,2.872505177499593,26.33050847457627,0.9399141630901288,1083.306719763425,118,0.28816795349121094
core,100,3000000.0,9,6,exclude,launch,0,0.0,prior,0.0,rr_sweep,12600.0,43200,203492.00718327652,0,191984.70664421294,11507.300539063588,0,0,0.0,0,10.104296583726496,21.777343105504844,7584.090639439221,1831.1830485888333,4.141634363251537,2.0061034927367882,303.6732714291494,0.0,0.015748031496062992,0.005905511811023622,1.5937658124471434,14.360526315789473,0.9820627802690582,606.8410504395627,380,0.7741641998291016
core,100,3000000.0,6,7,exclude,launch,0,0.0,prior,0.0,rr_sweep,12600.0,43200,305394.73050595424,0,277026.32739156275,28368.40311439151,0,0,0.0,0,9.578630957114198,21.369938485785696,8018.5908986554505,1864.0157071192602,4.301782902381101,2.0083395800141584,305.0246125869387,0.0,0.043478260869565216,0.008695652173913044,2.386776745808734,21.65680473372781,0.9567099567099567,889.9396027003025,169,0.35364794731140137
core,100,3000000.0,13,5,exclude,launch,0,0.0,prior,0.0,rr_sweep,12600.0,43200,287047.954671299,0,272907.30887771957,14140.64579357947,0,1,0.5822589696923561,1,11.54863554522297,27.70064009746506,6593.891938148332,1440.9852531788424,4.575960734922217,2.004198099357904,302.5241468262078,0.0,0.005865102639296188,0.0039100684261974585,1.134431374477699,10.631853785900784,0.9641255605381166,401.77300282164083,766,1.281360149383545
core,100,3000000.0,17,4,exclude,launch,0,0.0,prior,0.0,rr_sweep,12600.0,43200,279054.29543837404,0,261414.22639815375,17640.069040220318,0,1,0.6614007626392592,1,10.702982942635535,25.70312478695556,7141.218427495743,1553.2702737078419,4.597537562119695,2.0038122692243028,302.29172155357315,0.0,0.0005614823133071309,0.003368893879842785,0.8527720738251072,7.928197456993269,0.9663461538461539,309.6330622320713,1337,1.8805439472198486
core,100,3000000.0,14,5,exclude,launch,0,0.0,prior,0.0,rr_sweep,12600.0,43200,281467.70856612053,0,267019.01465842064,14448.693907699877,0,1,0.5938025615465795,1,11.54863554522297,27.558435573169568,6593.891938148332,1448.5497642858554,4.552064485957902,2.0040197954916614,302.4167249217353,0.0,0.004177109440267335,0.001670843776106934,1.0469475697604667,9.537946428571429,0.9775784753363229,384.0931155048702,896,1.3953819274902344
core,100,3000000.0,7,7,exclude,launch,0,0.0,prior,0.0,rr_sweep,12600.0,43200,255214.5656781347,0,234747.4194822018,20467.146195932903,0,0,0.0,0,9.578630957114198,19.072368077429534,8018.5908986554505,2089.3168899196717,3.8379007690708624,2.007617868109852,304.58813044027306,0.0,0.00967741935483871,0.0,2.060545085232552,18.43612334801762,0.9523809523809523,793.0416144211981,227,0.5486741065979004
core,100,3000000.0,17,5,exclude,launch,0,0.0,prior,0.0,rr_sweep,12600.0,43200,262068.5782369613,0,249079.69659376505,12988.881643196233,0,1,0.6377576719177885,1,11.54863554522297,27.507439942034523,6593.891938148332,1451.504145368377,4.542799246691003,2.00364848839748,302.19308647876375,0.0,0.0005621135469364812,0.0022484541877459247,0.852517573694752,7.5176029962546815,0.9865470852017937,326.3632684249411,1335,1.3873605728149414
core,100,3000000.0,10,6,exclude,launch,0,0.0,prior,0.0,rr_sweep,12600.0,43200,177919.7540496468,0,169496.25323528057,8423.500814366265,0,0,0.0,0,10.104296583726496,21.838866174855053,7584.090639439221,1826.4564937683522,4.152352199636409,2.005628850437591,303.3868154497292,0.0,0.006462035541195477,0.0032310177705977385,1.4612685069680684,13.427947598253276,0.9865470852017937,535.0742033746925,458,1.0527081489562988
core,100,3000000.0,11,6,exclude,launch,0,0.0,prior,0.0,rr_sweep,12600.0,43200,424834.35319211043,0,378480.6355653143,46353.717626796046,0,1,0.650251370982644,1,10.104296583726496,27.44930131379563,7584.090639439221,1453.6885199716746,5.217135951233211,2.004875144565366,302.9322168495795,0.0,0.009308510638297872,0.0026595744680851063,1.3120021181893566,12.90391459074733,0.9641255605381166,454.99705944728646,562,1.0767052173614502
core,100,3000000.0,18,5,exclude,launch,0,0.0,prior,0.0,rr_sweep,12600.0,43200,254857.59153159062,0,242249.21756703965,12608.373964550974,0,1,0.6558025026242593,1,11.54863554522297,27.747456168694274,6593.891938148332,1439.028417162683,4.582183269979782,2.0035373488360113,302.1261631526432,0.0,0.0,0.0,0.8019037391683157,7.169322709163347,0.9775784753363229,303.3029266035893,1506,1.5289978981018066
core,100,3000000.0,5,8,exclude,launch,0,0.0,prior,0.0,rr_sweep,12600.0,43200,345484.7176470941,0,317282.20328401757,28202.51436307653,0,0,0.0,0,11.375354133388866,24.20389785523255,6699.414751861177,1644.6593493406563,4.073436091520698,2.0096883610129392,305.84117590949865,0.0,0.09550561797752809,0.0056179775280898875,2.532945265835462,25.962406015037594,0.9518716577540107,976.3393341340769,133,0.4166834354400635
core,100,3000000.0,8,7,exclude,launch,0,0.0,prior,0.0,rr_sweep,12600.0,43200,220697.42835450772,0,207154.9032414331,13542.525113074627,0,0,0.0,0,9.578630957114198,21.949027538453976,8018.5908986554505,1816.3195627933694,4.414746756525284,2.006699964705793,304.03344568159326,0.0,0.012345679012345678,0.012345679012345678,1.7723662997630771,16.0,0.9606986899563319,688.5527156065075,300,0.7698259353637695
core,100,3000000.0,12,6,exclude,launch,0,0.0,prior,0.0,rr_sweep,12600.0,43200,410379.0397345824,0,365797.0095706123,44582.03016397019,0,1,0.6731478866433218,1,10.104296583726496,27.31240248230463,7584.090639439221,1461.1530282009885,5.1904834696041116,2.004630717280686,302.78486343117186,0.0,0.002232142857142857,0.008928571428571428,1.1899480541985283,11.705357142857142,0.968609865470852,417.85367397853423,672,1.2198426723480225
core,100,3000000.0,15,5,exclude,launch,0,0.0,prior,0.0,rr_sweep,12600.0,43200,272450.79857572506,0,259132.84927861788,13317.949297107221,0,1,0.6134547860125077,1,11.54863554522297,27.45148112520999,6593.891938148332,1454.2963610009297,4.534077176408555,2.0038780498588813,302.3313416965412,0.0,0.006545454545454545,0.002181818181818182,0.9748328237314938,8.875968992248062,0.9730941704035875,358.56378840026883,1032,1.8315656185150146
core,100,3000000.0,6,8,exclude,launch,0,0.0,prior,0.0,rr_sweep,12600.0,43200,276613.80216480227,0,260461.34398409267,16152.458180709604,0,0,0.0,0,11.375354133388866,25.518338880747386,6699.414751861177,1561.1116259892588,4.291438639191374,2.0081845820509443,304.9308454455712,0.0,0.04048582995951417,0.004048582995951417,2.192210482802272,22.494565217391305,0.9510869565217391,787.8566172501568,184,0.526820182800293
core,100,3000000.0,9,7,exclude,launch,0,0.0,prior,0.0,rr_sweep,12600.0,43200,194555.40003850372,0,182622.45263076999,11932.947407733747,0,0,0.0,0,9.578630957114198,21.46861900926499,8018.5908986554505,1857.4743764443365,4.316932174324261,2.006148357856948,303.7003554054702,0.0,0.00984251968503937,0.001968503937007874,1.592170445877264,14.24074074074074,0.9650655021834061,614.1932639195343,378,0.91487717628479
core,100,3000000.0,10,7,exclude,launch,0,0.0,prior,0.0,rr_sweep,12600.0,43200,315384.9093495195,0,286447.46599782223,28937.44335169727,0,1,0.49626316374918916,1,9.578630957114198,26.62206109369936,8018.5908986554505,1498.5146772016744,5.351025932978756,2.0053367381762888,303.2105871380819,0.0,0.00974025974025974,0.00974025974025974,1.4458348987425973,14.08874458874459,0.9606986899563319,501.2834175449165,462,0.9353814125061035
core,100,3000000.0,15,6,exclude,launch,0,0.0,prior,0.0,rr_sweep,12600.0,43200,382975.8773080649,0,340544.1071527403,42431.770155324666,0,1,0.7213402949603406,1,10.104296583726496,27.20399666995315,7584.090639439221,1467.429838007637,5.168281605706147,2.0040102034478733,302.4109465882319,0.0,0.0036258158085569255,0.00435097897026831,0.9724506219914885,9.34108527131783,0.9551569506726457,340.9960396379473,1032,1.2620623111724854
core,100,3000000.0,12,7,exclude,launch,0,0.0,prior,0.0,rr_sweep,12600.0,43200,286978.0790571941,0,261344.31771122702,25633.761345967076,0,1,0.5454045738970064,1,9.578630957114198,26.871401403400036,8018.5908986554505,1485.1085919612592,5.3993296800377175,2.004663393211663,302.804560097872,0.0,0.00681044267877412,0.0056753688989784334,1.219844131063438,11.818873668188736,0.9517543859649122,424.9899442090647,657,0.9113717079162598
core,100,3000000.0,7,8,exclude,launch,0,0.0,prior,0.0,rr_sweep,12600.0,43200,236485.38269742738,0,221575.88412132236,14909.498576105014,0,0,0.0,0,11.375354133388866,24.999020695318148,6699.414751861177,1594.31787786922,4.20205709592546,2.0072065930707987,304.33953633758557,0.0,0.0364741641337386,0.00911854103343465,1.9254376530334498,19.79423868312757,0.967391304347826,691.886948640187,243,0.629340410232544
core,100,3000000.0,8,8,exclude,launch,0,0.0,prior,0.0,rr_sweep,12600.0,43200,206109.9889543561,0,194921.29670746232,11188.692246893768,0,0,0.0,0,11.375354133388866,24.49253714143585,6699.414751861177,1627.8265804247621,4.1155580283699775,2.0065411746985573,303.93754090906566,0.0,0.026066350710900472,0.011848341232227487,1.6803906703658307,16.9625,0.9728260869565217,611.8849010223028,320,0.5653321743011475
core,100,3000000.0,11,7,exclude,launch,0,0.0,prior,0.0,rr_sweep,12600.0,43200,299452.47007781576,0,271513.30609676905,27939.163981046717,0,1,0.5226805465086849,1,9.578630957114198,26.547344676817417,8018.5908986554505,1502.9897124120432,5.335093668596689,2.004993137611943,303.0033619941292,0.0,0.002663115845539281,0.007989347536617843,1.3148714093474074,12.765652951699463,0.9473684210526315,461.0134842835377,559,1.0669772624969482
core,100,3000000.0,16,5,exclude,launch,0,0.0,prior,0.0,rr_sweep,12600.0,43200,268421.77661412425,0,255081.67916454465,13340.09744957961,0,1,0.6226627677063555,1,11.54863554522297,27.421363896877903,6593.891938148332,1455.968084418712,4.528871208588965,2.0037755808210975,302.26962499581947,0.0,0.0018975332068311196,0.0031625553447185324,0.9026060271545419,8.019442096365173,0.9775784753363229,344.39155708437664,1183,2.004790782928467
core,100,3000000.0,4,9,exclude,launch,0,0.0,prior,0.0,rr_sweep,12600.0,43200,501917.69771448366,0,448960.7054780026,52956.99223648108,0,0,0.0,0,9.704835701495995,18.812651684520198,7909.979841733408,2113.9253427203753,3.741844464362297,2.0116402982645125,307.0248279218135,0.0,0.1485148514851485,0.0,3.6308991906747856,30.84,0.9398907103825137,1466.2885652412501,75,0.21111512184143066
core,100,3000000.0,13,6,exclude,launch,0,0.0,prior,0.0,rr_sweep,12600.0,43200,399708.662578595,0,355839.1771694728,43869.485409122244,0,1,0.6911177539941443,1,10.104296583726496,27.23289998844139,7584.090639439221,1465.6061921077128,5.174712470702934,2.004374203343997,302.6302621028666,0.0,0.00862895493767977,0.007670182166826462,1.1133043042992155,10.9029374201788,0.968609865470852,384.6917873068921,783,1.6256029605865479
core,100,3000000.0,5,9,exclude,launch,0,0.0,prior,0.0,rr_sweep,12600.0,43200,389211.49644408305,0,352692.51041644666,36518.98602763637,0,0,0.0,0,9.704835701495995,20.558392873606355,7909.979841733408,1936.5487614719204,4.084575611574706,2.009427719580938,305.68329631751186,0.0,0.08387096774193549,0.0,2.9428906534651684,25.57017543859649,0.9611111111111111,1147.6141787105826,114,0.27512621879577637
core,100,3000000.0,14,7,exclude,launch,0,0.0,prior,0.0,rr_sweep,12600.0,43200,269004.00196253794,0,243880.21200373798,25123.789958799985,0,1,0.581812087486041,1,9.578630957114198,26.856793079422843,8018.5908986554505,1486.2372294398904,5.395229469307111,2.0042306433812005,302.543755531746,0.0,0.0008368200836820083,0.0033472803347280333,1.0430269065571778,9.804226918798665,0.960352422907489,372.6112672749415,899,1.1149883270263672
core,100,3000000.0,14,6,exclude,launch,0,0.0,prior,0.0,rr_sweep,12600.0,43200,392200.5691237609,0,349744.99311699753,42455.576006763346,0,1,0.704338291902707,1,10.104296583726496,27.85810904795977,7584.090639439221,1432.8315833576366,5.293078912782607,2.0042099182646567,302.5312679823324,0.0,0.0024916943521594683,0.012458471760797342,1.0221781521863218,9.87748344370861,0.972972972972973,366.2265231686412,906,1.7732620239257812
core,100,3000000.0,13,7,exclude,launch,0,0.0,prior,0.0,rr_sweep,12600.0,43200,276466.2687670854,0,250812.81378523514,25653.454981850227,0,1,0.5660891795855234,1,9.578630957114198,26.839284605431313,8018.5908986554505,1487.0557613966687,5.392259730142365,2.004434168965852,302.66639993583647,0.0,0.003883495145631068,0.005825242718446602,1.122722525253256,10.802069857697283,0.947136563876652,392.97719381553947,773,1.3075251579284668
core,100,3000000.0,11,8,exclude,launch,0,0.0,prior,0.0,rr_sweep,12600.0,43200,149386.9388019064,0,143992.2769560947,5394.661845811702,0,0,0.0,0,11.375354133388866,23.70232864694806,6699.414751861177,1683.175831303639,3.9802227594204487,2.0052544321482104,303.16094200608626,0.0,0.01171875,0.009114583333333334,1.2787337325957064,12.513937282229966,0.988950276243094,458.24107266186684,574,0.8198370933532715
core,100,3000000.0,7,9,exclude,launch,0,0.0,prior,0.0,rr_sweep,12600.0,43200,269581.1289354672,0,252558.8846799744,17022.244255492806,0,0,0.0,0,9.704835701495995,21.407443427297043,7909.979841733408,1861.8577310491605,4.248434082703042,2.00714473037554,304.3021523769656,0.0,0.029605263157894735,0.0,2.084749634173197,18.241071428571427,0.9775280898876404,807.0436315103312,224,0.4096486568450928
core,100,3000000.0,6,9,exclude,launch,0,0.0,prior,0.0,rr_sweep,12600.0,43200,307750.08955537487,0,288928.5548566714,18821.53469870352,0,0,0.0,0,9.704835701495995,23.60341281364504,7909.979841733408,1687.9717216363956,4.686085519291234,2.0079367029580824,304.7809191510028,0.0,0.021929824561403508,0.0,2.425581831556727,21.62874251497006,0.9720670391061452,903.7540763856389,167,0.45364832878112793
core,100,3000000.0,10,8,exclude,launch,0,0.0,prior,0.0,rr_sweep,12600.0,43200,164784.93420799304,0,157809.4498837372,6975.48432425585,0,0,0.0,0,11.375354133388866,23.965430636897455,6699.414751861177,1664.4549538796944,4.02499012439204,2.0055463511973244,303.33703932187586,0.0,0.012718600953895072,0.006359300476947536,1.4196768763943355,13.959574468085107,0.9834254143646409,502.8961625694961,470,0.9399764537811279
core,100,3000000.0,9,8,exclude,launch,0,0.0,prior,0.0,rr_sweep,12600.0,43200,179357.29086918608,0,171498.44174754366,7858.849121642402,0,0,0.0,0,11.375354133388866,23.81672471586336,6699.414751861177,1674.502357067702,4.000839248499375,2.00595962207042,303.5864283708188,0.0,0.015384615384615385,0.007692307692307693,1.569348856710446,15.8203125,0.9835164835164835,538.0573660497192,384,1.0189948081970215
core,100,3000000.0,4,10,exclude,launch,0,0.0,prior,0.0,rr_sweep,12600.0,43200,499212.52176182164,0,437489.0603795008,61723.461382320864,0,0,0.0,0,9.684680006655784,19.09436992217295,7927.135773030543,2082.593301051648,3.8063772552363315,2.011778617390654,307.1087911826829,0.0,0.1553398058252427,0.0,3.6070071781975024,32.093333333333334,0.9230769230769231,1397.2120040320683,75,0.21553516387939453
core,100,3000000.0,8,9,exclude,launch,0,0.0,prior,0.0,rr_sweep,12600.0,43200,235242.0560163555,0,222699.87966185308,12542.176354502411,0,0,0.0,0,9.704835701495995,22.607664953355606,7909.979841733408,1763.6626978110799,4.484973147955477,2.0064056827425523,303.8557194769508,0.0,0.022388059701492536,0.004975124378109453,1.7938468981771538,15.56810631229236,0.9831460674157303,709.1988451477745,301,0.6310999393463135
core,100,3000000.0,5,10,exclude,launch,0,0.0,prior,0.0,rr_sweep,12600.0,43200,379883.3911194845,0,342393.007756724,37490.38336276047,0,0,0.0,0,9.684680006655784,21.733331069469173,7927.135773030543,1831.7637311367296,4.327597297775535,2.0095288032803054,305.74452139576965,0.0,0.08125,0.0,2.8934417156165293,25.991304347826087,0.9436619718309859,1081.0621423895343,115,0.27954673767089844
core,100,3000000.0,10,9,exclude,launch,0,0.0,prior,0.0,rr_sweep,12600.0,43200,184967.8268482736,0,177324.20310438817,7643.623743885406,0,0,0.0,1,9.704835701495995,21.660066999728688,7909.979841733408,1841.595963381606,4.295176574566776,2.0055608208306386,303.3457693168763,0.0,0.021035598705501618,0.0,1.4538136758261655,12.587852494577007,0.9831460674157303,560.2015211477355,461,0.6416001319885254
core,100,3000000.0,16,6,exclude,launch,0,0.0,prior,0.0,rr_sweep,12600.0,43200,374055.2031736855,0,331995.3775237737,42059.82564991185,0,1,0.7385434308439002,1,10.104296583726496,27.66545707131162,7584.090639439221,1443.0809575524613,5.25548521706102,2.003832616346931,302.3039764925772,0.0,0.0006357279084551812,0.0019071837253655435,0.9118065482022254,8.816326530612244,0.9684684684684685,316.0103064019643,1176,2.108276128768921
core,100,3000000.0,15,7,exclude,launch,0,0.0,prior,0.0,rr_sweep,12600.0,43200,258262.35534587546,0,234462.20153753302,23800.153808342442,0,1,0.6058959523297931,1,9.578630957114198,26.934414037909246,8018.5908986554505,1482.075560704817,5.410379275697741,2.004066411701425,302.4448077320924,0.0,0.0014534883720930232,0.0014534883720930232,0.9730332842516916,9.310077519379846,0.9559471365638766,341.4506622479698,1032,1.5975849628448486
core,100,3000000.0,6,10,exclude,launch,0,0.0,prior,0.0,rr_sweep,12600.0,43200,321537.0838625912,0,285541.9340701211,35995.14979247011,0,0,0.0,0,9.684680006655784,19.71015415464211,7927.135773030543,2020.9530225829642,3.922474042914136,2.008370102600278,305.04307914542835,0.0,0.05333333333333334,0.0044444444444444444,2.4204006207096174,21.753012048192772,0.9315068493150684,926.9278162563086,166,0.45508623123168945
core,100,3000000.0,9,9,exclude,launch,0,0.0,prior,0.0,rr_sweep,12600.0,43200,206277.54130699002,0,195021.31453733268,11256.226769657329,0,0,0.0,0,9.704835701495995,21.88386890327388,7909.979841733408,1822.4391667232317,4.3403258589726486,2.0059164601894706,303.5603774640344,0.0,0.008,0.0,1.6159560894448561,14.064,0.9831460674157303,626.9992747330151,375,0.8952603340148926
core,100,3000000.0,12,8,exclude,launch,0,0.0,prior,0.0,rr_sweep,12600.0,43200,277140.1888150978,0,269642.5924437727,7497.5963713251085,0,1,0.5478459371821712,1,11.375354133388866,29.80752713146729,6699.414751861177,1338.8797325389096,5.003746482260298,2.00457574716333,302.7517295366287,0.0,0.011956521739130435,0.020652173913043477,1.1633329876104685,12.281112737920937,0.9779005524861878,391.8419398161945,683,1.28352952003479
core,100,3000000.0,7,10,exclude,launch,0,0.0,prior,0.0,rr_sweep,12600.0,43200,278007.68746622436,0,250698.02145792235,27309.66600830205,0,0,0.0,0,9.684680006655784,21.001762746869144,7927.135773030543,1897.7135848026455,4.177203470804543,2.007259733077606,304.3716509638711,0.0,0.02631578947368421,0.0,2.076437432437649,18.24888888888889,0.9444444444444444,807.406846253745,225,0.5366933345794678
core,100,3000000.0,12,9,exclude,launch,0,0.0,prior,0.0,rr_sweep,12600.0,43200,334033.0034693103,0,321387.34298382606,12645.660485484204,0,1,0.5890961212274564,1,9.704835701495995,27.96214519321677,7909.979841733408,1427.3360394839426,5.541778265889849,2.0044409604389735,302.6704929022703,0.0,0.006772009029345372,0.003386004514672686,1.2149252734958453,11.527987897125568,0.9831460674157303,431.84614202664005,661,0.8977565765380859
core,100,3000000.0,9,10,exclude,launch,0,0.0,prior,0.0,rr_sweep,12600.0,43200,208608.13997721343,0,194512.98040048953,14095.159576723901,0,0,0.0,0,9.684680006655784,21.555660522054144,7927.135773030543,1850.0611203470942,4.284796694469918,2.00605379616316,303.6432722322917,0.0,0.013944223107569721,0.00398406374501992,1.6098053502678347,14.25201072386059,0.9675925925925926,616.8329057626877,373,0.5738074779510498
core,100,3000000.0,13,9,exclude,launch,0,0.0,prior,0.0,rr_sweep,12600.0,43200,322935.2167508253,0,311164.97560589935,11770.24114492591,0,1,0.6093406246787881,1,9.704835701495995,28.170101842916857,7909.979841733408,1416.9382361266455,5.582445049514788,2.0042442669872305,302.55196433301603,0.0,0.003861003861003861,0.007722007722007722,1.1124558298342178,10.607969151670952,0.9831460674157303,397.6146139208052,778,0.999880313873291
core,100,3000000.0,8,10,exclude,launch,0,0.0,prior,0.0,rr_sweep,12600.0,43200,233704.9112140711,0,215129.21346658334,18575.697747487728,0,0,0.0,0,9.684680006655784,21.23273055704096,7927.135773030543,1877.6797744248288,4.2217719341727395,2.0066083269453303,303.97809716270297,0.0,0.024875621890547265,0.0024875621890547263,1.8019161454123356,16.11371237458194,0.9674418604651163,686.3769278418646,299,0.7823283672332764
core,100,3000000.0,4,11,exclude,launch,0,0.0,prior,0.0,rr_sweep,12600.0,43200,519153.6042119962,0,457577.5919441745,61576.01226782177,0,0,0.0,0,9.578630957114202,23.58945860982998,8018.590898655449,1686.4956503558924,4.754587358089733,2.0108829316191343,306.5652904316687,0.0,0.09615384615384616,0.0,3.545940709295928,32.60526315789474,0.933649289099526,1321.1045684074636,76,0.35065317153930664
core,100,3000000.0,14,8,exclude,launch,0,0.0,prior,0.0,rr_sweep,12600.0,43200,260825.71911535595,0,253770.1237370184,7055.595378337559,0,1,0.5821133245111502,1,11.375354133388866,28.833007733060516,6699.414751861177,1384.4128235540988,4.839174152303988,2.004169391466128,302.50685002723606,0.0,0.0065252854812398045,0.013050570962479609,1.006680047061399,10.326110509209101,0.9833333333333333,345.0464502926399,923,1.5581772327423096
core,100,3000000.0,5,11,exclude,launch,0,0.0,prior,0.0,rr_sweep,12600.0,43200,403004.5111755469,0,370019.92110183893,32984.59007370804,0,0,0.0,0,9.578630957114202,21.832270365745618,8018.590898655449,1823.9152034590998,4.396361674845407,2.009030095751972,305.44252023997007,0.0,0.07975460122699386,0.006134969325153374,2.7930883105566355,25.091666666666665,0.9380952380952381,1103.8248054523335,120,0.38115811347961426
core,100,3000000.0,13,8,exclude,launch,0,0.0,prior,0.0,rr_sweep,12600.0,43200,268548.1780460716,0,261166.01900213186,7382.159043939755,0,1,0.5653738840343365,1,11.375354133388866,29.76736946940372,6699.414751861177,1340.8374438955034,4.9964406814278135,2.0043492579569113,302.61522958757956,0.0,0.002824858757062147,0.013182674199623353,1.0710708470630943,11.077018633540373,0.9779005524861878,366.94440012853187,805,1.6741893291473389
core,100,3000000.0,11,9,exclude,launch,0,0.0,prior,0.0,rr_sweep,12600.0,43200,343735.8024016266,0,329575.21543066564,14160.586970960921,0,1,0.572467416343819,1,9.704835701495995,27.85976859554785,7909.979841733408,1432.357518957538,5.522350207293391,2.0047538214024616,302.85907248685487,0.0,0.009320905459387484,0.007989347536617843,1.3062805084443987,12.807486631016042,0.9775280898876404,458.34878156880177,561,1.3029119968414307
core,100,3000000.0,6,11,exclude,launch,0,0.0,prior,0.0,rr_sweep,12600.0,43200,348430.3607988995,0,315109.0921799789,33321.268618920585,0,0,0.0,0,9.578630957114202,21.97080669666295,8018.590898655449,1813.5134564504738,4.421577832871423,2.0078127208747123,304.70594410706724,0.0,0.06550218340611354,0.004366812227074236,2.368031376690144,21.38235294117647,0.9523809523809523,921.1732151412235,170,0.4551701545715332
core,100,3000000.0,11,10,exclude,launch,0,0.0,prior,0.0,rr_sweep,12600.0,43200,253776.9686319749,0,242477.85012596226,11299.118506012652,0,1,0.41776277615944246,1,9.684680006655784,26.593489669442427,7927.135773030543,1500.4744208206944,5.283086244612383,2.0048692756625073,302.9286783511475,0.0,0.0026954177897574125,0.008086253369272238,1.333731814228209,13.083636363636364,0.9674418604651163,458.8030626515545,550,0.8033425807952881
core,100,3000000.0,10,10,exclude,launch,0,0.0,prior,0.0,rr_sweep,12600.0,43200,187050.62937873762,0,174469.73405747072,12580.895321266871,0,0,0.0,1,9.684680006655784,19.83578153960193,7927.135773030543,2010.6838709293404,3.9425072671252948,2.005842718513536,303.5158723160101,0.0,0.01487603305785124,0.0,1.4992390233476263,13.145089285714286,0.9674418604651163,559.9274833036511,448,0.8388454914093018
core,100,3000000.0,7,11,exclude,launch,0,0.0,prior,0.0,rr_sweep,12600.0,43200,282602.7712623701,0,264058.81133129005,18543.959931080008,0,0,0.0,0,9.578630957114202,23.061463704446126,8018.590898655449,1728.6329808863004,4.63868906084632,2.0067825866479176,304.08335303324145,0.0,0.03821656050955414,0.0,2.0271958273333586,18.40772532188841,0.9569377990430622,775.6693632441434,233,0.43066906929016113
core,100,3000000.0,12,10,exclude,launch,0,0.0,prior,0.0,rr_sweep,12600.0,43200,242569.83358644042,0,231949.30038316845,10620.53320327197,0,1,0.4370641203546076,1,9.684680006655784,26.771577853522523,7927.135773030543,1490.6877465601326,5.317770801647072,2.0046074367242417,302.7708305764953,0.0,0.004524886877828055,0.006787330316742082,1.209661520608793,11.762121212121212,0.9624413145539906,419.02002670096306,660,0.9068470001220703
core,100,3000000.0,16,8,exclude,launch,0,0.0,prior,0.0,rr_sweep,12600.0,43200,246477.20438513116,0,239769.81322606493,6707.3911590662365,0,1,0.6160006839213025,1,11.375354133388866,28.76398039265509,6699.414751861177,1387.9673991470981,4.8267810583864925,2.0038339829145357,302.30479957621793,0.0,0.0006353240152477764,0.010800508259212199,0.8998479225400914,9.116101694915255,0.9944444444444445,305.2830517401735,1180,1.8250739574432373
core,100,3000000.0,8,11,exclude,launch,0,0.0,prior,0.0,rr_sweep,12600.0,43200,247964.93325133642,0,229353.81586605991,18611.1173852765,0,0,0.0,0,9.578630957114202,22.65013228738738,8018.590898655449,1760.543988879607,4.5546097963495935,2.0061913952419785,303.72633715769985,0.0,0.027227722772277228,0.0049504950495049506,1.7780910898364592,16.278145695364238,0.9665071770334929,677.6170036572464,302,0.5050735473632812
core,100,3000000.0,4,12,exclude,launch,0,0.0,prior,0.0,rr_sweep,12600.0,43200,509028.59719153505,0,434331.9952027685,74696.6019887666,0,0,0.0,0,9.578630957114198,22.339319025807576,8018.5908986554505,1780.0659125731374,4.504659542108945,2.011796151245184,307.1194355023702,0.0,0.12,0.0,3.7118685886572456,32.6986301369863,0.944954128440367,1429.4654659317705,73,0.28304219245910645
core,100,3000000.0,5,12,exclude,launch,0,0.0,prior,0.0,rr_sweep,12600.0,43200,384195.1116510951,0,346837.5471575433,37357.564493551814,0,0,0.0,0,9.578630957114198,20.041766793156988,8018.5908986554505,1986.0779484171505,4.0373998941209965,2.0098224507479783,305.9224146103958,0.0,0.0392156862745098,0.0,3.0117696846295514,26.08108108108108,0.9488372093023256,1149.117064151477,111,0.2630341053009033
core,100,3000000.0,15,8,exclude,launch,0,0.0,prior,0.0,rr_sweep,12600.0,43200,252739.19875627753,0,246265.57569413364,6473.623062143871,0,1,0.6007383390443721,1,11.375354133388866,29.88238307265049,6699.414751861177,1335.9230203074865,5.014820951523979,2.0039797309826115,302.39259006717504,0.0,0.001430615164520744,0.0178826895565093,0.9390721015757212,9.68785578747628,0.9888888888888889,321.70552178654447,1054,2.024745225906372
core,100,3000000.0,9,11,exclude,launch,0,0.0,prior,0.0,rr_sweep,12600.0,43200,219791.62140260622,0,205757.81301760522,14033.808385000999,0,0,0.0,0,9.578630957114202,22.686232913903467,8018.590898655449,1758.2399529307188,4.560578256278204,2.0056237142054374,303.3837163717018,0.0,0.023809523809523808,0.001984126984126984,1.6209179315430695,14.53887399463807,0.9567307692307693,602.1831382527523,373,0.582594633102417
core,100,3000000.0,7,12,exclude,launch,0,0.0,prior,0.0,rr_sweep,12600.0,43200,267544.36270969425,0,251294.85023747236,16249.51247222191,0,0,0.0,0,9.578630957114198,19.35527520895726,8018.5908986554505,2058.8095473986114,3.8947706011890526,2.0075874059413925,304.56971418351134,0.0,0.019867549668874173,0.0,2.0999498171907045,17.941964285714285,0.9672897196261683,814.2139671021249,224,0.4065580368041992
core,100,3000000.0,6,12,exclude,launch,0,0.0,prior,0.0,rr_sweep,12600.0,43200,319154.0756692786,0,295310.0896497024,23843.986019576205,0,0,0.0,0,9.578630957114198,20.24690926521569,8018.5908986554505,1967.2341084068219,4.076073541216384,2.0085155790028892,305.1311019274599,0.0,0.03125,0.0,2.447959726515792,20.87272727272727,0.9626168224299065,969.2855174180935,165,0.43164563179016113
core,100,3000000.0,15,9,exclude,launch,0,0.0,prior,0.0,rr_sweep,12600.0,43200,303007.56986752874,0,291869.0703041158,11138.499563412914,0,1,0.6494146228483884,1,9.704835701495995,28.085248867963987,7909.979841733408,1421.4867908845085,5.564582022469225,2.003866947989633,302.32465477980605,0.0,0.0035842293906810036,0.002150537634408602,0.9657233718731586,9.212440191387559,0.9830508474576272,341.47183848880917,1045,1.5710375308990479
core,100,3000000.0,18,8,exclude,launch,0,0.0,prior,0.0,rr_sweep,12600.0,43200,234509.78950190125,0,228763.74119296612,5746.04830893515,0,1,0.6474361978437552,1,11.375354133388866,28.80104917767602,6699.414751861177,1386.3369381882976,4.832457801071183,2.0036085825279697,302.16905607714006,0.0,0.0,0.0075,0.7986764417032343,8.039307128580946,0.9944444444444445,270.82745275644135,1501,2.142207145690918
paper,50,1500000.0,2,1,exclude,launch,0,0.0,prior,0.0,rr_sweep,12600.0,43200,571412.1807190292,0,341154.3980506291,230257.78266839997,0,0,0.0,0,5.547228662646519,5.505166800240001,6877.474519126179,3610.556071964311,1.9048241827704153,2.0124051275103487,307.48924266277356,0.0,0.020833333333333332,0.0,3.782446635953853,19.97222222222222,0.7608200455580866,2308.1471250564014,36,0.08601093292236328
paper,50,1500000.0,3,1,exclude,launch,0,0.0,prior,0.0,rr_sweep,12600.0,43200,365329.45825134893,0,248388.2079591628,116941.25029218616,0,0,0.0,0,5.547228662646519,6.094645117569171,6877.474519126179,3266.6865653079226,2.105336518099005,2.0091117915157293,305.4919823328254,0.0,0.0,0.0,2.527152440899879,12.54320987654321,0.8071748878923767,1624.6277608703833,81,0.12401700019836426
core,100,3000000.0,8,12,exclude,launch,0,0.0,prior,0.0,rr_sweep,12600.0,43200,233364.1097116263,0,218799.85336453476,14564.25634709156,0,0,0.0,0,9.578630957114198,20.65791300567526,8018.5908986554505,1929.785215493645,4.155172728175488,2.0067559898017557,304.0672869005138,0.0,0.02278481012658228,0.002531645569620253,1.8411793500894038,15.761092150170649,0.9436619718309859,720.0698878183463,293,0.47565293312072754
core,100,3000000.0,14,9,exclude,launch,0,0.0,prior,0.0,rr_sweep,12600.0,43200,310344.61332299386,0,299080.4640915615,11264.149231432342,0,1,0.6340614215879121,1,9.704835701495995,27.24487623247987,7909.979841733408,1465.1880263771704,5.398610758027865,2.0040649232448873,302.44391102722835,0.0,0.002497918401332223,0.0016652789342214821,1.040908733147462,10.012208657047724,0.9887005649717514,362.9533820901251,901,1.7925665378570557
paper,50,1500000.0,4,1,exclude,launch,0,0.0,prior,0.0,rr_sweep,12600.0,43200,297017.3785189725,0,209102.9247876998,87914.4537312727,0,0,0.0,0,5.547228662646519,4.668370626313206,6877.474519126179,4264.750893245008,1.6126321774196697,2.009097414236228,305.48327742547264,0.0,0.0,0.0,1.9468068881874179,8.242647058823529,0.8242009132420092,1443.3396889908938,136,0.15801715850830078
paper,50,1500000.0,5,1,exclude,launch,0,0.0,prior,0.0,rr_sweep,12600.0,43200,236481.45318772143,0,177442.01359132165,59039.43959639977,0,0,0.0,0,5.547228662646519,5.250842553541322,6877.474519126179,3790.090753791353,1.8145936247691203,2.0099320983784885,305.98885300055304,0.0,0.0,0.0,1.3092607634688567,5.003861003861004,0.8314606741573034,1277.3680354677902,259,0.2030177116394043
core,100,3000000.0,14,10,exclude,launch,0,0.0,prior,0.0,rr_sweep,12600.0,43200,222938.7852147718,0,214122.99772468244,8815.787490089378,0,1,0.4755501418870948,1,9.684680006655784,26.836350501555952,7927.135773030543,1487.413845239525,5.329475585023884,2.004170714745487,302.5076473057388,0.0,0.002514668901927913,0.005029337803855826,1.0436558045674733,9.998885172798216,0.9577464788732394,366.56817853719537,897,1.450493335723877
core,100,3000000.0,17,8,exclude,launch,0,0.0,prior,0.0,rr_sweep,12600.0,43200,240115.5662299647,0,234530.72116326969,5584.845066694994,0,1,0.6323210479692121,1,11.375354133388866,29.042561442813728,6699.414751861177,1374.7400872105948,4.873222810760229,2.003708190077248,302.2290392484436,0.0,0.0,0.010135135135135136,0.8455371862621549,8.512012012012011,0.9944444444444445,288.86068458936194,1332,2.423741340637207
paper,50,1500000.0,2,2,exclude,launch,0,0.0,prior,0.0,rr_sweep,12600.0,43200,770445.7036263641,0,435732.0803600113,334713.62326635286,0,0,0.0,0,4.6708069662053155,7.047579484948445,8230.497347191886,2820.9930429543642,2.9175886724528275,2.011953751934584,307.21511881634467,0.0,0.0,0.0,3.9109169472209255,16.571428571428573,0.6673511293634496,2928.7884464022154,35,0.0821378231048584
core,100,3000000.0,13,10,exclude,launch,0,0.0,prior,0.0,rr_sweep,12600.0,43200,233173.46722471283,0,223364.89504077737,9808.57218393546,0,1,0.45467682152210565,1,9.684680006655784,26.979628835062456,7927.135773030543,1479.3516605003936,5.358520211718405,2.0043916864842717,302.6407979636159,0.0,0.00862895493767977,0.007670182166826462,1.1077021943999796,10.680715197956577,0.9624413145539906,394.31215604877207,783,1.5641462802886963
paper,50,1500000.0,7,1,exclude,launch,0,0.0,prior,0.0,rr_sweep,12600.0,43200,636681.7104113516,0,577980.0519840694,58701.65842728222,0,3,0.7398807804039343,6,5.547228662646519,5.470337577830527,6877.474519126179,3639.988201572295,1.8894222009168737,2.00884249861136,305.3289561013236,0.0,0.0,0.0,1.0841884521642264,3.619815668202765,0.867579908675799,1046.1525714709373,434,0.19814419746398926
paper,50,1500000.0,3,2,exclude,launch,0,0.0,prior,0.0,rr_sweep,12600.0,43200,514362.5467869684,0,314658.7024093271,199703.8443776414,0,0,0.0,0,4.6708069662053155,4.635844445455628,8230.497347191886,4290.780555620289,1.918181841392739,2.0109201808397352,306.58788360871284,0.0,0.0,0.0,2.2648714668170893,8.241379310344827,0.7542735042735043,2210.127465232984,87,0.10563802719116211
paper,50,1500000.0,6,1,exclude,launch,0,0.0,prior,0.0,rr_sweep,12600.0,43200,412759.12834298774,0,367992.06853928213,44767.059803705626,0,1,0.5438599702316144,1,5.547228662646519,5.7089488986673045,6877.474519126179,3488.8489162601036,1.9712732434680882,2.0082680215611672,304.981320990861,0.0,0.0,0.0,1.1989154945682239,4.461309523809524,0.8442437923250564,1095.001982228063,336,0.25664663314819336
core,100,3000000.0,10,12,exclude,launch,0,0.0,prior,0.0,rr_sweep,12600.0,43200,438694.69886968896,0,387819.79713480844,50874.90173488052,0,1,0.6240373642695334,1,9.578630957114198,25.91596106300696,8018.5908986554505,1539.3187180806601,5.209181701274731,2.0053681719980014,303.229548379981,0.0,0.008130081300813009,0.004878048780487805,1.45454138077288,13.858695652173912,0.9383886255924171,517.9087198497713,460,0.7042942047119141
core,100,3000000.0,9,12,exclude,launch,0,0.0,prior,0.0,rr_sweep,12600.0,43200,207017.11274677358,0,196169.69500489067,10847.417741882924,0,0,0.0,0,9.578630957114198,20.95415089444776,8018.5908986554505,1902.9862143463524,4.213688379981101,2.0062464339541686,303.7595657536444,0.0,0.009940357852882704,0.007952286282306162,1.606201578078056,13.74468085106383,0.976303317535545,636.8952765557796,376,0.749807596206665
paper,50,1500000.0,2,3,exclude,launch,0,0.0,prior,0.0,rr_sweep,12600.0,43200,857699.0066971069,0,464617.766181721,393081.2405153859,0,0,0.0,0,5.385587312792127,4.203490593572028,7093.897473043144,4724.068891232368,1.5016498777587808,2.0143442311128976,308.6682657576047,0.0,0.021739130434782608,0.0,3.9094344232794005,16.558823529411764,0.6571428571428571,2845.671638145178,34,0.08000874519348145
paper,50,1500000.0,4,2,exclude,launch,0,0.0,prior,0.0,rr_sweep,12600.0,43200,350320.8777100633,0,239060.32883443002,111260.5488756333,0,0,0.0,0,4.6708069662053155,6.0410741169607025,8230.497347191886,3296.9844006651506,2.496371334220272,2.00830160318118,305.0016368933214,0.0,0.0,0.0,1.7245629555907551,6.248407643312102,0.8037190082644629,1692.8937337621644,157,0.15263724327087402
core,100,3000000.0,10,11,exclude,launch,0,0.0,prior,0.0,rr_sweep,12600.0,43200,210425.91620173707,0,199572.04354620364,10853.87265553343,0,1,0.15899806749129736,1,9.578630957114202,29.629911148339254,8018.590898655449,1346.7162391742177,5.95418000125424,2.0048576443296615,302.92166561032695,0.0,0.00946372239747634,0.006309148264984227,1.4055575309603812,14.0083857442348,0.9663461538461539,494.00578552445995,477,1.150355339050293
paper,50,1500000.0,3,3,exclude,launch,0,0.0,prior,0.0,rr_sweep,12600.0,43200,428841.54011702444,0,279793.97852208925,149047.5615949352,0,0,0.0,0,5.385587312792127,5.721536186593989,7093.897473043144,3478.505366086674,2.0393521718276935,2.0098084352132153,305.9139227483289,0.0,0.009615384615384616,0.0,2.6092621466384633,11.285714285714286,0.7624190064794817,1895.4054563116554,77,0.08551335334777832
paper,50,1500000.0,5,2,exclude,launch,0,0.0,prior,0.0,rr_sweep,12600.0,43200,583822.7105654003,0,486334.21418089134,97488.49638450895,0,2,0.5572135903806116,2,4.6708069662053155,5.425390875448702,8230.497347191886,3671.0939196945938,2.241974062019257,2.008322543363936,305.014305436775,0.0,0.0,0.0,1.39257801648501,4.8,0.8283898305084746,1410.4079418911144,240,0.19104456901550293
paper,50,1500000.0,8,1,exclude,launch,0,0.0,prior,0.0,rr_sweep,12600.0,43200,1609617.9261252917,0,1440123.5703928883,169494.35573240335,0,9,0.9378614965353538,14,5.547228662646519,5.665181276653863,6877.474519126179,3513.7253982904767,1.957317018134729,2.0094553577837964,305.70003580752365,0.0,0.0,0.0,0.9303670745519552,3.160344827586207,0.7853881278538812,894.8741051353039,580,0.37519049644470215
paper,50,1500000.0,7,2,exclude,launch,0,0.0,prior,0.0,rr_sweep,12600.0,43200,1141669.2114307408,0,1051286.3425241862,90382.86890655443,0,5,0.848728053656106,7,4.6708069662053155,5.639500535663946,8230.497347191886,3531.893510171115,2.330335646725977,2.0082221290592877,304.9535584574527,0.0,0.0,0.0,1.0560481796913184,3.2142857142857144,0.8502109704641351,1135.8528255070883,448,0.1830439567565918
core,100,3000000.0,15,10,exclude,launch,0,0.0,prior,0.0,rr_sweep,12600.0,43200,233336.3235746868,0,206573.5379803865,26762.785594300323,0,1,0.5365177464486208,1,9.684680006655784,26.444386770421758,7927.135773030543,1509.5700169355553,5.2512541214369906,2.0040254164709,302.4201110758694,0.0,0.005784526391901663,0.0,0.9704693189415681,9.180327868852459,0.9577464788732394,343.91324846734693,1037,1.651158332824707
core,100,3000000.0,12,11,exclude,launch,0,0.0,prior,0.0,rr_sweep,12600.0,43200,179155.62144573132,0,170994.76164720717,8160.859798524133,0,1,0.18675000960713165,1,9.578630957114202,28.786185821405237,8018.590898655449,1386.6013593706339,5.7829100227444,2.00426083852215,302.5619495367635,0.0,0.003389830508474576,0.005649717514124294,1.2083026267877635,11.850903614457831,0.9519230769230769,416.33047474503945,664,1.2503845691680908
paper,50,1500000.0,4,3,exclude,launch,0,0.0,prior,0.0,rr_sweep,12600.0,43200,348736.74819916853,0,236623.0817885064,112113.66641066215,0,0,0.0,0,5.385587312792127,4.9067616483432115,7093.897473043144,4054.3193635275297,1.7497135368416012,2.010699054018908,306.4537733384146,0.0,0.004672897196261682,0.0,1.6732922432415462,6.25,0.8105726872246696,1617.1617744700848,160,0.15303874015808105
paper,50,1500000.0,3,4,exclude,launch,0,0.0,prior,0.0,rr_sweep,12600.0,43200,543240.4373257367,0,335752.18397299765,207488.25335273903,0,0,0.0,0,4.949329094370788,5.199584781722862,7748.570140310145,3825.946343542903,2.025268899389429,2.0107239565869985,306.46887492566304,0.0,0.0,0.0,2.5106415285429726,9.265822784810126,0.7084188911704312,2234.532680503341,79,0.07300877571105957
paper,50,1500000.0,6,2,exclude,launch,0,0.0,prior,0.0,rr_sweep,12600.0,43200,661265.0843313506,0,591167.2173219715,70097.86700937919,0,3,0.7072642965996107,3,4.6708069662053155,5.667725541208298,8230.497347191886,3515.0490608308887,2.341502836733197,2.00779694406277,304.6964041386772,0.0,0.0,0.0,1.2101755800504326,4.273273273273273,0.8541666666666666,1158.96782389521,333,0.2640526294708252
paper,50,1500000.0,2,4,exclude,launch,0,0.0,prior,0.0,rr_sweep,12600.0,43200,854156.3263515233,0,462666.3690478692,391489.95730365417,0,0,0.0,0,4.949329094370788,6.591065278032014,7748.570140310145,3014.701883785261,2.570260821471686,2.013075234686043,307.89642934025454,0.0,0.0,0.0,3.892387749282194,16.441176470588236,0.6363636363636364,2865.218692672321,34,0.08250880241394043
paper,50,1500000.0,5,3,exclude,launch,0,0.0,prior,0.0,rr_sweep,12600.0,43200,324122.7326425283,0,225211.0931747563,98911.63946777204,0,0,0.0,0,5.385587312792127,4.81570163258436,7093.897473043144,4131.494387706664,1.7170294347128154,2.0104498895064946,306.30269376110607,0.0,0.0,0.0,1.446835897047846,4.545454545454546,0.8056155507559395,1559.1364533049057,231,0.17754364013671875
core,100,3000000.0,11,11,exclude,launch,0,0.0,prior,0.0,rr_sweep,12600.0,43200,192702.09601672404,0,182864.65955953638,9837.436457187696,0,1,0.17362195179889647,1,9.578630957114202,30.68998503436664,8018.590898655449,1300.4709646587976,6.1659130550133225,2.0044381044294273,302.6687716889345,0.0,0.002642007926023778,0.007926023778071334,1.3068662567196074,13.00886524822695,0.9519230769230769,446.9455786734346,564,1.3183999061584473
core,100,3000000.0,12,12,exclude,launch,0,0.0,prior,0.0,rr_sweep,12600.0,43200,414846.99529093044,0,367567.07158068207,47279.92371024834,0,1,0.659924523565985,1,9.578630957114198,26.1940080796908,8018.5908986554505,1523.4489121137697,5.2634458792121475,2.0047495969677778,302.85652578207373,0.0,0.003424657534246575,0.007990867579908675,1.2225134854219024,11.125,0.9619047619047619,451.7020806946726,656,0.8588323593139648
paper,50,1500000.0,9,1,exclude,launch,0,0.0,prior,0.0,rr_sweep,12600.0,43200,2786923.2174512725,0,2433297.6968463915,353625.52060488093,0,15,0.9796623694163521,20,5.547228662646519,6.21481334227179,6877.474519126179,3207.3761684448486,2.144268136300595,2.0066979357676775,304.03222016367073,0.0,0.0,0.0,0.8661682643976208,3.183381088825215,0.6735159817351598,736.8216588757339,698,0.4386913776397705
paper,50,1500000.0,8,2,exclude,launch,0,0.0,prior,0.0,rr_sweep,12600.0,43200,1963181.8725807397,0,1727175.2954332887,236006.57714745103,0,10,0.9348323483323681,17,4.6708069662053155,5.91074036371315,8230.497347191886,3371.8005482255307,2.4409798947103587,2.007040940586239,304.23943680504505,0.0,0.0,0.0,0.9647187256583767,2.663082437275986,0.7647058823529411,1104.9839850072556,558,0.30555295944213867
paper,50,1500000.0,6,3,exclude,launch,0,0.0,prior,0.0,rr_sweep,12600.0,43200,643341.881665257,0,546212.2617602911,97129.61990496593,0,2,0.6413111566937629,3,5.385587312792127,5.860426785604839,7093.897473043144,3398.4937084675666,2.0873651922227308,2.008372547679757,305.0445584742491,0.0,0.0,0.0,1.1975968869815277,3.9226190476190474,0.8223684210526315,1237.7322400166256,336,0.23354721069335938
paper,50,1500000.0,2,5,exclude,launch,0,0.0,prior,0.0,rr_sweep,12600.0,43200,692915.3264955925,0,398876.2769741295,294039.04952146293,0,0,0.0,0,5.240392698674983,4.577447532040873,7299.682415679881,4341.384959521058,1.6814179078201772,2.0128356649764156,307.75082527446546,0.0,0.02127659574468085,0.0,3.8419325899527115,15.2,0.6278118609406953,3119.0515116923907,35,0.07801032066345215
paper,50,1500000.0,4,4,exclude,launch,0,0.0,prior,0.0,rr_sweep,12600.0,43200,411370.2761246994,0,263107.545292314,148262.73083238536,0,0,0.0,0,4.949329094370788,5.4712285461737595,7748.570140310145,3638.3632817515618,2.1296856691506267,2.0094123841494445,305.67400838227974,0.0,0.0,0.0,1.811694534564347,6.25,0.7905544147843943,1752.7114758609484,148,0.14151906967163086
paper,50,1500000.0,5,4,exclude,launch,0,0.0,prior,0.0,rr_sweep,12600.0,43200,441878.4093734761,0,278716.6548054961,163161.75456797998,0,0,0.0,1,4.949329094370788,4.41617820739969,7748.570140310145,4501.536466632647,1.721316754345084,2.012114210900401,307.3125527719625,0.0,0.0,0.0,1.4664567605561796,3.8558951965065504,0.7648261758691206,1874.3715631912426,229,0.15552639961242676
core,100,3000000.0,13,11,exclude,launch,0,0.0,prior,0.0,rr_sweep,12600.0,43200,167596.40732382206,0,160071.6911920864,7524.716131735641,0,1,0.1996302579536619,1,9.578630957114202,29.951536665718056,8018.590898655449,1332.8150593217208,6.016281735844257,2.004015088423414,302.41388933456267,0.0,0.007714561234329798,0.01253616200578592,1.1057813241321124,10.85,0.9567307692307693,384.8191521356027,780,1.3864109516143799
paper,50,1500000.0,3,5,exclude,launch,0,0.0,prior,0.0,rr_sweep,12600.0,43200,442378.2964591934,0,271202.3010940301,171175.9953651633,0,0,0.0,0,5.240392698674983,5.458288698790595,7299.682415679881,3647.299554145018,2.0013937180959176,2.0092411089117266,305.57028477521146,0.0,0.0,0.0,2.5507320356043235,9.987341772151899,0.7333333333333333,2093.1925320392133,79,0.11151838302612305
paper,50,1500000.0,5,5,exclude,launch,0,0.0,prior,0.0,rr_sweep,12600.0,43200,323529.05700287124,0,216524.61750594588,107004.43949692539,0,0,0.0,0,5.240392698674983,4.740959705212771,7299.682415679881,4198.04981926823,1.738827010145464,2.009768981196282,305.8900186158529,0.0,0.0,0.0,1.4490315749894205,4.163793103448276,0.7612244897959184,1703.7703690407172,232,0.11201596260070801
paper,50,1500000.0,7,3,exclude,launch,0,0.0,prior,0.0,rr_sweep,12600.0,43200,1072881.3349259016,0,946359.730029611,126521.60489629068,0,5,0.8503611473368146,6,5.385587312792127,6.110513423366697,7093.897473043144,3260.2821661826765,2.1758538406965804,2.007830746676209,304.7168441837774,0.0,0.0,0.0,1.0327242176652156,3.4583333333333335,0.8135964912280702,1038.1868734820362,456,0.3125627040863037
paper,50,1500000.0,4,5,exclude,launch,0,0.0,prior,0.0,rr_sweep,12600.0,43200,394853.17260164575,0,251260.37084071944,143592.80176092632,0,0,0.0,0,5.240392698674983,4.499937019040195,7299.682415679881,4422.26816499873,1.6506648044221393,2.0100575012204893,306.06484673153363,0.0,0.0,0.0,1.786884432779901,5.54,0.7535641547861507,1981.5805393000117,150,0.1430187225341797
paper,50,1500000.0,2,6,exclude,launch,0,0.0,prior,0.0,rr_sweep,12600.0,43200,783921.8171056027,0,441144.25929649634,342777.5578091063,0,0,0.0,0,5.492649806966811,4.324552913560105,6949.126209101812,4592.770136499602,1.5130576977662802,2.0139285843365586,308.4153522404214,0.0,0.0,0.0,3.7434184323145003,14.5,0.6754966887417219,3238.74256903694,36,0.07750868797302246
paper,50,1500000.0,8,3,exclude,launch,0,0.0,prior,0.0,rr_sweep,12600.0,43200,2350962.683875688,0,2103576.1059458475,247386.5779298403,0,12,0.9676284073324942,14,5.385587312792127,6.8005786095254175,7093.897473043144,2932.882095059538,2.418746217242373,2.005485480101444,303.3003152084494,0.0,0.0,0.0,0.9553526389922051,3.8099467140319714,0.789010989010989,763.9428625563339,563,0.2705531120300293
paper,50,1500000.0,6,4,exclude,launch,0,0.0,prior,0.0,rr_sweep,12600.0,43200,771572.5906857101,0,650556.5847681501,121016.00591755996,0,4,0.6160264762940476,6,4.949329094370788,5.13147980811929,7748.570140310145,3875.03872323658,1.99961102165148,2.0115985792924223,306.99950568793406,0.0,0.0,0.0,1.12680764640809,2.8739495798319328,0.7991803278688525,1600.0532394177287,357,0.19502711296081543
paper,50,1500000.0,7,4,exclude,launch,0,0.0,prior,0.0,rr_sweep,12600.0,43200,1415157.8545514892,0,1226441.8528836726,188716.0016678167,0,7,0.8652837997117193,9,4.949329094370788,5.810249136693848,7748.570140310145,3427.722119416248,2.2605595991631176,2.008443548378268,305.0875170797256,0.0,0.0,0.0,1.0392014219724932,2.86784140969163,0.7893660531697342,1260.177580899638,454,0.17652130126953125
paper,50,1500000.0,3,6,exclude,launch,0,0.0,prior,0.0,rr_sweep,12600.0,43200,513784.9258517103,0,311625.71859959874,202159.2072521116,0,0,0.0,0,5.492649806966811,4.28734617486294,6949.126209101812,4637.907741711624,1.4983321351142769,2.0116357016367634,307.022037847832,0.0,0.0,0.0,2.3562860154138043,8.333333333333334,0.7449664429530202,2270.5077055854185,84,0.10351848602294922
paper,50,1500000.0,6,5,exclude,launch,0,0.0,prior,0.0,rr_sweep,12600.0,43200,773579.7737828869,0,649295.5867489242,124284.1870339627,0,3,0.6807745057660824,5,5.240392698674983,4.752175969540063,7299.682415679881,4186.379165276614,1.7436744564912234,2.0106149947550227,306.40280028710833,0.0,0.0,0.0,1.2391566757711354,3.3466257668711656,0.7847082494969819,1508.281575231523,326,0.19803905487060547
paper,50,1500000.0,2,7,exclude,launch,0,0.0,prior,0.0,rr_sweep,12600.0,43200,828962.2059138829,0,458751.56865064095,370210.6372632419,0,0,0.0,0,5.03597052905245,5.602000365928191,7609.524904069072,3546.1440988876825,2.145858908118243,2.013541008959626,308.17961305286894,0.0,0.0,0.0,3.4938443604072855,12.552631578947368,0.6153846153846154,3405.6210589335246,38,0.07502079010009766
paper,50,1500000.0,3,7,exclude,launch,0,0.0,prior,0.0,rr_sweep,12600.0,43200,521255.38073735544,0,311298.6496792402,209956.73105811526,0,0,0.0,0,5.03597052905245,6.40720697330455,7609.524904069072,3106.221304557911,2.4497690788815474,2.009827776128753,305.92564123234297,0.0,0.0,0.0,2.3426228721153493,8.275862068965518,0.7097457627118644,2288.3422111260643,87,0.07951807975769043
core,100,3000000.0,11,12,exclude,launch,0,0.0,prior,0.0,rr_sweep,12600.0,43200,422650.4316122979,0,375294.64631864487,47355.78529365298,0,1,0.6477394863205534,1,9.578630957114198,27.295617921181147,8018.5908986554505,1461.8116600993776,5.485378942804661,2.0049596412567725,302.9831641664821,0.0,0.005412719891745603,0.005412719891745603,1.3227570158511568,12.520720720720721,0.9523809523809523,472.1799888489431,555,1.0893704891204834
paper,50,1500000.0,4,6,exclude,launch,0,0.0,prior,0.0,rr_sweep,12600.0,43200,351849.85828779044,0,240707.86526495707,111141.99302283337,0,0,0.0,0,5.492649806966811,4.918795101728984,6949.126209101812,4046.6312355274667,1.7172620396175073,2.009590782073889,305.78206417456994,0.0,0.0,0.0,1.8177990043310168,6.243243243243243,0.8089887640449438,1762.0559215354247,148,0.13752079010009766
paper,50,1500000.0,7,5,exclude,launch,0,0.0,prior,0.0,rr_sweep,12600.0,43200,1293590.9729182746,0,1111937.8254275771,181653.14749069733,0,8,0.8846572821709908,9,5.240392698674983,5.442939001127104,7299.682415679881,3659.111615265006,1.9949329736833437,2.008403025684469,305.0629986628776,0.0,0.0,0.0,1.0500129523330173,3.0,0.7433808553971487,1223.366928116143,448,0.21554207801818848
paper,50,1500000.0,5,6,exclude,launch,0,0.0,prior,0.0,rr_sweep,12600.0,43200,342062.48707001074,0,235642.11139755454,106420.3756724562,0,0,0.0,0,5.492649806966811,4.6631739476213685,6949.126209101812,4264.0279787711925,1.6297093367347957,2.0116773664165555,307.0473281158614,0.0,0.0,0.0,1.3680677430772994,3.840816326530612,0.8009049773755657,1745.7443841766526,245,0.1585245132446289
core,100,3000000.0,14,12,exclude,launch,0,0.0,prior,0.0,rr_sweep,12600.0,43200,392295.4737294207,0,345714.0747482165,46581.39898120423,0,1,0.6978572108805314,1,9.578630957114198,26.294419414130843,8018.5908986554505,1517.9845420216113,5.2823929866746235,2.004283042019756,302.5753285465365,0.0,0.004233700254022015,0.004233700254022015,1.0562488943066666,9.68587570621469,0.9619047619047619,383.40084017415,885,1.0618677139282227
paper,50,1500000.0,4,7,exclude,launch,0,0.0,prior,0.0,rr_sweep,12600.0,43200,453489.8840869226,0,278006.59274691506,175483.29134000753,0,0,0.0,0,5.03597052905245,5.062442905288452,7609.524904069072,3930.457492027119,1.9360405040647033,2.0102809138127826,306.2002574443173,0.0,0.0,0.0,1.699642876225838,5.025316455696203,0.7478632478632479,2063.61315598296,158,0.11802840232849121
paper,50,1500000.0,2,8,exclude,launch,0,0.0,prior,0.0,rr_sweep,12600.0,43200,829839.9891740408,0,465094.9767008384,364745.0124732024,0,0,0.0,0,4.785052335032881,5.455710536144095,8026.03187300879,3642.106075481217,2.203678779989499,2.0130570412857187,307.88537066957247,0.0,0.0,0.0,3.7906271719467335,14.305555555555555,0.6341991341991342,3234.8884578446027,36,0.0510103702545166
paper,50,1500000.0,5,7,exclude,launch,0,0.0,prior,0.0,rr_sweep,12600.0,43200,334598.71233670006,0,218251.77390400067,116346.93843269939,0,0,0.0,0,5.03597052905245,5.6438349082566255,7609.524904069072,3527.865852635582,2.1569768301660854,2.008970812991028,305.40663044033266,0.0,0.0,0.0,1.389885043107535,4.1570247933884295,0.7876857749469215,1638.377826458046,242,0.12652897834777832
paper,50,1500000.0,6,6,exclude,launch,0,0.0,prior,0.0,rr_sweep,12600.0,43200,615090.1153416926,0,484763.3963134268,130326.7190282658,0,2,0.5197904217235866,2,5.492649806966811,4.791386738800254,6949.126209101812,4151.3089452949935,1.6739602618537475,2.0110075889785914,306.64090349169146,0.0,0.0,0.0,1.2317115737601703,3.1951219512195124,0.825,1564.0301296344196,328,0.18303275108337402
paper,50,1500000.0,9,3,exclude,launch,0,0.0,prior,0.0,rr_sweep,12600.0,43200,2929468.4418126633,0,2564735.2069750754,364733.2348375878,0,15,0.9785314211540111,21,5.385587312792127,7.049703211905227,7093.897473043144,2829.031731062892,2.5075354917910038,2.00563240936681,303.3889628306688,0.0,0.0,0.0,0.8370165742166171,2.9168975069252077,0.6914660831509847,775.897898444788,722,0.4090590476989746
paper,50,1500000.0,7,6,exclude,launch,0,0.0,prior,0.0,rr_sweep,12600.0,43200,2346398.651331854,0,1988057.5595141219,358341.09181773214,0,11,0.9448938128070203,16,5.492649806966811,5.178952241998457,6949.126209101812,3845.083685577131,1.8072756739126152,2.0086870921909403,305.23489498578425,0.0,0.0,0.0,1.0931571696211813,2.9976744186046513,0.7227272727272728,1273.471900378377,430,0.18603253364562988
paper,50,1500000.0,8,4,exclude,launch,0,0.0,prior,0.0,rr_sweep,12600.0,43200,2747009.6013614736,0,2379314.038091178,367695.56327029516,0,13,0.9598182593884029,17,4.949329094370788,6.3883262993406875,7748.570140310145,3118.9976732134305,2.4843141778707944,2.0075106127942473,304.5232904679119,0.0,0.0,0.0,0.8869325201590834,2.4678747940691927,0.7034764826175869,1097.1609840289402,607,0.32905077934265137
paper,50,1500000.0,3,8,exclude,launch,0,0.0,prior,0.0,rr_sweep,12600.0,43200,542361.5894910073,0,345879.5414319607,196482.04805904662,0,0,0.0,0,4.785052335032881,4.6320898161782855,8026.03187300879,4294.52976734539,1.868896551617101,2.01079317359462,306.5108519356453,0.0,0.0,0.0,2.5263560413263435,8.278481012658228,0.7272727272727273,2504.946396887414,79,0.0900111198425293
paper,50,1500000.0,2,9,exclude,launch,0,0.0,prior,0.0,rr_sweep,12600.0,43200,881405.1539413186,0,498785.68420103245,382619.4697402862,0,0,0.0,0,5.052756717411576,4.469836261068335,7583.137266203306,4443.477392298821,1.7065772134558317,2.013934779935751,308.41912138900796,0.0,0.0,0.0,3.8990298052979937,14.285714285714286,0.6569037656903766,3364.3441157157104,35,0.051500797271728516
paper,50,1500000.0,8,5,exclude,launch,0,0.0,prior,0.0,rr_sweep,12600.0,43200,2637364.181204861,0,2265506.2136589815,371857.9675458795,0,16,0.9690581273660815,17,5.240392698674983,6.046700254862583,7299.682415679881,3295.83282671495,2.2148218066496055,2.0071340374689584,304.29569082855755,0.0,0.0,0.0,0.8845391753852698,2.425287356321839,0.6365503080082136,1111.6475692847353,609,0.29755091667175293
paper,50,1500000.0,4,8,exclude,launch,0,0.0,prior,0.0,rr_sweep,12600.0,43200,416064.60086331225,0,275569.61619589006,140494.98466742222,0,0,0.0,0,4.785052335032881,5.1710971605644245,8026.03187300879,3849.310743497094,2.085056886240665,2.009529201961599,305.7447628839668,0.0,0.0,0.0,1.78621917698036,5.526666666666666,0.7582417582417582,1990.2522712580621,150,0.12051510810852051
paper,50,1500000.0,3,9,exclude,launch,0,0.0,prior,0.0,rr_sweep,12600.0,43200,541714.4074985716,0,342299.49323368404,199414.91426488754,0,0,0.0,0,5.052756717411576,4.954054965410174,7583.137266203306,4015.2169048130845,1.8885996562510277,2.010898542795273,306.5747591476819,0.0,0.008771929824561403,0.0,2.384640867617997,8.333333333333334,0.7557894736842106,2323.3416518496847,84,0.07750320434570312
paper,50,1500000.0,6,7,exclude,launch,0,0.0,prior,0.0,rr_sweep,12600.0,43200,585634.009011153,0,515424.6730595447,70209.3359516083,0,2,0.6137541811121145,3,5.03597052905245,5.810401281629361,7609.524904069072,3427.8972669328687,2.219881259999877,2.0082883392177973,304.9936125007753,0.0,0.0,0.0,1.211233369874997,3.6876876876876876,0.8304721030042919,1339.1233275266757,333,0.20153331756591797
paper,50,1500000.0,2,10,exclude,launch,0,0.0,prior,0.0,rr_sweep,12600.0,43200,729016.0898378766,0,397144.717183734,331871.3726541427,0,0,0.0,0,4.601112145414482,4.7172410860329705,8360.21699446392,4211.504797554954,1.985090222221178,2.0134211163311004,308.1067077077323,0.0,0.0,0.0,3.8087947292142093,15.083333333333334,0.6323851203501094,3099.569731906936,36,0.05310463905334473
paper,50,1500000.0,5,8,exclude,launch,0,0.0,prior,0.0,rr_sweep,12600.0,43200,442031.96364924725,0,349603.04870635434,92428.91494289294,0,1,0.3621532253969165,1,4.785052335032881,5.771758250919605,8026.03187300879,3451.5095796928313,2.325368563433937,2.0079032180309175,304.7606690751237,0.0,0.0,0.0,1.4906437381642823,4.898230088495575,0.8101545253863135,1493.5410229033407,226,0.13311195373535156
paper,50,1500000.0,4,9,exclude,launch,0,0.0,prior,0.0,rr_sweep,12600.0,43200,521182.02284323226,0,321011.07150715584,200170.9513360764,0,0,0.0,0,5.052756717411576,4.318627325069606,7583.137266203306,4604.370465035314,1.6469433386796661,2.0116110081736993,307.0070495574625,0.0,0.0,0.0,1.7752351787919345,4.973333333333334,0.7690677966101694,2171.8614580821954,150,0.1096048355102539
paper,50,1500000.0,6,9,exclude,launch,0,0.0,prior,0.0,rr_sweep,12600.0,43200,1074802.1956766956,0,839638.4060584991,235163.7896181964,0,5,0.6801430910890153,8,5.052756717411576,4.519177134322125,7583.137266203306,4397.488933670407,1.7244244114274476,2.0127779763164533,307.7157687934951,0.0,0.0,0.0,1.2163641597731634,2.6486486486486487,0.7048832271762208,1865.9587334373675,333,0.12410426139831543
paper,50,1500000.0,5,9,exclude,launch,0,0.0,prior,0.0,rr_sweep,12600.0,43200,494092.89938104834,0,313642.76378740254,180450.13559364586,0,0,0.0,0,5.052756717411576,4.196953715636599,7583.137266203306,4734.650117661668,1.601625690970474,2.012972864956436,307.8342075414148,0.0,0.0,0.0,1.4578782290960113,3.3217391304347825,0.7834394904458599,2132.9756587446204,230,0.12810301780700684
paper,50,1500000.0,2,11,exclude,launch,0,0.0,prior,0.0,rr_sweep,12600.0,43200,878143.7658631494,0,477223.40462891257,400920.36123423686,0,0,0.0,0,5.369437041051388,4.785487713308412,7116.237207150667,4153.482981042229,1.7133180127693692,2.012432630366803,307.5059493094331,0.0,0.0,0.0,3.943623356908419,14.411764705882353,0.6609071274298056,3438.6420947831557,34,0.05049943923950195
paper,50,1500000.0,3,10,exclude,launch,0,0.0,prior,0.0,rr_sweep,12600.0,43200,445302.32023505657,0,280258.1819677106,165044.13826734596,0,0,0.0,0,4.601112145414482,4.568100552589101,8360.21699446392,4354.865272905547,1.9197418222047593,2.0107108092023087,306.46090195151567,0.0,0.0,0.0,2.4543588425037606,9.072289156626505,0.7288888888888889,2208.639466105753,83,0.09660124778747559
paper,50,1500000.0,6,8,exclude,launch,0,0.0,prior,0.0,rr_sweep,12600.0,43200,732846.8004283553,0,634156.6671304684,98690.13329788689,0,3,0.6676671400835194,4,4.785052335032881,5.849091143894105,8026.03187300879,3405.729578975318,2.3566262931021034,2.0079895173149955,304.8128601050753,0.0,0.0,0.0,1.2004356696289047,3.357142857142857,0.8008849557522124,1453.6126345297212,336,0.1911163330078125
paper,50,1500000.0,4,10,exclude,launch,0,0.0,prior,0.0,rr_sweep,12600.0,43200,348401.8160486958,0,225422.77307025786,122979.042978438,0,0,0.0,0,4.601112145414482,4.813361002607109,8360.21699446392,4133.099329329828,2.0227476593986213,2.010646460299725,306.4218803149091,0.0,0.0,0.0,1.6481073965761448,5.575757575757576,0.7829977628635347,1801.1371821761559,165,0.12911105155944824
paper,50,1500000.0,7,8,exclude,launch,0,0.0,prior,0.0,rr_sweep,12600.0,43200,1314041.7689190279,0,1222841.6696642959,91200.0992547321,0,7,0.897784604047621,7,4.785052335032881,6.9124472380721125,8026.03187300879,2884.5919598706114,2.782380310513241,2.00605932969109,303.6466124575457,0.0,0.0,0.0,1.0312461232388774,3.5833333333333335,0.8599562363238512,1006.7383526428389,456,0.2251131534576416
paper,50,1500000.0,5,10,exclude,launch,0,0.0,prior,0.0,rr_sweep,12600.0,43200,531404.5075541781,0,440751.8841865231,90652.62336765502,0,1,0.5062509024228448,1,4.601112145414482,4.796446161010392,8360.21699446392,4148.952408125368,2.015018773917761,2.01002733793775,306.04656701448533,0.0,0.0,0.0,1.427606306386759,4.466101694915254,0.8195991091314031,1567.0669932175094,236,0.13161110877990723
core,100,3000000.0,15,12,exclude,launch,0,0.0,prior,0.0,rr_sweep,12600.0,43200,383801.8047629829,0,338072.77494783135,45729.02981515147,0,1,0.7132644789058958,1,9.578630957114198,26.144893798035795,8018.5908986554505,1526.783621385083,5.251949776210635,2.004128723937318,302.48234827079597,0.0,0.0007326007326007326,0.0014652014652014652,0.9819016130839792,8.887914230019494,0.9523809523809523,360.19253922115075,1026,1.18697190284729
core,100,3000000.0,14,11,exclude,launch,0,0.0,prior,0.0,rr_sweep,12600.0,43200,157419.3291389587,0,150520.30437057215,6899.024768386557,0,1,0.21253625084774813,1,9.578630957114202,29.718125778668853,8018.590898655449,1343.4049728188859,5.968856049289385,2.003833435862851,302.30447008686474,0.0,0.0024937655860349127,0.00831255195344971,1.0313062076128323,10.132075471698114,0.9519230769230769,360.6143156055553,901,1.7600572109222412
paper,50,1500000.0,7,7,exclude,launch,0,0.0,prior,0.0,rr_sweep,12600.0,43200,1062172.8578023906,0,983205.1115003035,78967.74630208715,0,7,0.8841526718603671,8,5.03597052905245,6.808101041038074,7609.524904069072,2928.294019903123,2.5986205115840173,2.0064083111073066,303.8573065997584,0.0,0.0,0.0,1.0373088297046658,3.914285714285714,0.8408602150537634,921.8466280257162,455,0.29212522506713867
paper,50,1500000.0,3,11,exclude,launch,0,0.0,prior,0.0,rr_sweep,12600.0,43200,485852.8895202752,0,305423.50066768244,180429.38885259273,0,0,0.0,0,5.369437041051388,6.7142706186061,7116.237207150667,2966.168446087844,2.399134552367198,2.0084699540521447,305.1034944677805,0.0,0.0,0.0,2.660315151268712,9.947368421052632,0.7346491228070176,2200.629449754509,76,0.10151052474975586
paper,50,1500000.0,8,6,exclude,launch,0,0.0,prior,0.0,rr_sweep,12600.0,43200,3507038.27644805,0,3043096.986702882,463941.289745168,0,18,0.9836816165304665,20,5.492649806966811,6.256182304995987,6949.126209101812,3188.1030316691395,2.1797056557057313,2.005479594635299,303.29676456838956,0.0,0.0,0.0,0.9645391640322477,3.2032374100719423,0.6444954128440367,916.9773342171303,556,0.3696467876434326
paper,50,1500000.0,4,11,exclude,launch,0,0.0,prior,0.0,rr_sweep,12600.0,43200,417000.0117292319,0,281802.06955580006,135197.94217343192,0,0,0.0,0,5.369437041051388,5.112408305627885,7116.237207150667,3893.5110245830033,1.8277172357339913,2.009523321914015,305.74120124649255,0.0,0.0,0.0,1.648808348904129,4.987730061349693,0.7588495575221239,2017.3964158077474,163,0.1005094051361084
paper,50,1500000.0,2,12,exclude,launch,0,0.0,prior,0.0,rr_sweep,12600.0,43200,641886.7927469693,0,380249.69156038074,261637.10118658858,0,0,0.0,0,4.61728825227823,5.526703813946299,8329.760200033028,3595.055016715981,2.3170049307457097,2.0132062026452564,307.9760427236461,0.0,0.021739130434782608,0.0,3.877456751552159,16.764705882352942,0.6634615384615384,2806.0454843642783,34,0.05549907684326172
paper,50,1500000.0,8,7,exclude,launch,0,0.0,prior,0.0,rr_sweep,12600.0,43200,1787339.9663857245,0,1567587.9804787026,219751.9859070219,0,11,0.9328573783176395,17,5.03597052905245,6.028001419686724,7609.524904069072,3304.2361773302546,2.302960350194274,2.008239770835455,304.9642306482993,0.0,0.0,0.0,0.9189123873995476,2.6,0.7811158798283262,1074.5042266597227,585,0.3356289863586426
paper,50,1500000.0,8,9,exclude,launch,0,0.0,prior,0.0,rr_sweep,12600.0,43200,3826881.2015066682,0,3259587.3140533566,567293.8874533119,0,21,0.977048327842517,28,5.052756717411576,5.551495708989764,7583.137266203306,3591.0431614254817,2.1116809031036943,2.0064546943803796,303.88531555209096,0.0,0.0,0.0,0.9790102985139091,2.2236363636363636,0.5201698513800425,1343.329113441361,550,0.24312376976013184
paper,50,1500000.0,9,6,exclude,launch,0,0.0,prior,0.0,rr_sweep,12600.0,43200,4091616.967150316,0,3527511.1297307634,564105.8374195527,0,23,0.9906151112201509,27,5.492649806966811,6.519596786788874,6949.126209101812,3059.741947690006,2.2711478052415988,2.005185030454943,303.1190836352115,0.0,0.0,0.0,0.8516278500725157,2.70042194092827,0.5846501128668171,854.2834604474604,711,0.4276554584503174
paper,50,1500000.0,3,12,exclude,launch,0,0.0,prior,0.0,rr_sweep,12600.0,43200,413671.3624905501,0,280856.31760405627,132815.0448864938,0,0,0.0,0,4.61728825227823,4.44975267699005,8329.760200033028,4468.916634032784,1.8639327788301547,2.0115084679852817,306.9448142417794,0.0,0.0,0.0,2.420362612672662,9.048780487804878,0.7139479905437353,2206.8368981081635,82,0.08050847053527832
paper,50,1500000.0,6,10,exclude,launch,0,0.0,prior,0.0,rr_sweep,12600.0,43200,872003.8129313053,0,786986.6603824594,85017.1525488458,0,4,0.7806082571547216,5,4.601112145414482,4.948447077931972,8360.21699446392,4022.20822114992,2.078514222735539,2.009678155933976,305.8349935710702,0.0,0.0,0.0,1.2299483716629176,3.8454545454545452,0.8514412416851441,1291.9320508943817,330,0.20161199569702148
paper,50,1500000.0,7,9,exclude,launch,0,0.0,prior,0.0,rr_sweep,12600.0,43200,2797814.988626692,0,2327184.3503205613,470630.6383061308,0,14,0.9568729052471029,15,5.052756717411576,5.581501712616436,7583.137266203306,3570.199750796053,2.1240092419233636,2.007319084492199,304.4075213946606,0.0,0.0,0.0,1.0651682251323749,3.0,0.6217948717948718,1238.4135812130198,442,0.2746238708496094
paper,50,1500000.0,5,11,exclude,launch,0,0.0,prior,0.0,rr_sweep,12600.0,43200,341622.8306740998,0,233339.20450365808,108283.62617044174,0,0,0.0,0,5.369437041051388,5.156984003735679,7116.237207150667,3861.0261114233526,1.8430948151571276,2.008914568985244,305.37258225320437,0.0,0.0,0.0,1.423295099221629,4.163865546218488,0.7789934354485777,1672.372233036929,238,0.15201902389526367
paper,50,1500000.0,8,8,exclude,launch,0,0.0,prior,0.0,rr_sweep,12600.0,43200,2477615.5920217247,0,2213030.2924294323,264585.29959229217,0,12,0.9657495783355226,14,4.785052335032881,6.785412298572581,8026.03187300879,2939.5577578521375,2.730353520549028,2.005403422905479,303.2508128370159,0.0,0.0,0.0,0.9465980837823594,3.166077738515901,0.7721238938053098,909.6286442249468,566,0.31612491607666016
paper,50,1500000.0,6,11,exclude,launch,0,0.0,prior,0.0,rr_sweep,12600.0,43200,934478.777166916,0,810285.7681217048,124193.00904521132,0,3,0.7282951285565051,3,5.369437041051388,5.528071553500344,7116.237207150667,3602.3554143034635,1.975440063158408,2.0086292226505122,305.1998726353732,0.0,0.0,0.0,1.1534982078287876,3.145714285714286,0.8044444444444444,1490.7870010121692,350,0.1535191535949707
paper,50,1500000.0,7,10,exclude,launch,0,0.0,prior,0.0,rr_sweep,12600.0,43200,1278612.747654966,0,1164303.421608513,114309.32604645319,0,7,0.8998417581136693,9,4.601112145414482,5.431772594652182,8360.21699446392,3666.7648725198487,2.2799981141737815,2.0083312664732795,305.01958288428233,0.0,0.0,0.0,1.0789807630541737,3.581609195402299,0.8666666666666667,1053.271969582184,435,0.2115192413330078
paper,50,1500000.0,4,12,exclude,launch,0,0.0,prior,0.0,rr_sweep,12600.0,43200,343517.54030717374,0,235160.66611811597,108356.87418905777,0,0,0.0,0,4.61728825227823,4.198995084423251,8329.760200033028,4737.058604243228,1.758424561725209,2.010971276723292,306.6188767078568,0.0,0.0,0.0,1.9082678810064229,6.265734265734266,0.7670588235294118,1854.554473686423,143,0.1005089282989502
paper,50,1500000.0,6,12,exclude,launch,0,0.0,prior,0.0,rr_sweep,12600.0,43200,741950.022989733,0,641171.819976967,100778.20301276601,0,4,0.6339473323444268,6,4.61728825227823,4.43674991781323,8329.760200033028,4477.076395007063,1.8605356409201694,2.0137267366893647,308.29256900366073,0.0,0.0,0.0,1.220436311958395,2.881818181818182,0.7790973871733967,1731.2497708206995,330,0.16201210021972656
paper,50,1500000.0,5,12,exclude,launch,0,0.0,prior,0.0,rr_sweep,12600.0,43200,576330.321252633,0,500908.6717803143,75421.64947231868,0,2,0.5359641029279837,2,4.61728825227823,4.531460733390004,8329.760200033028,4387.4517775142185,1.8985417099563857,2.0119140065558,307.1909869991434,0.0,0.0,0.0,1.382277187139208,3.9876543209876543,0.7833333333333333,1698.5689055436,243,0.17852187156677246
paper,50,1500000.0,7,11,exclude,launch,0,0.0,prior,0.0,rr_sweep,12600.0,43200,1329461.2589056168,0,1183235.2257428872,146226.03316272947,0,6,0.8694543613213849,9,5.369437041051388,5.951942503650401,7116.237207150667,3347.7995877892454,2.12564612084499,2.0074364821761086,304.47847968581175,0.0,0.0,0.0,1.0394869977433128,2.933481152993348,0.8355555555555556,1237.4724250317386,451,0.23403120040893555
paper,50,3000000.0,4,2,exclude,launch,0,0.0,prior,0.0,rr_sweep,12600.0,43200,402149.0967977254,0,258268.20946094996,143880.88733677546,0,0,0.0,0,9.341613932410631,9.09647225872812,8230.497347191886,4382.777951325381,1.8779179412233122,2.0066310099758313,303.9917970734888,0.0,0.0297029702970297,0.0,3.6700263426184567,13.780821917808218,0.8004158004158004,1645.4024997006732,73,0.11001777648925781
core,100,3000000.0,13,12,exclude,launch,0,0.0,prior,0.0,rr_sweep,12600.0,43200,399711.500249335,0,352813.8670668749,46897.63318246011,0,1,0.6849071316867837,1,9.578630957114198,26.24801095185433,8018.5908986554505,1520.5180552173395,5.273591373112167,2.004481290241287,302.6947987334404,0.0,0.0029154518950437317,0.001943634596695821,1.1327497201437415,10.484415584415585,0.9619047619047619,408.0961163746814,770,1.5235090255737305
paper,50,3000000.0,6,1,exclude,launch,0,0.0,prior,0.0,rr_sweep,12600.0,43200,192726.76971165923,0,146933.6023672266,45793.167344432644,0,0,0.0,0,11.094457325293037,10.096712915408142,6877.474519126179,3951.725863281295,1.7403723732535192,2.0050405937586486,303.0319785308212,0.0,0.017857142857142856,0.004464285714285714,2.4398032275743984,10.55151515151515,0.8792710706150342,957.9631321706248,165,0.19602727890014648
paper,50,1500000.0,7,12,exclude,launch,0,0.0,prior,0.0,rr_sweep,12600.0,43200,1882237.0409971832,0,1741355.0277837561,140882.01321342695,0,12,0.9367029206485491,13,4.61728825227823,5.03567911081053,8329.760200033028,3952.655829990522,2.1073831262594402,2.0096153669254044,305.7969567395757,0.0,0.0,0.001718213058419244,1.0761661310555388,2.926773455377574,0.7363420427553444,1282.9048504239463,437,0.2260265350341797
paper,50,3000000.0,5,1,exclude,launch,0,0.0,prior,0.0,rr_sweep,12600.0,43200,244842.81055725843,0,174967.9463979407,69874.86415931772,0,0,0.0,0,11.094457325293037,9.752947329890976,6877.474519126179,4089.9342392704652,1.6815611490988023,2.0055698073832913,303.3511912562608,0.0,0.0064516129032258064,0.0,2.9352462914547424,12.730434782608695,0.8577777777777778,1140.368802737926,115,0.23052668571472168
paper,50,1500000.0,8,11,exclude,launch,0,0.0,prior,0.0,rr_sweep,12600.0,43200,2587161.7293348443,0,2345707.8047401276,241453.9245947165,0,14,0.9670222455674891,18,5.369437041051388,6.4794943385909765,7116.237207150667,3077.7421251464716,2.312161616468112,2.0057954777045763,303.48736289129295,0.0,0.0,0.0,0.928161286278447,3.001733102253033,0.7692307692307693,941.6173375347333,577,0.31053709983825684
paper,50,3000000.0,7,1,exclude,launch,0,0.0,prior,0.0,rr_sweep,12600.0,43200,167364.58860973592,0,130806.60599879066,36557.98261094525,0,0,0.0,0,11.094457325293037,10.339013040230512,6877.474519126179,3859.6071818867244,1.7819104885601869,2.004784971467516,302.87785166609297,0.0,0.003194888178913738,0.009584664536741214,1.9926319226139855,8.304721030042918,0.8727678571428571,860.8721975052164,233,0.23453783988952637
core,100,3000000.0,15,11,exclude,launch,0,0.0,prior,0.0,rr_sweep,12600.0,43200,152206.33435656587,0,146492.95258811238,5713.381768453463,0,1,0.2198155166642584,1,9.578630957114202,29.73136158188912,8018.590898655449,1342.8738504898406,5.971216801734954,2.0037335563459555,302.24431564046995,0.0,0.003589375448671931,0.01507537688442211,0.9457570697687387,9.006666666666666,0.966183574879227,347.5006520875621,1050,1.9380803108215332
paper,50,3000000.0,5,2,exclude,launch,0,0.0,prior,0.0,rr_sweep,12600.0,43200,291898.3706540102,0,199952.83290682593,91945.53774718432,0,0,0.0,0,9.341613932410631,10.591113476290078,8230.497347191886,3766.273331000582,2.185315993782453,2.005564024673862,303.3477023154888,0.0,0.0189873417721519,0.0,2.8558565832503384,11.179487179487179,0.8258196721311475,1274.6095994788807,117,0.1785264015197754
paper,50,1500000.0,9,11,exclude,launch,0,0.0,prior,0.0,rr_sweep,12600.0,43200,3395521.770376352,0,3070142.4189484385,325379.351427913,0,19,0.9865404196854884,23,5.369437041051388,7.188251218404706,7116.237207150667,2776.262889544827,2.563243284326502,2.0043619829056043,302.62289781182324,0.0,0.0,0.0,0.8469626979429891,3.100418410041841,0.7311111111111112,736.0367043605064,717,0.40406036376953125
paper,50,3000000.0,7,2,exclude,launch,0,0.0,prior,0.0,rr_sweep,12600.0,43200,227084.03548369295,0,165446.05546160377,61637.980022089185,0,0,0.0,0,9.341613932410631,9.011565153862868,8230.497347191886,4427.191186232987,1.8590788156576223,2.00521748448951,303.1386573370253,0.0,0.0,0.0,2.0637841937448287,7.008771929824562,0.8677685950413223,1031.0273526776784,228,0.24403786659240723
paper,50,3000000.0,6,2,exclude,launch,0,0.0,prior,0.0,rr_sweep,12600.0,43200,237857.47264206797,0,165611.5594103953,72245.91323167268,0,0,0.0,0,9.341613932410631,10.364216309797525,8230.497347191886,3849.8974168237396,2.1378484816829872,2.004953759626724,302.97961769636623,0.0,0.004545454545454545,0.0,2.4623427754764924,9.662576687116564,0.8405797101449275,1060.4424506600878,163,0.25653719902038574
paper,50,3000000.0,9,1,exclude,launch,0,0.0,prior,0.0,rr_sweep,12600.0,43200,131590.7042995865,0,105971.33632236758,25619.367977218924,0,0,0.0,0,11.094457325293037,10.023322473775956,6877.474519126179,3981.6173101494405,1.727306765920216,2.004558653692075,302.74142661229047,0.0,0.0019880715705765406,0.0,1.6098342448233078,6.314666666666667,0.9366515837104072,695.4733639867706,375,0.3755505084991455
paper,50,3000000.0,11,1,exclude,launch,0,0.0,prior,0.0,rr_sweep,12600.0,43200,102742.72067569366,0,85907.81690914651,16834.90376654715,0,0,0.0,0,11.094457325293037,10.133581812869712,6877.474519126179,3937.000081500462,1.7468819854596114,2.005217956954403,303.13894229507525,0.0,0.0,0.0,1.250341569053832,4.5,0.9322799097065463,611.7737205420032,594,0.3690526485443115
paper,50,3000000.0,8,1,exclude,launch,0,0.0,prior,0.0,rr_sweep,12600.0,43200,146878.0784063653,0,116681.6674640842,30196.4109422811,0,0,0.0,0,11.094457325293037,9.658288955405798,6877.474519126179,4131.644770104128,1.6645851475156828,2.0047804465504035,302.8751237310085,0.0,0.0,0.005050505050505051,1.8018416654491871,7.1661016949152545,0.891647855530474,774.8230707735415,295,0.3875620365142822
paper,50,3000000.0,8,2,exclude,launch,0,0.0,prior,0.0,rr_sweep,12600.0,43200,172945.0398936348,0,132088.15735686713,40856.882536767655,0,0,0.0,0,9.341613932410631,11.698999650548938,8230.497347191886,3411.8954343086166,2.4122947217049475,2.004220713770253,302.537772589571,0.0,0.0,0.0,1.7637424149579068,6.2098360655737705,0.8914405010438413,871.4954645149993,305,0.2360386848449707
paper,50,3000000.0,5,3,exclude,launch,0,0.0,prior,0.0,rr_sweep,12600.0,43200,289350.65873763745,0,196632.06888649234,92718.58985114508,0,0,0.0,0,10.771174625584255,9.690136823481279,7093.897473043144,4115.431522441847,1.7237311407951834,2.006063601055384,303.64919081055797,0.0,0.019230769230769232,0.00641025641025641,2.938836687369149,12.043478260869565,0.8201284796573876,1194.3908981328416,115,0.1910841464996338
paper,50,3000000.0,10,2,exclude,launch,0,0.0,prior,0.0,rr_sweep,12600.0,43200,442269.4596659089,0,396258.4520281729,46011.00763773597,0,2,0.7354593045920267,2,9.341613932410631,10.500273515387855,8230.497347191886,3801.243526610267,2.1652118022891775,2.0043044076673,302.5882029779898,0.0,0.0,0.0,1.405018090678248,4.75,0.8926315789473684,721.9194592575731,480,0.31209325790405273
paper,50,3000000.0,10,1,exclude,launch,0,0.0,prior,0.0,rr_sweep,12600.0,43200,118482.055104169,0,96648.18990231837,21833.86520185064,0,0,0.0,0,11.094457325293037,10.324897920928912,6877.474519126179,3865.0478699674154,1.7794021576204075,2.0046997822393835,302.8264957295593,0.0,0.0,0.0,1.3953176954093418,5.37888198757764,0.8961625282167043,636.5086009834675,483,0.5141611099243164
paper,50,3000000.0,12,1,exclude,launch,0,0.0,prior,0.0,rr_sweep,12600.0,43200,350021.5470806017,0,299822.99508137564,50198.5519992261,0,1,0.7363996024828346,1,11.094457325293037,10.991870912983371,6877.474519126179,3630.889882608388,1.8941567333310267,2.0044964418740534,302.7039305212901,0.0,0.0,0.0,1.1916456739533419,4.342688330871492,0.9181818181818182,557.656440054615,677,0.5431702136993408
paper,50,3000000.0,9,2,exclude,launch,0,0.0,prior,0.0,rr_sweep,12600.0,43200,148929.95812748212,0,115909.93570406834,33020.02242341378,0,0,0.0,0,9.341613932410631,11.42391227028025,8230.497347191886,3494.1366591944347,2.355516727010159,2.004173156736912,302.5091186132927,0.0,0.0,0.0,1.5583030085517304,5.505128205128205,0.9016736401673641,766.1150911844044,390,0.40665125846862793
paper,50,3000000.0,6,3,exclude,launch,0,0.0,prior,0.0,rr_sweep,12600.0,43200,217036.77673739966,0,164238.8547585712,52797.921978828475,0,0,0.0,0,10.771174625584255,10.86397898685552,7093.897473043144,3672.2375347531492,1.9317643278541352,2.0052582175603266,303.1632251917696,0.0,0.0044444444444444444,0.008888888888888889,2.4004958921165374,9.7125748502994,0.8509719222462203,1024.9591992335918,167,0.24011802673339844
paper,50,3000000.0,16,1,exclude,launch,0,0.0,prior,0.0,rr_sweep,12600.0,43200,1625787.5650536097,0,1403242.8317671258,222544.73328648397,0,9,0.9675190691849668,14,11.094457325293037,11.39304404372531,6877.474519126179,3501.906964010522,1.963922682643123,2.0051441834669195,303.09444886721406,0.0,0.0,0.013592233009708738,0.9111771193373116,3.020671834625323,0.8032036613272311,465.7445622577019,1161,0.5763647556304932
paper,50,3000000.0,7,3,exclude,launch,0,0.0,prior,0.0,rr_sweep,12600.0,43200,218897.6936555221,0,154765.84637426358,64131.847281258524,0,0,0.0,0,10.771174625584255,9.230508071446685,7093.897473043144,4321.678376491596,1.6414681646907,2.0054504565483677,303.27918617199646,0.0,0.009771986970684038,0.003257328990228013,2.048734136007154,7.576419213973799,0.8461538461538461,949.626871791596,229,0.2718367576599121
paper,50,3000000.0,14,1,exclude,launch,0,0.0,prior,0.0,rr_sweep,12600.0,43200,551683.1407881186,0,513044.69678641896,38638.44400169963,0,3,0.8658712488747998,6,11.094457325293037,10.963495265853982,6877.474519126179,3640.2610399557325,1.889280588298089,2.0045109173906646,302.71265494711025,0.0,0.0,0.0,1.0754351407772855,3.6178489702517163,0.906392694063927,519.4314052036165,874,0.6178865432739258
paper,50,3000000.0,13,1,exclude,launch,0,0.0,prior,0.0,rr_sweep,12600.0,43200,407614.19307932595,0,386749.4245568842,20864.768522441704,0,2,0.7895624910496513,3,11.094457325293037,10.550140534051748,6877.474519126179,3782.165305742769,1.8183960676397595,2.0048931673956307,302.94308336352714,0.0,0.0,0.0,1.1210544441805332,3.6910256410256412,0.9229024943310657,566.8142011330756,780,0.6378860473632812
paper,50,3000000.0,10,3,exclude,launch,0,0.0,prior,0.0,rr_sweep,12600.0,43200,140817.7265877361,0,112859.60337474103,27958.12321299509,0,0,0.0,0,10.771174625584255,9.34133987219039,7093.897473043144,4270.3344817322,1.6612041757828782,2.005482700824575,303.2986384972445,0.0,0.0,0.0,1.4503006406672299,4.544276457883369,0.8862144420131292,783.7073150069646,463,0.29183030128479004
paper,50,3000000.0,11,2,exclude,launch,0,0.0,prior,0.0,rr_sweep,12600.0,43200,590327.7863203253,0,526287.6304109122,64040.15590941311,0,3,0.8329424904055829,3,9.341613932410631,11.370388221807397,8230.497347191886,3510.8654089437705,2.3442930413182648,2.0040129008534064,302.41257152402176,0.0,0.0012836970474967907,0.0012836970474967907,1.2620317111817,4.774744027303754,0.8914405010438413,588.494712143466,586,0.5063686370849609
paper,50,3000000.0,14,2,exclude,launch,0,0.0,prior,0.0,rr_sweep,12600.0,43200,1059983.7818460057,0,986029.5153084107,73954.26653759499,0,5,0.9269134936205621,7,9.341613932410631,11.174534962993192,8230.497347191886,3572.1002766076886,2.3041059068498857,2.00418074948926,302.5136932934434,0.0,0.0,0.0,1.0638072064085882,3.4575311438278598,0.9016736401673641,537.8518733615292,883,0.47736334800720215
paper,50,3000000.0,17,1,exclude,launch,0,0.0,prior,0.0,rr_sweep,12600.0,43200,2733630.782399061,0,2386529.9310112204,347100.8513878407,0,14,0.9865137200441163,16,11.094457325293037,13.887123113040516,6877.474519126179,2874.4495570897416,2.3926231379371745,2.004116712177092,302.4751115020001,0.0,0.0,0.07380281690140846,0.7750223654430027,2.816341829085457,0.7289293849658315,435.01886873699544,1334,0.6653900146484375
paper,50,3000000.0,4,4,exclude,launch,0,0.0,prior,0.0,rr_sweep,12600.0,43200,416298.3103940389,0,259893.94623497626,156404.36415906265,0,0,0.0,0,9.898658188741576,9.415411470802654,7748.570140310145,4233.146859487022,1.8304515287355578,2.0071847429571936,304.3263319337245,0.0,0.010101010101010102,0.0,3.662740289955823,14.082191780821917,0.7717171717171717,1647.139092327863,73,0.14574408531188965
paper,50,3000000.0,13,2,exclude,launch,0,0.0,prior,0.0,rr_sweep,12600.0,43200,564616.46661831,0,520728.93692631193,43887.52969199807,0,3,0.843583246921814,5,9.341613932410631,10.780849273297411,8230.497347191886,3702.111592078885,2.2231899667211623,2.0044143685102425,302.6544671009489,0.0,0.0,0.0,1.1367850681583311,3.616774193548387,0.9047619047619048,587.126280830867,775,0.52191162109375
paper,50,3000000.0,15,1,exclude,launch,0,0.0,prior,0.0,rr_sweep,12600.0,43200,1139908.937668487,0,1026923.2594877933,112985.67818069359,0,7,0.9447007857547468,9,11.094457325293037,11.294710459508291,6877.474519126179,3533.277527585692,1.9464857955343222,2.0046434233601875,302.7925224302632,0.0,0.0,0.007320644216691069,0.9769864317983981,3.302734375,0.8603603603603603,485.2077102359647,1024,0.7049355506896973
paper,50,3000000.0,8,3,exclude,launch,0,0.0,prior,0.0,rr_sweep,12600.0,43200,159612.34774248902,0,128557.78042885129,31054.56731363772,0,0,0.0,0,10.771174625584255,10.309553833117736,7093.897473043144,3870.3995175393648,1.8328592283292608,2.00490740274014,302.95166642458014,0.0,0.0,0.0,1.765560103504036,6.731147540983606,0.8717391304347826,803.9070995708308,305,0.37439608573913574
paper,50,3000000.0,5,4,exclude,launch,0,0.0,prior,0.0,rr_sweep,12600.0,43200,333367.0797436589,0,211642.51875299108,121724.5609906678,0,0,0.0,0,9.898658188741576,10.646277830666229,7748.570140310145,3745.9677833048036,2.0685095517490346,2.0059871813865904,303.6030627342409,0.0,0.006578947368421052,0.006578947368421052,2.994399674563887,11.526785714285714,0.8104838709677419,1297.327605025406,112,0.14208602905273438
paper,50,3000000.0,9,3,exclude,launch,0,0.0,prior,0.0,rr_sweep,12600.0,43200,138571.25641058604,0,109338.26851333716,29232.987897248884,0,0,0.0,0,10.771174625584255,10.182362768845772,7093.897473043144,3918.7568672577963,1.810241796911273,2.0049017831001743,302.9482781033729,0.0,0.0,0.0,1.5749390196705877,5.9296875,0.9041394335511983,722.40581534289,384,0.37456464767456055
paper,50,3000000.0,12,2,exclude,launch,0,0.0,prior,0.0,rr_sweep,12600.0,43200,590722.1657664314,0,524062.17758786987,66659.98817856146,0,3,0.8412366443480701,3,9.341613932410631,10.788643708553137,8230.497347191886,3699.6393097775945,2.2246756124144076,2.0043047272714984,302.58839556596376,0.0,0.0,0.0,1.1999228970898363,4.106824925816023,0.9147609147609148,593.9918838683434,674,0.5949311256408691
paper,50,3000000.0,12,3,exclude,launch,0,0.0,prior,0.0,rr_sweep,12600.0,43200,515981.1544800427,0,461632.6551975069,54348.499282535806,0,2,0.8075078992728467,3,10.771174625584255,11.527381100483531,7093.897473043144,3462.6159794477653,2.0487104302494763,2.0042643731075502,302.56407932793024,0.0,0.0,0.0,1.1938842072646356,3.9955290611028316,0.8947368421052632,607.5779420264247,671,0.40555691719055176
paper,50,3000000.0,6,4,exclude,launch,0,0.0,prior,0.0,rr_sweep,12600.0,43200,256559.9045498112,0,177678.13279704988,78881.77175276131,0,0,0.0,0,9.898658188741576,10.6596579529028,7748.570140310145,3742.4577416097054,2.0704496016506337,2.0053482925349435,303.21755679087784,0.0,0.004545454545454545,0.00909090909090909,2.495142765727085,9.5125,0.8444444444444444,1067.5446857059724,160,0.22760558128356934
paper,50,3000000.0,11,3,exclude,launch,0,0.0,prior,0.0,rr_sweep,12600.0,43200,118549.71529294869,0,96780.39498743118,21769.320305517514,0,0,0.0,2,10.771174625584255,9.928021065949457,7093.897473043144,4019.033345030946,1.7650755452959601,2.0049598840856597,302.98331058643873,0.0,0.0,0.0,1.3693622037508215,4.545454545454546,0.9004424778761062,662.80920290595,539,0.4865996837615967
paper,50,3000000.0,7,4,exclude,launch,0,0.0,prior,0.0,rr_sweep,12600.0,43200,221444.63860057673,0,158344.80028711254,63099.83831346416,0,0,0.0,0,9.898658188741576,10.375114222728081,7748.570140310145,3845.5516984010733,2.014943692872961,2.005111122475517,303.07451055719815,0.0,0.0,0.0,2.113036015257523,7.752252252252252,0.852760736196319,958.6458753329597,222,0.26061034202575684
paper,50,3000000.0,9,4,exclude,launch,0,0.0,prior,0.0,rr_sweep,12600.0,43200,175671.86075383818,0,134592.81454963319,41079.04620420498,0,0,0.0,0,9.898658188741576,9.916157938287078,7748.570140310145,4022.917774522779,1.9261070135169054,2.0054202485990262,303.26096288787835,0.0,0.0,0.0,1.5191141112519633,4.544080604534005,0.890020366598778,913.0420135753583,397,0.24661779403686523
paper,50,3000000.0,6,5,exclude,launch,0,0.0,prior,0.0,rr_sweep,12600.0,43200,227499.3255897288,0,155113.6929076103,72385.6326821185,0,0,0.0,0,10.480785397349965,9.444251677349286,7299.682415679881,4224.716979512128,1.7278512267401285,2.0050481890207195,303.03655867614833,0.0,0.0091324200913242,0.0,2.498947257409786,9.302469135802468,0.8353413654618473,1112.9304820913187,162,0.17305350303649902
paper,50,3000000.0,5,5,exclude,launch,0,0.0,prior,0.0,rr_sweep,12600.0,43200,258461.7744223718,0,182033.1874916351,76428.5869307367,0,0,0.0,0,10.480785397349965,9.278890963776487,7299.682415679881,4298.865053414498,1.698048746582984,2.005580522859983,303.35765638660723,0.0,0.013157894736842105,0.0,3.001841255773555,11.383928571428571,0.7987804878048781,1318.9873056294275,112,0.20255756378173828
paper,50,3000000.0,15,2,exclude,launch,0,0.0,prior,0.0,rr_sweep,12600.0,43200,1219492.6732408132,0,1105275.5326632473,114217.14057756588,0,7,0.9417272510940653,10,9.341613932410631,11.154218491178435,8230.497347191886,3578.775815770918,2.299808026789999,2.0040859615189635,302.45658543583846,0.0,0.0,0.0,1.0247883886694598,3.0365853658536586,0.8598726114649682,549.2685373028179,984,0.7214748859405518
paper,50,3000000.0,14,3,exclude,launch,0,0.0,prior,0.0,rr_sweep,12600.0,43200,993271.2797100957,0,889162.7323884945,104108.54732160126,0,5,0.9214194628894817,6,10.771174625584255,11.90819194278186,7093.897473043144,3351.949473503626,2.1163497627630545,2.0042260251662984,302.5409728863909,0.0,0.0,0.0,1.0236729811645977,3.3333333333333335,0.8831168831168831,536.1520216268303,921,0.4953925609588623
paper,50,3000000.0,10,4,exclude,launch,0,0.0,prior,0.0,rr_sweep,12600.0,43200,182857.8343175883,0,136670.99299710884,46186.841320479485,0,0,0.0,1,9.898658188741576,8.844959957515703,7748.570140310145,4508.331158026016,1.7187224870372821,2.0062188487008754,303.7429114442747,0.0,0.0,0.0,1.4481326128093457,3.85097192224622,0.885480572597137,920.6794976125486,463,0.31961989402770996
paper,50,3000000.0,7,5,exclude,launch,0,0.0,prior,0.0,rr_sweep,12600.0,43200,187597.78078059282,0,136256.58322832998,51341.19755226282,0,0,0.0,0,10.480785397349965,9.633925361104875,7299.682415679881,4141.844439719685,1.7624231237844157,2.0049009709218573,302.9477884079074,0.0,0.0,0.0,2.0108688752595483,6.965957446808511,0.8442622950819673,1006.9188774203874,235,0.2405567169189453
paper,50,3000000.0,8,4,exclude,launch,0,0.0,prior,0.0,rr_sweep,12600.0,43200,173743.83649579133,0,130618.30119756101,43125.535298230316,0,0,0.0,0,9.898658188741576,10.848045779951647,7748.570140310145,3678.4481772122194,2.1064779948001178,2.004812842644661,302.8946546230932,0.0,0.0,0.0,1.7835409377746958,6.23,0.8834355828220859,879.9824049096651,300,0.33962082862854004
paper,50,3000000.0,11,4,exclude,launch,0,0.0,prior,0.0,rr_sweep,12600.0,43200,417248.30610479345,0,375722.66794181097,41525.63816298245,0,3,0.6975818926550048,3,9.898658188741576,10.550401391580879,7748.570140310145,3782.7427661570982,2.048399962491223,2.0045375441472744,302.7287032804312,0.0,0.0,0.0,1.3214455227280004,3.907142857142857,0.8895705521472392,755.8154319796487,560,0.31412410736083984
paper,50,3000000.0,13,3,exclude,launch,0,0.0,prior,0.0,rr_sweep,12600.0,43200,777051.7312916789,0,700565.2615544344,76486.46973724452,0,4,0.8953036726283617,4,10.771174625584255,11.105388191456187,7093.897473043144,3593.9049709796695,1.973868961568398,2.0044242742018192,302.66043678175544,0.0,0.0,0.0,1.1273719114298881,3.7930142302716687,0.8864628820960698,560.5216206443654,773,0.5619931221008301
paper,50,3000000.0,12,4,exclude,launch,0,0.0,prior,0.0,rr_sweep,12600.0,43200,606562.688058514,0,542275.1490302323,64287.53902828171,0,4,0.7961426498113059,6,9.898658188741576,10.294235133497411,7748.570140310145,3874.826826433694,1.9997203713596046,2.0055966951496824,303.36741398878917,0.0,0.0,0.0,1.1438422511313102,3.066666666666667,0.8950617283950617,756.4194253859538,705,0.3427145481109619
paper,50,3000000.0,9,5,exclude,launch,0,0.0,prior,0.0,rr_sweep,12600.0,43200,140289.62207580925,0,110269.726803108,30019.89527270126,0,0,0.0,0,10.480785397349965,9.2399510175685,7299.682415679881,4318.315150839279,1.6904005753867137,2.0049612529529233,302.9841359810129,0.0,0.0,0.0,1.5940648379778022,5.0,0.869653767820774,873.7869420169764,380,0.2566559314727783
paper,50,3000000.0,5,6,exclude,launch,0,0.0,prior,0.0,rr_sweep,12600.0,43200,266322.80265948846,0,188051.22479284476,78271.57786664367,0,0,0.0,0,10.985299613933622,9.43287437371684,6949.126209101812,4227.932472177836,1.643622800229416,2.0059397948150606,303.57446123777,0.0,0.0,0.0,2.9358042249980385,11.495575221238939,0.8424507658643327,1258.847186192628,113,0.14211511611938477
paper,50,3000000.0,8,5,exclude,launch,0,0.0,prior,0.0,rr_sweep,12600.0,43200,134945.96344752374,0,105356.07369461127,29589.88975291246,0,0,0.0,0,10.480785397349965,10.89559048654684,7299.682415679881,3663.0673192645486,1.99277866865561,2.0044457888321245,302.67340281077657,0.0,0.0,0.0,1.6875222250170203,6.241379310344827,0.8790983606557377,818.5865126080578,319,0.3631763458251953
paper,50,3000000.0,13,4,exclude,launch,0,0.0,prior,0.0,rr_sweep,12600.0,43200,1013980.1701563632,0,913565.9821748349,100414.18798152814,0,6,0.9054594929235161,6,9.898658188741576,11.656577650716642,7748.570140310145,3423.647501846226,2.26324998006707,2.00460995370296,302.772347723719,0.0,0.0,0.0,1.047511612078029,2.9338146811071,0.8545081967213115,674.0606995769534,831,0.47870945930480957
paper,50,3000000.0,10,5,exclude,launch,0,0.0,prior,0.0,rr_sweep,12600.0,43200,140328.9066939155,0,108704.25359382488,31624.65310009061,0,0,0.0,0,10.480785397349965,9.384013634181287,7299.682415679881,4251.990780368734,1.7167681664274095,2.004975373687881,302.9926505157288,0.0,0.0,0.0,1.4540220330093518,4.167741935483871,0.8800813008130082,853.3647655243566,465,0.3316357135772705
paper,50,3000000.0,6,6,exclude,launch,0,0.0,prior,0.0,rr_sweep,12600.0,43200,213886.0736301046,0,160706.52513895635,53179.54849114824,0,0,0.0,0,10.985299613933622,8.6822348370386,6949.126209101812,4593.819378731295,1.5127121108146393,2.005785756957732,303.48149666971136,0.0,0.0,0.0,2.358952629763636,8.488235294117647,0.8678815489749431,1144.2954830532547,170,0.20312285423278809
paper,50,3000000.0,15,3,exclude,launch,0,0.0,prior,0.0,rr_sweep,12600.0,43200,1207803.0786804622,0,1075595.3912371849,132207.68744327733,0,6,0.9407754689804374,12,10.771174625584255,11.839633282968885,7093.897473043144,3370.670231404789,2.104595521373988,2.0046357473459633,302.7878954536148,0.0,0.0,0.0,0.9557067988922752,2.8975332068311195,0.8421052631578947,536.0941628249184,1054,0.7224757671356201
paper,50,3000000.0,7,6,exclude,launch,0,0.0,prior,0.0,rr_sweep,12600.0,43200,189111.19257901705,0,140952.20778536715,48158.984793649885,0,0,0.0,0,10.985299613933622,9.686555259040201,6949.126209101812,4119.079976607101,1.6870578499487714,2.0050278172880027,303.02427405680595,0.0,0.0,0.0,2.0892877522872095,7.60352422907489,0.8826185101580135,960.289920282042,227,0.24962878227233887
paper,50,3000000.0,14,4,exclude,launch,0,0.0,prior,0.0,rr_sweep,12600.0,43200,1325647.0370988748,0,1156013.5202866825,169633.51681219225,0,7,0.9370235892884852,9,9.898658188741576,11.627036178136292,7748.570140310145,3432.4423072918444,2.257450947929748,2.0045538006834134,302.7385015402475,0.0,0.0,0.0,1.0071091087053277,2.832618025751073,0.843298969072165,620.7010071717468,932,0.532703161239624
paper,50,3000000.0,9,6,exclude,launch,0,0.0,prior,0.0,rr_sweep,12600.0,43200,142819.00319010305,0,113744.63782236188,29074.365367741168,0,0,0.0,0,10.985299613933622,9.739853070043825,6949.126209101812,4096.359224473041,1.6964152380937132,2.005116205962956,303.0775762468104,0.0,0.0,0.0,1.5463824362065528,5.00507614213198,0.9146067415730337,839.7373383456658,394,0.26412200927734375
paper,50,3000000.0,15,4,exclude,launch,0,0.0,prior,0.0,rr_sweep,12600.0,43200,1738108.341107683,0,1534019.2348520919,204089.10625559112,0,9,0.9580769615946368,13,9.898658188741576,11.74158486382811,7748.570140310145,3398.8507198342363,2.279761830989755,2.004615920509309,302.7759443222299,0.0,0.0,0.0,0.9496069603305882,2.530188679245283,0.8254620123203286,611.0422637577069,1060,0.562204122543335
paper,50,3000000.0,16,3,exclude,launch,0,0.0,prior,0.0,rr_sweep,12600.0,43200,2356414.8348780004,0,2082368.8566249951,274045.9782530053,0,12,0.9797137749734057,14,10.771174625584255,13.439391042610879,7093.897473043144,2971.1581728486753,2.387586611130058,2.0034782117588392,302.0905564424154,0.0,0.0,0.029132362254591513,0.8760732992909565,2.9561181434599155,0.7978021978021979,467.9195380717457,1185,0.7494769096374512
paper,50,3000000.0,11,5,exclude,launch,0,0.0,prior,0.0,rr_sweep,12600.0,43200,286956.7820874595,0,246941.22560013417,40015.55648732534,0,1,0.5644439672548094,1,10.480785397349965,9.837913844088508,7299.682415679881,4056.5945507998663,1.7994606866097953,2.004589121352544,302.75979082196284,0.0,0.0,0.0,1.3614068000976003,3.7683823529411766,0.8678861788617886,801.6002995688003,544,0.44265270233154297
paper,50,3000000.0,13,5,exclude,launch,0,0.0,prior,0.0,rr_sweep,12600.0,43200,1017323.0310515643,0,879275.7434017701,138047.28764979405,0,6,0.9217825972284605,8,10.480785397349965,11.096472975844446,7299.682415679881,3597.2538999417993,2.0292374735622594,2.004167130035696,302.5054875132378,0.0,0.0009442870632672333,0.0009442870632672333,1.0976492978170216,3.1949685534591197,0.8340163934426229,646.7052496597915,795,0.3926427364349365
paper,50,3000000.0,12,5,exclude,launch,0,0.0,prior,0.0,rr_sweep,12600.0,43200,625207.088363558,0,554853.4034017092,70353.6849618489,0,3,0.8488206483335566,5,10.480785397349965,9.889350188914312,7299.682415679881,4034.8031371828656,1.8091793248620756,2.0049330793512583,302.96714819232074,0.0,0.0,0.0,1.2268214285853756,3.614916286149163,0.8706365503080082,695.0821513133255,657,0.44216227531433105
paper,50,3000000.0,8,6,exclude,launch,0,0.0,prior,0.0,rr_sweep,12600.0,43200,152836.11276422642,0,119239.12880387918,33596.98396034724,0,0,0.0,0,10.985299613933622,10.04498578046074,6949.126209101812,3972.5895294233947,1.749268621294093,2.0047811356375904,302.8755391599499,0.0,0.0,0.0,1.7995020187000217,6.25,0.8988505747126436,880.9883436033041,296,0.3451523780822754
paper,50,3000000.0,11,6,exclude,launch,0,0.0,prior,0.0,rr_sweep,12600.0,43200,133666.23106729836,0,108212.41487137215,25453.81619592622,0,0,0.0,1,10.985299613933622,9.575621407620435,6949.126209101812,4165.271843789046,1.668348782436337,2.0057632479973866,303.46791330667577,0.0,0.0,0.0,1.2838234634385828,3.5729166666666665,0.9045454545454545,800.774106906579,576,0.30405449867248535
paper,50,3000000.0,14,5,exclude,launch,0,0.0,prior,0.0,rr_sweep,12600.0,43200,1230875.0001235662,0,1055635.7741531204,175239.22597044596,0,8,0.9466966060194227,9,10.480785397349965,11.10993638031167,7299.682415679881,3593.1365853686357,2.031562742536539,2.0040321693779837,302.42417914375807,0.0,0.0,0.0,1.04869247231311,3.022222222222222,0.7921810699588477,601.062963191952,900,0.4361560344696045
paper,50,3000000.0,10,6,exclude,launch,0,0.0,prior,0.0,rr_sweep,12600.0,43200,148057.60328789987,0,116362.712013749,31694.89127415088,0,0,0.0,0,10.985299613933622,9.351188785089013,6949.126209101812,4264.735210327126,1.6294390780169397,2.006000747115128,303.61125095885905,0.0,0.0,0.0,1.3507497680880876,3.844758064516129,0.90744920993228,858.7460511096509,496,0.3395533561706543
paper,50,3000000.0,12,6,exclude,launch,0,0.0,prior,0.0,rr_sweep,12600.0,43200,435174.6273744241,0,384835.39733055583,50339.23004386821,0,2,0.7241312413894161,2,10.985299613933622,9.703027458821607,6949.126209101812,4110.917888261172,1.6904074462166256,2.005598168468638,303.36830292824385,0.0,0.0,0.0,1.2142446776449891,3.2015037593984963,0.8859060402684564,773.3342899555955,665,0.3375537395477295
paper,50,3000000.0,5,7,exclude,launch,0,0.0,prior,0.0,rr_sweep,12600.0,43200,293621.9317272026,0,200379.46981664893,93242.46191055368,0,0,0.0,0,10.0719410581049,9.531116062956064,7609.524904069072,4184.197618200528,1.8186342038361116,2.0060143756606097,303.61947721074176,0.0,0.006578947368421052,0.0,2.9937634895256426,9.893805309734514,0.8046218487394958,1507.3729953610766,113,0.18303871154785156
paper,50,3000000.0,6,7,exclude,launch,0,0.0,prior,0.0,rr_sweep,12600.0,43200,213337.36056554687,0,157311.38882522387,56025.97174032303,0,0,0.0,0,10.0719410581049,10.465592830528248,7609.524904069072,3811.9476929804846,1.9962301471454187,2.0052993823183014,303.1880544268674,0.0,0.0,0.0,2.4012584856363732,8.337278106508876,0.8414376321353065,1187.7847920488334,169,0.20253920555114746
paper,50,3000000.0,7,7,exclude,launch,0,0.0,prior,0.0,rr_sweep,12600.0,43200,226580.7397313511,0,154340.12398599266,72240.61574535843,0,0,0.0,0,10.0719410581049,9.96494901494579,7609.524904069072,4003.5130828250108,1.900711886446376,2.0052736817374432,303.17255255818645,0.0,0.0,0.0,2.029003661513048,6.683982683982684,0.8562231759656652,1056.4992828046566,231,0.2365431785583496
paper,50,3000000.0,17,3,exclude,launch,0,0.0,prior,0.0,rr_sweep,12600.0,43200,2661193.3632800197,0,2333877.043283443,327316.3199965774,0,13,0.9837994774658778,15,10.771174625584255,13.246170550537009,7093.897473043144,3014.404896634212,2.3533326531429015,2.003540186929592,302.1278720348041,0.0,0.0,0.015428571428571429,0.8534962341309841,2.7261632341723874,0.7608695652173914,457.8563016691941,1311,0.9325108528137207
paper,50,3000000.0,8,7,exclude,launch,0,0.0,prior,0.0,rr_sweep,12600.0,43200,175664.70256650864,0,132078.16043648514,43586.542130023496,0,0,0.0,0,10.0719410581049,10.119278728052848,7609.524904069072,3943.192502867832,1.9297878301743485,2.0048987689057247,302.94646072447244,0.0,0.0,0.0,1.79454456494428,5.557755775577558,0.8544303797468354,989.360990110216,303,0.22104382514953613
paper,50,3000000.0,13,6,exclude,launch,0,0.0,prior,0.0,rr_sweep,12600.0,43200,1571186.395540512,0,1361875.4834281092,209310.91211240282,0,7,0.9494499071542375,11,10.985299613933622,10.246033985741303,6949.126209101812,3894.478301391748,1.7843535568341569,2.004863948660664,302.9254665953704,0.0,0.0,0.0,1.1271966167045966,3.071243523316062,0.8063063063063063,691.0842181530069,772,0.3835604190826416
paper,50,3000000.0,4,8,exclude,launch,0,0.0,prior,0.0,rr_sweep,12600.0,43200,382824.5174284505,0,250970.9868320142,131853.53059643635,0,0,0.0,0,9.570104670065762,10.082993628204783,8026.03187300879,3954.001064362614,2.0298507113079363,2.006613419690863,303.98117301051997,0.0,0.010309278350515464,0.0,3.795356111291956,14.19718309859155,0.7931769722814499,1694.8585546171735,71,0.13351893424987793
paper,50,3000000.0,5,8,exclude,launch,0,0.0,prior,0.0,rr_sweep,12600.0,43200,288098.74631676706,0,208031.24918980704,80067.49712696006,0,0,0.0,0,9.570104670065762,8.999781960958826,8026.03187300879,4431.140306118885,1.811279110689811,2.0060534370876244,303.6430554827468,0.0,0.0,0.0,2.981334338463201,9.929824561403509,0.8116883116883117,1469.4707476207636,114,0.12501978874206543
paper,50,3000000.0,9,7,exclude,launch,0,0.0,prior,0.0,rr_sweep,12600.0,43200,164581.9004908364,0,121944.21387388607,42637.686616950334,0,0,0.0,0,10.0719410581049,10.55776341243904,7609.524904069072,3779.458158640253,2.0133904344655518,2.0048806279638147,302.93552293708524,0.0,0.0,0.0,1.5240139150949437,4.545454545454546,0.8598726114649682,915.7852916689499,396,0.3045682907104492
paper,50,3000000.0,15,5,exclude,launch,0,0.0,prior,0.0,rr_sweep,12600.0,43200,1447511.9806052437,0,1243945.8645784105,203566.1160268331,0,9,0.9560200337215378,16,10.480785397349965,10.32705846898654,7299.682415679881,3864.415008245876,1.8889488836224482,2.0046086082913677,302.77153675593564,0.0,0.0,0.0,1.0447302056005063,2.754932502596054,0.7561475409836066,610.867035490463,963,0.6512043476104736
paper,50,3000000.0,6,8,exclude,launch,0,0.0,prior,0.0,rr_sweep,12600.0,43200,240049.3584227714,0,174828.5312736772,65220.8271490942,0,0,0.0,0,9.570104670065762,10.034861151514155,8026.03187300879,3975.8316314366225,2.0187051708999744,2.0051673974288065,303.10844905614,0.0,0.004608294930875576,0.0,2.5116288920508487,8.802469135802468,0.8221258134490239,1180.0711699925546,162,0.24405169486999512
paper,50,3000000.0,10,7,exclude,launch,0,0.0,prior,0.0,rr_sweep,12600.0,43200,136785.86703681192,0,107695.59127614077,29090.275760671153,0,0,0.0,0,10.0719410581049,11.448338610621189,7609.524904069072,3486.0877937373198,2.182826524833774,2.004514492919986,302.7148099458892,0.0,0.0,0.0,1.3710118400189377,4.166666666666667,0.8728813559322034,807.6304929253379,492,0.3620789051055908
paper,50,3000000.0,12,7,exclude,launch,0,0.0,prior,0.0,rr_sweep,12600.0,43200,469912.9795293138,0,437080.12827210955,32832.85125720427,0,2,0.7648976242198564,3,10.0719410581049,11.248263669045688,7609.524904069072,3548.284256836473,2.144564627089223,2.004407848520183,302.65053785068284,0.0,0.0,0.0,1.207977104975081,3.6336336336336337,0.9012875536480687,679.0016397708678,666,0.3735780715942383
paper,50,3000000.0,7,8,exclude,launch,0,0.0,prior,0.0,rr_sweep,12600.0,43200,185323.30715287515,0,141149.8064938759,44173.50065899925,0,0,0.0,0,9.570104670065762,10.502603878491769,8026.03187300879,3799.2081303608893,2.1125538790227827,2.0049332362125103,302.9672427733649,0.0,0.0,0.0,1.988364229070926,6.987394957983193,0.869281045751634,994.1628645860796,238,0.2515535354614258
paper,50,3000000.0,16,5,exclude,launch,0,0.0,prior,0.0,rr_sweep,12600.0,43200,2584492.042736612,0,2238082.844030112,346409.19870650023,0,16,0.9824567155196514,17,10.480785397349965,11.427736482169333,7299.682415679881,3493.2239069158895,2.0896692024888415,2.0040259738794575,302.42044686737796,0.0,0.0006341154090044388,0.0,0.9100163601154025,2.3874788494077834,0.6598360655737705,581.5268306988529,1182,0.7657313346862793
paper,50,3000000.0,8,8,exclude,launch,0,0.0,prior,0.0,rr_sweep,12600.0,43200,175759.3744519004,0,139177.01769698082,36582.35675491958,0,0,0.0,0,9.570104670065762,9.587093941400514,8026.03187300879,4161.961117512097,1.9284254817369666,2.004956643084272,302.98135634376285,0.0,0.0,0.0,1.820989814953748,5.559322033898305,0.8453159041394336,1009.2933899121459,295,0.2575552463531494
paper,50,3000000.0,14,6,exclude,launch,0,0.0,prior,0.0,rr_sweep,12600.0,43200,2259208.111431485,0,1938209.8129399226,320998.2984915622,0,11,0.9740324837595151,16,10.985299613933622,10.196670574911082,6949.126209101812,3913.699236489342,1.7755902508582395,2.0046758139323275,302.81204733017546,0.0,0.0,0.0,1.0850993636478135,2.966589861751152,0.7427293064876958,637.9565395489677,868,0.6371135711669922
paper,50,3000000.0,10,8,exclude,launch,0,0.0,prior,0.0,rr_sweep,12600.0,43200,274944.8991658525,0,248983.02802265645,25961.871143196055,0,1,0.5728321475444529,1,9.570104670065762,11.572039202860879,8026.03187300879,3449.707183166304,2.326583517631233,2.004000648518897,302.40519066790966,0.0,0.0,0.0,1.4718989568480885,4.9,0.8915929203539823,729.347358783587,460,0.30705761909484863
paper,50,3000000.0,11,8,exclude,launch,0,0.0,prior,0.0,rr_sweep,12600.0,43200,286616.32419151283,0,255066.00995993536,31550.314231577475,0,1,0.5585282060108416,2,9.570104670065762,10.638356823613428,8026.03187300879,3751.4686697026445,2.139437265684259,2.0045371535386214,302.72846785184277,0.0,0.0,0.0,1.3230144665836092,3.769230769230769,0.8857142857142857,782.2673599850871,559,0.31656551361083984
paper,50,3000000.0,15,6,exclude,launch,0,0.0,prior,0.0,rr_sweep,12600.0,43200,2978771.3885087613,0,2567746.65776951,411024.7307392511,0,16,0.9857199405510982,18,10.985299613933622,11.455004450203578,6949.126209101812,3485.0966448261784,1.9939550943065465,2.0039177807050366,302.3552731247178,0.0,0.0,0.0072254335260115606,0.963467455436629,2.84149855907781,0.6947608200455581,555.9285497988114,1041,0.6246168613433838
paper,50,3000000.0,11,7,exclude,launch,0,0.0,prior,0.0,rr_sweep,12600.0,43200,468106.0598380119,0,438217.5925627405,29888.46727527146,0,2,0.7678501785608773,2,10.0719410581049,11.117856445387108,7609.524904069072,3589.6861015918944,2.1198301714165275,2.004529496916479,302.7238530525823,0.0,0.0,0.0,1.2683564486710261,3.9982847341337906,0.8991416309012875,703.5684734930028,583,0.509598970413208
paper,50,3000000.0,5,9,exclude,launch,0,0.0,prior,0.0,rr_sweep,12600.0,43200,315973.63372000563,0,220628.47693342957,95345.15678657607,0,0,0.0,0,10.105513434823152,8.063813903586228,7583.137266203306,4944.159580556612,1.5337565753388565,2.0065824549259306,303.96247156941394,0.0,0.006493506493506494,0.0,2.9367587754526543,10.02608695652174,0.8185654008438819,1457.5519770304397,115,0.18751907348632812
paper,50,3000000.0,13,7,exclude,launch,0,0.0,prior,0.0,rr_sweep,12600.0,43200,624189.9446767687,0,593386.9604247754,30802.984251993264,0,3,0.8464224556668994,7,10.0719410581049,11.03958694824495,7609.524904069072,3615.185439754318,2.1048781676289896,2.0045024132861835,302.7075294893301,0.0,0.0,0.0,1.155917736000612,3.544488711819389,0.8876889848812095,614.2290196569184,753,0.5185859203338623
paper,50,3000000.0,9,8,exclude,launch,0,0.0,prior,0.0,rr_sweep,12600.0,43200,157273.26749729246,0,124761.39351404339,32511.87398324906,0,0,0.0,0,9.570104670065762,10.908499856828948,8026.03187300879,3658.2824780417554,2.193934427202858,2.0046922886205865,302.8219784441014,0.0,0.0,0.0,1.5020123508440737,4.5594059405940595,0.8486842105263158,898.7506082355711,404,0.36856603622436523
paper,50,3000000.0,15,7,exclude,launch,0,0.0,prior,0.0,rr_sweep,12600.0,43200,1114737.2380378242,0,1020917.5055624477,93819.73247537659,0,8,0.9424268671338442,10,10.0719410581049,11.740103826694718,7609.524904069072,3400.0266083227007,2.2380780448724193,2.004175429181855,302.5104877717688,0.0,0.0,0.0,0.9902042030551169,3.0932286555446518,0.8583690987124464,520.3098667154942,1019,0.5185854434967041
paper,50,3000000.0,16,6,exclude,launch,0,0.0,prior,0.0,rr_sweep,12600.0,43200,3502397.600912438,0,3026582.5882927375,475815.01261970034,0,18,0.990020222852834,20,10.985299613933622,12.63251615050919,6949.126209101812,3160.640879153567,2.1986446656865417,2.003664353873031,302.20264057061075,0.0,0.0,0.04007633587786259,0.8707415195768475,2.539763113367174,0.6628440366972477,541.1532361314868,1182,0.6716153621673584
paper,50,3000000.0,6,9,exclude,launch,0,0.0,prior,0.0,rr_sweep,12600.0,43200,243376.33193974243,0,178694.2507229375,64682.08121680496,0,0,0.0,0,10.105513434823152,9.517113795036506,7583.137266203306,4190.993054381224,1.809389127542449,2.005708355654646,303.4347889900715,0.0,0.004291845493562232,0.0,2.3162068916255163,8.093023255813954,0.8694736842105263,1194.9397291964297,172,0.20651960372924805
paper,50,3000000.0,7,9,exclude,launch,0,0.0,prior,0.0,rr_sweep,12600.0,43200,198902.17975239156,0,151809.6998334731,47092.479918918456,0,0,0.0,0,10.105513434823152,9.302105439987598,7583.137266203306,4288.654050302126,1.7681858171024756,2.0053386038312127,303.21171250598746,0.0,0.0,0.0,2.072945226453911,7.101769911504425,0.8776371308016878,1033.9375565952498,226,0.1945192813873291
paper,50,3000000.0,16,7,exclude,launch,0,0.0,prior,0.0,rr_sweep,12600.0,43200,1709239.5517807654,0,1526778.077571378,182461.47420938732,0,11,0.9663168139612428,17,10.0719410581049,11.659514536886194,7609.524904069072,3422.551957587732,2.2233482496003902,2.0047465229319723,302.8546726031667,0.0,0.0,0.0,0.910586080944024,2.4915110356536503,0.8218884120171673,559.3712333782496,1178,0.5270872116088867
paper,50,3000000.0,17,6,exclude,launch,0,0.0,prior,0.0,rr_sweep,12600.0,43200,3836797.97321649,0,3316670.6596184797,520127.31359801005,0,20,0.9921414788934482,23,10.985299613933622,12.5316560667761,6949.126209101812,3185.822449527248,2.1812660056221933,2.003825742817611,302.29983658299847,0.0,0.0,0.024130190796857465,0.8311571862985122,2.330832708177044,0.6318181818181818,525.386205792865,1333,0.7076189517974854
paper,50,3000000.0,12,8,exclude,launch,0,0.0,prior,0.0,rr_sweep,12600.0,43200,591486.6412513232,0,545758.3324529455,45728.30879837767,0,3,0.8151882096838732,4,9.570104670065762,11.35667446155371,8026.03187300879,3514.9000683164195,2.2834310270599327,2.004129717674557,302.4829469751554,0.0,0.0,0.0,1.2132565316586486,3.3593984962406016,0.8920704845814978,737.5209741399833,665,0.4200780391693115
paper,50,3000000.0,13,8,exclude,launch,0,0.0,prior,0.0,rr_sweep,12600.0,43200,894766.0267868452,0,841705.4121186837,53060.614668161485,0,5,0.9069229191472856,7,9.570104670065762,11.801833641428962,8026.03187300879,3381.9700866532135,2.3731823958713143,2.0043369671438036,302.6078230714842,0.0,0.0,0.0,1.0502313074808172,3.1788715486194477,0.8910675381263616,623.1359763691747,833,0.42407703399658203
paper,50,3000000.0,8,9,exclude,launch,0,0.0,prior,0.0,rr_sweep,12600.0,43200,191702.9633045495,0,145507.37848169627,46195.58482285322,0,0,0.0,0,10.105513434823152,9.115299989832586,7583.137266203306,4376.449296568772,1.7327145254827114,2.0053820328431895,303.2379095891713,0.0,0.0,0.0,1.8023919792437029,5.568106312292358,0.9004237288135594,993.0474189584344,301,0.26352810859680176
paper,50,3000000.0,4,10,exclude,launch,0,0.0,prior,0.0,rr_sweep,12600.0,43200,327441.19014992716,0,218368.95928281447,109072.23086711268,0,0,0.0,0,9.202224290828964,8.769279536029563,8360.21699446392,4545.788366951866,1.8391126730058889,2.0068589974553173,304.129512227018,0.0,0.0,0.0,3.741507013619944,14.402777777777779,0.7870967741935484,1635.5377442905665,72,0.13501358032226562
paper,50,3000000.0,6,10,exclude,launch,0,0.0,prior,0.0,rr_sweep,12600.0,43200,213020.05274461946,0,155227.86899224375,57792.18375237571,0,0,0.0,0,9.202224290828964,8.9246438952605,8360.21699446392,4469.852478635774,1.8703563561488075,2.005422580627622,303.2623696907722,0.0,0.0,0.0,2.4990740841579857,9.061728395061728,0.8395604395604396,1132.9442156090142,162,0.17002201080322266
paper,50,3000000.0,10,9,exclude,launch,0,0.0,prior,0.0,rr_sweep,12600.0,43200,201679.25735038682,0,155843.10978190834,45836.14756847848,0,0,0.0,0,10.105513434823152,8.455606338560482,7583.137266203306,4714.880284946849,1.6083414228806427,2.006663546554334,304.0114487884047,0.0,0.0,0.0,1.43942635498599,3.334763948497854,0.8728813559322034,1058.401708808212,466,0.285031795501709
paper,50,3000000.0,9,9,exclude,launch,0,0.0,prior,0.0,rr_sweep,12600.0,43200,182268.92814481378,0,142186.01962882344,40082.90851599035,0,0,0.0,0,10.105513434823152,8.946927051495331,7583.137266203306,4458.486247653619,1.7008322657032096,2.0055276745921944,303.3257713112356,0.0,0.0,0.0,1.619764091707609,4.545454545454546,0.8919491525423728,975.2141304043931,374,0.3410310745239258
paper,50,3000000.0,5,10,exclude,launch,0,0.0,prior,0.0,rr_sweep,12600.0,43200,255325.6980837593,0,177183.24524148536,78142.45284227397,0,0,0.0,0,9.202224290828964,9.024029515550101,8360.21699446392,4419.499181782529,1.8916661482652364,2.0059329951413485,303.5703572142134,0.0,0.0,0.0,2.936769172166085,11.042735042735043,0.8293216630196937,1302.7420474069586,117,0.20362615585327148
paper,50,3000000.0,12,9,exclude,launch,0,0.0,prior,0.0,rr_sweep,12600.0,43200,852921.895438362,0,719575.9625714879,133345.93286687415,0,5,0.8371584015833126,8,10.105513434823152,9.126471779036752,7583.137266203306,4369.4868582741865,1.7354754716434628,2.006118737332611,303.68247408353034,0.0,0.0,0.0,1.2271277070543105,2.811263318112633,0.8118393234672304,887.984240432042,657,0.29265832901000977
paper,50,3000000.0,7,10,exclude,launch,0,0.0,prior,0.0,rr_sweep,12600.0,43200,170162.63694293532,0,130477.67899832275,39684.95794461257,0,0,0.0,0,9.202224290828964,8.277964329426696,8360.21699446392,4818.6951573157885,1.7349545305374547,2.0055661165021723,303.34896439717795,0.0,0.0,0.0,2.10043452535975,7.088495575221239,0.8640350877192983,1039.0399645102168,226,0.23665189743041992
paper,50,3000000.0,14,7,exclude,launch,0,0.0,prior,0.0,rr_sweep,12600.0,43200,1020971.3295174474,0,945773.2414160866,75198.08810136095,0,7,0.9340225550039052,8,10.0719410581049,12.604266181158055,7609.524904069072,3167.488716070967,2.4023842185957713,2.0038137132048943,302.2925912454593,0.0,0.0,0.005700325732899023,1.0123612344008335,3.5091891891891893,0.8924731182795699,503.91841536628687,925,0.7572371959686279
paper,50,3000000.0,9,10,exclude,launch,0,0.0,prior,0.0,rr_sweep,12600.0,43200,149732.30968868654,0,116993.67169220529,32738.637996481244,0,0,0.0,0,9.202224290828964,8.680143009386278,8360.21699446392,4594.92160583517,1.8194471443967917,2.0057878686003687,303.48277098710173,0.0,0.0,0.0,1.56827460985381,4.537662337662337,0.8736141906873615,940.0827989431136,385,0.23916006088256836
paper,50,3000000.0,5,11,exclude,launch,0,0.0,prior,0.0,rr_sweep,12600.0,43200,291916.66963172884,0,206363.6783301304,85552.99130159842,0,0,0.0,0,10.738874082102775,10.335716320246382,7116.237207150667,3859.787331321234,1.8436863475363359,2.00533082542724,303.20702056626493,0.0,0.006578947368421052,0.0,2.995165162743139,11.026785714285714,0.8013100436681223,1350.0588529165598,112,0.1636505126953125
paper,50,3000000.0,11,9,exclude,launch,0,0.0,prior,0.0,rr_sweep,12600.0,43200,623626.7568030632,0,516271.6563651663,107355.10043789684,0,3,0.7548790259602707,3,10.105513434823152,9.175011138184942,7583.137266203306,4346.688343911257,1.7445780939932336,2.0059720813061763,303.59394851024405,0.0,0.0,0.0,1.3028186815255343,3.133567662565905,0.8343949044585988,926.0206407954105,569,0.3951749801635742
paper,50,3000000.0,8,10,exclude,launch,0,0.0,prior,0.0,rr_sweep,12600.0,43200,140264.72001057232,0,111071.53695474686,29193.183055825433,0,0,0.0,0,9.202224290828964,9.641264153661355,8360.21699446392,4137.596585395824,2.0205490849379504,2.00543162929067,303.26782835342743,0.0,0.0,0.0,1.6190899555426577,5.555555555555555,0.89086859688196,897.0486701613214,333,0.2986640930175781
paper,50,3000000.0,13,9,exclude,launch,0,0.0,prior,0.0,rr_sweep,12600.0,43200,2144922.401809633,0,1809517.8741386323,335404.5276710002,0,12,0.9639206102597574,14,10.105513434823152,10.007013061135114,7583.137266203306,3987.7803804391206,1.9015935038449328,2.004722607641763,302.840255491939,0.0,0.0,0.0,1.1219373084521045,2.8870346598202823,0.6836518046709129,727.7439602540167,779,0.36316561698913574
paper,50,3000000.0,10,10,exclude,launch,0,0.0,prior,0.0,rr_sweep,12600.0,43200,382350.11919862934,0,347485.1302127587,34864.9889858706,0,1,0.6979857313838758,1,9.202224290828964,9.627812135173285,8360.21699446392,4144.066543076404,2.017394486203786,2.0050982554399406,303.0667509265235,0.0,0.0,0.0,1.4097486140407867,4.453974895397489,0.9040178571428571,772.3061279741074,478,0.29966235160827637
paper,50,3000000.0,6,11,exclude,launch,0,0.0,prior,0.0,rr_sweep,12600.0,43200,255616.5026320797,0,177190.76303713326,78425.73959494646,0,0,0.0,0,10.738874082102775,10.38632355379478,7116.237207150667,3841.8050005965397,1.85231608737187,2.004900489711429,302.94749826668084,0.0,0.0,0.0,2.400938708836227,8.635294117647058,0.838074398249453,1128.9476697873665,170,0.16764569282531738
paper,50,3000000.0,14,8,exclude,launch,0,0.0,prior,0.0,rr_sweep,12600.0,43200,1251275.3862245572,0,1178407.3411287542,72868.04509580297,0,7,0.9438582758200847,7,9.570104670065762,12.768570690987195,8026.03187300879,3127.2195167227437,2.566507349448846,2.0034999408179237,302.1036393664728,0.0,0.0,0.0,1.019903670911337,3.327193932827736,0.8938053097345132,534.8405540321062,923,0.610206127166748
paper,50,3000000.0,11,10,exclude,launch,0,0.0,prior,0.0,rr_sweep,12600.0,43200,397726.9884003788,0,349700.06793791906,48026.92046245974,0,1,0.7078759252491624,1,9.202224290828964,9.340172211785662,8360.21699446392,4271.214859381927,1.9573393682362537,2.0053199966315676,303.20048868818867,0.0,0.0,0.0,1.3439556050554682,3.772727272727273,0.88470066518847,794.8337200440756,550,0.3671698570251465
paper,50,3000000.0,7,11,exclude,launch,0,0.0,prior,0.0,rr_sweep,12600.0,43200,184407.0512236972,0,146517.86004534896,37889.19117834825,0,0,0.0,0,10.738874082102775,10.425836228454532,7116.237207150667,3827.9401041587266,1.8590252233621654,2.0045364354222794,302.7280350272699,0.0,0.0,0.0,2.0646361031967073,7.01304347826087,0.8480176211453745,1021.3129041494118,230,0.24015092849731445
paper,50,3000000.0,4,12,exclude,launch,0,0.0,prior,0.0,rr_sweep,12600.0,43200,313384.92963537376,0,218506.46058258988,94878.4690527839,0,0,0.0,0,9.23457650455646,8.416306150079588,8329.760200033028,4735.17838949885,1.759122785850231,2.007391667720281,304.45139165767483,0.0,0.019801980198019802,0.009900990099009901,3.593657251807255,14.197368421052632,0.7664399092970522,1555.7566515993744,76,0.11101102828979492
paper,50,3000000.0,14,9,exclude,launch,0,0.0,prior,0.0,rr_sweep,12600.0,43200,2717236.50827036,0,2287685.311925153,429551.1963452073,0,14,0.9761044900341981,15,10.105513434823152,10.098507353808314,7583.137266203306,3951.9514313338727,1.918833618773454,2.0045698885750136,302.7481983094845,0.0,0.0,0.0,1.084730928758274,2.7903225806451615,0.6666666666666666,677.6038676717009,868,0.5001840591430664
paper,50,3000000.0,5,12,exclude,launch,0,0.0,prior,0.0,rr_sweep,12600.0,43200,247172.48329074224,0,175102.22302145817,72070.26026928407,0,0,0.0,0,9.23457650455646,9.090462700194804,8329.760200033028,4386.7056600232045,1.8988646254394388,2.0061597037681396,303.7072048460372,0.0,0.0064516129032258064,0.0,2.9599995992716908,11.460869565217392,0.8149882903981265,1273.8220079866549,115,0.1435246467590332
paper,50,3000000.0,13,10,exclude,launch,0,0.0,prior,0.0,rr_sweep,12600.0,43200,1008119.3720818906,0,935429.8217652002,72689.55031669042,0,6,0.9321930540183297,7,9.202224290828964,9.935718809484063,8360.21699446392,4016.2260179496843,2.081610187549126,2.004806905987559,302.8910754960874,0.0,0.0,0.0,1.1562801253540738,3.64332892998679,0.8957871396895787,597.7443651369741,757,0.4181811809539795
paper,50,3000000.0,15,8,exclude,launch,0,0.0,prior,0.0,rr_sweep,12600.0,43200,1543243.7215965304,0,1411191.639893553,132052.08170297745,0,8,0.9612274671119564,11,9.570104670065762,12.604924125877886,8026.03187300879,3167.8693966172686,2.5335741055421006,2.0034683350089098,302.0846098096661,0.0,0.0,0.0,0.9910991582274,3.087512291052114,0.8637362637362638,521.0645062276037,1017,0.7597293853759766
paper,50,3000000.0,12,10,exclude,launch,0,0.0,prior,0.0,rr_sweep,12600.0,43200,772189.8568085826,0,718381.94334705,53807.91346153264,0,4,0.8934790921020642,5,9.202224290828964,9.91550993814425,8360.21699446392,4024.1558278199345,2.0775082656262405,2.0049342884717634,302.9678772438747,0.0,0.0,0.0,1.218254142458126,3.838368580060423,0.891832229580574,648.2564218468378,662,0.45168018341064453
paper,50,3000000.0,10,11,exclude,launch,0,0.0,prior,0.0,rr_sweep,12600.0,43200,138156.17776461958,0,112890.06573566621,25266.112028953372,0,0,0.0,0,10.738874082102775,10.937250885910679,7116.237207150667,3649.312274190862,1.9500214485559484,2.004337190063066,302.60795740313284,0.0,0.0,0.0,1.3787008597465866,4.170081967213115,0.8813186813186813,805.9488442469548,488,0.2885396480560303
paper,50,3000000.0,8,11,exclude,launch,0,0.0,prior,0.0,rr_sweep,12600.0,43200,167648.08817042233,0,129993.09368375654,37654.99448666579,0,0,0.0,0,10.738874082102775,10.296994047432591,7116.237207150667,3875.5551640914014,1.8361852446548834,2.0046825146070484,302.8160865471427,0.0,0.0,0.0,1.6736688163328046,5.4813664596273295,0.8771929824561403,940.8381353609575,322,0.3366730213165283
paper,50,3000000.0,6,12,exclude,launch,0,0.0,prior,0.0,rr_sweep,12600.0,43200,217219.9379995042,0,158733.70948751143,58486.22851199277,0,0,0.0,0,9.23457650455646,8.142514682355543,8329.760200033028,4898.00154194861,1.7006446667469066,2.0059149683655813,303.5594770745783,0.0,0.0,0.0,2.5308711500005336,8.9375,0.8188235294117647,1166.924630735567,160,0.2075338363647461
paper,50,3000000.0,15,9,exclude,launch,0,0.0,prior,0.0,rr_sweep,12600.0,43200,3094658.494016768,0,2620401.1896584216,474257.30435834633,0,17,0.9822152118914584,20,10.105513434823152,10.533799138197924,7583.137266203306,3788.919544000205,2.001398334839621,2.0044238924506415,302.66020671770946,0.0,0.0,0.0,1.0041077604151896,2.3216783216783217,0.582441113490364,706.4557062788538,1001,0.6102025508880615
paper,50,3000000.0,9,11,exclude,launch,0,0.0,prior,0.0,rr_sweep,12600.0,43200,157707.34678977646,0,124698.73615234016,33008.61063743629,0,0,0.0,0,10.738874082102775,10.506502027788299,7116.237207150667,3798.4452572323316,1.8734605148254222,2.004591878647143,302.761452793139,0.0,0.0,0.0,1.4957797386064373,4.550617283950618,0.8722466960352423,892.6537077386287,405,0.37157583236694336
paper,50,3000000.0,11,11,exclude,launch,0,0.0,prior,0.0,rr_sweep,12600.0,43200,152685.77339872057,0,120198.39776876892,32487.37562995165,0,0,0.0,1,10.738874082102775,9.53504371267269,7116.237207150667,4183.692346829602,1.7009465843116656,2.0054302334252845,303.2669862856867,0.0,0.0,0.0,1.2902200227299285,3.336823734729494,0.8876651982378855,861.7313832858051,573,0.3630506992340088
ring,50,1500000.0,2,1,exclude,launch,0,0.0,prior,0.0,rr_sweep,12600.0,43200,257403.44730517588,0,228946.0017055643,28457.445599611572,0,0,0.0,0,4.934279871545503,3.0669313477919893,7773.219404112283,6472.6139495890875,1.2009397539622713,2.0150054814363756,309.0708382037664,0.0,0.0,0.0,3.7195970677739063,25.0,0.954954954954955,1795.6067375723414,38,0.0855104923248291
paper,50,3000000.0,16,9,exclude,launch,0,0.0,prior,0.0,rr_sweep,12600.0,43200,3661432.01559022,0,3113416.2656044173,548015.749985803,0,20,0.9882416059251472,28,10.105513434823152,10.840200147263895,7583.137266203306,3683.1823992831637,2.0588546653782793,2.0036850579832697,302.21510868566395,0.0,0.0,0.0,0.979298994084123,2.144940747493163,0.5774946921443737,698.1414624186665,1097,0.6312017440795898
paper,50,3000000.0,13,11,exclude,launch,0,0.0,prior,0.0,rr_sweep,12600.0,43200,800660.3080624832,0,715399.745284194,85260.56277828917,0,3,0.8740525035423187,4,10.738874082102775,10.930502472288255,7116.237207150667,3651.5168099188722,1.9488441591779972,2.004363824832755,302.62400778980435,0.0,0.0,0.0,1.1147971154290839,2.9375,0.8783185840707964,714.418889655037,784,0.37304258346557617
paper,50,3000000.0,7,12,exclude,launch,0,0.0,prior,0.0,rr_sweep,12600.0,43200,182672.46612827538,0,136456.21992339307,46216.246204882314,0,0,0.0,0,9.23457650455646,9.078395626591176,8329.760200033028,4394.1133294812325,1.8956634878182435,2.0054397938897983,303.27275374114805,0.0,0.0,0.0,2.0690033927584603,7.353711790393013,0.852803738317757,991.4189922440553,229,0.25253915786743164
ring,50,1500000.0,6,1,exclude,launch,0,0.0,prior,0.0,rr_sweep,12600.0,43200,4607279.328076876,0,4254578.225426493,352701.10265038186,0,30,0.9760118189461917,46,4.934279871545503,2.9186327164093884,7773.219404112283,6436.114028217895,1.207750417415246,2.129397868854773,382.66186385211074,0.0,0.0,0.0,1.349173625941675,1.1133333333333333,0.37383177570093457,4913.218384778501,300,0.09001660346984863
ring,50,1500000.0,5,1,exclude,launch,0,0.0,prior,0.0,rr_sweep,12600.0,43200,499132.97984059644,0,403188.4404009085,95944.53943968787,0,0,0.0,2,4.934279871545503,2.8148013349887306,7773.219404112283,6937.248489844473,1.1205046807090158,2.0484482269163404,329.7731053572052,0.0,0.0,0.0,1.5613785733402177,2.390697674418605,0.8878504672897196,3204.780716102532,215,0.10651779174804688
ring,50,1500000.0,3,1,exclude,launch,0,0.0,prior,0.0,rr_sweep,12600.0,43200,258517.108828943,0,224950.13931387503,33566.96951506793,0,0,0.0,0,4.934279871545503,2.8150427269491183,7773.219404112283,7052.912537622186,1.1021289946029786,2.0146819805441973,308.8738564923286,0.0,0.0,0.0,2.6170486599186464,12.368421052631579,0.9252336448598131,1728.2099703897322,76,0.13852429389953613
paper,50,3000000.0,9,12,exclude,launch,0,0.0,prior,0.0,rr_sweep,12600.0,43200,141189.99176641612,0,114597.51379087142,26592.47797554469,0,0,0.0,0,9.23457650455646,8.875098687670055,8329.760200033028,4493.319591144995,1.8538098684207827,2.006085721493628,303.6625436980062,0.0,0.0,0.0,1.5238269606888313,4.545454545454546,0.8514150943396226,912.0428954948582,396,0.24354338645935059
paper,50,3000000.0,8,12,exclude,launch,0,0.0,prior,0.0,rr_sweep,12600.0,43200,146299.73368116427,0,117516.76593496495,28782.967746199345,0,0,0.0,0,9.23457650455646,8.226013678065145,8329.760200033028,4849.010566572303,1.7178267784063044,2.0056143540819438,303.37806874069366,0.0,0.0,0.0,1.9108738205409201,6.25,0.8711217183770883,929.6922536269078,280,0.26854681968688965
ring,50,1500000.0,4,1,exclude,launch,0,0.0,prior,0.0,rr_sweep,12600.0,43200,267809.1910054086,0,228540.60877859645,39268.582226812156,0,0,0.0,0,4.934279871545503,2.902083516992627,7773.219404112283,6833.831244240119,1.1374614219020882,2.016906821081217,310.2298448284518,0.0,0.0,0.0,1.9783396633214267,6.666666666666667,0.9345794392523364,1832.1501599569635,135,0.13101768493652344
ring,50,1500000.0,5,2,exclude,launch,0,0.0,prior,0.0,rr_sweep,12600.0,43200,500166.2074240861,0,417081.00414517673,83085.20327890938,0,1,0.1400086832131284,3,4.841458625364342,2.829383815240742,7928.639575087385,6897.942120170823,1.1494210065785588,2.049503104314474,330.43702978971555,0.0,0.0,0.0,1.561813497182109,2.437209302325581,0.8598130841121495,3159.7120435353477,215,0.06601715087890625
paper,50,3000000.0,14,10,exclude,launch,0,0.0,prior,0.0,rr_sweep,12600.0,43200,1188103.8541900243,0,1117387.002990771,70716.85119925332,0,7,0.9523198779939909,9,9.202224290828964,10.767676806573846,8360.21699446392,3706.7293395174684,2.255416090226925,2.0043663348057894,302.62552034736467,0.0,0.0,0.0,1.0699941260492432,3.535836177474403,0.8943820224719101,528.9654072224857,879,0.5972082614898682
ring,50,1500000.0,3,2,exclude,launch,0,0.0,prior,0.0,rr_sweep,12600.0,43200,248457.5346574911,0,211518.15222081263,36939.38243667846,0,0,0.0,0,4.841458625364342,2.979497211971502,7928.639575087385,6660.314665079355,1.1904301784205444,2.0156831258181453,309.4836636215155,0.0,0.0,0.0,2.550971951165987,12.5,0.9444444444444444,1665.1527506228717,80,0.09451794624328613
ring,50,1500000.0,2,2,exclude,launch,0,0.0,prior,0.0,rr_sweep,12600.0,43200,255800.96551431145,0,224930.4676144492,30870.497899862206,0,0,0.0,0,4.841458625364342,3.0151231451517493,7928.639575087385,6579.169374879184,1.2051125489124503,2.0164333411094786,309.9410210756932,0.0,0.0,0.0,3.9315848583566093,24.857142857142858,0.9272727272727272,1915.4235505799768,35,0.10651755332946777
ring,50,1500000.0,5,3,exclude,launch,0,0.0,prior,0.0,rr_sweep,12600.0,43200,995267.1063624971,0,826250.4486427837,169016.65771971334,0,2,0.29963795255045905,5,4.789496627266479,2.7825087011680774,8018.275011535528,7013.66230795597,1.1432365374135525,2.0496448161361194,330.52627201242825,0.0,0.0,0.0,1.5745183414418358,1.9299065420560748,0.780952380952381,3971.2556118698803,214,0.06150317192077637
paper,50,3000000.0,12,11,exclude,launch,0,0.0,prior,0.0,rr_sweep,12600.0,43200,791119.6634255926,0,721611.6731048085,69507.99032078404,0,3,0.8578970940127137,3,10.738874082102775,11.149194743329625,7116.237207150667,3579.910100907482,1.987825673428713,2.004353712890305,302.6179141789625,0.0,0.0,0.0,1.143746606871336,3.099290780141844,0.8874172185430463,751.9829449706101,705,0.5085697174072266
ring,50,1500000.0,4,2,exclude,launch,0,0.0,prior,0.0,rr_sweep,12600.0,43200,258744.17433966263,0,224105.0488467416,34639.125492921004,0,0,0.0,0,4.841458625364342,2.84607294856981,7928.639575087385,6957.827617111578,1.1395280267634489,2.0199485103518153,312.0884891306662,0.0,0.0,0.0,1.9726424609148034,6.25,0.9439252336448598,1922.7773551396647,136,0.129533052444458
ring,50,1500000.0,6,2,exclude,launch,0,0.0,prior,0.0,rr_sweep,12600.0,43200,3999602.8051118404,0,3752397.8749407213,247204.9301711188,0,30,0.9753723282896767,42,4.841458625364342,2.9526606855883704,7928.639575087385,6403.193019715161,1.2382321680254582,2.1156793945507486,373.4221534275375,0.0,0.0,0.0,1.3437918696975386,1.254180602006689,0.3925233644859813,4364.403064328519,299,0.0980224609375
ring,50,1500000.0,6,3,exclude,launch,0,0.0,prior,0.0,rr_sweep,12600.0,43200,5279348.895334291,0,4959769.149067172,319579.7462671189,0,32,0.9803429679468771,47,4.789496627266479,2.957484856903415,8018.275011535528,6448.491401295481,1.2434342410574792,2.097390693636978,361.27990034431406,0.0,0.0,0.0,1.3536717889054897,1.1986531986531987,0.3333333333333333,4617.762342724071,297,0.09252262115478516
ring,50,1500000.0,5,4,exclude,launch,0,0.0,prior,0.0,rr_sweep,12600.0,43200,718483.3629148412,0,625212.0331701774,93271.32974466385,0,1,0.31123597333292063,4,4.816998253248284,2.81266583103447,7970.593281758647,6955.574833124665,1.14592876548465,2.0446022133496893,327.3581352405208,0.0,0.0,0.0,1.5819276460689693,2.732394366197183,0.9174311926605505,2827.7026577413,213,0.07602167129516602
ring,50,1500000.0,2,3,exclude,launch,0,0.0,prior,0.0,rr_sweep,12600.0,43200,322927.00979827315,0,273937.3467606991,48989.66303757401,0,0,0.0,0,4.789496627266479,3.0878737651074735,8018.275011535528,6428.834204487204,1.2472362416717675,2.0149683454655274,309.0482226891091,0.0,0.0,0.0,3.882904681405701,25.057142857142857,0.9339622641509434,1908.9507224751292,35,0.11702346801757812
paper,50,3000000.0,11,12,exclude,launch,0,0.0,prior,0.0,rr_sweep,12600.0,43200,494413.40247357794,0,470724.87262544787,23688.529848130096,0,3,0.7823825077211636,4,9.23457650455646,8.980410744407525,8329.760200033028,4441.52590448074,1.8754275848373922,2.0056797363176466,303.4175196119794,0.0,0.0,0.0,1.3651421869593101,3.8817005545286505,0.8815165876777251,782.5984821594952,541,0.30304908752441406
ring,50,1500000.0,2,4,exclude,launch,0,0.0,prior,0.0,rr_sweep,12600.0,43200,331265.4526424348,0,289059.1655908668,42206.28705156797,0,0,0.0,0,4.816998253248284,3.11171821510628,7970.593281758647,6377.987000126936,1.2497035948176147,2.0154688926467474,309.3531215799635,0.0,0.0,0.0,3.836829743901746,25.0,0.9285714285714286,1848.8355901116536,36,0.10902237892150879
ring,50,1500000.0,3,4,exclude,launch,0,0.0,prior,0.0,rr_sweep,12600.0,43200,323172.1850419666,0,282988.8054901441,40183.37955182253,0,0,0.0,0,4.816998253248284,2.8074990595343516,7970.593281758647,7068.461729691108,1.1276277055130866,2.015651568853191,309.4644327941844,0.0,0.0,0.0,2.5775364421796323,12.461538461538462,0.963302752293578,1667.10347346178,78,0.09702253341674805
paper,50,3000000.0,10,12,exclude,launch,0,0.0,prior,0.0,rr_sweep,12600.0,43200,432571.6606711757,0,406386.7949812759,26184.865689899787,0,2,0.7111846462788439,2,9.23457650455646,8.72093195379249,8329.760200033028,4572.547369987978,1.8216892086685872,2.006175284922958,303.71661119693846,0.0,0.0,0.0,1.4186510879058238,4.0021097046413505,0.8870588235294118,871.3755257956631,474,0.3440585136413574
paper,50,3000000.0,12,12,exclude,launch,0,0.0,prior,0.0,rr_sweep,12600.0,43200,564967.3562713672,0,542334.1172454131,22633.239025954044,0,4,0.8109288311013034,6,9.23457650455646,8.943958903810406,8329.760200033028,4457.543315477955,1.8686885601558938,2.0066176129088094,303.98370558546884,0.0,0.0,0.0,1.227584365548673,3.0625954198473284,0.8764845605700713,816.2393637916441,655,0.31605005264282227
ring,50,1500000.0,4,3,exclude,launch,0,0.0,prior,0.0,rr_sweep,12600.0,43200,313588.9387073999,0,282758.1401091885,30830.79859821136,0,0,0.0,0,4.789496627266479,2.8664099565806573,8018.275011535528,6917.000382603741,1.1592127465688007,2.017455146366265,310.5644924601593,0.0,0.0,0.0,1.9966485204902686,6.268656716417911,0.8952380952380953,1942.6658788394989,134,0.13352298736572266
ring,50,1500000.0,3,3,exclude,launch,0,0.0,prior,0.0,rr_sweep,12600.0,43200,290324.7403308219,0,253059.16919689026,37265.57113393166,0,0,0.0,0,4.789496627266479,2.9612620180984215,8018.275011535528,6706.228884878141,1.1956458911827357,2.014210163933849,308.58667698801725,0.0,0.0,0.0,2.5815943466027655,12.538461538461538,0.9428571428571428,1670.8748630352197,78,0.13652276992797852
ring,50,1500000.0,6,4,exclude,launch,0,0.0,prior,0.0,rr_sweep,12600.0,43200,4892292.389109954,0,4556091.463058787,336200.926051167,0,28,0.9727621988128697,41,4.816998253248284,2.956034982305816,7970.593281758647,6417.8183896925375,1.2419474652882005,2.108448505350017,368.5974267038058,0.0,0.0,0.0,1.3493979329203358,1.4666666666666666,0.41284403669724773,3752.325881182468,300,0.10302233695983887
ring,50,1500000.0,2,5,exclude,launch,0,0.0,prior,0.0,rr_sweep,12600.0,43200,324747.60284422134,0,278642.4742920614,46105.1285521599,0,0,0.0,0,4.830749747681187,3.051177030191013,7946.954839160066,6505.447240565249,1.2215847036013416,2.015187339324792,309.1816001776051,0.0,0.0,0.0,4.012708751742864,24.764705882352942,0.92,1953.7592101620005,34,0.07751846313476562
ring,50,1500000.0,4,4,exclude,launch,0,0.0,prior,0.0,rr_sweep,12600.0,43200,330080.196549301,0,289318.26620466646,40761.93034463455,0,0,0.0,0,4.816998253248284,2.8666178060099368,7970.593281758647,6912.2671897720065,1.153108388742934,2.0186902245101788,311.31893205377935,0.0,0.0,0.0,1.9671411418138975,6.4338235294117645,0.9369369369369369,1859.5776375761327,136,0.13002324104309082
paper,50,3000000.0,14,11,exclude,launch,0,0.0,prior,0.0,rr_sweep,12600.0,43200,1009303.5364249495,0,905936.4431777146,103367.09324723495,0,5,0.9152791668175959,9,10.738874082102775,11.418704346843798,7116.237207150667,3495.8280680830812,2.035637070404557,2.0041171000033797,302.47534515575904,0.0,0.0,0.0,1.0411697125105122,2.8095238095238093,0.8777777777777778,647.3059224577603,903,0.5530874729156494
ring,50,1500000.0,6,6,exclude,launch,0,0.0,prior,0.0,rr_sweep,12600.0,43200,4506972.499862465,0,4252011.552812471,254960.9470499935,0,33,0.979399803853976,45,4.886337746151113,2.8954048984164507,7852.756551981561,6456.832565952011,1.2161933071318123,2.1395929676324523,389.6016395632018,0.0,0.0,0.0,1.349611099625612,1.1333333333333333,0.20212765957446807,4857.269429301227,300,0.06450963020324707
ring,50,1500000.0,2,6,exclude,launch,0,0.0,prior,0.0,rr_sweep,12600.0,43200,256756.2372847747,0,231192.83612216648,25563.40116260821,0,0,0.0,0,4.886337746151113,3.0490700771216455,7852.756551981561,6505.373959136648,1.2071183918570192,2.0166025802179925,310.04424183176405,0.0,0.0,0.0,3.7423536693757375,25.0,0.9130434782608695,1804.0992134556072,36,0.07950973510742188
ring,50,1500000.0,6,5,exclude,launch,0,0.0,prior,0.0,rr_sweep,12600.0,43200,5283595.358144096,0,4926917.310315986,356678.0478281101,0,33,0.9790836738454883,46,4.830749747681187,2.900562105380352,7946.954839160066,6400.161048465423,1.2416804481920842,2.1547005383792515,400.0,0.0,0.0,0.0,1.335927394416707,1.0,0.3629032258064516,5456.147587590628,301,0.08501076698303223
ring,50,1500000.0,5,5,exclude,launch,0,0.0,prior,0.0,rr_sweep,12600.0,43200,857810.80480764,0,761917.8352766177,95892.96953102235,0,2,0.46076779854141525,2,4.830749747681187,2.8697895615788283,7946.954839160066,6841.511181904418,1.1615788716650075,2.0373136671860435,322.8058932392875,0.0,0.0,0.0,1.5822335764929114,2.599056603773585,0.8709677419354839,2996.0866565589863,212,0.10401701927185059
ring,50,1500000.0,4,6,exclude,launch,0,0.0,prior,0.0,rr_sweep,12600.0,43200,277651.2946950846,0,244260.5470908108,33390.74760427378,0,0,0.0,0,4.886337746151113,2.8928778264730837,7852.756551981561,6848.79138254413,1.1465901227472468,2.0189053600132327,311.45043979910855,0.0,0.0,0.0,1.9733920009718422,6.25,0.9042553191489362,1928.9397606583016,136,0.08850860595703125
ring,50,1500000.0,3,5,exclude,launch,0,0.0,prior,0.0,rr_sweep,12600.0,43200,285652.08937213535,0,245551.5205488366,40100.56882329874,0,0,0.0,0,4.830749747681187,2.9107001235044936,7946.954839160066,6822.0499012978435,1.1648925109222987,2.0144089168826635,308.7076351953177,0.0,0.0,0.0,2.653661268312512,12.453333333333333,0.9354838709677419,1750.9247309916902,75,0.13602590560913086
ring,50,1500000.0,5,6,exclude,launch,0,0.0,prior,0.0,rr_sweep,12600.0,43200,533607.7202287484,0,441408.131740611,92199.58848813744,0,0,0.0,2,4.886337746151113,2.7895241422867203,7852.756551981561,6983.392084423663,1.1244902845276297,2.0533521656929095,332.8652354909827,0.0,0.0,0.0,1.573600620798455,2.215962441314554,0.8404255319148937,3483.0720707210803,213,0.0940098762512207
ring,50,1500000.0,4,5,exclude,launch,0,0.0,prior,0.0,rr_sweep,12600.0,43200,311937.74942300195,0,269868.996191705,42068.75323129694,0,0,0.0,0,4.830749747681187,2.9016081131002753,7946.954839160066,6831.779490569328,1.1632335104097167,2.0178431008018345,310.8013733549681,0.0,0.0,0.0,1.9692841613979337,6.217391304347826,0.9274193548387096,1932.6691468491058,138,0.13451743125915527
ring,50,1500000.0,6,7,exclude,launch,0,0.0,prior,0.0,rr_sweep,12600.0,43200,5531833.751164059,0,5199488.863919732,332344.88724432647,0,35,0.9861782086740057,49,4.904499792679758,2.863527720561075,7822.442319813243,6482.935182437406,1.2066204735479429,2.1547005383792515,400.0,0.0,0.0,0.0,1.3536392634000722,1.0,0.2828282828282828,5499.231479051296,297,0.08000922203063965
ring,50,1500000.0,2,8,exclude,launch,0,0.0,prior,0.0,rr_sweep,12600.0,43200,296280.78585524805,0,258995.57228697377,37285.21356827428,0,0,0.0,0,4.830167068576244,3.0692217939048954,7947.95371783911,6466.604761755451,1.2290767737723196,2.015372833962503,309.2945975847136,0.0,0.020833333333333332,0.0,3.8195603735174433,25.0,0.9139784946236559,1839.7435700589308,36,0.08101010322570801
ring,50,1500000.0,3,7,exclude,launch,0,0.0,prior,0.0,rr_sweep,12600.0,43200,262366.3158405454,0,232669.38770634832,29696.92813419703,0,0,0.0,0,4.904499792679758,3.0222760112372504,7822.442319813243,6569.835374284274,1.190660324676009,2.014519056908497,308.7746750491519,0.0,0.0,0.0,2.6304898959107255,12.5,0.9405940594059405,1726.697297714234,76,0.09700942039489746
ring,50,1500000.0,2,7,exclude,launch,0,0.0,prior,0.0,rr_sweep,12600.0,43200,341065.56105402973,0,300753.86180387525,40311.69925015448,0,0,0.0,0,4.904499792679758,2.9030856505457048,7822.442319813243,6833.643375693377,1.1446957193635434,2.016266021993345,309.8389882374534,0.0,0.0,0.0,3.9719772447414257,22.58823529411765,0.9019607843137255,2123.834700520523,34,0.09950876235961914
ring,50,1500000.0,5,7,exclude,launch,0,0.0,prior,0.0,rr_sweep,12600.0,43200,644802.223573248,0,508430.8285102989,136371.3950629491,0,0,0.0,3,4.904499792679758,2.779373189623818,7822.442319813243,6984.732334604067,1.119934443451606,2.0604560694726457,337.370122584412,0.0,0.0,0.0,1.5543298739394726,2.0046082949308754,0.8484848484848485,3799.2507749426804,217,0.09151005744934082
ring,50,1500000.0,3,6,exclude,launch,0,0.0,prior,0.0,rr_sweep,12600.0,43200,256891.36521198574,0,228808.88860065083,28082.47661133488,0,0,0.0,0,4.886337746151113,2.87489653024628,7852.756551981561,6904.198233795582,1.1373886273344311,2.0152295383655465,309.20730467097604,0.0,0.0,0.0,2.6762894362458076,12.413333333333334,0.8969072164948454,1758.8419831642452,75,0.13600897789001465
paper,50,3000000.0,17,11,exclude,launch,0,0.0,prior,0.0,rr_sweep,12600.0,43200,2939856.0793061685,0,2705593.9490105547,234262.13029561364,0,17,0.9876076318855069,19,10.738874082102775,13.130400330735764,7116.237207150667,3041.1111265874597,2.3400122228141176,2.0034556332848075,302.0769623913043,0.0,0.0,0.018743109151047408,0.8224066802431365,2.447947214076246,0.8,487.84912427513405,1364,0.6060879230499268
ring,50,1500000.0,6,8,exclude,launch,0,0.0,prior,0.0,rr_sweep,12600.0,43200,5148895.570918674,0,4835160.580089515,313734.9908291581,0,29,0.9812165772053579,46,4.830167068576244,2.931898548697272,7947.95371783911,6455.6087009204875,1.2311703026092387,2.113361807137383,371.8723540776657,0.0,0.0,0.0,1.3549486171058325,1.404040404040404,0.3978494623655914,3947.0762357091753,297,0.0709993839263916
ring,50,1500000.0,5,8,exclude,launch,0,0.0,prior,0.0,rr_sweep,12600.0,43200,556009.3531742186,0,488774.803547565,67234.54962665352,0,1,0.139509956398805,3,4.830167068576244,2.8584330565950626,7947.95371783911,6847.091629054593,1.1607780570823933,2.0437408514922826,326.8184895221504,0.0,0.0,0.0,1.5593851709712885,2.4976744186046513,0.8064516129032258,3057.923643193083,215,0.07650065422058105
ring,50,1500000.0,4,7,exclude,launch,0,0.0,prior,0.0,rr_sweep,12600.0,43200,292351.8449826279,0,257871.40828886957,34480.4366937583,0,0,0.0,0,4.904499792679758,2.905091031096786,7822.442319813243,6821.166190701505,1.146789581300139,2.018559776831075,311.23920569345063,0.0,0.0,0.0,1.970557587847065,6.25,0.9587628865979382,1917.3846496924432,136,0.13051366806030273
ring,50,1500000.0,3,8,exclude,launch,0,0.0,prior,0.0,rr_sweep,12600.0,43200,274273.77841857343,0,245457.64944990588,28816.12896866756,0,0,0.0,0,4.830167068576244,2.9091026499162216,7947.95371783911,6825.838697565503,1.1643922556613915,2.0143963424426317,308.69998186829673,0.0,0.0,0.0,2.6388573820810612,12.44,0.9247311827956989,1727.3997712312957,75,0.1255192756652832
ring,50,1500000.0,4,9,exclude,launch,0,0.0,prior,0.0,rr_sweep,12600.0,43200,268231.53175056406,0,241793.94436993296,26437.587380631092,0,0,0.0,0,4.846704792834819,2.8955641034409485,7919.696655027925,6842.461392163649,1.157433882505787,2.01889834348175,311.4461503049562,0.0,0.0,0.0,1.9473023473762945,6.251798561151079,0.9405940594059405,1903.7603758428424,139,0.09100890159606934
ring,50,1500000.0,5,10,exclude,launch,0,0.0,prior,0.0,rr_sweep,12600.0,43200,754594.9303032104,0,651679.22031766,102915.70998555036,0,1,0.3403380939393818,2,4.875077529902852,2.868639978678539,7871.664383040849,6825.567642498795,1.1532615007766718,2.042890880505544,326.2864165924884,0.0,0.0,0.0,1.5648460548395042,2.441860465116279,0.9120879120879121,3121.543640372644,215,0.07101082801818848
ring,50,1500000.0,6,9,exclude,launch,0,0.0,prior,0.0,rr_sweep,12600.0,43200,4437147.936290133,0,4190801.325295884,246346.61099424868,0,31,0.9757670515605408,43,4.846704792834819,2.902934881938731,7919.696655027925,6412.598434746644,1.2350214559070274,2.148763670563552,395.8973912419935,0.0,0.0,0.0,1.3430724659376512,1.0568561872909699,0.2871287128712871,5181.467450103207,299,0.08600997924804688
ring,50,1500000.0,2,9,exclude,launch,0,0.0,prior,0.0,rr_sweep,12600.0,43200,269514.12981831236,0,239580.6840702821,29933.4457480303,0,0,0.0,0,4.846704792834819,3.061428083323858,7919.696655027925,6481.7891070421265,1.2218380641887263,2.0157702574125516,309.5367647531883,0.0,0.020833333333333332,0.0,3.846395085419299,25.0,0.9245283018867925,1854.6937819655732,36,0.11400961875915527
ring,50,1500000.0,4,8,exclude,launch,0,0.0,prior,0.0,rr_sweep,12600.0,43200,306825.6872711029,0,271016.451827909,35809.235443193975,0,0,0.0,0,4.830167068576244,2.8877979756197623,7947.95371783911,6866.175713942975,1.1575517506345483,2.0173361469314366,310.4918507559905,0.0,0.0,0.0,1.9988406536063865,6.2444444444444445,0.946236559139785,1965.5425287941405,135,0.1285097599029541
ring,50,1500000.0,4,10,exclude,launch,0,0.0,prior,0.0,rr_sweep,12600.0,43200,308202.4533516145,0,265895.00742013333,42307.44593148114,0,0,0.0,0,4.875077529902852,2.9230884677965348,7871.664383040849,6780.416916214495,1.160941057210918,2.018188062726356,311.0120793235351,0.0,0.0,0.0,1.9724110646724715,6.2444444444444445,0.9139784946236559,1953.2565082872889,135,0.08951044082641602
ring,50,1500000.0,5,9,exclude,launch,0,0.0,prior,0.0,rr_sweep,12600.0,43200,600545.9638262402,0,518913.4363706373,81632.52745560282,0,1,0.2686518239904749,2,4.846704792834819,2.813352975572354,7919.696655027925,6934.729172062717,1.1420340230348507,2.050247364929292,330.9058582622763,0.0,0.0,0.003472222222222222,1.5628730941157805,2.5462962962962963,0.8910891089108911,3011.770246597468,216,0.10851192474365234
paper,50,3000000.0,15,11,exclude,launch,0,0.0,prior,0.0,rr_sweep,12600.0,43200,1824919.1613616645,0,1639557.2795918481,185361.88176981627,0,10,0.9668865625285,14,10.738874082102775,11.912729201647693,7116.237207150667,3351.3103764358766,2.1234193219425994,2.003844727526384,302.3112710947562,0.0,0.0,0.0,0.9686433275962955,2.7557692307692307,0.8407079646017699,572.283114828131,1040,0.6905977725982666
ring,50,1500000.0,3,9,exclude,launch,0,0.0,prior,0.0,rr_sweep,12600.0,43200,257071.78049150863,0,228204.98731806275,28866.793173445898,0,0,0.0,0,4.846704792834819,2.7548215061260346,7919.696655027925,7202.641280298951,1.0995545032473437,2.0159267181731835,309.63212900944046,0.0,0.009615384615384616,0.0,2.619237238775095,12.454545454545455,0.9134615384615384,1710.418952524305,77,0.1350102424621582
ring,50,1500000.0,6,11,exclude,launch,0,0.0,prior,0.0,rr_sweep,12600.0,43200,5512834.331870199,0,5171166.737275209,341667.59459499066,0,30,0.9801262752952432,42,4.9817880798455585,2.9389994745384054,7695.912262605395,6424.334486865913,1.1979314399552405,2.118518877563861,375.3253438400159,0.0,0.0,0.0,1.3458407199215316,1.1806020066889633,0.35051546391752575,4641.258267453733,299,0.06850957870483398
ring,50,1500000.0,6,10,exclude,launch,0,0.0,prior,0.0,rr_sweep,12600.0,43200,4332494.7685311595,0,4078518.880049103,253975.8884820567,0,28,0.9665290645655149,43,4.875077529902852,2.9430432133040196,7871.664383040849,6436.260422715806,1.223018315924415,2.1116879622814944,370.75503764447456,0.0,0.0,0.0,1.352583271783532,1.2953020134228188,0.4782608695652174,4271.517613978361,298,0.10351109504699707
ring,50,1500000.0,2,10,exclude,launch,0,0.0,prior,0.0,rr_sweep,12600.0,43200,304206.8982875422,0,263316.6635105302,40890.23477701203,0,0,0.0,0,4.875077529902852,3.03204347222454,7871.664383040849,6543.878907276434,1.202904958141568,2.015994362632018,309.673363470012,0.0,0.021739130434782608,0.0,3.9130629184373817,25.0,0.9340659340659341,1886.797647779066,34,0.11251139640808105
ring,50,1500000.0,5,11,exclude,launch,0,0.0,prior,0.0,rr_sweep,12600.0,43200,459963.6912097208,0,384971.9415932576,74991.74961646322,0,0,0.0,1,4.9817880798455585,2.8634312286231745,7695.912262605395,6858.420413734412,1.122111477329948,2.0368034919731706,322.48844429032823,0.0,0.0,0.0,1.5898237549657577,2.938388625592417,0.8969072164948454,2657.5082266488967,211,0.08301043510437012
paper,50,3000000.0,14,12,exclude,launch,0,0.0,prior,0.0,rr_sweep,12600.0,43200,1444338.8107545236,0,1344297.673948728,100041.1368057956,0,10,0.9528887164760212,13,9.23457650455646,9.463057307520032,8329.760200033028,4213.692437771367,1.976831561166021,2.00629912646282,303.79137957595054,0.0,0.0,0.0,1.0860117046135067,2.7129735935706085,0.8156028368794326,696.0415173328425,871,0.5020699501037598
ring,50,1500000.0,2,11,exclude,launch,0,0.0,prior,0.0,rr_sweep,12600.0,43200,322726.6339966317,0,283450.5045955678,39276.12940106389,0,0,0.0,0,4.9817880798455585,3.057819966947854,7695.912262605395,6492.877351163648,1.1852853282722398,2.0147022892170017,308.88622072266713,0.0,0.021739130434782608,0.0,3.983887583388382,25.0,0.9387755102040817,1922.5196692125644,34,0.11600947380065918
ring,50,1500000.0,4,11,exclude,launch,0,0.0,prior,0.0,rr_sweep,12600.0,43200,299575.13599788904,0,268112.2392035303,31462.896794358727,0,0,0.0,0,4.9817880798455585,2.903636677944464,7695.912262605395,6821.695501874701,1.1281524161391323,2.019414115696312,311.7615417842681,0.0,0.0,0.0,1.8887538726630129,6.274647887323944,0.9183673469387755,1868.4022598069482,142,0.09950971603393555
ring,50,1500000.0,3,10,exclude,launch,0,0.0,prior,0.0,rr_sweep,12600.0,43200,288957.12866625644,0,258912.06833273085,30045.060333525606,0,0,0.0,0,4.875077529902852,2.8474948990400875,7871.664383040849,6969.516935610867,1.1294418904157395,2.0155536320350835,309.4047538618948,0.0,0.0,0.0,2.6182629986235186,12.5,0.8947368421052632,1687.1619474006773,78,0.1330113410949707
paper,50,3000000.0,16,11,exclude,launch,0,0.0,prior,0.0,rr_sweep,12600.0,43200,2520246.0731465975,0,2317753.9132655496,202492.15988104796,0,14,0.9818564226333731,18,10.738874082102775,12.075401423048659,7116.237207150667,3306.4770564910195,2.1522112767063124,2.003654778860458,302.1968745388305,0.0,0.0,0.0006369426751592356,0.9113628204733787,2.6700680272108843,0.8079470198675497,522.4408169556119,1176,0.7155969142913818
paper,50,3000000.0,13,12,exclude,launch,0,0.0,prior,0.0,rr_sweep,12600.0,43200,1180863.932053191,0,1107140.0024225777,73723.92963061326,0,8,0.9360349913729701,10,9.23457650455646,9.533148805445164,8329.760200033028,4183.410661446005,1.991140931202252,2.0059639137673324,303.58901874062667,0.0,0.0,0.0,1.1291396957813742,3.001291989664083,0.851063829787234,707.2892918173789,774,0.5370721817016602
ring,50,1500000.0,5,12,exclude,launch,0,0.0,prior,0.0,rr_sweep,12600.0,43200,613193.7688437289,0,498159.42335425963,115034.34548946924,0,0,0.0,2,4.931473114997353,2.833056862969529,7777.833262780507,6883.230970210674,1.129968367535755,2.0512205420617056,331.519388415752,0.0,0.0,0.0,1.5560622671896456,2.3502304147465436,0.8269230769230769,3245.520532321559,217,0.07250428199768066
ring,50,1500000.0,2,12,exclude,launch,0,0.0,prior,0.0,rr_sweep,12600.0,43200,339372.5184572057,0,295537.67018472153,43834.84827248413,0,0,0.0,0,4.931473114997353,3.0709033330007247,7777.833262780507,6460.078443139162,1.2039843372243952,2.016304196400302,309.862265886259,0.0,0.021739130434782608,0.0,3.9166173838115568,25.0,0.92,1890.8782300920598,34,0.11751699447631836
ring,50,1500000.0,3,11,exclude,launch,0,0.0,prior,0.0,rr_sweep,12600.0,43200,283835.45363098604,0,253575.28812746415,30260.16550352189,0,0,0.0,0,4.9817880798455585,2.8019310028389044,7695.912262605395,7084.793189911141,1.08625785627229,2.015001516271482,309.06842341002215,0.0,0.0,0.0,2.6061719097255733,12.532467532467532,0.9489795918367347,1718.499154360183,77,0.13952183723449707
ring,50,1500000.0,6,12,exclude,launch,0,0.0,prior,0.0,rr_sweep,12600.0,43200,5752244.324552949,0,5388036.2382809315,364208.0862720172,0,30,0.9757704348763985,45,4.931473114997353,2.913048086288857,7777.833262780507,6416.241980649987,1.2122100890578609,2.140087858899279,389.94009780286297,0.0,0.0,0.004987531172069825,1.3453681852942598,1.05,0.36538461538461536,5218.6548672985755,300,0.08651089668273926
ring,50,1500000.0,4,12,exclude,launch,0,0.0,prior,0.0,rr_sweep,12600.0,43200,303248.5614525435,0,267225.71214612725,36022.84930641619,0,0,0.0,0,4.931473114997353,2.92395706025789,7777.833262780507,6777.667878742461,1.1475677772844217,2.018406877043597,311.1457701629076,0.0,0.0,0.0,1.9843576889094783,7.141791044776119,0.875,1721.2769070942954,134,0.1010124683380127
ring,50,1500000.0,3,12,exclude,launch,0,0.0,prior,0.0,rr_sweep,12600.0,43200,301198.6883216113,0,269966.71502887964,31231.97329273169,0,0,0.0,0,4.931473114997353,2.9225399620362484,7777.833262780507,6790.443069369667,1.1454088022421924,2.0155864057000934,309.4247242328504,0.0,0.0,0.0,2.601068385145014,12.41025641025641,0.8942307692307693,1711.3733778844883,78,0.13701176643371582
ring,50,3000000.0,4,2,exclude,launch,0,0.0,prior,0.0,rr_sweep,12600.0,43200,195235.7123941988,0,171885.87966309985,23349.832731098955,0,0,0.0,0,9.682917250728684,5.981594678644032,7928.639575087385,6656.69191632869,1.1910780421786744,2.0091601153776093,305.5212415406851,0.0,0.009615384615384616,0.028846153846153848,3.431439559528973,15.74025974025974,0.9259259259259259,1359.293191383529,77,0.12851476669311523
ring,50,3000000.0,4,1,exclude,launch,0,0.0,prior,0.0,rr_sweep,12600.0,43200,199425.16926679827,0,179614.43304600174,19810.73622079653,0,0,0.0,0,9.868559743091007,5.861300242876689,7773.219404112283,6797.49487159461,1.143541782811052,2.00792334877118,304.77284309943303,0.0,0.01,0.01,3.6457935244879938,17.08108108108108,0.9459459459459459,1350.5620759940305,74,0.1840226650238037
ring,50,3000000.0,6,1,exclude,launch,0,0.0,prior,0.0,rr_sweep,12600.0,43200,153131.17602748808,0,136848.2863057573,16282.889721730775,0,0,0.0,0,9.868559743091007,5.946407483969677,7773.219404112283,6701.173755730933,1.1599787869199067,2.0076335360328237,304.59760288140353,0.0,0.0,0.022321428571428572,2.4325682386913323,9.841463414634147,0.9724770642201835,1011.2066327206409,164,0.18602395057678223
ring,50,3000000.0,10,1,exclude,launch,0,0.0,prior,0.0,rr_sweep,12600.0,43200,179971.12206261355,0,163912.38310367483,16058.738958938722,0,0,0.0,2,9.868559743091007,5.769585941428704,7773.219404112283,6868.102648632776,1.1317855602609095,2.0188709680786685,311.42941487806905,0.0,0.0,0.0,1.5859446969268771,3.011764705882353,0.9345794392523364,1292.9299428086183,425,0.19002342224121094
ring,50,3000000.0,5,1,exclude,launch,0,0.0,prior,0.0,rr_sweep,12600.0,43200,171034.4486383585,0,156000.2190057454,15034.229632613087,0,0,0.0,0,9.868559743091007,6.072761291901528,7773.219404112283,6561.886509755952,1.1846013174039767,2.007590176569649,304.571389175897,0.0,0.006289308176100629,0.031446540880503145,2.825079632896198,12.512820512820513,0.9541284403669725,1142.2190764127797,117,0.2255234718322754
ring,50,3000000.0,11,2,exclude,launch,0,0.0,prior,0.0,rr_sweep,12600.0,43200,1522932.5854953215,0,1432580.2185506008,90352.36694472063,0,11,0.9096780329181596,18,9.682917250728684,5.842724901319181,7928.639575087385,6702.924813073855,1.1828626750553446,2.042726394676727,326.1835002466575,0.0,0.0,0.0,1.4424559039171432,1.8571428571428572,0.7476635514018691,1742.9224087079626,511,0.16451621055603027
ring,50,3000000.0,12,1,exclude,launch,0,0.0,prior,0.0,rr_sweep,12600.0,43200,3927113.2093076566,0,3645558.703821984,281554.50548567227,0,26,0.9827845016493104,46,9.868559743091007,5.9380834663447954,7773.219404112283,6477.583426144269,1.2000184162412604,2.0798435808688227,349.8186477430806,0.0,0.0,0.0012610340479192938,1.3567217829774194,1.2630691399662732,0.4672897196261682,2199.823579108906,593,0.22152137756347656
ring,50,3000000.0,7,2,exclude,launch,0,0.0,prior,0.0,rr_sweep,12600.0,43200,123289.13563199923,0,115626.11234308458,7663.02328891466,0,0,0.0,0,9.682917250728684,5.987466728708303,7928.639575087385,6651.308645697651,1.1920420472768116,2.008814213814648,305.3118353983397,0.0,0.006825938566552901,0.023890784982935155,2.1354126211066524,8.11520737327189,0.9444444444444444,949.6383847216815,217,0.2075214385986328
ring,50,3000000.0,11,1,exclude,launch,0,0.0,prior,0.0,rr_sweep,12600.0,43200,1422879.453187697,0,1304125.1640346292,118754.28915306804,0,8,0.8794217969904495,18,9.868559743091007,5.778316361742363,7773.219404112283,6774.988652436731,1.1473405791338886,2.0435256776546793,326.68375197739726,0.0,0.0,0.0,1.4535750079078749,1.8196078431372549,0.7850467289719626,1782.3456120579626,510,0.22802138328552246
ring,50,3000000.0,5,2,exclude,launch,0,0.0,prior,0.0,rr_sweep,12600.0,43200,166162.07297158914,0,147811.6936253936,18350.379346195536,0,0,0.0,0,9.682917250728684,5.956545397158058,7928.639575087385,6687.316679546928,1.185623465288705,2.008369609877331,305.042781037248,0.0,0.00641025641025641,0.03205128205128205,2.891185901982909,12.087719298245615,0.9444444444444444,1217.6429974977864,114,0.21752381324768066
ring,50,3000000.0,4,3,exclude,launch,0,0.0,prior,0.0,rr_sweep,12600.0,43200,237195.76605192773,0,213964.57377960288,23231.192272324854,0,0,0.0,0,9.578993254532959,5.8058587172233524,8018.275011535528,6861.519957621214,1.1685858324480256,2.008182567833634,304.9296270250861,0.0,0.0,0.0196078431372549,3.591682076869828,16.223684210526315,0.9433962264150944,1373.8772610505098,76,0.1760120391845703
ring,50,3000000.0,6,3,exclude,launch,0,0.0,prior,0.0,rr_sweep,12600.0,43200,177235.81311869054,0,160340.29740555648,16895.51571313404,0,0,0.0,0,9.578993254532959,5.9110472566751495,8018.275011535528,6739.037306676459,1.1898249923014539,2.0082958693673785,304.9981680549954,0.0,0.0,0.03896103896103896,2.3356353923058104,9.354651162790697,0.9528301886792453,1040.4328185305083,172,0.18151450157165527
ring,50,3000000.0,12,2,exclude,launch,0,0.0,prior,0.0,rr_sweep,12600.0,43200,3741957.4001183184,0,3510193.313195861,231764.08692245724,0,28,0.98495710502247,42,9.682917250728684,5.926065096271926,7928.639575087385,6426.37360324807,1.233765738593229,2.100668867614246,363.44158684056777,0.0,0.0,0.0,1.34293172268941,1.2233333333333334,0.4485981308411215,2228.859679029866,600,0.21152663230895996
ring,50,3000000.0,5,3,exclude,launch,0,0.0,prior,0.0,rr_sweep,12600.0,43200,208272.51417208675,0,185164.35745237794,23108.156719708804,0,0,0.0,0,9.578993254532959,5.848540843533447,8018.275011535528,6812.5751390023515,1.1769815154963181,2.007849489298466,304.7281779237537,0.0,0.006329113924050633,0.0189873417721519,2.850985910991363,11.915254237288135,0.9528301886792453,1194.2337332953982,118,0.21252775192260742
ring,50,3000000.0,6,2,exclude,launch,0,0.0,prior,0.0,rr_sweep,12600.0,43200,138868.14057227652,0,126381.3446694753,12486.795902801232,0,0,0.0,0,9.682917250728684,5.751838277552035,7928.639575087385,6923.169472161998,1.145232628923555,2.0089926946880654,305.41987738016496,0.0,0.0,0.04,2.4082383814635078,9.757575757575758,0.9537037037037037,1037.0104204386294,165,0.2625389099121094
ring,50,3000000.0,10,2,exclude,launch,0,0.0,prior,0.0,rr_sweep,12600.0,43200,180112.82847228713,0,161350.00445647343,18762.824015813698,0,0,0.0,3,9.682917250728684,5.675089467211459,7928.639575087385,6961.460698569068,1.1389333242543653,2.0249620982558136,315.164190858288,0.0,0.0,0.0,1.5793950929974043,2.766509433962264,0.9345794392523364,1405.041859159483,424,0.24803853034973145
ring,50,3000000.0,7,1,exclude,launch,0,0.0,prior,0.0,rr_sweep,12600.0,43200,133578.36876480465,0,122989.12058220239,10589.248182602256,0,0,0.0,0,9.868559743091007,6.056365917672902,7773.219404112283,6578.447489468325,1.1816191307381736,2.0079572753335406,304.79336066934445,0.0,0.0,0.030303030303030304,2.0994363729740693,8.14090909090909,0.9532710280373832,911.1880621052713,220,0.29703831672668457
ring,50,3000000.0,9,1,exclude,launch,0,0.0,prior,0.0,rr_sweep,12600.0,43200,138665.63307778994,0,128689.89317425236,9975.73990353758,0,0,0.0,0,9.868559743091007,5.7684825561722475,7773.219404112283,6888.001531789633,1.1285159226863084,2.0134236625203643,308.1082559268567,0.0,0.0,0.0,1.6992003905359756,4.51123595505618,0.9532710280373832,1031.2396150796128,356,0.29953908920288086
ring,50,3000000.0,8,1,exclude,launch,0,0.0,prior,0.0,rr_sweep,12600.0,43200,124488.86414952704,0,115474.96471031116,9013.899439215882,0,0,0.0,0,9.868559743091007,5.839911596176316,7773.219404112283,6817.067071075221,1.140258607267341,2.0094913783664,305.7218528988284,0.0,0.0,0.0,1.8938851346018777,6.318181818181818,0.9814814814814815,917.1928562529234,286,0.307539701461792
ring,50,3000000.0,9,2,exclude,launch,0,0.0,prior,0.0,rr_sweep,12600.0,43200,134976.71289744752,0,122693.10527439637,12283.607623051146,0,0,0.0,0,9.682917250728684,5.7532177602161765,7928.639575087385,6907.000263041381,1.147913605492776,2.013212888156258,307.9801070177838,0.0,0.0,0.0,1.7511278128996481,4.56231884057971,0.9537037037037037,1048.6417365286313,345,0.28254127502441406
ring,50,3000000.0,10,3,exclude,launch,0,0.0,prior,0.0,rr_sweep,12600.0,43200,540700.2335230508,0,506976.2234439082,33724.01007914261,0,2,0.5522707328891986,5,9.578993254532959,5.640108119272731,8018.275011535528,7007.91736992145,1.1441737378283905,2.0240143402846074,314.5816107325559,0.0,0.0,0.0,1.5765670322825966,2.3895486935866983,0.9238095238095239,1639.5774185811515,421,0.14913463592529297
ring,50,3000000.0,4,4,exclude,launch,0,0.0,prior,0.0,rr_sweep,12600.0,43200,275651.0214851171,0,238961.5405373689,36689.48094774816,0,0,0.0,0,9.633996506496567,5.931753006794962,7970.593281758647,6714.227301513621,1.1871199653848177,2.008680614510184,305.23097462659274,0.0,0.0,0.038461538461538464,3.442591509924289,15.2987012987013,0.9553571428571429,1423.9036020400622,77,0.1206352710723877
ring,50,3000000.0,8,2,exclude,launch,0,0.0,prior,0.0,rr_sweep,12600.0,43200,116079.83611920354,0,108485.92459913043,7593.9115200731085,0,0,0.0,0,9.682917250728684,5.74894075783825,7928.639575087385,6923.5010264664215,1.1451777857443262,2.009908990106053,305.9748504891084,0.0,0.0,0.0,1.9729233729096725,6.534798534798535,0.9444444444444444,934.8214829648249,273,0.3071579933166504
ring,50,3000000.0,8,3,exclude,launch,0,0.0,prior,0.0,rr_sweep,12600.0,43200,141127.25040033658,0,132432.9598384678,8694.290561868796,0,0,0.0,0,9.578993254532959,5.880112502609677,8018.275011535528,6769.25926895577,1.1845129124109368,2.009847950425261,305.93786489343006,0.0,0.0,0.0,1.8707649435233977,6.25,0.9714285714285714,906.1793470661166,288,0.20764851570129395
ring,50,3000000.0,11,3,exclude,launch,0,0.0,prior,0.0,rr_sweep,12600.0,43200,2957757.3481637584,0,2744904.444776897,212852.90338686178,0,18,0.9642866778892332,21,9.578993254532959,5.9986349241649775,8018.275011535528,6580.471282674252,1.2184955555762207,2.026658418921967,316.208252743006,0.0,0.0,0.0,1.4254365324208234,2.0077220077220077,0.6095238095238096,1583.6731075438288,518,0.17714452743530273
ring,50,3000000.0,7,3,exclude,launch,0,0.0,prior,0.0,rr_sweep,12600.0,43200,156520.96469902087,0,145160.20431868825,11360.760380332624,0,0,0.0,0,9.578993254532959,6.032365270935006,8018.275011535528,6603.9183811637795,1.2141693080892533,2.008170850848372,304.9225393500991,0.0,0.003355704697986577,0.030201342281879196,2.106732396240015,7.8954545454545455,0.9811320754716981,942.0803529389165,220,0.2811577320098877
ring,50,3000000.0,6,4,exclude,launch,0,0.0,prior,0.0,rr_sweep,12600.0,43200,179713.16091697617,0,166688.39695174163,13024.763965234537,0,0,0.0,0,9.633996506496567,5.939936530108642,7970.593281758647,6704.32244837415,1.1888737964403215,2.008876733067776,305.34967875765284,0.0,0.0,0.03418803418803419,2.2843643138685232,9.333333333333334,0.9464285714285714,1030.595414108579,174,0.18364739418029785
ring,50,3000000.0,12,3,exclude,launch,0,0.0,prior,0.0,rr_sweep,12600.0,43200,5221215.750029113,0,4910195.55143059,311020.1985985224,0,32,0.9905692098823692,47,9.578993254532959,6.0006244629438985,8018.275011535528,6445.768768051954,1.2439594562060001,2.0683251698996337,342.3956005923245,0.0,0.0,0.0,1.3483623327012335,1.2006688963210703,0.37142857142857144,2299.765006323531,598,0.21014690399169922
ring,50,3000000.0,9,3,exclude,launch,0,0.0,prior,0.0,rr_sweep,12600.0,43200,181249.84490184896,0,165073.40401272342,16176.44088912554,0,0,0.0,0,9.578993254532959,5.704067478875191,8018.275011535528,6967.4116611702975,1.150825500410969,2.012954050340065,307.82277243010304,0.0,0.0,0.0,1.7381524556617836,4.155172413793103,0.9619047619047619,1142.2863868272836,348,0.25714707374572754
ring,50,3000000.0,10,4,exclude,launch,0,0.0,prior,0.0,rr_sweep,12600.0,43200,433801.60083891073,0,398928.24644387135,34873.35439503942,0,1,0.5034293297894896,4,9.633996506496567,5.713638211174064,7970.593281758647,6922.767446580836,1.1513593867284007,2.0225418043353693,313.67752248402996,0.0,0.0,0.0,1.5743190212227496,2.8688524590163933,0.9272727272727272,1348.403294647214,427,0.17664265632629395
ring,50,3000000.0,5,4,exclude,launch,0,0.0,prior,0.0,rr_sweep,12600.0,43200,213219.84485412439,0,189564.29775925077,23655.54709487362,0,0,0.0,0,9.633996506496567,5.791121597334033,7970.593281758647,6879.014943258108,1.1586823618649582,2.0081726599586704,304.92363368644226,0.0,0.006289308176100629,0.018867924528301886,2.8544439643142034,12.285714285714286,0.9464285714285714,1145.2355888557452,119,0.22464990615844727
ring,50,3000000.0,4,5,exclude,launch,0,0.0,prior,0.0,rr_sweep,12600.0,43200,241690.12827927023,0,212757.0364261349,28933.091853135313,0,0,0.0,0,9.661499495362374,5.80793593308542,7946.954839160066,6859.402229873243,1.1585491815234925,2.0080841103535834,304.87007206421254,0.0,0.01020408163265306,0.01020408163265306,3.768394221728355,16.633802816901408,0.9285714285714286,1442.5834902386252,71,0.17664384841918945
ring,50,3000000.0,4,6,exclude,launch,0,0.0,prior,0.0,rr_sweep,12600.0,43200,211701.1263462265,0,192476.43732145964,19224.68902476689,0,0,0.0,0,9.772675492302225,6.046011942179774,7852.756551981561,6585.889217912337,1.192360863074282,2.0091231842021324,305.49888026827523,0.0,0.02857142857142857,0.0380952380952381,3.396736188746543,15.30379746835443,0.9387755102040817,1405.3752293632422,79,0.12102413177490234
ring,50,3000000.0,11,5,exclude,launch,0,0.0,prior,0.0,rr_sweep,12600.0,43200,2084525.401766544,0,1949289.522566627,135235.87919991685,0,12,0.9016827436845978,20,9.661499495362374,5.790502551319661,7946.954839160066,6753.890941253951,1.176648380656944,2.0455951537378843,327.980767656045,0.0,0.0,0.0,1.4431084431326162,1.482421875,0.7096774193548387,2172.7798663481535,512,0.1420283317565918
ring,50,3000000.0,10,5,exclude,launch,0,0.0,prior,0.0,rr_sweep,12600.0,43200,233693.4036670417,0,208189.88055161003,25503.52311543171,0,0,0.0,2,9.661499495362374,5.667385642516556,7946.954839160066,6979.251283481783,1.1386543507852491,2.0225458996382164,313.68003506007864,0.0,0.0,0.0,1.5896845079710133,2.6161137440758293,0.9354838709677419,1497.1960328305786,422,0.16652727127075195
ring,50,3000000.0,12,4,exclude,launch,0,0.0,prior,0.0,rr_sweep,12600.0,43200,4366735.702059925,0,4087278.424092448,279457.2779674766,0,25,0.9811558039820395,41,9.633996506496567,5.938107781276489,7970.593281758647,6447.611510549314,1.2362086749050396,2.089503240188223,356.10519311419114,0.0,0.0,0.0012515644555694619,1.3496629443054096,1.4690117252931323,0.5045871559633027,1882.0330841263062,597,0.22914719581604004
ring,50,3000000.0,5,5,exclude,launch,0,0.0,prior,0.0,rr_sweep,12600.0,43200,196587.96047165425,0,172901.88353219297,23686.07693946129,0,0,0.0,0,9.661499495362374,5.884162820968411,7946.954839160066,6771.3941715692235,1.1736068877110448,2.0078312531378764,304.7171504404385,0.0,0.00641025641025641,0.01282051282051282,2.921542531046904,12.517543859649123,0.936,1155.1518218991382,114,0.2191476821899414
ring,50,3000000.0,11,4,exclude,launch,0,0.0,prior,0.0,rr_sweep,12600.0,43200,1895292.3629044679,0,1800979.4957099948,94312.86719447312,0,11,0.9039543253096659,15,9.633996506496567,5.896632251120058,7970.593281758647,6651.538791070269,1.1983081708039072,2.0396883499947687,324.28555953445334,0.0,0.0,0.0,1.4312416033743591,1.8601941747572817,0.7706422018348624,1722.3759779232678,515,0.23764777183532715
ring,50,3000000.0,7,4,exclude,launch,0,0.0,prior,0.0,rr_sweep,12600.0,43200,159602.40496739736,0,149860.70580004,9741.699167357365,0,0,0.0,0,9.633996506496567,5.907762706809536,7970.593281758647,6743.913436836842,1.1818943639195294,2.0079595365383014,304.7947281895521,0.0,0.003472222222222222,0.024305555555555556,2.207310552323721,8.556603773584905,0.9375,915.6075824197895,212,0.28766369819641113
ring,50,3000000.0,8,4,exclude,launch,0,0.0,prior,0.0,rr_sweep,12600.0,43200,157377.4403228373,0,146509.06067003627,10868.37965280102,0,0,0.0,0,9.633996506496567,5.744102386600673,7970.593281758647,6930.104401048922,1.1501404337504986,2.009685214182172,305.8392695214297,0.0,0.0,0.0,1.9490572649792661,6.25,0.9724770642201835,941.3947407776617,272,0.28516316413879395
ring,50,3000000.0,9,4,exclude,launch,0,0.0,prior,0.0,rr_sweep,12600.0,43200,180086.0349165341,0,165824.45061955816,14261.584296975936,0,0,0.0,0,9.633996506496567,5.786783200050286,7970.593281758647,6871.680431871262,1.1599190854089434,2.0118232397745914,307.1358805643851,0.0,0.0,0.0,1.7673448478824936,4.5,0.9459459459459459,1075.874324350695,342,0.2861621379852295
ring,50,3000000.0,5,6,exclude,launch,0,0.0,prior,0.0,rr_sweep,12600.0,43200,168288.36148572352,0,157704.94407501759,10583.417410705937,0,0,0.0,0,9.772675492302225,5.819715353577295,7852.756551981561,6844.792686030936,1.147259955441413,2.0082970237510738,304.998866431582,0.0,0.006369426751592357,0.012738853503184714,2.9047536322174174,12.217391304347826,0.9072164948453608,1193.4412256117046,115,0.15151715278625488
ring,50,3000000.0,12,5,exclude,launch,0,0.0,prior,0.0,rr_sweep,12600.0,43200,5219000.308485141,0,4876121.023243918,342879.285241224,0,33,0.9903362872725555,46,9.661499495362374,5.946207762734013,7946.954839160066,6401.316955268345,1.2414562338800683,2.1017476767704624,364.15438298073326,0.0,0.0,0.0,1.3345191324907237,1.0613598673300166,0.4032258064516129,2567.276734409008,603,0.19252777099609375
ring,50,3000000.0,6,5,exclude,launch,0,0.0,prior,0.0,rr_sweep,12600.0,43200,162954.71268619897,0,150219.82074474273,12734.891941456237,0,0,0.0,0,9.661499495362374,5.898728008843476,7946.954839160066,6754.132399826993,1.176606315766571,2.0079923132977022,304.814551100176,0.0,0.0,0.013574660633484163,2.436160211560682,9.969325153374234,0.9435483870967742,1025.426270142013,163,0.26265716552734375
ring,50,3000000.0,7,5,exclude,launch,0,0.0,prior,0.0,rr_sweep,12600.0,43200,153017.01285415058,0,141363.41408521112,11653.598768939457,0,0,0.0,0,9.661499495362374,6.0060607843175875,7946.954839160066,6633.294257620355,1.198040450268066,2.0080337156100416,304.83959154197595,0.0,0.0,0.017123287671232876,2.1576405784856716,8.032558139534883,0.9512195121951219,932.1432169028776,215,0.2786579132080078
ring,50,3000000.0,8,5,exclude,launch,0,0.0,prior,0.0,rr_sweep,12600.0,43200,145171.19041378607,0,134009.06662056426,11162.123793221808,0,0,0.0,0,9.661499495362374,5.813679833079256,7946.954839160066,6846.5101468570265,1.1607307473002448,2.0098776458043917,305.9558578486259,0.0,0.0,0.0,1.909540965306967,6.178571428571429,0.9512195121951219,931.392399673537,280,0.2836575508117676
ring,50,3000000.0,9,5,exclude,launch,0,0.0,prior,0.0,rr_sweep,12600.0,43200,165973.83835981865,0,152207.7481238893,13766.090235929345,0,0,0.0,0,9.661499495362374,5.755942280166494,7946.954839160066,6906.674597662576,1.1506195531275718,2.012354835810002,307.45869407636894,0.0,0.0,0.0,1.7538799590007108,4.440579710144927,0.9435483870967742,1079.172746786373,345,0.2766563892364502
ring,50,3000000.0,4,7,exclude,launch,0,0.0,prior,0.0,rr_sweep,12600.0,43200,221653.9812711233,0,198062.49963033208,23591.481640791226,0,0,0.0,0,9.808999585359516,5.792971107820241,7822.442319813243,6874.954084583953,1.1378173910068563,2.0087173118922808,305.2531845933566,0.0,0.0,0.00980392156862745,3.6176059718109532,16.386666666666667,0.941747572815534,1355.5569910982197,75,0.1200096607208252
ring,50,3000000.0,10,6,exclude,launch,0,0.0,prior,0.0,rr_sweep,12600.0,43200,188257.3433072346,0,172832.28200477298,15425.061302461645,0,0,0.0,2,9.772675492302225,5.708321619618578,7852.756551981561,6934.2474950752585,1.1324598029647244,2.0210739966581404,312.77763199542846,0.0,0.0,0.0,1.5996260113179066,2.8642857142857143,0.9157894736842105,1375.121582971024,420,0.17502689361572266
ring,50,3000000.0,7,6,exclude,launch,0,0.0,prior,0.0,rr_sweep,12600.0,43200,134808.78612553695,0,126536.59078563964,8272.1953398973,0,0,0.0,0,9.772675492302225,6.045952393005109,7852.756551981561,6587.188827088554,1.192125618091985,2.008746582178383,305.27090011697106,0.0,0.0,0.02702702702702703,2.1135006870751982,8.054794520547945,0.9578947368421052,939.1663065962692,219,0.20102715492248535
ring,50,3000000.0,6,6,exclude,launch,0,0.0,prior,0.0,rr_sweep,12600.0,43200,150487.3612983477,0,141271.45640253957,9215.904895808135,0,0,0.0,0,9.772675492302225,5.91072994928503,7852.756551981561,6738.115708520987,1.165423226860145,2.008678378425473,305.22962133091255,0.0,0.0044444444444444444,0.04,2.392026125164477,9.458333333333334,0.9175257731958762,1052.9753265126737,168,0.24402785301208496
ring,50,3000000.0,5,7,exclude,launch,0,0.0,prior,0.0,rr_sweep,12600.0,43200,185509.6343928192,0,168821.19224060548,16688.44215221372,0,0,0.0,0,9.808999585359516,5.758041601478225,7822.442319813243,6918.844580652513,1.1305995139257068,2.0080827877673793,304.8692720978554,0.0,0.026143790849673203,0.006535947712418301,2.9881201991157136,12.451327433628318,0.9411764705882353,1189.6216939982646,113,0.15401077270507812
ring,50,3000000.0,4,8,exclude,launch,0,0.0,prior,0.0,rr_sweep,12600.0,43200,243616.22162949722,0,212953.4695016984,30662.752127798794,0,0,0.0,0,9.660334137152487,5.9448717619832525,7947.95371783911,6700.816035866946,1.186117284118338,2.00825936659651,304.9760850988785,0.0,0.019801980198019802,0.0297029702970297,3.576664368402617,15.866666666666667,0.9574468085106383,1372.920547907083,75,0.1205129623413086
ring,50,3000000.0,6,7,exclude,launch,0,0.0,prior,0.0,rr_sweep,12600.0,43200,163058.33938337275,0,150714.57141310128,12343.767970271489,0,0,0.0,0,9.808999585359516,5.83208525264501,7822.442319813243,6830.599417243944,1.1452058365573858,2.008201589272717,304.94113338360967,0.0,0.004545454545454545,0.013636363636363636,2.4786315535376873,9.631901840490798,0.9313725490196079,1068.8942387723582,163,0.16601967811584473
ring,50,3000000.0,12,6,exclude,launch,0,0.0,prior,0.0,rr_sweep,12600.0,43200,4407292.984711112,0,4155210.650412378,252082.33429873482,0,32,0.9892106627946377,45,9.772675492302225,5.807807525646097,7852.756551981561,6466.355682271161,1.2144021977497312,2.130189219773076,383.198301747382,0.0,0.0,0.0012484394506866417,1.347559801743831,1.1268781302170283,0.20212765957446807,2448.1998098446174,599,0.2080247402191162
ring,50,3000000.0,11,6,exclude,launch,0,0.0,prior,0.0,rr_sweep,12600.0,43200,1606850.8371089825,0,1503847.1439337882,103003.69317519439,0,12,0.9071765348179918,17,9.772675492302225,5.83023843998617,7852.756551981561,6723.13389955637,1.168020252058304,2.0409478584159753,325.0717331822416,0.0,0.0,0.0,1.446302670481801,1.8058823529411765,0.6914893617021277,1790.6182644928401,510,0.23103904724121094
ring,50,3000000.0,12,7,exclude,launch,0,0.0,prior,0.0,rr_sweep,12600.0,43200,5490406.637616248,0,5166216.834343532,324189.8032727158,0,35,0.9936404980374001,49,9.808999585359516,5.726887742986152,7822.442319813243,6483.125019604588,1.2065851416035691,2.1547005383792515,400.0,0.0,0.0,0.0,1.3492421717151595,1.0,0.2828282828282828,2754.533181412428,597,0.18952608108520508
ring,50,3000000.0,9,6,exclude,launch,0,0.0,prior,0.0,rr_sweep,12600.0,43200,129030.95800584897,0,122805.1895571296,6225.768448719359,0,0,0.0,0,9.772675492302225,5.814338792166429,7852.756551981561,6836.389120249259,1.1486702137421991,2.0126250732977997,307.6228617214123,0.0,0.0,0.0,1.7451834589452657,4.945244956772334,0.9263157894736842,963.4916922496225,347,0.3030433654785156
ring,50,3000000.0,8,6,exclude,launch,0,0.0,prior,0.0,rr_sweep,12600.0,43200,124509.40030063548,0,118345.05970656498,6164.340594070499,0,0,0.0,0,9.772675492302225,5.829873396527434,7852.756551981561,6826.731612617614,1.1502951921337554,2.0101017152323015,306.0916425345712,0.0,0.0,0.00804289544235925,1.9278379360506044,6.418772563176895,0.9479166666666666,923.8368183769804,277,0.31104183197021484
ring,50,3000000.0,11,7,exclude,launch,0,0.0,prior,0.0,rr_sweep,12600.0,43200,2329697.039636617,0,2199666.725763954,130030.31387266297,0,13,0.936303547821886,19,9.808999585359516,5.812519244236633,7822.442319813243,6738.418925533616,1.160872068991137,2.0425259165338803,326.0580859934422,0.0,0.0,0.0,1.4440203906453353,1.6818181818181819,0.7216494845360825,1900.2798953731992,506,0.20902466773986816
ring,50,3000000.0,11,8,exclude,launch,0,0.0,prior,0.0,rr_sweep,12600.0,43200,1007904.1755388286,0,942676.0580307726,65228.11750805598,0,6,0.7737938792067348,11,9.660334137152487,5.809900596876287,7947.95371783911,6718.633055672015,1.182971841441657,2.04946432355014,330.4126099213659,0.0,0.0,0.0,1.4403928092381781,1.7153996101364521,0.7956989247311828,1878.8381091895433,513,0.14501667022705078
ring,50,3000000.0,5,8,exclude,launch,0,0.0,prior,0.0,rr_sweep,12600.0,43200,185600.74131873652,0,170818.82530394878,14781.916014787737,0,0,0.0,0,9.660334137152487,5.915799289959687,7947.95371783911,6734.706099017498,1.1801485619392669,2.0079731816663307,304.80298048756356,0.0,0.0189873417721519,0.0189873417721519,2.8304055171105893,12.290598290598291,0.967741935483871,1162.1091028521832,117,0.22552871704101562
ring,50,3000000.0,10,8,exclude,launch,0,0.0,prior,0.0,rr_sweep,12600.0,43200,199411.2625934217,0,182271.80995630976,17139.45263711192,0,0,0.0,3,9.660334137152487,5.736954479145411,7947.95371783911,6900.613569268185,1.1517749310344292,2.020788563009384,312.602787111229,0.0,0.0,0.0,1.582356851745005,2.9693396226415096,0.956989247311828,1305.9483710222748,424,0.17202353477478027
ring,50,3000000.0,10,7,exclude,launch,0,0.0,prior,0.0,rr_sweep,12600.0,43200,212147.3343823546,0,193057.04254810803,19090.291834246564,0,0,0.0,3,9.808999585359516,5.768692461529383,7822.442319813243,6849.612790274043,1.1420269377738472,2.024634247874678,314.96260257531196,0.0,0.0,0.0,1.5531971607107264,2.6351039260969977,0.9494949494949495,1444.4673267666344,433,0.2470414638519287
ring,50,3000000.0,12,8,exclude,launch,0,0.0,prior,0.0,rr_sweep,12600.0,43200,4988820.824274134,0,4700434.725390498,288386.0988836363,0,28,0.9910845517094767,46,9.660334137152487,5.988385717586836,7947.95371783911,6465.721640424699,1.229244647364227,2.066156517319632,341.0069158269381,0.0,0.0,0.0,1.3561183396424257,1.5702199661590523,0.46236559139784944,1766.084284526502,591,0.16002988815307617
ring,50,3000000.0,7,7,exclude,launch,0,0.0,prior,0.0,rr_sweep,12600.0,43200,147718.20120160637,0,137483.87479296996,10234.326408636382,0,0,0.0,0,9.808999585359516,5.90695587891529,7822.442319813243,6741.655900183217,1.1603146816794154,2.008906287484793,305.36756907790414,0.0,0.0,0.02711864406779661,2.1303274115806783,7.665137614678899,0.94,981.6885433073707,218,0.2790408134460449
ring,50,3000000.0,9,7,exclude,launch,0,0.0,prior,0.0,rr_sweep,12600.0,43200,169721.32586399463,0,153949.59673355243,15771.729130442209,0,0,0.0,0,9.808999585359516,5.817832433018887,7822.442319813243,6831.77119568972,1.1450094120172751,2.0127760943848174,307.71462520720934,0.0,0.0,0.0,1.7338123235962342,4.154727793696275,0.9595959595959596,1135.162638633105,349,0.27654099464416504
ring,50,3000000.0,8,7,exclude,launch,0,0.0,prior,0.0,rr_sweep,12600.0,43200,137126.38008564775,0,129252.84353872792,7873.536546919833,0,0,0.0,0,9.808999585359516,5.826498051546048,7822.442319813243,6832.923369797619,1.14481633942939,2.0094436466441072,305.692942725046,0.0,0.0,0.0,1.96501972331174,6.241758241758242,0.9595959595959596,963.5180350055451,273,0.28503990173339844
ring,50,3000000.0,6,8,exclude,launch,0,0.0,prior,0.0,rr_sweep,12600.0,43200,171703.9419211369,0,159477.64615061568,12226.29577052122,0,0,0.0,0,9.660334137152487,6.009047543573955,7947.95371783911,6629.333707233534,1.198906868900984,2.0082346946219314,304.96115983181386,0.0,0.0,0.06140350877192982,2.346798888436953,9.189349112426035,0.946236559139785,1071.1667820829755,169,0.250030517578125
ring,50,3000000.0,4,9,exclude,launch,0,0.0,prior,0.0,rr_sweep,12600.0,43200,205316.0665002043,0,187109.4783771407,18206.588123063586,0,0,0.0,0,9.693409585669638,6.000690161371669,7919.696655027925,6637.244301335073,1.1932206041345936,2.0086347906630686,305.20324228077965,0.0,0.0380952380952381,0.0380952380952381,3.4503857304164556,15.782051282051283,0.9158878504672897,1353.6872019533387,78,0.19003009796142578
ring,50,3000000.0,6,9,exclude,launch,0,0.0,prior,0.0,rr_sweep,12600.0,43200,153326.6214694209,0,139368.17159278723,13958.449876633702,0,0,0.0,0,9.693409585669638,6.098354491252216,7919.696655027925,6531.278736141248,1.212579798685329,2.0085336058062726,305.14201021218054,0.0,0.004310344827586207,0.04741379310344827,2.3230839776988477,9.532163742690058,0.9238095238095239,1015.8857010955892,171,0.1740274429321289
ring,50,3000000.0,7,9,exclude,launch,0,0.0,prior,0.0,rr_sweep,12600.0,43200,132050.20814825603,0,123444.09530399536,8606.112844260666,0,0,0.0,0,9.693409585669638,6.081057730261356,7919.696655027925,6549.568998862518,1.209193560126378,2.008621647350771,305.19528825137473,0.0,0.0,0.03678929765886288,2.0906779667542312,8.157657657657658,0.9326923076923077,906.4734214073347,222,0.19402527809143066
ring,50,3000000.0,5,9,exclude,launch,0,0.0,prior,0.0,rr_sweep,12600.0,43200,169416.91266590444,0,157824.31251994206,11592.600145962375,0,0,0.0,0,9.693409585669638,5.963438987488815,7919.696655027925,6679.745989341355,1.1856284157608863,2.008321598060496,305.0137335345816,0.0,0.0,0.024844720496894408,2.7968473495820816,12.231404958677686,0.9619047619047619,1134.1218186927408,121,0.2466275691986084
ring,50,3000000.0,5,10,exclude,launch,0,0.0,prior,0.0,rr_sweep,12600.0,43200,188723.05420319672,0,174171.29559175417,14551.75861144255,0,0,0.0,0,9.750155059805705,6.005637866500784,7871.664383040849,6633.683100598493,1.1866205038239865,2.0080574095072143,304.85392225871874,0.0,0.0,0.03184713375796178,2.89094494761344,12.232758620689655,0.9263157894736842,1184.2857375889453,116,0.1386103630065918
ring,50,3000000.0,7,8,exclude,launch,0,0.0,prior,0.0,rr_sweep,12600.0,43200,147193.3001028845,0,136461.7719563782,10731.528146506322,0,0,0.0,0,9.660334137152487,6.102865113471145,7947.95371783911,6528.6661043244285,1.2173931995962515,2.0078522782919075,304.72986445745664,0.0,0.003436426116838488,0.020618556701030927,2.1534305071968047,8.25925925925926,0.967741935483871,910.4638867279191,216,0.3176281452178955
ring,50,3000000.0,8,8,exclude,launch,0,0.0,prior,0.0,rr_sweep,12600.0,43200,141636.55499259656,0,133483.8083693021,8152.746623294477,0,0,0.0,0,9.660334137152487,5.731553346838238,7947.95371783911,6946.824177846733,1.1441132687919404,2.0092378040142336,305.56828351544164,0.0,0.0,0.0,1.975722304781327,6.2536764705882355,0.967741935483871,960.2205395302111,272,0.3176286220550537
ring,50,3000000.0,9,8,exclude,launch,0,0.0,prior,0.0,rr_sweep,12600.0,43200,158552.16531638408,0,147590.6888512069,10961.47646517716,0,0,0.0,0,9.660334137152487,5.7772437988242755,7947.95371783911,6881.105620521568,1.1550402153595598,2.012384983139554,307.47700622594266,0.0,0.0,0.0,1.7395696507526208,4.508571428571429,0.967741935483871,1049.8248075944998,350,0.31912803649902344
ring,50,3000000.0,4,10,exclude,launch,0,0.0,prior,0.0,rr_sweep,12600.0,43200,242623.33529846458,0,212303.92194017846,30319.413358286114,0,0,0.0,0,9.750155059805705,6.2277915743412455,7871.664383040849,6394.3463640876225,1.2310350323295347,2.008906668027922,305.36779943736104,0.0,0.02857142857142857,0.05714285714285714,3.3701128804952782,15.294871794871796,0.9368421052631579,1407.2339913362885,78,0.2151167392730713
ring,50,3000000.0,7,10,exclude,launch,0,0.0,prior,0.0,rr_sweep,12600.0,43200,150829.22542208704,0,139087.25455322786,11741.970868859175,0,0,0.0,0,9.750155059805705,6.194884967381039,7871.664383040849,6429.710226386362,1.224264252335505,2.0084699575188836,305.1034965654418,0.0,0.0,0.03728813559322034,2.09384029987083,7.958715596330276,0.967032967032967,924.6604626949595,218,0.1926124095916748
ring,50,3000000.0,8,9,exclude,launch,0,0.0,prior,0.0,rr_sweep,12600.0,43200,124296.37216061947,0,117731.17274462892,6565.1994159905635,0,0,0.0,0,9.693409585669638,5.7565568564486576,7919.696655027925,6912.389219999008,1.1457249299727745,2.01047651476883,306.31883606980836,0.0,0.0,0.0,1.9006473474933665,6.25,0.9801980198019802,916.1916503251684,280,0.2981224060058594
ring,50,3000000.0,9,9,exclude,launch,0,0.0,prior,0.0,rr_sweep,12600.0,43200,139827.15994349946,0,131606.9681070646,8220.19183643485,0,0,0.0,0,9.693409585669638,5.787418146829464,7919.696655027925,6867.11869651537,1.1532779619852314,2.012938800194455,307.8135038818143,0.0,0.0,0.0,1.7305702995197456,4.54727793696275,0.9801980198019802,1036.0707637151597,349,0.2981228828430176
ring,50,3000000.0,10,9,exclude,launch,0,0.0,prior,0.0,rr_sweep,12600.0,43200,174877.1963890005,0,159804.7142184049,15072.482170595578,0,0,0.0,2,9.693409585669638,5.742824146945642,7919.696655027925,6897.007284288374,1.1482801639298357,2.019778684083242,311.9845693531648,0.0,0.0,0.0,1.5971931786028704,3.1142857142857143,0.9702970297029703,1258.9549581414703,420,0.2691223621368408
ring,50,3000000.0,12,9,exclude,launch,0,0.0,prior,0.0,rr_sweep,12600.0,43200,4285495.196637906,0,4033955.693574215,251539.5030636907,0,30,0.9884338145228502,43,9.693409585669638,5.9990458736846906,7919.696655027925,6432.490956028809,1.2312021437986231,2.073139945693721,345.4888029130568,0.0,0.0,0.0,1.3483312448247893,1.2675585284280937,0.3069306930693069,2173.464009685199,598,0.25512242317199707
ring,50,3000000.0,4,11,exclude,launch,0,0.0,prior,0.0,rr_sweep,12600.0,43200,222915.17274084277,0,207494.4482604649,15420.724480377854,0,0,0.0,0,9.963576159691117,5.9196631615269455,7695.912262605395,6729.085498983922,1.1436787753354394,2.0083386451959218,305.0240470186639,0.0,0.02857142857142857,0.01904761904761905,3.464129637392998,16.233766233766232,0.9191919191919192,1329.3697145020433,77,0.18060684204101562
ring,50,3000000.0,6,11,exclude,launch,0,0.0,prior,0.0,rr_sweep,12600.0,43200,172377.32232849306,0,159696.08524265807,12681.237085834991,0,0,0.0,0,9.963576159691117,6.152518186347737,7695.912262605395,6475.283714186206,1.1885058017990788,2.008067369829665,304.8599466345897,0.0,0.012987012987012988,0.04329004329004329,2.298159996200797,9.467836257309942,0.9693877551020408,1015.6906262039423,171,0.17210650444030762
ring,50,3000000.0,11,9,exclude,launch,0,0.0,prior,0.0,rr_sweep,12600.0,43200,1165427.348724391,0,1093085.8803127392,72341.46841165179,0,8,0.8691635976935328,16,9.693409585669638,5.827521230013863,7919.696655027925,6731.370012715643,1.176535629458419,2.039401145694479,324.1064225012986,0.0,0.0,0.0,1.4558145275933059,2.0964566929133857,0.7128712871287128,1550.1346582507676,508,0.2756209373474121
ring,50,3000000.0,12,10,exclude,launch,0,0.0,prior,0.0,rr_sweep,12600.0,43200,3897180.9587955857,0,3685909.5914985426,211271.36729704324,0,26,0.9788282880716201,43,9.750155059805705,5.935559935829317,7871.664383040849,6452.561048560036,1.2199286955677082,2.0887966875042574,355.6434680160732,0.0,0.0,0.0,1.3509492065411377,1.266778523489933,0.532608695652174,2186.6634026656648,596,0.2176074981689453
ring,50,3000000.0,11,10,exclude,launch,0,0.0,prior,0.0,rr_sweep,12600.0,43200,1476718.7994581093,0,1377167.0770368285,99551.722421281,0,6,0.8552957296797566,17,9.750155059805705,5.825799027348106,7871.664383040849,6699.541820943106,1.1749556303139461,2.0496956801588526,330.5583062832469,0.0,0.0,0.0,1.4375185607581762,1.6939571150097466,0.8131868131868132,1893.721888007828,513,0.22260737419128418
ring,50,3000000.0,7,11,exclude,launch,0,0.0,prior,0.0,rr_sweep,12600.0,43200,152454.36565243834,0,143195.23556223145,9259.130090206878,0,0,0.0,0,9.963576159691117,6.25886521721652,7695.912262605395,6364.10074480472,1.209269395819651,2.008432968656132,305.08111568178583,0.0,0.003289473684210526,0.049342105263157895,2.00900484945638,7.850220264317181,0.9693877551020408,921.4827810561227,227,0.19010615348815918
ring,50,3000000.0,6,10,exclude,launch,0,0.0,prior,0.0,rr_sweep,12600.0,43200,160385.8555122717,0,148534.27169748896,11851.583814782742,0,0,0.0,0,9.750155059805705,6.0287197198076266,7871.664383040849,6607.367808362971,1.1913464803756881,2.0083361715403103,305.022550450971,0.0,0.0,0.03111111111111111,2.394217564870852,9.843373493975903,0.9368421052631579,1024.5874568423778,166,0.29262208938598633
ring,50,3000000.0,5,11,exclude,launch,0,0.0,prior,0.0,rr_sweep,12600.0,43200,193464.8330791737,0,175860.89622530903,17603.93685386466,0,0,0.0,0,9.963576159691117,6.092661309741894,7695.912262605395,6540.195505425958,1.1767098179589,2.0076694925036156,304.61934183674845,0.0,0.006289308176100629,0.03773584905660377,2.807075589523097,12.571428571428571,0.9393939393939394,1122.6002516257063,119,0.253115177154541
ring,50,3000000.0,9,10,exclude,launch,0,0.0,prior,0.0,rr_sweep,12600.0,43200,158951.34071116208,0,149497.25421732536,9454.086493836732,0,0,0.0,0,9.750155059805705,5.783560191864343,7871.664383040849,6871.5846066372105,1.1455384505398754,2.012972440561211,307.833949600961,0.0,0.0,0.0,1.7376933970895194,4.428571428571429,0.9247311827956989,1067.4841934610913,350,0.2906157970428467
ring,50,3000000.0,10,10,exclude,launch,0,0.0,prior,0.0,rr_sweep,12600.0,43200,206546.78186888283,0,190822.0567817766,15724.72508710624,0,0,0.0,2,9.750155059805705,5.786305325789951,7871.664383040849,6841.120101873365,1.150639700198405,2.0209772548368687,312.7183664682685,0.0,0.0,0.0,1.5757985011095756,2.7845433255269323,0.9239130434782609,1390.9111588826192,427,0.28911590576171875
ring,50,3000000.0,9,11,exclude,launch,0,0.0,prior,0.0,rr_sweep,12600.0,43200,148392.11722653185,0,139429.4053324065,8962.711894125378,0,0,0.0,0,9.963576159691117,5.780189708894672,7695.912262605395,6879.009952768892,1.1187528896520478,2.0119721124772116,307.2262669294772,0.0,0.0,0.0,1.7432792642062689,4.994252873563219,0.9690721649484536,954.3980790238721,348,0.19351744651794434
ring,50,3000000.0,5,12,exclude,launch,0,0.0,prior,0.0,rr_sweep,12600.0,43200,215733.3137058474,0,196892.68424604269,18840.62945980469,0,0,0.0,0,9.862946229994707,5.875337142763065,7777.833262780507,6779.569577347828,1.1472458795567373,2.008422472795025,305.0747650914099,0.0,0.0125,0.00625,2.8827247494387778,12.101694915254237,0.9523809523809523,1186.408145725669,118,0.13400912284851074
ring,50,3000000.0,8,10,exclude,launch,0,0.0,prior,0.0,rr_sweep,12600.0,43200,137826.5918763686,0,128390.97421432899,9435.617662039589,0,0,0.0,0,9.750155059805705,5.892072332895286,7871.664383040849,6755.354330991421,1.1652481864538404,2.00989691568837,305.96753409506493,0.0,0.0,0.0,1.9057138037149783,6.25,0.9560439560439561,918.6162978061626,280,0.3391151428222656
ring,50,3000000.0,11,12,exclude,launch,0,0.0,prior,0.0,rr_sweep,12600.0,43200,1676737.6350783538,0,1539252.6359961196,137484.99908223434,0,10,0.8793918992010766,17,9.862946229994707,5.916692810930044,7777.833262780507,6636.25000387391,1.1720223406653152,2.0374559437140896,322.89445054430774,0.0,0.0,0.0,1.4367324541122843,1.8128654970760234,0.7352941176470589,1768.531019409705,513,0.14000940322875977
ring,50,3000000.0,12,11,exclude,launch,0,0.0,prior,0.0,rr_sweep,12600.0,43200,4914495.772005533,0,4630350.317759543,284145.4542459907,0,27,0.984797678427382,42,9.963576159691117,5.883063678849641,7695.912262605395,6453.684989316808,1.1924834068202776,2.107068596550536,367.6802632405121,0.0,0.0,0.0,1.3469964946424697,1.15,0.4948453608247423,2391.95417191318,600,0.22301816940307617
ring,50,3000000.0,4,12,exclude,launch,0,0.0,prior,0.0,rr_sweep,12600.0,43200,247546.13255628917,0,224084.83452648506,23461.298029804104,0,0,0.0,0,9.862946229994707,5.908908229285503,7777.833262780507,6739.6282299749655,1.1540448519382793,2.0088467244113137,305.3315140066312,0.0,0.02912621359223301,0.019417475728155338,3.557045316211188,16.28,0.9333333333333333,1363.8538585757826,75,0.19101428985595703
core,50,1500000.0,2,1,exclude,launch,0,0.0,prior,0.0,rr_sweep,12600.0,43200,240025.518843277,0,215790.6679593237,24234.8508839533,0,0,0.0,0,4.789315478557101,8.747880809087663,8018.590898655449,2273.775272336941,3.5265538315112828,2.0109885371708556,306.62934668725995,0.0,0.0392156862745098,0.0,3.547058916224416,28.44736842105263,0.9439252336448598,1537.030630073852,38,0.1415109634399414
core,50,1500000.0,2,2,exclude,launch,0,0.0,prior,0.0,rr_sweep,12600.0,43200,229869.9268479342,0,203120.69919797927,26749.22764995492,0,0,0.0,0,4.789315478557101,7.6803854247024335,8018.590898655449,2587.5300574945904,3.098936329427436,2.012758054156963,307.70366287793934,0.0,0.038461538461538464,0.0,3.463151656972243,25.526315789473685,0.9166666666666666,1653.5914017481377,38,0.08000993728637695
ring,50,3000000.0,11,11,exclude,launch,0,0.0,prior,0.0,rr_sweep,12600.0,43200,2171012.107203419,0,2070001.4196874576,101010.68751596152,0,12,0.9279322864166425,19,9.963576159691117,5.896198332501876,7695.912262605395,6670.85661305413,1.1536617722445637,2.03393138379428,320.70423191842616,0.0,0.0,0.0,1.4368836610543838,1.895145631067961,0.7422680412371134,1690.7883866720636,515,0.2645273208618164
ring,50,3000000.0,12,12,exclude,launch,0,0.0,prior,0.0,rr_sweep,12600.0,43200,5048097.877131797,0,4747554.4420835925,300543.43504820456,0,27,0.983697598527418,45,9.862946229994707,5.911955445106728,7777.833262780507,6442.963482056184,1.2071825774648528,2.100260500960467,363.1719509921332,0.0,0.0,0.0012484394506866417,1.347669304143844,1.15,0.4326923076923077,2389.945769009075,600,0.2010188102722168
ring,50,3000000.0,10,11,exclude,launch,0,0.0,prior,0.0,rr_sweep,12600.0,43200,193881.0677204038,0,179929.26742957302,13951.800290830794,0,0,0.0,1,9.963576159691117,5.787288631781349,7695.912262605395,6842.696931743907,1.1246899196869793,2.02016824034616,312.2229715832942,0.0,0.0,0.0,1.5712842509569043,3.1217798594847777,0.96875,1234.9682162061827,427,0.3035280704498291
core,50,1500000.0,3,2,exclude,launch,0,0.0,prior,0.0,rr_sweep,12600.0,43200,153693.2966691391,0,142701.30277394416,10991.99389519494,0,0,0.0,0,4.789315478557101,9.063076687378357,8018.590898655449,2196.981597876833,3.649821603605888,2.008898142889974,305.36263881805127,0.0,0.017699115044247787,0.0,2.4014394345249093,17.602409638554217,0.9714285714285714,1105.488238376575,83,0.13350892066955566
core,50,1500000.0,4,1,exclude,launch,0,0.0,prior,0.0,rr_sweep,12600.0,43200,119035.30658872069,0,111446.99080365612,7588.315785064567,0,0,0.0,0,4.789315478557101,9.233069332836953,8018.590898655449,2159.191933436592,3.7136999145291254,2.006423683367678,303.86658913300926,0.0,0.015,0.0,1.8133792377580644,14.0,0.9719626168224299,795.9579611720012,148,0.18851518630981445
core,50,1500000.0,3,1,exclude,launch,0,0.0,prior,0.0,rr_sweep,12600.0,43200,175449.71325667648,0,152282.49908744777,23167.214169228737,0,0,0.0,0,4.789315478557101,9.83872144855736,8018.590898655449,2024.8340787551738,3.9601224528901215,2.0078528651102587,304.7302193132871,0.0,0.1391304347826087,0.0,2.3608929885819765,18.811764705882354,0.9541284403669725,1033.6645864138325,85,0.22351908683776855
ring,50,3000000.0,6,12,exclude,launch,0,0.0,prior,0.0,rr_sweep,12600.0,43200,187705.83863741904,0,169712.11433330705,17993.724304112,0,0,0.0,0,9.862946229994707,5.968855502115619,7777.833262780507,6672.690103996498,1.165621831908858,2.0086208479664425,305.1948044857637,0.0,0.00881057268722467,0.03524229074889868,2.394742158668815,9.682634730538922,0.9423076923076923,1023.4192669217279,167,0.263519287109375
ring,50,3000000.0,10,12,exclude,launch,0,0.0,prior,0.0,rr_sweep,12600.0,43200,239637.01781819196,0,215987.0301022722,23649.987715919753,0,0,0.0,2,9.862946229994707,5.8097361140761405,7777.833262780507,6814.374831788183,1.1413861806512189,2.020726615369818,312.5648469972972,0.0,0.0,0.0,1.5772523743587368,2.7845433255269323,0.8932038834951457,1386.4184234175882,427,0.24451923370361328
ring,50,3000000.0,8,11,exclude,launch,0,0.0,prior,0.0,rr_sweep,12600.0,43200,130198.68744251694,0,122309.24086888433,7889.4465736326165,0,0,0.0,0,9.963576159691117,5.987583736077091,7695.912262605395,6651.613106205765,1.1569993834165322,2.008683011720752,305.23242544021406,0.0,0.0,0.0026666666666666666,1.9242379570859405,7.060931899641577,0.9690721649484536,841.6441099623862,279,0.3666198253631592
ring,50,3000000.0,7,12,exclude,launch,0,0.0,prior,0.0,rr_sweep,12600.0,43200,166237.48927476082,0,155012.99891793478,11224.490356826058,0,0,0.0,0,9.862946229994707,6.208940946149192,7777.833262780507,6414.17079199889,1.2126015216936015,2.0087779747656134,305.28990071166385,0.0,0.006711409395973154,0.04697986577181208,2.0768724390829196,7.895927601809955,0.9519230769230769,950.0767030794929,221,0.2951228618621826
core,50,1500000.0,2,3,exclude,launch,0,0.0,prior,0.0,rr_sweep,12600.0,43200,253243.74537863513,0,215108.3947523451,38135.35062629002,0,0,0.0,0,5.810765870883612,9.270485861094555,6550.440834961872,2144.3941729715834,3.0546813256280356,2.0121153629931054,307.3132524019997,0.0,0.06060606060606061,0.0,2.7531456556864233,28.693877551020407,0.9622641509433962,1213.9593042922381,49,0.11760449409484863
ring,50,3000000.0,8,12,exclude,launch,0,0.0,prior,0.0,rr_sweep,12600.0,43200,153390.1316660843,0,145641.92620402316,7748.205462061132,0,0,0.0,0,9.862946229994707,5.97950186375841,7777.833262780507,6657.885557657638,1.1682137212218597,2.009502984793536,305.72888289211755,0.0,0.0,0.0,1.9265950904706794,6.25,0.9134615384615384,929.4969042505109,280,0.3041234016418457
ring,50,3000000.0,9,12,exclude,launch,0,0.0,prior,0.0,rr_sweep,12600.0,43200,173756.6643246696,0,159474.0941137851,14282.570210884498,0,0,0.0,0,9.862946229994707,5.793937504762809,7777.833262780507,6855.830512407069,1.134484472552943,2.0139844265201505,308.44932516761963,0.0,0.0,0.0,1.7155203440549487,4.543909348441926,0.8942307692307693,1032.967791160124,353,0.31862449645996094
core,50,1500000.0,2,4,exclude,launch,0,0.0,prior,0.0,rr_sweep,12600.0,43200,310137.71313955577,0,275703.4728577361,34434.240281819635,0,0,0.0,0,5.258009724989983,9.74300156889066,7274.107902442663,2040.9640303079955,3.564054924253099,2.0115547982830932,306.972932978865,0.0,0.1,0.0,3.590718805246824,26.916666666666668,0.9541284403669725,1602.720687385459,36,0.13411164283752441
core,50,1500000.0,5,2,exclude,launch,0,0.0,prior,0.0,rr_sweep,12600.0,43200,152692.55259851358,0,146709.61518623258,5982.937412281019,0,1,0.48049163894135066,1,4.789315478557101,13.61314502767421,8018.590898655449,1465.187771690747,5.4727394355758445,2.0054333578170818,303.2688711033996,0.0,0.003205128205128205,0.00641025641025641,1.4330214560772523,12.012875536480687,0.9626168224299065,590.2930394353444,233,0.25512194633483887
core,50,1500000.0,4,2,exclude,launch,0,0.0,prior,0.0,rr_sweep,12600.0,43200,122340.52107181362,0,113149.60727573506,9190.913796078552,0,0,0.0,0,4.789315478557101,9.544052288311722,8018.590898655449,2088.0743791580135,3.8401845157876187,2.0071564101455,304.30921034915133,0.0,0.004901960784313725,0.0,1.7882410541569311,12.546052631578947,0.9537037037037037,868.8817738543898,152,0.29212212562561035
core,50,1500000.0,3,3,exclude,launch,0,0.0,prior,0.0,rr_sweep,12600.0,43200,162869.7054694479,0,148244.3641221398,14625.341347308069,0,0,0.0,0,5.810765870883612,9.046922515564049,6550.440834961872,2201.3910436480187,2.9755916623095082,2.008454166203932,305.09394160022043,0.0,0.064,0.016,2.1647845533318173,20.42391304347826,1.0,863.030978178246,92,0.27661561965942383
core,50,1500000.0,3,4,exclude,launch,0,0.0,prior,0.0,rr_sweep,12600.0,43200,198820.70612934674,0,180302.09255974428,18518.613569602476,0,0,0.0,0,5.258009724989983,11.426571843755996,7274.107902442663,1743.3750226904604,4.172428655778783,2.007951493195746,304.78986379066026,0.0,0.0,0.0,2.527025607661742,19.625,0.9285714285714286,1067.1020444759922,80,0.22803497314453125
core,50,1500000.0,2,5,exclude,launch,0,0.0,prior,0.0,rr_sweep,12600.0,43200,262042.23030252496,0,232854.201445953,29188.028856571964,0,0,0.0,0,5.537141230626804,11.656036411389653,6890.610997136995,1706.2768450243811,4.038389794264913,2.011220090710725,306.7698215571022,0.0,0.018867924528301886,0.0,3.4912718577236626,29.846153846153847,0.936,1426.301305694584,39,0.0925142765045166
core,50,1500000.0,5,4,exclude,launch,0,0.0,prior,0.0,rr_sweep,12600.0,43200,123688.46911581802,0,118823.43520702435,4865.033908793682,0,0,0.0,0,5.258009724989983,10.010566416985299,7274.107902442663,1992.2102131510105,3.651275279297688,2.0057009386266857,303.43031338637894,0.0,0.006493506493506494,0.0,1.4637202385524615,10.404347826086957,0.9724770642201835,685.048709117687,230,0.22652220726013184
core,50,1500000.0,4,3,exclude,launch,0,0.0,prior,0.0,rr_sweep,12600.0,43200,126316.52864794571,0,116135.49960504245,10181.029042903254,0,0,0.0,0,5.810765870883612,10.437460125389135,6550.440834961872,1910.0074279164328,3.4295368380360394,2.006458149920813,303.88740226260774,0.0,0.02857142857142857,0.014285714285714285,1.7054295603992753,15.36774193548387,0.9714285714285714,695.7469925891291,155,0.34412646293640137
core,50,1500000.0,6,3,exclude,launch,0,0.0,prior,0.0,rr_sweep,12600.0,43200,83029.12053796863,0,79261.57720473167,3767.5433332369503,0,0,0.0,1,5.810765870883612,9.475428858021166,6550.440834961872,2105.0856571093577,3.111721754808185,2.005355363264502,303.22182193340973,0.0,0.004347826086956522,0.008695652173913044,1.1547568807344624,9.840579710144928,0.9619047619047619,482.7955343722352,345,0.319629430770874
core,50,1500000.0,5,1,exclude,launch,0,0.0,prior,0.0,rr_sweep,12600.0,43200,311953.73707157816,0,283000.08084818005,28953.656223398168,0,1,0.7417789392378298,1,4.789315478557101,13.78141189060421,8018.590898655449,1447.6509841529426,5.539035987563902,2.0049447464629075,302.9741830330194,0.0,0.012232415902140673,0.01834862385321101,1.368085426792486,12.50204081632653,0.9532710280373832,536.3906086321427,245,0.4986453056335449
core,50,1500000.0,4,4,exclude,launch,0,0.0,prior,0.0,rr_sweep,12600.0,43200,158728.83098960354,0,143567.4998975004,15161.33109210311,0,0,0.0,0,5.258009724989983,10.202149169697257,7274.107902442663,1953.9729101828877,3.7227270984846057,2.0065490648080413,303.9423059597828,0.0,0.01020408163265306,0.0,1.8373159643696655,13.496598639455783,0.9459459459459459,831.0138895858541,147,0.28553104400634766
core,50,1500000.0,3,5,exclude,launch,0,0.0,prior,0.0,rr_sweep,12600.0,43200,187473.1221608978,0,164330.80303813162,23142.31912276614,0,0,0.0,0,5.537141230626804,10.032742331345077,6890.610997136995,1985.2658259138186,3.4708757422776086,2.008267990050385,304.98130192807275,0.0,0.09322033898305085,0.0,2.298730266509611,19.25287356321839,0.9758064516129032,970.6347713128987,87,0.2520270347595215
core,50,1500000.0,6,1,exclude,launch,0,0.0,prior,0.0,rr_sweep,12600.0,43200,295205.69042379473,0,268292.7531133565,26912.937310438254,0,1,0.7838626411436551,1,4.789315478557101,13.274171984724637,8018.590898655449,1503.4460955383772,5.333474158103439,2.0043090598448075,302.5910063059085,0.0,0.0022172949002217295,0.011086474501108648,1.2006986764423262,10.922388059701493,0.9528301886792453,444.9986671530982,335,0.5936486721038818
core,50,1500000.0,7,3,exclude,launch,0,0.0,prior,0.0,rr_sweep,12600.0,43200,230619.6829105089,0,227478.5633981979,3141.119512311002,0,1,0.7254960020835031,1,5.810765870883612,13.069328922892252,6550.440834961872,1527.131441881171,4.28937592097038,2.00415028234321,302.4953368589844,0.0,0.00322061191626409,0.014492753623188406,0.9878056695059771,9.36111111111111,1.0,375.44267499159827,468,0.4296433925628662
core,50,1500000.0,5,3,exclude,launch,0,0.0,prior,0.0,rr_sweep,12600.0,43200,97349.29636337656,0,91623.8555337325,5725.4408296440515,0,0,0.0,0,5.810765870883612,10.890500146255837,6550.440834961872,1831.2865548326818,3.5769611356975,2.005653285452115,303.40155916218987,0.0,0.020895522388059702,0.014925373134328358,1.3118398147415142,11.91699604743083,0.9714285714285714,545.422108875733,253,0.48565006256103516
core,50,1500000.0,6,2,exclude,launch,0,0.0,prior,0.0,rr_sweep,12600.0,43200,136412.69300551654,0,131378.2343953886,5034.458610127936,0,1,0.537853891351719,1,4.789315478557101,13.703093559819537,8018.590898655449,1456.0933283074312,5.506920980110726,2.004712768022298,302.8343238681082,0.0,0.0,0.002288329519450801,1.2228758602360112,10.451219512195122,0.9532710280373832,479.69460604447534,328,0.5571599006652832
core,50,1500000.0,2,6,exclude,launch,0,0.0,prior,0.0,rr_sweep,12600.0,43200,245896.67836943976,0,218421.53731718633,27475.14105225343,0,0,0.0,0,4.998140959091332,9.327328243489532,7669.642238462474,2131.328426554323,3.5985266948566133,2.012112937069407,307.3117792149783,0.0,0.019230769230769232,0.0,3.5197298066013682,27.794871794871796,0.8969072164948454,1573.6020997847077,39,0.15252089500427246
core,50,1500000.0,4,5,exclude,launch,0,0.0,prior,0.0,rr_sweep,12600.0,43200,134155.89133228458,0,124756.91725097703,9398.974081307551,0,0,0.0,0,5.537141230626804,8.975786130014002,6890.610997136995,2220.5039529853643,3.103174388801645,2.0069471899053895,304.1827929775081,0.0,0.014492753623188406,0.00966183574879227,1.7290521213669363,13.549019607843137,0.9758064516129032,790.7997052573962,153,0.31714510917663574
core,50,1500000.0,3,6,exclude,launch,0,0.0,prior,0.0,rr_sweep,12600.0,43200,163435.7853281,0,153688.7647357671,9747.02059233288,0,0,0.0,0,4.998140959091332,9.185803197790493,7669.642238462474,2167.7644991718785,3.5380421818847956,2.0087725035150577,305.2865891544113,0.0,0.061946902654867256,0.0,2.4030821022870628,19.178571428571427,0.9468085106382979,1021.0773582736784,84,0.22063088417053223
core,50,1500000.0,7,1,exclude,launch,0,0.0,prior,0.0,rr_sweep,12600.0,43200,286815.6546163315,0,259788.59426849303,27027.06034783849,0,1,0.8067924761142226,1,4.789315478557101,13.635692718433054,8018.590898655449,1463.8480275134896,5.477748200594243,2.003949595313366,302.3744369789613,0.0,0.00487012987012987,0.00974025974025974,1.002671077676413,9.068817204301075,0.9626168224299065,387.90832654276846,465,0.726276159286499
core,50,1500000.0,7,2,exclude,launch,0,0.0,prior,0.0,rr_sweep,12600.0,43200,129006.75515399728,0,123920.658500026,5086.096653971286,0,1,0.5687121418691563,1,4.789315478557101,13.511816960802355,8018.590898655449,1477.0019150815185,5.428964456158398,2.004311321019802,302.5923688585618,0.0,0.0016863406408094434,0.003372681281618887,1.054093206293328,8.831460674157304,0.9626168224299065,417.65689124099794,445,0.6667771339416504
core,50,1500000.0,6,4,exclude,launch,0,0.0,prior,0.0,rr_sweep,12600.0,43200,233514.09151443595,0,221592.08588175298,11922.00563268295,0,1,0.6345834526783398,1,5.258009724989983,13.697906173322226,7274.107902442663,1456.8425563775918,4.993063849349362,2.004440572845211,302.67025931328476,0.0,0.004597701149425287,0.004597701149425287,1.2291264791564143,10.486238532110091,0.9541284403669725,478.09541328263794,327,0.5221614837646484
core,50,1500000.0,6,5,exclude,launch,0,0.0,prior,0.0,rr_sweep,12600.0,43200,125966.65983088563,0,115438.46473225835,10528.19509862729,0,1,0.39965513249228424,1,5.537141230626804,15.030510684174539,6890.610997136995,1327.6436363210769,5.190105845143051,2.004493888830686,302.7023918094584,0.0,0.002173913043478261,0.030434782608695653,1.1318413724391458,10.455072463768117,0.959349593495935,454.65992422063056,345,0.3496403694152832
core,50,1500000.0,2,7,exclude,launch,0,0.0,prior,0.0,rr_sweep,12600.0,43200,262013.9775851795,0,237166.04483263032,24847.932752549197,0,0,0.0,0,5.781865362986433,10.586095144822824,6584.84920617487,1878.1677297335937,3.505996350554319,2.0118232554318576,307.1358900698165,0.0,0.0,0.0,3.706549772310728,28.36111111111111,0.9411764705882353,1576.6560860469096,36,0.14761805534362793
core,50,1500000.0,8,2,exclude,launch,0,0.0,prior,0.0,rr_sweep,12600.0,43200,121297.59735416026,0,116942.70555049021,4354.891803670052,0,1,0.6048621838804044,1,4.789315478557101,13.302921062810928,8018.590898655449,1500.4093259290735,5.344268900548342,2.0040254031874047,302.4201030736893,0.0,0.001277139208173691,0.0,0.916849121067626,7.566552901023891,0.9532710280373832,370.15136738532823,586,0.7342841625213623
core,50,1500000.0,8,1,exclude,launch,0,0.0,prior,0.0,rr_sweep,12600.0,43200,280705.201131648,0,254617.2486185851,26087.952513062875,0,1,0.8243549148478652,1,4.789315478557101,13.459410970187035,8018.590898655449,1483.2326319586375,5.406158633434827,2.0036629405101642,302.2017894460528,0.0,0.0025,0.0025,0.8954755016073904,7.858333333333333,0.9439252336448598,346.4629487745155,600,0.8332865238189697
core,50,1500000.0,5,5,exclude,launch,0,0.0,prior,0.0,rr_sweep,12600.0,43200,100370.97132278443,0,93790.69800511621,6580.273317668229,0,0,0.0,0,5.537141230626804,10.709663986815729,6890.610997136995,1862.168504535862,3.7003155086947688,2.005696280689377,303.4275026977338,0.0,0.0,0.0030303030303030303,1.3567127234284693,11.368421052631579,0.9596774193548387,587.6277406228483,247,0.4521496295928955
core,50,1500000.0,7,5,exclude,launch,0,0.0,prior,0.0,rr_sweep,12600.0,43200,113610.3710613696,0,104381.09433720582,9229.276724163776,0,1,0.44312171198815065,1,5.537141230626804,14.726074176896635,6890.610997136995,1355.3973202469124,5.083831061346451,2.0040399966225175,302.42889444532335,0.0,0.0016233766233766235,0.024350649350649352,0.994949323334928,9.145336225596528,0.9516129032258065,387.4076720758386,461,0.42965078353881836
core,50,1500000.0,4,6,exclude,launch,0,0.0,prior,0.0,rr_sweep,12600.0,43200,117713.43679481841,0,110083.2714049137,7630.16538990471,0,0,0.0,0,4.998140959091332,9.6679840726659,7669.642238462474,2061.435580304205,3.720534520574574,2.0070320021796584,304.2340360241915,0.0,0.004901960784313725,0.004901960784313725,1.7737718954751485,14.026666666666667,0.9473684210526315,785.0567157763228,150,0.32175445556640625
core,50,1500000.0,7,4,exclude,launch,0,0.0,prior,0.0,rr_sweep,12600.0,43200,220802.93350821923,0,210157.82887623235,10645.104631986895,0,1,0.6711150802566667,1,5.258009724989983,13.557854747352035,7274.107902442663,1472.1791144684016,4.941048158443218,2.0040491215245737,302.4343915302805,0.0,0.0016722408026755853,0.0033444816053511705,1.0420298403582935,8.753333333333334,0.981651376146789,415.7114235434365,450,0.6732888221740723
core,50,1500000.0,3,7,exclude,launch,0,0.0,prior,0.0,rr_sweep,12600.0,43200,165985.27641958473,0,156015.9775444426,9969.298875142113,0,0,0.0,0,5.781865362986433,11.831283055009527,6584.84920617487,1683.5532738082888,3.911280568674601,2.00817373696045,304.9242851690396,0.0,0.018018018018018018,0.0,2.470077668890988,19.51851851851852,0.9313725490196079,1039.3569585760843,81,0.2321305274963379
core,50,1500000.0,6,6,exclude,launch,0,0.0,prior,0.0,rr_sweep,12600.0,43200,308361.9457455683,0,294876.5934881451,13485.352257423201,0,1,0.7906823174154473,1,4.998140959091332,14.053005102564821,7669.642238462474,1419.7942350989044,5.4019392732132046,2.0047738044276118,302.8711194191811,0.0,0.0,0.019230769230769232,1.1402745179965896,10.548571428571428,0.9574468085106383,446.0197588414856,350,0.36024975776672363
core,50,1500000.0,2,8,exclude,launch,0,0.0,prior,0.0,rr_sweep,12600.0,43200,280503.726357684,0,239870.1390616354,40633.58729604862,0,0,0.0,0,5.526537023394481,9.362795439815384,6904.472155108215,2123.7716893535094,3.25104256249408,2.011623169911868,307.0144313707607,0.0,0.07407407407407407,0.0,3.3730732285272307,27.975,0.956989247311828,1449.5010994427348,40,0.15111637115478516
core,50,1500000.0,8,3,exclude,launch,0,0.0,prior,0.0,rr_sweep,12600.0,43200,222267.08764788104,0,220520.99886800788,1746.0887798731426,0,1,0.7527594828542516,1,5.810765870883612,12.969319115555582,6550.440834961872,1539.0876194333582,4.256054530133593,2.003915803453718,302.3540821272373,0.0,0.0,0.02236024844720497,0.8654440290793022,7.980165289256198,0.9809523809523809,338.4264747029978,605,0.8233962059020996
core,50,1500000.0,4,7,exclude,launch,0,0.0,prior,0.0,rr_sweep,12600.0,43200,132427.99265846235,0,123934.83800041453,8493.154658047812,0,0,0.0,0,5.781865362986433,10.174940291361036,6584.84920617487,1958.9168085605309,3.361474656503463,2.006837137307846,304.1163063186775,0.0,0.014778325123152709,0.0,1.7829631815660316,13.4,0.93,809.2650860854093,150,0.2926356792449951
core,50,1500000.0,5,6,exclude,launch,0,0.0,prior,0.0,rr_sweep,12600.0,43200,91544.62429989387,0,87796.78855328815,3747.835746605717,0,0,0.0,1,4.998140959091332,10.4943930599985,7669.642238462474,1900.0685822274306,4.036508108287035,2.006011359793858,303.6176568102859,0.0,0.012195121951219513,0.0,1.3765632864282578,11.271604938271604,0.9787234042553191,599.7582931729594,243,0.4237632751464844
core,50,1500000.0,8,4,exclude,launch,0,0.0,prior,0.0,rr_sweep,12600.0,43200,214112.41897602158,0,204102.7493322674,10009.669643754165,0,1,0.6920858638231161,1,5.258009724989983,13.353677679569698,7274.107902442663,1494.8833012647124,4.866003852132516,2.00378818423917,302.2772156454508,0.0,0.0,0.002551020408163265,0.912987825844958,7.342419080068143,0.9724770642201835,381.1306727506764,587,0.7257900238037109
core,50,1500000.0,9,5,exclude,launch,0,0.0,prior,0.0,rr_sweep,12600.0,43200,99205.04297111195,0,91044.38004050926,8160.662930602687,0,1,0.5074663607472322,1,5.537141230626804,14.43863411240098,6890.610997136995,1382.7680817842142,4.983200789712977,2.003477797521115,302.0903070353484,0.0,0.0,0.006951340615690168,0.7930842650653221,6.992063492063492,0.967479674796748,309.847327837548,756,0.5652728080749512
core,50,1500000.0,3,8,exclude,launch,0,0.0,prior,0.0,rr_sweep,12600.0,43200,188990.16396135036,0,173064.780694096,15925.38326725435,0,0,0.0,0,5.526537023394481,10.016682181873547,6904.472155108215,1988.5902669863463,3.472043622928796,2.0081252064914814,304.89492958904765,0.0,0.043859649122807015,0.0,2.366375255290646,18.41176470588235,1.0,1059.1157198772064,85,0.2206251621246338
core,50,1500000.0,5,8,exclude,launch,0,0.0,prior,0.0,rr_sweep,12600.0,43200,103379.08036371715,0,98617.6953180092,4761.385045707963,0,0,0.0,0,5.526537023394481,10.090355679357526,6904.472155108215,1976.5199132662883,3.4932469482173154,2.0056369497292,303.3917023981948,0.0,0.00641025641025641,0.0,1.4469536845139852,11.133047210300429,1.0,638.9756624489498,233,0.24213218688964844
core,50,1500000.0,5,7,exclude,launch,0,0.0,prior,0.0,rr_sweep,12600.0,43200,101677.90585668835,0,96219.89706827088,5458.0087884174745,0,0,0.0,0,5.781865362986433,11.127435872303764,6584.84920617487,1792.2308258388666,3.674107771856219,2.0057229711842357,303.44360843029426,0.0,0.012345679012345678,0.0,1.4024525010430073,10.520833333333334,0.979381443298969,647.837077259944,240,0.38964366912841797
core,50,1500000.0,2,9,exclude,launch,0,0.0,prior,0.0,rr_sweep,12600.0,43200,244355.80169395494,0,213057.85501830277,31297.946675652176,0,0,0.0,0,5.246536392218966,9.020087518983173,7290.744155068959,2204.0756606462755,3.307846588592689,2.0119757466750796,307.22847355757557,0.0,0.07142857142857142,0.0,3.2002357601094107,27.642857142857142,0.9142857142857143,1446.4821604158096,42,0.1555159091949463
core,50,1500000.0,9,3,exclude,launch,0,0.0,prior,0.0,rr_sweep,12600.0,43200,215013.31188776763,0,214042.24177848405,971.0701092835927,0,1,0.7781548801995749,1,5.810765870883612,12.680831241034305,6550.440834961872,1574.2736537190249,4.160928958880353,2.0036969681762664,302.22228117786875,0.0,0.0,0.006862745098039216,0.7825912084373322,7.10923276983095,0.9809523809523809,299.45212689941803,769,0.9599087238311768
core,50,1500000.0,4,8,exclude,launch,0,0.0,prior,0.0,rr_sweep,12600.0,43200,125077.15860897138,0,116165.12876749378,8912.029841477612,0,0,0.0,0,5.526537023394481,10.247186826920338,6904.472155108215,1945.5046074387803,3.5489364192243267,2.006425659931809,303.86778269075324,0.0,0.0,0.0,1.8462424454767485,15.082758620689654,0.967741935483871,757.0208210068961,145,0.30863332748413086
core,50,1500000.0,6,7,exclude,launch,0,0.0,prior,0.0,rr_sweep,12600.0,43200,90094.5671983752,0,84926.05011283589,5168.517085539316,0,0,0.0,1,5.781865362986433,11.271187335200619,6584.84920617487,1769.9555671773992,3.7203471817520963,2.0050627058729744,303.0453128210115,0.0,0.0,0.0,1.2129196553939112,8.903614457831326,0.9494949494949495,550.3704466923315,332,0.45865774154663086
core,50,1500000.0,2,10,exclude,launch,0,0.0,prior,0.0,rr_sweep,12600.0,43200,277422.5358434555,0,238787.21308155142,38635.32276190412,0,0,0.0,0,5.753442760502199,12.50187276813834,6619.025743670595,1590.5645119633084,4.161431802285354,2.0115629508325954,306.9778810491445,0.0,0.07547169811320754,0.0,3.480318090831047,28.205128205128204,0.9354838709677419,1491.8780797961451,39,0.0905141830444336
core,50,1500000.0,3,9,exclude,launch,0,0.0,prior,0.0,rr_sweep,12600.0,43200,158488.62864717704,0,147703.9969732434,10784.631673933643,0,0,0.0,0,5.246536392218966,8.807054037264926,7290.744155068959,2261.105896282568,3.224415170937152,2.008669234376008,305.22408731300476,0.0,0.06837606837606838,0.0,2.2916570018655724,18.839080459770116,0.9801980198019802,988.5825552002432,87,0.22902631759643555
core,50,1500000.0,8,7,exclude,launch,0,0.0,prior,0.0,rr_sweep,12600.0,43200,176651.26609799833,0,171556.58195723555,5094.684140762782,0,1,0.6933363909342389,1,5.781865362986433,14.121454932277498,6584.84920617487,1413.574308506768,4.658297173730321,2.003834749480615,302.30526127944245,0.0,0.0012658227848101266,0.0012658227848101266,0.9052584384906294,7.579831932773109,0.9690721649484536,363.3646515844346,595,0.46915721893310547
core,50,1500000.0,8,5,exclude,launch,0,0.0,prior,0.0,rr_sweep,12600.0,43200,106136.21415285204,0,97514.56664659831,8621.647506253728,0,1,0.474326529603002,1,5.537141230626804,14.51495818624921,6890.610997136995,1375.351717605463,5.010071903013869,2.0036895265271673,302.2177996980988,0.0,0.0,0.012642225031605562,0.8936545775352842,7.9629005059021924,0.959349593495935,345.5526347845301,593,0.8072998523712158
core,50,1500000.0,7,6,exclude,launch,0,0.0,prior,0.0,rr_sweep,12600.0,43200,300008.4700235724,0,287177.24463240686,12831.22539116552,0,1,0.81269818097364,1,4.998140959091332,13.666849313920652,7669.642238462474,1460.2009442374533,5.2524567038050485,2.0043749217882905,302.6306950551705,0.0,0.003257328990228013,0.014657980456026058,0.9999654248187212,8.928104575163399,0.9782608695652174,396.6071923895361,459,0.6682758331298828
core,50,1500000.0,2,11,exclude,launch,0,0.0,prior,0.0,rr_sweep,12600.0,43200,278849.73218049936,0,248835.520003442,30014.212177057376,0,0,0.0,0,4.7893154785571,7.746148507706974,8018.59089865545,2567.210019797203,3.1234650990061494,2.0114663575523872,306.91925773808794,0.0,0.1568627450980392,0.0,3.6857379626577353,28.675675675675677,0.9393939393939394,1603.5244530063385,37,0.08050751686096191
core,50,1500000.0,4,9,exclude,launch,0,0.0,prior,0.0,rr_sweep,12600.0,43200,116035.54772490142,0,109213.93508275015,6821.612642151275,0,0,0.0,0,5.246536392218966,9.007158516241992,7290.744155068959,2212.547323110426,3.2951811149600823,2.007149016807981,304.3047426171848,0.0,0.00966183574879227,0.014492753623188406,1.720642886721488,14.058064516129033,0.9611650485436893,763.1108775408047,155,0.3150300979614258
core,50,1500000.0,3,10,exclude,launch,0,0.0,prior,0.0,rr_sweep,12600.0,43200,177619.96407256747,0,159980.88225388518,17639.081818682294,0,0,0.0,0,5.753442760502199,10.381543160049903,6619.025743670595,1918.3566382390172,3.45036246740159,2.008485627201469,305.1129780815821,0.0,0.09482758620689655,0.0,2.326576853909928,18.31764705882353,0.967032967032967,1036.317590316972,85,0.21702241897583008
core,50,1500000.0,7,7,exclude,launch,0,0.0,prior,0.0,rr_sweep,12600.0,43200,185296.68405230946,0,179126.82882828335,6169.8552240260915,0,1,0.6609872805698669,1,5.781865362986433,14.081496870840907,6584.84920617487,1417.337346988565,4.645929369014218,2.0041855996739217,302.51661557774196,0.0,0.0032948929159802307,0.004942339373970346,1.0251331086200193,8.712719298245615,0.979381443298969,413.3811017829142,456,0.6466696262359619
core,50,1500000.0,5,9,exclude,launch,0,0.0,prior,0.0,rr_sweep,12600.0,43200,92548.58205409185,0,86958.33753826894,5590.244515822913,0,0,0.0,0,5.246536392218966,9.64030064151574,7290.744155068959,2068.3425750955766,3.524920988841541,2.006073965318362,303.6554471074238,0.0,0.015384615384615385,0.003076923076923077,1.3742458232084822,11.389344262295081,1.0,588.8905626394157,244,0.4060475826263428
core,50,1500000.0,4,10,exclude,launch,0,0.0,prior,0.0,rr_sweep,12600.0,43200,134899.2707977442,0,126329.5513214343,8569.719476309881,0,0,0.0,0,5.753442760502199,10.03135242584047,6619.025743670595,1986.85973760711,3.3314006109169387,2.006934938729577,304.17539125030106,0.0,0.01932367149758454,0.0,1.7427476656988234,13.292207792207792,0.946236559139785,805.1996632013038,154,0.29753923416137695
core,50,1500000.0,8,6,exclude,launch,0,0.0,prior,0.0,rr_sweep,12600.0,43200,291644.36114343366,0,278999.3863496932,12644.974793740506,0,1,0.836005664258089,1,4.998140959091332,13.395847564307468,7669.642238462474,1489.9877216689779,5.147453315837723,2.004043318503389,302.43089562938917,0.0,0.0,0.0024783147459727386,0.8810399550270939,7.794745484400657,0.967741935483871,345.108567164114,609,0.8007993698120117
core,50,1500000.0,6,8,exclude,launch,0,0.0,prior,0.0,rr_sweep,12600.0,43200,293633.785651289,0,281006.19435622403,12627.591295064964,0,1,0.7510243031435251,1,5.526537023394481,13.053660057676202,6904.472155108215,1528.7218631184169,4.516499908638636,2.004468408694513,302.68703521958605,0.0,0.004454342984409799,0.008908685968819599,1.1881232309921803,10.50297619047619,0.989247311827957,464.8325820772912,336,0.5415849685668945
core,50,1500000.0,7,9,exclude,launch,0,0.0,prior,0.0,rr_sweep,12600.0,43200,287248.47310942144,0,271699.23475448316,15549.238354938283,0,1,0.8000428237197854,1,5.246536392218966,12.266137725072085,7290.744155068959,1626.960014456415,4.481206723144254,2.004357914010745,302.6204458308046,0.0,0.0016207455429497568,0.004862236628849271,1.009273999270316,8.8963282937365,0.9900990099009901,398.7007940287723,463,0.4251081943511963
core,50,1500000.0,3,11,exclude,launch,0,0.0,prior,0.0,rr_sweep,12600.0,43200,186224.97458668557,0,173451.1507038687,12773.823882816847,0,0,0.0,0,4.7893154785571,10.258113589500875,8018.59089865545,1941.9850803781378,4.129069259942044,2.0079208921526126,304.7713574513154,0.0,0.02564102564102564,0.0,2.334718586240967,18.46511627906977,0.9587628865979382,1023.7092676707593,86,0.2196044921875
core,50,1500000.0,9,8,exclude,launch,0,0.0,prior,0.0,rr_sweep,12600.0,43200,270224.5580711979,0,258963.61588185644,11260.94218934145,0,1,0.8160846328039925,1,5.526537023394481,12.859683543003957,6904.472155108215,1552.4070772154705,4.447591264201567,2.0036603124147048,302.20020681491496,0.0,0.0,0.0009871668311944718,0.7937512720787524,6.586070959264126,0.989247311827957,325.92889402252877,761,0.5571372509002686
core,50,1500000.0,5,10,exclude,launch,0,0.0,prior,0.0,rr_sweep,12600.0,43200,112344.63572499738,0,102762.39600036225,9582.239724635134,0,0,0.0,0,5.753442760502199,9.883400799033693,6619.025743670595,2017.5141133277223,3.2807828703379234,2.006028054149464,303.6277337207271,0.0,0.031545741324921134,0.0,1.4103500005260536,10.715481171548117,0.946236559139785,638.8759001418824,239,0.38912129402160645
core,50,1500000.0,2,12,exclude,launch,0,0.0,prior,0.0,rr_sweep,12600.0,43200,292860.7003379144,0,263466.6243953841,29394.075942530304,0,0,0.0,0,5.470710591405869,9.919396085462253,6978.331089719389,2003.896725821447,3.482380603650519,2.012331027466911,307.4442327516634,0.0,0.07407407407407407,0.0,3.4225425837660715,28.0,0.9142857142857143,1486.7627426499125,39,0.1511228084564209
core,50,1500000.0,7,8,exclude,launch,0,0.0,prior,0.0,rr_sweep,12600.0,43200,284029.7220224821,0,271278.6427449313,12751.079277550782,0,1,0.776419128525922,1,5.526537023394481,13.471868560014293,6904.472155108215,1481.5573147376472,4.660280156850262,2.004073739984462,302.44922259791565,0.0,0.001644736842105263,0.013157894736842105,1.0133471518281618,8.919037199124727,0.978494623655914,403.77260797447974,457,0.6676857471466064
core,50,1500000.0,4,11,exclude,launch,0,0.0,prior,0.0,rr_sweep,12600.0,43200,142551.8031612394,0,134109.5598613235,8442.24329991587,0,0,0.0,0,4.7893154785571,9.639245116804888,8018.59089865545,2068.205794424727,3.87707592748807,2.006426322227629,303.8681826217892,0.0,0.015,0.0,1.7979649725560427,13.346666666666666,0.9693877551020408,824.6090868650767,150,0.2956573963165283
core,50,1500000.0,6,9,exclude,launch,0,0.0,prior,0.0,rr_sweep,12600.0,43200,294097.2001908922,0,278950.46688964294,15146.73330124926,0,1,0.7814119936758777,1,5.246536392218966,12.380200041811193,7290.744155068959,1611.734695090229,4.523538630320795,2.0046509968373605,302.7970876338906,0.0,0.006787330316742082,0.0022624434389140274,1.2154907999850824,11.021148036253777,0.9801980198019802,446.6698202482584,331,0.5626838207244873
core,50,1500000.0,5,11,exclude,launch,0,0.0,prior,0.0,rr_sweep,12600.0,43200,380036.25181418686,0,335152.62401748094,44883.62779670592,0,1,0.7624932392136947,1,4.7893154785571,13.857582418832108,8018.59089865545,1439.7407977813598,5.5694684147397195,2.0048791976150877,302.93466053986276,0.0,0.0031847133757961785,0.009554140127388535,1.4272383844861103,12.808510638297872,0.9587628865979382,543.2739289596275,235,0.285663366317749
core,50,1500000.0,6,10,exclude,launch,0,0.0,prior,0.0,rr_sweep,12600.0,43200,86258.49785210333,0,82504.2242622245,3754.273589878826,0,0,0.0,1,5.753442760502199,9.200549160165975,6619.025743670595,2167.7798074071416,3.0533662695140342,2.005538828299433,303.33250056533905,0.0,0.006787330316742082,0.0,1.2198280019261114,9.229607250755286,0.989010989010989,539.3216495949597,331,0.4747025966644287
core,50,1500000.0,3,12,exclude,launch,0,0.0,prior,0.0,rr_sweep,12600.0,43200,206132.3756349958,0,183958.23934792366,22174.136287072157,0,0,0.0,0,5.470710591405869,10.847390571413518,6978.331089719389,1835.91110687619,3.8010179597382834,2.0085519289797995,305.1530980346624,0.0,0.034782608695652174,0.0,2.3565342826564586,18.376470588235293,0.9423076923076923,1058.7291885463005,85,0.22467827796936035
core,50,1500000.0,9,7,exclude,launch,0,0.0,prior,0.0,rr_sweep,12600.0,43200,171626.15671063715,0,166157.55093020594,5468.605780431209,0,1,0.7136368583773051,1,5.781865362986433,13.942755352963283,6584.84920617487,1431.7975661004687,4.599008520533282,2.0036864645981662,302.2159557652698,0.0,0.0,0.0019646365422396855,0.7893896593862917,6.465449804432855,0.9690721649484536,329.8603136860358,767,0.8773636817932129
core,50,1500000.0,8,10,exclude,launch,0,0.0,prior,0.0,rr_sweep,12600.0,43200,259802.29387612833,0,258497.92233489867,1304.3715412296738,0,1,0.7920691031139814,1,5.753442760502199,13.790760995406837,6619.025743670595,1447.4242715082344,4.572968599437321,2.003899369013551,302.3441829317415,0.0,0.0,0.0037831021437578815,0.9024265107899071,7.773648648648648,0.989010989010989,355.37665795315013,592,0.49371790885925293
core,50,1500000.0,8,8,exclude,launch,0,0.0,prior,0.0,rr_sweep,12600.0,43200,275091.16033461946,0,263810.28871188924,11280.87162273024,0,1,0.8016473847429613,1,5.526537023394481,13.254434584086022,6904.472155108215,1506.0869451640078,4.584378197605544,2.0037740189339943,302.2686843260709,0.0,0.0,0.007614213197969543,0.9018307189341004,7.798986486486487,0.989247311827957,355.1848592580124,592,0.7647476196289062
core,50,1500000.0,4,12,exclude,launch,0,0.0,prior,0.0,rr_sweep,12600.0,43200,147910.0901774836,0,135073.72096365452,12836.369213829072,0,0,0.0,0,5.470710591405869,10.260146795072941,6978.331089719389,1942.472961261469,3.592498443421093,2.007018772645001,304.2260425378331,0.0,0.019704433497536946,0.0,1.7964940614561122,14.446666666666667,0.9326923076923077,758.5968277005778,150,0.3081934452056885
core,50,1500000.0,8,9,exclude,launch,0,0.0,prior,0.0,rr_sweep,12600.0,43200,279275.71465311403,0,264746.3040897853,14529.410563328727,0,1,0.8228824329430321,1,5.246536392218966,12.2031027150743,7290.744155068959,1635.6125203805877,4.457500822610779,2.004053439744087,302.4369929585797,0.0,0.0012658227848101266,0.002531645569620253,0.9046001043486571,7.844856661045531,0.9900990099009901,352.01216886375056,593,0.7592532634735107
core,50,1500000.0,6,12,exclude,launch,0,0.0,prior,0.0,rr_sweep,12600.0,43200,358661.7350057879,0,340564.45377795416,18097.281227833795,0,1,0.7707436060772791,1,5.470710591405869,14.169199843917912,6978.331089719389,1408.1978380201572,4.955504760276091,2.0047073950990093,302.831084929991,0.0,0.004319654427645789,0.004319654427645789,1.1609105938875768,10.38150289017341,0.9313725490196079,456.1081684164393,346,0.35113978385925293
core,50,1500000.0,5,12,exclude,launch,0,0.0,prior,0.0,rr_sweep,12600.0,43200,114435.1772229648,0,108289.46130358445,6145.715919380344,0,0,0.0,0,5.470710591405869,10.583662010639744,6978.331089719389,1884.1230816305688,3.7037554275276756,2.005925314579276,303.5657215534247,0.0,0.00641025641025641,0.0,1.4472506206662497,11.452586206896552,0.9326923076923077,621.0632710501593,232,0.3911738395690918
core,50,1500000.0,7,10,exclude,launch,0,0.0,prior,0.0,rr_sweep,12600.0,43200,266944.81234319357,0,264650.2959498271,2294.5163933664358,0,1,0.7708760776847805,1,5.753442760502199,14.103852178577997,6619.025743670595,1415.1042148471115,4.677412217577006,2.0041665958659474,302.5051656759016,0.0,0.0016420361247947454,0.003284072249589491,1.0195427816485731,9.021739130434783,0.989010989010989,396.49655404210114,460,0.6602308750152588
core,50,1500000.0,6,11,exclude,launch,0,0.0,prior,0.0,rr_sweep,12600.0,43200,367103.7050354284,0,324074.9572018219,43028.74783360651,0,1,0.7893548027156673,1,4.7893154785571,13.339867817063944,8018.59089865545,1496.0279467840705,5.359920525477198,2.004327838799478,302.6023223362892,0.0,0.0,0.0022522522522522522,1.212447363973338,10.42942942942943,0.9587628865979382,472.6823693505727,333,0.5487220287322998
core,50,3000000.0,4,1,exclude,launch,0,0.0,prior,0.0,rr_sweep,12600.0,43200,163878.47450838544,0,143541.12999547122,20337.344512914187,0,0,0.0,0,9.578630957114202,25.33042697259908,8018.590898655449,1574.5283278759034,5.092693955829186,2.0058432809558626,303.5162117532164,0.0,0.03125,0.020833333333333332,1.8999465780772968,14.624113475177305,0.981651376146789,814.030920434535,141,0.3045825958251953
core,50,3000000.0,5,1,exclude,launch,0,0.0,prior,0.0,rr_sweep,12600.0,43200,132033.63548460804,0,121070.82512019898,10962.810364409053,0,0,0.0,0,9.578630957114202,26.06486268544391,8018.590898655449,1530.8179115940936,5.238108881483764,2.004984458424455,302.99812850240863,0.0,0.022727272727272728,0.06060606060606061,1.6564647929077612,11.98974358974359,0.9629629629629629,715.1709006072707,195,0.3760814666748047
core,50,1500000.0,7,11,exclude,launch,0,0.0,prior,0.0,rr_sweep,12600.0,43200,356018.99277944444,0,313390.63937917736,42628.353400267,0,1,0.8139314995589236,1,4.7893154785571,13.897974121151695,8018.59089865545,1436.245025934918,5.583024312606952,2.003918040305184,302.3554294950604,0.0,0.0033112582781456954,0.008278145695364239,1.024099424353538,8.830022075055188,0.96875,409.8777365895761,453,0.6497371196746826
core,50,3000000.0,8,1,exclude,launch,0,0.0,prior,0.0,rr_sweep,12600.0,43200,85388.55323095527,0,79254.47852340613,6134.07470754914,0,0,0.0,0,9.578630957114202,21.912628350420363,8018.590898655449,1822.0799544442702,4.400789811170004,2.0036787107087646,302.21128629900255,0.0,0.005357142857142857,0.06964285714285715,1.2270037077521452,8.310096153846153,0.9906542056074766,470.58707182201647,416,0.3886866569519043
core,50,1500000.0,8,12,exclude,launch,0,0.0,prior,0.0,rr_sweep,12600.0,43200,338415.79963568307,0,322170.61932073673,16245.180314946308,0,1,0.8168538209441946,1,5.470710591405869,14.124952605648378,6978.331089719389,1413.17611040927,4.938047733978743,2.0039030437431378,302.3463963710209,0.0,0.0,0.0025157232704402514,0.9013919001749433,7.749579831932773,0.9702970297029703,353.10730498248927,595,0.48275256156921387
core,50,3000000.0,4,2,exclude,launch,0,0.0,prior,0.0,rr_sweep,12600.0,43200,155942.98666252563,0,136475.36538073176,19467.62128179389,0,0,0.0,0,9.578630957114202,22.768024706429358,8018.590898655449,1751.0934726496578,4.579190673654994,2.00657456923902,303.9577090316154,0.0,0.028901734104046242,0.023121387283236993,2.075700381190766,14.8984375,0.9724770642201835,883.7686291526118,128,0.1766369342803955
core,50,3000000.0,6,1,exclude,launch,0,0.0,prior,0.0,rr_sweep,12600.0,43200,108249.28603275394,0,101714.012773636,6535.273259117935,0,0,0.0,0,9.578630957114202,24.481036534664376,8018.590898655449,1630.3498296422683,4.918325351323458,2.004376870393262,302.6318693342892,0.0,0.014326647564469915,0.06303724928366762,1.4984121643093982,10.709302325581396,0.9814814814814815,604.7768036401637,258,0.43316125869750977
core,50,1500000.0,9,10,exclude,launch,0,0.0,prior,0.0,rr_sweep,12600.0,43200,254455.74340248358,0,253164.20690403102,1291.5364984525472,0,1,0.8087118299858048,1,5.753442760502199,13.809409142631235,6619.025743670595,1445.59822710596,4.578745061773953,2.003721173310579,302.2368581255894,0.0,0.0,0.0019646365422396855,0.7886557186531212,6.658823529411765,0.978021978021978,321.486659068931,765,0.9083309173583984
core,50,3000000.0,7,1,exclude,launch,0,0.0,prior,0.0,rr_sweep,12600.0,43200,98066.49895828827,0,89242.61597650629,8823.882981781977,0,0,0.0,0,9.578630957114202,25.160798640604586,8018.590898655449,1586.7648552483147,5.0534210359736065,2.003793631552327,302.2804964235025,0.0,0.008869179600886918,0.050997782705099776,1.3368756213050506,9.43026706231454,0.9813084112149533,516.2485806852444,337,0.5391683578491211
core,50,1500000.0,8,11,exclude,launch,0,0.0,prior,0.0,rr_sweep,12600.0,43200,347854.54427408974,0,305619.9487519743,42234.595522115356,0,1,0.8330351793136416,1,4.7893154785571,13.842287998750427,8018.59089865545,1442.226210737747,5.559870455102652,2.0036355397457086,302.18528899219774,0.0,0.0012578616352201257,0.007547169811320755,0.8976976184538502,7.62751677852349,0.96875,360.58360293563055,596,0.7773177623748779
core,50,1500000.0,7,12,exclude,launch,0,0.0,prior,0.0,rr_sweep,12600.0,43200,346619.6739641693,0,329966.64332916634,16653.030635002902,0,1,0.7975203364505734,1,5.470710591405869,14.26055907049548,6978.331089719389,1399.5075064912894,4.986276284587276,2.0042329936034413,302.5451716325187,0.0,0.003289473684210526,0.006578947368421052,1.0189429122905431,9.019607843137255,0.9411764705882353,395.7293542603226,459,0.6787233352661133
core,50,3000000.0,5,2,exclude,launch,0,0.0,prior,0.0,rr_sweep,12600.0,43200,119752.54017894685,0,109981.80268888944,9770.737490057403,0,0,0.0,0,9.578630957114202,26.159928673256243,8018.590898655449,1524.9516705360197,5.258259034423641,2.0053831034391116,303.23855540425797,0.0,0.03225806451612903,0.04838709677419355,1.7790776388450023,12.675675675675675,0.9629629629629629,708.1674707559465,185,0.348102331161499
core,50,3000000.0,6,2,exclude,launch,0,0.0,prior,0.0,rr_sweep,12600.0,43200,106178.16796562399,0,99306.82337223257,6871.344593391433,0,0,0.0,0,9.578630957114202,24.209599310482393,8018.590898655449,1648.3555262273865,4.864600367499423,2.004709724135668,302.8324889318309,0.0,0.024096385542168676,0.04216867469879518,1.606055777923078,10.559183673469388,0.9722222222222222,639.383466589199,245,0.413618803024292
core,50,3000000.0,9,1,exclude,launch,0,0.0,prior,0.0,rr_sweep,12600.0,43200,75920.57848778946,0,70937.97746485585,4982.601022933622,0,0,0.0,0,9.578630957114202,23.84645868882929,8018.590898655449,1674.5931793276784,4.788381439529559,2.003349747451349,302.0132147132056,0.0,0.007246376811594203,0.07101449275362319,1.1046458907324408,7.475538160469667,0.9719626168224299,431.85707637240284,511,0.674767017364502
core,50,3000000.0,12,1,exclude,launch,0,0.0,prior,0.0,rr_sweep,12600.0,43200,282958.12934930273,0,256620.06448394738,26338.064865355336,0,1,0.8177913555916125,1,9.578630957114202,31.05260859850952,8018.590898655449,1286.4434977716096,6.233146587895491,2.0026321385036114,301.58136154809733,0.0,0.001728608470181504,0.09507346585998272,0.831050993392172,5.842592592592593,0.9439252336448598,324.61951275964924,864,0.645240068435669
core,50,3000000.0,7,2,exclude,launch,0,0.0,prior,0.0,rr_sweep,12600.0,43200,90682.35890735112,0,85297.35301442121,5385.005892929912,0,0,0.0,0,9.578630957114202,24.02796774480007,8018.590898655449,1661.1058174570971,4.827260740637645,2.0043596323992183,302.6214813579278,0.0,0.014018691588785047,0.07009345794392523,1.4032442459146715,9.277602523659306,0.9629629629629629,558.2784006232811,317,0.5052275657653809
core,50,1500000.0,9,12,exclude,launch,0,0.0,prior,0.0,rr_sweep,12600.0,43200,331455.6608288932,0,315586.1176085931,15869.543220300136,0,1,0.8340066912991915,1,5.470710591405869,14.12730136451509,6978.331089719389,1413.1043368751727,4.938298544289177,2.003671645484731,302.2070315850085,0.0,0.0,0.0,0.8050970750975096,6.784574468085107,0.9411764705882353,321.0284984072939,752,0.9043679237365723
core,50,3000000.0,8,2,exclude,launch,0,0.0,prior,0.0,rr_sweep,12600.0,43200,79966.40957374402,0,74784.90089993434,5181.508673809679,0,0,0.0,0,9.578630957114202,21.940902869897965,8018.590898655449,1819.467438316683,4.407108766988438,2.0039699476787787,302.3866967526388,0.0,0.007220216606498195,0.04151624548736462,1.2701707934820243,8.189320388349515,0.9626168224299065,489.5668351876064,412,0.5682432651519775
core,50,3000000.0,10,1,exclude,launch,0,0.0,prior,0.0,rr_sweep,12600.0,43200,292414.5800889949,0,265220.2154071624,27194.3646818325,0,1,0.7913446453518397,1,9.578630957114202,30.26654393375311,8018.590898655449,1319.6183675387801,6.076446869719554,2.0029900988270857,301.79674150355,0.0,0.004571428571428572,0.088,0.9265238155099359,6.720364741641338,0.9626168224299065,373.5928884259518,658,0.8552823066711426
core,50,3000000.0,11,2,exclude,launch,0,0.0,prior,0.0,rr_sweep,12600.0,43200,127697.55353738276,0,122168.7218768465,5528.831660536256,0,1,0.5745644555031962,1,9.578630957114202,30.021548817641186,8018.590898655449,1330.3819754579918,6.0272846795710695,2.002998116507987,301.80156651557087,0.0,0.0020512820512820513,0.08102564102564103,0.929975545428687,6.3187414500684,0.9439252336448598,356.61465606498547,731,0.5686275959014893
core,50,3000000.0,5,3,exclude,launch,0,0.0,prior,0.0,rr_sweep,12600.0,43200,125898.77519938047,0,118280.68366944355,7618.091529936921,0,0,0.0,0,11.621531741767225,27.03289260685026,6550.440834961872,1475.7726798428207,4.438651646308791,2.005293756623903,303.1846611320996,0.0,0.009554140127388535,0.06369426751592357,1.3885806808829866,11.939655172413794,0.9811320754716981,604.0004081288445,232,0.4336562156677246
core,50,3000000.0,11,1,exclude,launch,0,0.0,prior,0.0,rr_sweep,12600.0,43200,286053.49527135276,0,259440.5524448162,26612.94282653659,0,1,0.8089420895092501,1,9.578630957114202,30.005858454467077,8018.590898655449,1331.2396187436634,6.023401636906561,2.0027544097193117,301.6549218634576,0.0,0.005905511811023622,0.08366141732283465,0.8872713103943864,6.309305373525557,0.9532710280373832,343.0359834190397,763,0.9232780933380127
core,50,3000000.0,12,2,exclude,launch,0,0.0,prior,0.0,rr_sweep,12600.0,43200,121687.79464815636,0,117035.73173673061,4652.062911425743,0,1,0.6027855317461287,1,9.578630957114202,29.452416505215837,8018.590898655449,1356.2106258072981,5.912496736177908,2.0028199594836398,301.6943613416305,0.0,0.0009033423667570009,0.07678410117434507,0.8903574298880385,6.0155875299760195,0.9439252336448598,326.62529570065084,834,0.6296424865722656
core,50,3000000.0,9,2,exclude,launch,0,0.0,prior,0.0,rr_sweep,12600.0,43200,70430.12197066024,0,67230.14303986554,3199.9789307947112,0,0,0.0,0,9.578630957114202,22.5364987563523,8018.590898655449,1771.6699412078958,4.526007193635912,2.003644758715655,302.19084050922174,0.0,0.0030257186081694403,0.04084720121028744,1.1670461671877261,7.44,0.9813084112149533,444.4685798503863,500,0.6792609691619873
core,50,3000000.0,6,3,exclude,launch,0,0.0,prior,0.0,rr_sweep,12600.0,43200,109591.53616230129,0,104066.23106670938,5525.305095591904,0,0,0.0,0,11.621531741767225,27.664513612542898,6550.440834961872,1442.6544421653834,4.540547371226228,2.004493400017556,302.7020972036491,0.0,0.010050251256281407,0.07035175879396985,1.2907335450429298,10.583892617449665,0.9904761904761905,522.4074208996448,298,0.5141725540161133
core,50,3000000.0,13,2,exclude,launch,0,0.0,prior,0.0,rr_sweep,12600.0,43200,118857.23104601097,0,114479.38263260145,4377.848413409526,0,1,0.6171498322762707,1,9.578630957114202,29.750371695059943,8018.590898655449,1342.7369042864711,5.971825808211117,2.00265742671313,301.5965746028985,0.0,0.0007980845969672786,0.07741420590582601,0.8534268427070792,5.608093716719915,0.9532710280373832,311.7513062937904,939,0.690636396408081
core,50,3000000.0,7,3,exclude,launch,0,0.0,prior,0.0,rr_sweep,12600.0,43200,97000.31626874827,0,94018.97769944958,2981.3385692986926,0,0,0.0,0,11.621531741767225,25.189313640732042,6550.440834961872,1584.7310368985063,4.133471663293607,2.004094007095339,302.4614325254323,0.0,0.010183299389002037,0.06720977596741344,1.219803788831073,9.366391184573002,0.9716981132075472,490.71678254339605,363,0.5861935615539551
core,50,3000000.0,13,1,exclude,launch,0,0.0,prior,0.0,rr_sweep,12600.0,43200,279433.1398038377,0,253520.22666611144,25912.913137726213,0,1,0.8281076193706896,1,9.578630957114202,29.94699492924307,8018.590898655449,1334.0012668577945,6.010931996746175,2.0025367547767754,301.5239834035045,0.0,0.0015349194167306216,0.09593246354566386,0.7921013527977677,5.420570264765784,0.9439252336448598,306.54922903074083,982,1.0733060836791992
core,50,3000000.0,10,2,exclude,launch,0,0.0,prior,0.0,rr_sweep,12600.0,43200,133086.19091547377,0,127507.87158505818,5578.319330415596,0,1,0.5512939062949775,1,9.578630957114202,30.72267227305837,8018.590898655449,1299.8181091498802,6.169009988558973,2.003311183808294,301.9899994664402,0.0,0.005875440658049354,0.09870740305522914,0.9534259413746015,6.7075471698113205,0.9532710280373832,387.692176717825,636,0.8002781867980957
core,50,3000000.0,8,3,exclude,launch,0,0.0,prior,0.0,rr_sweep,12600.0,43200,89315.03053977698,0,84506.15009835633,4808.880441420657,0,0,0.0,0,11.621531741767225,24.518719452988474,6550.440834961872,1628.4476529936474,4.0225062334180075,2.0036340337430003,302.18438210617387,0.0,0.0,0.04778156996587031,1.168934945818307,8.505668934240363,0.9809523809523809,438.49596264944796,441,0.6421983242034912
core,50,3000000.0,5,4,exclude,launch,0,0.0,prior,0.0,rr_sweep,12600.0,43200,167774.8508769322,0,152090.57909203935,15684.271784892833,0,0,0.0,0,10.516019449979966,25.84736254039049,7274.107902442663,1543.4997886732658,4.712736571668216,2.0052437817275783,303.154518210589,0.0,0.019230769230769232,0.057692307692307696,1.6997325834856634,11.837696335078535,0.9464285714285714,736.3262856573425,191,0.22652983665466309
core,50,3000000.0,11,3,exclude,launch,0,0.0,prior,0.0,rr_sweep,12600.0,43200,70042.67536620285,0,66411.17740956771,3631.4979566351353,0,0,0.0,0,11.621531741767225,24.079986723072786,6550.440834961872,1658.6247755960462,3.9493205041555552,2.003021428885357,301.81559604096714,0.0,0.0020876826722338203,0.07620041753653445,0.9590235402253733,6.406424581005586,0.9714285714285714,359.1793681314837,716,0.5575771331787109
core,50,3000000.0,14,1,exclude,launch,0,0.0,prior,0.0,rr_sweep,12600.0,43200,275280.90244035603,0,249634.02612481941,25646.876315536603,0,1,0.8405984945736247,1,9.578630957114202,28.689865146459066,8018.590898655449,1392.5625902038657,5.758154753734666,2.002381185603463,301.43041237554127,0.0,0.0,0.0811373092926491,0.7892640553313245,5.261353104726599,0.9439252336448598,288.6082744684518,1079,1.165815830230713
core,50,3000000.0,9,3,exclude,launch,0,0.0,prior,0.0,rr_sweep,12600.0,43200,82434.23475754881,0,77863.18235972612,4571.05239782269,0,0,0.0,0,11.621531741767225,23.754164269448545,6550.440834961872,1681.0088712944557,3.896731865500344,2.0034579249470577,302.07834214171646,0.0,0.008356545961002786,0.07242339832869081,1.0603653598649154,7.3896103896103895,0.9809523809523809,413.48240877449365,539,0.6996922492980957
core,50,3000000.0,8,4,exclude,launch,0,0.0,prior,0.0,rr_sweep,12600.0,43200,105008.45269522312,0,98715.15993343134,6293.292761791777,0,0,0.0,0,10.516019449979966,22.310574204898796,7274.107902442663,1789.5878143974198,4.0646834114099955,2.003670136148407,302.2061226588485,0.0,0.007575757575757576,0.041666666666666664,1.3272248031934377,8.424936386768447,0.9464285714285714,502.3429588171393,393,0.36754560470581055
core,50,3000000.0,6,4,exclude,launch,0,0.0,prior,0.0,rr_sweep,12600.0,43200,134382.76462479544,0,126150.36458156983,8232.40004322561,0,0,0.0,0,10.516019449979966,25.224447988489917,7274.107902442663,1582.2321896397011,4.597370695699909,2.0044632595003224,302.68393190580366,0.0,0.023121387283236993,0.05491329479768786,1.5329752064649562,10.448818897637794,0.9459459459459459,623.884490872278,254,0.44104814529418945
core,50,3000000.0,15,1,exclude,launch,0,0.0,prior,0.0,rr_sweep,12600.0,43200,272236.9911519775,0,246872.8663912587,25364.124760718852,0,1,0.8499973174000125,1,9.578630957114202,29.180700991757252,8018.590898655449,1369.1946448696297,5.856428761755019,2.0022996646189566,301.3813853085818,0.0,0.0,0.08663366336633663,0.7452362464499852,4.984323432343234,0.9532710280373832,271.05787411596236,1212,1.268822193145752
core,50,3000000.0,10,3,exclude,launch,0,0.0,prior,0.0,rr_sweep,12600.0,43200,75698.24234403847,0,71919.08174183089,3779.1606022075844,0,0,0.0,0,11.621531741767225,24.26185679535357,6550.440834961872,1646.0224728360888,3.979557352990141,2.0032271228783496,301.93939802363127,0.0,0.0024125452352231603,0.08082026537997587,1.00670506130216,6.896607431340873,0.9904761904761905,387.6192011773627,619,0.7896022796630859
core,50,3000000.0,14,2,exclude,launch,0,0.0,prior,0.0,rr_sweep,12600.0,43200,115565.12695975897,0,111620.29815017739,3944.828809581584,0,1,0.6347673847477895,1,9.578630957114202,28.62086568418551,8018.590898655449,1395.7874850218875,5.744850834888886,2.002570994138383,301.5445794862877,0.0,0.0,0.07621082621082621,0.8214920007495472,5.285577841451767,0.9532710280373832,295.7506745830426,1047,1.1362385749816895
core,50,3000000.0,7,4,exclude,launch,0,0.0,prior,0.0,rr_sweep,12600.0,43200,115933.14840196607,0,109057.00645534469,6876.141946621379,0,0,0.0,0,10.516019449979966,25.161895251867406,7274.107902442663,1586.5125013076877,4.584967276618972,2.0040250154211368,302.41986947742413,0.0,0.011467889908256881,0.05504587155963303,1.383788196173168,9.44478527607362,0.9727272727272728,533.7546484069186,326,0.514561653137207
core,50,3000000.0,5,5,exclude,launch,0,0.0,prior,0.0,rr_sweep,12600.0,43200,135365.59316207853,0,124576.06275499961,10789.53040707891,0,0,0.0,0,11.074282461253608,31.169574556859224,6890.610997136995,1279.9796166311173,5.383375569114886,2.0051924412224382,303.1235531672173,0.0,0.010067114093959731,0.05704697986577181,1.45621621735724,11.836363636363636,0.9838709677419355,634.5056119071018,220,0.2585325241088867
core,50,3000000.0,12,3,exclude,launch,0,0.0,prior,0.0,rr_sweep,12600.0,43200,64936.87373754873,0,61052.18037740585,3884.693360142874,0,0,0.0,1,11.621531741767225,21.705435327655266,6550.440834961872,1840.099636814442,3.559829426574919,2.002996299023038,301.80047275617346,0.0,0.004633920296570899,0.05931417979610751,0.9414000084254195,6.053152039555006,0.9809523809523809,338.3711801446802,809,0.9906213283538818
core,50,3000000.0,15,2,exclude,launch,0,0.0,prior,0.0,rr_sweep,12600.0,43200,112333.55938870026,0,108433.68046601088,3899.8789226893846,0,1,0.6530838117775116,1,9.578630957114202,28.50883733453812,8018.590898655449,1401.357792468424,5.7220154208662795,2.002448927306777,301.4711555575523,0.0,0.0006257822277847309,0.06508135168961202,0.7762870887333287,4.950874271440466,0.9716981132075472,276.16891591673897,1201,1.322352409362793
core,50,3000000.0,9,4,exclude,launch,0,0.0,prior,0.0,rr_sweep,12600.0,43200,91883.61354244038,0,87011.70290900943,4871.910633430953,0,0,0.0,0,10.516019449979966,24.457673834173647,7274.107902442663,1632.7121157842043,4.455229940490061,2.0033887123259277,302.036672406925,0.0,0.0030441400304414,0.0669710806697108,1.1677527635051985,7.608163265306122,0.9459459459459459,439.753259402615,490,0.6846592426300049
core,50,3000000.0,16,3,exclude,launch,0,0.0,prior,0.0,rr_sweep,12600.0,43200,211438.3751015145,0,210041.31547096316,1397.0596305513266,0,1,0.7913116900988757,1,11.621531741767225,28.080319120148886,6550.440834961872,1422.885533389024,4.603631621273184,2.002248532660312,301.3506363659246,0.0,0.0,0.08277027027027027,0.7263001387156593,4.808669656203288,0.9904761904761905,254.64564566718067,1338,0.8991982936859131
core,50,3000000.0,10,4,exclude,launch,0,0.0,prior,0.0,rr_sweep,12600.0,43200,81708.24180521956,0,78144.2437276437,3563.998077575872,0,0,0.0,0,10.516019449979966,23.481414119974218,7274.107902442663,1700.7977461476376,4.276880022282929,2.003148137014905,301.8918554389424,0.0,0.003821656050955414,0.048407643312101914,1.0931346256954564,6.976190476190476,0.9724770642201835,398.6840434616176,588,0.7286620140075684
core,50,3000000.0,13,4,exclude,launch,0,0.0,prior,0.0,rr_sweep,12600.0,43200,207624.12764206916,0,198094.76124863012,9529.366393439035,0,1,0.7137136715523582,1,10.516019449979966,28.323336953727207,7274.107902442663,1410.4824461096882,5.157177193169394,2.0025247036219618,301.5167344116908,0.0,0.0008051529790660225,0.06763285024154589,0.8641709648470998,5.602783725910064,0.963302752293578,313.0920371036796,934,0.6701586246490479
core,50,3000000.0,13,3,exclude,launch,0,0.0,prior,0.0,rr_sweep,12600.0,43200,222264.63794663124,0,220257.07965259877,2007.5582940324628,0,1,0.7527677794319845,1,11.621531741767225,28.417349411567418,6550.440834961872,1405.7998488276667,4.659582827828909,2.0025479665934847,301.53072759621926,0.0,0.0015552099533437014,0.09175738724727839,0.8221794419645321,5.644190871369295,0.9904761904761905,301.0023884825691,964,1.1322169303894043
core,50,3000000.0,6,5,exclude,launch,0,0.0,prior,0.0,rr_sweep,12600.0,43200,115448.18296572004,0,106953.16597108773,8495.016994632302,0,0,0.0,0,11.074282461253608,27.833639115860677,6890.610997136995,1433.8746250945128,4.805588212904462,2.004512716769577,302.7137394455391,0.0,0.007874015748031496,0.05774278215223097,1.341905397997756,10.33910034602076,0.9838709677419355,551.7625043837951,289,0.49564075469970703
core,50,3000000.0,14,3,exclude,launch,0,0.0,prior,0.0,rr_sweep,12600.0,43200,217932.83899874554,0,216318.9803520963,1613.858646649261,0,1,0.7677303646482734,1,11.621531741767225,28.45682200312979,6550.440834961872,1403.9230629307597,4.665811829665009,2.002443546420982,301.4679191283227,0.0,0.0,0.08964558721334259,0.784505137626437,5.306406685236769,1.0,287.2762382930668,1077,1.1627323627471924
core,50,3000000.0,14,4,exclude,launch,0,0.0,prior,0.0,rr_sweep,12600.0,43200,204098.89650316173,0,194994.4411147653,9104.455388396425,0,1,0.7260410564737206,1,10.516019449979966,27.80657549509304,7274.107902442663,1436.7157321158868,5.063011241430415,2.0024958873412375,301.49940124082855,0.0,0.0,0.0856115107913669,0.8202473783243244,5.281703775411423,0.981651376146789,299.5209595528995,1033,0.716672420501709
core,50,3000000.0,11,4,exclude,launch,0,0.0,prior,0.0,rr_sweep,12600.0,43200,218722.90411265616,0,208496.59626352147,10226.307849134726,0,1,0.677497306665019,1,10.516019449979966,28.195171537081062,7274.107902442663,1416.6758731318644,5.134631033393471,2.0028330446245084,301.70223461725845,0.0,0.00631578947368421,0.07789473684210527,0.9621372228667092,6.4025423728813555,0.9724770642201835,359.7201013806821,708,0.8541834354400635
core,50,3000000.0,7,5,exclude,launch,0,0.0,prior,0.0,rr_sweep,12600.0,43200,103265.75585524287,0,95040.91531074588,8224.84054449698,0,0,0.0,0,11.074282461253608,29.392033334160242,6890.610997136995,1358.2350507367983,5.073209525405093,2.0039432650268676,302.3706238178424,0.0,0.00823045267489712,0.06995884773662552,1.2461364839977256,9.37883008356546,0.9758064516129032,491.97964697953006,359,0.5516524314880371
core,50,3000000.0,8,5,exclude,launch,0,0.0,prior,0.0,rr_sweep,12600.0,43200,91539.78650852149,0,85165.40565699473,6374.380851526763,0,0,0.0,0,11.074282461253608,28.118872773579568,6890.610997136995,1419.9704986243823,4.852643772396946,2.0036080074853784,302.1687098066313,0.0,0.00338409475465313,0.0676818950930626,1.1615417046545617,8.352402745995423,1.0,451.0067245522822,437,0.6246628761291504
core,50,3000000.0,12,4,exclude,launch,0,0.0,prior,0.0,rr_sweep,12600.0,43200,213182.53985164157,0,203052.81862671938,10129.721224922187,0,1,0.6951046673212609,1,10.516019449979966,28.86888900805519,7274.107902442663,1383.7346261146827,5.256866284301388,2.002659464784905,301.5978006968259,0.0,0.0,0.08542246982358404,0.9158511510760103,6.024813895781637,0.981651376146789,337.71219208474304,806,0.9281911849975586
core,50,3000000.0,15,3,exclude,launch,0,0.0,prior,0.0,rr_sweep,12600.0,43200,214536.74865935466,0,213051.41736295892,1485.331296395763,0,1,0.7798834418759775,1,11.621531741767225,27.829222265056814,6550.440834961872,1435.6471267981997,4.562709535434906,2.0023556219204854,301.41503783868103,0.0,0.0,0.08725674827369742,0.7575401902411278,5.039199332777314,0.9904761904761905,270.5387819070365,1199,1.3227458000183105
core,50,3000000.0,9,5,exclude,launch,0,0.0,prior,0.0,rr_sweep,12600.0,43200,80781.03271025419,0,77633.48452912523,3147.548181128953,0,0,0.0,0,11.074282461253608,27.22878645267888,6890.610997136995,1466.5777205010363,4.698428798429388,2.0033490202042987,302.0127769034779,0.0,0.008559201141226819,0.06990014265335236,1.0910166522969698,7.616122840690979,0.9758064516129032,416.37192761116984,521,0.6961691379547119
core,50,3000000.0,4,6,exclude,launch,0,0.0,prior,0.0,rr_sweep,12600.0,43200,151483.7075222817,0,138099.06803804226,13384.639484239455,0,0,0.0,0,9.996281918182664,28.544152596011674,7669.642238462474,1396.8491014277186,5.490673423939162,2.0064268910737164,303.86852612289204,0.0,0.0051813471502590676,0.04145077720207254,1.8493449358650538,14.647887323943662,0.8762886597938144,804.7439979782769,142,0.3145406246185303
core,50,3000000.0,11,5,exclude,launch,0,0.0,prior,0.0,rr_sweep,12600.0,43200,67236.91723572188,0,63716.72625629462,3520.1909794272647,0,0,0.0,0,11.074282461253608,25.765618834602485,6890.610997136995,1550.0870647016395,4.445305785751653,2.003057042144323,301.8370289385954,0.0,0.007231404958677686,0.07954545454545454,0.9321849581725281,6.325549450549451,0.9758064516129032,356.1603741798798,728,0.5646481513977051
core,50,3000000.0,7,6,exclude,launch,0,0.0,prior,0.0,rr_sweep,12600.0,43200,92811.67838313246,0,88542.59163198763,4269.086751144828,0,0,0.0,0,9.996281918182664,24.708337152883956,7669.642238462474,1615.3566368462189,4.747956001491094,2.004370710459682,302.6281572087859,0.0,0.008547008547008548,0.0641025641025641,1.2953326285913913,9.223188405797101,0.9583333333333334,523.24451084218,345,0.3395390510559082
core,50,3000000.0,5,6,exclude,launch,0,0.0,prior,0.0,rr_sweep,12600.0,43200,122477.38068455967,0,116946.00289581229,5531.377788747387,0,0,0.0,0,9.996281918182664,26.990401630453025,7669.642238462474,1478.0049391042398,5.189185797383559,2.005417287955628,303.2591768760149,0.0,0.007380073800738007,0.04797047970479705,1.6215348857782121,12.308457711442786,0.9484536082474226,682.6025523269058,201,0.3875560760498047
core,50,3000000.0,10,5,exclude,launch,0,0.0,prior,0.0,rr_sweep,12600.0,43200,73732.39186978772,0,69879.11109097347,3853.2807788142645,0,0,0.0,0,11.074282461253608,25.857899489994754,6890.610997136995,1544.4820487537456,4.461438061191505,2.003151880320347,301.89410849707446,0.0,0.005995203836930456,0.05995203836930456,1.0074788132171728,6.809523809523809,0.9838709677419355,380.3758232618854,630,0.824692964553833
core,50,3000000.0,6,6,exclude,launch,0,0.0,prior,0.0,rr_sweep,12600.0,43200,110187.22988594232,0,103971.26700467725,6215.962881265064,0,0,0.0,0,9.996281918182664,25.455641117830982,7669.642238462474,1567.6081833859419,4.892576040204444,2.0047878679841826,302.87959789445995,0.0,0.024,0.050666666666666665,1.401612252117676,9.971428571428572,0.9473684210526315,593.6575837167492,280,0.46504878997802734
core,50,3000000.0,17,3,exclude,launch,0,0.0,prior,0.0,rr_sweep,12600.0,43200,209623.26635847456,0,207984.5143102037,1638.7520482708778,0,1,0.7981635858455637,1,11.621531741767225,27.81817660379264,6550.440834961872,1436.3541057753812,4.560463752373774,2.0021647314958395,301.30024471623824,0.0,0.0,0.07121057985757884,0.7018667263189721,4.543859649122807,0.9809523809523809,243.3357228671412,1482,1.5522797107696533
core,50,3000000.0,15,4,exclude,launch,0,0.0,prior,0.0,rr_sweep,12600.0,43200,200340.93689633897,0,191316.53943914245,9024.397457196506,0,1,0.7396600052786552,1,10.516019449979966,27.682967661036344,7274.107902442663,1443.2402938130303,5.040122517106644,2.002344024973989,301.408063320317,0.0,0.0,0.07142857142857142,0.7877954122446086,4.962616822429907,0.981651376146789,279.5740620137152,1177,1.2577226161956787
core,50,3000000.0,18,3,exclude,launch,0,0.0,prior,0.0,rr_sweep,12600.0,43200,206599.5160229458,0,205629.43607647147,970.0799464743427,0,1,0.8098453528553147,1,11.621531741767225,27.69394137037051,6550.440834961872,1442.809520787618,4.540059336027973,2.0021481910214307,301.2902990302578,0.0,0.0,0.06344135098128709,0.666418910846996,4.295620437956204,0.9809523809523809,232.009239311359,1644,1.6087825298309326
core,50,3000000.0,5,7,exclude,launch,0,0.0,prior,0.0,rr_sweep,12600.0,43200,138324.82640404598,0,128632.26598639537,9692.560417650619,0,0,0.0,0,11.563730725972865,27.85948519012968,6584.84920617487,1431.9307800562376,4.598580670160786,2.005371670764132,303.23165891251875,0.0,0.018656716417910446,0.048507462686567165,1.6018251373866919,11.793103448275861,0.9509803921568627,698.9806479556318,203,0.23252058029174805
core,50,3000000.0,8,6,exclude,launch,0,0.0,prior,0.0,rr_sweep,12600.0,43200,83939.43493880525,0,80573.00318235415,3366.431756451094,0,0,0.0,0,9.996281918182664,24.311106293957973,7669.642238462474,1642.084233232565,4.670675281598808,2.0039636227284587,302.38288672861523,0.0,0.0088339222614841,0.07773851590106007,1.1945797620682546,8.232941176470588,0.968421052631579,471.8932868628064,425,0.6325721740722656
core,50,3000000.0,15,5,exclude,launch,0,0.0,prior,0.0,rr_sweep,12600.0,43200,97644.2654030339,0,89062.39545110206,8581.869951931862,0,1,0.5155778674408351,1,11.074282461253608,32.918696581950414,6890.610997136995,1213.684888648812,5.677429999815084,2.002356543604658,301.41559215212294,0.0,0.0006112469437652812,0.10330073349633252,0.7111726203474664,4.947840260798696,0.9512195121951219,269.29787201370317,1227,0.8505973815917969
core,50,3000000.0,16,4,exclude,launch,0,0.0,prior,0.0,rr_sweep,12600.0,43200,196250.71758162347,0,187517.363612976,8733.353968647445,0,1,0.755075855356528,1,10.516019449979966,27.215925608154997,7274.107902442663,1468.0483278660315,4.954951253557417,2.002287910257145,301.37431651429057,0.0,0.0,0.06546929316338354,0.7561373522147795,4.74250576479631,0.981651376146789,265.2046516874944,1301,1.3447487354278564
core,50,3000000.0,9,6,exclude,launch,0,0.0,prior,0.0,rr_sweep,12600.0,43200,73621.83352038273,0,71154.93340489014,2466.9001154925913,0,0,0.0,0,9.996281918182664,23.12388825815001,7669.642238462474,1726.6129781979807,4.442015863026277,2.0037065780068155,302.2280684202455,0.0,0.0028776978417266188,0.058992805755395686,1.1183918645761743,7.431640625,0.9680851063829787,430.25446173328845,512,0.7145826816558838
core,50,3000000.0,6,7,exclude,launch,0,0.0,prior,0.0,rr_sweep,12600.0,43200,114400.58137186154,0,105814.51671152611,8586.064660335429,0,0,0.0,0,11.563730725972865,27.85449259859482,6584.84920617487,1432.6790182952684,4.596178992004868,2.0046835868045303,302.816732878325,0.0,0.01912568306010929,0.06830601092896176,1.4430678924840754,10.585551330798479,0.9696969696969697,589.1001353212175,263,0.46455836296081543
core,50,3000000.0,12,5,exclude,launch,0,0.0,prior,0.0,rr_sweep,12600.0,43200,108104.64753223084,0,99185.93545389205,8918.712078338789,0,1,0.46568971152987587,1,11.074282461253608,33.961264634106094,6890.610997136995,1176.2257442535524,5.8582385488508955,2.002697946051369,301.6209513046902,0.0,0.0016638935108153079,0.11064891846921797,0.7937836336805311,5.778149386845039,0.9435483870967742,316.7709325980828,897,1.0933072566986084
core,50,3000000.0,17,5,exclude,launch,0,0.0,prior,0.0,rr_sweep,12600.0,43200,90942.235818781,0,82849.17328709752,8093.062531683474,0,1,0.5535736137457761,1,11.074282461253608,31.454002800855452,6890.610997136995,1270.3507492406713,5.424179897761095,2.0021214466493156,301.27421815035507,0.0,0.0,0.0718124084025403,0.6694732776032121,4.513285806869734,0.959349593495935,235.32756649160996,1543,0.9797005653381348
core,50,3000000.0,10,6,exclude,launch,0,0.0,prior,0.0,rr_sweep,12600.0,43200,67563.7761749406,0,64561.82686033271,3001.9493146078953,0,0,0.0,1,9.996281918182664,22.960144754649942,7669.642238462474,1739.070742037238,4.410195659710689,2.003540457557122,302.1280349861873,0.0,0.006105006105006105,0.06593406593406594,1.027949847616564,6.887438825448613,0.9680851063829787,385.6604005737505,613,0.8201742172241211
core,50,3000000.0,7,7,exclude,launch,0,0.0,prior,0.0,rr_sweep,12600.0,43200,99321.18509675667,0,94111.94652131388,5209.2385754428005,0,0,0.0,0,11.563730725972865,26.3875812917856,6584.84920617487,1512.7307039411178,4.35295534692286,2.004143344765856,302.4911570512682,0.0,0.019271948608137045,0.04925053533190578,1.2939898498002613,9.06,0.97,523.1893927712431,350,0.5346410274505615
core,50,3000000.0,13,5,exclude,launch,0,0.0,prior,0.0,rr_sweep,12600.0,43200,103582.96762588852,0,94636.73822207679,8946.229403811722,0,1,0.4860183414144668,1,11.074282461253608,33.228773922475774,6890.610997136995,1202.2541031983287,5.731409839904944,2.002531711101584,301.520949529281,0.0,0.0,0.09641255605381166,0.7694441462549346,5.510912698412699,0.959349593495935,293.2933251756714,1008,1.1842288970947266
core,50,3000000.0,8,7,exclude,launch,0,0.0,prior,0.0,rr_sweep,12600.0,43200,89783.12433464549,0,83043.11700753987,6740.007327105614,0,0,0.0,0,11.563730725972865,26.37368786677793,6584.84920617487,1513.8447126197766,4.349752092326228,2.0037235229589796,302.23827316235554,0.0,0.012280701754385965,0.05964912280701754,1.2213419881024985,8.273159144893112,0.96,472.61901602770945,421,0.6376736164093018
core,50,3000000.0,15,6,exclude,launch,0,0.0,prior,0.0,rr_sweep,12600.0,43200,284383.3549319197,0,272241.16858833894,12142.18634358078,0,1,0.857350944197174,1,9.996281918182664,29.99044189656233,7669.642238462474,1332.1104143238813,5.757512407374456,2.0024740576701556,301.48627089049995,0.0,0.0,0.08261933904528763,0.7365837320082246,5.019464720194647,0.967741935483871,263.81497160429205,1233,0.8396997451782227
core,50,3000000.0,14,5,exclude,launch,0,0.0,prior,0.0,rr_sweep,12600.0,43200,99745.36337298587,0,91604.02971848793,8141.333654497949,0,1,0.5047174166489395,1,11.074282461253608,32.243571044022936,6890.610997136995,1239.0596975800786,5.561161427972008,2.0024174491671305,301.45222271842084,0.0,0.0006724949562878278,0.08809683927370544,0.750409310807308,5.2238137869292744,0.9516129032258065,280.08006830005746,1117,1.271747350692749
core,50,3000000.0,5,8,exclude,launch,0,0.0,prior,0.0,rr_sweep,12600.0,43200,137285.63531885622,0,126216.54601300367,11069.089305852554,0,0,0.0,0,11.053074046788963,24.420495140259582,6904.472155108215,1633.6133906942812,4.226503158237356,2.0053317827358312,303.20759801364136,0.0,0.01090909090909091,0.05090909090909091,1.56832479057779,11.83495145631068,0.989247311827957,676.4342425294927,206,0.23864364624023438
core,50,3000000.0,11,6,exclude,launch,0,0.0,prior,0.0,rr_sweep,12600.0,43200,298790.50836459995,0,286049.05587123055,12741.452493369412,0,1,0.8160109877631218,1,9.996281918182664,31.589392243103056,7669.642238462474,1264.3102963101721,6.066265742552244,2.00306499655787,301.84181619589185,0.0,0.001962708537782139,0.1069676153091266,0.8629046671523892,6.310704960835509,0.9574468085106383,342.00526953291865,766,0.9868080615997314
core,50,3000000.0,12,7,exclude,launch,0,0.0,prior,0.0,rr_sweep,12600.0,43200,60419.95569594217,0,58149.34404331144,2270.6116526307283,0,0,0.0,1,11.563730725972865,24.98550176043729,6584.84920617487,1598.543420007362,4.119280792600894,2.0029839736804895,301.7930554379716,0.0,0.0054446460980036296,0.07259528130671507,0.907919320390688,5.825876662636034,0.9696969696969697,339.5900036532451,827,0.6002674102783203
core,50,3000000.0,9,7,exclude,launch,0,0.0,prior,0.0,rr_sweep,12600.0,43200,79899.10337616217,0,75568.76341556862,4330.339960593546,0,0,0.0,0,11.563730725972865,26.135286510101956,6584.84920617487,1527.8478182526871,4.309885531469743,2.0034689828092302,302.0849998380574,0.0,0.005763688760806916,0.053314121037463975,1.1084943781599708,7.377906976744186,0.979381443298969,429.808186428047,516,0.7007794380187988
core,50,3000000.0,12,6,exclude,launch,0,0.0,prior,0.0,rr_sweep,12600.0,43200,295006.24191599106,0,282239.6902222388,12766.551693752232,0,1,0.8264785730678655,1,9.996281918182664,30.86446595392234,7669.642238462474,1294.0957296917848,5.92664210420442,2.0029255937891226,301.7579240031792,0.0,0.003457216940363008,0.10803802938634399,0.8288827186557975,5.9279907084785135,0.9574468085106383,322.59931962413935,861,1.0393140316009521
core,50,3000000.0,10,7,exclude,launch,0,0.0,prior,0.0,rr_sweep,12600.0,43200,71505.16894446817,0,68645.21772978512,2859.951214683052,0,0,0.0,0,11.563730725972865,26.04758019544749,6584.84920617487,1533.0901640451204,4.295148035390482,2.0033411225001596,302.00802242996406,0.0,0.004884004884004884,0.0757020757020757,1.0132939118601523,6.709150326797386,0.9595959595959596,399.8686449629761,612,0.8489072322845459
core,50,3000000.0,16,5,exclude,launch,0,0.0,prior,0.0,rr_sweep,12600.0,43200,93548.68936689924,0,85559.18777317156,7989.50159372769,0,1,0.5381499459268334,1,11.074282461253608,31.850506473649993,6890.610997136995,1254.457754241954,5.492899999092329,2.0022467800578587,301.3495824409036,0.0,0.0,0.0881557598702001,0.6847580372644658,4.702295552367288,0.959349593495935,249.75495547153173,1394,1.5284931659698486
core,50,3000000.0,14,7,exclude,launch,0,0.0,prior,0.0,rr_sweep,12600.0,43200,169756.525968432,0,164534.48406275632,5222.041905675667,0,1,0.7214965704065254,1,11.563730725972865,31.129528599898194,6584.84920617487,1283.3252716215122,5.131083562201464,2.002537678530096,301.5245390617542,0.0,0.0,0.09059945504087194,0.7606589911609237,5.191891891891892,0.9896907216494846,284.94141702209953,1110,0.7498958110809326
core,50,3000000.0,13,6,exclude,launch,0,0.0,prior,0.0,rr_sweep,12600.0,43200,290932.25048284506,0,278485.79099454987,12446.45948829519,0,1,0.8380519432279957,1,9.996281918182664,31.599314045113083,7669.642238462474,1264.12973228392,6.067132227485567,2.0027220796128873,301.63547068295793,0.0,0.0030840400925212026,0.09946029298380879,0.7981418120494636,5.636738906088751,0.9574468085106383,298.483476253727,969,1.2054469585418701
core,50,3000000.0,6,8,exclude,launch,0,0.0,prior,0.0,rr_sweep,12600.0,43200,117916.4599326449,0,109336.62470549505,8579.835227149837,0,0,0.0,0,11.053074046788963,25.847084953399143,6904.472155108215,1544.0319260706433,4.47171592667723,2.0045742196748395,302.75080885059384,0.0,0.01643835616438356,0.0684931506849315,1.390423800287746,10.361313868613138,0.978494623655914,586.4424040420029,274,0.5092811584472656
core,50,3000000.0,7,8,exclude,launch,0,0.0,prior,0.0,rr_sweep,12600.0,43200,99668.47955151358,0,94633.56089527503,5034.918656238541,0,0,0.0,0,11.053074046788963,24.729477741572257,6904.472155108215,1614.260815848247,4.2771726150585625,2.0040167050603697,302.4148632120844,0.0,0.010917030567685589,0.04585152838427948,1.3202066979438145,9.359649122807017,0.989247311827957,516.7681251970355,342,0.5392806529998779
core,50,3000000.0,11,7,exclude,launch,0,0.0,prior,0.0,rr_sweep,12600.0,43200,65754.70894476486,0,62641.00676563138,3113.7021791334896,0,0,0.0,0,11.563730725972865,25.41318967551015,6584.84920617487,1571.6030393381025,4.189893402692928,2.0030322837472734,301.82212867178123,0.0,0.005417118093174431,0.06392199349945829,1.0038644417878273,6.493487698986975,0.9797979797979798,367.57670697225836,691,0.93141770362854
core,50,3000000.0,14,6,exclude,launch,0,0.0,prior,0.0,rr_sweep,12600.0,43200,287897.60747807217,0,275545.31397639134,12352.29350168081,0,1,0.8468855993650877,1,9.996281918182664,29.984009276733897,7669.642238462474,1332.3147932996235,5.756629196818992,2.002596410211556,301.5598685307296,0.0,0.0006854009595613434,0.08156271418779987,0.7698951630731303,5.224452554744525,0.967741935483871,285.39462948943486,1096,1.3094537258148193
core,50,3000000.0,10,8,exclude,launch,0,0.0,prior,0.0,rr_sweep,12600.0,43200,73490.79511629163,0,70527.22943605216,2963.5656802394724,0,0,0.0,0,11.053074046788963,23.728239509711152,6904.472155108215,1683.0794243043736,4.102285403412779,2.0031794617780294,301.91070975997684,0.0,0.0112079701120797,0.062266500622665005,1.0573034006628736,6.97171381031614,1.0,391.0946831679915,601,0.4787628650665283
core,50,3000000.0,8,8,exclude,launch,0,0.0,prior,0.0,rr_sweep,12600.0,43200,92809.24593354775,0,86934.9821440387,5874.263789509029,0,0,0.0,0,11.053074046788963,25.218061362498826,6904.472155108215,1583.2910617579048,4.3608356807385,2.0036300190773524,302.1819645579621,0.0,0.007104795737122558,0.06216696269982238,1.2102441489233926,8.237529691211401,0.989247311827957,474.04316153826636,421,0.6262867450714111
core,50,3000000.0,6,9,exclude,launch,0,0.0,prior,0.0,rr_sweep,12600.0,43200,109962.10703201307,0,102683.02380159752,7279.0832304155565,0,0,0.0,0,10.493072784437931,23.484266873885186,7290.744155068959,1699.176470046284,4.290751598549599,2.004815884093837,302.89648827818377,0.0,0.00804289544235925,0.06166219839142091,1.395733796517726,10.366906474820144,0.9326923076923077,572.2446694737121,278,0.27502989768981934
core,50,3000000.0,5,9,exclude,launch,0,0.0,prior,0.0,rr_sweep,12600.0,43200,125782.17867886242,0,115929.27761176488,9852.90106709754,0,0,0.0,0,10.493072784437931,25.56610405224953,7290.744155068959,1560.3145613988572,4.672611751141156,2.005456625324893,303.28290762291675,0.0,0.014492753623188406,0.07971014492753623,1.5459845843073639,12.120192307692308,0.9519230769230769,661.7117680688185,208,0.4110572338104248
core,50,3000000.0,13,7,exclude,launch,0,0.0,prior,0.0,rr_sweep,12600.0,43200,173936.80644123023,0,168742.34319367533,5194.463247554907,0,1,0.7041566060472282,1,11.563730725972865,31.732991621664205,6584.84920617487,1258.8256322593866,5.230946238643187,2.002688446940982,301.6152364886755,0.0,0.0015360983102918587,0.10522273425499232,0.7940018087336443,5.507692307692308,0.9693877551020408,303.6823972071201,975,1.1764559745788574
core,50,3000000.0,9,8,exclude,launch,0,0.0,prior,0.0,rr_sweep,12600.0,43200,82328.54374264818,0,78075.57539211708,4252.968350531097,0,0,0.0,0,11.053074046788963,24.145018889169794,6904.472155108215,1653.824181594027,4.174852582245705,2.0034250502593443,302.0585494463903,0.0,0.006033182503770739,0.06636500754147813,1.1403886985014469,7.645875251509055,1.0,431.59848501621843,497,0.7378053665161133
core,50,3000000.0,14,8,exclude,launch,0,0.0,prior,0.0,rr_sweep,12600.0,43200,269190.2967541875,0,257935.01627369667,11255.280480490797,0,1,0.819220127572165,1,11.053074046788963,29.58732162867665,6904.472155108215,1350.3071790473584,5.11326034715991,2.0024042465312224,301.44428203914845,0.0,0.0,0.08257522743177047,0.7902797667525413,5.309412861136999,0.989247311827957,288.16384384153207,1073,0.7258021831512451
core,50,3000000.0,11,8,exclude,launch,0,0.0,prior,0.0,rr_sweep,12600.0,43200,66585.97829838029,0,64110.74687650227,2475.231421878017,0,0,0.0,0,11.053074046788963,22.493833118947453,6904.472155108215,1775.5529890807761,3.8886319910298695,2.0030550279689585,301.8358167401425,0.0,0.003271537622682661,0.05779716466739367,1.0186683941119583,6.56515373352855,1.0,367.97698574837267,683,0.8644108772277832
core,50,3000000.0,7,9,exclude,launch,0,0.0,prior,0.0,rr_sweep,12600.0,43200,94708.15404606638,0,89284.77800695956,5423.376039106811,0,0,0.0,0,10.493072784437931,23.44428827935436,7290.744155068959,1702.5627779225701,4.282217519147791,2.004240342264962,302.54959950973443,0.0,0.008547008547008548,0.05982905982905983,1.2974868462315075,9.183908045977011,0.9611650485436893,521.187140081938,348,0.5726752281188965
core,50,3000000.0,12,8,exclude,launch,0,0.0,prior,0.0,rr_sweep,12600.0,43200,278377.50031602883,0,266635.8593515623,11741.640964466558,0,1,0.7921836678531902,1,11.053074046788963,31.454600074400123,6904.472155108215,1269.9496450703318,5.436807815105011,2.0027157726942786,301.63167624296517,0.0,0.0026595744680851063,0.10815602836879433,0.8377128586394911,5.898345153664303,0.989247311827957,329.26354654281675,846,0.9403176307678223
core,50,3000000.0,8,9,exclude,launch,0,0.0,prior,0.0,rr_sweep,12600.0,43200,80196.58757684122,0,77568.23201124666,2628.3555655945634,0,0,0.0,0,10.493072784437931,22.222066550119656,7290.744155068959,1796.5395915949534,4.05821513156651,2.003866341660307,302.32428957553446,0.0,0.0,0.057971014492753624,1.239164833672804,8.539759036144579,0.9900990099009901,464.0310368143976,415,0.6276788711547852
core,50,3000000.0,15,7,exclude,launch,0,0.0,prior,0.0,rr_sweep,12600.0,43200,167904.3839247654,0,162531.94004333174,5372.443881433686,0,1,0.7294553508813146,1,11.563730725972865,31.02050357749987,6584.84920617487,1287.9036090209497,5.112843197310862,2.002432028233347,301.4609913684066,0.0,0.0006191950464396285,0.09226006191950464,0.7399977318567171,4.922506183017313,0.979381443298969,274.9837620330747,1213,1.3690669536590576
core,50,3000000.0,9,9,exclude,launch,0,0.0,prior,0.0,rr_sweep,12600.0,43200,74949.67913870166,0,71778.84579744223,3170.8333412594266,0,0,0.0,0,10.493072784437931,23.05734732271428,7290.744155068959,1731.6946160724913,4.210178912263684,2.003592229505665,302.15920893724535,0.0,0.01608187134502924,0.059941520467836254,1.1171515874290756,7.522417153996101,0.9705882352941176,429.2286200263227,513,0.6966912746429443
core,50,3000000.0,12,9,exclude,launch,0,0.0,prior,0.0,rr_sweep,12600.0,43200,283077.3496814842,0,267557.1087515224,15520.2409299618,0,1,0.8118313944730601,1,10.493072784437931,27.714159233613376,7290.744155068959,1441.2546908716874,5.058609141913309,2.00284594399368,301.70999621537254,0.0,0.0017905102954341987,0.09310653536257833,0.8645887997691631,5.844418052256532,0.9801980198019802,331.65571159661357,842,0.6001782417297363
core,50,3000000.0,6,10,exclude,launch,0,0.0,prior,0.0,rr_sweep,12600.0,43200,114965.43839601893,0,105921.8196974039,9043.618698615024,0,0,0.0,0,11.506885521004397,25.49201588455778,6619.025743670595,1565.4424352644164,4.228214078374965,2.0046968329712875,302.8247178547607,0.0,0.013812154696132596,0.052486187845303865,1.4487926699195988,10.877777777777778,0.956989247311828,569.0379225717832,270,0.28353404998779297
core,50,3000000.0,16,7,exclude,launch,0,0.0,prior,0.0,rr_sweep,12600.0,43200,164060.9848727459,0,159162.42084079518,4898.56403195073,0,1,0.7465440451021973,1,11.563730725972865,29.47971106112913,6584.84920617487,1355.2877715402158,4.858635445881374,2.002328111416043,301.39849288045525,0.0,0.0,0.07170435741864313,0.7225820624281654,4.678228782287823,0.9690721649484536,258.1214426619029,1355,1.4650883674621582
core,50,3000000.0,5,10,exclude,launch,0,0.0,prior,0.0,rr_sweep,12600.0,43200,140548.75800203587,0,128760.81007470687,11787.947927329009,0,0,0.0,0,11.506885521004397,26.994027541337253,6619.025743670595,1477.8330597425015,4.478872427460716,2.005381123586049,303.23736109894395,0.0,0.014598540145985401,0.040145985401459854,1.6031980250423115,12.123152709359607,0.9247311827956989,659.3468117390819,203,0.40064239501953125
core,50,3000000.0,13,8,exclude,launch,0,0.0,prior,0.0,rr_sweep,12600.0,43200,273736.4085650323,0,262119.4124562433,11616.996108788959,0,1,0.805614826336719,1,11.053074046788963,30.30523424124726,6904.472155108215,1318.222003555434,5.237715753860778,2.002551922017878,301.5331069025223,0.0,0.0007680491551459293,0.08525345622119816,0.7997870795617018,5.498979591836735,0.989247311827957,304.29778439219876,980,1.1788501739501953
core,50,3000000.0,10,9,exclude,launch,0,0.0,prior,0.0,rr_sweep,12600.0,43200,67791.10634124067,0,65852.5999939038,1938.5063473368637,0,0,0.0,0,10.493072784437931,22.38529408173154,7290.744155068959,1783.7738363798965,4.087258152561121,2.0034909877469715,302.0982487468179,0.0,0.004975124378109453,0.08582089552238806,1.0249666149536476,6.755336617405583,1.0,399.9812905619423,609,0.8222000598907471
core,50,3000000.0,17,7,exclude,launch,0,0.0,prior,0.0,rr_sweep,12600.0,43200,161871.36951456597,0,156791.40365451213,5079.965860053849,0,1,0.7566424603538595,1,11.563730725972865,29.71484192846313,6584.84920617487,1344.5999034280921,4.89725545077508,2.0022739030117833,301.3658929975421,0.0,0.0,0.07565130260521043,0.6859709123545306,4.430851063829787,0.979381443298969,245.67510961216345,1504,1.55057954788208
core,50,3000000.0,14,9,exclude,launch,0,0.0,prior,0.0,rr_sweep,12600.0,43200,275052.2419948886,0,260817.8910424985,14234.350952390108,0,1,0.8355179287719768,1,10.493072784437931,27.307320926131204,7290.744155068959,1462.9120991254908,4.983719910052879,2.0025928482016986,301.55772577955827,0.0,0.0,0.08695652173913043,0.8003649469832369,5.276091081593928,0.9801980198019802,295.2525940632771,1054,0.6951854228973389
core,50,3000000.0,15,8,exclude,launch,0,0.0,prior,0.0,rr_sweep,12600.0,43200,266641.1405266535,0,255329.77024255096,11311.370284102562,0,1,0.8270520776073185,1,11.053074046788963,29.15852391273086,6904.472155108215,1370.2231100836243,5.0389400852295045,2.0023185185945382,301.39272381526484,0.0,0.0,0.07935523868567886,0.7564911654326341,4.9525,0.989247311827957,276.60908390732027,1200,1.3029799461364746
core,50,3000000.0,7,10,exclude,launch,0,0.0,prior,0.0,rr_sweep,12600.0,43200,100675.48256554628,0,95364.66781802477,5310.814747521508,0,0,0.0,0,11.506885521004397,26.595859551967667,6619.025743670595,1500.7712949274492,4.410416008117062,2.0042940707940065,302.5819741895991,0.0,0.012474012474012475,0.079002079002079,1.2250757126430631,8.74931129476584,0.946236559139785,524.1171884042798,363,0.5451846122741699
core,50,3000000.0,11,9,exclude,launch,0,0.0,prior,0.0,rr_sweep,12600.0,43200,286741.02657425095,0,271384.5638798858,15356.462694365113,0,1,0.801458662128872,1,10.493072784437931,27.848394420646073,7290.744155068959,1434.2210368305332,5.083417386751405,2.0029667382473884,301.7826834091814,0.0,0.004004004004004004,0.08208208208208208,0.9119025085559629,6.29088471849866,0.9702970297029703,349.25368317904383,746,0.9758410453796387
core,50,3000000.0,18,7,exclude,launch,0,0.0,prior,0.0,rr_sweep,12600.0,43200,159592.7740311418,0,154733.97102867527,4858.803002466539,0,1,0.7674454688434126,1,11.563730725972865,29.99251740545802,6584.84920617487,1332.2060344488673,4.942815927792294,2.0021917654954615,301.3165004480731,0.0,0.0,0.06064630367419212,0.6513723008343384,4.158298877731837,0.9896907216494846,232.1658231356653,1693,1.6931357383728027
core,50,3000000.0,5,11,exclude,launch,0,0.0,prior,0.0,rr_sweep,12600.0,43200,148658.75001570818,0,138876.54214845508,9782.207867253128,0,0,0.0,0,9.5786309571142,27.596231209446294,8018.59089865545,1445.8798047043492,5.545821217341835,2.0049706534866703,302.98980431082754,0.0,0.011111111111111112,0.05185185185185185,1.6146207169806903,11.77832512315271,0.9693877551020408,699.5024150959865,203,0.21814799308776855
core,50,3000000.0,4,11,exclude,launch,0,0.0,prior,0.0,rr_sweep,12600.0,43200,184724.5143010982,0,171450.02988085506,13274.48442024317,0,0,0.0,0,9.5786309571142,23.832384753388705,8018.59089865545,1673.3019030024545,4.792076602714344,2.0060796872418836,303.65890112421783,0.0,0.03389830508474576,0.04519774011299435,1.9980720200467021,14.81060606060606,0.9690721649484536,836.8659646511168,132,0.29215526580810547
core,50,3000000.0,16,8,exclude,launch,0,0.0,prior,0.0,rr_sweep,12600.0,43200,263521.1391182619,0,252522.46454696122,10998.674571300699,0,1,0.8368440952632209,1,11.053074046788963,29.112749978735007,6904.472155108215,1372.4082302647062,5.030917188376596,2.0022736980935325,301.3657697670256,0.0,0.0,0.08496366685299049,0.7129069653387934,4.682187730968219,0.989247311827957,258.84273448953303,1353,1.4114959239959717
core,50,3000000.0,8,10,exclude,launch,0,0.0,prior,0.0,rr_sweep,12600.0,43200,88540.1000348889,0,84728.21453948953,3811.8854953993655,0,0,0.0,0,11.506885521004397,26.15148078519651,6619.025743670595,1526.6576219361327,4.335632068751758,2.003789292510395,302.2778831275556,0.0,0.006837606837606838,0.05299145299145299,1.1730143946935212,8.272935779816514,0.967741935483871,459.89570250423645,436,0.6806905269622803
core,50,3000000.0,13,9,exclude,launch,0,0.0,prior,0.0,rr_sweep,12600.0,43200,278459.33282995,0,264209.79791126534,14249.534918684645,0,1,0.8252949441489877,1,10.493072784437931,27.960309912353278,7290.744155068959,1428.632395026239,5.10330311733905,2.0027535600461452,301.6544106555654,0.0,0.002354788069073783,0.09340659340659341,0.810925265154042,5.464025026068822,0.9801980198019802,312.4192766058197,959,1.0978515148162842
core,50,3000000.0,9,10,exclude,launch,0,0.0,prior,0.0,rr_sweep,12600.0,43200,78284.60715703976,0,75861.18484698975,2423.4223100500058,0,0,0.0,0,11.506885521004397,25.78869891428674,6619.025743670595,1548.3710838262919,4.27483166846144,2.003482268138175,302.092998740321,0.0,0.00723589001447178,0.06222865412445731,1.0879507649199804,7.433712121212121,0.978021978021978,418.1896107739198,528,0.7527124881744385
core,50,3000000.0,13,10,exclude,launch,0,0.0,prior,0.0,rr_sweep,12600.0,43200,258570.65114760355,0,256520.88203048636,2049.7691171171896,0,1,0.7958419448770025,1,11.506885521004397,33.755191248976516,6619.025743670595,1183.394558325862,5.593253490226011,2.002718207347056,301.6331410035882,0.0,0.002967359050445104,0.10459940652818991,0.7540872986350826,5.433663366336634,0.978021978021978,298.9547415392442,1010,0.6782243251800537
core,50,3000000.0,14,10,exclude,launch,0,0.0,prior,0.0,rr_sweep,12600.0,43200,254051.1475111452,0,252970.5481104338,1080.5994007113827,0,1,0.8099997654542895,1,11.506885521004397,32.02992830270186,6619.025743670595,1247.1997380249966,5.30710963277795,2.0026175118020335,301.57256249163015,0.0,0.0,0.10633946830265849,0.7387233209569446,5.2328519855595665,0.978021978021978,281.0086424385686,1108,0.7272448539733887
core,50,3000000.0,10,10,exclude,launch,0,0.0,prior,0.0,rr_sweep,12600.0,43200,77575.17995638534,0,73288.76159693874,4286.418359446603,0,0,0.0,0,11.506885521004397,25.277115124940376,6619.025743670595,1579.8163438834376,4.189743807435228,2.0033456071671725,302.0107222264986,0.0,0.006127450980392157,0.06372549019607843,1.0155973700070962,6.623987034035657,0.978021978021978,401.22762615137975,617,0.8567636013031006
core,50,3000000.0,6,11,exclude,launch,0,0.0,prior,0.0,rr_sweep,12600.0,43200,130002.80941497102,0,123033.76694736953,6969.0424676014945,0,0,0.0,0,9.5786309571142,24.26780111430269,8018.59089865545,1644.7065453805224,4.875393073115212,2.004338825593611,302.60894297842606,0.0,0.017191977077363897,0.054441260744985676,1.5063810098793036,10.257692307692308,0.9693877551020408,623.1439978038305,260,0.43459606170654297
core,50,3000000.0,17,8,exclude,launch,0,0.0,prior,0.0,rr_sweep,12600.0,43200,260829.11232134345,0,250103.8774655272,10725.234855816236,0,1,0.8454811937421475,1,11.053074046788963,27.587752957761317,6904.472155108215,1448.3627770680707,4.767087544934687,2.0021485813753923,301.29053374581355,0.0,0.0,0.061647296614451744,0.7102059135285281,4.445564516129032,0.989247311827957,247.23884677482587,1488,1.6229801177978516
core,50,3000000.0,7,11,exclude,launch,0,0.0,prior,0.0,rr_sweep,12600.0,43200,106963.43169460086,0,102498.8999617623,4464.531732838549,0,0,0.0,0,9.5786309571142,23.961448769136034,8018.59089865545,1666.0561022001489,4.812917697108947,2.003951896374468,302.3758230701671,0.0,0.009153318077803204,0.06407322654462243,1.3705708585313554,9.5,0.9795918367346939,532.7147617147428,326,0.5231332778930664
core,50,3000000.0,11,10,exclude,launch,0,0.0,prior,0.0,rr_sweep,12600.0,43200,66235.598596238,0,63990.526135803775,2245.07246043421,0,0,0.0,0,11.506885521004397,24.949452850110735,6619.025743670595,1600.7511645727122,4.134949822408787,2.0031115480828046,301.8698333691241,0.0,0.0030737704918032786,0.05737704918032787,0.9615008835541118,6.314917127071824,0.989010989010989,360.2975174704787,724,0.9828009605407715
core,50,3000000.0,5,12,exclude,launch,0,0.0,prior,0.0,rr_sweep,12600.0,43200,154143.44345345296,0,141965.4757424016,12177.967711051364,0,0,0.0,0,10.941421182811737,29.189838028010065,6978.331089719389,1366.573838890235,5.106442763009674,2.0055116971318916,303.31613192071705,0.0,0.01818181818181818,0.08,1.565579869746984,12.436893203883495,0.9134615384615384,651.8503286964896,206,0.23407196998596191
core,50,3000000.0,10,11,exclude,launch,0,0.0,prior,0.0,rr_sweep,12600.0,43200,359602.02469051303,0,316890.17227080546,42711.852419707546,0,1,0.8058215826616164,1,9.5786309571142,31.528554691172083,8018.59089865545,1266.7731918242202,6.329934159017255,2.0030281850337244,301.81966199161417,0.0,0.005733944954128441,0.10435779816513761,0.9197954350913246,6.746543778801843,0.9587628865979382,375.2908399355202,651,0.5011434555053711
core,50,3000000.0,12,10,exclude,launch,0,0.0,prior,0.0,rr_sweep,12600.0,43200,61159.3462609818,0,58848.52436840031,2310.821892581495,0,0,0.0,1,11.506885521004397,22.231354554849442,6619.025743670595,1796.3440653855534,3.684720467094893,2.003247172514599,301.9514667475612,0.0,0.0027223230490018148,0.06352087114337568,0.9103914264188111,5.9878197320341044,0.9782608695652174,335.28460895886667,821,0.9813296794891357
core,50,3000000.0,6,12,exclude,launch,0,0.0,prior,0.0,rr_sweep,12600.0,43200,127239.96765122074,0,120022.57860640244,7217.389044818283,0,0,0.0,0,10.941421182811737,28.200602800564592,6978.331089719389,1415.0309396317944,4.931574917743652,2.0047750996800646,302.87190028112514,0.0,0.010723860589812333,0.06166219839142091,1.3787705264449948,10.510714285714286,0.9615384615384616,564.6262094619618,280,0.2845921516418457
core,50,3000000.0,8,11,exclude,launch,0,0.0,prior,0.0,rr_sweep,12600.0,43200,96680.65832244736,0,91160.26251039183,5520.395812055533,0,0,0.0,0,9.5786309571142,23.57525955400436,8018.59089865545,1693.66965785267,4.734447984869654,2.003571276510301,302.1465921109544,0.0,0.0071174377224199285,0.05516014234875445,1.2306572048395126,8.254761904761905,0.9795918367346939,477.4015506439378,420,0.6653962135314941
core,50,3000000.0,15,9,exclude,launch,0,0.0,prior,0.0,rr_sweep,12600.0,43200,271869.6563400579,0,257885.17888853705,13984.47745152082,0,1,0.8452987458379985,1,10.493072784437931,27.556896119423875,7290.744155068959,1449.7356926164825,5.029016111144112,2.0024923078310035,301.4972481780994,0.0,0.0012618296529968455,0.08643533123028391,0.7559888887591618,4.957393483709273,0.9801980198019802,275.6831065822769,1197,1.3996989727020264
core,50,3000000.0,9,11,exclude,launch,0,0.0,prior,0.0,rr_sweep,12600.0,43200,85529.7055611545,0,82342.71488345567,3186.9906776988246,0,0,0.0,0,9.5786309571142,23.535757009443273,8018.59089865545,1696.6475585914825,4.7261382353989285,2.003411576031994,302.05043727450305,0.0,0.007204610951008645,0.06051873198847262,1.0911635050027026,7.267686424474188,0.979381443298969,433.8612096203241,523,0.7629203796386719
core,50,3000000.0,16,9,exclude,launch,0,0.0,prior,0.0,rr_sweep,12600.0,43200,269106.1498750449,0,255298.41701821095,13807.732856833925,0,1,0.8539792927154068,1,10.493072784437931,26.509340333863573,7290.744155068959,1507.1023838640142,4.837590486969067,2.0023883481100895,301.4347201280621,0.0,0.0,0.07723112128146453,0.7445333946047727,4.740121580547113,0.9900990099009901,262.49312499572704,1316,1.506209373474121
core,50,3000000.0,7,12,exclude,launch,0,0.0,prior,0.0,rr_sweep,12600.0,43200,114213.13146764153,0,108196.76898304408,6016.362484597447,0,0,0.0,0,10.941421182811737,27.187265028642106,6978.331089719389,1468.0900352296374,4.753340001131364,2.0043417613437544,302.61071207372265,0.0,0.012526096033402923,0.06680584551148225,1.2439729091935003,9.159217877094973,0.9326923076923077,504.99832678464526,358,0.5664334297180176
core,50,3000000.0,15,10,exclude,launch,0,0.0,prior,0.0,rr_sweep,12600.0,43200,251325.36053570113,0,249558.27449699285,1767.0860387082853,0,1,0.8187847396649364,1,11.506885521004397,31.053328181709585,6619.025743670595,1286.5263262778108,5.144881693032135,2.0024568030221483,301.47589257761587,0.0,0.0,0.08443908323281062,0.7206513253386915,4.927942353883107,0.978021978021978,267.02063014758454,1249,1.3556814193725586
core,50,3000000.0,8,12,exclude,launch,0,0.0,prior,0.0,rr_sweep,12600.0,43200,101808.6087189429,0,95955.67963144553,5852.929087497362,0,0,0.0,0,10.941421182811737,28.238731757551463,6978.331089719389,1413.8198671785894,4.935799285127676,2.003783143438782,302.27417971555286,0.0,0.01020408163265306,0.061224489795918366,1.1768889865145484,8.405963302752294,0.9423076923076923,444.2123481902061,436,0.6449453830718994
core,50,3000000.0,11,11,exclude,launch,0,0.0,prior,0.0,rr_sweep,12600.0,43200,353744.92863405525,0,311157.48333645717,42587.44529759815,0,1,0.8191638924220439,1,9.5786309571142,31.199401139561402,8018.59089865545,1280.2679269905989,6.263213136568976,2.00282435184245,301.6970041944689,0.0,0.005928853754940711,0.0958498023715415,0.8754268919909928,6.301460823373174,0.9690721649484536,347.82940866546005,753,0.9555394649505615
core,50,3000000.0,9,12,exclude,launch,0,0.0,prior,0.0,rr_sweep,12600.0,43200,90799.52524318005,0,87445.30023926139,3354.225003918664,0,0,0.0,0,10.941421182811737,25.56206551409638,6978.331089719389,1562.0008670868458,4.467559037104811,2.003608072494603,302.16874895289976,0.0,0.0029069767441860465,0.07703488372093023,1.113482156671729,7.609037328094303,0.9509803921568627,424.63715572697095,509,0.6459245681762695
core,50,3000000.0,16,10,exclude,launch,0,0.0,prior,0.0,rr_sweep,12600.0,43200,247749.4613031267,0,246805.8580738659,943.6032292607978,0,1,0.8306026936044179,1,11.506885521004397,31.05707633807248,6619.025743670595,1286.443090042392,5.145214580345314,2.0023446829487215,301.40845903067185,0.0,0.0,0.08507135016465422,0.6989997321234539,4.711159737417943,0.989010989010989,253.98915816921502,1371,1.4427025318145752
core,50,3000000.0,12,11,exclude,launch,0,0.0,prior,0.0,rr_sweep,12600.0,43200,348112.68584289524,0,305912.4585507779,42200.227292117306,0,1,0.832417445410785,1,9.5786309571142,30.42469518604367,8018.59089865545,1313.0127137451248,6.10701695018924,2.0026028033353303,301.56371437675904,0.0,0.0008718395815170009,0.08892763731473409,0.8483997517511872,5.941995359628771,0.96875,320.6009146689577,862,1.0355415344238281
core,50,3000000.0,12,12,exclude,launch,0,0.0,prior,0.0,rr_sweep,12600.0,43200,339496.42371502455,0,322627.22614440054,16869.197570623997,0,1,0.8142537584794584,1,10.941421182811737,34.11346218246427,6978.331089719389,1170.8813648818789,5.959895937385064,2.002863235145349,301.72040052185855,0.0,0.0008517887563884157,0.10988074957410562,0.8083147065213487,5.962285714285715,0.9223300970873787,314.139458679082,875,0.6364212036132812
core,50,3000000.0,11,12,exclude,launch,0,0.0,prior,0.0,rr_sweep,12600.0,43200,73968.88244195211,0,71157.20795800413,2811.674483947979,0,0,0.0,1,10.941421182811737,24.15043796081294,6978.331089719389,1653.5886420318977,4.220113099679102,2.003260812189394,301.95967718247687,0.0,0.006198347107438017,0.060950413223140494,0.9558485573425056,6.347945205479452,0.9514563106796117,354.6200705520326,730,0.7549481391906738
core,50,3000000.0,13,12,exclude,launch,0,0.0,prior,0.0,rr_sweep,12600.0,43200,335770.01168293844,0,319236.5361086117,16533.475574326723,0,1,0.8232904350651971,1,10.941421182811737,33.46476846975635,6978.331089719389,1193.6881187094168,5.846025423511939,2.0026787571854574,301.6094070332921,0.0,0.001516300227445034,0.1068991660348749,0.7853001320566967,5.607723577235772,0.9514563106796117,297.39383986055975,984,0.6944215297698975
core,50,3000000.0,10,12,exclude,launch,0,0.0,prior,0.0,rr_sweep,12600.0,43200,82522.35990577385,0,78194.66881199961,4327.691093774241,0,0,0.0,0,10.941421182811737,25.760906406407734,6978.331089719389,1550.104181077613,4.501846504838237,2.003401338284071,302.0442737010793,0.0,0.0012077294685990338,0.06884057971014493,1.0127018121060272,6.876006441223833,0.9519230769230769,384.9200715465482,621,0.7924480438232422
core,50,3000000.0,13,11,exclude,launch,0,0.0,prior,0.0,rr_sweep,12600.0,43200,344034.20433796867,0,302249.3807840871,41784.82355388153,0,1,0.8422856477949661,1,9.5786309571142,30.611036060763205,8018.59089865545,1305.0652360249678,6.14420695403616,2.0025332545497987,301.5218779434633,0.0,0.003098373353989156,0.09992254066615028,0.7996577076606457,5.54045643153527,0.9587628865979382,308.1846852686569,964,1.1460621356964111
core,50,3000000.0,18,10,exclude,launch,0,0.0,prior,0.0,rr_sweep,12600.0,43200,243943.08798490016,0,242908.92387196477,1034.16411293539,0,1,0.8435630277425997,1,11.506885521004397,31.052810889220574,6619.025743670595,1286.68655274755,5.144241019334923,2.0022407979694177,301.34598513431257,0.0,0.0,0.08548168249660787,0.6421365972649262,4.241233373639662,0.989010989010989,233.18590996788024,1654,1.5412237644195557
core,50,3000000.0,17,10,exclude,launch,0,0.0,prior,0.0,rr_sweep,12600.0,43200,245813.67155242641,0,244603.4138008726,1210.2577515538069,0,1,0.8371437137642347,1,11.506885521004397,30.506229459382396,6619.025743670595,1309.728773194308,5.0537377502422896,2.0022582226780403,301.35646347772325,0.0,0.0,0.07409224730127575,0.6777043636053278,4.462450592885376,0.989010989010989,241.4862521802831,1518,1.5817286968231201
core,50,3000000.0,14,11,exclude,launch,0,0.0,prior,0.0,rr_sweep,12600.0,43200,340248.85082804,0,298660.8264086789,41588.02441936105,0,1,0.8516562861541682,1,9.5786309571142,29.22569044927603,8018.59089865545,1367.0418938575785,5.865651180614692,2.002365633752099,301.42105911817407,0.0,0.0027567195037904893,0.07512060647829083,0.7868224330617005,5.229779411764706,0.96875,288.0266253052255,1088,1.1780660152435303
core,50,3000000.0,15,11,exclude,launch,0,0.0,prior,0.0,rr_sweep,12600.0,43200,336110.2444059126,0,294724.2013397013,41386.043066211285,0,1,0.8621429352045455,1,9.5786309571142,28.990706856642305,8018.59089865545,1378.1875884633303,5.8182144185437945,2.00227095716842,301.3641214749902,0.0,0.0,0.0703269586674892,0.7588448760442402,5.03910149750416,0.96875,270.04960876388554,1202,1.142052173614502
core,50,3000000.0,15,12,exclude,launch,0,0.0,prior,0.0,rr_sweep,12600.0,43200,327313.955888396,0,311529.0785406424,15784.877347753634,0,1,0.8445598912823302,1,10.941421182811737,31.154243234895745,6978.331089719389,1282.3683252733622,5.441752538789368,2.002442242522381,301.4671348779901,0.0,0.0,0.0841404358353511,0.7287274419848258,4.955964771817454,0.9607843137254902,263.0717436085055,1249,0.7964370250701904
core,50,3000000.0,14,12,exclude,launch,0,0.0,prior,0.0,rr_sweep,12600.0,43200,332437.19687431917,0,316062.283325805,16374.913548514232,0,1,0.831544248355587,1,10.941421182811737,31.98566716640628,6978.331089719389,1248.9351515106066,5.587424680359896,2.002602177833238,301.5633380987855,0.0,0.0019933554817275745,0.09235880398671097,0.7443864389153378,5.134701159678858,0.9705882352941176,285.139413540857,1121,0.9715859889984131
core,50,3000000.0,16,12,exclude,launch,0,0.0,prior,0.0,rr_sweep,12600.0,43200,324289.31785984087,0,308806.1704446203,15483.147415220548,0,1,0.8524370794099677,1,10.941421182811737,32.420455517647156,6978.331089719389,1232.349265055183,5.662624458502767,2.002336499934483,301.4035377302727,0.0,0.0,0.085199344620426,0.6931877539468257,4.7139753801593045,0.9607843137254902,251.33667537119385,1381,0.9888622760772705
core,50,3000000.0,17,12,exclude,launch,0,0.0,prior,0.0,rr_sweep,12600.0,43200,322132.1552977171,0,306384.5208780019,15747.634419715268,0,1,0.8581454364430319,1,10.941421182811737,31.190014936943058,6978.331089719389,1280.9542158073748,5.447759961757106,2.0023537104919003,301.41388828106403,0.0,0.0,0.09108910891089109,0.6600746124565219,4.4351547070441075,0.9607843137254902,243.4014110670244,1519,1.4268956184387207
