layout,M,Emax,K,seed,coord,replan,divert,q,belief,tau,planner,L,Th,J,n_diverts,J_age,J_event,n_replans,n_never,share_never,n_reach_inf,K_reach_i,K_commute_i,r_max,r_c,rmax_over_rc,regime_bnd,P_bar,dup_frac,trunc_frac,empty_frac,T_s_over_t_c,mean_n,catch_rate,T_rev,n_sorties,secs
paper,200,1500000.0,2,1,exclude,launch,0,0.0,prior,0.0,rr_tour,12600.0,43200,6521805.7774746325,0,3533454.862605845,2988350.9148687874,0,0,0.0,0,4.743723496829792,4.0920802447121405,8098.861339634391,4757.089811271756,1.7024823286801156,2.0548233824747415,333.7957104646366,0.0,0.041666666666666664,0.0,3.766733680173281,29.22222222222222,0.3950819672131147,6324.2499631104065,36,0.38103771209716797
paper,200,1500000.0,3,1,exclude,launch,0,0.0,prior,0.0,rr_tour,12600.0,43200,3827659.6114710155,0,2131606.405496705,1696053.2059743106,0,0,0.0,0,4.743723496829792,5.681163359099745,8098.861339634391,3453.6904724121746,2.344987602197562,2.03863418024881,323.62828811433536,0.0,0.02857142857142857,0.0,2.558263595681519,22.32051282051282,0.5963455149501661,3693.301870868568,78,0.3760378360748291
paper,200,1500000.0,4,1,exclude,launch,0,0.0,prior,0.0,rr_tour,12600.0,43200,3458093.5043381024,0,1994952.8139540213,1463140.690384081,0,0,0.0,0,4.743723496829792,4.542190244749676,8098.861339634391,4319.350516469122,1.875018317859244,2.0388074999487062,323.73630658490436,0.0,0.0106951871657754,0.0,1.9254241305830957,13.316546762589928,0.6259583789704272,3541.3218878651974,139,0.38353800773620605
paper,200,1500000.0,5,2,exclude,launch,0,0.0,prior,0.0,rr_tour,12600.0,43200,4922358.733483374,0,2643255.491479699,2279103.2420036756,0,2,0.03587453369646761,4,4.655934945568595,3.8585209613438947,8257.851996279362,5053.494339070766,1.6340875129579766,2.0513857950861927,331.62362703270765,0.0,0.0,0.0,1.527497820393349,6.566210045662101,0.5263157894736842,4500.337292439142,219,0.3140265941619873
paper,200,1500000.0,3,2,exclude,launch,0,0.0,prior,0.0,rr_tour,12600.0,43200,4168308.560166625,0,2313382.2700162204,1854926.2901504047,0,0,0.0,0,4.655934945568595,4.699399649209659,8257.851996279362,4168.594251450808,1.9809680429812417,2.0418695183521787,325.64762798142027,0.0,0.009259259259259259,0.0,2.5269483227238223,20.098765432098766,0.5637044967880086,4084.4388781686603,81,0.3485262393951416
paper,200,1500000.0,6,1,exclude,launch,0,0.0,prior,0.0,rr_tour,12600.0,43200,5381273.611760605,0,3750679.211440085,1630594.4003205204,0,11,0.382764438316867,14,4.743723496829792,4.34881402650578,8098.861339634391,4491.736518178913,1.80305797253618,2.047740324391645,329.3279362068931,0.0,0.0,0.0,1.2877660620701687,5.726114649681529,0.6132075471698113,3652.905332959359,314,0.3840363025665283
paper,200,1500000.0,2,3,exclude,launch,0,0.0,prior,0.0,rr_tour,12600.0,43200,5471590.632459639,0,2995520.646760808,2476069.985698831,0,0,0.0,0,4.894312501170178,4.980868744406075,7839.418200296043,3915.450423280541,2.0021753190091025,2.0510354396622947,331.4026486278339,0.0,0.0625,0.0,3.7679205170863734,31.916666666666668,0.4212788823213326,5719.286425836686,36,0.32703185081481934
paper,200,1500000.0,2,2,exclude,launch,0,0.0,prior,0.0,rr_tour,12600.0,43200,5804088.44550352,0,3113421.4191758013,2690667.026327719,0,0,0.0,0,4.655934945568595,6.121069992543369,8257.851996279362,3188.1909358050057,2.5901372165448073,2.0496906643389057,330.55514724007605,0.0,0.08333333333333333,0.0,3.7235703271499645,33.111111111111114,0.4356328082563824,5438.533399389162,36,0.4025382995605469
paper,200,1500000.0,6,3,exclude,launch,0,0.0,prior,0.0,rr_tour,12600.0,43200,5219664.029457837,0,3382836.3329654867,1836827.6964923504,0,9,0.2961247657514965,12,4.894312501170178,4.206889913907887,7839.418200296043,4631.873217745275,1.6924941231686286,2.0527789248065007,332.5030393550193,0.0,0.0,0.0,1.2871076741297063,5.134185303514377,0.5651465798045603,4080.1874148793045,313,0.3265361785888672
paper,200,1500000.0,4,2,exclude,launch,0,0.0,prior,0.0,rr_tour,12600.0,43200,3947065.5881701983,0,2216812.2511073085,1730253.3370628897,0,0,0.0,0,4.655934945568595,4.18730940497977,8257.851996279362,4677.433369239704,1.7654665164416097,2.0422896156929156,325.9102928943856,0.0,0.005319148936170213,0.0,1.9124463254227273,11.878571428571428,0.5752833243389098,3929.707686405431,140,0.40903759002685547
paper,200,1500000.0,5,3,exclude,launch,0,0.0,prior,0.0,rr_tour,12600.0,43200,4020421.748782139,0,2166581.459063536,1853840.2897186023,0,0,0.0,1,4.894312501170178,3.9564632962820787,7839.418200296043,4932.428804975133,1.5893626670067194,2.0497081352311692,330.56615075114973,0.0,0.0,0.0,1.5199202657382607,7.072727272727272,0.5493421052631579,4213.8207146417935,220,0.3760385513305664
paper,200,1500000.0,7,1,exclude,launch,0,0.0,prior,0.0,rr_tour,12600.0,43200,6920569.354267053,0,5471384.090046092,1449185.2642209618,0,24,0.6266175282675287,30,4.743723496829792,4.673660616989294,8098.861339634391,4177.708322442239,1.9385894644985395,2.048635544475678,329.8909515413404,0.0,0.0,0.0,1.1094718944268278,4.489411764705882,0.6262349066959385,3442.4578843917075,425,0.4825441837310791
paper,200,1500000.0,4,3,exclude,launch,0,0.0,prior,0.0,rr_tour,12600.0,43200,3233705.6801141137,0,1848427.940385635,1385277.7397284785,0,0,0.0,0,4.894312501170178,4.353685380212685,7839.418200296043,4505.124691769994,1.7401112592104653,2.0393705058004405,324.0873144983591,0.0,0.0,0.0,1.9286364364937634,13.093525179856115,0.6051919956733369,3598.8483957470903,139,0.4480462074279785
paper,200,1500000.0,2,5,exclude,launch,0,0.0,prior,0.0,rr_tour,12600.0,43200,6050286.932022616,0,3319006.413583751,2731280.518438866,0,0,0.0,0,4.8316606529618955,4.005007720109102,7945.393769630588,4860.252413268097,1.6347697802567422,2.054933675080906,333.86551764591184,0.0,0.041666666666666664,0.0,3.783521613143403,28.305555555555557,0.3884073672806067,6546.456726512943,36,0.13951444625854492
paper,200,1500000.0,5,1,exclude,launch,0,0.0,prior,0.0,rr_tour,12600.0,43200,4068484.3437792743,0,2267850.602563147,1800633.7412161273,0,1,0.02360722606350834,1,4.743723496829792,4.116304818078706,8098.861339634391,4744.761172808407,1.7069060053112652,2.04803845449285,329.5153806287285,0.0,0.003367003367003367,0.0,1.5103140733063258,7.696428571428571,0.5805570726379028,3835.481850814387,224,0.5365593433380127
paper,200,1500000.0,6,2,exclude,launch,0,0.0,prior,0.0,rr_tour,12600.0,43200,5748998.493407556,0,3835152.3650901024,1913846.1283174541,0,11,0.34938151580133103,15,4.655934945568595,4.165311073257412,8257.851996279362,4678.739228292322,1.7649737660829985,2.0525025728327355,332.3284997458583,0.0,0.0,0.0,1.2956882265331575,5.322683706070287,0.5829718004338394,3944.1920438026427,313,0.49654626846313477
paper,200,1500000.0,8,1,exclude,launch,0,0.0,prior,0.0,rr_tour,12600.0,43200,9882337.99272517,0,8430083.046758378,1452254.9459667914,0,46,0.8365490513569008,54,4.743723496829792,5.229834990977088,8098.861339634391,3747.668517728958,2.1610399375829012,2.04084881886361,325.0098791189314,0.0,0.0,0.0013531799729364006,0.9685430522483183,4.052252252252252,0.625414364640884,2917.5199006268663,555,0.5391566753387451
paper,200,1500000.0,7,3,exclude,launch,0,0.0,prior,0.0,rr_tour,12600.0,43200,7247626.132234805,0,6056069.940454819,1191556.191779986,0,32,0.7441137634378683,36,4.894312501170178,4.782472893449974,7839.418200296043,4098.512673004746,1.9127470928493493,2.0407095264029413,324.9228955037504,0.0,0.0,0.0017793594306049821,1.117176784707073,5.0829383886255926,0.6366105377512221,3058.1227019484863,422,0.42314648628234863
paper,200,1500000.0,3,4,exclude,launch,0,0.0,prior,0.0,rr_tour,12600.0,43200,3892744.2753792973,0,2196109.9186018812,1696634.3567774156,0,0,0.0,0,4.882927992066068,4.351510779345307,7858.472907715733,4497.168303690241,1.7474269088989411,2.0439995064007963,326.9804908095319,0.0,0.009345794392523364,0.0,2.546035102574915,19.8875,0.5476694915254238,4180.612816652482,80,0.2526419162750244
paper,200,1500000.0,3,3,exclude,launch,0,0.0,prior,0.0,rr_tour,12600.0,43200,3954565.0997043056,0,2194448.059673697,1760117.0400306084,0,0,0.0,0,4.894312501170178,4.431311965682235,7839.418200296043,4420.048739823805,1.773604469485679,2.0422109826604093,325.86111971339284,0.0,0.009523809523809525,0.0,2.5667972632839673,19.807692307692307,0.5392156862745098,4217.827928258205,78,0.5451672077178955
paper,200,1500000.0,3,5,exclude,launch,0,0.0,prior,0.0,rr_tour,12600.0,43200,4088458.5670678853,0,2254091.95279385,1834366.6142740352,0,0,0.0,0,4.8316606529618955,4.341744545599481,7945.393769630588,4508.170816704327,1.7624429270049318,2.0435974902543252,326.7287164995377,0.0,0.03773584905660377,0.0,2.5593447232261712,19.379746835443036,0.5331882480957563,4348.161591597782,79,0.24413776397705078
paper,200,1500000.0,5,4,exclude,launch,0,0.0,prior,0.0,rr_tour,12600.0,43200,4609022.56316158,0,2498761.0388190383,2110261.5243425416,0,0,0.0,3,4.882927992066068,3.771639892326929,7858.472907715733,5158.650205582835,1.523358358202127,2.0558607266090707,334.45256219863035,0.0,0.0,0.0,1.5344484750093272,6.2889908256880735,0.4911147011308562,4786.6201238971935,218,0.2901463508605957
paper,200,1500000.0,6,4,exclude,launch,0,0.0,prior,0.0,rr_tour,12600.0,43200,5468973.212941317,0,3540246.1325824754,1928727.0803588412,0,12,0.3071961082119843,14,4.882927992066068,4.1772700134917065,7858.472907715733,4659.213030582798,1.6866524145028747,2.0552037088835906,334.03646017250543,0.0,0.0,0.0,1.2839531879274224,5.025477707006369,0.5668995163890381,4166.7858596869755,314,0.2926461696624756
paper,200,1500000.0,4,4,exclude,launch,0,0.0,prior,0.0,rr_tour,12600.0,43200,3413452.3167424095,0,1947865.6804854395,1465586.63625697,0,0,0.0,0,4.882927992066068,4.272237300955114,7858.472907715733,4586.235570889484,1.7134908981990233,2.041494740551471,325.4133883789129,0.0,0.005263157894736842,0.0,1.9114557336307534,12.443661971830986,0.6047008547008547,3729.2599288967244,142,0.3031458854675293
paper,200,1500000.0,7,5,exclude,launch,0,0.0,prior,0.0,rr_tour,12600.0,43200,7396584.029598622,0,5524040.035814408,1872543.993784213,0,31,0.5816356409790695,39,4.8316606529618955,4.3386581706867355,7945.393769630588,4478.014774491327,1.7743116469581395,2.0588231096446936,336.3319132552979,0.0,0.0,0.0,1.1158986638084234,3.4170616113744074,0.5225274725274726,4558.7877613248575,422,0.19213056564331055
paper,200,1500000.0,7,4,exclude,launch,0,0.0,prior,0.0,rr_tour,12600.0,43200,7020567.348985728,0,5345588.478162203,1674978.8708235244,0,28,0.5959463725969226,38,4.882927992066068,4.4407046436565505,7858.472907715733,4383.532987507531,1.7927258515246274,2.054867500724602,333.82363322549025,0.0,0.0,0.0,1.1179182186148444,3.7470449172576834,0.5580767152890329,4154.338104935553,423,0.29514288902282715
paper,200,1500000.0,4,5,exclude,launch,0,0.0,prior,0.0,rr_tour,12600.0,43200,3720127.1951849163,0,2058067.983532719,1662059.2116521972,0,0,0.0,0,4.8316606529618955,4.066087207417394,7945.393769630588,4813.872717457522,1.650520118825867,2.043566145529598,326.70909002865056,0.0,0.0053475935828877,0.0,1.914532831761866,11.728571428571428,0.5821880153930731,4004.7756983146187,140,0.24463105201721191
paper,200,1500000.0,2,4,exclude,launch,0,0.0,prior,0.0,rr_tour,12600.0,43200,5506324.874288144,0,2909591.2877155724,2596733.586572571,0,0,0.0,0,4.882927992066068,5.3574804932194375,7858.472907715733,3639.259813030234,2.159360230225598,2.051569959344741,331.73981381889,0.0,0.020833333333333332,0.0,3.7995038665920453,33.25,0.4433811802232855,5517.257545960886,36,0.40451645851135254
paper,200,1500000.0,2,6,exclude,launch,0,0.0,prior,0.0,rr_tour,12600.0,43200,5824424.093637702,0,3205540.4836072195,2618883.610030482,0,0,0.0,0,4.782673647657148,4.6530998016071035,8030.189446355909,4190.3314684741035,1.91636139211681,2.051489249105564,331.6888922953749,0.0,0.041666666666666664,0.0,3.780453577012729,30.63888888888889,0.39946949602122017,6068.041971888594,36,0.19713711738586426
paper,200,1500000.0,5,5,exclude,launch,0,0.0,prior,0.0,rr_tour,12600.0,43200,3850586.561264001,0,2175066.5439894074,1675520.0172745935,0,1,0.038389283394530176,1,4.8316606529618955,4.064704565776698,7945.393769630588,4807.552323000482,1.6526900251543641,2.0469488309225334,328.8305563710179,0.0,0.0034482758620689655,0.0,1.5421052478187438,7.622119815668203,0.5860927152317881,3949.7859978014044,217,0.28264427185058594
paper,200,1500000.0,7,2,exclude,launch,0,0.0,prior,0.0,rr_tour,12600.0,43200,7945801.004046644,0,6347153.520239095,1598647.4838075489,0,32,0.7071223116645902,37,4.655934945568595,4.686006826057018,8257.851996279362,4167.3679602329485,1.9815509633609993,2.048307833901876,329.68479438601304,0.0,0.0,0.0,1.0909347885161542,4.583333333333333,0.6212534059945504,3313.8979153493187,432,0.6736836433410645
paper,200,1500000.0,6,5,exclude,launch,0,0.0,prior,0.0,rr_tour,12600.0,43200,5323063.771898981,0,3536453.5988025814,1786610.173096399,0,12,0.30310184304925814,16,4.8316606529618955,4.114165760010722,7945.393769630588,4732.287002676209,1.6789754647461785,2.054504657421096,333.59402175683493,0.0,0.0,0.0,1.2922121202427816,4.8173076923076925,0.5579989004947774,4354.191227759119,312,0.31314659118652344
paper,200,1500000.0,8,3,exclude,launch,0,0.0,prior,0.0,rr_tour,12600.0,43200,9150392.578877142,0,7865897.7175983535,1284494.861278788,0,51,0.8676269997833036,56,4.894312501170178,5.4280741560052945,7839.418200296043,3625.336218026213,2.162397562277453,2.0326655624733663,319.9194491755303,0.0,0.0,0.0013605442176870747,0.9746590002601078,4.606170598911071,0.6212952799121844,2580.7635906746514,551,0.5566689968109131
paper,200,1500000.0,8,4,exclude,launch,0,0.0,prior,0.0,rr_tour,12600.0,43200,10185954.39709877,0,8461998.79145714,1723955.6056416302,0,52,0.8332189658369235,63,4.882927992066068,4.990289063115245,7858.472907715733,3917.1606612718215,2.0061655845293433,2.04626984379816,328.4041758124279,0.0,0.0,0.0,0.9784001697315431,3.459165154264973,0.567654986522911,3443.5133969845983,551,0.3996589183807373
paper,200,1500000.0,3,6,exclude,launch,0,0.0,prior,0.0,rr_tour,12600.0,43200,4170705.3951461157,0,2315359.6781220557,1855345.7170240602,0,0,0.0,0,4.782673647657148,4.3578300909343115,8030.189446355909,4494.391852731027,1.7867132438566404,2.0422963603346505,325.91451083005774,0.0,0.009433962264150943,0.0,2.557098659267464,19.227848101265824,0.5338305807139052,4362.504581889144,79,0.27864742279052734
paper,200,1500000.0,5,6,exclude,launch,0,0.0,prior,0.0,rr_tour,12600.0,43200,4573798.180343121,0,2644840.7512607165,1928957.4290824048,0,2,0.08456981386130978,4,4.782673647657148,3.896672020396199,8030.189446355909,5008.9588234136445,1.6031653941373933,2.0493619884270884,330.3481748266958,0.0,0.0,0.0,1.5388734011570115,6.829493087557604,0.537345513164965,4438.927974773338,217,0.28365230560302734
paper,200,1500000.0,7,6,exclude,launch,0,0.0,prior,0.0,rr_tour,12600.0,43200,7956251.164645413,0,6360024.296441542,1596226.8682038707,0,38,0.693858069701105,45,4.782673647657148,4.583820434540352,8030.189446355909,4260.147318411973,1.8849558116570648,2.0483670325229477,329.72203046429144,0.0,0.0,0.0,1.098297399504899,4.0256410256410255,0.5671722643553629,3789.951420034746,429,0.2910423278808594
paper,200,1500000.0,4,6,exclude,launch,0,0.0,prior,0.0,rr_tour,12600.0,43200,3673658.864851438,0,1996337.9204134508,1677320.944437987,0,0,0.0,0,4.782673647657148,4.232810787413413,8030.189446355909,4632.203369090901,1.7335571879116103,2.0400627117333623,324.5191333014465,0.0,0.0,0.0,1.904909145259231,12.292857142857143,0.5806799784133837,3750.249374567198,140,0.3256523609161377
paper,200,1500000.0,7,7,exclude,launch,0,0.0,prior,0.0,rr_tour,12600.0,43200,5669384.599638922,0,3903158.651122751,1766225.9485161712,0,17,0.4116417995272289,21,4.577943967789356,4.584212629717413,8404.213539551529,4252.774897364153,1.9761717331336808,2.0517424416799543,331.8486490892736,0.0,0.0,0.0,1.1095234433070578,3.8912529550827424,0.581984897518878,3968.1267054839627,423,0.21002912521362305
paper,200,1500000.0,2,7,exclude,launch,0,0.0,prior,0.0,rr_tour,12600.0,43200,5616196.491507313,0,3040726.711960869,2575469.7795464443,0,0,0.0,0,4.577943967789356,4.831870562693462,8404.213539551529,4036.5717492175395,2.082017628246203,2.050841151013752,331.28013739917213,0.0,0.020833333333333332,0.0,3.779402162622335,32.27777777777778,0.410828025477707,5639.577579909501,36,0.2615344524383545
paper,200,1500000.0,6,6,exclude,launch,0,0.0,prior,0.0,rr_tour,12600.0,43200,5667417.261638422,0,3733359.1950200554,1934058.0666183664,0,12,0.2963538344884715,16,4.782673647657148,4.050888310856203,8030.189446355909,4808.132650206007,1.6701264358860504,2.05368240056237,333.0739803764637,0.0,0.0,0.0,1.3013511372346263,4.667741935483871,0.5302375809935205,4547.662750745656,310,0.3210446834564209
paper,200,1500000.0,2,8,exclude,launch,0,0.0,prior,0.0,rr_tour,12600.0,43200,5835251.557189162,0,3273238.633046555,2562012.9241426066,0,0,0.0,0,4.805738054071009,4.9117477077610365,7990.04999508496,3969.5412669182642,2.0128396350664466,2.051557147352316,331.7317302443223,0.0,0.020833333333333332,0.0,3.768254105025031,29.52777777777778,0.4085714285714286,6219.548641763762,36,0.2450394630432129
paper,200,1500000.0,8,5,exclude,launch,0,0.0,prior,0.0,rr_tour,12600.0,43200,11732833.384791963,0,9948963.383845517,1783870.0009464445,0,65,0.8896653945570518,75,4.8316606529618955,4.979067364033487,7945.393769630588,3935.9014108257034,2.018697355522364,2.041116426599445,325.17702412055917,0.0,0.0,0.0,0.982483923842189,3.5549450549450547,0.5223386651958081,3362.5697474809917,546,0.4296741485595703
paper,200,1500000.0,3,7,exclude,launch,0,0.0,prior,0.0,rr_tour,12600.0,43200,3960183.718644331,0,2182271.9437208776,1777911.774923453,0,0,0.0,0,4.577943967789356,4.2826623011263445,8404.213539551529,4573.478184599505,1.8375978195001443,2.0422060053927655,325.85800730302356,0.0,0.0,0.0,2.528657398017821,19.962962962962962,0.5531914893617021,4094.716067081109,81,0.29354405403137207
paper,200,1500000.0,3,8,exclude,launch,0,0.0,prior,0.0,rr_tour,12600.0,43200,3952303.2083673994,0,2203057.6068895147,1749245.601477885,0,0,0.0,0,4.805738054071009,5.013039229208933,7990.04999508496,3911.834462185525,2.0425327483364297,2.0397569415990935,324.32834928105024,0.0,0.009433962264150943,0.0,2.5498807967342163,19.89873417721519,0.563943661971831,4206.615803214178,79,0.282543420791626
paper,200,1500000.0,2,9,exclude,launch,0,0.0,prior,0.0,rr_tour,12600.0,43200,6049237.507985958,0,3262604.436759552,2786633.0712264054,0,0,0.0,0,4.870625266882366,4.176987453411053,7879.164612665201,4657.602231535957,1.6916782973257156,2.056053562820896,334.57473826401264,0.0,0.04081632653061224,0.0,3.736047870317077,28.324324324324323,0.3948521358159912,6495.160406620225,37,0.208526611328125
paper,200,1500000.0,6,9,exclude,launch,0,0.0,prior,0.0,rr_tour,12600.0,43200,7119389.277772869,0,4630527.773547688,2488861.5042251814,0,17,0.35481251421466176,21,4.870625266882366,3.920848016475308,7879.164612665201,4946.681668808577,1.5928182042413335,2.062367327567159,338.5873016046561,0.0,0.0,0.0,1.2975046107773167,3.694533762057878,0.43000557724484106,5735.528902809783,311,0.14801454544067383
paper,200,1500000.0,4,7,exclude,launch,0,0.0,prior,0.0,rr_tour,12600.0,43200,3347528.4219316025,0,1853869.2036569223,1493659.2182746802,0,0,0.0,0,4.577943967789356,4.516638438603294,8404.213539551529,4346.7896411625425,1.9334300100392792,2.037398779494003,322.85886830869407,0.0,0.0,0.0,1.9166346818066657,13.25531914893617,0.6137820512820513,3536.34040225989,141,0.3861277103424072
paper,200,1500000.0,3,9,exclude,launch,0,0.0,prior,0.0,rr_tour,12600.0,43200,4269008.805501106,0,2297529.1026936565,1971479.7028074493,0,0,0.0,0,4.870625266882366,4.358887954259215,7879.164612665201,4487.30007296654,1.755880927182191,2.0450275981083488,327.6248042424316,0.0,0.009523809523809525,0.0,2.559091169812273,19.012820512820515,0.5530600786075238,4355.126825061365,78,0.2601284980773926
paper,200,1500000.0,5,7,exclude,launch,0,0.0,prior,0.0,rr_tour,12600.0,43200,2923973.899743044,0,1813663.1749225545,1110310.7248204893,0,2,0.07849314525009965,3,4.577943967789356,4.691713183387444,8404.213539551529,4187.476650899591,2.006987558425206,2.035992332707429,321.984034028574,0.0,0.0,0.0,1.5554194804178443,9.95813953488372,0.6555435952637244,3039.752611983517,215,0.38564491271972656
paper,200,1500000.0,4,8,exclude,launch,0,0.0,prior,0.0,rr_tour,12600.0,43200,3447447.469769146,0,1968890.580506849,1478556.8892622967,0,0,0.0,0,4.805738054071009,4.337021606117327,7990.04999508496,4522.0593442408845,1.766905161309033,2.0395396288209824,324.19279196677957,0.0,0.0,0.0,1.9161136543644393,12.27659574468085,0.6177142857142857,3821.951650983983,141,0.35178112983703613
paper,200,1500000.0,8,6,exclude,launch,0,0.0,prior,0.0,rr_tour,12600.0,43200,10501213.675452728,0,8955431.171943327,1545782.5035094006,0,62,0.8772888935604289,72,4.782673647657148,5.174347689286001,8030.189446355909,3797.792996561361,2.114435793005751,2.0355093158869493,321.6838629865973,0.0,0.0,0.0,0.9796633578390587,3.9817518248175183,0.5680345572354212,2995.5630048333032,548,0.45514941215515137
paper,200,1500000.0,6,7,exclude,launch,0,0.0,prior,0.0,rr_tour,12600.0,43200,3853434.2738734772,0,2429659.4080805294,1423774.8657929474,0,4,0.1763348774716998,5,4.577943967789356,4.440442163832139,8404.213539551529,4406.384043565297,1.9072812211691617,2.0443320042173676,327.1888005097992,0.0,0.0,0.0,1.2928035389543415,5.9006410256410255,0.6082474226804123,3540.0131379013865,312,0.4041445255279541
paper,200,1500000.0,5,8,exclude,launch,0,0.0,prior,0.0,rr_tour,12600.0,43200,4004687.208325072,0,2381811.963718077,1622875.244606995,0,1,0.05836939480549014,2,4.805738054071009,4.079990939740124,7990.04999508496,4789.431332097564,1.668266948841641,2.046995281896953,328.859736094344,0.0,0.0,0.0,1.5294717808388036,7.2,0.5858528237307473,4177.156242929678,220,0.35413074493408203
paper,200,1500000.0,4,9,exclude,launch,0,0.0,prior,0.0,rr_tour,12600.0,43200,3481976.402376752,0,1910832.4910336675,1571143.9113430842,0,0,0.0,0,4.870625266882366,4.309068513667573,7879.164612665201,4545.927604425644,1.7332358317793086,2.0419921904762877,325.72431750407173,0.0,0.0,0.0,1.9003604426079301,12.418439716312056,0.6121076233183856,3760.9693969242376,141,0.3041226863861084
paper,200,1500000.0,2,10,exclude,launch,0,0.0,prior,0.0,rr_tour,12600.0,43200,6186278.720518268,0,3400380.9924320257,2785897.7280862415,0,0,0.0,0,4.655288193586195,4.345672029030509,8259.045556358145,4479.631780934928,1.8436884905380388,2.054758224781626,333.75447382334613,0.0,0.02040816326530612,0.0,3.725045199153362,28.43243243243243,0.394554191137213,6431.586770119168,37,0.23011493682861328
paper,200,1500000.0,5,9,exclude,launch,0,0.0,prior,0.0,rr_tour,12600.0,43200,4624080.10820229,0,2480480.4417768973,2143599.666425392,0,1,0.010945181802317523,2,4.870625266882366,3.8129962524290106,7879.164612665201,5107.850523557982,1.5425597472607324,2.053787155079129,333.1402104629291,0.0,0.0,0.0,1.5517490094112043,6.3842592592592595,0.5025238362310712,4799.096429059142,216,0.27261805534362793
paper,200,1500000.0,8,9,exclude,launch,0,0.0,prior,0.0,rr_tour,12600.0,43200,13059698.283970658,0,10999279.291917818,2060418.9920528408,0,78,0.9145330855043254,86,4.870625266882366,5.092592770029933,7879.164612665201,3853.9367135111156,2.04444577022826,2.038057644625835,323.269102069841,0.0,0.0,0.0,0.9666395610732447,3.3052064631956912,0.47297297297297297,3559.201156254053,557,0.24411797523498535
paper,200,1500000.0,6,8,exclude,launch,0,0.0,prior,0.0,rr_tour,12600.0,43200,4533127.829918258,0,3136650.40488179,1396477.4250364688,0,10,0.3225261043965261,12,4.805738054071009,4.365764951934785,7990.04999508496,4478.170701906996,1.7842218456930317,2.045968754451345,328.21519058654957,0.0,0.0,0.0,1.287632806324719,5.493630573248407,0.6113013698630136,3816.406424000974,314,0.40813779830932617
paper,200,1500000.0,7,8,exclude,launch,0,0.0,prior,0.0,rr_tour,12600.0,43200,6309714.287700632,0,4934076.210213405,1375638.0774872256,0,26,0.60597328062259,34,4.805738054071009,4.695446299083003,7990.04999508496,4165.828711116193,1.9179977260620744,2.0449453420036448,327.5732303325342,0.0,0.0,0.0,1.1223273962018203,4.3747016706443915,0.6390328151986183,3569.8727896087453,419,0.4156372547149658
paper,200,1500000.0,3,11,exclude,launch,0,0.0,prior,0.0,rr_tour,12600.0,43200,4200213.0036909375,0,2271527.5685094357,1928685.4351815016,0,0,0.0,0,4.401387483373752,4.679522889755052,8754.709960082677,4189.916103197257,2.089471422447361,2.040107668999166,324.54718893326367,0.0,0.009523809523809525,0.0,2.570315197978176,19.96153846153846,0.5592105263157895,4224.199544135481,78,0.1616077423095703
paper,200,1500000.0,7,9,exclude,launch,0,0.0,prior,0.0,rr_tour,12600.0,43200,9409197.85997667,0,7345491.278546552,2063706.581430117,0,43,0.7044338740526487,51,4.870625266882366,4.382029353397089,7879.164612665201,4435.0886924972865,1.7765517578023096,2.058175478840333,335.9206032056905,0.0,0.0,0.0,1.1011292935124128,3.1662763466042154,0.48200224971878514,4845.980615955938,427,0.3366222381591797
paper,200,1500000.0,3,10,exclude,launch,0,0.0,prior,0.0,rr_tour,12600.0,43200,4160714.03304415,0,2232625.1407638458,1928088.8922803046,0,0,0.0,0,4.655288193586195,4.705261778582397,8259.045556358145,4162.318809333409,1.9842414612351191,2.0424002700632897,325.9794969084057,0.0,0.0,0.0,2.5386953981551317,19.95,0.5688622754491018,4138.283444158159,80,0.3236222267150879
paper,200,1500000.0,2,11,exclude,launch,0,0.0,prior,0.0,rr_tour,12600.0,43200,6172433.271488474,0,3479348.6971201273,2693084.574368347,0,0,0.0,0,4.401387483373752,4.008367264508595,8754.709960082677,4860.018928991906,1.8013736341349251,2.0533100076639244,332.8385916734931,0.0,0.020833333333333332,0.0,3.7447014121843383,28.27777777777778,0.40273972602739727,6434.811962761007,36,0.2291102409362793
paper,200,1500000.0,6,10,exclude,launch,0,0.0,prior,0.0,rr_tour,12600.0,43200,5553855.940032706,0,3962309.8648079117,1591546.0752247942,0,13,0.40116227252975956,15,4.655288193586195,4.197231219163654,8259.045556358145,4642.892848347036,1.7788576704496923,2.0526194317555873,332.4023004328366,0.0,0.0,0.0,1.2852947387369256,5.226837060702875,0.5865118850193477,3990.826438549368,313,0.312114953994751
paper,200,1500000.0,2,12,exclude,launch,0,0.0,prior,0.0,rr_tour,12600.0,43200,6453598.380713009,0,3542607.8375216136,2910990.5431913957,0,0,0.0,0,4.489254129229678,4.313065714778445,8576.832776345937,4515.97821774303,1.899219252796223,2.0536294213629867,333.0404872685106,0.0,0.020833333333333332,0.0,3.7339569621079147,28.166666666666668,0.38971807628524047,6480.041353931621,36,0.19751381874084473
paper,200,1500000.0,4,10,exclude,launch,0,0.0,prior,0.0,rr_tour,12600.0,43200,3649121.422983779,0,2065851.1437855933,1583270.2791981858,0,0,0.0,0,4.655288193586195,4.278385117735205,8259.045556358145,4579.895578077255,1.803326170992196,2.0413832184392557,325.343702294071,0.0,0.005319148936170213,0.0,1.9220287180492583,12.135714285714286,0.5957330415754923,3860.863119874396,140,0.3426196575164795
paper,200,1500000.0,5,10,exclude,launch,0,0.0,prior,0.0,rr_tour,12600.0,43200,4303785.656595181,0,2504206.1790094953,1799579.477585686,0,3,0.07723543454916702,4,4.655288193586195,3.9765391080370733,8259.045556358145,4905.5014649601,1.6836292100516828,2.0505545334673463,331.09944833663803,0.0,0.0,0.0,1.5163264977134028,7.058558558558558,0.5568993952721275,4226.051187961791,222,0.34111738204956055
paper,200,1500000.0,8,8,exclude,launch,0,0.0,prior,0.0,rr_tour,12600.0,43200,8756740.993866008,0,7538756.473228797,1217984.5206372102,0,50,0.8575686662193772,56,4.805738054071009,5.497272106629601,7990.04999508496,3579.7211450269424,2.232031398921947,2.0326544721284847,319.9125776420878,0.0,0.0,0.0013605442176870747,0.9760586515327043,4.556159420289855,0.6596109839816934,2607.8641982881495,552,0.5096452236175537
paper,200,1500000.0,7,10,exclude,launch,0,0.0,prior,0.0,rr_tour,12600.0,43200,7154364.786500186,0,5701571.923882111,1452792.8626180745,0,29,0.624013464760878,36,4.655288193586195,4.531920668460108,8259.045556358145,4298.982030789874,1.921163079353618,2.053109263916838,332.71173652423926,0.0,0.0,0.0,1.1062184008979017,4.0329411764705885,0.6266592920353983,3832.436607068078,425,0.35011959075927734
paper,200,1500000.0,5,11,exclude,launch,0,0.0,prior,0.0,rr_tour,12600.0,43200,4705191.874390016,0,2759091.5141140344,1946100.3602759822,0,2,0.10259994220640124,3,4.401387483373752,4.024472854158107,8754.709960082677,4853.252200068208,1.8038852297763626,2.0479442452132197,329.4561423226513,0.0,0.0,0.0,1.5194583577736729,6.97737556561086,0.5588558855885588,4278.237279622696,221,0.2860236167907715
paper,200,1500000.0,6,11,exclude,launch,0,0.0,prior,0.0,rr_tour,12600.0,43200,5438198.961105928,0,3759436.4533937178,1678762.50771221,0,13,0.35465160825244885,16,4.401387483373752,4.184816478110634,8754.709960082677,4665.538007917265,1.876463109983505,2.048716392810813,329.941821765037,0.0,0.0,0.0,1.2855925197602356,5.0,0.5906593406593407,4177.314857487669,316,0.31302356719970703
paper,200,1500000.0,3,12,exclude,launch,0,0.0,prior,0.0,rr_tour,12600.0,43200,4530120.373330195,0,2494520.28879919,2035600.084531006,0,0,0.0,0,4.489254129229678,4.305030936532715,8576.832776345937,4548.385108845927,1.8856874629338847,2.042802993626654,326.23142505501323,0.0,0.018867924528301886,0.0,2.5470800088174297,18.11392405063291,0.5321605277625069,4605.478818514678,79,0.2940235137939453
paper,200,1500000.0,4,11,exclude,launch,0,0.0,prior,0.0,rr_tour,12600.0,43200,3967102.78753638,0,2170982.5927136485,1796120.1948227314,0,0,0.0,0,4.401387483373752,4.173548586369852,8754.709960082677,4697.028014591652,1.8638828495136812,2.0404754182186906,324.7767287752077,0.0,0.005319148936170213,0.0,1.923191785042281,11.735714285714286,0.5866593767085839,3987.5939334176624,140,0.33654284477233887
paper,200,1500000.0,5,12,exclude,launch,0,0.0,prior,0.0,rr_tour,12600.0,43200,4523424.8942525,0,2720547.2370218094,1802877.65723069,0,3,0.1394864321493574,3,4.489254129229678,4.076900044671817,8576.832776345937,4798.935120763871,1.7872366599073166,2.044490274696873,327.28798018090487,0.0,0.0,0.0,1.5531559826274055,7.523148148148148,0.5766666666666667,4050.894509480838,216,0.3065304756164551
paper,200,3000000.0,4,1,exclude,launch,0,0.0,prior,0.0,rr_tour,12600.0,43200,2259371.2624188424,0,1398349.1628779802,861022.0995408624,0,0,0.0,0,9.487446993659583,9.623329738224887,8098.861339634391,4101.844947476712,1.974443559749005,2.0266809268580133,316.22211767220875,0.0,0.021505376344086023,0.0,3.913642406242666,39.85507246376812,0.7162666666666667,2450.7079677818033,69,0.30253028869628906
paper,200,1500000.0,4,12,exclude,launch,0,0.0,prior,0.0,rr_tour,12600.0,43200,4310093.215251264,0,2309262.4214622234,2000830.793789041,0,0,0.0,0,4.489254129229678,3.9952863827252107,8576.832776345937,4900.0468871009325,1.7503572871769684,2.0432045195920168,326.4827009091632,0.0,0.005319148936170213,0.0,1.9181856918060443,11.107142857142858,0.5604212860310421,4201.387850476978,140,0.34403562545776367
paper,200,1500000.0,6,12,exclude,launch,0,0.0,prior,0.0,rr_tour,12600.0,43200,6470641.515092843,0,4335317.409772686,2135324.105320158,0,12,0.33905308564741177,16,4.489254129229678,4.0168958409155815,8576.832776345937,4841.289897232207,1.7716007424486933,2.056877046619725,335.0967275014899,0.0,0.0,0.0,1.2997311728363878,4.349514563106796,0.512263099219621,4885.271499146878,309,0.31253647804260254
paper,200,1500000.0,7,11,exclude,launch,0,0.0,prior,0.0,rr_tour,12600.0,43200,7294955.92254102,0,5810499.109651568,1484456.8128894528,0,31,0.6541736111696521,39,4.401387483373752,4.692294197031369,8754.709960082677,4171.26909168183,2.0988120803668484,2.0436501442901234,326.7616871030385,0.0,0.0,0.0,1.1108180670087422,4.286384976525822,0.6184428492545555,3606.271802001631,426,0.39962077140808105
paper,200,1500000.0,7,12,exclude,launch,0,0.0,prior,0.0,rr_tour,12600.0,43200,9585341.191009656,0,7695746.459417982,1889594.7315916736,0,35,0.7313355277513572,39,4.489254129229678,4.583256324861326,8576.832776345937,4253.929273656731,2.0162142397288103,2.0516136500191355,331.76738067197067,0.0,0.0,0.0,1.0852317007546737,3.8352668213457077,0.5915178571428571,3949.226888911428,431,0.35411882400512695
paper,200,3000000.0,5,1,exclude,launch,0,0.0,prior,0.0,rr_tour,12600.0,43200,1684260.4418097425,0,1095320.1359877947,588940.3058219479,0,0,0.0,0,9.487446993659583,11.806891968691893,8098.861339634391,3352.0480265897663,2.416093467453637,2.0213623166874677,312.9542945847573,0.0,0.08333333333333333,0.0,3.1593843392623233,33.0462962962963,0.7678667383127351,1895.1255498940984,108,0.5356414318084717
paper,200,3000000.0,7,1,exclude,launch,0,0.0,prior,0.0,rr_tour,12600.0,43200,1360421.4636069564,0,929215.6371428326,431205.8264641238,0,0,0.0,0,9.487446993659583,9.463447795261867,8098.861339634391,4186.024759174401,1.934738040400819,2.019476498887137,311.7996995349523,0.0,0.007142857142857143,0.0,2.251846350384644,19.904761904761905,0.7925561029009305,1583.8188272537657,210,0.5421419143676758
paper,200,3000000.0,4,2,exclude,launch,0,0.0,prior,0.0,rr_tour,12600.0,43200,2437680.3463510284,0,1447841.4734152516,989838.8729357766,0,0,0.0,0,9.31186989113719,8.807224787715379,8257.851996279362,4480.629039513973,1.8430117564865658,2.0272715080245645,316.586025359719,0.0,0.0967741935483871,0.0,3.9041772591685104,38.04347826086956,0.6950767601905771,2563.772229226215,69,0.4226386547088623
paper,200,3000000.0,6,1,exclude,launch,0,0.0,prior,0.0,rr_tour,12600.0,43200,1511487.3789251987,0,1016367.7800259466,495119.5988992522,0,0,0.0,0,9.487446993659583,10.194440944107459,8098.861339634391,3884.6231938494493,2.0848512031893787,2.0201223508713886,312.19488322421046,0.0,0.0825242718446602,0.0,2.629631824661085,24.61842105263158,0.7709130672498633,1766.9527965512325,152,0.7141671180725098
paper,200,3000000.0,5,2,exclude,launch,0,0.0,prior,0.0,rr_tour,12600.0,43200,1703038.95129995,0,1080526.9663763298,622511.9849236201,0,0,0.0,0,9.31186989113719,12.31040128887636,8257.851996279362,3215.386781387846,2.5682297520409207,2.0210848883746104,312.7843047800971,0.0,0.12413793103448276,0.0,3.124711340894767,32.98148148148148,0.7651474530831099,1879.6483713416387,108,0.5381505489349365
paper,200,3000000.0,14,2,exclude,launch,0,0.0,prior,0.0,rr_tour,12600.0,43200,6238854.581390118,0,5410538.765310995,828315.8160791227,0,29,0.8519610784309581,37,9.31186989113719,9.158453392328253,8257.851996279362,4313.514059112963,1.9144140677676422,2.025054097503591,315.22077084267045,0.0,0.0,0.0008928571428571428,1.121357230563518,4.995238095238095,0.759719222462203,1568.692837158258,840,0.4780731201171875
paper,200,3000000.0,6,2,exclude,launch,0,0.0,prior,0.0,rr_tour,12600.0,43200,1471629.522874706,0,969428.4046273588,502201.1182473471,0,0,0.0,0,9.31186989113719,10.22776354407855,8257.851996279362,3872.1093521589164,2.132649479972757,2.0200480236418112,312.1493911606697,0.0,0.0,0.0,2.6000392370014485,24.916666666666668,0.7922705314009661,1706.6953446917214,156,0.5986716747283936
paper,200,3000000.0,11,1,exclude,launch,0,0.0,prior,0.0,rr_tour,12600.0,43200,2387456.572687497,0,1925615.4498799392,461841.12280755787,0,5,0.4492042584946424,7,9.487446993659583,8.197615653028205,8098.861339634391,4818.398897277049,1.6808200218149603,2.0253481319947424,315.4016375355322,0.0,0.0,0.0,1.417161499602861,7.668582375478927,0.7943262411347518,1645.8569278217283,522,0.7701892852783203
paper,200,3000000.0,10,2,exclude,launch,0,0.0,prior,0.0,rr_tour,12600.0,43200,1705443.150293712,0,1164184.1855431597,541258.9647505525,0,2,0.10147648705707561,4,9.31186989113719,7.8296672088709025,8257.851996279362,5047.068610311786,1.6361679687507216,2.0244519583799914,314.8505445085801,0.0,0.0017574692442882249,0.0,1.5813796845620156,8.55764705882353,0.7728740581270183,1819.4518251715078,425,0.6196775436401367
paper,200,3000000.0,10,1,exclude,launch,0,0.0,prior,0.0,rr_tour,12600.0,43200,1440049.661412845,0,1010041.0486708069,430008.6127420381,0,1,0.07175498222443899,1,9.487446993659583,8.398333056479936,8098.861339634391,4711.211273527863,1.71906137709035,2.021921604556808,313.2971297579881,0.0,0.0017574692442882249,0.0,1.5779573603890011,9.443396226415095,0.7985729967069155,1651.6102390228448,424,0.8242006301879883
paper,200,3000000.0,8,1,exclude,launch,0,0.0,prior,0.0,rr_tour,12600.0,43200,1326959.273064492,0,904031.0217820073,422928.2512824848,0,0,0.0,0,9.487446993659583,8.680038493715612,8098.861339634391,4562.237805406401,1.7751949120313226,2.0201816261413876,312.2311650949459,0.0,0.019021739130434784,0.0,1.9617621058908141,15.282051282051283,0.8003255561584374,1588.8360548281926,273,0.873201847076416
paper,200,3000000.0,9,1,exclude,launch,0,0.0,prior,0.0,rr_tour,12600.0,43200,1250085.0564780245,0,868792.8446349646,381292.21184306,0,0,0.0,0,9.487446993659583,8.741709570224645,8098.861339634391,4530.271763765593,1.7877208613424465,2.0200836701809477,312.1712082509498,0.0,0.0064516129032258064,0.0,1.7434218134377464,12.39080459770115,0.8037178786221979,1539.8249259548884,348,0.876701831817627
paper,200,3000000.0,9,2,exclude,launch,0,0.0,prior,0.0,rr_tour,12600.0,43200,1428173.4915045935,0,943515.0986284729,484658.39287612063,0,0,0.0,0,9.31186989113719,8.26717455835756,8257.851996279362,4785.971135405863,1.7254287087502618,2.0219145814613593,313.29282354100354,0.0,0.0,0.0,1.716872202543926,11.01123595505618,0.7901234567901234,1688.4739557381035,356,0.682178258895874
paper,200,3000000.0,7,2,exclude,launch,0,0.0,prior,0.0,rr_tour,12600.0,43200,1484875.5834578788,0,959508.2868547696,525367.2966031091,0,0,0.0,0,9.31186989113719,9.168004407887796,8257.851996279362,4320.550834983524,1.9112961082220095,2.0196497225235497,311.9056669927054,0.0,0.0035971223021582736,0.0,2.2701328764909676,19.16826923076923,0.7848712446351931,1665.4042679079319,208,0.7536921501159668
paper,200,3000000.0,12,1,exclude,launch,0,0.0,prior,0.0,rr_tour,12600.0,43200,3271140.87179678,0,2745623.7615960464,525517.1102007338,0,11,0.6252482111638837,14,9.487446993659583,8.557565165126665,8098.861339634391,4614.725566078085,1.7550038943090103,2.0257875281795386,315.6720158906063,0.0,0.0,0.0,1.2844716783754617,6.296825396825397,0.7932745314222712,1661.432074002729,630,0.8962066173553467
paper,200,3000000.0,8,2,exclude,launch,0,0.0,prior,0.0,rr_tour,12600.0,43200,1455509.952099023,0,942870.8495097709,512639.10258925194,0,0,0.0,0,9.31186989113719,8.36671159408298,8257.851996279362,4731.368709287307,1.7453410426606246,2.020916616528109,312.6812213709606,0.0,0.005405405405405406,0.0,1.9514656753549982,14.206521739130435,0.7920472864051585,1695.1020259610011,276,0.8136947154998779
paper,200,3000000.0,4,3,exclude,launch,0,0.0,prior,0.0,rr_tour,12600.0,43200,2076333.476194237,0,1282474.1853105908,793859.2908836462,0,0,0.0,0,9.788625002340355,9.14236948366566,7839.418200296043,4317.197848149268,1.815857988453485,2.0268857341646123,316.3482933092385,0.0,0.07446808510638298,0.0,3.8891254457740168,39.75714285714286,0.7008952080042128,2432.319180222723,70,0.5285718441009521
paper,200,3000000.0,15,1,exclude,launch,0,0.0,prior,0.0,rr_tour,12600.0,43200,6533922.418642391,0,5773491.2817316735,760431.1369107175,0,32,0.8745814756009942,45,9.487446993659583,9.670056275173282,8098.861339634391,4086.1211149560945,1.982041430438954,2.0246490325107454,314.97169194756185,0.0,0.0,0.0,1.0499695546524104,4.652445369406868,0.7638274336283186,1467.3717785083556,961,0.9757113456726074
paper,200,3000000.0,12,2,exclude,launch,0,0.0,prior,0.0,rr_tour,12600.0,43200,3411713.99203501,0,2740259.7016513683,671454.2903836415,0,11,0.5990161402959775,15,9.31186989113719,8.186322132024648,8257.851996279362,4819.060230498282,1.713581404112377,2.02786389320386,316.9512548856588,0.0,0.0,0.0,1.3033245299365364,5.840322580645161,0.7798165137614679,1814.8353876003332,620,0.8411896228790283
paper,200,3000000.0,13,2,exclude,launch,0,0.0,prior,0.0,rr_tour,12600.0,43200,4876309.125815656,0,4147479.712964714,728829.412850942,0,20,0.7822644309218647,26,9.31186989113719,8.83967193417107,8257.851996279362,4467.158518030138,1.8485692779760114,2.025920858291584,315.7540822433222,0.0,0.0,0.0,1.1918103851664836,5.532786885245901,0.7726781857451404,1618.357548184852,732,0.8356072902679443
paper,200,3000000.0,11,2,exclude,launch,0,0.0,prior,0.0,rr_tour,12600.0,43200,2372897.3682540357,0,1856774.011410593,516123.35684344266,0,6,0.44361104241792565,7,9.31186989113719,8.24303935903508,8257.851996279362,4794.819059203225,1.7222447592530432,2.0240926623974986,314.6297343529191,0.0,0.0014492753623188406,0.0,1.4318581762330784,7.716504854368932,0.789983844911147,1656.3893455154548,515,0.881192684173584
paper,200,3000000.0,5,3,exclude,launch,0,0.0,prior,0.0,rr_tour,12600.0,43200,1707260.9107580646,0,1098889.002046131,608371.9087119334,0,0,0.0,0,9.788625002340355,9.218732753218752,7839.418200296043,4289.911644437667,1.8274078466069796,2.022881368207151,313.8858880275998,0.0,0.07586206896551724,0.0,3.131856995362027,30.88888888888889,0.7283422459893049,2015.5210652615067,108,0.614081859588623
paper,200,3000000.0,9,3,exclude,launch,0,0.0,prior,0.0,rr_tour,12600.0,43200,1168238.565198501,0,814667.9558634711,353570.6093350299,0,0,0.0,0,9.788625002340355,8.657356373111877,7839.418200296043,4575.0057405330435,1.7135318827780655,2.0198217681057216,312.01093161068405,0.0,0.004329004329004329,0.0,1.7593244377441768,12.217391304347826,0.7844733984799132,1570.3258971308162,345,0.398543119430542
paper,200,3000000.0,6,3,exclude,launch,0,0.0,prior,0.0,rr_tour,12600.0,43200,1449488.329427982,0,950577.575036705,498910.75439127686,0,0,0.0,0,9.788625002340355,9.35565784882384,7839.418200296043,4232.016471502087,1.8524072987630802,2.020543975944011,312.4530020506829,0.0,0.03414634146341464,0.0,2.6189440687375902,24.70860927152318,0.7614926987560844,1740.2656123123852,151,0.6205825805664062
paper,200,3000000.0,13,1,exclude,launch,0,0.0,prior,0.0,rr_tour,12600.0,43200,4333299.337460076,0,3784530.4744518683,548768.8630082079,0,17,0.8004199040601089,22,9.487446993659583,9.338756923152912,8098.861339634391,4237.097243703824,1.9114173864357284,2.0217734273266457,313.20628103725215,0.0,0.0,0.0,1.2092722449779143,6.763888888888889,0.8135686707115278,1349.4257280429367,720,1.1567373275756836
paper,200,3000000.0,14,1,exclude,launch,0,0.0,prior,0.0,rr_tour,12600.0,43200,5115116.647863816,0,4588324.1314889025,526792.5163749129,0,24,0.8378972021805384,30,9.487446993659583,9.633823053695409,8098.861339634391,4105.873617230319,1.97250624219106,2.0224870265945585,313.64391586625425,0.0,0.00089126559714795,0.0,1.1181836140082604,5.646428571428571,0.7955678670360111,1381.3340484551038,840,1.1947426795959473
paper,200,3000000.0,12,3,exclude,launch,0,0.0,prior,0.0,rr_tour,12600.0,43200,2659700.366276459,0,2165884.3670097073,493815.9992667518,0,9,0.6006973742225379,12,9.788625002340355,8.584177491988177,7839.418200296043,4603.044378380599,1.7030942037221974,2.0246321839646066,314.961333724824,0.0,0.0,0.0,1.29730695523845,6.503215434083601,0.7652838427947598,1632.6615863708655,622,0.4425485134124756
paper,200,3000000.0,4,4,exclude,launch,0,0.0,prior,0.0,rr_tour,12600.0,43200,2178816.194563743,0,1330702.2207714648,848113.9737922784,0,0,0.0,0,9.765855984132136,8.806601389043909,7858.472907715733,4479.995265488161,1.7541252706791504,2.0277018272903486,316.85131374477663,0.0,0.11956521739130435,0.0,3.923554022536992,39.55882352941177,0.7011677282377919,2440.714207402338,68,0.41614341735839844
paper,200,3000000.0,8,3,exclude,launch,0,0.0,prior,0.0,rr_tour,12600.0,43200,1227364.473106736,0,829098.6845956508,398265.7885110852,0,0,0.0,0,9.788625002340355,8.951100033238857,7839.418200296043,4425.812151424327,1.771294834050546,2.019391851628084,311.74792414972006,0.0,0.03260869565217391,0.0,1.962734261658456,15.75,0.7860991379310345,1521.9251883068052,272,0.7016894817352295
paper,200,3000000.0,10,3,exclude,launch,0,0.0,prior,0.0,rr_tour,12600.0,43200,1391825.6881305603,0,945725.3062601674,446100.3818703929,0,0,0.0,1,9.788625002340355,7.907297082701214,7839.418200296043,4997.0290486249205,1.568815815159868,2.024650462643695,314.9725711787817,0.0,0.0,0.0,1.5531295266475595,8.321016166281755,0.7698154180238871,1838.0690658675264,433,0.6636791229248047
paper,200,3000000.0,7,3,exclude,launch,0,0.0,prior,0.0,rr_tour,12600.0,43200,1150588.1153711253,0,808451.0114699907,342137.1039011345,0,0,0.0,0,9.788625002340355,9.600538766367796,7839.418200296043,4127.213030350881,1.8994459802889223,2.019005469105037,311.5116438197929,0.0,0.007017543859649123,0.0,2.212492870558619,19.830985915492956,0.78125,1575.052209018945,213,0.8022069931030273
paper,200,3000000.0,5,4,exclude,launch,0,0.0,prior,0.0,rr_tour,12600.0,43200,1608310.706804296,0,1040982.8442041375,567327.8626001586,0,0,0.0,0,9.765855984132136,10.011768972241898,7858.472907715733,3950.457657835234,1.9892563313846545,2.022701312600894,313.77539243867733,0.0,0.027777777777777776,0.0,3.1622138722711166,32.52777777777778,0.7567140600315956,1926.2701736934819,108,0.5751678943634033
paper,200,3000000.0,4,5,exclude,launch,0,0.0,prior,0.0,rr_tour,12600.0,43200,2154814.1837538606,0,1302804.125781325,852010.057972536,0,0,0.0,0,9.663321305923791,9.82383209834472,7945.393769630588,4018.6818145261113,1.9771144211793041,2.026401200952254,316.04982759486865,0.0,0.07608695652173914,0.0,3.937483692212594,39.955882352941174,0.7068119891008174,2420.663976250189,68,0.27863192558288574
paper,200,3000000.0,11,3,exclude,launch,0,0.0,prior,0.0,rr_tour,12600.0,43200,1756794.5595880214,0,1321071.6770879566,435722.88250006473,0,4,0.2917186556792959,8,9.788625002340355,8.296713523490777,7839.418200296043,4763.284846886831,1.6458008396075032,2.024311484701432,314.76420530737573,0.0,0.0,0.0,1.4144594748967898,7.5239005736137665,0.7728758169934641,1675.3765946127771,523,0.7331905364990234
paper,200,3000000.0,6,5,exclude,launch,0,0.0,prior,0.0,rr_tour,12600.0,43200,1473650.914635252,0,970269.9177218756,503380.99691337644,0,0,0.0,0,9.663321305923791,9.035946754738346,7945.393769630588,4380.020469878888,1.814008364634489,2.0213437859128653,312.94293870684754,0.0,0.019417475728155338,0.0,2.640453829258729,23.835526315789473,0.7782016348773841,1818.8091065668148,152,0.30313992500305176
paper,200,3000000.0,6,4,exclude,launch,0,0.0,prior,0.0,rr_tour,12600.0,43200,1347673.9489013504,0,910526.104655837,437147.8442455133,0,0,0.0,0,9.765855984132136,9.275005863558334,7858.472907715733,4266.953717628741,1.8417056822643236,2.021426067675367,312.99336351802907,0.0,0.014423076923076924,0.0,2.606985077117271,24.954545454545453,0.7767762460233298,1726.7823257339523,154,0.6591813564300537
paper,200,3000000.0,13,3,exclude,launch,0,0.0,prior,0.0,rr_tour,12600.0,43200,4071294.641242035,0,3425593.406758715,645701.2344833207,0,17,0.7534430824475881,26,9.788625002340355,8.743969528313217,7839.418200296043,4516.324453109439,1.7357960619721844,2.0257983701541242,315.6786888632574,0.0,0.0,0.0,1.2059922060264086,5.548965517241379,0.7618787547788094,1637.0634878626488,725,0.8197026252746582
paper,200,3000000.0,7,4,exclude,launch,0,0.0,prior,0.0,rr_tour,12600.0,43200,1335017.921602482,0,900189.3804512937,434828.5411511884,0,0,0.0,0,9.765855984132136,8.564340266137208,7858.472907715733,4621.640839999217,1.7003642601784401,2.021156213070973,312.8280034480352,0.0,0.0070921985815602835,0.0,2.2410116848570856,18.904761904761905,0.7932512051419389,1676.6815226196732,210,0.7307052612304688
paper,200,3000000.0,8,4,exclude,launch,0,0.0,prior,0.0,rr_tour,12600.0,43200,1315559.1417684478,0,886252.7927773028,429306.348991145,0,0,0.0,0,9.765855984132136,8.36776957277126,7858.472907715733,4730.52265865541,1.661227199353359,2.0210224958069296,312.74608108314345,0.0,0.0027247956403269754,0.0,1.9698078074508358,14.602941176470589,0.7960172228202368,1674.7948086422878,272,0.7502133846282959
paper,200,3000000.0,9,4,exclude,launch,0,0.0,prior,0.0,rr_tour,12600.0,43200,1212224.0614707614,0,840575.3378352426,371648.72363551887,0,0,0.0,0,9.765855984132136,8.360633998726666,7858.472907715733,4733.282226073905,1.6602586814761024,2.02156809459271,313.08041156693395,0.0,0.0,0.0,1.736881575939761,11.71264367816092,0.7953688745288099,1622.37425059009,348,0.7067058086395264
paper,200,3000000.0,10,4,exclude,launch,0,0.0,prior,0.0,rr_tour,12600.0,43200,1494893.7532981115,0,972158.9474002768,522734.80589783465,0,0,0.0,3,9.765855984132136,7.691960260699106,7858.472907715733,5133.769831898925,1.5307411833866673,2.0258932693335243,315.7371000191481,0.0,0.0,0.0,1.5743303837054474,8.253521126760564,0.7693548387096775,1872.5475641143655,426,0.7407152652740479
paper,200,3000000.0,11,4,exclude,launch,0,0.0,prior,0.0,rr_tour,12600.0,43200,2176795.2707484663,0,1721358.459055036,455436.8116934301,0,6,0.4143712012519379,10,9.765855984132136,8.093340237153454,7858.472907715733,4878.5268268788495,1.6108290856203762,2.0261588522181615,315.90059699570816,0.0,0.0,0.0,1.4166468778241528,7.195402298850575,0.7825148407987048,1758.4657179582678,522,0.7337231636047363
paper,200,3000000.0,5,5,exclude,launch,0,0.0,prior,0.0,rr_tour,12600.0,43200,1766300.2797289547,0,1101975.923671737,664324.3560572178,0,0,0.0,0,9.663321305923791,9.29483022037169,7945.393769630588,4254.18724684142,1.8676643289572539,2.023167893134389,314.06176126231946,0.0,0.027777777777777776,0.0,3.148286282431976,30.30841121495327,0.7470334412081985,2073.691147054929,107,0.617703914642334
paper,200,3000000.0,14,3,exclude,launch,0,0.0,prior,0.0,rr_tour,12600.0,43200,6087514.012730155,0,5419152.49671127,668361.5160188846,0,32,0.895595217330086,36,9.788625002340355,9.73002325962481,7839.418200296043,4070.0898496679074,1.9261044571130754,2.0200964800557584,312.1790485866444,0.0,0.0,0.00089126559714795,1.1150140025662154,5.983333333333333,0.7796703296703297,1284.193190209463,840,1.0282659530639648
paper,200,3000000.0,13,4,exclude,launch,0,0.0,prior,0.0,rr_tour,12600.0,43200,4023069.9813447976,0,3420768.9732280136,602301.008116784,0,21,0.7653607336017948,23,9.765855984132136,8.91305037281427,7858.472907715733,4432.561524244303,1.77289652151089,2.0249245868465504,315.1411226167715,0.0,0.0,0.0,1.2046197684864832,5.783149171270718,0.7758713136729223,1574.2241892750521,724,0.8227813243865967
paper,200,3000000.0,12,4,exclude,launch,0,0.0,prior,0.0,rr_tour,12600.0,43200,2690886.564746937,0,2187222.9625692097,503663.6021777266,0,11,0.5283059325311102,14,9.765855984132136,8.393265415161421,7858.472907715733,4700.851994527465,1.6717124718804672,2.0276007934858105,316.7890172318002,0.0,0.0,0.0,1.2901855974432037,5.939297124600639,0.7744886975242196,1773.6923653669655,626,0.8452882766723633
paper,200,3000000.0,7,5,exclude,launch,0,0.0,prior,0.0,rr_tour,12600.0,43200,1366467.016983685,0,896727.243584891,469739.77339879423,0,0,0.0,0,9.663321305923791,8.689175757197546,7945.393769630588,4556.317213313437,1.7438192728140967,2.020679580673133,312.53604192092496,0.0,0.007067137809187279,0.0,2.229177150641895,17.9811320754717,0.7845817386550027,1736.8599154183776,212,0.6336615085601807
paper,200,3000000.0,14,4,exclude,launch,0,0.0,prior,0.0,rr_tour,12600.0,43200,4934614.436121384,0,4233282.253737316,701332.1823840676,0,27,0.8054770791706463,38,9.765855984132136,8.977884491859252,7858.472907715733,4394.548661101795,1.788232083370643,2.027690636402899,316.84441324505883,0.0,0.0,0.0,1.1264020303351925,4.709832134292566,0.749055585536967,1672.1074143145242,834,0.8603365421295166
paper,200,3000000.0,5,6,exclude,launch,0,0.0,prior,0.0,rr_tour,12600.0,43200,1826409.2254789218,0,1159957.484402127,666451.7410767946,0,0,0.0,0,9.565347295314297,9.2203098902184,8030.189446355909,4289.717265152842,1.8719624045128753,2.022627000519373,313.72979465737484,0.0,0.020689655172413793,0.0,3.138032703342502,30.314814814814813,0.7377919320594479,2046.0575455576666,108,0.3056511878967285
paper,200,3000000.0,15,4,exclude,launch,0,0.0,prior,0.0,rr_tour,12600.0,43200,7629764.816083211,0,6671269.477812675,958495.3382705359,0,41,0.9044482714029606,50,9.765855984132136,9.495651539220228,7858.472907715733,4159.145597273593,1.8894440514097717,2.025634542237493,315.57786426921336,0.0,0.0,0.0,1.0485237907167877,4.27783558792924,0.7059782608695652,1594.426586396876,961,0.8908429145812988
paper,200,3000000.0,8,5,exclude,launch,0,0.0,prior,0.0,rr_tour,12600.0,43200,1281166.6939712574,0,869647.6741960328,411519.0197752247,0,0,0.0,0,9.663321305923791,8.278499159003923,7945.393769630588,4781.370466277172,1.6617398349843742,2.0210915360697044,312.7883775099565,0.0,0.0,0.0,1.9606131671300855,14.291970802919709,0.7989071038251366,1695.9537711533185,274,0.6787242889404297
paper,200,3000000.0,9,5,exclude,launch,0,0.0,prior,0.0,rr_tour,12600.0,43200,1273395.8606041933,0,873550.012770064,399845.84783412924,0,0,0.0,0,9.663321305923791,8.212125673153464,7945.393769630588,4818.587835110533,1.6489050405466625,2.0216902666083265,313.15530026465797,0.0,0.0,0.0,1.7415505776768165,11.08,0.8009895547003848,1697.8555566259588,350,0.6707339286804199
paper,200,3000000.0,4,6,exclude,launch,0,0.0,prior,0.0,rr_tour,12600.0,43200,2310280.44152257,0,1369943.6627126157,940336.7788099544,0,0,0.0,0,9.565347295314297,9.370128857541193,8030.189446355909,4213.896982041066,1.905644461784247,2.026098287830542,315.8633088866308,0.0,0.12903225806451613,0.0,3.921899736351407,39.43478260869565,0.695697796432319,2472.1984626695444,69,0.42969703674316406
paper,200,3000000.0,15,3,exclude,launch,0,0.0,prior,0.0,rr_tour,12600.0,43200,6942330.793853074,0,6178792.786723192,763538.0071298825,0,39,0.9125270754195566,47,9.788625002340355,9.96665845136532,7839.418200296043,3972.6621737545743,1.9733412652319708,2.020499634263695,312.42585105970073,0.0,0.0,0.0,1.0485898475255249,5.039501039501039,0.751219512195122,1356.5733455847144,962,1.2214112281799316
paper,200,3000000.0,7,6,exclude,launch,0,0.0,prior,0.0,rr_tour,12600.0,43200,1402654.579945643,0,941937.7331114555,460716.8468341875,0,0,0.0,0,9.565347295314297,8.461896746281807,8030.189446355909,4679.378605852359,1.7160803009854324,2.020384742600054,312.3555068792935,0.0,0.031914893617021274,0.0,2.2502367360913413,18.080568720379148,0.7811663991439273,1752.791831421937,211,0.38920140266418457
paper,200,3000000.0,10,5,exclude,launch,0,0.0,prior,0.0,rr_tour,12600.0,43200,1468887.4741329164,0,1023143.1540775304,445744.32005538617,0,1,0.09148915616008514,1,9.663321305923791,7.931021530798966,7945.393769630588,4982.222296650658,1.5947489486713486,2.0245931220863405,314.9373197479905,0.0,0.001736111111111111,0.0,1.5592823200694887,8.63341067285383,0.7834882449425916,1773.1506416460843,431,0.779799222946167
paper,200,3000000.0,12,5,exclude,launch,0,0.0,prior,0.0,rr_tour,12600.0,43200,2735785.340438879,0,2271666.608859773,464118.7315791064,0,11,0.5628070455244009,16,9.663321305923791,8.349480787447275,7945.393769630588,4728.0507419428595,1.680479800934973,2.0265083077239643,316.11579174789495,0.0,0.0,0.0,1.303780786214824,6.077419354838709,0.7915523861766319,1749.3451249914103,620,0.7838053703308105
paper,200,3000000.0,4,7,exclude,launch,0,0.0,prior,0.0,rr_tour,12600.0,43200,2098979.7799280286,0,1305998.4501201108,792981.3298079176,0,0,0.0,0,9.155887935578711,9.115041395153604,8404.213539551529,4332.047009589814,1.940009773889156,2.0259941215882544,315.7991812600962,0.0,0.021505376344086023,0.0,3.9231179642841836,39.84057971014493,0.6940376569037657,2468.6313172210303,69,0.2716257572174072
paper,200,3000000.0,13,5,exclude,launch,0,0.0,prior,0.0,rr_tour,12600.0,43200,3846824.8794971127,0,3192021.6201814637,654803.2593156487,0,19,0.7148267468664532,24,9.663321305923791,8.594934206359117,7945.393769630588,4592.945393489954,1.7299125264786293,2.026544517537616,316.1380939459612,0.0,0.0,0.0010449320794148381,1.2185237769768402,5.161559888579387,0.7487711632987438,1775.6361731617933,718,0.7898454666137695
paper,200,3000000.0,11,5,exclude,launch,0,0.0,prior,0.0,rr_tour,12600.0,43200,2091408.0973461713,0,1666458.3551793245,424949.7421668467,0,5,0.409837538785644,8,9.663321305923791,8.1529769018572,7945.393769630588,4845.9134293763045,1.6396070390909159,2.024874558447512,315.1103581658945,0.0,0.0,0.0,1.4298179752474895,7.228239845261122,0.7694001100715465,1762.5968591533049,517,0.871870756149292
paper,200,3000000.0,6,6,exclude,launch,0,0.0,prior,0.0,rr_tour,12600.0,43200,1577556.744863689,0,1024409.5710177624,553147.1738459264,0,0,0.0,0,9.565347295314297,8.208831957372546,8030.189446355909,4820.016465285612,1.666008716814638,2.0219019907047047,313.2851035818717,0.0,0.014423076923076924,0.0,2.6034467270672312,22.0974025974026,0.7615753060138372,1944.1518062362331,154,0.6213502883911133
paper,200,3000000.0,14,5,exclude,launch,0,0.0,prior,0.0,rr_tour,12600.0,43200,5000001.975358481,0,4190515.1555932383,809486.8197652426,0,27,0.7634412175323994,39,9.663321305923791,8.751091417300833,7945.393769630588,4501.748317282771,1.7649573475992062,2.03070367800914,318.70502155847055,0.0,0.0,0.0,1.1231079419344816,3.9272076372315037,0.7217343578485181,1995.5705149087266,838,0.806903600692749
paper,200,3000000.0,5,7,exclude,launch,0,0.0,prior,0.0,rr_tour,12600.0,43200,1631068.7525056764,0,1052532.107400336,578536.6451053403,0,0,0.0,0,9.155887935578711,9.881469592249262,8404.213539551529,4004.474391495646,2.0987057770676882,2.0217289395348486,313.17900776490205,0.0,0.020833333333333332,0.0,3.1451824462503195,32.19626168224299,0.741014799154334,1949.422561826134,107,0.3547241687774658
paper,200,3000000.0,12,6,exclude,launch,0,0.0,prior,0.0,rr_tour,12600.0,43200,3054560.875209398,0,2493763.208595565,560797.6666138332,0,12,0.558420623228219,16,9.565347295314297,8.187183433177381,8030.189446355909,4821.483080127808,1.6655019447134605,2.0266316423041024,316.19175869400567,0.0,0.0,0.0,1.3159220310475528,5.794117647058823,0.77502691065662,1852.7300746452845,612,0.4588024616241455
paper,200,3000000.0,8,6,exclude,launch,0,0.0,prior,0.0,rr_tour,12600.0,43200,1346284.1970131134,0,908026.0935316853,438258.10348142806,0,0,0.0,0,9.565347295314297,8.326019301653066,8030.189446355909,4756.236200111783,1.6883495916723357,2.0201757780497047,312.2275854357963,0.0,0.0027247956403269754,0.0,1.9751770842182137,14.208029197080291,0.78586609989373,1712.9832604895444,274,0.7253909111022949
paper,200,3000000.0,11,6,exclude,launch,0,0.0,prior,0.0,rr_tour,12600.0,43200,2340996.551219688,0,1758028.9059442019,582967.6452754859,0,5,0.3362599175765974,9,9.565347295314297,7.864260285231791,8030.189446355909,5016.647699201149,1.6007082673225461,2.027769118636588,316.89280836690875,0.0,0.0,0.0,1.4072436907292085,6.270476190476191,0.7534983853606028,2005.336342016484,525,0.6679761409759521
paper,200,3000000.0,9,6,exclude,launch,0,0.0,prior,0.0,rr_tour,12600.0,43200,1248842.8158577115,0,862508.472779939,386334.3430777724,0,0,0.0,0,9.565347295314297,8.323356640482393,8030.189446355909,4757.144919236718,1.6880270798318142,2.020436015608025,312.38689858499475,0.0,0.0,0.0,1.7653081468006877,11.818713450292398,0.7914870689655172,1626.60865275191,342,0.7650048732757568
paper,200,3000000.0,15,5,exclude,launch,0,0.0,prior,0.0,rr_tour,12600.0,43200,8080690.472830743,0,7053976.189232907,1026714.2835978348,0,44,0.9010471560312217,62,9.663321305923791,9.196407827138481,7945.393769630588,4288.311626874898,1.8528023289717834,2.0285486469901244,317.37369576756447,0.0,0.0,0.0,1.049605466561781,3.7931392931392933,0.6766794101583834,1799.7628518735487,962,0.9730570316314697
paper,200,3000000.0,10,6,exclude,launch,0,0.0,prior,0.0,rr_tour,12600.0,43200,1720883.890569961,0,1199597.8345691026,521286.0560008583,0,1,0.13888633354847948,4,9.565347295314297,7.682507266142503,8030.189446355909,5142.160693541636,1.5616372036839554,2.025076169293561,315.23434585606816,0.0,0.0,0.0,1.5696811434870868,8.201405152224824,0.7676169983862292,1888.7703417582586,427,0.7084963321685791
paper,200,3000000.0,10,7,exclude,launch,0,0.0,prior,0.0,rr_tour,12600.0,43200,1212757.275954995,0,871750.8758848179,341006.4000701771,0,1,0.06678000538701402,3,9.155887935578711,8.810317147954155,8404.213539551529,4494.709287124222,1.8698013603742238,2.020211493391053,312.24944737416087,0.0,0.0,0.0,1.5384319489583353,9.944315545243619,0.8086486486486486,1522.2347566514425,431,0.4853334426879883
paper,200,3000000.0,6,7,exclude,launch,0,0.0,prior,0.0,rr_tour,12600.0,43200,1379986.4610944067,0,918317.5922088216,461668.8688855851,0,0,0.0,0,9.155887935578711,9.486877041937806,8404.213539551529,4174.681897294975,2.0131386645284564,2.0199625909326655,312.09710607062283,0.0,0.009708737864077669,0.0,2.6338969952175235,24.842105263157894,0.7782515991471215,1743.0627082565752,152,0.6423823833465576
paper,200,3000000.0,13,6,exclude,launch,0,0.0,prior,0.0,rr_tour,12600.0,43200,4354651.076242113,0,3746936.90551266,607714.1707294526,0,23,0.7485347339382215,32,9.565347295314297,8.657918164374987,8030.189446355909,4561.203131560611,1.7605419479768682,2.02580247165262,315.6812132545874,0.0,0.0,0.0,1.2047371646856566,5.1035911602209945,0.7553995680345572,1780.5595836764787,724,0.8344681262969971
paper,200,3000000.0,7,8,exclude,launch,0,0.0,prior,0.0,rr_tour,12600.0,43200,1348692.5051121786,0,915554.3028484586,433138.2022637201,0,0,0.0,0,9.611476108142018,9.439503353165712,7990.04999508496,4197.265052135486,1.9036324596703225,2.019177260526334,311.6166865121888,0.0,0.007142857142857143,0.0,2.254623888370086,18.947619047619046,0.8028571428571428,1665.8745253169275,210,0.3906733989715576
paper,200,3000000.0,7,7,exclude,launch,0,0.0,prior,0.0,rr_tour,12600.0,43200,1226234.9539732595,0,845781.9009730069,380453.05300025275,0,0,0.0,0,9.155887935578711,9.316143469159055,8404.213539551529,4253.40754056575,1.9758778013624518,2.018909363482766,311.45288729785653,0.0,0.014184397163120567,0.0,2.2375425829679094,19.84285714285714,0.7946380697050939,1592.3821065354152,210,0.7218756675720215
paper,200,3000000.0,4,8,exclude,launch,0,0.0,prior,0.0,rr_tour,12600.0,43200,2058987.6346102504,0,1301317.9599887012,757669.6746215491,0,0,0.0,0,9.611476108142018,11.908318866003459,7990.04999508496,3317.822849116282,2.408220799737137,2.024819609654132,315.0765696994942,0.0,0.03225806451612903,0.0,3.9287455600880214,39.82608695652174,0.7170758928571429,2452.7614468904253,69,0.46073269844055176
paper,200,3000000.0,13,7,exclude,launch,0,0.0,prior,0.0,rr_tour,12600.0,43200,2236238.3922280315,0,1807306.3711808233,428932.02104720805,0,8,0.469257634089045,15,9.155887935578711,8.933942795302757,8404.213539551529,4420.000873974089,1.9014054022109672,2.0259301348979992,315.75979250754824,0.0,0.0,0.0,1.1902418203045424,5.343324250681199,0.7768147345612134,1679.919785858556,734,0.5217840671539307
paper,200,3000000.0,14,6,exclude,launch,0,0.0,prior,0.0,rr_tour,12600.0,43200,6282002.490813439,0,5502353.462075282,779649.0287381569,0,36,0.8587265819806317,45,9.565347295314297,9.06581527193071,8030.189446355909,4361.465824203841,1.8411675730192776,2.023255118456494,314.1153112342242,0.0,0.0,0.0,1.1353990054011807,4.661835748792271,0.7134344528710725,1705.0704813537538,828,0.8734710216522217
paper,200,3000000.0,8,8,exclude,launch,0,0.0,prior,0.0,rr_tour,12600.0,43200,1167431.208538821,0,822276.4003168748,345154.80822194606,0,0,0.0,0,9.611476108142018,9.290336571083856,7990.04999508496,4265.647635338853,1.8731153339744266,2.018708266521603,311.3299596838347,0.0,0.002717391304347826,0.0,1.9561564013965573,15.299270072992702,0.8164772727272728,1586.5203180587328,274,0.44468092918395996
paper,200,3000000.0,8,7,exclude,launch,0,0.0,prior,0.0,rr_tour,12600.0,43200,1190053.066151056,0,823829.8466155871,366223.2195354688,0,0,0.0,0,9.155887935578711,8.795969227623363,8404.213539551529,4504.524123536028,1.8657272797452054,2.0190978604398317,311.56813474591286,0.0,0.005449591280653951,0.0,1.9639844314443435,15.682481751824817,0.7883484767504009,1545.0033062698328,274,0.7698874473571777
paper,200,3000000.0,5,8,exclude,launch,0,0.0,prior,0.0,rr_tour,12600.0,43200,1715096.4278074943,0,1149471.6183778471,565624.809429647,0,0,0.0,0,9.611476108142018,9.325554588791595,7990.04999508496,4240.949608804001,1.8840237994099274,2.022796558920264,313.83384028173987,0.0,0.013888888888888888,0.0,3.146692743964632,28.981308411214954,0.7519685039370079,2161.3812545722944,107,0.5172114372253418
paper,200,3000000.0,9,7,exclude,launch,0,0.0,prior,0.0,rr_tour,12600.0,43200,1127898.0745233998,0,790332.2935022827,337565.78102111694,0,0,0.0,0,9.155887935578711,8.83367224801702,8404.213539551529,4484.75817894102,1.873950211856463,2.0193410535231844,311.71685501932666,0.0,0.0,0.0,1.717680729073184,12.429378531073446,0.8019323671497585,1508.3373909171742,354,0.8338994979858398
paper,200,3000000.0,6,8,exclude,launch,0,0.0,prior,0.0,rr_tour,12600.0,43200,1435419.6005892348,0,965712.3066516647,469707.2939375702,0,0,0.0,0,9.611476108142018,10.885062873994634,7990.04999508496,3639.5337962040658,2.195349855912415,2.0193578570371713,311.72713221102407,0.0,0.09803921568627451,0.0,2.6492852482226237,24.706666666666667,0.7982857142857143,1756.1398557701839,150,0.6187179088592529
paper,200,3000000.0,15,6,exclude,launch,0,0.0,prior,0.0,rr_tour,12600.0,43200,8002101.500903816,0,7079417.51728277,922683.9836210456,0,49,0.9208458626168252,61,9.565347295314297,9.750140039199648,8030.189446355909,4061.999303329608,1.976905668047158,2.0199438118763844,312.0856138154786,0.0,0.0,0.0007861635220125787,1.0557375012356236,4.576519916142558,0.7086056644880174,1499.0543884140675,954,1.0325963497161865
paper,200,3000000.0,5,9,exclude,launch,0,0.0,prior,0.0,rr_tour,12600.0,43200,1867702.1745255264,0,1152554.8541847959,715147.3203407302,0,0,0.0,0,9.741250533764733,8.803454996791857,7879.164612665201,4488.658549589713,1.7553495160342276,2.0245115951062385,314.8872025521386,0.0,0.05517241379310345,0.0,3.1564001345804704,29.99074074074074,0.7553837658752071,2076.4593193716273,108,0.29318761825561523
paper,200,3000000.0,12,7,exclude,launch,0,0.0,prior,0.0,rr_tour,12600.0,43200,1805547.263431598,0,1433447.9059299596,372099.35750163835,0,4,0.3629291042689382,5,9.155887935578711,8.902049101479665,8404.213539551529,4443.015092492104,1.8915563788547867,2.022656866129804,313.74811975272945,0.0,0.0,0.0,1.296905787805801,6.708064516129032,0.7929539295392954,1581.3172665165578,620,0.8829898834228516
paper,200,3000000.0,14,8,exclude,launch,0,0.0,prior,0.0,rr_tour,12600.0,43200,4466737.594456228,0,3926972.524167144,539765.0702890845,0,25,0.7872030069790327,34,9.611476108142018,9.31844741840722,7990.04999508496,4240.547329366489,1.8842025272899436,2.0245313827131977,314.8993662492652,0.0,0.0,0.0,1.114020702561853,4.7053254437869825,0.7930835734870317,1653.72338879505,845,0.531714677810669
paper,200,3000000.0,4,9,exclude,launch,0,0.0,prior,0.0,rr_tour,12600.0,43200,2150314.5823044796,0,1304854.0316120365,845460.5506924428,0,0,0.0,0,9.741250533764733,9.23867305727254,7879.164612665201,4269.944136207212,1.8452617555001287,2.0279544472203703,317.00710366804105,0.0,0.043010752688172046,0.0,3.912052255619191,39.31884057971015,0.7093596059113301,2465.74188360554,69,0.443706750869751
paper,200,3000000.0,8,9,exclude,launch,0,0.0,prior,0.0,rr_tour,12600.0,43200,1320684.247421549,0,871494.5912493115,449189.6561722375,0,0,0.0,0,9.741250533764733,8.466653682511808,7879.164612665201,4674.434824663358,1.68558658066917,2.021385203223216,312.9683200089991,0.0,0.0,0.0,1.965588358902309,14.463503649635037,0.7961111111111111,1673.3085816656358,274,0.40920352935791016
paper,200,3000000.0,11,7,exclude,launch,0,0.0,prior,0.0,rr_tour,12600.0,43200,1529225.617084066,0,1260684.210407559,268541.406676507,0,4,0.4440857598143865,4,9.155887935578711,9.810982595953615,8404.213539551529,4042.600963559616,2.0789124663324174,2.0170497333220228,310.3170480151193,0.0,0.0,0.0,1.4432234518611884,10.307992202729045,0.8286020353508302,1251.5746414506295,513,1.0000159740447998
paper,200,3000000.0,14,7,exclude,launch,0,0.0,prior,0.0,rr_tour,12600.0,43200,3369929.8178098015,0,2840152.193832301,529777.6239775007,0,17,0.699322762642364,21,9.155887935578711,9.291311176594883,8404.213539551529,4253.336172847156,1.9759109550764244,2.024339139578755,314.7812018618832,0.0,0.0,0.0,1.1279840122705374,4.936526946107785,0.7766990291262136,1596.4916546449122,835,0.9139573574066162
paper,200,3000000.0,10,9,exclude,launch,0,0.0,prior,0.0,rr_tour,12600.0,43200,1573530.4534299392,0,1025321.54741344,548208.9060164992,0,0,0.0,2,9.741250533764733,7.5916757365589715,7879.164612665201,5195.045854964181,1.5166689250945076,2.0284436704601063,317.3089149928366,0.0,0.0,0.0,1.5512747572002814,7.702764976958525,0.7651345291479821,1978.2531986959468,434,0.4122002124786377
paper,200,3000000.0,10,8,exclude,launch,0,0.0,prior,0.0,rr_tour,12600.0,43200,1633709.9028394804,0,1171966.3619712954,461743.5408681851,0,1,0.14940834949367196,2,9.611476108142018,8.07816255690428,7990.04999508496,4893.316400229702,1.6328496548291649,2.0238303328264986,314.46856512468565,0.0,0.0,0.0,1.5416693548903673,8.22528735632184,0.7852233676975945,1852.6543791596932,435,0.7007460594177246
paper,200,3000000.0,9,8,exclude,launch,0,0.0,prior,0.0,rr_tour,12600.0,43200,1181679.9625488732,0,839495.0165803266,342184.94596854644,0,0,0.0,0,9.611476108142018,8.644798322755134,7990.04999508496,4580.417161754054,1.7443935154642551,2.0203661699814814,312.34413625280314,0.0,0.0,0.0,1.7209685057141177,11.663817663817664,0.8181818181818182,1617.1324030576588,351,0.7508623600006104
paper,200,3000000.0,4,10,exclude,launch,0,0.0,prior,0.0,rr_tour,12600.0,43200,2164220.1396979042,0,1328048.990226817,836171.1494710869,0,0,0.0,0,9.31057638717239,11.22058091718495,8259.045556358145,3519.517798887578,2.3466412242519703,2.025776268348044,315.66508581181125,0.0,0.021739130434782608,0.0,3.9362820627537767,39.69117647058823,0.7100108813928183,2445.4119463192706,68,0.2550332546234131
paper,200,3000000.0,13,8,exclude,launch,0,0.0,prior,0.0,rr_tour,12600.0,43200,3170431.918623159,0,2571203.7821194776,599228.1365036813,0,13,0.6017235287296014,22,9.611476108142018,8.647434308037793,7990.04999508496,4563.323207891725,1.7509279161439009,2.0273161764252516,316.61355790349955,0.0,0.0,0.0,1.210039190774359,4.915395284327323,0.7829059829059829,1855.6360596077834,721,0.7832472324371338
paper,200,3000000.0,11,8,exclude,launch,0,0.0,prior,0.0,rr_tour,12600.0,43200,1804492.6138939979,0,1375552.5271016702,428940.0867923275,0,4,0.31541596787108833,5,9.611476108142018,8.555859168028135,7990.04999508496,4622.616115195627,1.728469290110374,2.022732864099387,313.79475339268083,0.0,0.0,0.0,1.4211954417370936,7.648076923076923,0.8182336182336183,1657.2403095926331,520,0.7907471656799316
paper,200,3000000.0,12,8,exclude,launch,0,0.0,prior,0.0,rr_tour,12600.0,43200,2274750.4707326596,0,1810436.870717068,464313.6000155919,0,8,0.4551312930503335,12,9.611476108142018,8.570480772173264,7990.04999508496,4611.856444655566,1.73250188746534,2.0239930725427064,314.5685437846358,0.0,0.0,0.0,1.3149712467968462,6.181076672104404,0.7867730900798175,1735.7155927675792,613,0.800748348236084
paper,200,3000000.0,6,9,exclude,launch,0,0.0,prior,0.0,rr_tour,12600.0,43200,1488033.8874163737,0,964461.83460091,523572.05281546374,0,0,0.0,0,9.741250533764733,8.783523463516422,7879.164612665201,4503.620582932516,1.7495178529303888,2.0223644660428213,313.56873042810696,0.0,0.01932367149758454,0.0,2.636621761445668,23.77777777777778,0.7779005524861878,1833.2281667798118,153,0.5857319831848145
paper,200,3000000.0,7,9,exclude,launch,0,0.0,prior,0.0,rr_tour,12600.0,43200,1337842.7935374647,0,887508.544179401,450334.24935806356,0,0,0.0,0,9.741250533764733,8.693697375693286,7879.164612665201,4552.806595818457,1.7306170264078098,2.021185931772835,312.84621217522573,0.0,0.0,0.0,2.2434439479427217,18.571428571428573,0.7814238042269188,1701.1657753311001,210,0.666240930557251
paper,200,3000000.0,9,9,exclude,launch,0,0.0,prior,0.0,rr_tour,12600.0,43200,1373295.1275589615,0,924600.0668500751,448695.0607088863,0,0,0.0,0,9.741250533764733,7.9890153601367615,7879.164612665201,4949.092897215594,1.5920421734451766,2.023350518409588,314.1738850587518,0.0,0.002136752136752137,0.0,1.7340610339944857,10.461538461538462,0.7923162583518931,1797.7471500875556,351,0.6722419261932373
paper,200,3000000.0,6,10,exclude,launch,0,0.0,prior,0.0,rr_tour,12600.0,43200,1549987.855080772,0,1040565.8762983647,509421.9787824073,0,0,0.0,0,9.31057638717239,8.576368689905078,8259.045556358145,4612.583337941256,1.7905466310868698,2.022284804051205,313.5198661782032,0.0,0.004807692307692308,0.0,2.614308169357741,22.09090909090909,0.756243213897937,1939.9274345090323,154,0.3340468406677246
paper,200,3000000.0,12,9,exclude,launch,0,0.0,prior,0.0,rr_tour,12600.0,43200,3864502.6444712104,0,2943397.919058475,921104.7254127354,0,14,0.578285211452245,21,9.741250533764733,7.823669169568453,7879.164612665201,5030.463925621197,1.5662898550042235,2.0326914966508998,319.93551817652246,0.0,0.0,0.0,1.3115130850725318,4.635332252836305,0.7077958496915311,2309.272039835047,617,0.6262364387512207
paper,200,3000000.0,11,9,exclude,launch,0,0.0,prior,0.0,rr_tour,12600.0,43200,2600716.9650309416,0,1941512.2417770226,659204.7232539188,0,7,0.4675852970046442,9,9.741250533764733,7.848960333289388,7879.164612665201,5025.882492335083,1.5677176346008141,2.0279886607741053,317.0282060040416,0.0,0.0,0.0,1.4269586277858353,6.629343629343629,0.7591973244147158,1909.864070364489,518,0.6827435493469238
paper,200,3000000.0,8,10,exclude,launch,0,0.0,prior,0.0,rr_tour,12600.0,43200,1288017.3717917402,0,885801.1422590143,402216.2295327259,0,0,0.0,0,9.31057638717239,8.560612613149814,8259.045556358145,4623.260429830795,1.786411490702118,2.02132796370859,312.9332428359405,0.0,0.005305039787798408,0.0,1.9098505682926672,14.209964412811388,0.7954048140043763,1660.755893488191,281,0.40018272399902344
paper,200,3000000.0,13,9,exclude,launch,0,0.0,prior,0.0,rr_tour,12600.0,43200,5909035.008141667,0,4946992.326936565,962042.6812051014,0,31,0.8140631265261725,39,9.741250533764733,8.542336717269185,7879.164612665201,4620.002879132345,1.7054458230435,2.027080774031024,316.46847491525006,0.0,0.0,0.0,1.2133109113520126,4.611111111111111,0.6901012373453318,1987.3393051415628,720,0.7168567180633545
paper,200,3000000.0,5,10,exclude,launch,0,0.0,prior,0.0,rr_tour,12600.0,43200,1829939.0555390276,0,1155063.4031676643,674875.6523713634,0,0,0.0,0,9.31057638717239,8.617739760255347,8259.045556358145,4585.915303639793,1.8009590255195136,2.0242799910636586,314.7448500280108,0.0,0.03424657534246575,0.0,3.0856960823150232,28.26851851851852,0.7397408207343412,2192.4288540923767,108,0.5021984577178955
paper,200,3000000.0,15,8,exclude,launch,0,0.0,prior,0.0,rr_tour,12600.0,43200,5802929.880013391,0,5196347.243471504,606582.6365418868,0,35,0.8716433169499609,45,9.611476108142018,9.835372672292129,7990.04999508496,4023.8466378203266,1.9856745831180789,2.021425530928636,312.993034569854,0.0,0.0,0.0,1.0618347391225729,4.683157894736842,0.798175598631699,1477.692025915002,950,1.0124177932739258
paper,200,3000000.0,4,11,exclude,launch,0,0.0,prior,0.0,rr_tour,12600.0,43200,2219070.5684317267,0,1353874.041691565,865196.5267401616,0,0,0.0,0,8.802774966747505,10.365015655968325,8754.709960082677,3811.2177673035494,2.2970899315146367,2.025145634589843,315.27707163558375,0.0,0.03225806451612903,0.0,3.93466626248062,39.710144927536234,0.7081545064377682,2463.4854795904803,69,0.41419053077697754
paper,200,3000000.0,15,9,exclude,launch,0,0.0,prior,0.0,rr_tour,12600.0,43200,9012258.702126645,0,7757874.779833859,1254383.9222927846,0,55,0.9095328281561653,72,9.741250533764733,9.167960767559421,7879.164612665201,4301.035574352845,1.8319226791912175,2.028823217275489,317.5431637215264,0.0,0.0,0.0,1.0453639394474044,3.4145077720207255,0.6197975253093363,1992.39261859151,965,0.7887289524078369
paper,200,3000000.0,5,11,exclude,launch,0,0.0,prior,0.0,rr_tour,12600.0,43200,1884750.100406397,0,1193072.5148485715,691677.5855578254,0,0,0.0,0,8.802774966747505,8.219850593671874,8754.709960082677,4809.57441582415,1.8202670762881843,2.023575508766573,314.3120466440248,0.0,0.027586206896551724,0.0,3.118890619384756,28.38888888888889,0.7482327351821643,2188.8008928542663,108,0.4741990566253662
paper,200,3000000.0,7,10,exclude,launch,0,0.0,prior,0.0,rr_tour,12600.0,43200,1405506.503268979,0,959670.654039783,445835.84922919585,0,0,0.0,0,9.31057638717239,8.54631040297705,8259.045556358145,4631.180660334403,1.783356375426258,2.02124799278975,312.88423883312805,0.0,0.0035587188612099642,0.0,2.2408275143654715,18.19905213270142,0.7792278412180533,1730.4510189722916,211,0.619715690612793
paper,200,3000000.0,14,9,exclude,launch,0,0.0,prior,0.0,rr_tour,12600.0,43200,7364759.679762615,0,6316325.772813774,1048433.9069488407,0,42,0.8935995779782542,51,9.741250533764733,9.08901497647611,7879.164612665201,4346.479609046756,1.8127692572778944,2.025048930758966,315.2175931350298,0.0,0.0,0.0,1.1225461669915044,4.651551312649165,0.6891133557800224,1686.5006600219576,838,0.8438854217529297
paper,200,3000000.0,14,10,exclude,launch,0,0.0,prior,0.0,rr_tour,12600.0,43200,4920520.148334643,0,4379115.547049571,541404.6012850717,0,26,0.8074699513038376,36,9.31057638717239,9.042845332621498,8259.045556358145,4363.781052335363,1.892635184329002,2.0273182594268873,316.6148418455668,0.0,0.0,0.0,1.1235640337879276,4.838095238095238,0.7956284153005464,1619.4833385179736,840,0.5267014503479004
paper,200,3000000.0,6,11,exclude,launch,0,0.0,prior,0.0,rr_tour,12600.0,43200,1621095.5153709038,0,1064957.7939455684,556137.7214253353,0,0,0.0,0,8.802774966747505,8.363649092411261,8754.709960082677,4731.779392937853,1.8501940249262294,2.021481146842755,313.0271200065569,0.0,0.00966183574879227,0.0,2.6213670053338767,22.104575163398692,0.7704918032786885,1949.5092709009662,153,0.5166990756988525
paper,200,3000000.0,10,11,exclude,launch,0,0.0,prior,0.0,rr_tour,12600.0,43200,1916696.0379357352,0,1433398.2629894407,483297.7749462945,0,2,0.24840779912016447,3,8.802774966747505,7.946670110682259,8754.709960082677,4974.560296995434,1.7598962395471216,2.023718505742732,314.39987370003956,0.0,0.0,0.0,1.5486286451224536,8.214780600461895,0.7750959956116292,1862.2493572581461,433,0.40117740631103516
paper,200,3000000.0,9,10,exclude,launch,0,0.0,prior,0.0,rr_tour,12600.0,43200,1309388.6883583884,0,904133.6402294225,405255.04812896595,0,0,0.0,0,9.31057638717239,7.984848304425801,8259.045556358145,4952.396523329249,1.667686647757761,2.023056011621242,313.99308087430916,0.0,0.002150537634408602,0.0,1.7348298021655053,11.158045977011493,0.8008849557522124,1678.8894281396185,348,0.6867127418518066
paper,200,3000000.0,10,10,exclude,launch,0,0.0,prior,0.0,rr_tour,12600.0,43200,1750734.7548145084,0,1259014.161503305,491720.59331120364,0,2,0.16871232170719827,4,9.31057638717239,7.6118880784553,8259.045556358145,5185.746415473484,1.5926435453369645,2.0266852985551598,316.2248106807892,0.0,0.0,0.0,1.5673973540398898,8.174825174825175,0.7807162534435261,1889.4016780651305,429,0.6767125129699707
paper,200,3000000.0,11,10,exclude,launch,0,0.0,prior,0.0,rr_tour,12600.0,43200,2230240.0861126995,0,1782159.4381049937,448080.648007706,0,6,0.4573963811301153,9,9.31057638717239,8.143889461946475,8259.045556358145,4851.253680954855,1.702455921606752,2.0249025692221836,315.12758291946983,0.0,0.0,0.0,1.4448735359789584,7.704500978473582,0.7944903581267218,1682.099856806458,511,0.7307193279266357
paper,200,3000000.0,7,11,exclude,launch,0,0.0,prior,0.0,rr_tour,12600.0,43200,1412592.1573402015,0,952236.0770597914,460356.08028041007,0,0,0.0,0,8.802774966747505,8.930525620232615,8754.709960082677,4436.010961528101,1.9735546273462963,2.019390717560997,311.7472305148572,0.0,0.0,0.0,2.269757365272771,18.98095238095238,0.7854406130268199,1667.9059490206794,210,0.6527087688446045
paper,200,3000000.0,12,10,exclude,launch,0,0.0,prior,0.0,rr_tour,12600.0,43200,3163968.4630182656,0,2630236.109885951,533732.3531323149,0,11,0.6242108037764126,15,9.31057638717239,8.338684446036726,8259.045556358145,4733.619071907004,1.7447634528460008,2.0267451453758243,316.26167806584687,0.0,0.0,0.0,1.3120548574994606,6.2353896103896105,0.7906976744186046,1713.348907863455,616,0.7882275581359863
paper,200,3000000.0,4,12,exclude,launch,0,0.0,prior,0.0,rr_tour,12600.0,43200,2349862.455880115,0,1450264.6059609698,899597.8499191448,0,0,0.0,0,8.978508258459357,10.856924734487384,8576.832776345937,3638.163244199781,2.3574623238854757,2.02535416758286,315.40535069386203,0.0,0.20652173913043478,0.0,3.9168719584790477,39.455882352941174,0.7083563918096292,2427.9710736542975,68,0.4005441665649414
paper,200,3000000.0,8,11,exclude,launch,0,0.0,prior,0.0,rr_tour,12600.0,43200,1352786.574123151,0,918040.8253787253,434745.7487444256,0,0,0.0,0,8.802774966747505,8.673406075980179,8754.709960082677,4567.427297826467,1.9167705119792144,2.0194293499909453,311.7708598868884,0.0,0.0027247956403269754,0.0,1.9655274033444987,14.352941176470589,0.7972602739726027,1689.7154943970727,272,0.6271953582763672
paper,200,3000000.0,9,11,exclude,launch,0,0.0,prior,0.0,rr_tour,12600.0,43200,1539233.5685129617,0,1009436.126077947,529797.4424350148,0,0,0.0,1,8.802774966747505,7.65979360839237,8754.709960082677,5161.494913929619,1.6961578197928366,2.02347300767706,314.24909923305836,0.0,0.0,0.0,1.7132683106887914,9.81586402266289,0.7693150684931507,1907.9193282862739,353,0.6427035331726074
paper,200,3000000.0,13,11,exclude,launch,0,0.0,prior,0.0,rr_tour,12600.0,43200,4242333.396591124,0,3763272.433522512,479060.963068612,0,21,0.764882248661174,27,8.802774966747505,9.039419010097003,8754.709960082677,4375.209477205335,2.0009807543374465,2.0227891613378635,313.8293005650632,0.0,0.0,0.0,1.1957436509245634,5.624657534246575,0.8016528925619835,1598.6407494717591,730,0.5170595645904541
ring,200,1500000.0,2,1,exclude,launch,0,0.0,prior,0.0,rr_tour,12600.0,43200,3348190.1068833694,0,2557417.3378015826,790772.7690817866,0,0,0.0,0,4.790641138341366,2.8246207833972927,8016.279765394607,6853.871360763192,1.1695988067832628,2.0661597265861262,341.00896877826096,0.0,0.041666666666666664,0.0,3.8005168583055164,41.75,0.7216981132075472,4456.127062695668,36,0.24602675437927246
paper,200,3000000.0,5,12,exclude,launch,0,0.0,prior,0.0,rr_tour,12600.0,43200,1872139.2254159914,0,1192420.4273249358,679718.7980910556,0,0,0.0,0,8.978508258459357,8.493286349814545,8576.832776345937,4654.590235258623,1.8426611888144828,2.0236377222225346,314.3502559070816,0.0,0.020689655172413793,0.0,3.122999096233519,28.444444444444443,0.7425742574257426,2173.6500458429305,108,0.49555492401123047
paper,200,3000000.0,13,10,exclude,launch,0,0.0,prior,0.0,rr_tour,12600.0,43200,4182719.3030473245,0,3721624.338962689,461094.96408463566,0,21,0.7830550570433631,24,9.31057638717239,9.020498716839684,8259.045556358145,4382.634760723813,1.884493234611712,2.023597615186928,314.32562334491,0.0,0.0,0.0,1.2108662047539014,6.133333333333334,0.8093406593406594,1490.681463776566,720,0.916245698928833
ring,200,1500000.0,6,1,exclude,launch,0,0.0,prior,0.0,rr_tour,12600.0,43200,26231490.787743516,0,24379429.998360902,1852060.789382616,0,151,0.9695913844030237,177,4.790641138341366,2.9193613543423784,8016.279765394607,6375.426457833635,1.2573715371690652,2.1491310375670176,396.15064244995517,0.0,0.0,0.010075566750629723,1.3508703034839187,1.1610738255033557,0.17391304347826086,19033.566320734084,298,0.1360185146331787
ring,200,1500000.0,5,1,exclude,launch,0,0.0,prior,0.0,rr_tour,12600.0,43200,10047707.57787342,0,8477582.718531052,1570124.8593423693,0,14,0.20256570060658957,15,4.790641138341366,2.739364058567023,8016.279765394607,6883.029429712337,1.164644121786013,2.1214393074864555,377.28783611271024,0.0,0.0,0.0035211267605633804,1.5835618510032452,2.3160377358490565,0.3036144578313253,13382.532461897603,212,0.15401816368103027
paper,200,3000000.0,11,11,exclude,launch,0,0.0,prior,0.0,rr_tour,12600.0,43200,2183698.079488521,0,1656737.1990278985,526960.8804606225,0,5,0.3489137138717835,8,8.802774966747505,8.086926146883858,8754.709960082677,4886.22300169935,1.7917131406073628,2.024571999969984,314.92433493674775,0.0,0.001445086705202312,0.0,1.4273612233583224,7.02906976744186,0.7979074889867841,1812.1033460748283,516,0.7147135734558105
ring,200,1500000.0,3,1,exclude,launch,0,0.0,prior,0.0,rr_tour,12600.0,43200,2877626.3935714066,0,2176944.5036778455,700681.8898935615,0,0,0.0,0,4.790641138341366,2.8208306879339125,8016.279765394607,6879.908554162653,1.1651724295876578,2.061105897174077,337.78371750528106,0.0,0.0,0.0,2.5927452583145447,21.935897435897434,0.8186157517899761,3837.3299419865643,78,0.25403690338134766
paper,200,3000000.0,11,12,exclude,launch,0,0.0,prior,0.0,rr_tour,12600.0,43200,2152974.6978199813,0,1620155.6428761682,532819.0549438129,0,3,0.2923515773295172,5,8.978508258459357,7.994998060734149,8576.832776345937,4935.255302385807,1.7378701304874165,2.027505310813717,316.73014912511803,0.0,0.0,0.0,1.3942842131723425,6.3314500941619585,0.7628062360801782,1964.6689941544043,531,0.4076497554779053
ring,200,1500000.0,4,1,exclude,launch,0,0.0,prior,0.0,rr_tour,12600.0,43200,3768639.5818848754,0,2853158.1190212714,915481.4628636041,0,0,0.0,0,4.790641138341366,2.8408814355890533,8016.279765394607,6788.234160635092,1.1809079615846108,2.0741973144025927,346.1699610809228,0.0,0.0,0.0,1.9534548770846858,9.5,0.6963855421686747,5022.289912601199,136,0.23813128471374512
ring,200,1500000.0,4,2,exclude,launch,0,0.0,prior,0.0,rr_tour,12600.0,43200,3774071.498788748,0,2894114.294668712,879957.2041200356,0,0,0.0,0,4.800997103893391,2.787347582613118,7998.26927637493,6905.523278268443,1.1582423161971431,2.078127880986691,348.70791832825574,0.0,0.016304347826086956,0.0,1.950003506858198,9.182481751824817,0.6842105263157895,5235.971787819012,137,0.15262174606323242
paper,200,3000000.0,6,12,exclude,launch,0,0.0,prior,0.0,rr_tour,12600.0,43200,1646904.0991622354,0,1072515.9197243748,574388.1794378608,0,0,0.0,0,8.978508258459357,8.538551038372585,8576.832776345937,4634.331638767642,1.8507162294122483,2.0217092541583734,313.16694000985797,0.0,0.014492753623188406,0.0,2.6116436979707576,22.18300653594771,0.7636761487964989,1941.697618304552,153,0.5301587581634521
ring,200,1500000.0,5,2,exclude,launch,0,0.0,prior,0.0,rr_tour,12600.0,43200,9973064.848109165,0,8445492.67407018,1527572.1740389848,0,9,0.1328339542853234,11,4.800997103893391,2.7164102528381537,7998.26927637493,6930.0485659433525,1.1541433224120798,2.124850366627392,379.58650419053345,0.0,0.007042253521126761,0.0,1.571323882107199,2.116822429906542,0.2638190954773869,14416.069288250521,214,0.15912842750549316
paper,200,3000000.0,12,11,exclude,launch,0,0.0,prior,0.0,rr_tour,12600.0,43200,3013853.691982003,0,2554364.394702092,459489.2972799107,0,12,0.6158024109660417,16,8.802774966747505,8.60436839403077,8754.709960082677,4595.642766318696,1.9050022826503483,2.023134371147275,314.0411824268789,0.0,0.0,0.0012165450121654502,1.3095501184728282,6.446428571428571,0.8065049614112458,1656.216234488787,616,0.8108248710632324
ring,200,1500000.0,2,2,exclude,launch,0,0.0,prior,0.0,rr_tour,12600.0,43200,3032869.499151899,0,2424311.502891747,608557.9962601523,0,0,0.0,0,4.800997103893391,2.819591292816049,7998.26927637493,6865.570789988227,1.1649824204039188,2.066318105631482,341.1102907192536,0.0,0.0625,0.0,3.7855193988330527,42.97222222222222,0.7758620689655172,4318.9283858276185,36,0.24663949012756348
ring,200,1500000.0,6,2,exclude,launch,0,0.0,prior,0.0,rr_tour,12600.0,43200,24930389.646638855,0,23352857.43624767,1577532.2103911866,0,150,0.9671334196866439,179,4.800997103893391,2.9267675507136492,7998.26927637493,6366.539547245313,1.2562977449555994,2.146684986110505,394.4659372113748,0.0,0.0,0.002512562814070352,1.351311505428797,1.1313131313131313,0.18295739348370926,19546.729057919714,297,0.16312146186828613
ring,200,1500000.0,5,3,exclude,launch,0,0.0,prior,0.0,rr_tour,12600.0,43200,10728919.61064531,0,9151973.39244864,1576946.2181966698,0,14,0.191705391373264,15,4.839334046393169,2.714615884423055,7932.266771253912,6940.11121867321,1.1429596041503178,2.123171984644651,378.45459212718123,0.0,0.0,0.0035087719298245615,1.5755203753024918,2.0930232558139537,0.294811320754717,14632.227643552997,215,0.17012500762939453
ring,200,1500000.0,6,3,exclude,launch,0,0.0,prior,0.0,rr_tour,12600.0,43200,25122918.78306691,0,23413669.2822202,1709249.5008467133,0,147,0.957079726989841,176,4.839334046393169,2.9209539494001,7932.266771253912,6364.025394771056,1.2464228659067558,2.1518073035718954,397.99801936846796,0.0,0.0,0.005025125628140704,1.3501546489675567,1.0838926174496644,0.17966903073286053,20334.07835816895,298,0.16161775588989258
paper,200,3000000.0,13,12,exclude,launch,0,0.0,prior,0.0,rr_tour,12600.0,43200,5813138.758716442,0,5067538.674747026,745600.0839694168,0,23,0.8177511327723586,31,8.978508258459357,8.644886101502433,8576.832776345937,4568.748033031337,1.8772829480498312,2.0255058598764393,315.4986805922746,0.0,0.0,0.0,1.2163502085758233,5.221140472878998,0.7694444444444445,1753.265147602199,719,0.4931643009185791
ring,200,1500000.0,2,4,exclude,launch,0,0.0,prior,0.0,rr_tour,12600.0,43200,3701656.345820278,0,2739080.472656108,962575.8731641703,0,0,0.0,0,4.846178161612115,2.8768058760471127,7920.593506759091,6736.699338552881,1.1757380148214427,2.0639647183739385,339.60627658336006,0.0,0.04081632653061224,0.0,3.682403630545789,36.08108108108108,0.6870588235294117,5029.918533987531,37,0.13851594924926758
paper,200,3000000.0,7,12,exclude,launch,0,0.0,prior,0.0,rr_tour,12600.0,43200,1400727.4644794457,0,951299.112917839,449428.35156160675,0,0,0.0,0,8.978508258459357,9.030689355887432,8576.832776345937,4385.944183696905,1.9555271150570224,2.019788909347441,311.9908258884128,0.0,0.0035211267605633804,0.0,2.2330797257221313,18.160377358490567,0.7829201101928375,1733.4363541519758,212,0.6001737117767334
ring,200,1500000.0,2,3,exclude,launch,0,0.0,prior,0.0,rr_tour,12600.0,43200,3958163.0370140946,0,3050096.5264022225,908066.5106118724,0,0,0.0,0,4.839334046393169,2.799566953173725,7932.266771253912,6912.072287261717,1.147596038003294,2.067097023332614,341.60881716159764,0.0,0.04081632653061224,0.0,3.681441213909739,33.78378378378378,0.705607476635514,5310.984853355941,37,0.2321310043334961
ring,200,1500000.0,3,2,exclude,launch,0,0.0,prior,0.0,rr_tour,12600.0,43200,2700386.806689713,0,2108324.03382533,592062.7728643831,0,0,0.0,0,4.800997103893391,2.7874032584182884,7998.26927637493,6956.495040241209,1.149755621201104,2.062859778548215,338.90127265666814,0.0,0.02857142857142857,0.0,2.5817294308582794,22.32051282051282,0.8482587064676617,3761.498813447792,78,0.29713988304138184
ring,200,1500000.0,4,4,exclude,launch,0,0.0,prior,0.0,rr_tour,12600.0,43200,3788714.859795257,0,2852701.7657688544,936013.0940264028,0,0,0.0,0,4.846178161612115,2.80561270678723,7920.593506759091,6866.196250815573,1.153563518639345,2.0764240918020036,347.60664762353065,0.0,0.0,0.0,1.9247094109401697,8.956834532374101,0.6867469879518072,5249.762381284804,139,0.14002466201782227
paper,200,3000000.0,8,12,exclude,launch,0,0.0,prior,0.0,rr_tour,12600.0,43200,1460959.535622472,0,995607.9552777066,465351.58034476533,0,0,0.0,0,8.978508258459357,7.930246263934719,8576.832776345937,4989.941198629689,1.7188244179513097,2.0216589140114065,313.13608097368984,0.0,0.0027247956403269754,0.0,1.969375148434885,13.347985347985349,0.7837094111172263,1826.9878877370902,273,0.5951740741729736
ring,200,1500000.0,4,3,exclude,launch,0,0.0,prior,0.0,rr_tour,12600.0,43200,4090438.9322564127,0,3108834.0485887015,981604.8836677113,0,0,0.0,0,4.839334046393169,2.8021860066273203,7932.266771253912,6863.939456649873,1.155643464128902,2.07964682402055,349.691179385298,0.0,0.0,0.0,1.9210848409665877,8.557142857142857,0.6197183098591549,5475.484554093457,140,0.25466012954711914
paper,200,3000000.0,9,12,exclude,launch,0,0.0,prior,0.0,rr_tour,12600.0,43200,1444823.7969829517,0,987174.7066900581,457649.09029289364,0,0,0.0,1,8.978508258459357,8.062451746645802,8576.832776345937,4907.2983165068745,1.7477708146447308,2.0219964969947766,313.3430519608782,0.0,0.002145922746781116,0.0,1.7413171902808697,10.544412607449857,0.7811111111111111,1794.4967850136754,349,0.6166958808898926
ring,200,1500000.0,5,4,exclude,launch,0,0.0,prior,0.0,rr_tour,12600.0,43200,9848134.049392618,0,8102312.406687638,1745821.6427049795,0,9,0.12817617580822058,10,4.846178161612115,2.7328931345063388,7920.593506759091,6891.921077516856,1.1492577204051302,2.123718969152674,378.82329649006465,0.0,0.0,0.0,1.5677593455064547,2.158139534883721,0.21927710843373494,14252.353671927154,215,0.1550455093383789
ring,200,1500000.0,3,3,exclude,launch,0,0.0,prior,0.0,rr_tour,12600.0,43200,2934495.257087997,0,2303376.954269833,631118.3028181642,0,0,0.0,0,4.839334046393169,2.8723517747916194,7932.266771253912,6745.5869724012655,1.1759194275765474,2.064441679970931,339.91082701780135,0.0,0.01818181818181818,0.0,2.4609861220255276,20.01219512195122,0.8023529411764706,4041.152450542115,82,0.28217411041259766
paper,200,3000000.0,14,11,exclude,launch,0,0.0,prior,0.0,rr_tour,12600.0,43200,5420374.071728216,0,4806952.871896086,613421.1998321286,0,30,0.8316720683715589,39,8.802774966747505,9.24389786001286,8754.709960082677,4277.475584525856,2.0467001592606655,2.0232395668816814,314.10576336966335,0.0,0.0,0.0,1.1188637291333712,4.84916864608076,0.7855964815832875,1611.6695408965131,842,0.8407390117645264
ring,200,1500000.0,6,4,exclude,launch,0,0.0,prior,0.0,rr_tour,12600.0,43200,23841322.03123692,0,22054223.0845774,1787098.946659521,0,144,0.9522997116173836,173,4.846178161612115,2.9240380870443974,7920.593506759091,6359.360845615063,1.2455015054257434,2.151114350266447,397.51927421680347,0.0,0.0,0.005025125628140704,1.3491732042879074,1.1275167785234899,0.16626506024096385,19652.71754115029,298,0.16005373001098633
paper,200,3000000.0,12,12,exclude,launch,0,0.0,prior,0.0,rr_tour,12600.0,43200,3125528.6449506977,0,2441789.325940284,683739.3190104138,0,8,0.4678894383430653,16,8.978508258459357,7.8641951585892285,8576.832776345937,5008.326009688888,1.712514872185551,2.0311552217970164,318.9843274317763,0.0,0.0,0.0,1.3159339020566676,4.884176182707994,0.7448582545858811,2204.5649564283644,613,0.6062150001525879
paper,200,3000000.0,10,12,exclude,launch,0,0.0,prior,0.0,rr_tour,12600.0,43200,2016520.8738307627,0,1530891.9174407201,485628.9563900427,0,3,0.31427664916705095,3,8.978508258459357,8.115551076123845,8576.832776345937,4872.718741245909,1.7601739874181452,2.0230221015597025,313.9722660838891,0.0,0.0,0.0,1.5573651926974112,8.609699769053117,0.7893569844789357,1774.0395402725546,433,0.673253059387207
ring,200,1500000.0,2,6,exclude,launch,0,0.0,prior,0.0,rr_tour,12600.0,43200,3578158.185953159,0,2693240.6309579387,884917.5549952203,0,0,0.0,0,4.807696645954622,2.824290691911153,7986.659159050209,6853.8999835774175,1.1652722068000683,2.0663925812703092,341.15794121650595,0.0,0.0625,0.0,3.797006077313103,39.75,0.719626168224299,4672.924571859958,36,0.1405951976776123
ring,200,1500000.0,2,7,exclude,launch,0,0.0,prior,0.0,rr_tour,12600.0,43200,3877707.7826311095,0,2958679.8279617247,919027.9546693843,0,0,0.0,0,4.836229285138715,2.9108499639798286,7937.573119120503,6648.678892290021,1.1938571929417612,2.0668302626952935,341.4380428207527,0.0,0.04,0.0,3.6902267391902503,33.31578947368421,0.6674757281553398,5347.323130378291,38,0.11908555030822754
ring,200,1500000.0,6,5,exclude,launch,0,0.0,prior,0.0,rr_tour,12600.0,43200,24741347.690265305,0,23178777.356016386,1562570.3342489202,0,149,0.9607533832969197,183,4.7908619966838,2.9131424254177403,8015.8948489202385,6373.933748007292,1.2576056115152248,2.154223346309438,399.6694599497271,0.0,0.0,0.01256281407035176,1.3516790116861375,1.020066889632107,0.1462140992167102,21644.354475858796,299,0.15259480476379395
ring,200,1500000.0,3,4,exclude,launch,0,0.0,prior,0.0,rr_tour,12600.0,43200,2912326.6304871235,0,2248593.787554431,663732.8429326932,0,0,0.0,0,4.846178161612115,2.8124101729805697,7920.593506759091,6898.902508520578,1.1480947146269513,2.061585368911807,338.0890486462853,0.0,0.009259259259259259,0.0,2.516087270438093,20.049382716049383,0.8142857142857143,4090.5396845264154,81,0.27711033821105957
ring,200,1500000.0,3,6,exclude,launch,0,0.0,prior,0.0,rr_tour,12600.0,43200,3011841.5334930103,0,2368572.873956078,643268.6595369318,0,0,0.0,0,4.807696645954622,2.7899805811965406,7986.659159050209,6948.8585573906685,1.1493483560052833,2.0632190498667535,339.13042439986873,0.0,0.02857142857142857,0.0,2.5849873665198837,20.615384615384617,0.810304449648712,4084.5002253286602,78,0.16059660911560059
ring,200,1500000.0,5,6,exclude,launch,0,0.0,prior,0.0,rr_tour,12600.0,43200,10795376.960723417,0,9111021.232225873,1684355.7284975445,0,13,0.1715645380964282,14,4.807696645954622,2.703513976177443,7986.659159050209,6967.272248431422,1.1463107618405879,2.12357982751481,378.72948863946294,0.0,0.0,0.007067137809187279,1.5874347593764744,2.080188679245283,0.23058823529411765,14947.629612900942,212,0.149094820022583
ring,200,1500000.0,5,5,exclude,launch,0,0.0,prior,0.0,rr_tour,12600.0,43200,9035136.822050145,0,7708725.754918215,1326411.0671319296,0,10,0.14002980528995215,11,4.7908619966838,2.740406818842609,8015.8948489202385,6872.449880510811,1.166380983243262,2.1238966041875322,378.9430730712801,0.0,0.0,0.0035211267605633804,1.5805125433812597,2.3708920187793425,0.26370757180156656,13062.64426725909,213,0.1771070957183838
ring,200,1500000.0,6,6,exclude,launch,0,0.0,prior,0.0,rr_tour,12600.0,43200,25071203.6091613,0,23315964.3295741,1755239.279587198,0,149,0.9609803170106518,181,4.807696645954622,2.916700327647008,7986.659159050209,6376.521990035703,1.2525102511260202,2.150722205967342,397.24847859190385,0.0,0.0,0.007518796992481203,1.350047192889044,1.1538461538461537,0.16548463356973994,19026.86907923121,299,0.14960455894470215
ring,200,1500000.0,4,5,exclude,launch,0,0.0,prior,0.0,rr_tour,12600.0,43200,3402739.8582740105,0,2620784.9208681253,781954.9374058855,0,0,0.0,0,4.7908619966838,2.8556163447104774,8015.8948489202385,6756.325214347557,1.1864282127654087,2.0732400328615026,345.5532504409677,0.0,0.005434782608695652,0.0,1.949643097373684,9.977941176470589,0.6788511749347258,4728.5328763866355,136,0.2491307258605957
ring,200,1500000.0,5,7,exclude,launch,0,0.0,prior,0.0,rr_tour,12600.0,43200,9448019.98333399,0,8002026.91443534,1445993.0688986506,0,7,0.0949754341643765,10,4.836229285138715,2.7200422428195803,7937.573119120503,6914.434914518005,1.1479713407171206,2.1268048870724705,380.90677605912083,0.0,0.0,0.0035087719298245615,1.5765588442462035,2.164319248826291,0.2716049382716049,14296.911339401151,213,0.1495981216430664
ring,200,1500000.0,2,5,exclude,launch,0,0.0,prior,0.0,rr_tour,12600.0,43200,3138873.155462517,0,2435114.13905532,703759.0164071972,0,0,0.0,0,4.7908619966838,2.8409322170731195,8015.8948489202385,6817.327632607505,1.1758118842022418,2.0653085993138056,340.4647235315827,0.0,0.041666666666666664,0.0,3.7940264701883697,42.333333333333336,0.7700258397932817,4376.354720689538,36,0.2701377868652344
ring,200,1500000.0,6,7,exclude,launch,0,0.0,prior,0.0,rr_tour,12600.0,43200,23739077.040883463,0,22242018.26624592,1497058.7746375431,0,148,0.9608415313968559,174,4.836229285138715,2.924375851859442,7937.573119120503,6366.2034579444135,1.2468299468524164,2.1485540730659882,395.7529376269414,0.0,0.0,0.007518796992481203,1.3497163635852725,1.1070234113712374,0.19506172839506172,19823.10520428979,299,0.1521003246307373
ring,200,1500000.0,3,5,exclude,launch,0,0.0,prior,0.0,rr_tour,12600.0,43200,2562916.1268590423,0,2067853.1870327254,495062.9398263167,0,0,0.0,0,4.7908619966838,2.8224237523113787,8015.8948489202385,6877.250842419279,1.165566740633879,2.06073860868589,337.549918787063,0.0,0.02857142857142857,0.0,2.585926336215229,22.23076923076923,0.8307291666666666,3788.538059300239,78,0.2856447696685791
ring,200,1500000.0,4,6,exclude,launch,0,0.0,prior,0.0,rr_tour,12600.0,43200,4093373.7844470227,0,3136130.198873111,957243.5855739117,0,0,0.0,0,4.807696645954622,2.7830049487000146,7986.659159050209,6915.631262109413,1.1548705904562804,2.0783284558241073,348.83767759200106,0.0,0.0,0.0,1.952256651045825,8.708029197080291,0.640661938534279,5520.802389595035,137,0.21863508224487305
ring,200,1500000.0,6,9,exclude,launch,0,0.0,prior,0.0,rr_tour,12600.0,43200,23087470.048815906,0,21438126.917062934,1649343.1317529723,0,142,0.9447757375848355,174,4.853710806530296,2.9190480612062246,7907.783946703841,6361.572070604809,1.2430549963025146,2.154042630164452,399.5443176710659,0.0,0.0,0.0,1.3524731913819887,1.0168918918918919,0.17336683417085427,21780.683567821026,296,0.09554052352905273
ring,200,1500000.0,3,7,exclude,launch,0,0.0,prior,0.0,rr_tour,12600.0,43200,3241534.380916281,0,2489871.214874536,751663.1660417456,0,0,0.0,0,4.836229285138715,2.8781899750897395,7937.573119120503,6740.44285434759,1.1776040967398402,2.061826437756519,338.2426151756095,0.0,0.02830188679245283,0.0,2.5343829046735786,17.936708860759495,0.7382716049382716,4572.755213578648,79,0.23713040351867676
ring,200,1500000.0,4,7,exclude,launch,0,0.0,prior,0.0,rr_tour,12600.0,43200,3910474.211911341,0,3020483.4446087205,889990.7673026208,0,0,0.0,0,4.836229285138715,2.829722100921466,7937.573119120503,6792.138820692533,1.168641178966831,2.081180034617863,350.68508017688515,0.0,0.005291005291005291,0.0,1.8976179012037173,8.271428571428572,0.6296296296296297,5648.267306666338,140,0.2221081256866455
ring,200,1500000.0,2,9,exclude,launch,0,0.0,prior,0.0,rr_tour,12600.0,43200,3280532.8838429917,0,2529468.8783663767,751064.005476615,0,0,0.0,0,4.853710806530296,2.9215442817745076,7907.783946703841,6635.439815276927,1.1917497810013387,2.0633732865391297,339.22882395750895,0.0,0.041666666666666664,0.0,3.771589061376458,39.22222222222222,0.7543424317617866,4704.200065271328,36,0.14604425430297852
ring,200,1500000.0,5,8,exclude,launch,0,0.0,prior,0.0,rr_tour,12600.0,43200,8953163.322584877,0,7557481.278358438,1395682.044226439,0,13,0.1496703079354799,14,4.796976710386977,2.7266860014769754,8005.252074719057,6911.592462666962,1.1582355467223377,2.1224953157759767,377.9987201817028,0.0,0.0035087719298245615,0.0,1.577562257904841,2.211267605633803,0.28717948717948716,13970.845910471278,213,0.18709206581115723
ring,200,1500000.0,6,8,exclude,launch,0,0.0,prior,0.0,rr_tour,12600.0,43200,23435913.03623657,0,21903162.38332897,1532750.6529075983,0,148,0.9667231751641874,176,4.796976710386977,2.9272526220759536,8005.252074719057,6362.941940731899,1.2581054721675256,2.1475427959070874,395.0563405314766,0.0,0.0,0.017587939698492462,1.3499446740007797,1.1973244147157192,0.16966580976863754,18285.041993870866,299,0.180556058883667
ring,200,1500000.0,3,9,exclude,launch,0,0.0,prior,0.0,rr_tour,12600.0,43200,2564573.0968199354,0,2039660.8912920402,524912.2055278951,0,0,0.0,0,4.853710806530296,2.840185969570347,7907.783946703841,6833.170886061006,1.1572641865045319,2.0610614094633846,337.7553943957273,0.0,0.02857142857142857,0.0,2.5722464867453674,22.28205128205128,0.8362282878411911,3751.619041045229,78,0.1690528392791748
ring,200,1500000.0,5,9,exclude,launch,0,0.0,prior,0.0,rr_tour,12600.0,43200,9441294.214611487,0,7888502.323979255,1552791.8906322315,0,8,0.1391772655721688,9,4.853710806530296,2.734147171948117,7907.783946703841,6890.032312041177,1.1477136228931784,2.1233268176039655,378.5589417444756,0.0,0.0,0.0,1.5735947082821624,2.2465116279069766,0.2655086848635236,13683.079158200922,215,0.1650526523590088
ring,200,1500000.0,2,8,exclude,launch,0,0.0,prior,0.0,rr_tour,12600.0,43200,3185974.0667251716,0,2455310.3398770653,730663.726848106,0,0,0.0,0,4.796976710386977,2.7613548156609986,8005.252074719057,7010.0780029014595,1.1419633378409908,2.066402538420536,341.1643121849288,0.0,0.041666666666666664,0.0,3.7962194504915563,39.833333333333336,0.7755102040816326,4650.95325741786,36,0.26610779762268066
ring,200,1500000.0,5,10,exclude,launch,0,0.0,prior,0.0,rr_tour,12600.0,43200,9874084.298535954,0,8433573.33153597,1440510.9669999836,0,10,0.1736768942889265,11,4.8412324859166675,2.723715015272484,7929.025501191047,6924.291100336948,1.145102854038763,2.1209137555520465,376.9342942157378,0.0,0.0,0.0035335689045936395,1.5821565112881861,2.1421800947867298,0.24688279301745636,14496.529321514907,211,0.14803051948547363
ring,200,1500000.0,6,11,exclude,launch,0,0.0,prior,0.0,rr_tour,12600.0,43200,23460543.820791688,0,21932843.525516484,1527700.2952752,0,151,0.967709026649812,179,4.810166257763029,2.9308312807093273,7982.387549587255,6360.018415681718,1.255088747841564,2.14590652370853,393.9305283233304,0.0,0.0,0.015113350125944584,1.3496209578000629,1.2909698996655519,0.18313253012048192,17002.666077413436,299,0.09851646423339844
ring,200,1500000.0,6,10,exclude,launch,0,0.0,prior,0.0,rr_tour,12600.0,43200,24061849.538214106,0,22552550.46262065,1509299.075593457,0,152,0.973373328345329,176,4.8412324859166675,2.9433336011051634,7929.025501191047,6354.721216892999,1.2477377418403524,2.138572610013984,388.90427648221697,0.0,0.0,0.017587939698492462,1.3480632125140892,1.4080267558528428,0.2169576059850374,15574.517784889518,299,0.15052580833435059
ring,200,1500000.0,4,8,exclude,launch,0,0.0,prior,0.0,rr_tour,12600.0,43200,3769943.905176683,0,2871194.7902057017,898749.114970981,0,0,0.0,0,4.796976710386977,2.772879599105728,8005.252074719057,6942.578833469666,1.1530660676298439,2.077821132243165,348.5095179329814,0.0,0.010869565217391304,0.0,1.9568495922629696,8.676470588235293,0.6333333333333333,5490.439277046473,136,0.26860713958740234
ring,200,1500000.0,5,11,exclude,launch,0,0.0,prior,0.0,rr_tour,12600.0,43200,9206178.371388735,0,7660084.828251049,1546093.5431376859,0,7,0.08372062659611317,7,4.810166257763029,2.7186727823628756,7982.387549587255,6930.262306908626,1.1518160779614055,2.1230165476193577,378.34984986807024,0.0,0.0,0.0,1.5801520518462118,2.1650943396226414,0.2283653846153846,14257.684459709486,212,0.14701604843139648
ring,200,1500000.0,4,9,exclude,launch,0,0.0,prior,0.0,rr_tour,12600.0,43200,3679800.8544099857,0,2801866.2446086383,877934.6098013468,0,0,0.0,0,4.853710806530296,2.803385551642944,7907.783946703841,6863.365314408091,1.1521729624537438,2.078930855300036,349.2275371555399,0.0,0.0,0.0,1.9249393590680113,9.086330935251798,0.6959798994974874,5194.094377151878,139,0.23505878448486328
ring,200,1500000.0,2,10,exclude,launch,0,0.0,prior,0.0,rr_tour,12600.0,43200,3606447.337924145,0,2755930.4159762347,850516.9219479109,0,0,0.0,0,4.8412324859166675,2.8563913421344145,7929.025501191047,6781.137441153383,1.1692766250498563,2.0650935796404024,340.32730001736184,0.0,0.04081632653061224,0.0,3.711563520189851,35.45945945945946,0.6956521739130435,5197.527109790548,37,0.22305631637573242
ring,200,1500000.0,3,8,exclude,launch,0,0.0,prior,0.0,rr_tour,12600.0,43200,2455717.314456675,0,1977026.8645026926,478690.44995398255,0,0,0.0,0,4.796976710386977,2.835345090707294,8005.252074719057,6845.95482871487,1.1693404755084853,2.0607249890941297,337.5412507466225,0.0,0.009523809523809525,0.0,2.5941966961824297,22.153846153846153,0.8698979591836735,3817.218400797309,78,0.30710721015930176
paper,200,3000000.0,14,12,exclude,launch,0,0.0,prior,0.0,rr_tour,12600.0,43200,7711244.835435873,0,6752232.34526358,959012.4901722936,0,34,0.8896694946001633,39,8.978508258459357,9.212344134376009,8576.832776345937,4291.311948456746,1.9986505011434468,2.023623658278415,314.3416181361856,0.0,0.0,0.0008944543828264759,1.1227874295862295,4.739234449760765,0.7372505543237251,1655.087721453306,836,0.8858163356781006
ring,200,1500000.0,4,10,exclude,launch,0,0.0,prior,0.0,rr_tour,12600.0,43200,3680772.271572414,0,2792198.0191849093,888574.2523875046,0,0,0.0,0,4.8412324859166675,2.8254595850478084,7929.025501191047,6816.416449184144,1.1632249232864977,2.0768961244642457,347.9115788658335,0.0,0.005319148936170213,0.0,1.9253895212348888,9.114285714285714,0.6972704714640199,5143.24024848681,140,0.2395496368408203
ring,200,1500000.0,3,10,exclude,launch,0,0.0,prior,0.0,rr_tour,12600.0,43200,3135212.221124517,0,2467682.596934597,667529.6241899197,0,0,0.0,0,4.8412324859166675,2.813535267666683,7929.025501191047,6894.607202754722,1.150032955905454,2.062044812581539,338.3817551794071,0.0,0.028037383177570093,0.0,2.5390781167745353,18.0375,0.7438423645320197,4582.3047565040815,80,0.24755048751831055
ring,200,1500000.0,4,12,exclude,launch,0,0.0,prior,0.0,rr_tour,12600.0,43200,3645205.426414346,0,2731064.584718791,914140.841695555,0,0,0.0,0,4.793249881478669,2.8003992863677656,8011.735459045254,6879.766336467896,1.164535983813444,2.0761864142272985,347.45315945022327,0.0,0.005405405405405406,0.0,1.9408778470733818,9.554744525547445,0.7160493827160493,4994.932483986143,137,0.1425154209136963
ring,200,1500000.0,6,12,exclude,launch,0,0.0,prior,0.0,rr_tour,12600.0,43200,23164585.348685667,0,21426233.93381622,1738351.4148694472,0,140,0.9389253371408648,166,4.793249881478669,2.9288057308107294,8011.735459045254,6356.379900519373,1.2604242641933066,2.148619831812161,395.7982554096591,0.0,0.0,0.015151515151515152,1.354856240471805,1.1346801346801347,0.2194513715710723,19576.434059223287,297,0.1450178623199463
ring,200,1500000.0,5,12,exclude,launch,0,0.0,prior,0.0,rr_tour,12600.0,43200,8931891.695537833,0,7324377.248514125,1607514.4470237077,0,8,0.06333353111918859,8,4.793249881478669,2.739163053169446,8011.735459045254,6881.454554856935,1.1642502896993727,2.1220805267042158,377.71941252264304,0.0,0.0,0.0,1.583911692416495,2.3551401869158877,0.27860696517412936,13127.223214106527,214,0.15651774406433105
ring,200,1500000.0,4,11,exclude,launch,0,0.0,prior,0.0,rr_tour,12600.0,43200,3536360.0271895826,0,2681020.8692002785,855339.1579893042,0,0,0.0,0,4.810166257763029,2.8120439438841522,7982.387549587255,6851.319521439917,1.1650876191962547,2.076173608862777,347.4448909238201,0.0,0.010869565217391304,0.0,1.951151982516398,9.514705882352942,0.6642512077294686,4976.47483137915,136,0.22802519798278809
ring,200,1500000.0,2,11,exclude,launch,0,0.0,prior,0.0,rr_tour,12600.0,43200,3127914.2143076328,0,2413415.673722312,714498.540585321,0,0,0.0,0,4.810166257763029,2.8166036530288157,7982.387549587255,6874.799521407565,1.1611084111952286,2.0657331314949747,340.7361322698255,0.0,0.041666666666666664,0.0,3.7999456674461887,41.30555555555556,0.7452380952380953,4496.022516375421,36,0.2545320987701416
ring,200,1500000.0,3,11,exclude,launch,0,0.0,prior,0.0,rr_tour,12600.0,43200,2540898.072126735,0,2022391.8285554908,518506.24357124453,0,0,0.0,0,4.810166257763029,2.839983850025467,7982.387549587255,6833.892369211046,1.1680587165157241,2.0609904831504067,337.71024160072005,0.0,0.0380952380952381,0.0,2.589604633829931,22.17948717948718,0.8157894736842105,3799.6704936093656,78,0.26453280448913574
ring,200,1500000.0,2,12,exclude,launch,0,0.0,prior,0.0,rr_tour,12600.0,43200,3005928.6165676625,0,2347458.7853779565,658469.8311897059,0,0,0.0,0,4.793249881478669,2.865512744764745,8011.735459045254,6761.385986437385,1.184925025004627,2.064533421413943,339.96942159218264,0.0,0.041666666666666664,0.0,3.8086493213634673,44.333333333333336,0.8108108108108109,4182.781274519427,36,0.2475268840789795
ring,200,1500000.0,3,12,exclude,launch,0,0.0,prior,0.0,rr_tour,12600.0,43200,2581052.444300943,0,2036563.0205902928,544489.4237106503,0,0,0.0,0,4.793249881478669,2.8190651707736856,8011.735459045254,6886.615916800658,1.1633777105965417,2.0603880073436827,337.3268178354916,0.0,0.009523809523809525,0.0,2.5930245159825995,22.846153846153847,0.8793103448275862,3701.813594779622,78,0.30103302001953125
ring,200,3000000.0,4,1,exclude,launch,0,0.0,prior,0.0,rr_tour,12600.0,43200,1193919.4301955383,0,1044318.9042936938,149600.5259018445,0,0,0.0,0,9.581282276682732,5.711626332662041,8016.279765394607,6888.038118174681,1.1637972420975669,2.0334554307540222,320.40903820649453,0.0,0.16842105263157894,0.0,3.8736107545708176,55.285714285714285,0.9228971962616822,1737.6048073629427,70,0.31415271759033203
ring,200,3000000.0,11,1,exclude,launch,0,0.0,prior,0.0,rr_tour,12600.0,43200,11364591.718830293,0,9988243.772346202,1376347.9464840905,0,51,0.7060793363009388,69,9.581282276682732,5.601704835389492,8016.279765394607,6704.921476310675,1.19558145367058,2.1299826686869707,383.0582494598784,0.0,0.0,0.0,1.4548188118440548,1.5984251968503937,0.41927710843373495,8134.423673826357,508,0.25014686584472656
ring,200,3000000.0,12,1,exclude,launch,0,0.0,prior,0.0,rr_tour,12600.0,43200,23100989.778369956,0,21489583.25121779,1611406.5271521646,0,132,0.9713165528058345,177,9.581282276682732,5.8133539675484105,8016.279765394607,6429.179648382233,1.2468588846186208,2.1404626712701997,390.19653136822774,0.0,0.0,0.001256281407035176,1.3555951856520736,1.2583892617449663,0.27951807228915665,8809.597696124134,596,0.25464653968811035
ring,200,3000000.0,10,1,exclude,launch,0,0.0,prior,0.0,rr_tour,12600.0,43200,4163154.8675519065,0,3457650.078463796,705504.7890881108,0,10,0.31908658559251973,15,9.581282276682732,5.534978155985618,8016.279765394607,6947.946986876983,1.1537623675792936,2.080259814394707,350.08837997882597,0.0,0.0017825311942959,0.0017825311942959,1.5985514534049048,3.6223277909738716,0.7620192307692307,4334.912686901865,421,0.34114670753479004
ring,200,3000000.0,8,1,exclude,launch,0,0.0,prior,0.0,rr_tour,12600.0,43200,1131199.6225789809,0,980672.7131747052,150526.9094042758,0,0,0.0,0,9.581282276682732,5.712940476481379,8016.279765394607,6874.500360072672,1.1660890749171282,2.0369911812105936,322.6052129725625,0.0,0.0027624309392265192,0.0,1.988188439219712,14.218518518518518,0.9138755980861244,1725.906224233697,270,0.37665414810180664
ring,200,3000000.0,11,2,exclude,launch,0,0.0,prior,0.0,rr_tour,12600.0,43200,10349233.364278039,0,9331392.636537865,1017840.7277401739,0,52,0.75775962668877,67,9.601994207786783,5.666757275930968,7998.26927637493,6685.231427685392,1.1964087351190096,2.1117326267308085,370.78483000133497,0.0,0.0,0.002962962962962963,1.464720314156632,2.0475247524752476,0.5236907730673317,6393.597496529448,505,0.28664517402648926
ring,200,3000000.0,9,2,exclude,launch,0,0.0,prior,0.0,rr_tour,12600.0,43200,1469012.0795915355,0,1269672.7263985404,199339.35319299478,0,0,0.0,0,9.601994207786783,5.635705055516894,7998.26927637493,6924.242555094848,1.155111077166096,2.0500736236427586,330.7963845210702,0.0,0.0,0.0,1.7649441066687943,8.412280701754385,0.9203980099502488,2290.586042724241,342,0.31565141677856445
ring,200,3000000.0,12,2,exclude,launch,0,0.0,prior,0.0,rr_tour,12600.0,43200,21993350.602791462,0,20620852.46887526,1372498.1339162022,0,134,0.9757979154146763,179,9.601994207786783,5.8618639240049175,7998.26927637493,6420.977807627207,1.2456466158275965,2.1254607306587436,379.9985568764737,0.0,0.0,0.0025252525252525255,1.3571936249152818,1.4087837837837838,0.2825,7895.380270280904,592,0.28064632415771484
ring,200,3000000.0,10,2,exclude,launch,0,0.0,prior,0.0,rr_tour,12600.0,43200,3810584.0138339205,0,3075145.931642556,735438.0821913644,0,4,0.1907893080605919,11,9.601994207786783,5.4823065085954745,7998.26927637493,6988.344206733367,1.1445156448745737,2.088105255865492,355.1919143526324,0.0,0.0017825311942959,0.0,1.5974940696833229,3.4251781472684084,0.7406483790523691,4584.337398949579,421,0.31514787673950195
ring,200,3000000.0,9,1,exclude,launch,0,0.0,prior,0.0,rr_tour,12600.0,43200,1506641.7728155253,0,1276108.3306634629,230533.44215206246,0,0,0.0,0,9.581282276682732,5.6911837847998035,8016.279765394607,6869.012423044832,1.1670207115219082,2.0464120042120744,328.49342476773916,0.0,0.0021929824561403508,0.0,1.7825915638301992,8.690265486725664,0.9069212410501193,2230.4754375777657,339,0.4701657295227051
ring,200,3000000.0,12,3,exclude,launch,0,0.0,prior,0.0,rr_tour,12600.0,43200,21928159.64350871,0,20534872.55293732,1393287.0905713898,0,130,0.9700724060275243,176,9.678668092786339,5.880775892271983,7932.266771253912,6420.961100275008,1.2353706318068451,2.1186309810021866,375.4005814973742,0.0,0.0,0.0012626262626262627,1.3592610629544928,1.4283305227655987,0.3546099290780142,7761.068907514942,593,0.18862485885620117
ring,200,3000000.0,4,2,exclude,launch,0,0.0,prior,0.0,rr_tour,12600.0,43200,1184144.4275286645,0,1035417.2233374367,148727.20419122773,0,0,0.0,0,9.601994207786783,5.7110986602273295,7998.26927637493,6888.971451186007,1.1610251737939699,2.0333677877863625,320.3546954503443,0.0,0.10638297872340426,0.0,3.8621447974143117,54.20289855072464,0.9053398058252428,1805.7557100340016,69,0.5377826690673828
ring,200,3000000.0,10,3,exclude,launch,0,0.0,prior,0.0,rr_tour,12600.0,43200,4788536.6201410405,0,3807753.6179031837,980783.0022378565,0,6,0.2153696251419037,15,9.678668092786339,5.416982622197441,7932.266771253912,7044.0033553185,1.126102071667064,2.096587491739063,360.75123811157073,0.0,0.0,0.0,1.5959898641543029,2.874407582938389,0.6650943396226415,5450.136377595834,422,0.30363941192626953
ring,200,3000000.0,8,3,exclude,launch,0,0.0,prior,0.0,rr_tour,12600.0,43200,1236157.1214953414,0,1074546.1576452618,161610.96385007945,0,0,0.0,0,9.678668092786339,5.712760630512381,7932.266771253912,6863.061489681387,1.1557913014738503,2.0404505298090037,324.7611914939508,0.0,0.0,0.0,1.9227820631157342,12.525,0.9385342789598109,1868.6182770923388,280,0.33214235305786133
ring,200,3000000.0,6,1,exclude,launch,0,0.0,prior,0.0,rr_tour,12600.0,43200,947843.7662362508,0,837126.8786836613,110716.88755258941,0,0,0.0,0,9.581282276682732,5.74929640232825,8016.279765394607,6853.632856169525,1.1696395085094888,2.0302730603724726,318.43877367877803,0.0,0.0196078431372549,0.0,2.6496134296015477,30.6,0.930622009569378,1413.3691957191222,150,0.6302876472473145
ring,200,3000000.0,5,1,exclude,launch,0,0.0,prior,0.0,rr_tour,12600.0,43200,973946.5888372457,0,869313.6276068586,104632.96123038705,0,0,0.0,0,9.581282276682732,5.789963014536752,8016.279765394607,6805.435352540436,1.1779231379227149,2.0302909775536935,318.4498495285637,0.0,0.09722222222222222,0.0,3.1777416199862962,42.81481481481482,0.9294117647058824,1464.699988550728,108,0.6557941436767578
ring,200,3000000.0,4,3,exclude,launch,0,0.0,prior,0.0,rr_tour,12600.0,43200,1253566.1498314703,0,1088723.220931829,164842.92889964132,0,0,0.0,0,9.678668092786339,5.826933528859483,7932.266771253912,6753.435598062149,1.174552811835508,2.032942805357695,320.09125174206747,0.0,0.10416666666666667,0.0,3.8510097435098714,49.72222222222222,0.930715935334873,1868.235747566057,72,0.5162835121154785
ring,200,3000000.0,11,3,exclude,launch,0,0.0,prior,0.0,rr_tour,12600.0,43200,12304637.674873712,0,11056096.380739493,1248541.2941342182,0,57,0.786697832819718,73,9.678668092786339,5.646515208882888,7932.266771253912,6705.367387414955,1.182972731090272,2.112938745167973,371.5897951488186,0.0,0.0,0.0,1.4618299565841355,1.8693069306930694,0.5424528301886793,7000.232862269157,505,0.28514575958251953
ring,200,3000000.0,5,2,exclude,launch,0,0.0,prior,0.0,rr_tour,12600.0,43200,948937.370120199,0,852111.1946630309,96826.175457168,0,0,0.0,0,9.601994207786783,5.662766156080061,7998.26927637493,6952.601958212109,1.1503994223238574,2.0319545649518695,319.47906723750066,0.0,0.09333333333333334,0.0,3.039902657393205,39.72727272727273,0.9407407407407408,1494.5677213063727,110,0.6002929210662842
ring,200,3000000.0,5,3,exclude,launch,0,0.0,prior,0.0,rr_tour,12600.0,43200,1218015.0470545753,0,1053013.9421968684,165001.10485770678,0,0,0.0,0,9.678668092786339,5.796596918800228,7932.266771253912,6794.765985799569,1.167408382839323,2.0311517965705153,318.9822082711804,0.0,0.03333333333333333,0.0,3.0282736961208365,32.891891891891895,0.9350348027842227,1844.0946321105664,111,0.5227835178375244
ring,200,3000000.0,7,1,exclude,launch,0,0.0,prior,0.0,rr_tour,12600.0,43200,1002051.5256778228,0,881528.1296040632,120523.39607375946,0,0,0.0,0,9.581282276682732,5.726089692344564,8016.279765394607,6875.465194782393,1.1659254375220964,2.0320283026983885,319.52472527115486,0.0,0.014388489208633094,0.0,2.2822124203050818,21.29326923076923,0.9268867924528302,1503.7179293580064,208,0.6667933464050293
ring,200,3000000.0,8,2,exclude,launch,0,0.0,prior,0.0,rr_tour,12600.0,43200,1025871.3382712567,0,927358.9023708949,98512.43590036177,0,0,0.0,0,9.601994207786783,5.699746867686031,7998.26927637493,6891.430032090535,1.16061096740884,2.0366906387103767,322.4182441169186,0.0,0.005555555555555556,0.0,2.0019284431681585,14.846441947565543,0.9330024813895782,1672.5541594656493,267,0.6617987155914307
ring,200,3000000.0,5,4,exclude,launch,0,0.0,prior,0.0,rr_tour,12600.0,43200,944754.6009300498,0,841822.0073765259,102932.59355352388,0,0,0.0,0,9.69235632322423,5.884165933680697,7920.593506759091,6701.177287224082,1.1819704459781788,2.0288688196255382,317.5713143992945,0.0,0.020833333333333332,0.0,3.15251260211818,40.0,0.9569377990430622,1578.9802355607403,105,0.3501472473144531
ring,200,3000000.0,6,3,exclude,launch,0,0.0,prior,0.0,rr_tour,12600.0,43200,1082688.84232102,0,958709.7064024908,123979.13591852912,0,0,0.0,0,9.678668092786339,5.763425176579932,7932.266771253912,6834.693907205247,1.160588444625382,2.0309080371047123,318.8314142901273,0.0,0.03317535545023697,0.0,2.581814815163439,24.96815286624204,0.9324009324009324,1707.1461530996287,157,0.5862898826599121
ring,200,3000000.0,9,3,exclude,launch,0,0.0,prior,0.0,rr_tour,12600.0,43200,1628202.7942020032,0,1399582.5501957613,228620.24400624185,0,0,0.0,0,9.678668092786339,5.632398849819519,7932.266771253912,6922.598812563254,1.1458509998959199,2.051764079601348,331.86230374190126,0.0,0.0021598272138228943,0.0,1.748321103625149,7.670520231213873,0.8967136150234741,2481.310749487829,346,0.47815871238708496
ring,200,3000000.0,6,2,exclude,launch,0,0.0,prior,0.0,rr_tour,12600.0,43200,794191.9085536803,0,726103.4493393322,68088.459214348,0,0,0.0,0,9.601994207786783,5.815551714535011,7998.26927637493,6777.903902409376,1.18005055715407,2.029568238759582,318.00322747875225,0.0,0.024509803921568627,0.0,2.666684497113125,33.32666666666667,0.9600997506234414,1293.2600694301657,150,0.7078075408935547
ring,200,3000000.0,7,2,exclude,launch,0,0.0,prior,0.0,rr_tour,12600.0,43200,898696.9178741997,0,816544.726230898,82152.1916433016,0,0,0.0,0,9.601994207786783,5.7091154033734925,7998.26927637493,6895.554341167062,1.1599167928566037,2.032132304411266,319.5891281427931,0.0,0.014492753623188406,0.0,2.2830699366593654,22.04368932038835,0.9282178217821783,1464.1034369224385,206,0.7123045921325684
ring,200,3000000.0,12,4,exclude,launch,0,0.0,prior,0.0,rr_tour,12600.0,43200,20017739.306988504,0,18593727.71231563,1424011.5946728755,0,119,0.9491240260325731,173,9.69235632322423,5.8491731272548835,7920.593506759091,6412.358838705363,1.2352074651452656,2.132935355940024,385.0627562216846,0.0,0.0,0.0012610340479192938,1.3575218556658502,1.330522765598651,0.3686746987951807,8344.795879931786,593,0.17020702362060547
ring,200,3000000.0,4,4,exclude,launch,0,0.0,prior,0.0,rr_tour,12600.0,43200,1199195.3915632945,0,1055118.0584530723,144077.333110222,0,0,0.0,0,9.69235632322423,5.474374266963044,7920.593506759091,7186.212376401614,1.1021930736098293,2.0335528022075615,320.4694184853308,0.0,0.15789473684210525,0.0,3.7965447708529454,49.47142857142857,0.930622009569378,1883.971092158308,70,0.4764366149902344
ring,200,3000000.0,7,3,exclude,launch,0,0.0,prior,0.0,rr_tour,12600.0,43200,1082823.5944667072,0,960202.5436965042,122621.05077020299,0,0,0.0,0,9.678668092786339,5.609838345896849,7932.266771253912,7004.943968517578,1.1323811877588195,2.035799364613873,321.8640971203508,0.0,0.006920415224913495,0.0,2.185013761485135,18.212962962962962,0.9317647058823529,1686.4865644631343,216,0.6525757312774658
ring,200,3000000.0,9,4,exclude,launch,0,0.0,prior,0.0,rr_tour,12600.0,43200,1509852.0983271992,0,1286937.8119788913,222914.28634830812,0,0,0.0,0,9.69235632322423,5.656828447169579,7920.593506759091,6902.6378575649105,1.1474734254062824,2.048810964975239,330.0013320756876,0.0,0.0,0.0,1.7546402571389335,8.104651162790697,0.9210526315789473,2370.920855841773,344,0.3173198699951172
ring,200,3000000.0,11,4,exclude,launch,0,0.0,prior,0.0,rr_tour,12600.0,43200,9784791.736013182,0,8641342.628901226,1143449.107111955,0,46,0.715741437766718,69,9.69235632322423,5.661815099722491,7920.593506759091,6690.594551385551,1.1838400079285658,2.111881725354518,370.884291353202,0.0,0.0,0.0,1.462958557382981,2.0,0.5614457831325301,6545.308331528756,505,0.2988145351409912
ring,200,3000000.0,12,5,exclude,launch,0,0.0,prior,0.0,rr_tour,12600.0,43200,20577314.71937132,0,19333160.12848637,1244154.5908849486,0,121,0.9601978518700494,183,9.5817239933676,5.814722115414123,8015.8948489202385,6430.176112735218,1.2466058018293529,2.1396274183256043,389.62519577984466,0.0,0.0,0.0025284450063211127,1.360636850360433,1.3074324324324325,0.3524804177545692,8532.605610849621,592,0.18030047416687012
ring,200,3000000.0,10,4,exclude,launch,0,0.0,prior,0.0,rr_tour,12600.0,43200,3419478.5411328445,0,2732653.1396314674,686825.401501377,0,2,0.0861473559926688,10,9.69235632322423,5.482663828824451,7920.593506759091,6993.152780540123,1.132621259012067,2.0865334562530724,354.16648546717414,0.0,0.0,0.0,1.59844732432095,3.505938242280285,0.7734939759036145,4484.267654202208,421,0.3488175868988037
ring,200,3000000.0,6,4,exclude,launch,0,0.0,prior,0.0,rr_tour,12600.0,43200,1015926.6581426075,0,904460.9427832075,111465.71535940001,0,0,0.0,0,9.69235632322423,5.749997898716832,7920.593506759091,6856.537296317838,1.1551885688731953,2.029165446255899,317.75445473013116,0.0,0.00980392156862745,0.0,2.6456293871113203,26.973333333333333,0.9349397590361446,1607.8607395952754,150,0.6039621829986572
ring,200,3000000.0,10,5,exclude,launch,0,0.0,prior,0.0,rr_tour,12600.0,43200,3718157.931947551,0,2933295.959848437,784861.9720991144,0,2,0.053139784004175364,11,9.5817239933676,5.45623616606119,8015.8948489202385,7005.382034867612,1.1442480665612584,2.092979635797327,358.38134528029724,0.0,0.0017761989342806395,0.0,1.5955826869347494,3.0685579196217496,0.6997389033942559,5103.79012173048,423,0.33632397651672363
ring,200,3000000.0,8,4,exclude,launch,0,0.0,prior,0.0,rr_tour,12600.0,43200,1186512.3937545654,0,1034772.1366301478,151740.25712441758,0,0,0.0,0,9.69235632322423,5.759426120811202,7920.593506759091,6819.287193378214,1.1614987435124138,2.0369097836660637,322.55456983872097,0.0,0.008064516129032258,0.0,1.945640256718109,12.496402877697841,0.9282296650717703,1913.7765873525905,278,0.5304515361785889
ring,200,3000000.0,7,4,exclude,launch,0,0.0,prior,0.0,rr_tour,12600.0,43200,1080155.0151749954,0,941016.0045050195,139139.01066997604,0,0,0.0,0,9.69235632322423,5.797133573447109,7920.593506759091,6790.853074026425,1.16636207858092,2.032134015918368,319.5901880447335,0.0,0.017421602787456445,0.0,2.200502240469351,18.093023255813954,0.9284009546539379,1711.6470079070493,215,0.6079602241516113
ring,200,3000000.0,11,6,exclude,launch,0,0.0,prior,0.0,rr_tour,12600.0,43200,11564671.832720092,0,10383512.371527702,1181159.4611923888,0,57,0.7579887367410992,75,9.615393291909244,5.6631662707968955,7986.659159050209,6698.870458967787,1.1922396780129487,2.1087694179255667,368.81088663810016,0.0,0.0,0.004431314623338257,1.4609135985271946,1.8382642998027614,0.5035294117647059,7097.703474451927,507,0.1685178279876709
ring,200,3000000.0,11,5,exclude,launch,0,0.0,prior,0.0,rr_tour,12600.0,43200,9165434.563761948,0,8291403.073646467,874031.4901154798,0,48,0.7361109273393284,59,9.5817239933676,5.7234461764603495,8015.8948489202385,6646.613228428077,1.206011930201631,2.102964669053053,364.9593183537933,0.0,0.0,0.0,1.4607728320327056,2.2351778656126484,0.5900783289817232,5832.163578049465,506,0.3308138847351074
ring,200,3000000.0,8,6,exclude,launch,0,0.0,prior,0.0,rr_tour,12600.0,43200,1203839.9631683507,0,1057138.9859585874,146700.9772097634,0,0,0.0,0,9.615393291909244,5.664709103811008,7986.659159050209,6930.217334510515,1.152439926996072,2.037818590052787,323.1202277577466,0.0,0.0,0.0,1.9923760497240413,13.295880149812733,0.9196217494089834,1849.9291558729674,267,0.34912991523742676
ring,200,3000000.0,4,5,exclude,launch,0,0.0,prior,0.0,rr_tour,12600.0,43200,1169797.6656691595,0,1012082.652317573,157715.01335158662,0,0,0.0,0,9.5817239933676,5.6818819865614065,8015.8948489202385,6923.18058091662,1.157834142159404,2.033724488904389,320.5758956881919,0.0,0.15463917525773196,0.0,3.7838955784344956,53.388888888888886,0.9102564102564102,1735.4668094075723,72,0.5368375778198242
ring,200,3000000.0,12,6,exclude,launch,0,0.0,prior,0.0,rr_tour,12600.0,43200,21833778.830715474,0,20337393.047422152,1496385.783293321,0,127,0.9615257425775138,181,9.615393291909244,5.829604432117402,7986.659159050209,6423.7629379069,1.2432991746816482,2.1362958405252486,387.3504711584943,0.0,0.0,0.0012610340479192938,1.3549698470118774,1.2567567567567568,0.29550827423167847,8849.912756518612,592,0.2710251808166504
ring,200,3000000.0,9,5,exclude,launch,0,0.0,prior,0.0,rr_tour,12600.0,43200,1384407.7949122402,0,1202094.3151120858,182313.47980015448,0,0,0.0,0,9.5817239933676,5.695294648452515,8015.8948489202385,6864.33329103974,1.1677601464054306,2.04632885155484,328.441219678821,0.0,0.0,0.0,1.77730603417557,8.850877192982455,0.9295039164490861,2179.9061813105245,342,0.5313377380371094
ring,200,3000000.0,10,6,exclude,launch,0,0.0,prior,0.0,rr_tour,12600.0,43200,4765961.739037708,0,3818855.374615373,947106.3644223352,0,9,0.2165244556968218,14,9.615393291909244,5.4510964955291055,7986.659159050209,7008.404977831518,1.1395829984587127,2.0940494232749653,359.0832421704855,0.0,0.0,0.0017793594306049821,1.592987610696019,2.9382422802850354,0.68,5346.09334067179,421,0.31053829193115234
ring,200,3000000.0,4,7,exclude,launch,0,0.0,prior,0.0,rr_tour,12600.0,43200,1389978.1778220325,0,1199709.822642409,190268.35517962358,0,0,0.0,0,9.67245857027743,5.693833063639312,7937.573119120503,6908.047953470445,1.1490327184444122,2.0339014847272736,320.68568403637835,0.0,0.07291666666666667,0.0,3.8245252543614425,44.22222222222222,0.9391727493917275,2129.265555365842,72,0.26803016662597656
ring,200,3000000.0,4,6,exclude,launch,0,0.0,prior,0.0,rr_tour,12600.0,43200,1223017.3852852846,0,1069083.2214445544,153934.16384072992,0,0,0.0,0,9.615393291909244,5.473664779342459,7986.659159050209,7180.467867870144,1.1122755934592319,2.035443479181593,321.6429595739047,0.0,0.14432989690721648,0.0,3.730342033801657,50.25,0.9252336448598131,1809.5541861250085,72,0.4828307628631592
ring,200,3000000.0,10,7,exclude,launch,0,0.0,prior,0.0,rr_tour,12600.0,43200,3855536.2822086397,0,3044424.066259397,811112.2159492425,0,3,0.07654472276587551,10,9.67245857027743,5.490013284763834,7937.573119120503,6962.339715804005,1.1400726541830168,2.092962183936578,358.36990065462413,0.0,0.0,0.0,1.58812356185727,3.0023474178403755,0.6864197530864198,5176.4309026511,426,0.18651604652404785
ring,200,3000000.0,5,5,exclude,launch,0,0.0,prior,0.0,rr_tour,12600.0,43200,958103.6725172878,0,844279.6690337722,113824.00348351565,0,0,0.0,0,9.5817239933676,5.801142514417406,8015.8948489202385,6789.292747934224,1.180667139645618,2.0311963937229387,319.00980072815815,0.0,0.06666666666666667,0.0,3.041403391966816,39.848214285714285,0.9458762886597938,1512.108309109485,112,0.6543476581573486
ring,200,3000000.0,9,6,exclude,launch,0,0.0,prior,0.0,rr_tour,12600.0,43200,1818730.1768345882,0,1528022.2687792347,290707.90805535344,0,0,0.0,0,9.615393291909244,5.565503423432022,7986.659159050209,7004.36620865481,1.1402400904141259,2.0521858490193177,332.1285182629508,0.0,0.002188183807439825,0.0,1.7721821125757298,7.232352941176471,0.8985849056603774,2668.927671382603,340,0.4360489845275879
ring,200,3000000.0,8,5,exclude,launch,0,0.0,prior,0.0,rr_tour,12600.0,43200,1003759.373019662,0,890299.4950718563,113459.87794780567,0,0,0.0,0,9.5817239933676,5.778141946459196,8015.8948489202385,6801.937970195042,1.1784722066041404,2.0354906572061635,321.6722703483758,0.0,0.008310249307479225,0.0,1.993930280355406,15.1635687732342,0.921875,1631.1399068954781,269,0.6558477878570557
ring,200,3000000.0,12,7,exclude,launch,0,0.0,prior,0.0,rr_tour,12600.0,43200,20061224.5199619,0,18863023.42381692,1198201.0961449821,0,127,0.9623979703486473,174,9.67245857027743,5.844805740746966,7937.573119120503,6416.576019125951,1.2370418577541826,2.133126257825003,385.19253485174875,0.0,0.0,0.005050505050505051,1.3560992591886063,1.3091216216216217,0.32839506172839505,8502.26550524332,592,0.16851568222045898
ring,200,3000000.0,11,7,exclude,launch,0,0.0,prior,0.0,rr_tour,12600.0,43200,9886309.969668858,0,8868882.864056645,1017427.1056122127,0,49,0.6900881712229583,68,9.67245857027743,5.653323584437724,7937.573119120503,6673.629796040801,1.1893936825548144,2.1204304451035645,376.60931469449156,0.0,0.0,0.0014749262536873156,1.4572892600586858,1.7337278106508875,0.5012345679012346,7516.102334464984,507,0.27352261543273926
ring,200,3000000.0,5,6,exclude,launch,0,0.0,prior,0.0,rr_tour,12600.0,43200,1004129.7765586292,0,895860.0871641098,108269.68939451949,0,0,0.0,0,9.615393291909244,5.571078480216572,7986.659159050209,7069.366903639604,1.1297559269329118,2.0312818509235946,319.06267681331855,0.0,0.08391608391608392,0.0,3.1860980809724926,39.87850467289719,0.9279069767441861,1583.964048396042,107,0.5828351974487305
ring,200,3000000.0,7,5,exclude,launch,0,0.0,prior,0.0,rr_tour,12600.0,43200,936765.1504645089,0,840040.6002764257,96724.55018808313,0,0,0.0,0,9.5817239933676,5.7791329301069965,8015.8948489202385,6814.808293902224,1.1762465653058394,2.0312980873816793,319.07272351113284,0.0,0.007246376811594203,0.0,2.285163366793331,21.733009708737864,0.9296875,1484.7973465398175,206,0.7113480567932129
ring,200,3000000.0,6,5,exclude,launch,0,0.0,prior,0.0,rr_tour,12600.0,43200,883680.1867468157,0,803305.9444096534,80374.24233716224,0,0,0.0,0,9.5817239933676,5.738653208543469,8015.8948489202385,6867.790781035401,1.1671722544395489,2.0298453437889243,318.1744296371182,0.0,0.03431372549019608,0.0,2.658248147547782,30.566666666666666,0.9347258485639687,1423.848331318537,150,0.7158479690551758
ring,200,3000000.0,6,6,exclude,launch,0,0.0,prior,0.0,rr_tour,12600.0,43200,1001214.5768315818,0,893107.9832076066,108106.59362397523,0,0,0.0,0,9.615393291909244,5.701421377922321,7986.659159050209,6909.507277017186,1.1558941671015976,2.0307654621322415,318.7432313774078,0.0,0.0196078431372549,0.0,2.658123438268845,28.893333333333334,0.9341176470588235,1504.6974053328975,150,0.6543452739715576
ring,200,3000000.0,7,6,exclude,launch,0,0.0,prior,0.0,rr_tour,12600.0,43200,1035452.5382201145,0,928503.8819842897,106948.65623582472,0,0,0.0,0,9.615393291909244,5.622332246985374,7986.659159050209,6997.543396476829,1.1413518582923525,2.033423696014223,320.3893606451093,0.0,0.017985611510791366,0.0,2.2766345094572684,19.971153846153847,0.927570093457944,1604.1427454731975,208,0.6538491249084473
ring,200,3000000.0,9,7,exclude,launch,0,0.0,prior,0.0,rr_tour,12600.0,43200,1624806.6487873758,0,1386376.077787444,238430.57099993184,0,0,0.0,0,9.67245857027743,5.637269145127833,7937.573119120503,6917.663996151337,1.1474354816216277,2.0514538578144386,331.66656453385974,0.0,0.0021691973969631237,0.0,1.752489363243566,7.3654970760233915,0.9111111111111111,2583.908059299699,342,0.42054080963134766
ring,200,3000000.0,5,7,exclude,launch,0,0.0,prior,0.0,rr_tour,12600.0,43200,1158731.612171247,0,1032441.8709461086,126289.7412251382,0,0,0.0,0,9.67245857027743,5.860260031462626,7937.573119120503,6722.665200373027,1.180718194724328,2.0306338282688334,318.66182639162145,0.0,0.0273972602739726,0.0,3.109240301827375,33.06481481481482,0.9339853300733496,1890.0639595966425,108,0.5275552272796631
ring,200,3000000.0,10,8,exclude,launch,0,0.0,prior,0.0,rr_tour,12600.0,43200,3853165.329795197,0,3081701.0706257937,771464.2591694033,0,6,0.18522029967670187,14,9.593953420773953,5.4632468827391865,8005.252074719057,7000.327977521101,1.1435538592512935,2.0918029562716036,357.6101085970239,0.0,0.0017730496453900709,0.0,1.5926130198461181,3.139810426540284,0.717948717948718,4975.735217395262,422,0.21402549743652344
ring,200,3000000.0,8,7,exclude,launch,0,0.0,prior,0.0,rr_tour,12600.0,43200,1214023.5223230813,0,1075754.4884914162,138269.03383166497,0,0,0.0,0,9.67245857027743,5.7445220120886615,7937.573119120503,6821.597654196029,1.1635944424599751,2.0415028400777153,325.4184497669843,0.0,0.002638522427440633,0.0,1.89780543147812,11.648936170212766,0.9234567901234568,2012.1993986249483,282,0.5105481147766113
ring,200,3000000.0,6,7,exclude,launch,0,0.0,prior,0.0,rr_tour,12600.0,43200,1049708.393364808,0,926584.4242836483,123123.9690811599,0,0,0.0,0,9.67245857027743,5.825588238594215,7937.573119120503,6761.419668598251,1.1739506654178866,2.0310111591624196,318.8952030952307,0.0,0.023696682464454975,0.0,2.571347925401358,24.853503184713375,0.9507389162561576,1701.0433319080844,157,0.5715477466583252
ring,200,3000000.0,8,8,exclude,launch,0,0.0,prior,0.0,rr_tour,12600.0,43200,1032856.9769514888,0,908024.1003775938,124832.87657389503,0,0,0.0,0,9.593953420773953,5.754283036008746,8005.252074719057,6829.453353344403,1.1721658616789383,2.0356955356382205,321.7995727622823,0.0,0.008310249307479225,0.0,2.003198192239001,14.251851851851852,0.959079283887468,1725.90866891976,270,0.39003467559814453
ring,200,3000000.0,11,8,exclude,launch,0,0.0,prior,0.0,rr_tour,12600.0,43200,9845355.452545261,0,8836654.070150493,1008701.3823947666,0,50,0.7175649199517207,71,9.593953420773953,5.627481135176746,8005.252074719057,6703.734636304975,1.1941481143011747,2.1206017942857254,376.72451440691617,0.0,0.0,0.0,1.462851082930578,1.7712031558185404,0.5128205128205128,7355.850508899238,507,0.3070378303527832
ring,200,3000000.0,7,7,exclude,launch,0,0.0,prior,0.0,rr_tour,12600.0,43200,1140677.535701605,0,998722.9466463294,141954.58905527557,0,0,0.0,0,9.67245857027743,5.756326832095342,7937.573119120503,6831.706860375099,1.1618726156357193,2.034301501432854,320.93387875987685,0.0,0.010380622837370242,0.0,2.1859986402056295,16.583333333333332,0.9211822660098522,1866.7651088738558,216,0.5911684036254883
ring,200,3000000.0,12,8,exclude,launch,0,0.0,prior,0.0,rr_tour,12600.0,43200,19909275.72338171,0,18660246.180457287,1249029.5429244246,0,126,0.9705162336209602,176,9.593953420773953,5.86318813140257,8005.252074719057,6414.58641000645,1.2479763406462565,2.1270979919159982,381.10496501432266,0.0,0.0,0.0012610340479192938,1.3571964650020218,1.464527027027027,0.32051282051282054,7613.315941912941,592,0.3186516761779785
ring,200,3000000.0,5,9,exclude,launch,0,0.0,prior,0.0,rr_tour,12600.0,43200,984674.0449150297,0,870325.0842830335,114348.96063199607,0,0,0.0,0,9.707421613060593,5.878899079217154,7907.783946703841,6705.236644426909,1.1793444983446535,2.0294570858364667,317.9345674736731,0.0,0.09722222222222222,0.0,3.1760912815619884,39.61682242990654,0.9385749385749386,1579.790220552031,107,0.3646562099456787
ring,200,3000000.0,4,8,exclude,launch,0,0.0,prior,0.0,rr_tour,12600.0,43200,1117107.51728766,0,974979.794466095,142127.72282156473,0,0,0.0,0,9.593953420773953,5.660255070658706,8005.252074719057,6948.587297302312,1.15206900801649,2.0340305265425496,320.76573894655877,0.0,0.14432989690721648,0.0,3.742563865487889,51.0,0.9642857142857143,1791.5505015240278,72,0.5226752758026123
ring,200,3000000.0,11,9,exclude,launch,0,0.0,prior,0.0,rr_tour,12600.0,43200,9264173.98963514,0,8116041.339017236,1148132.650617904,0,43,0.6778306630929453,59,9.707421613060593,5.65629854372561,7907.783946703841,6680.91496787457,1.1836378676766157,2.117004196677625,374.30951261862805,0.0,0.0,0.004424778761061947,1.4609935649723764,1.93503937007874,0.515,6713.613114937268,508,0.29564952850341797
ring,200,3000000.0,12,9,exclude,launch,0,0.0,prior,0.0,rr_tour,12600.0,43200,19145478.376183927,0,17819159.487399057,1326318.8887848672,0,119,0.9503028416850274,174,9.707421613060593,5.838829694344515,7907.783946703841,6413.593526479989,1.232972422411047,2.1363024901624357,387.35500474480574,0.0,0.0,0.0,1.357975490460713,1.3372681281618888,0.3475,8323.242928795125,593,0.2921485900878906
ring,200,3000000.0,10,9,exclude,launch,0,0.0,prior,0.0,rr_tour,12600.0,43200,3729682.8555246317,0,2862346.8483146904,867336.0072099413,0,1,0.03155616362615861,9,9.707421613060593,5.4699703992506485,7907.783946703841,6991.3945418460125,1.1310739079840093,2.0919013475915484,357.67456586167197,0.0,0.0,0.0,1.5944868982816633,3.1068883610451308,0.7096774193548387,5057.707440952893,421,0.3366541862487793
ring,200,3000000.0,9,8,exclude,launch,0,0.0,prior,0.0,rr_tour,12600.0,43200,1373869.1003842962,0,1207241.5814708509,166627.5189134451,0,0,0.0,0,9.593953420773953,5.661435004123426,8005.252074719057,6902.274843960031,1.1597990888068168,2.047251568867507,329.02075454863626,0.0,0.004395604395604396,0.0,1.7801636702097616,8.334319526627219,0.9307692307692308,2327.996076341641,338,0.5246739387512207
ring,200,3000000.0,5,10,exclude,launch,0,0.0,prior,0.0,rr_tour,12600.0,43200,1091200.677982118,0,970577.6438114526,120623.03417066541,0,0,0.0,0,9.682464971833335,5.77078454624269,7929.025501191047,6827.015889134896,1.1614189317780825,2.0305992117132874,318.64042055521463,0.0,0.10273972602739725,0.0,3.1146941477274015,36.19444444444444,0.910411622276029,1730.729692714697,108,0.33565759658813477
ring,200,3000000.0,5,8,exclude,launch,0,0.0,prior,0.0,rr_tour,12600.0,43200,899136.9665768115,0,814355.1426150082,84781.8239618033,0,0,0.0,0,9.593953420773953,5.73827551470483,8005.252074719057,6866.5351157753,1.1658357439005371,2.030350165325982,318.4864389561836,0.0,0.10416666666666667,0.0,3.1782974659876513,41.407407407407405,0.9642857142857143,1511.0618858475118,108,0.6456942558288574
ring,200,3000000.0,4,9,exclude,launch,0,0.0,prior,0.0,rr_tour,12600.0,43200,1145911.3418654802,0,1004426.509571209,141484.8322942713,0,0,0.0,0,9.707421613060593,5.735285060806168,7907.783946703841,6862.809315012355,1.1522663072403323,2.032511663297882,319.82410045384745,0.0,0.16129032258064516,0.0,3.932309937896522,54.455882352941174,0.9315403422982885,1812.332719912671,68,0.5276837348937988
ring,200,3000000.0,12,10,exclude,launch,0,0.0,prior,0.0,rr_tour,12600.0,43200,19812236.876374155,0,18598820.114123844,1213416.7622503089,0,124,0.9590425980285813,176,9.682464971833335,5.829135212460009,7929.025501191047,6423.131835802477,1.2344485064115813,2.136677720652959,387.61087218864174,0.0,0.0,0.0050568900126422255,1.358491905427418,1.3716216216216217,0.3575,8092.46906086932,592,0.17152643203735352
ring,200,3000000.0,6,8,exclude,launch,0,0.0,prior,0.0,rr_tour,12600.0,43200,874377.8640880563,0,797614.2780140258,76763.58607403055,0,0,0.0,0,9.593953420773953,5.703745823071668,8005.252074719057,6908.290991366641,1.1587890673284174,2.030295259501531,318.4524965253984,0.0,0.03431372549019608,0.0,2.657745912117432,29.533333333333335,0.9565217391304348,1471.6218575362414,150,0.6681902408599854
ring,200,3000000.0,11,10,exclude,launch,0,0.0,prior,0.0,rr_tour,12600.0,43200,10848378.687714564,0,9804544.785226015,1043833.9024885481,0,53,0.7621456423388042,70,9.682464971833335,5.6528930670763895,7929.025501191047,6677.821952954058,1.187367012336035,2.119260683921439,375.8233435716863,0.0,0.0,0.0029498525073746312,1.453205089032665,1.8974358974358974,0.5575,6826.8458059165205,507,0.27103447914123535
ring,200,3000000.0,7,8,exclude,launch,0,0.0,prior,0.0,rr_tour,12600.0,43200,920057.698558293,0,827492.8786506463,92564.81990764677,0,0,0.0,0,9.593953420773953,5.659413719414597,8005.252074719057,6953.846416227196,1.1511977106710822,2.0327943697087725,319.9992630306421,0.0,0.01079136690647482,0.0,2.2769956756762273,20.408653846153847,0.9566326530612245,1569.1199359654827,208,0.7162837982177734
ring,200,3000000.0,9,9,exclude,launch,0,0.0,prior,0.0,rr_tour,12600.0,43200,1374961.3070441387,0,1196134.6390353537,178826.66800878505,0,0,0.0,0,9.707421613060593,5.660674153881648,7907.783946703841,6898.971696345251,1.1462264660243513,2.0485070716496354,329.81012378978824,0.0,0.0,0.0,1.7643131381194836,8.660818713450292,0.9255583126550868,2226.212701044605,342,0.5602757930755615
ring,200,3000000.0,10,10,exclude,launch,0,0.0,prior,0.0,rr_tour,12600.0,43200,3990742.2582015665,0,3225987.392689739,764754.865511828,0,7,0.23523536009424156,11,9.682464971833335,5.5122098665707835,7929.025501191047,6956.507856347015,1.139799690437598,2.0862817687267143,354.00242432041176,0.0,0.0,0.0017730496453900709,1.592194539077784,3.368794326241135,0.7617866004962779,4630.772268944848,423,0.3326301574707031
ring,200,3000000.0,8,10,exclude,launch,0,0.0,prior,0.0,rr_tour,12600.0,43200,1165580.9204828555,0,1026617.9867046549,138962.93377820047,0,0,0.0,0,9.682464971833335,5.662160238899167,7929.025501191047,6927.088815045727,1.144640369554538,2.0396566953325994,324.2658132449705,0.0,0.00804289544235925,0.0,1.9403461244553017,12.440860215053764,0.9405940594059405,1904.1052340849917,279,0.34675145149230957
ring,200,3000000.0,4,10,exclude,launch,0,0.0,prior,0.0,rr_tour,12600.0,43200,1137610.8127912208,0,1003543.5312021261,134067.28158909475,0,0,0.0,0,9.682464971833335,5.841392521490253,7929.025501191047,6736.5811882134685,1.177010308294646,2.0329844110602595,320.1170380480534,0.0,0.07291666666666667,0.0,3.7447680170327327,49.69444444444444,0.942643391521197,1820.2363719959249,72,0.5122663974761963
ring,200,3000000.0,7,9,exclude,launch,0,0.0,prior,0.0,rr_tour,12600.0,43200,961445.135853687,0,855483.6610361522,105961.47481753475,0,0,0.0,0,9.707421613060593,5.7188650969772254,7907.783946703841,6880.808465157844,1.1492521535436226,2.0330153887073013,320.13623799182903,0.0,0.014184397163120567,0.0,2.230229931644886,19.87735849056604,0.9379652605459057,1578.1541051589047,212,0.6412866115570068
ring,200,3000000.0,8,9,exclude,launch,0,0.0,prior,0.0,rr_tour,12600.0,43200,1061535.6496278248,0,929793.501133401,131742.14849442375,0,0,0.0,0,9.707421613060593,5.7248040904373525,7907.783946703841,6860.8798566604855,1.1525903545777776,2.036805427075723,322.48964808410176,0.0,0.0027548209366391185,0.0,1.9792244326860606,14.162962962962963,0.9330024813895782,1736.1425889445673,270,0.6467928886413574
ring,200,3000000.0,6,9,exclude,launch,0,0.0,prior,0.0,rr_tour,12600.0,43200,943612.698996258,0,840381.724505714,103230.97449054403,0,0,0.0,0,9.707421613060593,5.765610202191569,7907.783946703841,6835.702985383603,1.1568355096195093,2.029838685941071,318.1703157182496,0.0,0.02912621359223301,0.0,2.636338311045142,28.355263157894736,0.9528535980148883,1527.5835898586054,152,0.6677920818328857
ring,200,3000000.0,12,11,exclude,launch,0,0.0,prior,0.0,rr_tour,12600.0,43200,20435434.324475538,0,19117554.515884437,1317879.8085911004,0,131,0.9662828189560583,179,9.620332515526059,5.840681580277839,7982.387549587255,6418.554489404607,1.2436425620074016,2.1339744943196752,385.7694461302691,0.0,0.0,0.0,1.3573802099536694,1.4155405405405406,0.2826086956521739,7838.399904167895,592,0.17161011695861816
ring,200,3000000.0,11,11,exclude,launch,0,0.0,prior,0.0,rr_tour,12600.0,43200,9572005.249697372,0,8476414.452490794,1095590.79720658,0,47,0.6619571027664054,66,9.620332515526059,5.602614041640954,7982.387549587255,6709.542726032165,1.1897066425431073,2.1281702057108864,381.8304039161232,0.0,0.0,0.0014727540500736377,1.4563717894418196,1.6988188976377954,0.48564593301435405,7661.424300962803,508,0.26361656188964844
ring,200,3000000.0,9,10,exclude,launch,0,0.0,prior,0.0,rr_tour,12600.0,43200,1577279.8430062137,0,1341222.783875944,236057.05913026957,0,0,0.0,0,9.682464971833335,5.588827262540334,7929.025501191047,6974.505674649097,1.136858419946726,2.0523709942204102,332.24541284293645,0.0,0.0,0.0,1.7517983083700996,7.618497109826589,0.905940594059406,2501.65642667887,346,0.505767822265625
ring,200,3000000.0,6,10,exclude,launch,0,0.0,prior,0.0,rr_tour,12600.0,43200,1022919.5543171471,0,899842.6731038428,123076.88121330434,0,0,0.0,0,9.682464971833335,5.827753495935371,7929.025501191047,6762.416929529208,1.172513553041613,2.0299571483370613,318.2435182231835,0.0,0.014423076923076924,0.0,2.6072410881695594,26.22077922077922,0.9261083743842364,1641.6415651509333,154,0.5917751789093018
ring,200,3000000.0,9,11,exclude,launch,0,0.0,prior,0.0,rr_tour,12600.0,43200,1426754.4213529,0,1233942.0108019423,192812.41055095757,0,0,0.0,0,9.620332515526059,5.6662846592396106,7982.387549587255,6893.267934069817,1.1579975747256959,2.0481720675922226,329.5994049841663,0.0,0.002188183807439825,0.0,1.7720768961356694,8.33235294117647,0.8971291866028708,2315.331372544992,340,0.3211243152618408
ring,200,3000000.0,10,11,exclude,launch,0,0.0,prior,0.0,rr_tour,12600.0,43200,3477578.922125834,0,2757345.205857725,720233.7162681095,0,3,0.09618203014999047,7,9.620332515526059,5.483271497802995,7982.387549587255,6986.320224684427,1.1425739578016296,2.088342605798194,355.3468882786811,0.0,0.0,0.0,1.5995490842990936,3.332541567695962,0.7392344497607656,4722.144157627206,421,0.31762146949768066
ring,200,3000000.0,7,10,exclude,launch,0,0.0,prior,0.0,rr_tour,12600.0,43200,1002819.3782996086,0,891820.4581748731,110998.9201247354,0,0,0.0,0,9.682464971833335,5.750869603491045,7929.025501191047,6834.519740290001,1.1601437705196538,2.0353938799642126,321.6121460002039,0.0,0.010169491525423728,0.0,2.1238014785589865,18.036199095022624,0.9328358208955224,1649.982479378097,221,0.6127767562866211
ring,200,3000000.0,4,11,exclude,launch,0,0.0,prior,0.0,rr_tour,12600.0,43200,1164008.8263100537,0,1004714.0712258518,159294.7550842019,0,0,0.0,0,9.620332515526059,5.672229025995515,7982.387549587255,6934.220821922057,1.151158544641597,2.0339419856038656,320.7108088783391,0.0,0.14583333333333334,0.0,3.779315389552063,51.985915492957744,0.9140811455847255,1783.1518247222805,71,0.506643533706665
ring,200,3000000.0,9,12,exclude,launch,0,0.0,prior,0.0,rr_tour,12600.0,43200,1388423.3556511437,0,1182324.451766275,206098.90388486872,0,0,0.0,0,9.586499762957338,5.688322298618535,8011.735459045254,6873.581769318058,1.1655837855610633,2.046080366756176,328.28524011382075,0.0,0.002197802197802198,0.0,1.780113773733264,9.088757396449704,0.9455445544554455,2143.4128104574997,338,0.3300313949584961
ring,200,3000000.0,11,12,exclude,launch,0,0.0,prior,0.0,rr_tour,12600.0,43200,9736358.473150373,0,8582361.455131011,1153997.018019363,0,47,0.716504443561108,63,9.586499762957338,5.675502959912532,8011.735459045254,6672.735176204587,1.2006673796400058,2.1124271631446403,371.24825799060966,0.0,0.0,0.0014749262536873156,1.4581512871087157,2.078740157480315,0.57356608478803,6254.720021315424,508,0.28952670097351074
ring,200,3000000.0,12,12,exclude,launch,0,0.0,prior,0.0,rr_tour,12600.0,43200,19558607.801500503,0,18145161.726548504,1413446.0749520008,0,119,0.9548173940110478,166,9.586499762957338,5.859348565346787,8011.735459045254,6401.219536958515,1.2515951706996074,2.132936521234363,385.0635483439862,0.0,0.0,0.0012610340479192938,1.3555199589872078,1.4586846543001686,0.3765586034912718,7603.573604350358,593,0.296527624130249
ring,200,3000000.0,10,12,exclude,launch,0,0.0,prior,0.0,rr_tour,12600.0,43200,3125703.6484087496,0,2447990.5705164415,677713.077892308,0,3,0.05640169332555303,8,9.586499762957338,5.5093775643302685,8011.735459045254,6971.9347382836695,1.14914091422169,2.0827355867514514,351.69490524540294,0.0,0.0,0.0,1.6029489043548004,3.7071428571428573,0.8283582089552238,4245.855898129867,420,0.3565351963043213
ring,200,3000000.0,6,11,exclude,launch,0,0.0,prior,0.0,rr_tour,12600.0,43200,938447.4816012051,0,828925.388160064,109522.093441141,0,0,0.0,0,9.620332515526059,5.541881944691615,7982.387549587255,7106.207642167776,1.123297819531797,2.031397078878998,319.13398029603906,0.0,0.014634146341463415,0.0,2.6529512049662975,28.5364238410596,0.9380952380952381,1530.833881898336,151,0.6196541786193848
ring,200,3000000.0,4,12,exclude,launch,0,0.0,prior,0.0,rr_tour,12600.0,43200,1250435.762486469,0,1071061.9781441055,179373.7843423634,0,0,0.0,0,9.586499762957338,5.690192550824571,8011.735459045254,6914.242231191669,1.1587293576297562,2.033379467366901,320.36193707264994,0.0,0.17708333333333334,0.0,3.785503480168846,52.478873239436616,0.9630541871921182,1768.2703095838199,71,0.5091371536254883
ring,200,3000000.0,8,11,exclude,launch,0,0.0,prior,0.0,rr_tour,12600.0,43200,1039645.1573184662,0,918545.8461514949,121099.31116697134,0,0,0.0,0,9.620332515526059,5.7267337846890305,7982.387549587255,6857.994137405376,1.1639536852399932,2.0369758620278455,322.5956815285179,0.0,0.00554016620498615,0.0,1.9889971776021311,14.24907063197026,0.9354066985645934,1731.676203745066,269,0.6096532344818115
ring,200,3000000.0,5,11,exclude,launch,0,0.0,prior,0.0,rr_tour,12600.0,43200,923632.9376394816,0,821055.9741633609,102576.96347612064,0,0,0.0,0,9.620332515526059,5.797919750252876,7982.387549587255,6796.138142124484,1.1745475713788165,2.0302783758806475,318.44205954217966,0.0,0.08333333333333333,0.0,3.1681533895809393,42.12149532710281,0.9404761904761905,1495.1986286806552,107,0.6646621227264404
core,200,1500000.0,3,1,exclude,launch,0,0.0,prior,0.0,rr_tour,12600.0,43200,898868.1689290934,0,801720.8489625704,97147.31996652292,0,0,0.0,0,5.817375238242085,10.868030420531797,6542.619886436506,1810.3639472178447,3.613980435531298,2.033027502487805,320.14374626885734,0.0,0.10377358490566038,0.0,2.561125354531642,62.24050632911393,0.9339622641509434,1357.1039303762843,79,0.39803552627563477
core,200,1500000.0,2,1,exclude,launch,0,0.0,prior,0.0,rr_tour,12600.0,43200,1470739.1753005139,0,1251460.5503894067,219278.6249111073,0,0,0.0,0,5.817375238242085,13.975981991085849,6542.619886436506,1399.5897370693224,4.674669807265418,2.0449227651286868,327.5590755252541,0.0,0.20408163265306123,0.0,3.7569758867684424,86.64864864864865,0.9067599067599068,2119.738197219639,37,0.4675476551055908
ring,200,3000000.0,5,12,exclude,launch,0,0.0,prior,0.0,rr_tour,12600.0,43200,946342.4968704067,0,835148.4035269311,111194.09334347566,0,0,0.0,0,9.586499762957338,5.761523256202619,8011.735459045254,6837.430958809788,1.1717464508687165,2.030765205321678,318.74307255055237,0.0,0.09655172413793103,0.0,3.072816858446077,41.26605504587156,0.9600997506234414,1452.1573738562606,109,0.605659008026123
ring,200,3000000.0,7,11,exclude,launch,0,0.0,prior,0.0,rr_tour,12600.0,43200,846494.1742739436,0,765388.3257090793,81105.84856486435,0,0,0.0,0,9.620332515526059,5.805809551756246,7982.387549587255,6781.721584142346,1.1770444201443508,2.031829423156598,319.4015875475033,0.0,0.014285714285714285,0.0,2.255122188708935,22.172248803827753,0.9379474940334129,1439.962436069368,209,0.7391774654388428
ring,200,3000000.0,8,12,exclude,launch,0,0.0,prior,0.0,rr_tour,12600.0,43200,1084468.4288182503,0,952024.3937901562,132444.03502809413,0,0,0.0,0,9.586499762957338,5.655689936380198,8011.735459045254,6945.109669443786,1.1535794019631214,2.0366916692439876,322.4188851239654,0.0,0.00554016620498615,0.0,2.0014235631339417,14.245353159851302,0.945679012345679,1738.114709883747,269,0.6530683040618896
core,200,1500000.0,2,2,exclude,launch,0,0.0,prior,0.0,rr_tour,12600.0,43200,1576135.759400688,0,1359742.6757736842,216393.08362700394,0,0,0.0,0,5.159223286643748,8.856532647296762,7419.771693842448,2205.487796886662,3.364231579207302,2.0478191705459317,329.37750424906926,0.0,0.3877551020408163,0.0,3.698731414785512,78.86486486486487,0.918918918918919,2297.2429252192637,37,0.42204856872558594
ring,200,3000000.0,7,12,exclude,launch,0,0.0,prior,0.0,rr_tour,12600.0,43200,904084.336316521,0,808805.8546387075,95278.48167781363,0,0,0.0,0,9.586499762957338,5.767294115523667,8011.735459045254,6829.37581640545,1.1731285075569502,2.031126043937911,318.96627554611416,0.0,0.007246376811594203,0.0,2.2847465296347984,22.12621359223301,0.9679012345679012,1452.9923967199593,206,0.7270834445953369
ring,200,3000000.0,6,12,exclude,launch,0,0.0,prior,0.0,rr_tour,12600.0,43200,808839.6731010363,0,726285.2627839079,82554.41031712844,0,0,0.0,0,9.586499762957338,5.836136728339467,8011.735459045254,6754.6852762790095,1.186100481569546,2.0293614699517786,317.8755107463857,0.0,0.014634146341463415,0.0,2.65312512601491,33.145695364238414,0.9556650246305419,1317.5207714391374,151,0.7390837669372559
core,200,1500000.0,3,2,exclude,launch,0,0.0,prior,0.0,rr_tour,12600.0,43200,937848.1668783403,0,846664.1020856306,91184.06479270966,0,0,0.0,0,5.159223286643748,9.337377819198714,7419.771693842448,2106.028612062866,3.5231105842264614,2.0340929385907356,320.8044616929668,0.0,0.1743119266055046,0.0,2.475900731588763,56.34567901234568,0.9303482587064676,1435.4764200571026,81,0.3865501880645752
core,200,1500000.0,2,3,exclude,launch,0,0.0,prior,0.0,rr_tour,12600.0,43200,1508623.1248407192,0,1287211.3532952203,221411.77154549884,0,0,0.0,0,4.838213115042605,11.23940187700036,7934.181769636198,1739.1146615057971,4.5621958949885775,2.046390800434322,328.4801121700744,0.0,0.5102040816326531,0.0,3.6729736615779323,84.11111111111111,0.9112149532710281,2175.1967765728796,36,0.42955589294433594
core,200,1500000.0,4,3,exclude,launch,0,0.0,prior,0.0,rr_tour,12600.0,43200,589990.3864347655,0,548832.4615448465,41157.92488991897,0,0,0.0,0,4.838213115042605,14.244741791373196,7934.181769636198,1386.9306282250782,5.720676729008394,2.0246533246716707,314.9743307282123,0.0,0.016216216216216217,0.0,1.9684836149971667,50.10071942446043,0.9624413145539906,954.9657735330893,139,0.5375697612762451
core,200,1500000.0,4,1,exclude,launch,0,0.0,prior,0.0,rr_tour,12600.0,43200,609438.5970503483,0,563198.4792425291,46240.11780781919,0,0,0.0,0,5.817375238242085,11.136910959080337,6542.619886436506,1772.8210383393707,3.6905134500011805,2.025957576344548,315.77668453763397,0.0,0.0425531914893617,0.0,1.9350061051432683,49.92198581560284,0.9428571428571428,943.9687157443419,141,0.9236946105957031
core,200,1500000.0,4,2,exclude,launch,0,0.0,prior,0.0,rr_tour,12600.0,43200,689631.8577835446,0,633637.6579846453,55994.199798899135,0,0,0.0,0,5.159223286643748,9.326783335457916,7419.771693842448,2115.060120035875,3.508066566787045,2.027707869569255,316.85503955237317,0.0,0.06701030927835051,0.0,1.8636359535967402,42.248275862068965,0.9676616915422885,1074.7703630304152,145,0.798682451248169
core,200,1500000.0,3,3,exclude,launch,0,0.0,prior,0.0,rr_tour,12600.0,43200,888948.5610531697,0,798475.9879614933,90472.57309167627,0,0,0.0,0,4.838213115042605,11.375291930818236,7934.181769636198,1730.0155346513327,4.586191054772957,2.0325790147335847,319.86582650045415,0.0,0.2336448598130841,0.0,2.5403809436066442,61.8375,0.9485981308411215,1330.0315357804436,80,0.6841659545898438
core,200,1500000.0,7,1,exclude,launch,0,0.0,prior,0.0,rr_tour,12600.0,43200,411300.042314648,0,394552.4330232306,16747.60929141737,0,1,0.18085600656037965,1,5.817375238242085,11.266374795938164,6542.619886436506,1759.6998546017912,3.718031725312075,2.0176098917868277,310.65896755871955,0.0,0.0,0.0,1.1440380745647012,28.397094430992738,0.9734299516908212,560.743290377294,413,1.007702350616455
core,200,1500000.0,5,1,exclude,launch,0,0.0,prior,0.0,rr_tour,12600.0,43200,529957.7605248431,0,495064.7658814044,34892.994643438644,0,0,0.0,0,5.817375238242085,9.552592113498537,6542.619886436506,2068.9695358011277,3.162260136374184,2.0238795452051743,314.4987969268662,0.0,0.02287581699346405,0.0,1.4647617196113998,33.49781659388646,0.9567307692307693,851.6760790942202,229,1.0892040729522705
core,200,1500000.0,3,4,exclude,launch,0,0.0,prior,0.0,rr_tour,12600.0,43200,784112.3095508635,0,709884.5613095904,74227.74824127302,0,0,0.0,0,6.029864771348001,12.906271808445247,6300.314603527087,1526.0063209991176,4.128629427564952,2.030966928566869,318.8678423395811,0.0,0.19230769230769232,0.0,2.606577401574208,66.0,0.9588377723970944,1271.1066864175837,76,0.672161340713501
core,200,1500000.0,6,1,exclude,launch,0,0.0,prior,0.0,rr_tour,12600.0,43200,462549.2923908011,0,434539.5211426286,28009.771248172507,0,0,0.0,1,5.817375238242085,9.37767853082108,6542.619886436506,2110.212561195928,3.1004553791152603,2.021335700561106,312.9379839721937,0.0,0.002398081534772182,0.0,1.290878282806204,28.416666666666668,0.9684466019417476,741.6276252436484,312,1.1983096599578857
core,200,1500000.0,5,2,exclude,launch,0,0.0,prior,0.0,rr_tour,12600.0,43200,538127.6616521715,0,502870.090909037,35257.57074313451,0,0,0.0,0,5.159223286643748,8.798602446271154,7419.771693842448,2245.690806022437,3.3040041282371964,2.0244000308726275,314.81862697555204,0.0,0.013559322033898305,0.0,1.5183845657831199,33.268181818181816,0.9673366834170855,894.0704340564606,220,1.0612890720367432
core,200,1500000.0,6,4,exclude,launch,0,0.0,prior,0.0,rr_tour,12600.0,43200,430439.20800977014,0,403554.3875132803,26884.820496489792,0,0,0.0,0,6.029864771348001,9.381840985952921,6300.314603527087,2109.868956189941,2.9861165476856755,2.020767932365633,312.5901515238027,0.0,0.07009345794392523,0.0,1.2591049820575286,28.376947040498443,0.9686746987951808,722.9891270759834,321,0.7747616767883301
core,200,1500000.0,2,5,exclude,launch,0,0.0,prior,0.0,rr_tour,12600.0,43200,1445902.4942375943,0,1244487.0406790562,201415.4535585381,0,0,0.0,0,5.1150318495492835,10.566185058068754,7486.75482575108,1850.2922806900608,4.046255234312991,2.0459802712034425,328.2224183240482,0.0,0.2916666666666667,0.0,3.771454012329421,86.88888888888889,0.9112271540469974,2103.42184495826,36,0.46464085578918457
core,200,1500000.0,3,5,exclude,launch,0,0.0,prior,0.0,rr_tour,12600.0,43200,833427.8363159226,0,764179.0963636502,69248.73995227242,0,0,0.0,0,5.1150318495492835,10.11439144724758,7486.75482575108,1945.5853072461296,3.8480732753621454,2.0326844075064,319.9311256520531,0.0,0.32075471698113206,0.0,2.57091583407597,65.36708860759494,0.9244791666666666,1293.884620182459,79,0.44263458251953125
core,200,1500000.0,5,3,exclude,launch,0,0.0,prior,0.0,rr_tour,12600.0,43200,543587.3775731124,0,498809.366878887,44778.01069422535,0,0,0.0,1,4.838213115042605,7.778281824744925,7934.181769636198,2537.2106673164412,3.127127704388863,2.026841500589817,316.32104020006415,0.0,0.14195583596214512,0.0,1.4217054828023385,32.858333333333334,0.9716981132075472,838.310580286427,240,1.0972955226898193
core,200,1500000.0,4,4,exclude,launch,0,0.0,prior,0.0,rr_tour,12600.0,43200,557238.6313777677,0,521679.56810152536,35559.063276242276,0,0,0.0,0,6.029864771348001,9.202924299581827,6300.314603527087,2145.264868986456,2.9368469575058627,2.026064284555191,315.84237481192656,0.0,0.01098901098901099,0.0,1.9632840853106486,50.007407407407406,0.9778869778869779,959.1507810474805,135,0.9397788047790527
core,200,1500000.0,6,2,exclude,launch,0,0.0,prior,0.0,rr_tour,12600.0,43200,520696.01826129,0,489197.53586736985,31498.482393920138,0,1,0.268926950545902,1,5.159223286643748,12.405330533899143,7419.771693842448,1597.2996670914065,4.645197045181534,2.0186696325915516,311.30634610926217,0.0,0.0,0.0,1.318673430872565,34.970588235294116,0.9723618090452262,611.0022710873612,306,1.5528674125671387
core,200,1500000.0,5,4,exclude,launch,0,0.0,prior,0.0,rr_tour,12600.0,43200,469794.6138962523,0,444525.82661060157,25268.78728565072,0,0,0.0,0,6.029864771348001,12.472111420117313,6300.314603527087,1586.9993261801737,3.969954176786969,2.0208927552452978,312.6666053137006,0.0,0.15333333333333332,0.0,1.5004840325862523,39.333333333333336,0.9734939759036144,744.4398497521817,225,1.240330696105957
core,200,1500000.0,3,6,exclude,launch,0,0.0,prior,0.0,rr_tour,12600.0,43200,1049038.2183578752,0,918958.9304630256,130079.2878948495,0,0,0.0,0,4.910322515263031,8.179132624450023,7812.771097824855,2402.845493271754,3.25146628016721,2.0352927946846022,321.54935121775617,0.0,0.102803738317757,0.0,2.5257330939053593,54.8625,0.9135514018691588,1513.0266072994666,80,0.369063138961792
core,200,1500000.0,2,6,exclude,launch,0,0.0,prior,0.0,rr_tour,12600.0,43200,1644397.927145477,0,1382187.3161916789,262210.61095379805,0,0,0.0,0,4.910322515263031,10.889969352522888,7812.771097824855,1794.7285366897272,4.353177061660288,2.046607519873289,328.6161901965951,0.0,0.14285714285714285,0.0,3.7279159713747267,78.32432432432432,0.8876146788990825,2338.23581723002,37,0.4150681495666504
core,200,1500000.0,6,3,exclude,launch,0,0.0,prior,0.0,rr_tour,12600.0,43200,463943.55392040865,0,443662.7176810115,20280.836239397217,0,1,0.17210935419454465,1,4.838213115042605,12.489335394631695,7934.181769636198,1586.5582129423515,5.00087655461558,2.0186668501069334,311.3046454520344,0.0,0.014598540145985401,0.0,1.308559195406871,36.25889967637541,0.983451536643026,588.0209317356229,309,1.509873867034912
core,200,1500000.0,7,2,exclude,launch,0,0.0,prior,0.0,rr_tour,12600.0,43200,458807.06261113414,0,433705.67826207954,25101.384349054573,0,1,0.3052027829638826,1,5.159223286643748,11.19434191277028,7419.771693842448,1770.9124525260188,4.189801524778331,2.0177359503388352,310.7359393836277,0.0,0.0,0.0,1.1306710527706552,28.31566265060241,0.9824120603015075,556.1852247674377,415,1.6528990268707275
core,200,1500000.0,8,1,exclude,launch,0,0.0,prior,0.0,rr_tour,12600.0,43200,364632.56348399125,0,352191.1906480468,12441.372835944507,0,1,0.20400285273590915,1,5.817375238242085,12.817348737518493,6542.619886436506,1548.3759872904636,4.2254723272256225,2.0155118827327674,309.3793151914349,0.0,0.0,0.0,0.9919369671464943,24.833641404805913,0.9805352798053528,484.81740905524236,541,1.9285030364990234
core,200,1500000.0,4,5,exclude,launch,0,0.0,prior,0.0,rr_tour,12600.0,43200,580657.3608864733,0,542866.1582482085,37791.202638264855,0,0,0.0,0,5.1150318495492835,12.291658184360022,7486.75482575108,1607.0013709085893,4.658835369579126,2.025038430428153,315.2111351563834,0.0,0.02185792349726776,0.0,1.9700344462643289,49.394160583941606,0.9503916449086162,980.0804469341792,137,0.959306001663208
core,200,1500000.0,8,4,exclude,launch,0,0.0,prior,0.0,rr_tour,12600.0,43200,348636.1902554826,0,330213.1265901324,18423.063665350244,0,1,0.21696496642474,1,6.029864771348001,11.056946239708939,6300.314603527087,1794.350754698858,3.51119455715583,2.016124984776755,309.75299540626804,0.0,0.0,0.0,0.9909657192670053,24.875,0.9661016949152542,484.24697864864606,544,1.2009124755859375
core,200,1500000.0,8,2,exclude,launch,0,0.0,prior,0.0,rr_tour,12600.0,43200,419118.68609985994,0,396648.9757554321,22469.71034442782,0,1,0.3341039113656669,1,5.159223286643748,12.555479348554046,7419.771693842448,1580.5319198017355,4.694477600157039,2.0156885190967886,309.4869503475083,0.0,0.02606310013717421,0.0,0.9853606898990129,24.770220588235293,0.9773869346733668,482.26969373293866,544,1.8864984512329102
core,200,1500000.0,7,3,exclude,launch,0,0.0,prior,0.0,rr_tour,12600.0,43200,409053.14094652625,0,395063.5629904148,13989.577956111458,0,1,0.19520452834855934,1,4.838213115042605,12.501473566615664,7934.181769636198,1586.3325438973422,5.001587971046284,2.0169937405119835,310.2828804721668,0.0,0.024955436720142603,0.0,1.121248487694839,30.46793349168646,0.983451536643026,512.7789933199765,421,1.875586748123169
core,200,1500000.0,2,7,exclude,launch,0,0.0,prior,0.0,rr_tour,12600.0,43200,1506721.3455692024,0,1298286.6296602134,208434.71590898908,0,0,0.0,0,5.136971107610754,9.334912666183852,7453.356364169037,2092.20515480256,3.5624404934956795,2.048073151293224,329.53719913851296,0.0,0.24,0.0,3.5864437623068057,77.88888888888889,0.9333333333333333,2242.6455191909477,36,0.44173455238342285
core,200,1500000.0,4,6,exclude,launch,0,0.0,prior,0.0,rr_tour,12600.0,43200,737808.4673751635,0,669927.7044463297,67880.76292883368,0,0,0.0,0,4.910322515263031,10.815647531316802,7812.771097824855,1824.8369392904992,4.281352996318936,2.0266716949074164,316.21643073722004,0.0,0.14285714285714285,0.0,1.9192672821725296,44.276595744680854,0.9437939110070258,1066.931152357137,141,0.8513081073760986
core,200,1500000.0,9,1,exclude,launch,0,0.0,prior,0.0,rr_tour,12600.0,43200,326132.2021076046,0,317213.82381371944,8918.37829388512,0,1,0.2280856740623196,1,5.817375238242085,13.005965545402036,6542.619886436506,1526.5876939254958,4.285780576163753,2.0146315690793415,308.8431662917221,0.0,0.0,0.0,0.8733896612529531,22.091304347826085,0.9805352798053528,425.4846343805904,690,2.2406413555145264
core,200,1500000.0,5,5,exclude,launch,0,0.0,prior,0.0,rr_tour,12600.0,43200,460537.51243265136,0,434189.5570962994,26347.955336351944,0,0,0.0,0,5.1150318495492835,12.604492642480766,7486.75482575108,1570.2791502414475,4.767785921757867,2.0209601869008353,312.70791097097657,0.0,0.014234875444839857,0.0,1.5883855970423817,39.92788461538461,0.9681697612732095,771.03821587135,208,1.1644375324249268
core,200,1500000.0,7,4,exclude,launch,0,0.0,prior,0.0,rr_tour,12600.0,43200,397285.3883408822,0,375905.52496051445,21379.863380367708,0,1,0.19039708933364516,1,6.029864771348001,13.730029811745599,6300.314603527087,1445.2500783527053,4.359324865568026,2.0157910355924304,309.5494283969826,0.0,0.008912655971479501,0.0,1.1221852808902595,30.171021377672208,0.9685230024213075,514.925732021487,421,1.7420849800109863
core,200,1500000.0,3,7,exclude,launch,0,0.0,prior,0.0,rr_tour,12600.0,43200,903168.3753408031,0,821014.3497740249,82154.02556677825,0,0,0.0,0,5.136971107610754,9.15100821856739,7453.356364169037,2148.536922570542,3.469038063005093,2.034455638723752,321.0295405462097,0.0,0.22935779816513763,0.0,2.4837081757289625,56.901234567901234,0.9532019704433498,1437.8134739623451,81,0.6267564296722412
core,200,1500000.0,5,6,exclude,launch,0,0.0,prior,0.0,rr_tour,12600.0,43200,560912.8519680145,0,523175.7210012303,37737.13096678418,0,0,0.0,1,4.910322515263031,7.5317852951890805,7812.771097824855,2620.60782749436,2.9812820582524453,2.026562612177008,316.1492390159044,0.0,0.013605442176870748,0.0,1.5280594117730952,33.31963470319635,0.9574468085106383,899.0089729870571,219,1.0548434257507324
core,200,1500000.0,8,5,exclude,launch,0,0.0,prior,0.0,rr_tour,12600.0,43200,585033.262994441,0,533261.1242164744,51772.13877796662,0,1,0.521345310503295,1,5.1150318495492835,12.899153733651355,7486.75482575108,1538.6667164020982,4.865741713876505,2.0153673250183397,309.2912414144698,0.0,0.0,0.0,0.9868782199665271,26.653211009174314,0.9477806788511749,451.5074338132732,545,1.2788748741149902
core,200,1500000.0,8,3,exclude,launch,0,0.0,prior,0.0,rr_tour,12600.0,43200,369690.53036091407,0,358317.6004534598,11372.929907454294,0,1,0.2159888309013744,1,4.838213115042605,13.365818542734981,7934.181769636198,1485.026291685845,5.3427887533419245,2.01525630176179,309.22360748010806,0.0,0.012413793103448275,0.0,0.9877412042634153,26.628676470588236,0.9763593380614657,452.4067440742509,544,2.218799352645874
core,200,1500000.0,2,8,exclude,launch,0,0.0,prior,0.0,rr_tour,12600.0,43200,1352627.2998139823,0,1160027.0965703456,192600.2032436369,0,0,0.0,0,5.966948405413719,10.614172954592997,6370.260745628138,1841.606418554652,3.4590782707130816,2.046336314476304,328.44590489755643,0.0,0.2857142857142857,0.0,3.7108967262138037,84.77777777777777,0.9464285714285714,2174.986496921129,36,0.45925354957580566
core,200,1500000.0,6,5,exclude,launch,0,0.0,prior,0.0,rr_tour,12600.0,43200,682146.8111214468,0,621547.1345985902,60599.67652285659,0,1,0.4471226973323365,1,5.1150318495492835,12.595092018000974,7486.75482575108,1573.371642405231,4.758414747011707,2.0184933742659963,311.1986260271203,0.0,0.021791767554479417,0.0,1.3077696226059472,35.903225806451616,0.9503916449086162,591.4978559668663,310,1.5340156555175781
core,200,1500000.0,4,7,exclude,launch,0,0.0,prior,0.0,rr_tour,12600.0,43200,560081.0413325931,0,523748.8219144501,36332.219418142944,0,0,0.0,0,5.136971107610754,16.60180041982767,7453.356364169037,1190.2873343397525,6.261812714577345,2.0241979948864026,314.6944598187984,0.0,0.043243243243243246,0.0,1.9627457985338506,49.86131386861314,0.9679802955665024,969.3584221199118,137,0.8955078125
core,200,1500000.0,2,9,exclude,launch,0,0.0,prior,0.0,rr_tour,12600.0,43200,1495961.7186187485,0,1277869.9135063577,218091.80511239098,0,0,0.0,0,5.152246859207978,9.07539663876611,7430.26982720097,2153.1638118168275,3.4508613726567092,2.046997462996744,328.86110625648536,0.0,0.34,0.0,3.6234869078175316,78.73684210526316,0.9287469287469288,2244.765466372042,38,0.277271032333374
core,200,1500000.0,4,8,exclude,launch,0,0.0,prior,0.0,rr_tour,12600.0,43200,557391.1789239417,0,527527.4591201874,29863.719803754266,0,0,0.0,0,5.966948405413719,10.947668546920964,6370.260745628138,1803.4513019426472,3.5322610257156377,2.025974297841185,315.78697794921385,0.0,0.1358695652173913,0.0,1.962060363261141,49.518248175182485,0.9768637532133676,962.1382863567428,137,0.5923776626586914
core,200,1500000.0,5,7,exclude,launch,0,0.0,prior,0.0,rr_tour,12600.0,43200,524983.0179376967,0,492776.2889133761,32206.729024320524,0,0,0.0,0,5.136971107610754,8.504481912017871,7453.356364169037,2322.4405020710965,3.209277635970572,2.025198200363766,315.3094050087313,0.0,0.05647840531561462,0.0,1.4940369184780493,33.15555555555556,0.9753086419753086,876.736093434188,225,1.017547369003296
core,200,1500000.0,3,8,exclude,launch,0,0.0,prior,0.0,rr_tour,12600.0,43200,754988.3659119648,0,682547.2812354572,72441.0846765077,0,0,0.0,0,5.966948405413719,16.081512390672284,6370.260745628138,1224.7350466313364,5.201337842947905,2.030911299845233,318.83343244457654,0.0,0.06666666666666667,0.0,2.6076271313402457,65.75641025641026,0.9719387755102041,1292.4935671577355,78,0.720435619354248
core,200,1500000.0,9,4,exclude,launch,0,0.0,prior,0.0,rr_tour,12600.0,43200,322113.91496758925,0,304572.8904874732,17541.024480116022,0,1,0.23480970637548254,1,6.029864771348001,12.594135039678719,6300.314603527087,1576.7284276128971,3.9958146838676,2.014349141755919,308.6712544142908,0.0,0.0,0.0,0.8762381341695046,22.01013024602026,0.9731051344743277,428.17340554197807,691,2.167414665222168
core,200,1500000.0,8,6,exclude,launch,0,0.0,prior,0.0,rr_tour,12600.0,43200,494093.95665194275,0,460619.9909088347,33473.96574310812,0,1,0.41435938853979437,1,4.910322515263031,12.546703575932812,7812.771097824855,1581.545982760773,4.939958232631815,2.015805056884621,309.55797407771036,0.0,0.0013736263736263737,0.0,0.9884805994476625,24.808743169398905,0.9716312056737588,482.43778688691634,549,1.25520920753479
core,200,1500000.0,7,5,exclude,launch,0,0.0,prior,0.0,rr_tour,12600.0,43200,622435.8187750422,0,568087.5541246827,54348.26465035953,0,1,0.49001401619445467,1,5.1150318495492835,13.001149442844795,7486.75482575108,1525.7553713409156,4.9069169058020865,2.016477281540834,309.9678191665931,0.0,0.0036101083032490976,0.0,1.1300357879268192,30.381642512077295,0.9631578947368421,516.8641770284881,414,1.889322280883789
core,200,1500000.0,7,7,exclude,launch,0,0.0,prior,0.0,rr_tour,12600.0,43200,360769.8428557232,0,344644.7517755985,16125.091080124675,0,1,0.08503238159934078,1,5.136971107610754,14.187680690238023,7453.356364169037,1398.2709490088848,5.33040922394339,2.016309753880349,309.8656547497006,0.0,0.01615798922800718,0.0,1.1254788643752929,29.81294964028777,0.9703703703703703,526.1363629741852,417,1.1176207065582275
core,200,1500000.0,6,6,exclude,launch,0,0.0,prior,0.0,rr_tour,12600.0,43200,608575.4299871863,0,560958.2506375303,47617.179349656,0,1,0.33640839023580377,1,4.910322515263031,12.225420168767446,7812.771097824855,1620.5935459577133,4.820931884686598,2.01893386236784,311.4678647639534,0.0,0.012224938875305624,0.0,1.3148989611531443,33.93485342019544,0.9550827423167849,633.0740970882516,307,1.4938137531280518
core,200,1500000.0,10,4,exclude,launch,0,0.0,prior,0.0,rr_tour,12600.0,43200,317960.76396518707,0,301134.4760336173,16826.28793156978,0,1,0.23790050761565393,1,6.029864771348001,12.227028395925919,6300.314603527087,1624.3429417423247,3.8786850003295226,2.0140087121667554,308.46410050502453,0.0,0.0,0.0,0.7951679286985361,18.105450236966824,0.975669099756691,428.09232248703614,844,2.3365366458892822
core,200,1500000.0,3,9,exclude,launch,0,0.0,prior,0.0,rr_tour,12600.0,43200,882304.8863390986,0,796632.4500062338,85672.43633286486,0,0,0.0,0,5.152246859207978,10.286306099817075,7430.26982720097,1912.953082306938,3.88418821973427,2.032807380825938,320.00732576656003,0.0,0.2523364485981308,0.0,2.5407411790704106,59.0625,0.9503722084367245,1395.8859773345473,80,0.6753890514373779
core,200,1500000.0,5,8,exclude,launch,0,0.0,prior,0.0,rr_tour,12600.0,43200,495649.1147066626,0,464339.61662917887,31309.49807748377,0,0,0.0,0,5.966948405413719,10.156482977306691,6370.260745628138,1946.819730046361,3.272136935594154,2.0229768242966566,313.9444749144218,0.0,0.1414141414141414,0.0,1.5141826077221303,35.44394618834081,0.9769230769230769,833.7993477501337,223,1.067596673965454
core,200,1500000.0,2,10,exclude,launch,0,0.0,prior,0.0,rr_tour,12600.0,43200,1461976.9094468972,0,1229378.2561245146,232598.6533223826,0,0,0.0,0,5.798634922030512,11.366353605006303,6564.841933405682,1720.585107002195,3.8154706248990604,2.045326612561384,327.81231807871745,0.0,0.2708333333333333,0.0,3.782729941495966,86.36111111111111,0.9303482587064676,2120.1478710862903,36,0.4291970729827881
core,200,1500000.0,7,6,exclude,launch,0,0.0,prior,0.0,rr_tour,12600.0,43200,529940.8989651708,0,493040.35627670825,36900.5426884626,0,1,0.3863327744061158,1,4.910322515263031,12.047142212702168,7812.771097824855,1645.8679366269746,4.746900358139469,2.0173486846807367,310.4995038664875,0.0,0.0017730496453900709,0.0,1.1147630455464723,28.399049881235154,0.966903073286052,547.9675076888567,421,1.6893572807312012
core,200,1500000.0,6,8,exclude,launch,0,0.0,prior,0.0,rr_tour,12600.0,43200,417542.60833488725,0,394997.01235966105,22545.59597522615,0,0,0.0,1,5.966948405413719,7.797300385832487,6370.260745628138,2535.404394293118,2.5125225624625434,2.0233382290107893,314.1663392864817,0.0,0.0,0.0,1.305794609867533,28.424437299035368,0.9769230769230769,746.1758079305957,311,1.238616704940796
core,200,1500000.0,6,7,exclude,launch,0,0.0,prior,0.0,rr_tour,12600.0,43200,411673.5003555551,0,392586.9493380246,19086.55101753053,0,1,0.07451808027659512,1,5.136971107610754,13.421379050242912,7453.356364169037,1476.5573580705757,5.047793316954766,2.018424584086702,311.15659004165155,0.0,0.03414634146341464,0.0,1.3117022445385438,35.08794788273616,0.9679012345679012,607.0398009948359,307,1.5723576545715332
core,200,1500000.0,4,9,exclude,launch,0,0.0,prior,0.0,rr_tour,12600.0,43200,558696.7181696602,0,520460.8924519542,38235.825717706044,0,0,0.0,0,5.152246859207978,17.96763447287639,7430.26982720097,1100.2014186771894,6.753554122966541,2.023470544709026,314.2475867660972,0.0,0.021621621621621623,0.0,1.962010136098512,49.714285714285715,0.9727047146401985,955.3218098948169,140,0.9499824047088623
core,200,1500000.0,3,10,exclude,launch,0,0.0,prior,0.0,rr_tour,12600.0,43200,749298.0998447135,0,687308.8326038845,61989.26724082891,0,0,0.0,0,5.798634922030512,15.410260125949817,6564.841933405682,1278.3101136496202,5.135562852321357,2.030550508277729,318.61030503344585,0.0,0.02857142857142857,0.0,2.597019098760272,66.46153846153847,0.9482758620689655,1268.4108210859654,78,0.7013075351715088
core,200,1500000.0,5,10,exclude,launch,0,0.0,prior,0.0,rr_tour,12600.0,43200,526330.7284266719,0,491305.4753104231,35025.25311624878,0,0,0.0,0,5.798634922030512,9.114555813125888,6564.841933405682,2168.6219474114673,3.0271951924316154,2.0236743820315874,314.3727721283256,0.0,0.02,0.0,1.4996729829197504,34.004464285714285,0.9652605459057072,859.7848282804065,224,0.679785966873169
core,200,1500000.0,2,11,exclude,launch,0,0.0,prior,0.0,rr_tour,12600.0,43200,1554695.1835524177,0,1300246.4064116182,254448.77714079968,0,0,0.0,0,5.637899989482576,11.077090749634138,6761.506957310247,1764.7778635267503,3.8313643303514597,2.0461818593422487,328.34894484504133,0.0,0.08333333333333333,0.0,3.794372607763947,79.38888888888889,0.8952380952380953,2341.778062165998,36,0.4166586399078369
core,200,1500000.0,5,9,exclude,launch,0,0.0,prior,0.0,rr_tour,12600.0,43200,522778.1117825961,0,487723.26001729467,35054.85176530146,0,0,0.0,0,5.152246859207978,9.073166448579599,7430.26982720097,2178.2114372750793,3.411179328163001,2.0239560569019783,314.54580193987414,0.0,0.08852459016393442,0.0,1.4772463802942313,32.98684210526316,0.97,878.7120491791313,228,1.080003261566162
core,200,1500000.0,7,9,exclude,launch,0,0.0,prior,0.0,rr_tour,12600.0,43200,495020.24296165886,0,459160.59968599374,35859.643275665134,0,1,0.365617181613856,1,5.152246859207978,12.13530396028207,7430.26982720097,1634.2502733751442,4.546592372204757,2.016929723411179,310.24381870714103,0.0,0.005405405405405406,0.0,1.1276675933526161,29.002409638554216,0.9696969696969697,539.125680640754,415,1.1525840759277344
core,200,1500000.0,4,10,exclude,launch,0,0.0,prior,0.0,rr_tour,12600.0,43200,577803.4023163315,0,538948.674946157,38854.72737017443,0,0,0.0,0,5.798634922030512,13.721721743403462,6564.841933405682,1439.9622500986789,4.559037525432212,2.024418401464766,314.82991837788813,0.0,0.1978021978021978,0.0,1.9671175613342606,49.463235294117645,0.9624060150375939,967.9713231531202,136,0.9494411945343018
core,200,1500000.0,3,11,exclude,launch,0,0.0,prior,0.0,rr_tour,12600.0,43200,942446.8067395197,0,829686.4162760808,112760.39046343893,0,0,0.0,0,5.637899989482576,11.104285345411634,6761.506957310247,1771.9780397116,3.815796136170357,2.0328767212622187,320.0502963976175,0.0,0.10185185185185185,0.0,2.5126505074832433,56.775,0.9425837320574163,1441.770865577829,80,0.6768097877502441
core,200,1500000.0,2,12,exclude,launch,0,0.0,prior,0.0,rr_tour,12600.0,43200,1505925.3631093667,0,1275361.1834406857,230564.1796686811,0,0,0.0,0,5.280353234319941,10.527408933330419,7241.91745481808,1857.4093122218542,3.8989346113244236,2.0456478768805164,328.01384472741944,0.0,0.2916666666666667,0.0,3.800340845315856,84.54285714285714,0.9285714285714286,2240.893765793045,35,0.31325483322143555
core,200,1500000.0,5,11,exclude,launch,0,0.0,prior,0.0,rr_tour,12600.0,43200,521799.84504161315,0,490417.77155055443,31382.07349105879,0,0,0.0,0,5.637899989482576,9.797826868918756,6761.506957310247,2017.6804054239515,3.351128820567364,2.0233818681071503,314.1931343911442,0.0,0.02711864406779661,0.0,1.5182097782387176,33.22727272727273,0.947242206235012,902.0999360911355,220,0.6709105968475342
core,200,1500000.0,8,7,exclude,launch,0,0.0,prior,0.0,rr_tour,12600.0,43200,306424.18102238956,0,295614.09247354436,10810.088548845211,0,1,0.10011324447335526,1,5.136971107610754,12.545418606015737,7453.356364169037,1581.588457168098,4.712576353468456,2.0159573855157364,309.6508227551912,0.0,0.02717391304347826,0.0,0.9772682009584187,24.943738656987296,0.9777777777777777,476.27360742092975,551,2.0466413497924805
core,200,1500000.0,4,11,exclude,launch,0,0.0,prior,0.0,rr_tour,12600.0,43200,701541.0838746207,0,639853.6587993016,61687.42507531924,0,0,0.0,0,5.637899989482576,8.48952092849934,6761.506957310247,2322.862610960598,2.910851001434859,2.0283985174003725,317.2810531773851,0.0,0.07216494845360824,0.0,1.860479379760484,39.724137931034484,0.9497607655502392,1145.4838629713433,145,0.8349230289459229
core,200,1500000.0,7,8,exclude,launch,0,0.0,prior,0.0,rr_tour,12600.0,43200,444401.7343472594,0,427670.6061070714,16731.128240187976,0,1,0.28855349676419856,1,5.966948405413719,15.329868747802898,6370.260745628138,1294.4482251605243,4.921217103788112,2.015750937475017,309.5249900944126,0.0,0.0216998191681736,0.0,1.131645921855048,29.886473429951693,0.9844559585492227,525.6174755089382,414,1.7990078926086426
core,200,1500000.0,8,9,exclude,launch,0,0.0,prior,0.0,rr_tour,12600.0,43200,454389.48951914697,0,422575.53666268254,31813.952856464453,0,1,0.3983178205178901,1,5.152246859207978,12.096442221383876,7430.26982720097,1640.3422845398159,4.529706938137895,2.0158947588458718,309.6126483151536,0.0,0.013623978201634877,0.0,0.9790493458030394,24.60181818181818,0.9698492462311558,484.5375867577708,550,1.3386480808258057
core,200,1500000.0,7,10,exclude,launch,0,0.0,prior,0.0,rr_tour,12600.0,43200,486190.82426586025,0,469818.46982634516,16372.354439515142,0,1,0.3205876022348029,1,5.798634922030512,12.320702068763374,6564.841933405682,1609.8235245095318,4.077988570458868,2.0167230681245947,310.1177391770066,0.0,0.009041591320072333,0.0,1.1355723793737,29.707729468599034,0.9725,533.126852740835,414,1.1405444145202637
core,200,1500000.0,6,9,exclude,launch,0,0.0,prior,0.0,rr_tour,12600.0,43200,546842.610994411,0,507662.8067214949,39179.80427291616,0,1,0.33096246259750334,1,5.152246859207978,12.725020199527306,7430.26982720097,1557.4448757083962,4.770807585611239,2.0183144371855795,311.08928789417513,0.0,0.007317073170731708,0.0,1.3130678147611268,35.6437908496732,0.9675,603.8294670525055,306,1.5802624225616455
core,200,1500000.0,6,10,exclude,launch,0,0.0,prior,0.0,rr_tour,12600.0,43200,425681.5756588335,0,403020.6573665554,22660.918292278042,0,0,0.0,1,5.798634922030512,8.151425024983787,6564.841933405682,2426.095847358652,2.705928514964889,2.022639566154692,313.73750467951675,0.0,0.045563549160671464,0.0,1.29160029781215,28.365384615384617,0.970074812967581,742.8811766077328,312,1.3205654621124268
core,200,1500000.0,3,12,exclude,launch,0,0.0,prior,0.0,rr_tour,12600.0,43200,954027.376243081,0,838230.3250872861,115797.05115579489,0,0,0.0,0,5.280353234319941,8.833190379176905,7241.91745481808,2226.199361120027,3.2530408467885765,2.0341283223735163,320.826416140519,0.0,0.3,0.0,2.4805858445512157,56.829268292682926,0.9582309582309583,1429.3130193477512,82,0.6902992725372314
core,200,1500000.0,8,8,exclude,launch,0,0.0,prior,0.0,rr_tour,12600.0,43200,399746.60998828616,0,383965.12456605805,15781.485422228092,0,1,0.3207873968405476,1,5.966948405413719,12.583068791033922,6370.260745628138,1577.1442693435233,4.039110986517245,2.015589086568315,309.4263578269993,0.0,0.047156726768377254,0.0,0.9942571785318541,24.70110701107011,0.9922279792746114,487.714587618532,542,1.9970324039459229
core,200,3000000.0,5,1,exclude,launch,0,0.0,prior,0.0,rr_tour,12600.0,43200,755511.2722093087,0,675840.8357289595,79670.43648034906,0,0,0.0,0,11.63475047648417,21.36552412592494,6542.619886436506,1853.759434668731,3.52937914385082,2.0198683376937354,312.0394278690549,0.0,0.23255813953488372,0.005813953488372093,2.685643963079353,54.632,0.9406175771971497,974.8738712212248,125,0.6275825500488281
core,200,1500000.0,4,12,exclude,launch,0,0.0,prior,0.0,rr_tour,12600.0,43200,608548.009597622,0,543330.6577578099,65217.35183981207,0,0,0.0,0,5.280353234319941,15.705263222959372,7241.91745481808,1258.4554157240464,5.754607882275653,2.0238435527440313,314.47668614865603,0.0,0.0273224043715847,0.0,1.9719111537003466,50.094202898550726,0.9775561097256857,949.4963505478705,138,0.967836856842041
core,200,1500000.0,5,12,exclude,launch,0,0.0,prior,0.0,rr_tour,12600.0,43200,532487.5016162866,0,494569.2837518503,37918.2178644362,0,0,0.0,0,5.280353234319941,8.98590597027289,7241.91745481808,2199.392869348382,3.292689339746589,2.023929165935953,314.5292810562887,0.0,0.03618421052631579,0.0,1.4791257265592377,32.94273127753304,0.9751243781094527,875.0395781851365,227,0.8502089977264404
core,200,1500000.0,9,8,exclude,launch,0,0.0,prior,0.0,rr_tour,12600.0,43200,365771.471001953,0,353425.40997114725,12346.061030805791,0,1,0.35058413402966543,1,5.966948405413719,13.487021314239678,6370.260745628138,1472.3493779679652,4.326595875239836,2.014341360886469,308.66651892150423,0.0,0.0,0.0,0.8751749909717601,21.929394812680115,0.9820051413881749,431.23857181103233,694,2.429588794708252
core,200,1500000.0,6,11,exclude,launch,0,0.0,prior,0.0,rr_tour,12600.0,43200,434554.92788381875,0,414638.28657965385,19916.641304164918,0,1,0.17012962975556206,1,5.637899989482576,12.69626364415616,6761.506957310247,1560.8827331598868,4.331848135459925,2.0184304195802865,311.1601558579436,0.0,0.0,0.0,1.323635119318087,33.166666666666664,0.9616306954436451,650.3194588853255,306,1.50901460647583
core,200,1500000.0,8,10,exclude,launch,0,0.0,prior,0.0,rr_tour,12600.0,43200,425872.49850446894,0,416145.78750443406,9726.711000034922,0,1,0.36599393275524955,1,5.798634922030512,12.40772745256592,6564.841933405682,1599.4991582704288,4.10431096475498,2.015504305524792,309.37469836181714,0.0,0.0,0.0,0.9857653861275889,24.8021778584392,0.98,480.79399081139155,551,2.013170003890991
core,200,1500000.0,8,12,exclude,launch,0,0.0,prior,0.0,rr_tour,12600.0,43200,336563.9670143739,0,321278.50650663,15285.460507743892,0,1,0.12589801052680544,1,5.280353234319941,11.881735143118894,7241.91745481808,1670.028621772171,4.336403197169898,2.0158407014696085,309.5796992286797,0.0,0.05678670360110803,0.0,0.994221301019566,24.627992633517497,0.9875311720698254,487.1951366387473,543,1.266258716583252
core,200,3000000.0,9,1,exclude,launch,0,0.0,prior,0.0,rr_tour,12600.0,43200,419768.0241062538,0,391398.96191023977,28369.062196014034,0,0,0.0,0,11.63475047648417,21.99189878889184,6542.619886436506,1807.6271967874081,3.6194520076176815,2.0124189209222942,307.49762143243896,0.0,0.07480314960629922,0.003937007874015748,1.5813855344551528,30.15748031496063,0.9594272076372315,576.8257640100524,381,1.1322360038757324
core,200,1500000.0,7,11,exclude,launch,0,0.0,prior,0.0,rr_tour,12600.0,43200,386125.74639020313,0,368063.6601453161,18062.086244887,0,1,0.1914678564703045,1,5.637899989482576,14.081477996596666,6761.506957310247,1408.9358952483212,4.799016747400384,2.01613921380637,309.76167055050826,0.0,0.0,0.0,1.128673448820787,28.314148681055155,0.970873786407767,552.8286034113524,417,1.7910418510437012
core,200,3000000.0,6,1,exclude,launch,0,0.0,prior,0.0,rr_tour,12600.0,43200,613661.8291152235,0,559698.8401120406,53962.98900318282,0,0,0.0,0,11.63475047648417,22.568174497215043,6542.619886436506,1757.6480823580796,3.722371931051668,2.0167944205471957,310.1612680967722,0.0,0.15384615384615385,0.004273504273504274,2.318739087482114,46.86705202312139,0.9523809523809523,815.3422777487687,173,1.234755277633667
core,200,1500000.0,8,11,exclude,launch,0,0.0,prior,0.0,rr_tour,12600.0,43200,386262.79205727536,0,368782.0229790722,17480.7690782032,0,1,0.19139992385900367,1,5.637899989482576,11.795005132312653,6761.506957310247,1682.0035681086304,4.019912374450779,2.016206192955896,309.80250798057494,0.0,0.0,0.0,0.9943607328295414,22.014787430683917,0.9757281553398058,550.0034123360521,541,1.8335590362548828
core,200,3000000.0,10,1,exclude,launch,0,0.0,prior,0.0,rr_tour,12600.0,43200,372061.0997429306,0,349050.5664778731,23010.533265057536,0,0,0.0,0,11.63475047648417,21.367765668773,6542.619886436506,1861.2815962084737,3.51511555251186,2.011494231633824,306.93617418854984,0.0,0.03618421052631579,0.003289473684210526,1.480486932653627,27.79690949227373,0.9641148325358851,525.5133545282459,453,1.253253698348999
core,200,1500000.0,6,12,exclude,launch,0,0.0,prior,0.0,rr_tour,12600.0,43200,429958.00693044555,0,407940.65414672176,22017.35278372383,0,1,0.09855086584996074,1,5.280353234319941,11.99318513361051,7241.91745481808,1652.162454001924,4.383296229300249,2.0187042862296503,311.32752683479845,0.0,0.01932367149758454,0.0,1.2996626369812077,34.31410256410256,0.9850374064837906,611.48081411488,312,1.6083917617797852
core,200,1500000.0,9,10,exclude,launch,0,0.0,prior,0.0,rr_tour,12600.0,43200,395051.53250767436,0,387294.9032442452,7756.629263429184,0,1,0.39454789503171267,1,5.798634922030512,12.878459064644808,6564.841933405682,1541.9518283460095,4.2574883421925875,2.014305243232468,308.64453793466276,0.0,0.0,0.0,0.8845951679327347,22.107038123167154,0.9825,433.30001144472993,682,2.3717098236083984
core,200,3000000.0,7,1,exclude,launch,0,0.0,prior,0.0,rr_tour,12600.0,43200,523424.96647404984,0,483162.8363219552,40262.13015209464,0,0,0.0,0,11.63475047648417,22.109307532363765,6542.619886436506,1795.8857135711564,3.6431159494143808,2.0148195247658998,308.957600353826,0.0,0.1282051282051282,0.003205128205128205,2.0365513706962255,40.447826086956525,0.9502369668246445,716.531337050272,230,1.4812824726104736
core,200,1500000.0,9,11,exclude,launch,0,0.0,prior,0.0,rr_tour,12600.0,43200,338790.09002076404,0,326701.7539570237,12088.336063740293,0,1,0.21821969168223757,1,5.637899989482576,13.222213178445223,6761.506957310247,1501.7804957384576,4.502327055449918,2.01441699490187,308.712551863722,0.0,0.0010940919037199124,0.0,0.8821473956887388,19.916788321167882,0.9685230024213075,480.66954355498666,685,2.144590139389038
core,200,1500000.0,7,12,exclude,launch,0,0.0,prior,0.0,rr_tour,12600.0,43200,372780.685348525,0,359723.9460450097,13056.73930351531,0,1,0.11366665583144138,1,5.280353234319941,10.873427779780402,7241.91745481808,1823.2466260295173,3.971990048646791,2.017660530887969,310.6898868381548,0.0,0.0,0.0,1.1339148334143065,28.312348668280872,0.9800498753117207,554.9725765003644,413,1.8299283981323242
core,200,3000000.0,8,1,exclude,launch,0,0.0,prior,0.0,rr_tour,12600.0,43200,468401.43017785513,0,436616.37221486314,31785.057962992003,0,0,0.0,0,11.63475047648417,22.140557515297765,6542.619886436506,1794.551354084945,3.6458248305591883,2.013471763590919,308.13750467882625,0.0,0.07711442786069651,0.004975124378109453,1.785599777129627,34.355704697986575,0.9614457831325302,641.7713034590022,298,1.6978154182434082
core,200,3000000.0,7,2,exclude,launch,0,0.0,prior,0.0,rr_tour,12600.0,43200,513253.8765761925,0,483678.72610874666,29575.150467445874,0,0,0.0,0,10.318446573287495,19.43954565955829,7419.771693842448,2042.11153477149,3.6333821965668065,2.0152290647767606,309.2070161902489,0.0,0.14705882352941177,0.0032679738562091504,2.0979474919034105,40.59375,0.967741935483871,732.1291866676148,224,0.8410947322845459
core,200,3000000.0,5,2,exclude,launch,0,0.0,prior,0.0,rr_tour,12600.0,43200,726782.5987515508,0,661340.7838266108,65441.8149249399,0,0,0.0,0,10.318446573287495,20.681374133523253,7419.771693842448,1915.0010168797262,3.8745523519001117,2.019954499457921,312.09215428933754,0.0,0.26506024096385544,0.006024096385542169,2.7539098870566043,54.942622950819676,0.9555555555555556,995.3942665504437,122,1.1002182960510254
core,200,3000000.0,8,2,exclude,launch,0,0.0,prior,0.0,rr_tour,12600.0,43200,467787.34249749087,0,435914.77695678454,31872.565540706357,0,0,0.0,0,10.318446573287495,20.070132050732113,7419.771693842448,1979.2891505409984,3.7487052823052176,2.013865736564944,308.3771195341132,0.0,0.11442786069651742,0.009950248756218905,1.800043843656236,34.10738255033557,0.9751243781094527,642.4198633625497,298,0.9782304763793945
core,200,3000000.0,6,2,exclude,launch,0,0.0,prior,0.0,rr_tour,12600.0,43200,610252.2292135676,0,563892.1372986452,46360.09191492236,0,0,0.0,0,10.318446573287495,20.56795278188181,7419.771693842448,1928.3290884170365,3.847772529290284,2.017055127003219,310.3203394090602,0.0,0.19047619047619047,0.0,2.3380227995439644,45.51764705882353,0.9358024691358025,840.5944892421472,170,1.1752581596374512
core,200,3000000.0,4,3,exclude,launch,0,0.0,prior,0.0,rr_tour,12600.0,43200,966159.7709878585,0,838055.1975540309,128104.5734338276,0,0,0.0,0,9.67642623008521,18.606104708209152,7934.181769636198,2123.74722693117,3.7359350816439423,2.024564892203924,314.9199655010515,0.0,0.2231404958677686,0.0,3.104364827796502,64.52325581395348,0.9463869463869464,1205.1938870513634,86,0.8067951202392578
core,200,3000000.0,11,1,exclude,launch,0,0.0,prior,0.0,rr_tour,12600.0,43200,336159.97466940846,0,317464.87072281213,18695.1039465963,0,0,0.0,0,11.63475047648417,21.142414093109664,6542.619886436506,1881.692260370175,3.476987190854158,2.0108830516742477,306.5653632486718,0.0,0.025956284153005466,0.001366120218579235,1.3436946782920753,25.213893967093234,0.9758454106280193,475.4338583398111,547,2.33308482170105
core,200,3000000.0,15,1,exclude,launch,0,0.0,prior,0.0,rr_tour,12600.0,43200,321583.5456864977,0,312100.87159799784,9482.674088499849,0,1,0.2313118446167631,1,11.63475047648417,25.83062838514546,6542.619886436506,1542.1250018038054,4.242600229413102,2.0083316721389366,305.01982831155107,0.0,0.009009009009009009,0.0037537537537537537,0.9985393319984729,17.890219560878243,0.9854368932038835,366.5210647249699,1002,2.0660669803619385
core,200,3000000.0,6,3,exclude,launch,0,0.0,prior,0.0,rr_tour,12600.0,43200,615470.8151149931,0,561388.0144005205,54082.80071447263,0,0,0.0,0,9.67642623008521,19.994531317844167,7934.181769636198,1983.3251697232604,4.0004442492621015,2.017366640960894,310.51046464201573,0.0,0.18106995884773663,0.0,2.271847085589429,45.92090395480226,0.9670588235294117,800.5753172452854,177,0.744818925857544
core,200,3000000.0,5,3,exclude,launch,0,0.0,prior,0.0,rr_tour,12600.0,43200,737881.1783867491,0,669590.8115927285,68290.36679402055,0,0,0.0,0,9.67642623008521,20.471274868010546,7934.181769636198,1934.5707942537479,4.1012620438616585,2.02004233071416,312.14590693463276,0.0,0.26256983240223464,0.0,2.7019909740118853,55.88,0.9440559440559441,961.491910476065,125,1.0158374309539795
core,200,3000000.0,12,1,exclude,launch,0,0.0,prior,0.0,rr_tour,12600.0,43200,310607.91471367737,0,295806.1652738928,14801.749439784551,0,0,0.0,1,11.63475047648417,20.12067852360087,6542.619886436506,1977.5367565174506,3.3084694202895193,2.0105866764639497,306.3856291939354,0.0,0.018604651162790697,0.0034883720930232558,1.2502797992616665,22.902021772939346,0.9686746987951808,447.9680142265916,643,2.620631694793701
core,200,3000000.0,12,2,exclude,launch,0,0.0,prior,0.0,rr_tour,12600.0,43200,424265.8107390793,0,401303.0296324065,22962.781106672803,0,1,0.3300506164012323,1,10.318446573287495,25.217364720961847,7419.771693842448,1578.7378065030903,4.699812510525271,2.0094642215437823,305.7054043730984,0.0,0.020047169811320754,0.0023584905660377358,1.2705395911326727,24.367924528301888,0.975,424.5867411195006,636,1.6249048709869385
core,200,3000000.0,9,2,exclude,launch,0,0.0,prior,0.0,rr_tour,12600.0,43200,409443.72902724624,0,386111.45188573777,23332.277141508497,0,0,0.0,0,10.318446573287495,20.593336903866625,7419.771693842448,1930.3012073571515,3.843841399240038,2.012510616831067,307.55332475868835,0.0,0.08669354838709678,0.0,1.6463582871274451,30.727520435967303,0.9676616915422885,581.4917817500667,367,1.880936861038208
core,200,3000000.0,8,3,exclude,launch,0,0.0,prior,0.0,rr_tour,12600.0,43200,474119.6285613953,0,441715.14893163927,32404.47962975603,0,0,0.0,0,9.67642623008521,19.997095704947704,7934.181769636198,1986.3425968296133,3.9943672266304344,2.0140437756091547,308.48543365550086,0.0,0.10688836104513064,0.004750593824228029,1.7092758684248446,33.0,0.9694835680751174,633.9953020401131,315,0.9923253059387207
core,200,3000000.0,13,1,exclude,launch,0,0.0,prior,0.0,rr_tour,12600.0,43200,351381.2605262246,0,338092.1463703802,13289.114155844394,0,1,0.21169621578493691,1,11.63475047648417,25.643517824346592,6542.619886436506,1552.879786823621,4.21321723803185,2.0089750713970123,305.40920841018163,0.0,0.014098690835850957,0.0030211480362537764,1.1752823312605936,22.25841184387618,0.9806763285024155,392.9091833973559,743,2.935269594192505
core,200,3000000.0,10,2,exclude,launch,0,0.0,prior,0.0,rr_tour,12600.0,43200,365590.11423684616,0,348241.38538109435,17348.728855751753,0,0,0.0,0,10.318446573287495,20.59900007147938,7419.771693842448,1930.585621447291,3.843275124094269,2.011660926790056,307.03734923811436,0.0,0.054098360655737705,0.003278688524590164,1.4837273378847928,27.538631346578367,0.9650872817955112,528.3445175062315,453,2.1280720233917236
core,200,3000000.0,7,3,exclude,launch,0,0.0,prior,0.0,rr_tour,12600.0,43200,530544.9719976155,0,488569.81126044627,41975.16073716928,0,0,0.0,0,9.67642623008521,20.814471353037817,7934.181769636198,1907.2827078052385,4.159940074519039,2.0151599838843923,309.16493786404794,0.0,0.13975155279503104,0.0,1.9651666238452112,39.3875,0.9672897196261683,702.0251473118492,240,1.4560558795928955
core,200,3000000.0,14,1,exclude,launch,0,0.0,prior,0.0,rr_tour,12600.0,43200,339222.9849422465,0,328460.1675473007,10762.817394945836,0,1,0.2192837350446839,1,11.63475047648417,25.743623968564048,6542.619886436506,1547.0477917147132,4.229100045567961,2.0087069102751665,305.2468892510618,0.0,0.012079378774805867,0.005176876617773943,1.0722158753946434,19.672394043528065,0.9805825242718447,382.74502974292824,873,3.2384142875671387
core,200,3000000.0,11,2,exclude,launch,0,0.0,prior,0.0,rr_tour,12600.0,43200,454627.3299362882,0,428424.53635877534,26202.79357751289,0,1,0.3080087428356474,1,10.318446573287495,24.99122465092089,7419.771693842448,1592.5489476378762,4.659054093657661,2.0100629521266242,306.0681501776253,0.0,0.022535211267605635,0.0014084507042253522,1.3937514542679585,26.873584905660376,0.972568578553616,462.50313810635083,530,2.397719144821167
core,200,3000000.0,6,4,exclude,launch,0,0.0,prior,0.0,rr_tour,12600.0,43200,568754.1265753091,0,529764.7978399954,38989.328735313764,0,0,0.0,0,12.059729542696003,21.99155307800377,6300.314603527087,1804.0602889337706,3.4922971489221553,2.0164294843163137,309.93866897625816,0.0,0.1774193548387097,0.004032258064516129,2.2078824732415345,45.59016393442623,0.9551886792452831,801.332078883953,183,0.7834434509277344
core,200,3000000.0,9,3,exclude,launch,0,0.0,prior,0.0,rr_tour,12600.0,43200,418023.6876615925,0,392973.40627021913,25050.28139137338,0,0,0.0,0,9.67642623008521,20.642045370324414,7934.181769636198,1925.5631203265887,4.120447512668661,2.012702097868745,307.669661708327,0.0,0.0970873786407767,0.003883495145631068,1.5830275348613354,30.176315789473684,0.9694835680751174,576.7568413462146,380,1.5681416988372803
core,200,3000000.0,8,4,exclude,launch,0,0.0,prior,0.0,rr_tour,12600.0,43200,445076.3756293882,0,417170.39352163085,27905.98210775733,0,0,0.0,0,12.059729542696003,21.66023165481734,6300.314603527087,1834.6863223116825,3.434000966218992,2.013098691906465,307.91068786277697,0.0,0.1259259259259259,0.0049382716049382715,1.7840645871580387,34.75666666666667,0.9783132530120482,633.3049379085124,300,1.0513694286346436
core,200,3000000.0,16,1,exclude,launch,0,0.0,prior,0.0,rr_tour,12600.0,43200,311487.39806502033,0,302214.37887910043,9273.019185919862,0,1,0.23880928606817842,1,11.63475047648417,25.37262194354075,6542.619886436506,1570.003204156878,4.1672653081940805,2.0082792441890343,304.98811027872284,0.0,0.00395778364116095,0.011873350923482849,0.9262755019433419,16.352372583479788,0.9805825242718447,352.1453977889527,1138,3.840725898742676
core,200,3000000.0,13,2,exclude,launch,0,0.0,prior,0.0,rr_tour,12600.0,43200,405217.5498840226,0,382730.06932680507,22487.480557217546,0,1,0.34556546820955947,1,10.318446573287495,24.377599694703136,7419.771693842448,1633.4031137347665,4.54252329474087,2.0091190272773494,305.496363363955,0.0,0.012207527975584944,0.002034587995930824,1.183207623337606,22.392422192151557,0.9675,396.73692840472836,739,3.0100314617156982
core,200,3000000.0,12,3,exclude,launch,0,0.0,prior,0.0,rr_tour,12600.0,43200,369846.85635172477,0,356677.7525422475,13169.103809477287,0,1,0.2158975372553298,1,9.67642623008521,26.133864189586173,7934.181769636198,1523.391726115543,5.208234778763938,2.0094387115108105,305.6899536889816,0.0,0.04240282685512368,0.004711425206124852,1.255942119107214,24.6578125,0.9810874704491725,416.5087657441331,640,1.8451628684997559
core,200,3000000.0,13,3,exclude,launch,0,0.0,prior,0.0,rr_tour,12600.0,43200,349871.736303562,0,341567.16551760654,8304.57078595545,0,1,0.22822370932724714,1,9.67642623008521,26.013539611274485,7934.181769636198,1530.7598690743798,5.183165517942301,2.0090163402983143,305.43419249670114,0.0,0.022022022022022022,0.007007007007007007,1.1559867192076914,22.11185086551265,0.9858156028368794,395.00450802059765,751,1.8441674709320068
core,200,3000000.0,10,3,exclude,launch,0,0.0,prior,0.0,rr_tour,12600.0,43200,375934.9188149348,0,354757.4697182536,21177.44909668124,0,0,0.0,1,9.67642623008521,18.857880308305177,7934.181769636198,2108.2657556169797,3.763368896211225,2.01220283924253,307.36637633119176,0.0,0.060655737704918035,0.001639344262295082,1.4636116938515402,27.26695842450766,0.9810874704491725,525.3144669132904,457,2.127223253250122
core,200,3000000.0,7,4,exclude,launch,0,0.0,prior,0.0,rr_tour,12600.0,43200,486604.4527450105,0,454437.9667508866,32166.485994123876,0,0,0.0,0,12.059729542696003,23.73270064714211,6300.314603527087,1673.6472441497822,3.7644220582023933,2.014090119578145,308.51363118780483,0.0,0.11538461538461539,0.003205128205128205,2.040084088464041,41.79565217391304,0.9619952494061758,690.0432550375962,230,1.5746569633483887
core,200,3000000.0,14,2,exclude,launch,0,0.0,prior,0.0,rr_tour,12600.0,43200,395127.76514675934,0,372071.25456595304,23056.51058080634,0,1,0.3543896549522224,1,10.318446573287495,24.742331339731628,7419.771693842448,1609.5880421795212,4.609733359969199,2.0087904337894216,305.2974417915147,0.0,0.014705882352941176,0.006055363321799308,1.0746915803512347,19.702298850574714,0.9798994974874372,383.7639869505487,870,3.342078924179077
core,200,3000000.0,17,1,exclude,launch,0,0.0,prior,0.0,rr_tour,12600.0,43200,289696.04818520724,0,283422.3670322648,6273.6811529423685,0,1,0.2567728611319759,1,11.63475047648417,25.5480796863061,6542.619886436506,1559.496465486235,4.195341272797681,2.007924274617821,304.77340300915813,0.0,0.0017554125219426564,0.006436512580456407,0.8825303182228887,15.814007782101168,0.9805825242718447,322.3785593825963,1285,4.20436692237854
core,200,3000000.0,11,3,exclude,launch,0,0.0,prior,0.0,rr_tour,12600.0,43200,398665.9230637367,0,381405.8232787731,17260.099784963655,0,1,0.20029057119887697,1,9.67642623008521,26.3549360696,7934.181769636198,1510.1964406217412,5.253741537339162,2.0099931510312965,306.02584953903806,0.0,0.03586206896551724,0.006896551724137931,1.3572337675099686,26.671586715867157,0.9764150943396226,451.25864452168855,542,2.5508697032928467
core,200,3000000.0,9,4,exclude,launch,0,0.0,prior,0.0,rr_tour,12600.0,43200,396129.67263176024,0,373159.8609272318,22969.811704528416,0,0,0.0,0,12.059729542696003,22.398021479918853,6300.314603527087,1775.40640465,3.5486605134609266,2.011789550132413,307.11542812714504,0.0,0.084,0.002,1.6256387991827588,30.975935828877006,0.9710843373493976,571.1863063764514,374,1.868178129196167
core,200,3000000.0,15,2,exclude,launch,0,0.0,prior,0.0,rr_tour,12600.0,43200,377645.6201913088,0,357107.6271029902,20537.993088318544,0,1,0.3707952240554681,1,10.318446573287495,24.3431312539798,7419.771693842448,1636.2547991829363,4.5346065279976635,2.008457345680065,305.0958654168245,0.0,0.007547169811320755,0.0007547169811320754,1.0146114027302782,18.32157258064516,0.9773869346733668,360.5431869026755,992,3.583192825317383
core,200,3000000.0,5,5,exclude,launch,0,0.0,prior,0.0,rr_tour,12600.0,43200,725379.4634108437,0,649043.0854620357,76336.37794880797,0,0,0.0,0,10.230063699098567,21.4595558301339,7486.75482575108,1845.6486793868896,4.0564355011692275,2.0198551316019766,312.0313468364655,0.0,0.2722222222222222,0.0,2.5401517670689593,53.03787878787879,0.9432989690721649,953.7935962820648,132,0.6021687984466553
core,200,3000000.0,18,1,exclude,launch,0,0.0,prior,0.0,rr_tour,12600.0,43200,278427.27683949046,0,271627.7385686893,6799.538270801154,0,1,0.2671652145419088,1,11.63475047648417,26.09842334120576,6542.619886436506,1526.8758060185078,4.284971875674085,2.0075760310789654,304.56283752145197,0.0,0.0010432968179447052,0.0036515388628064684,0.8359856171157257,14.912831241283124,0.9781021897810219,305.19718579818067,1434,4.55048680305481
core,200,3000000.0,16,2,exclude,launch,0,0.0,prior,0.0,rr_tour,12600.0,43200,367759.0115573597,0,347631.5175978364,20127.493959523326,0,1,0.3807634563716508,1,10.318446573287495,24.313832118780148,7419.771693842448,1638.324227528697,4.528878697615721,2.008337602296041,305.0234160612388,0.0,0.005291005291005291,0.006613756613756613,0.9334395246699378,16.510526315789473,0.9748743718592965,345.53997533196826,1140,3.703291416168213
core,200,3000000.0,10,4,exclude,launch,0,0.0,prior,0.0,rr_tour,12600.0,43200,357811.06500142463,0,336608.9121290394,21202.15287238519,0,0,0.0,0,12.059729542696003,23.094496226608506,6300.314603527087,1722.6956979300016,3.6572417352046394,2.010818742960418,306.5263593360238,0.0,0.07413509060955518,0.0032948929159802307,1.4781559585563062,28.17180616740088,0.9710843373493976,518.3323535718669,454,2.09328293800354
core,200,3000000.0,6,5,exclude,launch,0,0.0,prior,0.0,rr_tour,12600.0,43200,583819.0914026793,0,541139.1583578973,42679.93304478214,0,0,0.0,0,10.230063699098567,22.848561519950646,7486.75482575108,1736.1641482479008,4.312239043356903,2.0166955493824643,310.1009520402333,0.0,0.18067226890756302,0.0,2.3156295505984197,47.142857142857146,0.9507772020725389,804.4010296239367,175,1.2009303569793701
core,200,3000000.0,11,4,exclude,launch,0,0.0,prior,0.0,rr_tour,12600.0,43200,318819.23331301374,0,303377.1681940148,15442.065118998891,0,0,0.0,0,12.059729542696003,22.370951448416086,6300.314603527087,1778.9149675420776,3.541661472572922,2.0102512577066918,306.1822811093858,0.0,0.0411522633744856,0.0027434842249657062,1.3549207706471798,25.784926470588236,0.9686746987951808,466.7415861030614,544,2.5753846168518066
core,200,3000000.0,15,4,exclude,launch,0,0.0,prior,0.0,rr_tour,12600.0,43200,298441.10075677006,0,282730.1590672359,15710.941689534158,0,1,0.25345115500694426,1,12.059729542696003,26.85741579704408,6300.314603527087,1483.5845164768673,4.246683982985154,2.0077677407254293,304.67874577405087,0.0,0.011389521640091117,0.0,1.0215740038275758,19.61336032388664,0.9685990338164251,339.16469530652853,988,2.34267258644104
core,200,3000000.0,14,4,exclude,launch,0,0.0,prior,0.0,rr_tour,12600.0,43200,323038.8453056704,0,305047.7709884127,17991.074317257695,0,1,0.2341576721497781,1,12.059729542696003,26.62626884273176,6300.314603527087,1496.1085717134865,4.211134621273752,2.008244393072869,304.96702684886344,0.0,0.02323580034423408,0.0068846815834767644,1.0653028040664598,20.192922374429223,0.9686746987951808,372.0673540108422,876,2.4236810207366943
core,200,3000000.0,7,5,exclude,launch,0,0.0,prior,0.0,rr_tour,12600.0,43200,516238.5337171882,0,483927.86533201154,32310.668385176738,0,0,0.0,0,10.230063699098567,22.106007489134456,7486.75482575108,1796.0723680788378,4.168403767471385,2.0149108835680574,309.01323047546833,0.0,0.16199376947040497,0.003115264797507788,1.9798853345129357,39.04201680672269,0.9557291666666666,711.4663442108983,238,1.5429580211639404
core,200,3000000.0,14,3,exclude,launch,0,0.0,prior,0.0,rr_tour,12600.0,43200,330603.4301161816,0,321181.586162018,9421.843954163585,0,1,0.24152509675989564,1,9.67642623008521,25.957944712383227,7934.181769636198,1534.270287058397,5.17130640967318,2.0087126260341197,305.2503485761948,0.0,0.0137221269296741,0.008576329331046312,1.0637129486400076,20.397260273972602,0.9858156028368794,364.4695573156041,876,3.4751505851745605
core,200,3000000.0,12,4,exclude,launch,0,0.0,prior,0.0,rr_tour,12600.0,43200,299676.3784490713,0,285765.8610585971,13910.517390474215,0,0,0.0,0,12.059729542696003,22.116889082007997,6300.314603527087,1799.7052502118804,3.5007480268145836,2.0098542450566197,305.94167887766264,0.0,0.028409090909090908,0.004545454545454545,1.2143511653106782,22.5,0.9759036144578314,441.6055933821057,660,2.800358533859253
core,200,3000000.0,15,3,exclude,launch,0,0.0,prior,0.0,rr_tour,12600.0,43200,318482.7488117903,0,309923.25874917966,8559.49006261065,0,1,0.2507169563998938,1,9.67642623008521,25.162045950183963,7934.181769636198,1583.0142244640133,5.012072315599439,2.008441648165094,305.08636732617936,0.0,0.01728024042073629,0.0067618332081141996,0.9958770941077623,18.625124626121636,0.9858156028368794,351.2978534929505,1003,3.5501606464385986
core,200,3000000.0,16,4,exclude,launch,0,0.0,prior,0.0,rr_tour,12600.0,43200,289495.8862052219,0,274809.4874785469,14686.398726674961,0,1,0.2612902811325565,1,12.059729542696003,26.128916952760814,6300.314603527087,1525.0059068544206,4.131337836272738,2.007691834188503,304.6328498070568,0.0,0.008575197889182058,0.004617414248021108,0.9374581925702712,17.391418563922944,0.9685230024213075,330.75273445727726,1142,2.25915789604187
core,200,3000000.0,8,5,exclude,launch,0,0.0,prior,0.0,rr_tour,12600.0,43200,450491.24114584626,0,423206.5099887237,27284.731157122576,0,0,0.0,0,10.230063699098567,21.01763070186378,7486.75482575108,1890.2934838710667,3.9606309229925576,2.013617574018326,308.2261759076391,0.0,0.13975903614457832,0.004819277108433735,1.7544494775407997,34.411764705882355,0.9635416666666666,622.8338752572815,306,1.6489696502685547
core,200,3000000.0,4,6,exclude,launch,0,0.0,prior,0.0,rr_tour,12600.0,43200,997627.3979793091,0,882982.368929327,114645.02904998198,0,0,0.0,0,9.820645030526062,19.764253489197863,7812.771097824855,1999.1073913779644,3.908129764074151,2.024759506619943,315.0396139223846,0.0,0.28688524590163933,0.01639344262295082,2.996694908218349,60.36666666666667,0.9392523364485982,1227.994701917946,90,0.773695707321167
core,200,3000000.0,13,4,exclude,launch,0,0.0,prior,0.0,rr_tour,12600.0,43200,339686.60942659056,0,320834.2210558543,18852.388370736287,0,1,0.2226827608218306,1,12.059729542696003,26.428055896577998,6300.314603527087,1506.9797893049613,4.18075587226878,2.008710466268913,305.24904142813443,0.0,0.020710059171597635,0.008875739644970414,1.1348642875027597,21.64089121887287,0.9685990338164251,398.35580639215044,763,2.9624972343444824
core,200,3000000.0,9,5,exclude,launch,0,0.0,prior,0.0,rr_tour,12600.0,43200,391421.51235181355,0,369900.72194827686,21520.790403536677,0,0,0.0,0,10.230063699098567,20.871697260664163,7486.75482575108,1904.5647961809086,3.9309530664242818,2.0125026809956204,307.5485037069958,0.0,0.09037328094302555,0.005893909626719057,1.5847535197869613,31.094240837696336,0.95822454308094,554.2746854950041,382,1.932027816772461
core,200,3000000.0,5,6,exclude,launch,0,0.0,prior,0.0,rr_tour,12600.0,43200,773648.5896407139,0,698169.2838580031,75479.3057827108,0,0,0.0,0,9.820645030526062,19.991635756095512,7812.771097824855,1980.631990146201,3.944584928797476,2.0204023607555586,312.3662933506551,0.0,0.21714285714285714,0.005714285714285714,2.5982590538101373,51.89230769230769,0.9465116279069767,996.3612860175756,130,0.9222309589385986
core,200,3000000.0,13,5,exclude,launch,0,0.0,prior,0.0,rr_tour,12600.0,43200,562622.8508869475,0,511036.2825112505,51586.56837569699,0,1,0.5421098761696197,1,10.230063699098567,25.706852734878307,7486.75482575108,1549.1015471047413,4.832965817988993,2.0089132798926514,305.37180190312426,0.0,0.025100401606425703,0.0050200803212851405,1.1639537020172686,22.59090909090909,0.95822454308094,389.6618037743696,748,1.790015697479248
core,200,3000000.0,7,6,exclude,launch,0,0.0,prior,0.0,rr_tour,12600.0,43200,549422.7841021031,0,509884.6728561785,39538.11124592457,0,0,0.0,0,9.820645030526062,22.007317685124764,7812.771097824855,1803.8868642586008,4.331075996296426,2.015178765277206,309.17637764092586,0.0,0.14873417721518986,0.0031645569620253164,1.9938135281551728,38.753191489361704,0.955607476635514,733.8441314108261,235,0.8758206367492676
core,200,3000000.0,10,5,exclude,launch,0,0.0,prior,0.0,rr_tour,12600.0,43200,352206.1632407818,0,336521.2714598583,15684.891780923572,0,0,0.0,0,10.230063699098567,19.757637208984526,7486.75482575108,2012.6515632061282,3.7198464764684727,2.011807326677155,307.12621989527116,0.0,0.056910569105691054,0.0032520325203252032,1.4576015045364048,27.408695652173915,0.9634464751958225,521.7206585222028,460,2.0936532020568848
core,200,3000000.0,6,6,exclude,launch,0,0.0,prior,0.0,rr_tour,12600.0,43200,651808.1167466287,0,589217.5722781621,62590.5444684665,0,0,0.0,0,9.820645030526062,19.375500126732685,7812.771097824855,2046.563611851382,3.8175070897293986,2.0174919822800748,310.58698020127093,0.0,0.18614718614718614,0.004329004329004329,2.3277128041839563,44.760233918128655,0.9647058823529412,841.4868219373535,171,1.1638619899749756
core,200,3000000.0,11,5,exclude,launch,0,0.0,prior,0.0,rr_tour,12600.0,43200,606114.8083999589,0,552539.0511536838,53575.75724627509,0,1,0.503210879779124,1,10.230063699098567,26.198863612675556,7486.75482575108,1519.3005963496284,4.927764027565875,2.0098508260592727,305.9396072677788,0.0,0.04027777777777778,0.001388888888888889,1.3786779742007962,27.307262569832403,0.9503916449086162,449.8416240775815,537,2.4321978092193604
core,200,3000000.0,8,6,exclude,launch,0,0.0,prior,0.0,rr_tour,12600.0,43200,473570.6425356221,0,446708.1386253223,26862.50391029974,0,0,0.0,0,9.820645030526062,21.022933864826086,7812.771097824855,1889.7589329115087,4.134268642290737,2.0136790695694335,308.26357682494563,0.0,0.11616161616161616,0.0025252525252525255,1.8181186824076405,34.6135593220339,0.9718969555035128,648.1973991902956,295,1.4665143489837646
core,200,3000000.0,14,5,exclude,launch,0,0.0,prior,0.0,rr_tour,12600.0,43200,549223.9535671867,0,499056.1597197338,50167.793847452915,0,1,0.55533130104841,1,10.230063699098567,25.991448488867444,7486.75482575108,1532.4060792910332,4.885620676482061,2.0085638295456443,305.1602994803325,0.0,0.01957446808510638,0.005957446808510639,1.0660903148563439,20.146924829157175,0.9556135770234987,367.71224712671113,878,2.3862197399139404
core,200,3000000.0,5,7,exclude,launch,0,0.0,prior,0.0,rr_tour,12600.0,43200,691475.3167752747,0,636495.5389972581,54979.77777801667,0,0,0.0,0,10.273942215221508,19.96545989218199,7453.356364169037,1983.4775977152935,3.757721475026654,2.020148842118851,312.2110980229296,0.0,0.23353293413173654,0.0,2.678144738805636,54.67479674796748,0.945679012345679,956.9941824216834,123,0.9358289241790771
core,200,3000000.0,12,5,exclude,launch,0,0.0,prior,0.0,rr_tour,12600.0,43200,585557.821762439,0,533422.3830264804,52135.43873595851,0,1,0.5208718100009213,1,10.230063699098567,26.013528693343574,7486.75482575108,1530.5174185781239,4.891649539478224,2.00933543351574,305.6274052051218,0.0,0.022093023255813953,0.002325581395348837,1.2494501201165953,24.20186335403727,0.95822454308094,419.78521298638384,644,2.6628406047821045
core,200,3000000.0,7,7,exclude,launch,0,0.0,prior,0.0,rr_tour,12600.0,43200,497349.3308862626,0,466799.2865748434,30550.04431141922,0,0,0.0,0,10.273942215221508,19.985375609655428,7453.356364169037,1986.0505145569539,3.752853368803524,2.0155212513589245,309.38502358847876,0.0,0.14106583072100312,0.003134796238244514,1.9927125922074829,38.98728813559322,0.9704433497536946,718.8330122347953,236,0.9031364917755127
core,200,3000000.0,9,6,exclude,launch,0,0.0,prior,0.0,rr_tour,12600.0,43200,427482.37056777626,0,403317.4739839177,24164.896583858597,0,0,0.0,0,9.820645030526062,21.03125303443233,7812.771097824855,1889.671852680629,4.134459158473416,2.012975292211431,307.8356827892501,0.0,0.075,0.011538461538461539,1.5208186410325257,28.6751269035533,0.960093896713615,584.3841759250231,394,1.667337417602539
core,200,3000000.0,16,5,exclude,launch,0,0.0,prior,0.0,rr_tour,12600.0,43200,514139.63461506047,0,467450.6914931047,46688.94312195585,0,1,0.5932281261345237,1,10.230063699098567,25.395748439073767,7486.75482575108,1568.8379038807857,4.77216594986093,2.007940765765743,304.78337618772974,0.0,0.007936507936507936,0.0013227513227513227,0.9494275650198033,17.828773168578994,0.9686684073107049,324.9911670346292,1133,2.492544412612915
core,200,3000000.0,6,7,exclude,launch,0,0.0,prior,0.0,rr_tour,12600.0,43200,583165.9848191612,0,539263.6589086363,43902.32591052485,0,0,0.0,0,10.273942215221508,21.72454631002564,7453.356364169037,1825.526242979368,4.0828535841833276,2.0172103644943267,310.4150776904042,0.0,0.17721518987341772,0.004219409282700422,2.2881167833420473,46.17142857142857,0.9655172413793104,807.657071042599,175,1.1391525268554688
core,200,3000000.0,8,7,exclude,launch,0,0.0,prior,0.0,rr_tour,12600.0,43200,440359.159593245,0,409988.60891323,30370.550680014974,0,0,0.0,0,10.273942215221508,19.811526968117658,7453.356364169037,2005.0293556904492,3.717330293950938,2.013962137300665,308.43576476379974,0.0,0.09523809523809523,0.007518796992481203,1.8016036191083693,34.81481481481482,0.9729064039408867,635.9267391639277,297,1.0205426216125488
core,200,3000000.0,12,6,exclude,launch,0,0.0,prior,0.0,rr_tour,12600.0,43200,499529.99912448187,0,465287.1022096526,34242.89691482925,0,1,0.40985181287079675,1,9.820645030526062,25.254870054121795,7812.771097824855,1576.3635092073898,4.9561989047521084,2.0095021528242807,305.72837896705704,0.0,0.020190023752969122,0.0011876484560570072,1.2851507175713397,24.58823529411765,0.9692671394799054,421.0719450422179,629,1.6738543510437012
core,200,3000000.0,10,6,exclude,launch,0,0.0,prior,0.0,rr_tour,12600.0,43200,374986.1966400747,0,356557.9863971236,18428.210242951074,0,0,0.0,1,9.820645030526062,17.116339043666855,7812.771097824855,2322.0214639695787,3.364642066860417,2.0128567884016633,307.76366214339936,0.0,0.059870550161812294,0.0048543689320388345,1.4571011543662868,27.065359477124183,0.971764705882353,531.8510387111271,459,1.8523623943328857
core,200,3000000.0,17,4,exclude,launch,0,0.0,prior,0.0,rr_tour,12600.0,43200,277909.4520980535,0,263472.0266461208,14437.425451932662,0,1,0.27218365860633137,1,12.059729542696003,25.895500339884947,6300.314603527087,1538.8798341022837,4.094091340928136,2.007525043659654,304.53201408041616,0.0,0.0040887850467289715,0.004672897196261682,0.8812406241761503,16.100155279503106,0.9733656174334141,316.4906192153493,1288,4.086053848266602
core,200,3000000.0,6,8,exclude,launch,0,0.0,prior,0.0,rr_tour,12600.0,43200,548231.1155080068,0,513374.76476245554,34856.3507455512,0,0,0.0,0,11.933896810827438,22.76547583597291,6370.260745628138,1742.5218836427812,3.6557708717614292,2.0166708175959354,310.08586540535634,0.0,0.19148936170212766,0.0,2.330592942503819,46.839080459770116,0.9769820971867008,812.2394872829503,174,0.7463018894195557
core,200,3000000.0,11,6,exclude,launch,0,0.0,prior,0.0,rr_tour,12600.0,43200,530433.6521749651,0,490270.9983122416,40162.65386272362,0,1,0.3859661558250446,1,9.820645030526062,25.61211771446404,7812.771097824855,1553.9024905357255,5.027838712795495,2.0101142161007663,306.09921887065974,0.0,0.029411764705882353,0.004201680672268907,1.3822603882196436,26.882462686567163,0.9552941176470588,458.78372979613647,536,2.3997087478637695
core,200,3000000.0,18,4,exclude,launch,0,0.0,prior,0.0,rr_tour,12600.0,43200,266192.89834004396,0,252581.3276540609,13611.570685983064,0,1,0.284158116410597,1,12.059729542696003,25.579914028864998,6300.314603527087,1557.9867701712928,4.043881966234154,2.007368667014828,304.4374893849693,0.0,0.0010432968179447052,0.0026082420448617634,0.8367992656250125,15.173010380622838,0.9709443099273608,299.4659348535094,1445,4.43707799911499
core,200,3000000.0,15,5,exclude,launch,0,0.0,prior,0.0,rr_tour,12600.0,43200,532429.3466357277,0,483259.5458898574,49169.80074587036,0,1,0.572849476306175,1,10.230063699098567,25.94570605161937,7486.75482575108,1535.3940977850496,4.876112808139244,2.0081891980178908,304.93363769998746,0.0,0.01581325301204819,0.004518072289156626,1.0040056362283234,18.81918081918082,0.95822454308094,347.90695209859217,1001,3.5374794006347656
core,200,3000000.0,5,8,exclude,launch,0,0.0,prior,0.0,rr_tour,12600.0,43200,686570.1036335963,0,623473.9992635928,63096.10437000362,0,0,0.0,0,11.933896810827438,25.583134440429962,6370.260745628138,1548.526745775654,4.113755712005663,2.019377547014531,311.73917500720887,0.0,0.23163841807909605,0.0,2.5836249083839626,53.416666666666664,0.9795918367346939,948.4603770888649,132,1.0259582996368408
core,200,3000000.0,9,7,exclude,launch,0,0.0,prior,0.0,rr_tour,12600.0,43200,387428.2361491931,0,367620.3277660235,19807.908383169564,0,0,0.0,0,10.273942215221508,19.88946978836385,7453.356364169037,1998.222022853133,3.7299941042221465,2.0129038938240007,307.79228943714674,0.0,0.061630218687872766,0.005964214711729622,1.6108160864884902,30.6781914893617,0.9728395061728395,576.1442649591125,376,1.7699685096740723
core,200,3000000.0,8,8,exclude,launch,0,0.0,prior,0.0,rr_tour,12600.0,43200,433761.62356530584,0,407126.127211664,26635.496353641855,0,0,0.0,0,11.933896810827438,22.068604323210003,6370.260745628138,1800.4405048058147,3.5381678698209456,2.0134291137287486,308.11157056591094,0.0,0.1065989847715736,0.007614213197969543,1.818918102668113,34.39590443686007,0.9871794871794872,656.969808898558,293,0.9494845867156982
core,200,3000000.0,9,8,exclude,launch,0,0.0,prior,0.0,rr_tour,12600.0,43200,377126.91217974323,0,359048.0682489748,18078.843930768446,0,0,0.0,0,11.933896810827438,22.73213001591067,6370.260745628138,1749.0219485508485,3.6421845654402536,2.012123328011226,307.3180893313561,0.0,0.1,0.002,1.6198688919027333,30.4247311827957,0.9794344473007712,574.8335654897824,372,1.130105972290039
core,200,3000000.0,13,6,exclude,launch,0,0.0,prior,0.0,rr_tour,12600.0,43200,487523.9496366382,0,453056.1313881044,34467.818248533804,0,1,0.4199223655256808,1,9.820645030526062,25.563691107105637,7812.771097824855,1557.6421160188902,5.015767754016037,2.009087004621888,305.4769748690323,0.0,0.021,0.003,1.1625684477449327,21.55186170212766,0.9763593380614657,404.72151997667544,752,2.917975425720215
core,200,3000000.0,10,7,exclude,launch,0,0.0,prior,0.0,rr_tour,12600.0,43200,356914.8687311583,0,339514.2256661048,17400.643065053486,0,0,0.0,0,10.273942215221508,18.821562030938594,7453.356364169037,2112.257410466936,3.528621240590841,2.0122756928539562,307.410623502887,0.0,0.04707792207792208,0.003246753246753247,1.4572938817017491,27.074398249452955,0.9679012345679012,534.1218181259997,457,2.091644525527954
core,200,3000000.0,19,4,exclude,launch,0,0.0,prior,0.0,rr_tour,12600.0,43200,255342.06798276145,0,242075.95110930654,13266.116873454896,0,1,0.2962198599002499,1,12.059729542696003,26.445941070719588,6300.314603527087,1507.2043736746812,4.180132909358822,2.0070528817842455,304.24665201298615,0.0,0.0,0.004705882352941176,0.7962058255746707,14.578419071518192,0.975669099756691,282.1029768737673,1594,4.956997871398926
core,200,3000000.0,13,7,exclude,launch,0,0.0,prior,0.0,rr_tour,12600.0,43200,295121.5087042425,0,285988.926837347,9132.581866895463,0,1,0.10394741841058279,1,10.273942215221508,25.528957261684166,7453.356364169037,1559.6509698699263,4.778861750581697,2.0092292462134633,305.56310142377845,0.0,0.016765285996055226,0.006903353057199211,1.1412403055287428,21.251315789473683,0.9753086419753086,402.87560473215024,760,1.7684991359710693
core,200,3000000.0,7,8,exclude,launch,0,0.0,prior,0.0,rr_tour,12600.0,43200,478915.7474386615,0,449622.9739322801,29292.77350638145,0,0,0.0,0,11.933896810827438,22.30761358935021,6370.260745628138,1779.948465672891,3.5789017875975,2.0147884169668626,308.9386593630333,0.0,0.10862619808306709,0.0,2.0229023295862447,39.36480686695279,0.9769820971867008,723.6581595454817,233,1.4016530513763428
core,200,3000000.0,14,6,exclude,launch,0,0.0,prior,0.0,rr_tour,12600.0,43200,467329.17371295654,0,434801.8298580003,32527.34385495629,0,1,0.43809293402402405,1,9.820645030526062,25.676104808721394,7812.771097824855,1551.1548134781156,5.036744901243271,2.008656628863794,305.21645848526214,0.0,0.01998262380538662,0.0034752389226759338,1.0857062769990407,20.008092485549135,0.9645390070921985,378.9212140087867,865,3.142484426498413
core,200,3000000.0,11,7,exclude,launch,0,0.0,prior,0.0,rr_tour,12600.0,43200,332654.03599004005,0,320204.6155008865,12449.420489153481,0,1,0.09221928979740615,1,10.273942215221508,25.718928471691733,7453.356364169037,1547.4784766287726,4.816452362172037,2.010076096799689,306.07611639782857,0.0,0.028208744710860368,0.0014104372355430183,1.384710315725179,26.887218045112782,0.9753086419753086,461.2216762532114,532,2.344775915145874
core,200,3000000.0,5,9,exclude,launch,0,0.0,prior,0.0,rr_tour,12600.0,43200,703205.1261621629,0,637426.7178010265,65778.40836113623,0,0,0.0,0,10.304493718415957,22.642950676676342,7430.26982720097,1749.3694650344423,4.247398834673658,2.01964679522247,311.90387610223587,0.0,0.22033898305084745,0.011299435028248588,2.562036206068458,53.03076923076923,0.9528535980148883,966.9496458332039,130,0.61366868019104
core,200,3000000.0,15,6,exclude,launch,0,0.0,prior,0.0,rr_tour,12600.0,43200,450711.2160654435,0,419751.9426371679,30959.273428275686,0,1,0.4542463144320252,1,9.820645030526062,25.52546022393639,7812.771097824855,1560.5299845545223,5.006485729305056,2.0083726016598455,305.0445911334737,0.0,0.007535795026375283,0.003014318010550113,1.0084197536102795,18.386,0.9739952718676123,356.83209286162656,1000,3.4700098037719727
core,200,3000000.0,12,8,exclude,launch,0,0.0,prior,0.0,rr_tour,12600.0,43200,276653.74129379133,0,267052.32873395155,9601.41255983979,0,0,0.0,1,11.933896810827438,20.26722197822481,6370.260745628138,1963.3288437448637,3.244622400329773,2.010493696837687,306.3292534046085,0.0,0.026589595375722544,0.0,1.249675425581762,23.142635658914728,0.9923076923076923,442.4623569474926,645,1.5555446147918701
core,200,3000000.0,12,7,exclude,launch,0,0.0,prior,0.0,rr_tour,12600.0,43200,312731.1916942269,0,302158.08762270876,10573.104071518106,0,1,0.098094209218621,1,10.273942215221508,25.221270461083016,7453.356364169037,1578.3785522186033,4.7221601900839545,2.0096103407120447,305.7939120218072,0.0,0.02823529411764706,0.002352941176470588,1.2570014367272073,23.990610328638496,0.9728395061728395,430.5736546475587,639,2.612687349319458
core,200,3000000.0,10,8,exclude,launch,0,0.0,prior,0.0,rr_tour,12600.0,43200,336735.73285075516,0,322840.1630782886,13895.569772466579,0,0,0.0,0,11.933896810827438,23.31461204979534,6370.260745628138,1706.1631614466119,3.7336761744562326,2.011135041187087,306.7182214549235,0.0,0.07107438016528926,0.001652892561983471,1.4838220013940169,27.93598233995585,0.9846153846153847,520.3134527354448,453,2.088425636291504
core,200,3000000.0,9,9,exclude,launch,0,0.0,prior,0.0,rr_tour,12600.0,43200,390502.51590274886,0,371205.47791239095,19297.037990357927,0,0,0.0,0,10.304493718415957,20.288215601681028,7430.26982720097,1959.3342047718097,3.7922421856899717,2.01250799974208,307.55173486251243,0.0,0.06521739130434782,0.005928853754940711,1.602974188128406,29.97082228116711,0.9702233250620348,577.3773409368146,377,1.0738255977630615
core,200,3000000.0,6,9,exclude,launch,0,0.0,prior,0.0,rr_tour,12600.0,43200,591904.2315436131,0,545761.981637287,46142.24990632624,0,0,0.0,0,10.304493718415957,20.72295725656846,7430.26982720097,1914.0449298342864,3.8819725239387486,2.0169081815717522,310.23067492427015,0.0,0.17647058823529413,0.0,2.292492807932094,45.93142857142857,0.9652605459057072,824.338823852607,175,1.2054548263549805
core,200,3000000.0,7,9,exclude,launch,0,0.0,prior,0.0,rr_tour,12600.0,43200,514107.7314149113,0,475461.006618657,38646.724796254304,0,0,0.0,0,10.304493718415957,20.72977855584837,7430.26982720097,1915.1703420418048,3.87969135908788,2.0150596953672038,309.103855547688,0.0,0.19195046439628483,0.009287925696594427,1.9402574283632417,37.901234567901234,0.9751861042183623,723.0880022503595,243,1.4829833507537842
core,200,3000000.0,11,8,exclude,launch,0,0.0,prior,0.0,rr_tour,12600.0,43200,304399.2757887161,0,291895.8430182944,12503.432770421641,0,0,0.0,0,11.933896810827438,22.365770735080666,6370.260745628138,1779.0384473265408,3.5807324766932833,2.010577343717679,306.379970290644,0.0,0.038303693570451436,0.0027359781121751026,1.3589887281608943,25.39594843462247,0.9846153846153847,477.98358047343766,543,2.409925699234009
core,200,3000000.0,14,7,exclude,launch,0,0.0,prior,0.0,rr_tour,12600.0,43200,279479.5936030269,0,271139.77293051325,8339.820672513635,0,1,0.1097651479729003,1,10.273942215221508,25.410834851158885,7453.356364169037,1567.2726010229835,4.7556221931680005,2.0087528779538886,305.274710634076,0.0,0.010247651579846286,0.004269854824935952,1.0695200402306306,19.509648127128262,0.980246913580247,381.84301346215045,881,3.192974328994751
core,200,3000000.0,8,9,exclude,launch,0,0.0,prior,0.0,rr_tour,12600.0,43200,446012.12211110705,0,422135.54870123405,23876.573409873,0,0,0.0,0,10.304493718415957,20.387690133579024,7430.26982720097,1948.733230327235,3.8128717217765433,2.0135831662514256,308.20525047247963,0.0,0.13414634146341464,0.0024390243902439024,1.7716585283534207,33.41721854304636,0.967741935483871,648.4829133877308,302,1.6164968013763428
core,200,3000000.0,5,10,exclude,launch,0,0.0,prior,0.0,rr_tour,12600.0,43200,704486.6237822139,0,628691.5180230988,75795.10575911515,0,0,0.0,0,11.597269844061024,23.486869181330185,6564.841933405682,1686.6847672468039,3.892157005794007,2.0194399122150104,311.7773203850845,0.0,0.24293785310734464,0.0,2.555108911288769,53.946969696969695,0.9439024390243902,947.404599461163,132,0.8428127765655518
core,200,3000000.0,6,10,exclude,launch,0,0.0,prior,0.0,rr_tour,12600.0,43200,584133.6124537422,0,541157.6214506339,42975.99100310834,0,0,0.0,0,11.597269844061024,23.713953728238977,6564.841933405682,1672.890159790801,3.9242516282280193,2.016594564652932,310.0393526645652,0.0,0.21224489795918366,0.00816326530612245,2.1862227955679314,44.33513513513513,0.9534313725490197,815.2523156449711,185,0.7122852802276611
core,200,3000000.0,15,7,exclude,launch,0,0.0,prior,0.0,rr_tour,12600.0,43200,263181.69993209717,0,256385.765809864,6795.934122233168,0,1,0.11656250778514321,1,10.273942215221508,26.0227764212981,7453.356364169037,1530.7105084158618,4.869213560101932,2.0083679995174646,305.041806735256,0.0,0.010471204188481676,0.004487658937920718,1.0023981181534671,18.202,0.980246913580247,358.7109812381741,1000,3.5231056213378906
core,200,3000000.0,16,7,exclude,launch,0,0.0,prior,0.0,rr_tour,12600.0,43200,251534.08935848725,0,244857.45451001433,6676.634848472934,0,1,0.12196008511403482,1,10.273942215221508,26.131049357253183,7453.356364169037,1524.5674318712722,4.888833519827128,2.00810537543341,304.882934393321,0.0,0.01184990125082291,0.005924950625411455,0.9346278666965386,16.707786526684163,0.9777777777777777,344.31402020506124,1143,3.6673197746276855
core,200,3000000.0,18,8,exclude,launch,0,0.0,prior,0.0,rr_tour,12600.0,43200,315655.80911899847,0,306455.349337455,9200.459781543483,0,1,0.4062452541959497,1,11.933896810827438,26.39628247629592,6370.260745628138,1509.6876541820902,4.219588553951168,2.0075210888882173,304.52962336634977,0.0,0.0015600624024961,0.003640145605824233,0.8332861114732595,14.672425708362129,0.9871134020618557,306.80900309749615,1447,2.5948286056518555
core,200,3000000.0,10,9,exclude,launch,0,0.0,prior,0.0,rr_tour,12600.0,43200,349067.848352708,0,335792.2610629957,13275.587289712275,0,0,0.0,0,10.304493718415957,20.48484158997565,7430.26982720097,1941.4005377030667,3.827272983035207,2.011602800356754,307.0020677068879,0.0,0.045234248788368334,0.0016155088852988692,1.4563754614130562,27.296536796536795,0.972636815920398,523.6568731999948,462,2.2232706546783447
core,200,3000000.0,13,9,exclude,launch,0,0.0,prior,0.0,rr_tour,12600.0,43200,439247.9605406504,0,408907.6133918559,30340.34714879449,0,1,0.4120483402772849,1,10.304493718415957,26.837831304093545,7430.26982720097,1483.9115717333943,5.0072187377860295,2.0087900417510225,305.297204500809,0.0,0.026785714285714284,0.00496031746031746,1.1581862588175686,22.030666666666665,0.9825,398.96667037545603,750,1.828629732131958
core,200,3000000.0,13,8,exclude,launch,0,0.0,prior,0.0,rr_tour,12600.0,43200,381195.7823062102,0,367256.19203903293,13939.590267177275,0,1,0.3363984607546569,1,11.933896810827438,26.381612086974055,6370.260745628138,1509.4747489787871,4.220183709557144,2.008920749060179,305.37632336524564,0.0,0.012072434607645875,0.007042253521126761,1.1618331374454398,21.7095046854083,0.987146529562982,405.78717278711963,747,3.0575685501098633
core,200,3000000.0,7,10,exclude,launch,0,0.0,prior,0.0,rr_tour,12600.0,43200,502621.9694905268,0,469708.223430875,32913.74605965185,0,0,0.0,0,11.597269844061024,22.990851532016883,6564.841933405682,1727.2970071124787,3.8006445367378503,2.014502958661404,308.7648759398228,0.0,0.15434083601286175,0.006430868167202572,2.0309626428371055,40.108695652173914,0.9532019704433498,724.7156780210571,230,1.3893561363220215
core,200,3000000.0,14,8,exclude,launch,0,0.0,prior,0.0,rr_tour,12600.0,43200,369074.9502953146,0,356454.02140373504,12620.928891579568,0,1,0.3474461604922521,1,11.933896810827438,25.68233535747965,6370.260745628138,1550.7805480520383,4.107777050485918,2.0086539793034692,305.214854989417,0.0,0.01957446808510638,0.003404255319148936,1.0621331422981353,19.131221719457013,0.987146529562982,388.9608327749464,884,3.2766611576080322
core,200,3000000.0,11,9,exclude,launch,0,0.0,prior,0.0,rr_tour,12600.0,43200,476671.5268514999,0,442017.98293865414,34653.5439128458,0,1,0.3796992831917259,1,10.304493718415957,26.607804826185575,7430.26982720097,1495.9972534477265,4.966767024522883,2.0097875174783377,305.9012491365192,0.0,0.023743016759776536,0.0013966480446927375,1.3786338756085326,27.328971962616823,0.9676616915422885,451.918536892121,535,2.4172937870025635
core,200,3000000.0,15,8,exclude,launch,0,0.0,prior,0.0,rr_tour,12600.0,43200,349633.7272906865,0,339020.38351990824,10613.343770778283,0,1,0.366765744848645,1,11.933896810827438,26.112693970863237,6370.260745628138,1525.5519786452362,4.1757087498816245,2.008220048561621,304.9522998964792,0.0,0.016666666666666666,0.008333333333333333,1.0125900214807768,18.46417759838547,0.9845758354755784,358.29060011367864,991,3.428680658340454
core,200,3000000.0,8,10,exclude,launch,0,0.0,prior,0.0,rr_tour,12600.0,43200,434048.1097709421,0,410513.91665164696,23534.19311929516,0,0,0.0,0,11.597269844061024,21.842466466186135,6564.841933405682,1819.3389977990716,3.6083665228676116,2.013143256186253,307.9377772667051,0.0,0.10945273631840796,0.0,1.847284575900282,35.93835616438356,0.9605911330049262,631.2383031862246,292,1.718517541885376
core,200,3000000.0,12,10,exclude,launch,0,0.0,prior,0.0,rr_tour,12600.0,43200,295561.94784393127,0,282483.6195010223,13078.328342909004,0,0,0.0,1,11.597269844061024,19.33379464761739,6564.841933405682,2057.911404908995,3.190050804784763,2.010695062697822,306.45135292852643,0.0,0.025404157043879907,0.0023094688221709007,1.2492648338683967,22.91277258566978,0.9775561097256857,444.01064612510334,642,1.4853861331939697
core,200,3000000.0,12,9,exclude,launch,0,0.0,prior,0.0,rr_tour,12600.0,43200,458984.10813248245,0,425313.2207412702,33670.88739121225,0,1,0.39432605495428824,1,10.304493718415957,26.473067878316396,7430.26982720097,1503.976771641238,4.940415282539619,2.0092990781748776,305.6053887613975,0.0,0.0234192037470726,0.00468384074941452,1.2579602856124195,24.26365054602184,0.9775,422.0811674260182,641,2.8313651084899902
core,200,3000000.0,16,8,exclude,launch,0,0.0,prior,0.0,rr_tour,12600.0,43200,338391.1116340934,0,327417.42406650394,10973.68756758942,0,1,0.3789510717191538,1,11.933896810827438,26.678549973220967,6370.260745628138,1493.4966785900706,4.265333051588676,2.007814122707253,304.70679177845716,0.0,0.017161716171617162,0.0033003300330033004,0.9446261136646933,17.0,0.9820051413881749,339.79151603468057,1135,3.8082163333892822
core,200,3000000.0,9,10,exclude,launch,0,0.0,prior,0.0,rr_tour,12600.0,43200,381298.7682846992,0,360211.1787007989,21087.58958390031,0,0,0.0,0,11.597269844061024,21.270977236433957,6564.841933405682,1869.2146784995955,3.512085588090519,2.012071276939304,307.2864808816662,0.0,0.065439672801636,0.0,1.661156136533154,32.09836065573771,0.9653465346534653,563.7142956002984,366,1.9161262512207031
core,200,3000000.0,5,11,exclude,launch,0,0.0,prior,0.0,rr_tour,12600.0,43200,709003.3832851115,0,644162.445505065,64840.937780046595,0,0,0.0,0,11.275799978965152,21.63860401882928,6761.506957310247,1830.4337295651046,3.693937042406186,2.019792417685623,311.9929725507265,0.0,0.21341463414634146,0.0,2.762173478476669,54.31666666666667,0.9449760765550239,1016.8762953832572,120,0.9873192310333252
core,200,3000000.0,13,10,exclude,launch,0,0.0,prior,0.0,rr_tour,12600.0,43200,415501.02319726435,0,406144.5048343604,9356.518362903991,0,1,0.375129643196944,1,11.597269844061024,26.0300873828737,6564.841933405682,1529.9663791433793,4.290840650420897,2.0087804525802326,305.2914004523936,0.0,0.02610441767068273,0.0030120481927710845,1.1659542061110628,22.179384203480588,0.9775561097256857,397.8179372619916,747,1.7595069408416748
core,200,3000000.0,17,8,exclude,launch,0,0.0,prior,0.0,rr_tour,12600.0,43200,326842.60224767646,0,317333.09576661803,9509.506481058406,0,1,0.39234075831033366,1,11.933896810827438,26.701178958678046,6370.260745628138,1492.345839958507,4.268622309293438,2.007659555430558,304.6133338951527,0.0,0.0017554125219426564,0.0052662375658279695,0.8855008854995257,15.828526890101324,0.9845758354755784,321.58752599643316,1283,4.14293909072876
core,200,3000000.0,10,10,exclude,launch,0,0.0,prior,0.0,rr_tour,12600.0,43200,352329.8646003301,0,333699.3384355391,18630.526164791012,0,0,0.0,0,11.597269844061024,21.889457526967398,6564.841933405682,1817.1811174488935,3.612651413977898,2.0112070040794636,306.76188152980933,0.0,0.056105610561056105,0.0,1.4802364551125933,27.914285714285715,0.967741935483871,517.5529102299209,455,2.1332452297210693
core,200,3000000.0,6,11,exclude,launch,0,0.0,prior,0.0,rr_tour,12600.0,43200,594289.3857585565,0,546563.8685805106,47725.517178045935,0,0,0.0,0,11.275799978965152,21.277298176059823,6761.506957310247,1864.1671448465063,3.6270926542195783,2.0169199316804507,310.23784423469175,0.0,0.1894273127753304,0.004405286343612335,2.394438897603632,46.44311377245509,0.9545454545454546,857.6436063888602,167,1.1329319477081299
core,200,3000000.0,15,9,exclude,launch,0,0.0,prior,0.0,rr_tour,12600.0,43200,413460.0071352389,0,382852.4187941516,30607.58834108722,0,1,0.43774682803230625,1,10.304493718415957,26.280259283888828,7430.26982720097,1515.8807805447007,4.9016188624880215,2.0081460466381866,304.90753540566146,0.0,0.013462976813762155,0.005235602094240838,0.9935700794521681,18.05958291956306,0.9699248120300752,361.6457351140648,1007,2.951561689376831
core,200,3000000.0,11,10,exclude,launch,0,0.0,prior,0.0,rr_tour,12600.0,43200,320646.47230407654,0,304700.8623494634,15945.609954613152,0,0,0.0,0,11.597269844061024,22.190206497531594,6564.841933405682,1793.1689521810663,3.6610281063704213,2.010515532345158,306.3424923332455,0.0,0.04644808743169399,0.006830601092896175,1.343144779276297,25.164233576642335,0.9727047146401985,478.97199756589237,548,2.3097782135009766
core,200,3000000.0,14,9,exclude,launch,0,0.0,prior,0.0,rr_tour,12600.0,43200,421521.8678012227,0,391133.9070659043,30387.960735318484,0,1,0.42937407697061014,1,10.304493718415957,25.980730115945015,7430.26982720097,1533.1192186416633,4.8465049141997945,2.008457783679458,305.0961304391053,0.0,0.017346053772766695,0.003469210754553339,1.0826336181388416,20.406466512702078,0.9799498746867168,372.51816756290543,866,3.222095251083374
core,200,3000000.0,7,11,exclude,launch,0,0.0,prior,0.0,rr_tour,12600.0,43200,521563.9514434997,0,483511.3639397307,38052.58750376902,0,0,0.0,0,11.275799978965152,21.012882927191484,6761.506957310247,1889.3641147108112,3.578720959429873,2.0150632552851713,309.10602366903885,0.0,0.12292358803986711,0.0033222591362126247,2.083007876782634,38.52212389380531,0.9569377990430622,758.9253947359597,226,1.3789315223693848
core,200,3000000.0,8,11,exclude,launch,0,0.0,prior,0.0,rr_tour,12600.0,43200,454802.93439698045,0,424184.31741415994,30618.616982820462,0,0,0.0,0,11.275799978965152,21.166665024910618,6761.506957310247,1877.0982708048118,3.602106007167771,2.013494930442402,308.15159220973476,0.0,0.08673469387755102,0.00510204081632653,1.8326812269868977,33.658703071672356,0.9569377990430622,674.9144356431398,293,1.5224759578704834
core,200,3000000.0,16,9,exclude,launch,0,0.0,prior,0.0,rr_tour,12600.0,43200,397552.0899669964,0,368515.28658829164,29036.80337870472,0,1,0.45525795194401697,1,10.304493718415957,26.283035075923106,7430.26982720097,1515.8919090051902,4.901582878740419,2.0079192225866063,304.7703477778768,0.0,0.007251153592617007,0.007251153592617007,0.9297178927421924,16.8005249343832,0.9722921914357683,340.4142777720113,1143,3.6348211765289307
core,200,3000000.0,11,11,exclude,launch,0,0.0,prior,0.0,rr_tour,12600.0,43200,328971.37231515313,0,310626.2445336314,18345.12778152169,0,0,0.0,0,11.275799978965152,21.237975619242192,6761.506957310247,1873.2458259783698,3.609513958894748,2.010861205258501,306.55211288900085,0.0,0.0260989010989011,0.0013736263736263737,1.3605864257008375,24.41804788213628,0.9712918660287081,498.21411699193055,543,1.3290257453918457
core,200,3000000.0,7,12,exclude,launch,0,0.0,prior,0.0,rr_tour,12600.0,43200,526098.674796963,0,482016.02102498204,44082.653771981,0,0,0.0,0,10.560706468639882,19.885597836047737,7241.91745481808,1996.5371422831845,3.627239033748415,2.014994852380971,309.06436510796067,0.0,0.16025641025641027,0.0,2.070178623418567,40.06113537117904,0.9753086419753086,721.8414469608971,229,0.8452756404876709
core,200,3000000.0,9,11,exclude,launch,0,0.0,prior,0.0,rr_tour,12600.0,43200,395824.573756846,0,374179.8011547714,21644.772602074587,0,0,0.0,0,11.275799978965152,20.654399332763152,6761.506957310247,1924.5935317710587,3.5132129697475087,2.0125116157419547,307.5539316037151,0.0,0.05737704918032787,0.0020491803278688526,1.651515855239624,30.450819672131146,0.9569377990430622,587.0526289611709,366,1.7455787658691406
core,200,3000000.0,5,12,exclude,launch,0,0.0,prior,0.0,rr_tour,12600.0,43200,725910.4942578647,0,654615.2167982861,71295.27745957854,0,0,0.0,0,10.560706468639882,21.459467344993897,7241.91745481808,1846.103215916925,3.922812870038339,2.01936614145305,311.7321991022637,0.0,0.23255813953488372,0.0,2.65314098328834,53.857142857142854,0.9557739557739557,984.7938173512276,126,1.0247995853424072
core,200,3000000.0,18,10,exclude,launch,0,0.0,prior,0.0,rr_tour,12600.0,43200,347891.9959974918,0,342279.17021588434,5612.825781607523,0,1,0.4480320110068755,1,11.597269844061024,25.243918826436264,6564.841933405682,1578.5121450671693,4.15887958412023,2.0076374313983707,304.59995794653184,0.0,0.0005189413596263622,0.006746237675142709,0.8283849263997031,14.827015851137146,0.98,304.58085395290624,1451,2.623790979385376
core,200,3000000.0,6,12,exclude,launch,0,0.0,prior,0.0,rr_tour,12600.0,43200,608608.3877773951,0,556098.5773215996,52509.81045579551,0,0,0.0,0,10.560706468639882,22.26821390860551,7241.91745481808,1781.3300481697565,4.065455170566989,2.0167878146523135,310.15723800762805,0.0,0.17083333333333334,0.008333333333333333,2.2773781077507214,46.25714285714286,0.9680589680589681,814.1686133285647,175,1.2258341312408447
paper,100,1500000.0,2,1,exclude,launch,0,0.0,prior,0.0,rr_tour,12600.0,43200,1699496.7717581433,0,941507.0691188977,757989.7026392457,0,0,0.0,0,4.704263543576533,3.8675471450903522,8169.591647266075,5099.038197336105,1.602182868826933,2.028318302821601,317.23155957536943,0.0,0.0425531914893617,0.0,3.8530796744700875,25.314285714285713,0.5997842502696872,3723.251608888864,35,0.09411311149597168
core,200,3000000.0,14,10,exclude,launch,0,0.0,prior,0.0,rr_tour,12600.0,43200,397668.6974351922,0,388749.58831779426,8919.109117397891,0,1,0.3919512689463217,1,11.597269844061024,26.027698541480465,6564.841933405682,1530.3895351566593,4.289654223709565,2.0084093368200184,305.06681717573673,0.0,0.02077922077922078,0.004329004329004329,1.081183236178437,20.394706559263522,0.98,368.52250919996027,869,3.2090721130371094
paper,100,1500000.0,3,1,exclude,launch,0,0.0,prior,0.0,rr_tour,12600.0,43200,1093912.0261161912,0,660979.1921928965,432932.83392329473,0,0,0.0,0,4.704263543576533,4.489114777070435,8169.591647266075,4408.8678565391965,1.8529908160320576,2.021027390952616,312.74907992265213,0.0,0.0,0.0,2.64415941091034,16.453333333333333,0.7062706270627063,2611.2665947905343,75,0.20763397216796875
core,200,3000000.0,10,11,exclude,launch,0,0.0,prior,0.0,rr_tour,12600.0,43200,364423.21715191647,0,345556.40933612344,18866.807815792978,0,0,0.0,0,11.275799978965152,21.913177700721995,6761.506957310247,1814.9834054676849,3.725382246989714,2.0114626271385276,306.9169938293916,0.0,0.033003300330033,0.006600660066006601,1.485971238783947,26.763274336283185,0.9688995215311005,545.9725378195991,452,1.9502124786376953
paper,100,1500000.0,4,1,exclude,launch,0,0.0,prior,0.0,rr_tour,12600.0,43200,951698.8463674937,0,584732.905992655,366965.94037483877,0,0,0.0,0,4.704263543576533,4.422136600226925,8169.591647266075,4478.757300115991,1.8240755414575598,2.019623002408924,311.8893201124167,0.0,0.0,0.0,1.9719849766201238,10.654411764705882,0.7448200654307524,2249.8265001903624,136,0.1570281982421875
paper,100,1500000.0,5,1,exclude,launch,0,0.0,prior,0.0,rr_tour,12600.0,43200,1379355.8514607516,0,959829.5730703315,419526.27839042014,0,2,0.25928091242257745,4,4.704263543576533,3.8422071631400265,8169.591647266075,5135.912642357563,1.5906796349861487,2.0270365790539966,316.4412404144808,0.0,0.0,0.0,1.5272301317502435,5.789954337899544,0.7190265486725663,2588.425456424837,219,0.2275376319885254
core,200,3000000.0,16,10,exclude,launch,0,0.0,prior,0.0,rr_tour,12600.0,43200,379146.1755378471,0,371325.08369219454,7821.091845652564,0,1,0.411099361239355,1,11.597269844061024,25.363619788278335,6564.841933405682,1570.7371402665003,4.179465656673689,2.0080533172543986,304.85144712827923,0.0,0.005909389363099146,0.007879185817465528,0.9259415672445493,16.36727589208007,0.98,349.1651735520891,1149,3.102062702178955
paper,100,1500000.0,8,1,exclude,launch,0,0.0,prior,0.0,rr_tour,12600.0,43200,4788342.508510938,0,4171438.7461443916,616903.7623665463,0,27,0.911334170677042,34,4.704263543576533,4.99644970152752,8169.591647266075,3953.367100724691,2.066489511122938,2.0250293762076,315.20556662656276,0.0,0.0,0.0,0.961129082487523,2.7119856887298748,0.670704845814978,2165.467197480016,559,0.20902752876281738
paper,100,1500000.0,6,1,exclude,launch,0,0.0,prior,0.0,rr_tour,12600.0,43200,2011706.2968381788,0,1723470.2468523858,288236.04998579295,0,9,0.687597135264067,10,4.704263543576533,4.498712522256941,8169.591647266075,4400.381809055398,1.856564271412573,2.0206048403180388,312.490272024183,0.0,0.0,0.0,1.302408569377753,5.351612903225806,0.7671840354767184,1980.004307214015,310,0.3066220283508301
paper,100,1500000.0,2,2,exclude,launch,0,0.0,prior,0.0,rr_tour,12600.0,43200,1835441.1076965583,0,1032503.6412770587,802937.4664194996,0,0,0.0,0,4.539162858794823,4.115145525118034,8478.86425558954,4794.221061016989,1.7685593024763309,2.0274807430716706,316.71500321493374,0.0,0.020833333333333332,0.0,3.797054452244006,24.88888888888889,0.6198704103671706,3688.499084319879,36,0.13460135459899902
paper,100,1500000.0,7,1,exclude,launch,0,0.0,prior,0.0,rr_tour,12600.0,43200,2784923.720508162,0,2430867.8920800597,354055.82842810237,0,14,0.7787566886036794,17,4.704263543576533,4.628450818029288,8169.591647266075,4268.595156781679,1.9138829866043245,2.0246006445307545,314.94194423185144,0.0,0.0,0.0,1.110372528020633,3.574468085106383,0.7370165745856354,2169.5176863964334,423,0.30262088775634766
paper,100,1500000.0,3,2,exclude,launch,0,0.0,prior,0.0,rr_tour,12600.0,43200,1160721.6915109304,0,711989.3107325401,448732.3807783904,0,0,0.0,0,4.539162858794823,4.46666184697354,8478.86425558954,4431.626766282381,1.9132622629911409,2.020755360480588,312.58245178495656,0.0,0.0,0.0,2.6156058909004276,16.42105263157895,0.707641196013289,2610.9977939330065,76,0.19460177421569824
paper,100,1500000.0,4,2,exclude,launch,0,0.0,prior,0.0,rr_tour,12600.0,43200,1049381.976409324,0,658259.7512377808,391122.2251715432,0,0,0.0,0,4.539162858794823,4.118279625996261,8478.86425558954,4805.7823785377195,1.7643046621202703,2.0210639675944586,312.77148777592134,0.0,0.0,0.0,1.9323040669371114,9.985714285714286,0.7211328976034859,2356.5300531505713,140,0.14009332656860352
core,200,3000000.0,15,10,exclude,launch,0,0.0,prior,0.0,rr_tour,12600.0,43200,384925.6877624939,0,376753.7315056277,8171.956256866213,0,1,0.40492686130141076,1,11.597269844061024,25.488650854405012,6564.841933405682,1562.9311562036048,4.20033979574112,2.00818301695688,304.92989870408303,0.0,0.018925056775170326,0.005299015897047691,1.0102632083910594,18.78125,0.9799498746867168,351.36191005872706,992,3.4236831665039062
core,200,3000000.0,8,12,exclude,launch,0,0.0,prior,0.0,rr_tour,12600.0,43200,452919.8423809065,0,422623.9005393398,30295.94184156668,0,0,0.0,0,10.560706468639882,20.039904459820214,7241.91745481808,1982.5978881197725,3.6527414349694807,2.013537401562056,308.1774193095494,0.0,0.08728179551122195,0.004987531172069825,1.8235986524866388,34.777027027027025,0.9777777777777777,648.0796246282597,296,1.633561134338379
paper,100,1500000.0,2,3,exclude,launch,0,0.0,prior,0.0,rr_tour,12600.0,43200,1597468.09804444,0,933011.3734810756,664456.7245633643,0,0,0.0,0,5.054127002413989,4.1823855928096885,7580.990936890765,4718.963720584296,1.6064948547542754,2.0266991388115385,316.2333364909064,0.0,0.02127659574468085,0.0,3.8616259388448153,28.34285714285714,0.5940803382663847,3348.1508166303556,35,0.1555166244506836
paper,100,1500000.0,3,3,exclude,launch,0,0.0,prior,0.0,rr_tour,12600.0,43200,883708.3399257837,0,575725.130913348,307983.2090124356,0,0,0.0,0,5.054127002413989,5.288495911670226,7580.990936890765,3746.0294410312436,2.0237403512781245,2.019094436374561,311.56604107487516,0.0,0.0,0.0,2.579880829109708,20.128205128205128,0.73475935828877,2114.826332835414,78,0.16101741790771484
paper,100,1500000.0,5,2,exclude,launch,0,0.0,prior,0.0,rr_tour,12600.0,43200,1106820.7729168583,0,775927.2508267642,330893.52209009416,0,1,0.1656216872684866,2,4.539162858794823,4.086189768713611,8478.86425558954,4837.046384659703,1.7529011676380786,2.0237702493409793,314.43165703070736,0.0,0.0,0.0,1.5033248168096542,6.472972972972973,0.7160087719298246,2287.1923299363148,222,0.25551891326904297
paper,100,1500000.0,6,2,exclude,launch,0,0.0,prior,0.0,rr_tour,12600.0,43200,1383704.2642130323,0,1073695.8925464533,310008.371666579,0,5,0.41235792674131994,7,4.539162858794823,4.3398107642968595,8478.86425558954,4547.366743355199,1.8645657441153627,2.026885507071518,316.3481533900588,0.0,0.0,0.0,1.2410241601707552,4.885448916408668,0.7453347969264544,2056.657645191282,323,0.2755250930786133
core,200,3000000.0,12,11,exclude,launch,0,0.0,prior,0.0,rr_tour,12600.0,43200,359649.58555571415,0,343205.36144129984,16444.224114414326,0,1,0.20556305904007807,1,11.275799978965152,24.848616223190803,6761.506957310247,1602.1513349832562,4.2202673428355695,2.00948256463257,305.71651448914514,0.0,0.026284348864994027,0.0035842293906810036,1.2872788459708457,23.926045016077172,0.9664268585131894,442.93023983865385,622,2.485854148864746
core,200,3000000.0,16,11,exclude,launch,0,0.0,prior,0.0,rr_tour,12600.0,43200,294049.38509755314,0,284119.73417616804,9929.65092138506,0,1,0.25142262740934385,1,11.275799978965152,25.741908753921386,6761.506957310247,1547.657499697446,4.368865177619767,2.0080493592542714,304.84905320788397,0.0,0.003970880211780278,0.005956320317670417,0.940007410655192,16.545855379188712,0.9758454106280193,349.56461024635627,1134,2.2077407836914062
paper,100,1500000.0,4,3,exclude,launch,0,0.0,prior,0.0,rr_tour,12600.0,43200,854454.2354193476,0,560261.8896354906,294192.34578385705,0,0,0.0,0,5.054127002413989,4.458221509108896,7580.990936890765,4442.420467825296,1.706500091964932,2.019661966451547,311.91315774835067,0.0,0.0,0.0,1.8817355927409476,11.321678321678322,0.7302771855010661,2047.4399392564967,143,0.25952601432800293
core,200,3000000.0,9,12,exclude,launch,0,0.0,prior,0.0,rr_tour,12600.0,43200,404873.2448518392,0,378838.14403719443,26035.100814644764,0,0,0.0,0,10.560706468639882,19.616723071150457,7241.91745481808,2026.349361014152,3.573874078255503,2.012561692585882,307.58435438771556,0.0,0.11067193675889328,0.007905138339920948,1.6108966279576313,30.277333333333335,0.9751861042183623,576.6198085022736,375,1.8610892295837402
paper,100,1500000.0,5,3,exclude,launch,0,0.0,prior,0.0,rr_tour,12600.0,43200,874825.401302803,0,576678.4689391506,298146.9323636524,0,0,0.0,0,5.054127002413989,4.324095573990312,7580.990936890765,4577.09061416074,1.656290332867011,2.0210413375971,312.7576239246227,0.0,0.0034129692832764505,0.0,1.5366929200408541,7.224770642201835,0.7259978425026968,2089.910510138965,218,0.27753615379333496
paper,100,1500000.0,7,2,exclude,launch,0,0.0,prior,0.0,rr_tour,12600.0,43200,2698709.4689011625,0,2336121.0842524148,362588.38464874733,0,14,0.8520901170031594,16,4.539162858794823,5.326147295156892,8478.86425558954,3721.254545702441,2.278496176882474,2.0181685794698843,311.00017686591656,0.0,0.0,0.0017241379310344827,1.0820061227093618,5.409195402298851,0.7960526315789473,1393.0918207551645,435,0.40804553031921387
paper,100,1500000.0,2,4,exclude,launch,0,0.0,prior,0.0,rr_tour,12600.0,43200,1872547.0851097922,0,1020021.6937891034,852525.3913206887,0,0,0.0,0,4.769804670462605,4.840761017015028,8052.7543083059945,4077.3281016357796,1.9750076784537691,2.0266123662548536,316.17988516421684,0.0,0.043478260869565216,0.0,3.9177874594202926,28.676470588235293,0.6277145811789038,3334.3578965774605,34,0.15651988983154297
paper,100,1500000.0,7,3,exclude,launch,0,0.0,prior,0.0,rr_tour,12600.0,43200,2846228.740851028,0,2398341.9807479093,447886.7601031189,0,12,0.8017703444041208,17,5.054127002413989,4.867468330052029,7580.990936890765,4064.611130065264,1.8651208428809865,2.021798429222345,313.22160898837564,0.0,0.0,0.0,1.0946630691620507,4.186046511627907,0.7308934337997847,1816.7903010274642,430,0.22603273391723633
paper,100,1500000.0,3,4,exclude,launch,0,0.0,prior,0.0,rr_tour,12600.0,43200,1313661.4041395125,0,762912.4027643348,550749.0013751775,0,0,0.0,0,4.769804670462605,4.326279769233073,8052.7543083059945,4573.005818632617,1.7609324430542412,2.02182534604585,313.23811134651635,0.0,0.0,0.0,2.6055926309979713,16.644736842105264,0.7058212058212058,2549.340637837364,76,0.19752717018127441
paper,100,1500000.0,4,4,exclude,launch,0,0.0,prior,0.0,rr_tour,12600.0,43200,988972.1275046237,0,626155.7122824267,362816.4152221971,0,0,0.0,0,4.769804670462605,4.712596948646868,8052.7543083059945,4203.3810063578785,1.9157802483585704,2.0193004224950606,311.69200538958256,0.0,0.0,0.0,1.8905075781281169,11.013986013986013,0.7494802494802495,2084.865614561039,143,0.16652512550354004
paper,100,1500000.0,6,3,exclude,launch,0,0.0,prior,0.0,rr_tour,12600.0,43200,2020716.1420009902,0,1703151.4093804702,317564.7326205201,0,8,0.7170832165685502,9,5.054127002413989,4.749370611123226,7580.990936890765,4173.1646010304385,1.8166048219183268,2.018173112903989,311.0029463521797,0.0,0.0,0.0,1.2972618773327125,6.074193548387097,0.7543290043290043,1741.3488492480035,310,0.3345460891723633
paper,100,1500000.0,2,5,exclude,launch,0,0.0,prior,0.0,rr_tour,12600.0,43200,1785449.1404983269,0,1010991.8220124424,774457.3184858845,0,0,0.0,0,4.716895252054816,3.7868650050544845,8146.821061143593,5206.925229925604,1.5646126459280834,2.0286112349418035,317.4123217945508,0.0,0.0,0.0,3.821575731716201,24.805555555555557,0.6004228329809725,3734.1679868152987,36,0.1385173797607422
paper,100,1500000.0,3,5,exclude,launch,0,0.0,prior,0.0,rr_tour,12600.0,43200,1078513.5398813812,0,666013.6892680716,412499.8506133097,0,0,0.0,0,4.716895252054816,4.712456223252559,8146.821061143593,4200.304217378267,1.9395788113244452,2.0208399372407913,312.6342532397349,0.0,0.0,0.0,2.5699670942051287,16.556962025316455,0.7117021276595744,2525.853964079783,79,0.1340160369873047
paper,100,1500000.0,5,4,exclude,launch,0,0.0,prior,0.0,rr_tour,12600.0,43200,1257501.7439369997,0,830693.3607408479,426808.38319615193,0,1,0.11541144259823591,2,4.769804670462605,4.085879871428574,8052.7543083059945,4836.07767831872,1.6651416383174316,2.024329152699766,314.77506392118613,0.0,0.0,0.0,1.5120196335851641,6.161434977578475,0.7230290456431535,2412.8958559900348,223,0.24053597450256348
core,200,3000000.0,10,12,exclude,launch,0,0.0,prior,0.0,rr_tour,12600.0,43200,372522.9903276594,0,352299.25591264426,20223.73441501515,0,0,0.0,0,10.560706468639882,20.65851512120836,7241.91745481808,1924.92594843303,3.7621797662986998,2.0117631911407523,307.0994264841957,0.0,0.06539074960127592,0.009569377990430622,1.4169176632999239,26.270212765957446,0.9900249376558603,529.8003943693786,470,1.9700419902801514
paper,100,1500000.0,6,4,exclude,launch,0,0.0,prior,0.0,rr_tour,12600.0,43200,1994745.362851418,0,1603504.4922018873,391240.8706495309,0,6,0.5917553534608373,7,4.769804670462605,4.510838801517777,8052.7543083059945,4385.2082176464,1.836344800208373,2.022145794478946,313.43460755129854,0.0,0.0,0.0,1.297011981874471,5.262820512820513,0.777432712215321,2004.4842273949876,312,0.30704379081726074
paper,100,1500000.0,5,5,exclude,launch,0,0.0,prior,0.0,rr_tour,12600.0,43200,1159938.3419565274,0,729045.6915096848,430892.6504468425,0,1,0.04150033621674628,3,4.716895252054816,3.9027989022577096,8146.821061143593,5059.160883633146,1.6103107310738651,2.02584086199083,315.7048422390267,0.0,0.0,0.0,1.537852060422617,5.798165137614679,0.7142857142857143,2612.211142839236,218,0.15151739120483398
paper,100,1500000.0,8,3,exclude,launch,0,0.0,prior,0.0,rr_tour,12600.0,43200,4264789.87468766,0,3712035.489648144,552754.3850395151,0,21,0.9201669521828659,27,5.054127002413989,5.4556509227497765,7580.990936890765,3632.850414629973,2.0867886292155338,2.018207896580412,311.02419619761224,0.0,0.0,0.0,0.9676988857985392,3.960431654676259,0.7282608695652174,1484.7699112494283,556,0.4330635070800781
core,200,3000000.0,13,11,exclude,launch,0,0.0,prior,0.0,rr_tour,12600.0,43200,342433.723784924,0,328789.4229202939,13644.300864630135,0,1,0.2158977456197139,1,11.275799978965152,24.7576172901019,6761.506957310247,1608.2878730400475,4.204164609243361,2.0091730981244904,305.5291025934547,0.0,0.015968063872255488,0.003992015968063872,1.1513070838165687,20.770448548812666,0.9686746987951808,416.1843741618409,758,2.8458216190338135
paper,100,1500000.0,7,4,exclude,launch,0,0.0,prior,0.0,rr_tour,12600.0,43200,2977621.8860655017,0,2433152.979540377,544468.906525125,0,11,0.7224839017273549,18,4.769804670462605,4.528523076413712,8052.7543083059945,4356.9111678455065,1.8482714010182777,2.027331185044698,316.62280912960324,0.0,0.0,0.0,1.1196953325782257,3.530952380952381,0.719626168224299,2211.91210063438,420,0.30904459953308105
paper,100,1500000.0,4,5,exclude,launch,0,0.0,prior,0.0,rr_tour,12600.0,43200,1097908.520596554,0,665837.2069033538,432071.31369320035,0,0,0.0,0,4.716895252054816,4.025304683496447,8146.821061143593,4912.360532440551,1.6584330501279603,2.0228840929262164,313.88756026844646,0.0,0.0,0.0,1.8597950604330409,9.013793103448275,0.7156652360515021,2522.438950924011,145,0.21402716636657715
paper,100,1500000.0,2,6,exclude,launch,0,0.0,prior,0.0,rr_tour,12600.0,43200,1863231.2434511583,0,1025772.7990525719,837458.4443985864,0,0,0.0,0,4.756459715300161,4.0970713674852455,8076.28272445257,4812.956820194608,1.6780293333539635,2.0284975937970806,317.34219013391527,0.0,0.02127659574468085,0.0,3.846152442037443,25.114285714285714,0.5905172413793104,3737.567429961119,35,0.1385178565979004
core,200,3000000.0,17,10,exclude,launch,0,0.0,prior,0.0,rr_tour,12600.0,43200,361874.2726821188,0,355703.2183174396,6171.054364679258,0,1,0.4307207291215015,1,11.597269844061024,24.853908949127813,6564.841933405682,1603.0825293964162,4.095136596540316,2.0078876239283834,304.75123874040065,0.0,0.0017554125219426564,0.006436512580456407,0.8767390712049974,15.60139318885449,0.9825,324.8175512509903,1292,3.9231467247009277
paper,100,1500000.0,6,5,exclude,launch,0,0.0,prior,0.0,rr_tour,12600.0,43200,1719584.8206087006,0,1282431.5624958663,437153.25811283436,0,7,0.43478083507452964,9,4.716895252054816,4.260470872405069,8146.821061143593,4631.175918765062,1.7591258039094322,2.027267754092466,316.5837115794537,0.0,0.0,0.00234192037470726,1.262214036774046,4.059561128526646,0.7179763186221744,2526.3874329106593,319,0.24704813957214355
paper,100,1500000.0,8,5,exclude,launch,0,0.0,prior,0.0,rr_tour,12600.0,43200,5800943.655880818,0,4916387.906461434,884555.7494193848,0,34,0.9351959827787281,39,4.716895252054816,4.971581385000648,8146.821061143593,3971.7328004140813,2.05120069011043,2.025747980353005,315.64767575948065,0.0,0.0,0.0,0.9521185679660863,2.639575971731449,0.5659163987138264,2197.3348624670966,566,0.21454477310180664
paper,100,1500000.0,3,6,exclude,launch,0,0.0,prior,0.0,rr_tour,12600.0,43200,1093589.6522194704,0,688218.5888909154,405371.0633285551,0,0,0.0,0,4.756459715300161,4.831936874436027,8076.28272445257,4095.990237464644,1.9717534115637119,2.021062884206942,312.7708240514999,0.0,0.0,0.0,2.5797983066425427,16.666666666666668,0.7104413347685683,2497.60753674174,78,0.19553542137145996
paper,100,1500000.0,7,5,exclude,launch,0,0.0,prior,0.0,rr_tour,12600.0,43200,3467178.0897797807,0,2886978.137680093,580199.9520996879,0,18,0.8062384449672064,22,4.716895252054816,4.4973217225801445,8146.821061143593,4383.377770870216,1.8585715142517214,2.029070486034774,317.6958195683538,0.0,0.0,0.0,1.09316938982457,3.183294663573086,0.6759956942949408,2395.5911134913767,431,0.2830483913421631
paper,100,1500000.0,5,6,exclude,launch,0,0.0,prior,0.0,rr_tour,12600.0,43200,1108277.1100013934,0,792619.3389609029,315657.77104049054,0,1,0.22619918739428738,1,4.756459715300161,4.57531298675359,8076.28272445257,4327.244612604428,1.8663799825246574,2.020355233238236,312.3374405989964,0.0,0.0,0.0,1.5276760999678256,7.181818181818182,0.7642626480086114,2062.4955880160937,220,0.17603087425231934
core,200,3000000.0,13,12,exclude,launch,0,0.0,prior,0.0,rr_tour,12600.0,43200,310281.67264365347,0,299904.1081785554,10377.564465098101,0,1,0.1365621549642173,1,10.560706468639882,24.748825024959658,7241.91745481808,1609.0821013370814,4.500651302255083,2.0088948148710974,305.36062424213577,0.0,0.020181634712411706,0.0020181634712411706,1.1816130474765947,22.13918918918919,0.9850374064837906,401.5774899222513,740,1.7764196395874023
paper,100,1500000.0,8,4,exclude,launch,0,0.0,prior,0.0,rr_tour,12600.0,43200,5573918.004945784,0,4832224.938462494,741693.0664832896,0,27,0.950785075107007,28,4.769804670462605,5.609140675835527,8052.7543083059945,3539.847904836708,2.274887092550793,2.0145546669964296,308.79635169727084,0.0,0.0,0.0,0.987775667073854,4.5625,0.726895119418484,1316.9322022165388,544,0.44956493377685547
paper,100,1500000.0,2,7,exclude,launch,0,0.0,prior,0.0,rr_tour,12600.0,43200,1580146.9215103537,0,888655.486240321,691491.4352700328,0,0,0.0,0,5.218509503934779,5.052495876569698,7331.690553245741,3905.4078464239465,1.8773175149835193,2.0271581375496472,316.516151860338,0.0,0.0,0.0,3.9087931256097543,30.857142857142858,0.6170431211498973,3112.9270819319477,35,0.16152334213256836
paper,100,1500000.0,4,6,exclude,launch,0,0.0,prior,0.0,rr_tour,12600.0,43200,1068021.6645646282,0,662809.2150202869,405212.4495443412,0,0,0.0,0,4.756459715300161,4.290909192674576,8076.28272445257,4612.426050744848,1.7509836766159868,2.021069514103837,312.7748857896738,0.0,0.0,0.0,1.9348233397874517,9.884057971014492,0.704225352112676,2399.408731111182,138,0.23204278945922852
core,200,3000000.0,14,11,exclude,launch,0,0.0,prior,0.0,rr_tour,12600.0,43200,327942.4007114617,0,315800.1599363651,12142.240775096634,0,1,0.22543796968290283,1,11.275799978965152,25.018872742327762,6761.506957310247,1591.8199605288933,4.247658105168934,2.0087611605194606,305.2797236917708,0.0,0.01810344827586207,0.005172413793103448,1.0708276981138307,18.88457142857143,0.9710843373493976,397.71674721815594,875,2.931342840194702
paper,100,1500000.0,6,6,exclude,launch,0,0.0,prior,0.0,rr_tour,12600.0,43200,1392445.0668707078,0,983830.369408343,408614.6974623647,0,3,0.2719620064664562,3,4.756459715300161,4.247629494959277,8076.28272445257,4640.326401047869,1.7404557409213284,2.0293868109691604,317.89116197917735,0.0,0.0,0.0,1.2554472825670369,4.228125,0.7416216216216216,2429.5682351050286,320,0.2660384178161621
paper,100,1500000.0,2,8,exclude,launch,0,0.0,prior,0.0,rr_tour,12600.0,43200,1476900.175816567,0,889922.6361286776,586977.5396878894,0,0,0.0,0,4.788543228013972,5.39053466110589,8019.937817272908,3662.8924700360194,2.189509488165249,2.0258345749788385,315.7009725666043,0.0,0.020833333333333332,0.0,3.8211742510239155,28.5,0.6601382488479263,3254.1206030030157,36,0.10051107406616211
paper,100,1500000.0,3,7,exclude,launch,0,0.0,prior,0.0,rr_tour,12600.0,43200,1067157.4688624714,0,654501.4612316617,412656.0076308096,0,0,0.0,0,5.218509503934779,4.6882680014200435,7331.690553245741,4220.361605400806,1.73721857005413,2.021612424756399,313.1075839249948,0.0,0.0,0.0,2.5990134984324724,18.346153846153847,0.7053191489361702,2326.931676525217,78,0.21853303909301758
paper,100,1500000.0,7,6,exclude,launch,0,0.0,prior,0.0,rr_tour,12600.0,43200,3579217.1853735438,0,2937615.0838010577,641602.1015724861,0,15,0.7588659100841766,22,4.756459715300161,4.442593730282914,8076.28272445257,4433.460223113475,1.8216657685000857,2.0308627582734706,318.8034079185565,0.0,0.0,0.0,1.1109797791509382,2.9622641509433962,0.6828478964401294,2614.2805831725764,424,0.27153682708740234
paper,100,1500000.0,6,7,exclude,launch,0,0.0,prior,0.0,rr_tour,12600.0,43200,1193397.5506905967,0,911953.5759444511,281443.97474614566,0,4,0.34895962479320325,5,5.218509503934779,4.382037712486357,7331.690553245741,4506.963569346985,1.626747241337926,2.0253488274689233,315.40206539756883,0.0,0.0,0.0,1.2832922783618217,5.34185303514377,0.7698072805139187,1956.4252212340768,313,0.19102001190185547
paper,100,1500000.0,3,8,exclude,launch,0,0.0,prior,0.0,rr_tour,12600.0,43200,1041169.2247274625,0,643028.9050471229,398140.3196803397,0,0,0.0,0,4.788543228013972,4.78929176436592,8019.937817272908,4132.516336010085,1.9406911346940012,2.021036314796052,312.75454683969065,0.0,0.0,0.0,2.5234289009879927,16.765432098765434,0.7414806110458284,2438.665289742913,81,0.13001775741577148
paper,100,1500000.0,4,7,exclude,launch,0,0.0,prior,0.0,rr_tour,12600.0,43200,813273.1181216094,0,534148.6635247938,279124.4545968156,0,0,0.0,0,5.218509503934779,4.757623670803668,7331.690553245741,4163.518476244126,1.760936235801119,2.019339817539225,311.7160990862704,0.0,0.0,0.0,1.9632077757944026,12.477941176470589,0.7706323687031083,1926.50466672728,136,0.2611262798309326
paper,100,1500000.0,5,7,exclude,launch,0,0.0,prior,0.0,rr_tour,12600.0,43200,1032285.1918878541,0,647851.8953452391,384433.296542615,0,0,0.0,0,5.218509503934779,4.0332878717000655,7331.690553245741,4893.512364501177,1.498247068185982,2.0266561965533634,316.2068837764255,0.0,0.0,0.0,1.504244772136152,6.313901345291479,0.7283422459893049,2326.5904776363586,223,0.2361125946044922
paper,100,1500000.0,2,9,exclude,launch,0,0.0,prior,0.0,rr_tour,12600.0,43200,1813370.614890308,0,1013116.0635716027,800254.5513187052,0,0,0.0,0,4.740333835912077,3.8719849176305727,8104.8909320055,5095.712378513664,1.590531476262317,2.027315905072678,316.61339064458866,0.0,0.0,0.0,3.8589219603076064,24.916666666666668,0.609967497291441,3750.099908351235,36,0.08860182762145996
core,200,3000000.0,14,12,exclude,launch,0,0.0,prior,0.0,rr_tour,12600.0,43200,305333.67563270626,0,295353.45594838524,9980.21968432103,0,1,0.13877517366636855,1,10.560706468639882,24.978023264745755,7241.91745481808,1594.5398308583472,4.541697431866425,2.008614294323307,305.19083841399083,0.0,0.021551724137931036,0.005172413793103448,1.0760798194568915,19.152073732718893,0.9850374064837906,395.30193345711325,868,1.90753173828125
paper,100,1500000.0,4,8,exclude,launch,0,0.0,prior,0.0,rr_tour,12600.0,43200,962980.9932493214,0,612914.92158536,350066.0716639614,0,0,0.0,0,4.788543228013972,4.335137515183817,8019.937817272908,4565.321165009,1.756708351373369,2.021090580294609,312.7877919499143,0.0,0.0,0.0,1.88857919885743,10.090277777777779,0.7707602339181286,2278.778412853962,144,0.22412371635437012
paper,100,1500000.0,8,6,exclude,launch,0,0.0,prior,0.0,rr_tour,12600.0,43200,6590607.677654149,0,5816154.295719978,774453.3819341699,0,36,0.9583039166272072,41,4.756459715300161,5.246560430164422,8076.28272445257,3776.965913532185,2.1382990763874017,2.0185627119829896,311.2409994726428,0.0,0.0,0.0,0.965178768555965,3.1924460431654675,0.5771739130434783,1837.6395156736994,556,0.38114380836486816
paper,100,1500000.0,5,9,exclude,launch,0,0.0,prior,0.0,rr_tour,12600.0,43200,1378822.5401560871,0,837819.9308661376,541002.6092899494,0,1,0.030813049791711702,1,4.740333835912077,3.7153915808717985,8104.8909320055,5306.420119169202,1.5273745293417211,2.02886788514048,317.57073752203337,0.0,0.0,0.0,1.5205951667651139,4.950226244343892,0.6786922209695603,3019.4018640010045,221,0.13060355186462402
paper,100,1500000.0,3,9,exclude,launch,0,0.0,prior,0.0,rr_tour,12600.0,43200,1340740.9666873903,0,797924.0410347338,542816.9256526566,0,0,0.0,0,4.740333835912077,3.7762291828830605,8104.8909320055,5236.02148984479,1.5479101733491454,2.0230202353201374,313.97112056234084,0.0,0.0,0.0,2.586840973713511,14.294871794871796,0.6945373467112598,2948.9847612812896,78,0.1776137351989746
paper,100,1500000.0,6,9,exclude,launch,0,0.0,prior,0.0,rr_tour,12600.0,43200,2393942.6607890925,0,1812502.9316977947,581439.7290912981,0,10,0.5097843226754524,16,4.740333835912077,3.8731148537946343,8104.8909320055,5080.363637279524,1.5953367732443609,2.0328475778999007,320.0322357521073,0.0,0.0,0.0,1.2850520232216893,3.337579617834395,0.6529017857142857,3149.723185803162,314,0.1416034698486328
paper,100,1500000.0,2,10,exclude,launch,0,0.0,prior,0.0,rr_tour,12600.0,43200,1655045.0901885293,0,935466.5300590604,719578.5601294689,0,0,0.0,0,5.240538724622278,4.751952596068635,7299.469724120093,4153.902417268638,1.7572559465467164,2.0264299789126206,316.06755048316876,0.0,0.0851063829787234,0.0,3.8896646595276785,29.571428571428573,0.6284796573875803,3240.0506966359358,35,0.10351037979125977
paper,100,1500000.0,5,8,exclude,launch,0,0.0,prior,0.0,rr_tour,12600.0,43200,1033947.2019699465,0,748031.6506829738,285915.5512869728,0,1,0.19856696411891803,1,4.788543228013972,4.3795972153743765,8019.937817272908,4517.8416294609415,1.7751701974178826,2.0215980848002015,313.09879406023185,0.0,0.0,0.0,1.5224897728489575,7.05,0.7762237762237763,2116.917315687193,220,0.2631204128265381
paper,100,1500000.0,7,7,exclude,launch,0,0.0,prior,0.0,rr_tour,12600.0,43200,2725560.490477972,0,2309627.011994483,415933.47848348913,0,14,0.7723647803667738,16,5.218509503934779,4.748170638126033,7331.690553245741,4160.435386096575,1.7622411773890132,2.0248594892939478,315.10109183875534,0.0,0.0,0.0,1.0961274244834616,3.9280742459396754,0.7382978723404255,1935.923606464111,431,0.3111236095428467
paper,100,1500000.0,6,8,exclude,launch,0,0.0,prior,0.0,rr_tour,12600.0,43200,1548054.0043060654,0,1181570.741623188,366483.2626828776,0,4,0.44884180042896604,6,4.788543228013972,4.233167539855057,8019.937817272908,4662.000959794586,1.720278027919213,2.0268526423321376,316.3279047193479,0.0,0.0,0.0,1.284735207197928,4.554140127388535,0.7473684210526316,2298.3055062974618,314,0.27511119842529297
paper,100,1500000.0,8,7,exclude,launch,0,0.0,prior,0.0,rr_tour,12600.0,43200,4648197.849496452,0,4055237.184884742,592960.6646117104,0,27,0.9044427957864365,39,5.218509503934779,4.97695508356466,7331.690553245741,3968.5862590641573,1.8474313205364588,2.025165152109617,315.28907672998,0.0,0.0,0.0,0.9710426149562125,2.908108108108108,0.6659551760939167,2036.3666670096693,555,0.33312344551086426
paper,100,1500000.0,4,9,exclude,launch,0,0.0,prior,0.0,rr_tour,12600.0,43200,1032912.8910032116,0,641005.5775420424,391907.31346116925,0,0,0.0,0,4.740333835912077,4.078717868376487,8104.8909320055,4853.237791060699,1.6699966663356374,2.0207135569114456,312.5568495788445,0.0,0.0,0.0,1.9457491411418653,9.978102189781023,0.7366071428571429,2403.033278688152,137,0.22461795806884766
paper,100,1500000.0,3,10,exclude,launch,0,0.0,prior,0.0,rr_tour,12600.0,43200,1066692.9006109603,0,673478.396126846,393214.50448411435,0,0,0.0,0,5.240538724622278,4.648608173152347,7299.469724120093,4258.1128192978085,1.714249958582315,2.0207839596480097,312.59996768240086,0.0,0.009523809523809525,0.0,2.571043450058741,18.025641025641026,0.739413680781759,2334.0175785333727,78,0.13951587677001953
core,200,3000000.0,11,12,exclude,launch,0,0.0,prior,0.0,rr_tour,12600.0,43200,355114.31234527833,0,341074.97087755415,14039.341467724204,0,1,0.11733382382661812,1,10.560706468639882,25.378543798079765,7241.91745481808,1568.3387636827445,4.617572186899686,2.009941471792184,305.99453293372886,0.0,0.04281767955801105,0.0055248618784530384,1.3568372105197861,26.24538745387454,0.9850746268656716,464.4119843440552,542,2.4101665019989014
paper,100,1500000.0,2,11,exclude,launch,0,0.0,prior,0.0,rr_tour,12600.0,43200,1706230.628620401,0,947061.1435131666,759169.4851072346,0,0,0.0,0,4.559053205441548,3.970521457187796,8440.41818863996,4965.611489248152,1.699774178248877,2.0288021981635493,317.5301888838452,0.0,0.020833333333333332,0.0,3.8601714268267306,24.97222222222222,0.5965480043149946,3735.196300925861,36,0.09101033210754395
paper,100,1500000.0,7,8,exclude,launch,0,0.0,prior,0.0,rr_tour,12600.0,43200,3196030.449487038,0,2816580.4948548125,379449.9546322257,0,17,0.8581990376514331,18,4.788543228013972,4.95328406359073,8019.937817272908,3998.4414806526156,2.0057659605822002,2.019649527191113,311.905547490318,0.0,0.0,0.0017667844522968198,1.1145575613059422,4.619718309859155,0.7915690866510539,1670.4708964080478,426,0.34913158416748047
paper,100,1500000.0,7,9,exclude,launch,0,0.0,prior,0.0,rr_tour,12600.0,43200,4782362.040567201,0,3995304.916982973,787057.1235842273,0,27,0.886000306226097,30,4.740333835912077,4.469966354341652,8104.8909320055,4424.775126025863,1.8317068554136793,2.0223882485714273,313.5833192450852,0.0,0.0,0.0,1.1176042397485186,3.125890736342043,0.6015712682379349,2496.0507321578343,421,0.2685360908508301
paper,100,1500000.0,6,10,exclude,launch,0,0.0,prior,0.0,rr_tour,12600.0,43200,1437854.2308355824,0,1087444.8662286017,350409.36460698064,0,3,0.37458183832227254,5,5.240538724622278,4.313213415601315,7299.469724120093,4578.532867249222,1.5942813857107039,2.0255021468831496,315.49639597858464,0.0,0.0,0.0,1.2851973640055991,4.853503184713376,0.740301724137931,2156.798390734256,314,0.17552804946899414
paper,100,1500000.0,2,12,exclude,launch,0,0.0,prior,0.0,rr_tour,12600.0,43200,1801770.8355588538,0,997515.7812154486,804255.0543434053,0,0,0.0,0,4.442264204156416,5.025485839994923,8671.083820102498,3930.269666633463,2.2062312654311724,2.025161153313536,315.2866170789418,0.0,0.043478260869565216,0.0,3.894079171969351,28.5,0.6617312072892938,3318.825144899306,34,0.09851622581481934
core,200,3000000.0,15,11,exclude,launch,0,0.0,prior,0.0,rr_tour,12600.0,43200,313802.92394913954,0,302221.7533501372,11581.170599002338,0,1,0.2355958576132047,1,11.275799978965152,24.925639613346757,6761.506957310247,1598.035084995277,4.2311379898960295,2.0084330781962656,305.0811819601188,0.0,0.008289374529012811,0.006782215523737754,1.0053264576246084,17.352409638554217,0.9782608695652174,380.0823331570385,996,3.3224756717681885
paper,100,1500000.0,4,10,exclude,launch,0,0.0,prior,0.0,rr_tour,12600.0,43200,945593.0400588386,0,613826.5071160721,331766.5329427663,0,0,0.0,0,5.240538724622278,4.2855749335580855,7299.469724120093,4619.569057310219,1.5801191915443011,2.020456173603569,312.3992406736913,0.0,0.0,0.0,1.925781571939059,11.135714285714286,0.752442996742671,2109.190522957354,140,0.23552656173706055
paper,100,1500000.0,3,11,exclude,launch,0,0.0,prior,0.0,rr_tour,12600.0,43200,1018142.8906170424,0,631261.9748005535,386880.91581648897,0,0,0.0,0,4.559053205441548,5.300942995926416,8440.41818863996,3734.7640499639483,2.2599602212411347,2.0204294376890797,312.3828711907355,0.0,0.0,0.0,2.533081096554999,16.4875,0.6870229007633588,2530.5166694155128,80,0.19902706146240234
paper,100,1500000.0,4,11,exclude,launch,0,0.0,prior,0.0,rr_tour,12600.0,43200,956610.0685602602,0,600480.9796203728,356129.08893988753,0,0,0.0,0,4.559053205441548,4.181869229716917,8440.41818863996,4731.03714026997,1.7840524050839135,2.021776694096963,313.2082837799155,0.0,0.005291005291005291,0.0,1.9161819064439434,9.879432624113475,0.7146017699115044,2386.145097006018,141,0.22252798080444336
paper,100,1500000.0,4,12,exclude,launch,0,0.0,prior,0.0,rr_tour,12600.0,43200,1090792.888602892,0,682682.6621353148,408110.22646757704,0,0,0.0,0,4.442264204156416,4.271154627802147,8671.083820102498,4636.682285862163,1.8701052359230526,2.0197953065776906,311.994740195366,0.0,0.0,0.0,1.943153683515887,10.079710144927537,0.7331838565022422,2357.833337574728,138,0.14751720428466797
paper,100,1500000.0,8,8,exclude,launch,0,0.0,prior,0.0,rr_tour,12600.0,43200,4618266.743071688,0,4101421.5835278183,516845.1595438702,0,27,0.9379619463981699,30,4.788543228013972,5.5747565617607515,8019.937817272908,3558.090768496637,2.254000344308667,2.016587454320744,310.0350156846994,0.0,0.0,0.0,0.9579132202269497,3.8589285714285713,0.7303634232121923,1513.3657788598216,560,0.43664073944091797
paper,100,1500000.0,5,10,exclude,launch,0,0.0,prior,0.0,rr_tour,12600.0,43200,854701.5115410798,0,564347.4107656097,290354.10077547014,0,0,0.0,0,5.240538724622278,4.553520541147901,7299.469724120093,4349.012353092735,1.6784200943759529,2.019863633517235,312.0365492912932,0.0,0.0,0.0,1.5410730965762074,7.678899082568807,0.762472885032538,1960.1387929445848,218,0.2905294895172119
paper,100,1500000.0,8,9,exclude,launch,0,0.0,prior,0.0,rr_tour,12600.0,43200,7649526.459206148,0,6552868.439867647,1096658.0193385016,0,45,0.9723690496710535,52,4.740333835912077,5.061667758014619,8104.8909320055,3923.716467883999,2.065615851284062,2.014043001727501,308.48496280575597,0.0,0.0,0.0,1.002805317915903,3.160148975791434,0.5147392290249433,1937.2931969730141,537,0.3570399284362793
paper,100,1500000.0,8,10,exclude,launch,0,0.0,prior,0.0,rr_tour,12600.0,43200,5179204.194565537,0,4595957.824032868,583246.3705326695,0,27,0.9351110753407772,29,5.240538724622278,5.227058970279521,7299.469724120093,3788.4455454146882,1.9267717158967592,2.0199542930508434,312.09202797385376,0.0,0.0,0.0,0.9671396981178727,3.6600719424460433,0.7052401746724891,1607.6814636999916,556,0.27103590965270996
paper,100,1500000.0,5,11,exclude,launch,0,0.0,prior,0.0,rr_tour,12600.0,43200,1408234.3255436476,0,1075785.2874535178,332449.03809012985,0,3,0.4001050752501261,4,4.559053205441548,4.176474913922528,8440.41818863996,4735.6188143854815,1.7823263483539549,2.022429432031412,313.60858304522264,0.0,0.0,0.0,1.5304506899192025,6.404545454545454,0.7323008849557522,2312.7394516984928,220,0.2445371150970459
paper,100,1500000.0,3,12,exclude,launch,0,0.0,prior,0.0,rr_tour,12600.0,43200,1234578.1385451872,0,751226.4777067244,483351.6608384628,0,0,0.0,0,4.442264204156416,4.308638892049528,8671.083820102498,4594.37296525628,1.8873269291969235,2.020661869501707,312.5251955564159,0.0,0.0196078431372549,0.0,2.663827097204836,16.68,0.723404255319149,2605.252509210147,75,0.19652628898620605
paper,100,1500000.0,7,10,exclude,launch,0,0.0,prior,0.0,rr_tour,12600.0,43200,2922843.6843554964,0,2621087.116720031,301756.5676354653,0,13,0.7977167170181729,16,5.240538724622278,4.647736183899425,7299.469724120093,4248.303878455562,1.7182080032311056,2.0258297695621996,315.6980148360106,0.0,0.0,0.0,1.0920609794441352,4.104895104895105,0.7805953693495039,1865.4986612086677,429,0.3240385055541992
paper,100,1500000.0,7,12,exclude,launch,0,0.0,prior,0.0,rr_tour,12600.0,43200,4174482.291498597,0,3516595.338232669,657886.9532659277,0,20,0.838336710877522,26,4.442264204156416,4.519238633347295,8671.083820102498,4367.063551660274,1.9855639189876038,2.0267734423775807,316.2791105915721,0.0,0.0,0.0,1.0980749271726924,3.2149532710280373,0.6670416197975253,2393.439108659569,428,0.17852330207824707
paper,100,1500000.0,6,11,exclude,launch,0,0.0,prior,0.0,rr_tour,12600.0,43200,2103967.412475693,0,1783785.1516095372,320182.26086615573,0,9,0.7196232554409319,9,4.559053205441548,4.681299767292752,8440.41818863996,4227.600941121784,1.9965030536681438,2.021154688210042,312.82706917600444,0.0,0.0,0.0,1.2624695486231305,5.338557993730408,0.7669256381798002,1931.7359078316501,319,0.30305027961730957
core,200,3000000.0,12,12,exclude,launch,0,0.0,prior,0.0,rr_tour,12600.0,43200,334159.45327651757,0,320545.52399013424,13613.92928638336,0,1,0.1268039358056273,1,10.560706468639882,26.03025065387018,7241.91745481808,1529.5812869658332,4.734575087005393,2.009273586483119,305.5899517117493,0.0,0.03172737955346651,0.004700352526439483,1.261990323720046,23.971742543171114,0.9900249376558603,429.6548830401775,637,2.4521093368530273
paper,100,3000000.0,4,1,exclude,launch,0,0.0,prior,0.0,rr_tour,12600.0,43200,774753.4388261912,0,496617.40696689393,278136.03185929736,0,0,0.0,0,9.408527087153066,10.113540843404012,8169.591647266075,3929.1986822814715,2.079200444636828,2.01318072932842,307.9605570847409,0.0,0.08602150537634409,0.0,3.9276125476237214,27.66176470588235,0.7770491803278688,1740.330933081816,68,0.18153142929077148
paper,100,1500000.0,5,12,exclude,launch,0,0.0,prior,0.0,rr_tour,12600.0,43200,1170949.1661516244,0,795827.0276589426,375122.13849268167,0,1,0.12495983310763172,1,4.442264204156416,4.06137124060555,8671.083820102498,4869.194482228585,1.7808045769685141,2.022693975600567,313.7708903189079,0.0,0.0,0.0,1.5494220726136394,6.555555555555555,0.7333333333333333,2318.8908844277225,216,0.24603962898254395
paper,100,1500000.0,6,12,exclude,launch,0,0.0,prior,0.0,rr_tour,12600.0,43200,2271298.1401477233,0,1675933.0239602493,595365.1161874743,0,5,0.46242908422314616,6,4.442264204156416,4.053695136793946,8671.083820102498,4857.562102800685,1.7850690606926223,2.031377069409301,319.12159779099534,0.0,0.0,0.0,1.2653604105104146,3.7586206896551726,0.7115165336374002,2750.491595603047,319,0.23503494262695312
paper,100,1500000.0,7,11,exclude,launch,0,0.0,prior,0.0,rr_tour,12600.0,43200,2863743.7780839596,0,2490206.7635362037,373537.0145477559,0,15,0.8047092825545121,22,4.559053205441548,4.719670926439913,8440.41818863996,4187.2803731731565,2.015727975302437,2.024026670257856,314.5891864198175,0.0,0.0,0.0,1.1058565742362443,3.7535211267605635,0.7070484581497798,2050.5676126534163,426,0.3260471820831299
paper,100,3000000.0,5,1,exclude,launch,0,0.0,prior,0.0,rr_tour,12600.0,43200,593886.7330662175,0,399677.81089193624,194208.92217428127,0,0,0.0,0,9.408527087153066,8.6232976479283,8169.591647266075,4610.840225341424,1.7718227585431312,2.0120396595058354,307.267281723806,0.0,0.020689655172413793,0.0,3.1224793203236287,20.99047619047619,0.8224400871459695,1454.0055239754622,105,0.3545520305633545
paper,100,3000000.0,9,1,exclude,launch,0,0.0,prior,0.0,rr_tour,12600.0,43200,414544.3798055757,0,307383.1338214732,107161.24598410248,0,0,0.0,0,9.408527087153066,7.984711420120197,8169.591647266075,4981.403469322687,1.6400180586811373,2.0113101415015997,306.8244606911959,0.0,0.0,0.0,1.745284462563133,8.276967930029155,0.8532008830022075,1148.6903195009882,343,0.3160526752471924
paper,100,3000000.0,5,2,exclude,launch,0,0.0,prior,0.0,rr_tour,12600.0,43200,637094.4611728054,0,429971.1532766906,207123.3078961148,0,0,0.0,0,9.078325717589646,8.356403422198763,8478.86425558954,4758.497871365295,1.7818363031350495,2.011873681282703,307.1665040617829,0.0,0.0,0.0,3.101744940693827,20.47222222222222,0.8058252427184466,1526.5205577171291,108,0.21753621101379395
paper,100,3000000.0,4,2,exclude,launch,0,0.0,prior,0.0,rr_tour,12600.0,43200,873844.297817411,0,553027.8321720243,320816.46564538666,0,0,0.0,0,9.078325717589646,8.690920009328675,8478.86425558954,4571.322886284369,1.8547944362077806,2.013642349315319,308.24124369764377,0.0,0.07291666666666667,0.0,3.8219683970444445,26.72222222222222,0.7763440860215054,1745.4234775575123,72,0.27554750442504883
paper,100,3000000.0,6,1,exclude,launch,0,0.0,prior,0.0,rr_tour,12600.0,43200,490186.9395789142,0,335826.6653107774,154360.2742681368,0,0,0.0,0,9.408527087153066,9.80819267389097,8169.591647266075,4057.431251537977,2.013488618980143,2.0102488781823062,306.18083876058233,0.0,0.0,0.0,2.6333056484427546,17.841059602649008,0.8327904451682954,1215.9019602990973,151,0.40605950355529785
paper,100,3000000.0,7,1,exclude,launch,0,0.0,prior,0.0,rr_tour,12600.0,43200,449173.41432378447,0,325277.0341748239,123896.38014896055,0,0,0.0,0,9.408527087153066,7.788321895937773,8169.591647266075,5106.569248098204,1.5998200064179302,2.0114853253424605,306.9307690149429,0.0,0.010452961672473868,0.0,2.203370025307048,12.394366197183098,0.8482532751091703,1255.3564111472283,213,0.4165620803833008
paper,100,3000000.0,8,2,exclude,launch,0,0.0,prior,0.0,rr_tour,12600.0,43200,386788.2349909788,0,293718.8902968883,93069.34469409047,0,0,0.0,0,9.078325717589646,8.904853345191407,8478.86425558954,4469.489413087559,1.8970543325959626,2.010042789278966,306.0559308523302,0.0,0.0,0.0,1.8958419978846237,11.146853146853147,0.8741794310722101,1034.1094165100117,286,0.31804704666137695
paper,100,3000000.0,8,1,exclude,launch,0,0.0,prior,0.0,rr_tour,12600.0,43200,381947.68341867777,0,284477.42763133906,97470.25578733868,0,0,0.0,0,9.408527087153066,8.691807572697147,8169.591647266075,4579.052211349202,1.7841228424995252,2.010038095758941,306.05308646530415,0.0,0.0,0.0,1.9663537523681276,11.043956043956044,0.8679039301310044,1099.7317321555026,273,0.4870772361755371
paper,100,3000000.0,13,1,exclude,launch,0,0.0,prior,0.0,rr_tour,12600.0,43200,1841584.211306488,0,1690857.660189346,150726.55111714182,0,10,0.8654406228728917,12,9.408527087153066,9.215732964230561,8169.591647266075,4316.5787503303645,1.8926080397909628,2.011038738334125,306.6597991236778,0.0,0.0,0.0,1.2028681435554276,4.745529573590097,0.8572984749455338,955.4712439122484,727,0.4535682201385498
core,200,3000000.0,17,11,exclude,launch,0,0.0,prior,0.0,rr_tour,12600.0,43200,287214.0646832808,0,276530.26441390783,10683.800269372989,0,1,0.2574061582633651,1,11.275799978965152,26.114903762644687,6761.506957310247,1525.7019470837881,4.431735156551466,2.007852736217221,304.7301413701618,0.0,0.0034883720930232558,0.00813953488372093,0.8739210456683992,15.053446940356313,0.9757281553398058,336.7743901337255,1291,3.677936315536499
paper,100,3000000.0,6,2,exclude,launch,0,0.0,prior,0.0,rr_tour,12600.0,43200,517398.085541113,0,366967.3697182088,150430.71582290417,0,0,0.0,0,9.078325717589646,8.23978117228736,8478.86425558954,4827.5225432389925,1.756359329168602,2.0111756323450107,306.74284783449974,0.0,0.014285714285714285,0.0,2.578847529759588,16.719745222929937,0.8372844827586207,1276.2145274066943,157,0.39705491065979004
paper,100,3000000.0,10,1,exclude,launch,0,0.0,prior,0.0,rr_tour,12600.0,43200,773712.4557151427,0,620209.5047930382,153502.9509221045,0,2,0.49094090970188076,4,9.408527087153066,7.9741074348942265,8169.591647266075,4983.7791150763305,1.6392363021371485,2.013024768708636,307.86575460515553,0.0,0.0,0.0,1.5038648935761894,6.123042505592841,0.8329694323144105,1211.0271337194974,447,0.5425848960876465
paper,100,3000000.0,7,2,exclude,launch,0,0.0,prior,0.0,rr_tour,12600.0,43200,409667.00508825877,0,305803.83187562856,103863.17321263025,0,0,0.0,0,9.078325717589646,9.763539286480059,8478.86425558954,4077.6937488352864,2.079328360059252,2.009407891264892,305.6712872843509,0.0,0.0,0.0,2.2340569238211945,14.116279069767442,0.8649237472766884,1098.451965818105,215,0.48055529594421387
paper,100,3000000.0,11,1,exclude,launch,0,0.0,prior,0.0,rr_tour,12600.0,43200,1073697.123852947,0,947578.0035203467,126119.12033260033,0,4,0.6907987815861792,7,9.408527087153066,8.21088767690135,8169.591647266075,4840.971081287092,1.687593565441004,2.012645968064671,307.6355569912904,0.0,0.0,0.0,1.4067070983269654,5.654648956356736,0.8574561403508771,1108.3972648079246,527,0.5970873832702637
paper,100,3000000.0,9,2,exclude,launch,0,0.0,prior,0.0,rr_tour,12600.0,43200,409341.9761908202,0,308193.01693243237,101148.95925838785,0,0,0.0,0,9.078325717589646,8.0316138318091,8478.86425558954,4951.913647328419,1.7122399257030518,2.0114725268991913,306.9230018015507,0.0,0.0,0.0,1.6884484707145002,8.257703081232494,0.8526200873362445,1125.6423202234007,357,0.5115666389465332
paper,100,3000000.0,12,1,exclude,launch,0,0.0,prior,0.0,rr_tour,12600.0,43200,1623663.533309856,0,1504908.569483257,118754.96382659907,0,9,0.8462763788286891,10,9.408527087153066,9.091622858736265,8169.591647266075,4377.22860688539,1.8663845051216401,2.010246646278763,306.17948589524633,0.0,0.0,0.0,1.3058547184645797,5.692556634304207,0.8636859323882224,935.4804933688517,618,0.6645941734313965
paper,100,3000000.0,10,2,exclude,launch,0,0.0,prior,0.0,rr_tour,12600.0,43200,600104.7653483779,0,475754.1424552566,124350.62289312122,0,1,0.32475878487018606,2,9.078325717589646,8.11799595613661,8478.86425558954,4895.801320726219,1.7318644487664436,2.0128776198935716,307.77632186437995,0.0,0.0,0.0,1.4813606795140166,6.583700440528634,0.8698030634573304,1099.180799550868,454,0.533066987991333
paper,100,3000000.0,5,3,exclude,launch,0,0.0,prior,0.0,rr_tour,12600.0,43200,574621.1661406545,0,405063.76340033347,169557.40274032103,0,0,0.0,0,10.108254004827979,9.139875315953043,7580.990936890765,4351.651632569343,1.7420950887134146,2.0113867955380353,306.87097505660876,0.0,0.006666666666666667,0.0,3.053926525347611,22.0,0.790084388185654,1351.6677159601645,110,0.3615400791168213
paper,100,3000000.0,15,1,exclude,launch,0,0.0,prior,0.0,rr_tour,12600.0,43200,3283582.83979387,0,2945764.655933006,337818.18386086385,0,18,0.9289129836050984,27,9.408527087153066,9.4630379763809,8169.591647266075,4199.042856303681,1.9455842502301999,2.0133027968780586,308.03476744826884,0.0,0.0,0.0,1.0425190817111682,3.141675284384695,0.7993384785005513,1080.0271145606382,967,0.7230958938598633
paper,100,3000000.0,11,2,exclude,launch,0,0.0,prior,0.0,rr_tour,12600.0,43200,592300.2046153416,0,492237.7887088744,100062.41590646723,0,2,0.37542510540781754,4,9.078325717589646,8.297874349860765,8478.86425558954,4790.794273501548,1.7698243279798396,2.0124060345598602,307.4897936439661,0.0,0.002849002849002849,0.0,1.4110701882390904,6.227099236641221,0.8626373626373627,1009.2863234447432,524,0.6350746154785156
paper,100,3000000.0,14,1,exclude,launch,0,0.0,prior,0.0,rr_tour,12600.0,43200,2392183.41503009,0,2206645.6478418023,185537.76718828751,0,14,0.905224067955298,17,9.408527087153066,9.303890798461016,8169.591647266075,4273.182185912327,1.9118285371026982,2.012213106337924,307.3726117926807,0.0,0.0,0.0,1.1147761423528963,4.092636579572447,0.8449781659388647,951.7834019506961,842,0.7520954608917236
paper,100,3000000.0,8,3,exclude,launch,0,0.0,prior,0.0,rr_tour,12600.0,43200,358829.6335640413,0,271862.02140255965,86967.61216148164,0,0,0.0,0,10.108254004827979,9.813177259537548,7580.990936890765,4058.3291329630165,1.8680079137287287,2.0087832460842074,305.29309127405713,0.0,0.002702702702702703,0.0,1.9487147851295186,13.203636363636363,0.8442534908700322,914.7769418230569,275,0.3610270023345947
paper,100,3000000.0,6,3,exclude,launch,0,0.0,prior,0.0,rr_tour,12600.0,43200,450197.2218295887,0,326387.1696866085,123810.05214298016,0,0,0.0,0,10.108254004827979,9.298666568117252,7580.990936890765,4279.726948945248,1.7713725729065783,2.010264718174776,306.19044023662786,0.0,0.009302325581395349,0.0,2.5209453051967152,18.29559748427673,0.8287234042553191,1141.528291259301,159,0.445544958114624
paper,100,3000000.0,13,2,exclude,launch,0,0.0,prior,0.0,rr_tour,12600.0,43200,1576202.1759251046,0,1431285.1786061258,144916.99731897865,0,9,0.8689516942308121,11,9.078325717589646,9.86367154635105,8478.86425558954,4034.7590994904954,2.1014548939638655,2.0101745726732423,306.1358001826705,0.0,0.0,0.0,1.1761895911002864,6.064516129032258,0.893640350877193,729.7328926487291,744,0.5446739196777344
paper,100,3000000.0,7,3,exclude,launch,0,0.0,prior,0.0,rr_tour,12600.0,43200,416290.5680680993,0,306979.40184695536,109311.16622114393,0,0,0.0,0,10.108254004827979,10.014410844011907,7580.990936890765,3976.133722925115,1.9066237368178027,2.009109469487405,305.4905764227456,0.0,0.0,0.0035335689045936395,2.225092673021327,15.018867924528301,0.8481561822125814,1035.0747108167964,212,0.5046727657318115
paper,100,3000000.0,14,2,exclude,launch,0,0.0,prior,0.0,rr_tour,12600.0,43200,2275815.703267275,0,2057841.1354876948,217974.56777958028,0,13,0.9152740510268921,16,9.078325717589646,10.222506658664116,8478.86425558954,3893.289332757135,2.1778150892230275,2.0100918607529588,306.0856701478123,0.0,0.0,0.0,1.093611149496708,5.133565621370499,0.8869374313940724,743.9001621628968,861,0.5691752433776855
paper,100,3000000.0,10,3,exclude,launch,0,0.0,prior,0.0,rr_tour,12600.0,43200,366765.610022741,0,278050.5041009944,88715.10592174667,0,0,0.0,0,10.108254004827979,8.538986223858052,7580.990936890765,4660.3782226705,1.6266900613372726,2.010307578639723,306.21642103705796,0.0,0.0,0.0,1.5741365723884995,7.668224299065421,0.857451403887689,1010.578857722372,428,0.45116424560546875
paper,100,3000000.0,4,4,exclude,launch,0,0.0,prior,0.0,rr_tour,12600.0,43200,917764.2252280276,0,556126.073662769,361638.15156525845,0,0,0.0,0,9.53960934092521,9.283919473623277,8052.7543083059945,4279.217075218397,1.881828887564674,2.0136978404285677,308.27499350686264,0.0,0.07216494845360824,0.0,3.791754611420666,27.180555555555557,0.7766497461928934,1696.8176650252087,72,0.3026466369628906
paper,100,3000000.0,5,4,exclude,launch,0,0.0,prior,0.0,rr_tour,12600.0,43200,671921.0838526642,0,451444.53908063227,220476.54477203195,0,0,0.0,0,9.53960934092521,10.178940747158457,8052.7543083059945,3907.601428619969,2.0607921394761983,2.0113013309447103,306.8191145911627,0.0,0.05442176870748299,0.0,3.1223872562589583,21.87272727272727,0.8073770491803278,1405.118372191323,110,0.37615370750427246
paper,100,3000000.0,12,2,exclude,launch,0,0.0,prior,0.0,rr_tour,12600.0,43200,835221.0162034391,0,758887.8774580499,76333.13874538924,0,5,0.6863527103672893,7,9.078325717589646,9.249267539110521,8478.86425558954,4301.677251387084,1.9710600679898789,2.0106886315098067,306.4474529589498,0.0,0.0,0.0,1.2907339875755466,6.354166666666667,0.8843612334801763,829.8610767024768,624,0.7657029628753662
paper,100,3000000.0,9,3,exclude,launch,0,0.0,prior,0.0,rr_tour,12600.0,43200,333017.2394800739,0,255748.70558148925,77268.53389858465,0,0,0.0,0,10.108254004827979,9.175274167732644,7580.990936890765,4339.181246721841,1.7471017009529257,2.009384952877163,305.6573949284496,0.0,0.0,0.0,1.7056478625763616,9.977401129943503,0.8579117330462863,936.7620990860071,354,0.6251933574676514
paper,100,3000000.0,10,4,exclude,launch,0,0.0,prior,0.0,rr_tour,12600.0,43200,589962.1623724864,0,451433.66656113556,138528.4958113509,0,1,0.27455317929026796,2,9.53960934092521,8.316535145693477,8052.7543083059945,4782.104659912709,1.6839351877449262,2.0115391200091275,306.96341739265193,0.0,0.0,0.0,1.547950372418325,7.029953917050691,0.868801652892562,1083.5919698312648,434,0.32767438888549805
paper,100,3000000.0,11,3,exclude,launch,0,0.0,prior,0.0,rr_tour,12600.0,43200,781507.7975292344,0,651629.2206600867,129878.5768691477,0,2,0.5601424456837829,6,10.108254004827979,8.22845757326572,7580.990936890765,4830.670069623377,1.5693456244429083,2.012631085602046,307.62651465827344,0.0,0.0,0.0,1.3948837913150782,6.111111111111111,0.8429035752979415,1018.5572391210455,531,0.6337013244628906
paper,100,3000000.0,6,4,exclude,launch,0,0.0,prior,0.0,rr_tour,12600.0,43200,531865.348479987,0,382922.9634657011,148942.38501428592,0,0,0.0,0,9.53960934092521,7.779621153714292,8052.7543083059945,5111.692640662699,1.57535964589256,2.0117166300090696,307.07116183107274,0.0,0.004807692307692308,0.0,2.610418862129109,16.57792207792208,0.8335035750766088,1301.8029302571997,154,0.4306812286376953
paper,100,3000000.0,7,4,exclude,launch,0,0.0,prior,0.0,rr_tour,12600.0,43200,429373.53384180233,0,317008.5106932182,112365.0231485841,0,0,0.0,0,9.53960934092521,9.237955177701313,8052.7543083059945,4308.199638312795,1.869169254992943,2.01010302124228,306.0924340568346,0.0,0.0034602076124567475,0.0,2.1830675060275584,14.25462962962963,0.8672839506172839,1068.7347314820154,216,0.4926908016204834
paper,100,3000000.0,4,5,exclude,launch,0,0.0,prior,0.0,rr_tour,12600.0,43200,832927.570882997,0,540039.756110872,292887.81477212504,0,0,0.0,0,9.433790504109632,8.675218573254908,8146.821061143593,4579.484888919483,1.778981972591641,2.0136914727219133,308.2711205607365,0.0,0.0425531914893617,0.0,3.908104200361076,26.695652173913043,0.7619047619047619,1845.2066326304039,69,0.3010568618774414
paper,100,3000000.0,12,4,exclude,launch,0,0.0,prior,0.0,rr_tour,12600.0,43200,1458794.7022242793,0,1316809.1368145733,141985.56540970595,0,6,0.7882589922370242,7,9.53960934092521,9.017513357561937,8052.7543083059945,4411.437634937317,1.8254263065016485,2.011050834991388,306.66713728103497,0.0,0.0,0.0,1.3040704938256424,5.8222940226171245,0.8691588785046729,916.7972809198246,619,0.42757439613342285
core,200,3000000.0,15,12,exclude,launch,0,0.0,prior,0.0,rr_tour,12600.0,43200,283517.5204579907,0,274628.0632788669,8889.45717912387,0,1,0.14945366971914356,1,10.560706468639882,24.74396702074951,7241.91745481808,1609.863378086167,4.498467108076833,2.008314102302905,305.00919867087396,0.0,0.02180451127819549,0.0030075187969924814,1.0029677161117354,17.92685370741483,0.9875311720698254,367.0929341693537,998,3.4658589363098145
paper,100,3000000.0,12,3,exclude,launch,0,0.0,prior,0.0,rr_tour,12600.0,43200,1687502.050548368,0,1493524.5966538694,193977.4538944986,0,8,0.8647699773255232,9,10.108254004827979,9.501124192425133,7580.990936890765,4190.5685462491565,1.8090602392547108,2.009287318057114,305.5982671172767,0.0,0.0,0.0,1.2960096351829307,6.561093247588424,0.8457389428263214,807.7799592503887,622,0.8047220706939697
paper,100,3000000.0,8,4,exclude,launch,0,0.0,prior,0.0,rr_tour,12600.0,43200,409398.29657788883,0,302618.09739622986,106780.19918165899,0,0,0.0,0,9.53960934092521,8.65506462988513,8052.7543083059945,4597.102008972296,1.7517023317275107,2.0106456146465255,306.421367521276,0.0,0.002577319587628866,0.0,1.8631601421493154,11.11111111111111,0.8791322314049587,1034.478761783187,288,0.552203893661499
paper,100,3000000.0,14,4,exclude,launch,0,0.0,prior,0.0,rr_tour,12600.0,43200,2379200.041695655,0,2131620.022866792,247580.01882886275,0,11,0.8821789489605215,18,9.53960934092521,9.237491083935941,8052.7543083059945,4302.388901299995,1.8716937248217616,2.0129189583914817,307.8014448806652,0.0,0.0,0.0,1.121127089609339,4.244922341696535,0.8369678089304258,922.6476891793614,837,0.45507383346557617
paper,100,3000000.0,13,3,exclude,launch,0,0.0,prior,0.0,rr_tour,12600.0,43200,2091216.9695191055,0,1888885.2325874867,202331.73693161883,0,10,0.8910475257725519,12,10.108254004827979,9.6032809195966,7580.990936890765,4143.897574499161,1.8294349222198178,2.010302169901232,306.2131423521414,0.0,0.0,0.0,1.1765933294300681,5.30188679245283,0.8364030335861322,837.5886633486463,742,0.8202216625213623
paper,100,3000000.0,9,4,exclude,launch,0,0.0,prior,0.0,rr_tour,12600.0,43200,369925.62744590297,0,284720.9390233634,85204.68842253955,0,0,0.0,0,9.53960934092521,9.141838134121404,8052.7543083059945,4354.537760625204,1.849278787089865,2.00962210295598,305.80103723317666,0.0,0.0,0.0,1.7434260644809894,9.971264367816092,0.8692070030895983,952.0742817162759,348,0.5982134342193604
paper,100,3000000.0,14,3,exclude,launch,0,0.0,prior,0.0,rr_tour,12600.0,43200,2462509.2811348583,0,2203264.7635734137,259244.51756144452,0,12,0.907649233104852,17,10.108254004827979,9.599136766005124,7580.990936890765,4144.108687887234,1.8293417252904474,2.011067605476745,306.67731085334344,0.0,0.0,0.0,1.1110199011686326,4.380614657210402,0.827027027027027,886.1202208392028,846,0.7992312908172607
paper,100,3000000.0,5,5,exclude,launch,0,0.0,prior,0.0,rr_tour,12600.0,43200,580010.266603908,0,413344.6380626018,166665.62854130627,0,0,0.0,0,9.433790504109632,8.658717878911032,8146.821061143593,4592.314294977586,1.7740120858133375,2.011892604425854,307.1779928675211,0.0,0.020833333333333332,0.0,3.151826070427256,21.30841121495327,0.7908217716115261,1479.1953851060555,107,0.34856677055358887
paper,100,3000000.0,8,5,exclude,launch,0,0.0,prior,0.0,rr_tour,12600.0,43200,441874.70779212675,0,320897.9638926351,120976.7438994917,0,0,0.0,0,9.433790504109632,8.393567310599446,8146.821061143593,4740.314636796873,1.718624539793959,2.010648900375923,306.4233599493187,0.0,0.0,0.0,1.9192406965647797,9.996428571428572,0.8413719185423365,1174.1849661779634,280,0.2900404930114746
paper,100,3000000.0,11,4,exclude,launch,0,0.0,prior,0.0,rr_tour,12600.0,43200,906394.4590384881,0,734066.1356538825,172328.32338460558,0,3,0.5859429575607703,6,9.53960934092521,8.43590730597632,8052.7543083059945,4712.36724189558,1.7088554212652411,2.012422014766596,307.49950079521585,0.0,0.0,0.0,1.388929647062898,6.033707865168539,0.8659043659043659,1025.576442725507,534,0.6402223110198975
paper,100,3000000.0,6,5,exclude,launch,0,0.0,prior,0.0,rr_tour,12600.0,43200,466368.3548850679,0,347175.6082795272,119192.74660554065,0,0,0.0,0,9.433790504109632,8.127029959528937,8146.821061143593,4894.416300158668,1.664513306904337,2.011209076281424,306.76313878617935,0.0,0.0048543689320388345,0.0,2.654628703299486,16.57236842105263,0.8293991416309013,1309.4251918272653,152,0.4046614170074463
paper,100,3000000.0,5,6,exclude,launch,0,0.0,prior,0.0,rr_tour,12600.0,43200,587752.9745048808,0,418956.0837647206,168796.8907401602,0,0,0.0,0,9.512919430600322,9.96185509457784,8076.28272445257,3992.151447710825,2.0230401652431453,2.011605240418577,307.0035487326979,0.0,0.00684931506849315,0.0,3.1347401720800385,21.69724770642202,0.7944915254237288,1429.7291958794676,109,0.22211933135986328
paper,100,3000000.0,7,5,exclude,launch,0,0.0,prior,0.0,rr_tour,12600.0,43200,389932.2694417722,0,292569.54984965327,97362.719592119,0,0,0.0,0,9.433790504109632,9.430799795414217,8146.821061143593,4220.711016577655,1.9302011033556634,2.0098138915049066,305.9172286428848,0.0,0.0035087719298245615,0.0,2.227554617418759,14.257009345794392,0.8426124197002142,1080.3391326766007,214,0.5006558895111084
paper,100,3000000.0,13,4,exclude,launch,0,0.0,prior,0.0,rr_tour,12600.0,43200,1731887.9821281014,0,1556247.817530708,175640.16459739345,0,8,0.8265775967044494,8,9.53960934092521,9.166092005045162,8052.7543083059945,4337.866867494585,1.8563857661581513,2.0120073169678694,307.2476428789518,0.0,0.0010224948875255625,0.0,1.1940458439201778,4.844474761255116,0.8609958506224067,928.0457292376839,733,0.7341952323913574
paper,100,3000000.0,15,3,exclude,launch,0,0.0,prior,0.0,rr_tour,12600.0,43200,3588617.1273460984,0,3164454.929546457,424162.1977996417,0,18,0.9587560474296537,21,10.108254004827979,10.760523087156312,7580.990936890765,3700.9914567973237,2.0483675861956794,2.008808423239695,305.3083304398078,0.0,0.0,0.0,1.0255362253445395,4.831129196337741,0.8123644251626898,690.711181841746,983,1.025345802307129
paper,100,3000000.0,16,3,exclude,launch,0,0.0,prior,0.0,rr_tour,12600.0,43200,4073599.750335911,0,3591395.699712442,482204.05062346876,0,21,0.9623806267208707,27,10.108254004827979,10.780636018975347,7580.990936890765,3692.7804675938087,2.052922182463364,2.009518984971996,305.7385743056667,0.0,0.0,0.0,0.9736725719236137,3.919529837251356,0.7865655471289275,758.4112978963803,1106,0.9958400726318359
paper,100,3000000.0,4,6,exclude,launch,0,0.0,prior,0.0,rr_tour,12600.0,43200,744627.7895514189,0,499407.6758575742,245220.11369384459,0,0,0.0,0,9.512919430600322,11.918686903166352,8076.28272445257,3334.2712390576503,2.4222032778398472,2.0130782168593893,307.8982420425,0.0,0.042105263157894736,0.0,3.8167622582002996,28.314285714285713,0.7592008412197687,1686.823703975529,70,0.30712890625
core,200,3000000.0,16,12,exclude,launch,0,0.0,prior,0.0,rr_tour,12600.0,43200,270418.0586055148,0,262291.92756654427,8126.131038970528,0,1,0.15669343268206895,1,10.560706468639882,25.206681481575156,7241.91745481808,1580.5303969716865,4.581953924260914,2.008035843762779,304.84087869316147,0.0,0.009198423127463863,0.007227332457293035,0.9359386036228005,16.666666666666668,0.9900249376558603,345.9147861818038,1140,3.7959938049316406
paper,100,3000000.0,9,5,exclude,launch,0,0.0,prior,0.0,rr_tour,12600.0,43200,390814.2688182423,0,293976.6267340733,96837.64208416904,0,0,0.0,0,9.433790504109632,8.336108395166304,8146.821061143593,4772.217831882501,1.7071352038282608,2.0109736250682007,306.6203011750616,0.0,0.0,0.0,1.7028618225903884,8.307042253521127,0.8345864661654135,1122.1286211591355,355,0.5311572551727295
paper,100,3000000.0,13,5,exclude,launch,0,0.0,prior,0.0,rr_tour,12600.0,43200,1795609.05059433,0,1532758.9787836433,262850.0718106868,0,10,0.8066907421744324,16,9.433790504109632,8.617990310682911,8146.821061143593,4609.470037397746,1.7674094841807113,2.013877219116117,308.38410463278944,0.0,0.0,0.0,1.207140860866422,3.7468879668049793,0.7995689655172413,1215.5689051681682,723,0.3776369094848633
paper,100,3000000.0,10,5,exclude,launch,0,0.0,prior,0.0,rr_tour,12600.0,43200,479810.93734607083,0,365437.0989608469,114373.83838522396,0,1,0.10314892694533992,3,9.433790504109632,7.688959108356022,8146.821061143593,5167.172237633475,1.5766497973124998,2.0135828222218453,308.2050412509602,0.0,0.0,0.0,1.5363599945950115,6.155606407322654,0.8374331550802139,1230.0557953026814,437,0.528656005859375
paper,100,3000000.0,6,6,exclude,launch,0,0.0,prior,0.0,rr_tour,12600.0,43200,495176.12003573746,0,358225.12537677697,136950.99465896055,0,0,0.0,0,9.512919430600322,8.747096500805684,8076.28272445257,4547.225000683847,1.7760904118969254,2.011312835612883,306.82609544261123,0.0,0.0,0.0,2.5730668536315435,16.484076433121018,0.8329741379310345,1271.8564688688953,157,0.42423081398010254
paper,100,3000000.0,10,6,exclude,launch,0,0.0,prior,0.0,rr_tour,12600.0,43200,567726.9841177658,0,482243.7040222679,85483.28009549789,0,1,0.4400059568519566,1,9.512919430600322,9.572281150282734,8076.28272445257,4159.396233265575,1.9416959268898064,2.0092975138715614,305.6044414521945,0.0,0.0,0.0,1.5771470534075243,8.18075117370892,0.8713826366559485,947.999979955985,426,0.38971972465515137
paper,100,3000000.0,15,4,exclude,launch,0,0.0,prior,0.0,rr_tour,12600.0,43200,4213886.188843869,0,3723003.793227944,490882.39561592473,0,21,0.9537440239322886,27,9.53960934092521,10.039801997475452,8052.7543083059945,3963.182948847712,2.0318906324138575,2.0105770382924555,306.3797850971853,0.0,0.0,0.0,1.0376848129695513,3.933127572016461,0.7937823834196891,858.7754230119451,972,0.8722970485687256
paper,100,3000000.0,12,5,exclude,launch,0,0.0,prior,0.0,rr_tour,12600.0,43200,1039943.0841508083,0,893085.0412891052,146858.042861703,0,6,0.6141891492041293,9,9.433790504109632,8.206947576862435,8146.821061143593,4838.773326155501,1.6836542057274668,2.014526801919141,308.77938954368375,0.0,0.0,0.0,1.2951534673610252,4.260450160771704,0.8186695278969958,1244.027660150631,622,0.5562474727630615
paper,100,3000000.0,11,5,exclude,launch,0,0.0,prior,0.0,rr_tour,12600.0,43200,798683.4922608896,0,679978.8716693302,118704.62059155946,0,5,0.5385965737169401,5,9.433790504109632,8.329701180160091,8146.821061143593,4773.033552130526,1.7068434512695012,2.012176524654868,307.3503951187221,0.0,0.0,0.0,1.4097565010730688,5.5896946564885495,0.8306538049303323,1122.1202128446303,524,0.5817523002624512
paper,100,3000000.0,7,6,exclude,launch,0,0.0,prior,0.0,rr_tour,12600.0,43200,389957.7514444755,0,296533.3451262506,93424.40631822494,0,0,0.0,0,9.512919430600322,10.005662885640486,8076.28272445257,3978.251750157201,2.030108507872443,2.0097954472543376,305.9060535886763,0.0,0.0,0.0,2.1887950812321466,14.170506912442397,0.8608695652173913,1067.3941158415369,217,0.4932398796081543
paper,100,3000000.0,8,6,exclude,launch,0,0.0,prior,0.0,rr_tour,12600.0,43200,398903.34725276596,0,299221.09761597664,99682.24963678929,0,0,0.0,0,9.512919430600322,9.277900407261239,8076.28272445257,4289.84722945988,1.8826504284324894,2.010011093548668,306.0367227274127,0.0,0.0,0.0,1.904722025814472,11.053571428571429,0.8511326860841424,1049.1633464681584,280,0.5202431678771973
paper,100,3000000.0,13,6,exclude,launch,0,0.0,prior,0.0,rr_tour,12600.0,43200,1648179.0318946894,0,1412627.5314801272,235551.5004145623,0,8,0.7862126764354245,15,9.512919430600322,8.765364642437083,8076.28272445257,4530.267807730384,1.7827384753438453,2.0146338336463616,308.84454491397366,0.0,0.0,0.0,1.1866957197892785,3.8507462686567164,0.8108974358974359,1154.048363380692,737,0.3826408386230469
paper,100,3000000.0,9,6,exclude,launch,0,0.0,prior,0.0,rr_tour,12600.0,43200,383614.2700887626,0,293165.7163598442,90448.55372891841,0,0,0.0,0,9.512919430600322,8.934012741615838,8076.28272445257,4454.301296503634,1.813142440721731,2.0103136862995123,306.2201234172327,0.0,0.00211864406779661,0.0,1.7177988214064936,9.031073446327683,0.8542116630669546,1033.3643276820817,354,0.559751033782959
paper,100,3000000.0,15,5,exclude,launch,0,0.0,prior,0.0,rr_tour,12600.0,43200,3907878.2485277695,0,3350208.3934723535,557669.8550554157,0,23,0.941248896619631,34,9.433790504109632,9.413141052319492,8146.821061143593,4215.873896410629,1.9324157366470924,2.015894539945185,309.6125148871317,0.0,0.0,0.0,1.013019465650763,2.959839357429719,0.728448275862069,1110.1020686841387,996,0.6957685947418213
paper,100,3000000.0,5,7,exclude,launch,0,0.0,prior,0.0,rr_tour,12600.0,43200,597066.0305391736,0,404237.58251980395,192828.4480193697,0,0,0.0,0,10.437019007869559,10.05024174555368,7331.690553245741,3956.759190544598,1.8529534399682854,2.0117493002140745,307.09099394510076,0.0,0.0,0.0,3.1409034813192402,23.29245283018868,0.7983367983367984,1339.3318897262488,106,0.3851344585418701
paper,100,3000000.0,14,5,exclude,launch,0,0.0,prior,0.0,rr_tour,12600.0,43200,2970391.2486711233,0,2630762.2493315465,339628.99933957687,0,18,0.9225753679873593,22,9.433790504109632,9.239025060012194,8146.821061143593,4303.5889795587545,1.8930295387964498,2.012023529170719,307.2574870785472,0.0,0.0,0.0,1.119314470368675,3.9047619047619047,0.7837837837837838,997.3724853131256,840,0.7307696342468262
paper,100,3000000.0,10,7,exclude,launch,0,0.0,prior,0.0,rr_tour,12600.0,43200,353260.91500220046,0,268752.8548537544,84508.0601484461,0,0,0.0,0,10.437019007869559,8.424840356689481,7331.690553245741,4719.254887888045,1.5535695204898776,2.0121246085036435,307.31886694159607,0.0,0.0,0.0,1.5264446624083579,7.6886363636363635,0.8715203426124197,977.5734792467914,440,0.37613964080810547
paper,100,3000000.0,12,6,exclude,launch,0,0.0,prior,0.0,rr_tour,12600.0,43200,794170.8497172267,0,660174.1784309355,133996.6712862912,0,3,0.47553367007081426,3,9.512919430600322,8.314552864039506,8076.28272445257,4775.255987171963,1.6912774406541426,2.0149043307179917,309.00924015304037,0.0,0.0,0.0011933174224343676,1.2849454222214063,4.4003189792663475,0.8524945770065075,1194.1031851956943,627,0.5846610069274902
paper,100,3000000.0,11,6,exclude,launch,0,0.0,prior,0.0,rr_tour,12600.0,43200,619986.2012402589,0,513654.03924314794,106332.16199711096,0,1,0.407012229727092,1,9.512919430600322,8.535616581654573,8076.28272445257,4656.86521227871,1.7342745293889796,2.0126183155924444,307.6187559219837,0.0,0.0,0.0,1.385107989581287,5.797373358348968,0.8559046587215602,1063.0065095171647,533,0.6172518730163574
paper,100,3000000.0,6,7,exclude,launch,0,0.0,prior,0.0,rr_tour,12600.0,43200,498134.15593664424,0,355418.89283610124,142715.26310054297,0,0,0.0,0,10.437019007869559,8.575503835504785,7331.690553245741,4637.557751156291,1.5809378441524997,2.011597145078282,306.9986351791592,0.0,0.014285714285714285,0.0,2.586450763852402,17.942307692307693,0.8256302521008403,1179.4260516267382,156,0.43064403533935547
paper,100,3000000.0,7,7,exclude,launch,0,0.0,prior,0.0,rr_tour,12600.0,43200,421871.86640816147,0,302999.0595694105,118872.80683875096,0,0,0.0,0,10.437019007869559,9.15831804757361,7331.690553245741,4345.033011974559,1.6873728077646815,2.0103940260651862,306.268826372465,0.0,0.0070921985815602835,0.0,2.2422621636130344,15.374407582938389,0.8533755274261603,1021.9243649548425,211,0.5181679725646973
paper,100,3000000.0,4,8,exclude,launch,0,0.0,prior,0.0,rr_tour,12600.0,43200,792049.5845140008,0,518059.22966996295,273990.3548440379,0,0,0.0,0,9.577086456027944,9.155199149795244,8019.937817272908,4339.354253550857,1.848186930281219,2.0137107335049826,308.2828353669629,0.0,0.05319148936170213,0.0,3.881231574008036,27.44927536231884,0.7961275626423691,1772.3953687206479,69,0.29206299781799316
paper,100,3000000.0,6,8,exclude,launch,0,0.0,prior,0.0,rr_tour,12600.0,43200,457303.98679629416,0,333197.0550601421,124106.93173615204,0,0,0.0,0,9.577086456027944,10.477693816575561,8019.937817272908,3798.726291903267,2.111217603217919,2.0099547541881355,306.00258165216525,0.0,0.0,0.0,2.64333330813672,18.388157894736842,0.851894374282434,1193.6280801378414,152,0.26668596267700195
paper,100,3000000.0,14,6,exclude,launch,0,0.0,prior,0.0,rr_tour,12600.0,43200,3016557.9036432677,0,2657315.6805545334,359242.2230887339,0,15,0.8977454058938437,22,9.512919430600322,8.928039785170606,8076.28272445257,4445.761445085929,1.816625301247235,2.0155227978909087,309.3859659108539,0.0,0.0,0.0,1.113535378072041,3.265957446808511,0.7768147345612134,1191.013952944048,846,0.6203415393829346
paper,100,3000000.0,13,7,exclude,launch,0,0.0,prior,0.0,rr_tour,12600.0,43200,1219692.2026760888,0,1104970.5812650975,114721.62141099134,0,8,0.7598446238233537,12,10.437019007869559,8.901529116167696,7331.690553245741,4464.620094894391,1.6421756829052596,2.0129864921149547,307.8424899622085,0.0,0.0,0.0,1.2131534548873983,4.8474341192787795,0.8572949946751863,943.5818460121002,721,0.4332289695739746
paper,100,3000000.0,8,7,exclude,launch,0,0.0,prior,0.0,rr_tour,12600.0,43200,365426.8102993756,0,272470.3516527419,92956.45864663374,0,0,0.0,0,10.437019007869559,9.356993222302252,7331.690553245741,4253.6431885089705,1.7236261313718038,2.0099840689971478,306.02034588841053,0.0,0.002680965147453083,0.0,1.9452343480696292,12.740072202166065,0.861228813559322,937.0489203442444,277,0.5933330059051514
paper,100,3000000.0,9,7,exclude,launch,0,0.0,prior,0.0,rr_tour,12600.0,43200,345163.014274906,0,261819.01331918687,83344.00095571914,0,0,0.0,0,10.437019007869559,8.618878941421494,7331.690553245741,4615.960672698292,1.5883347093076403,2.0108381038726635,306.53810167226453,0.0,0.0,0.0,1.7243190328880842,9.98860398860399,0.8715498938428875,940.4958079567934,351,0.587831974029541
paper,100,3000000.0,15,6,exclude,launch,0,0.0,prior,0.0,rr_tour,12600.0,43200,4358509.183919409,0,3868710.5026946776,489798.68122473144,0,24,0.943668890456071,36,9.512919430600322,9.244354651212383,8076.28272445257,4294.036512603051,1.8808137054141432,2.015336894758568,309.27270295739146,0.0,0.0,0.0,1.0409017620051548,2.81282316442606,0.7225806451612903,1207.6019474523885,967,0.6343390941619873
paper,100,3000000.0,11,7,exclude,launch,0,0.0,prior,0.0,rr_tour,12600.0,43200,421484.34164739464,0,332761.64599689585,88722.69565049879,0,1,0.13607207955818307,3,10.437019007869559,8.371434886885446,7331.690553245741,4747.12010599165,1.5444501907571153,2.013074573734965,307.89602758448433,0.0,0.0,0.0,1.4051803377859315,6.2057142857142855,0.8677248677248677,1009.4924905334909,525,0.6073439121246338
paper,100,3000000.0,5,8,exclude,launch,0,0.0,prior,0.0,rr_tour,12600.0,43200,576125.8552820171,0,410051.99906997744,166073.8562120397,0,0,0.0,0,9.577086456027944,9.627903094709742,8019.937817272908,4130.877392116573,1.9414611124935046,2.011481171078752,306.928247834053,0.0,0.0,0.0,3.1713830834935743,22.074766355140188,0.8206583427922814,1430.8592655421628,107,0.3627190589904785
paper,100,3000000.0,11,8,exclude,launch,0,0.0,prior,0.0,rr_tour,12600.0,43200,564320.5429725434,0,478714.64870864036,85605.89426390298,0,1,0.36381407607982574,2,9.577086456027944,8.445002246832887,8019.937817272908,4706.932717931223,1.703856481041396,2.0125757112247102,307.59287128866833,0.0,0.0,0.0,1.3962494405709742,5.786389413988658,0.8726635514018691,1071.8662727472592,529,0.3712770938873291
paper,100,3000000.0,5,9,exclude,launch,0,0.0,prior,0.0,rr_tour,12600.0,43200,585688.4712075983,0,398515.01194195746,187173.4592656409,0,0,0.0,0,9.480667671824154,8.661861606816368,8104.8909320055,4591.665050708168,1.7651311327152426,2.011446780860947,306.9073771541915,0.0,0.013793103448275862,0.0,3.1388692235354343,22.11320754716981,0.8285398230088495,1419.5158855606326,106,0.21660828590393066
paper,100,3000000.0,4,9,exclude,launch,0,0.0,prior,0.0,rr_tour,12600.0,43200,856890.0101226703,0,542376.2022654811,314513.8078571892,0,0,0.0,0,9.480667671824154,8.707672846523389,8104.8909320055,4563.595380037467,1.7759880657822382,2.0131713966566895,307.95488370097996,0.0,0.05319148936170213,0.0,3.8813958829145396,26.457142857142856,0.762987012987013,1844.6610140095972,70,0.2812678813934326
paper,100,3000000.0,7,8,exclude,launch,0,0.0,prior,0.0,rr_tour,12600.0,43200,379375.15860701003,0,287451.9946098309,91923.16399717916,0,0,0.0,0,9.577086456027944,9.270986532111584,8019.937817272908,4293.0113674230115,1.868138034325094,2.010027496049095,306.04666283256125,0.0,0.0,0.0,2.209764013131522,14.227906976744187,0.8846153846153846,1081.778592518133,215,0.4898207187652588
paper,100,3000000.0,8,8,exclude,launch,0,0.0,prior,0.0,rr_tour,12600.0,43200,379865.64326910564,0,288019.18758806144,91846.4556810442,0,0,0.0,0,9.577086456027944,8.49704802184481,8019.937817272908,4682.775184244705,1.7126463478870728,2.0105672592293358,306.3738556278876,0.0,0.0,0.0,1.9115620120258665,10.676156583629894,0.8711943793911007,1102.4949919038854,281,0.4932122230529785
paper,100,3000000.0,12,7,exclude,launch,0,0.0,prior,0.0,rr_tour,12600.0,43200,722280.7430620654,0,643609.1010211371,78671.64204092835,0,4,0.5800642086209198,5,10.437019007869559,8.880373906083578,7331.690553245741,4476.190705540913,1.63793078435423,2.012566103500194,307.5870341872694,0.0,0.0,0.0,1.2811523001902054,5.644444444444445,0.8670953912111469,926.4604386351168,630,0.7139151096343994
paper,100,3000000.0,7,9,exclude,launch,0,0.0,prior,0.0,rr_tour,12600.0,43200,440184.0217915982,0,323881.6099555704,116302.41183602774,0,0,0.0,0,9.480667671824154,7.946136616063197,8104.8909320055,5006.46881547984,1.6188837343689109,2.010955425146555,306.6092614899754,0.0,0.003401360544217687,0.0,2.1575700928173513,12.488584474885844,0.87,1218.5718707874594,219,0.27318859100341797
paper,100,3000000.0,12,8,exclude,launch,0,0.0,prior,0.0,rr_tour,12600.0,43200,913941.8162277581,0,787071.6545217964,126870.16170596168,0,3,0.6168138709763951,6,9.577086456027944,8.488584969151988,8019.937817272908,4680.236797368618,1.7135752237540587,2.0136633233291747,308.25399991882415,0.0,0.0,0.0,1.2885756466464602,4.812101910828026,0.8586572438162544,1092.2117854414473,628,0.485414981842041
paper,100,3000000.0,14,7,exclude,launch,0,0.0,prior,0.0,rr_tour,12600.0,43200,2176053.8412294546,0,1941444.5928234416,234609.24840601312,0,13,0.8934483700358301,16,10.437019007869559,9.47805074187266,7331.690553245741,4195.909582289297,1.7473423603293081,2.0116148666366334,307.00939152007624,0.0,0.0,0.0,1.1304261875530721,4.583433373349339,0.8509052183173589,862.6340426414446,833,0.7719597816467285
paper,100,3000000.0,15,7,exclude,launch,0,0.0,prior,0.0,rr_tour,12600.0,43200,2684618.417050434,0,2392497.5155530022,292120.90149743174,0,16,0.9071394426969966,25,10.437019007869559,9.566453699118412,7331.690553245741,4152.12891386867,1.7657665995766432,2.0140404293266205,308.48339769267506,0.0,0.0,0.0,1.0403230851975032,3.4762886597938145,0.807897545357524,974.339288260084,970,0.7499523162841797
paper,100,3000000.0,10,8,exclude,launch,0,0.0,prior,0.0,rr_tour,12600.0,43200,549672.935798378,0,472362.64117577416,77310.2946226038,0,1,0.3735089424699815,1,9.577086456027944,8.477018104907888,8019.937817272908,4691.383125151653,1.7095039145867366,2.011620139376971,307.01259191792474,0.0,0.0,0.0,1.5153995520232801,7.092760180995475,0.8792497069167644,1048.619047511839,442,0.5904405117034912
paper,100,3000000.0,9,8,exclude,launch,0,0.0,prior,0.0,rr_tour,12600.0,43200,337288.2493005154,0,259428.33556723024,77859.91373328515,0,0,0.0,0,9.577086456027944,9.370466716688801,8019.937817272908,4248.049940977782,1.8879104362475887,2.009736642317808,305.8704260517722,0.0,0.0,0.0,1.6887736621046474,9.434173669467787,0.8722157092614302,981.2932197675085,357,0.6054506301879883
paper,100,3000000.0,6,9,exclude,launch,0,0.0,prior,0.0,rr_tour,12600.0,43200,465337.7103079939,0,340029.9261659163,125307.78414207768,0,0,0.0,0,9.480667671824154,7.890410524052097,8104.8909320055,5040.967529315266,1.6078046297406756,2.0112983050765694,306.8172785552228,0.0,0.004739336492890996,0.0,2.570926692986125,16.557692307692307,0.8659217877094972,1266.6423841115445,156,0.39775705337524414
paper,100,3000000.0,16,7,exclude,launch,0,0.0,prior,0.0,rr_tour,12600.0,43200,4261918.060087154,0,3781544.440007725,480373.62007942906,0,26,0.9513014797290782,39,10.437019007869559,9.904774350474474,7331.690553245741,4011.1242088818417,1.8278393217071567,2.01362822674202,308.23265461445163,0.0,0.0,0.0,0.9733862168958891,2.949275362318841,0.7449306296691569,1007.8735175110799,1104,0.7829844951629639
paper,100,3000000.0,8,9,exclude,launch,0,0.0,prior,0.0,rr_tour,12600.0,43200,436617.2926679845,0,321027.48397097224,115589.80869701224,0,0,0.0,0,9.480667671824154,7.955728023015812,8104.8909320055,5001.080886935165,1.6206278433085806,2.0106949185656795,306.4512655243456,0.0,0.0,0.0,1.9498724471374522,9.992700729927007,0.8701007838745801,1209.678109292703,274,0.481292724609375
paper,100,3000000.0,10,9,exclude,launch,0,0.0,prior,0.0,rr_tour,12600.0,43200,507225.89910631307,0,384666.480449315,122559.4186569981,0,1,0.08376095869438072,1,9.480667671824154,7.707437369537157,8104.8909320055,5155.874669560619,1.5719720612790216,2.0131569317241196,307.94609049018953,0.0,0.0,0.0,1.535343889646084,5.82837528604119,0.8474387527839644,1296.8604591549808,437,0.47230005264282227
paper,100,3000000.0,11,9,exclude,launch,0,0.0,prior,0.0,rr_tour,12600.0,43200,944115.4621224735,0,712372.5495830808,231742.9125393928,0,3,0.4553264146306801,7,9.480667671824154,7.368513858373463,8104.8909320055,5381.047339425837,1.5061920887821625,2.017638096750872,310.67618878762124,0.0,0.0,0.0,1.3956038755030873,4.217391304347826,0.8067415730337079,1473.1211055892509,529,0.4487895965576172
paper,100,3000000.0,9,9,exclude,launch,0,0.0,prior,0.0,rr_tour,12600.0,43200,407777.8679314877,0,305646.04612024664,102131.82181124102,0,0,0.0,0,9.480667671824154,7.976808765305711,8104.8909320055,4987.350483194079,1.6250895058040589,2.0109020526927863,306.5768880415467,0.0,0.0,0.0,1.7439899545551267,8.333333333333334,0.8546059933407325,1141.9752814884898,348,0.4913012981414795
paper,100,3000000.0,13,8,exclude,launch,0,0.0,prior,0.0,rr_tour,12600.0,43200,1730755.728168136,0,1558640.9445254747,172114.78364266126,0,8,0.8356785980995589,14,9.577086456027944,8.864346082682408,8019.937817272908,4481.808324692851,1.7894423938405564,2.0136779038228134,308.2628678095837,0.0,0.0,0.0,1.1872410937178575,4.381793478260869,0.8374558303886925,1021.1395167946654,736,0.6914925575256348
paper,100,3000000.0,12,9,exclude,launch,0,0.0,prior,0.0,rr_tour,12600.0,43200,1619589.2900677002,0,1372309.1503852445,247280.1396824557,0,9,0.7277403375088397,16,9.480667671824154,7.636934526532598,8104.8909320055,5193.94308813543,1.5604504698019457,2.016850620614294,310.19555539310244,0.0,0.0,0.0,1.3133905975805902,3.8251633986928106,0.8009049773755657,1392.2326296068275,612,0.47779107093811035
paper,100,3000000.0,13,9,exclude,launch,0,0.0,prior,0.0,rr_tour,12600.0,43200,3606612.358553491,0,3106762.000365825,499850.3581876667,0,22,0.9331993648698153,27,9.480667671824154,8.736672818348458,8104.8909320055,4551.617444807592,1.7806617164743102,2.01176923176058,307.1030935012183,0.0,0.0,0.0,1.1814994581655738,3.9,0.7337883959044369,1139.2155881239655,740,0.3942687511444092
paper,100,3000000.0,5,10,exclude,launch,0,0.0,prior,0.0,rr_tour,12600.0,43200,624390.5464460528,0,421575.8859565068,202814.66048954602,0,0,0.0,0,10.481077449244555,9.193640807009833,7299.469724120093,4325.896285199194,1.6873889808904596,2.011529250148053,306.95742717152456,0.0,0.0136986301369863,0.0,3.108795314820034,22.63302752293578,0.8155339805825242,1360.8719452293956,109,0.367755651473999
paper,100,3000000.0,14,9,exclude,launch,0,0.0,prior,0.0,rr_tour,12600.0,43200,4398308.143783722,0,3800202.2976414585,598105.8461422633,0,27,0.9503553860655911,30,9.480667671824154,8.88484146830889,8104.8909320055,4476.995355841954,1.810341599177575,2.0111925888880204,306.753135546617,0.0,0.0,0.0,1.1324564679586524,3.444578313253012,0.695067264573991,1146.9110809601048,830,0.3999171257019043
paper,100,3000000.0,14,8,exclude,launch,0,0.0,prior,0.0,rr_tour,12600.0,43200,2768296.524164107,0,2545515.0213456247,222781.50281848226,0,15,0.9223412839803061,18,9.577086456027944,9.524242666084383,8019.937817272908,4176.598726497971,1.9202078874351263,2.011114434479209,306.7057198836633,0.0,0.0,0.0,1.1285090897430579,4.440576230492197,0.8621495327102804,889.7434061195762,833,0.7832038402557373
paper,100,3000000.0,8,10,exclude,launch,0,0.0,prior,0.0,rr_tour,12600.0,43200,354128.5798999769,0,273472.6633699814,80655.91652999552,0,0,0.0,0,10.481077449244555,9.021984007568246,7299.469724120093,4412.347738885367,1.6543278445148253,2.009639702261756,305.81169851496213,0.0,0.0,0.0,1.9544886378146034,12.494464944649447,0.8877887788778878,947.7689484177065,271,0.35132861137390137
paper,100,3000000.0,9,10,exclude,launch,0,0.0,prior,0.0,rr_tour,12600.0,43200,354065.83643043524,0,271339.968803696,82725.86762673929,0,0,0.0,0,10.481077449244555,9.438784424120286,7299.469724120093,4218.327138159813,1.7304181219345605,2.009248546571814,305.5747886271958,0.0,0.0021321961620469083,0.0,1.7253017743962875,9.982857142857142,0.876210979547901,942.009705915945,350,0.3682999610900879
paper,100,3000000.0,6,10,exclude,launch,0,0.0,prior,0.0,rr_tour,12600.0,43200,497564.9544924659,0,354532.032476438,143032.92201602785,0,0,0.0,0,10.481077449244555,9.314209998261562,7299.469724120093,4272.389618375871,1.7085215479235607,2.0103566488066758,306.246167336357,0.0,0.009615384615384616,0.0,2.6042744043278607,18.48051948051948,0.8290598290598291,1171.213249960739,154,0.4285140037536621
paper,100,3000000.0,4,11,exclude,launch,0,0.0,prior,0.0,rr_tour,12600.0,43200,686828.3774440762,0,469616.6112857065,217211.7661583697,0,0,0.0,0,9.118106410883096,10.230133814705905,8440.41818863996,3883.859923521191,2.173203553898436,2.0134697737586453,308.1362946967199,0.0,0.010638297872340425,0.0,3.8310256589853466,27.608695652173914,0.7775330396475771,1696.9840163100453,69,0.28583550453186035
paper,100,3000000.0,7,10,exclude,launch,0,0.0,prior,0.0,rr_tour,12600.0,43200,402554.4178247394,0,305684.2972822831,96870.12054245628,0,0,0.0,0,10.481077449244555,8.659519611066724,7299.469724120093,4595.043211525411,1.5885530098631864,2.0105116180116074,306.3401190409309,0.0,0.0,0.0,2.15777472779948,14.193548387096774,0.8691891891891892,1077.6100932575278,217,0.5084502696990967
paper,100,3000000.0,15,8,exclude,launch,0,0.0,prior,0.0,rr_tour,12600.0,43200,3315560.7574505946,0,3028723.765326137,286836.9921244573,0,19,0.9438038340973826,25,9.577086456027944,9.897599276582651,8019.937817272908,4018.94191793297,1.9955346409678243,2.01116818690768,306.7383306642497,0.0,0.0,0.0,1.0502951096371915,3.86264308012487,0.8356807511737089,885.2695450978476,961,0.8542966842651367
paper,100,3000000.0,5,11,exclude,launch,0,0.0,prior,0.0,rr_tour,12600.0,43200,552991.3875736329,0,387231.3307162112,165760.05685742164,0,0,0.0,0,9.118106410883096,10.312701471295888,8440.41818863996,3856.4961680463484,2.1886235123411955,2.0115213047729634,306.95260500287964,0.0,0.013793103448275862,0.0,3.1064781072555023,21.61320754716981,0.8215859030837004,1427.9136293202457,106,0.3488454818725586
paper,100,3000000.0,6,11,exclude,launch,0,0.0,prior,0.0,rr_tour,12600.0,43200,438212.9821070927,0,321947.0393914779,116265.94271561474,0,0,0.0,0,9.118106410883096,7.775764938820564,8440.41818863996,5113.887166738197,1.6504897181811564,2.011850577875881,307.1524775843262,0.0,0.0,0.0,2.6319172320612227,16.625,0.8351528384279476,1301.7338712960175,152,0.3888590335845947
paper,100,3000000.0,15,9,exclude,launch,0,0.0,prior,0.0,rr_tour,12600.0,43200,5439278.384256399,0,4749352.381462992,689926.0027934075,0,34,0.9673788484838083,44,9.480667671824154,9.370895691963657,8104.8909320055,4245.655310992288,1.908984676881656,2.010778119422194,306.50172201080034,0.0,0.0,0.0,1.0422107704349601,2.8813209494324044,0.6790123456790124,1177.6642708120528,969,0.6915373802185059
paper,100,3000000.0,9,11,exclude,launch,0,0.0,prior,0.0,rr_tour,12600.0,43200,334559.83059062745,0,256165.52665055986,78394.30394006762,0,0,0.0,0,9.118106410883096,8.417410574546286,8440.41818863996,4725.6374395604125,1.786090934099486,2.0111806279895736,306.74587872641666,0.0,0.0,0.0,1.7063606094732773,9.129213483146067,0.8796498905908097,1019.0306382019629,356,0.3563041687011719
paper,100,3000000.0,10,10,exclude,launch,0,0.0,prior,0.0,rr_tour,12600.0,43200,349499.05011562194,0,267731.1337615365,81767.9163540854,0,0,0.0,0,10.481077449244555,9.278863636291106,7299.469724120093,4290.366042841726,1.7013629259673344,2.009559400654571,305.763055035005,0.0,0.0,0.0,1.5608823161871372,8.336426914153133,0.8894967177242888,920.6380484659211,431,0.6034324169158936
paper,100,3000000.0,4,12,exclude,launch,0,0.0,prior,0.0,rr_tour,12600.0,43200,857856.5658921849,0,558871.9893891,298984.57650308486,0,0,0.0,0,8.884528408312832,9.539444796024926,8671.083820102498,4166.227693980629,2.0812793867772736,2.012907816948494,307.7946736906092,0.0,0.043010752688172046,0.0,3.8781513972648907,27.17391304347826,0.7838745800671892,1765.8623976142103,69,0.2756369113922119
paper,100,3000000.0,11,10,exclude,launch,0,0.0,prior,0.0,rr_tour,12600.0,43200,642251.9995915499,0,533507.9971697239,108744.00242182602,0,2,0.4670104820797597,2,10.481077449244555,8.826040460788644,7299.469724120093,4506.805179976972,1.6196550400160388,2.0112001287859003,306.7577101369864,0.0,0.0,0.0,1.3901381349643833,6.508474576271187,0.8804347826086957,953.7166203028885,531,0.6389350891113281
paper,100,3000000.0,11,11,exclude,launch,0,0.0,prior,0.0,rr_tour,12600.0,43200,1352963.8446624826,0,1190434.2090322466,162529.63563023598,0,6,0.7928738685527407,7,9.118106410883096,8.96976616498125,8440.41818863996,4435.38867646804,1.9029714878023225,2.0108384555345697,306.5383149562541,0.0,0.0,0.0,1.3820476121635061,6.235514018691589,0.8571428571428571,989.2610348584903,535,0.39827775955200195
paper,100,3000000.0,8,11,exclude,launch,0,0.0,prior,0.0,rr_tour,12600.0,43200,366299.5202633992,0,278675.00268971,87624.5175736892,0,0,0.0,0,9.118106410883096,8.42760215666582,8440.41818863996,4720.63678362486,1.7879829725342207,2.0108763910977174,306.5613234236235,0.0,0.016216216216216217,0.0,1.9435668094022416,11.018248175182482,0.8610503282275711,1086.3478810574409,274,0.49087071418762207
paper,100,3000000.0,7,11,exclude,launch,0,0.0,prior,0.0,rr_tour,12600.0,43200,367148.91219825216,0,277958.340656701,89190.57154155112,0,0,0.0,0,9.118106410883096,9.371694728976717,8440.41818863996,4246.648369906066,1.9875481682102767,2.0101365081297247,306.11272951695406,0.0,0.0034602076124567475,0.0,2.1985052791413504,13.986046511627906,0.8491189427312775,1102.5111651378697,215,0.5068709850311279
paper,100,3000000.0,12,10,exclude,launch,0,0.0,prior,0.0,rr_tour,12600.0,43200,883315.8399131176,0,753762.8689206295,129552.97099248809,0,3,0.6061401218317558,5,10.481077449244555,8.772485208018693,7299.469724120093,4532.600954459436,1.6104373178800244,2.011962382550192,307.2203591089983,0.0,0.0,0.0012077294685990338,1.302245760804294,5.350565428109855,0.8569868995633187,993.0166741355853,619,0.6489319801330566
paper,100,3000000.0,13,11,exclude,launch,0,0.0,prior,0.0,rr_tour,12600.0,43200,1842423.3847429806,0,1672406.9162933729,170016.46844960767,0,10,0.8587353541890036,13,9.118106410883096,9.20178801539173,8440.41818863996,4321.422154871683,1.9531575222579898,2.011829021807943,307.1393908118457,0.0,0.0,0.0,1.1918015812344018,4.482946793997272,0.8427464008859358,1001.1740014600205,733,0.4331655502319336
ring,100,1500000.0,2,1,exclude,launch,0,0.0,prior,0.0,rr_tour,12600.0,43200,827517.4241482586,0,706697.8963176258,120819.52783063291,0,0,0.0,0,4.85758743485816,2.9081968599328256,7901.207071016175,6766.0413749509235,1.1677739808491026,2.0328322450480076,320.02273392327214,0.0,0.0425531914893617,0.0,3.9155746991855063,37.371428571428574,0.8894736842105263,2587.578406700822,35,0.10951948165893555
paper,100,3000000.0,13,10,exclude,launch,0,0.0,prior,0.0,rr_tour,12600.0,43200,1752620.0213724212,0,1599924.0360212703,152695.98535115083,0,7,0.8351726972187462,10,10.481077449244555,8.860553161455506,7299.469724120093,4486.629828032274,1.6269382596516684,2.0123749940212683,307.4709385558689,0.0,0.0,0.0,1.2206346809587618,4.914804469273743,0.8844056706652127,936.672174366957,716,0.7244391441345215
paper,100,3000000.0,5,12,exclude,launch,0,0.0,prior,0.0,rr_tour,12600.0,43200,673925.8901229606,0,446701.976006993,227223.9141159676,0,0,0.0,0,8.884528408312832,9.222952366471297,8671.083820102498,4312.886892129397,2.010505732465739,2.0111846823071637,306.748338519792,0.0,0.00684931506849315,0.0,3.1305663937498087,21.598130841121495,0.8285398230088495,1466.7582464449474,107,0.3470590114593506
ring,100,1500000.0,6,1,exclude,launch,0,0.0,prior,0.0,rr_tour,12600.0,43200,10747961.342673901,0,10096610.681096952,651350.6615769485,0,61,0.9522022040727135,92,4.85758743485816,2.8931943332254897,7901.207071016175,6429.220144836885,1.2289526401365178,2.1504239521190547,397.0425808827674,0.0,0.0,0.0025188916876574307,1.3565045328053615,1.0236486486486487,0.32786885245901637,10868.483660548776,296,0.06751251220703125
paper,100,3000000.0,10,11,exclude,launch,0,0.0,prior,0.0,rr_tour,12600.0,43200,901322.1407160668,0,790685.6472369231,110636.49347914374,0,3,0.6183672685547522,4,9.118106410883096,8.413414473353944,8440.41818863996,4728.1698930617995,1.785134286529251,2.0110581546574604,306.6715776298046,0.0,0.0,0.0,1.563857805766224,7.28139534883721,0.8707557502738226,1056.0872613325255,430,0.550818681716919
paper,100,3000000.0,14,11,exclude,launch,0,0.0,prior,0.0,rr_tour,12600.0,43200,2369134.4064035183,0,2143716.020627721,225418.38577579742,0,14,0.8993583447163236,22,9.118106410883096,9.528176272849109,8440.41818863996,4172.961371855181,2.0226446967774323,2.012036427918956,307.26531943048803,0.0,0.0,0.0,1.1024958526338449,3.8796728971962615,0.8204845814977973,987.8528490259793,856,0.4686720371246338
ring,100,1500000.0,5,1,exclude,launch,0,0.0,prior,0.0,rr_tour,12600.0,43200,2278531.9626381695,0,1874700.49547259,403831.4671655799,0,3,0.20446000628219102,7,4.85758743485816,2.783584110784401,7901.207071016175,6892.274555114725,1.1463860018682404,2.084937656071284,353.1269152684355,0.0,0.0,0.0035335689045936395,1.583343367758146,2.768867924528302,0.6338797814207651,5591.227105028658,212,0.13152861595153809
paper,100,3000000.0,14,10,exclude,launch,0,0.0,prior,0.0,rr_tour,12600.0,43200,2581711.040758532,0,2411306.804735853,170404.2360226791,0,13,0.9129499741568383,16,10.481077449244555,9.468816425696792,7299.469724120093,4199.824083165359,1.738041779744871,2.0116998823756136,307.0609955996493,0.0,0.0,0.0,1.1112585043404526,4.571428571428571,0.8777533039647577,849.2538923908268,847,0.7909491062164307
paper,100,3000000.0,6,12,exclude,launch,0,0.0,prior,0.0,rr_tour,12600.0,43200,513500.543939418,0,374588.080643339,138912.46329607896,0,0,0.0,0,8.884528408312832,7.81288383760055,8671.083820102498,5091.591772653503,1.7030202355723285,2.0110600728229104,306.67274125700067,0.0,0.014492753623188406,0.0,2.65747562178867,16.640522875816995,0.8627671541057368,1295.1212447119449,153,0.4070701599121094
ring,100,1500000.0,2,2,exclude,launch,0,0.0,prior,0.0,rr_tour,12600.0,43200,1089647.132518514,0,893366.682115071,196280.450403443,0,0,0.0,0,4.889237330012543,2.9059410320896917,7847.90175510476,6765.31111032135,1.1600208219739931,2.034629894162303,321.13770536828974,0.0,0.04,0.0,3.682962480778487,28.289473684210527,0.8508771929824561,3165.1231729812694,38,0.09151721000671387
paper,100,3000000.0,15,10,exclude,launch,0,0.0,prior,0.0,rr_tour,12600.0,43200,3057036.106954253,0,2789800.491498349,267235.6154559043,0,17,0.925966034240115,27,10.481077449244555,9.503034790359273,7299.469724120093,4182.389467689032,1.7452869419531594,2.0128119193167473,307.73639517302195,0.0,0.0,0.0,1.0541331355439991,3.7738219895287957,0.8309549945115258,912.0084844437281,955,0.8089463710784912
ring,100,1500000.0,5,2,exclude,launch,0,0.0,prior,0.0,rr_tour,12600.0,43200,2725897.6250897152,0,2113919.7740119854,611977.8510777297,0,2,0.14455567959783963,2,4.889237330012543,2.748160738286813,7847.90175510476,6935.46094061086,1.1315616686918482,2.0986621520021216,362.1175572725798,0.0,0.0,0.0,1.5708161906703553,2.294392523364486,0.5656108597285068,6731.083409960042,214,0.07501554489135742
ring,100,1500000.0,4,1,exclude,launch,0,0.0,prior,0.0,rr_tour,12600.0,43200,851637.1866987734,0,729559.8484997198,122077.33819905375,0,0,0.0,0,4.85758743485816,2.8700236694681323,7901.207071016175,6839.43875591016,1.155242023943633,2.0377647618081998,323.0867102552488,0.0,0.0,0.0,1.9672733775887694,9.088235294117647,0.907103825136612,2641.848762761506,136,0.20203924179077148
ring,100,1500000.0,3,1,exclude,launch,0,0.0,prior,0.0,rr_tour,12600.0,43200,668515.147668703,0,590843.0480730193,77672.09959568377,0,0,0.0,0,4.85758743485816,3.00202055469087,7901.207071016175,6566.048870140276,1.2033427145124758,2.0292811397038264,317.8258993650025,0.0,0.009615384615384616,0.0,2.6239607473315245,20.01298701298701,0.9354838709677419,2142.870029410446,77,0.21353864669799805
ring,100,1500000.0,2,3,exclude,launch,0,0.0,prior,0.0,rr_tour,12600.0,43200,818782.8874025276,0,688628.2964625357,130154.59093999196,0,0,0.0,0,4.827164603858858,2.874966622398882,7953.104624059671,6852.395774762422,1.1606312427766057,2.030414684489453,318.52632660344983,0.0,0.043478260869565216,0.0,3.9358407309650665,38.44117647058823,0.919047619047619,2505.172652132741,34,0.11201357841491699
ring,100,1500000.0,6,2,exclude,launch,0,0.0,prior,0.0,rr_tour,12600.0,43200,11065175.920574607,0,10224800.04133197,840375.8792426365,0,65,0.9699735113133675,84,4.889237330012543,2.9442926399313434,7847.90175510476,6400.482654479646,1.2261421800138896,2.122590875825419,378.06308234594445,0.0,0.0,0.0,1.3533305759047156,1.34006734006734,0.3076923076923077,8280.004881481073,297,0.12151312828063965
ring,100,1500000.0,6,3,exclude,launch,0,0.0,prior,0.0,rr_tour,12600.0,43200,10166513.873367898,0,9576510.875403829,590002.9979640685,0,65,0.9611773046595803,91,4.827164603858858,2.901881010624443,7953.104624059671,6438.294947042898,1.2352811869410432,2.1409647768602813,390.54018661074963,0.0,0.0,0.002512562814070352,1.3551790573077878,1.2121212121212122,0.3557692307692308,9153.753866838277,297,0.07249975204467773
paper,100,3000000.0,7,12,exclude,launch,0,0.0,prior,0.0,rr_tour,12600.0,43200,410739.04887078074,0,309981.60007992625,100757.44879085447,0,0,0.0,0,8.884528408312832,9.166754145554282,8671.083820102498,4342.553706845458,1.996770657420699,2.0096906179019816,305.84254316378565,0.0,0.0,0.0,2.1939512284898055,14.274418604651164,0.8720271800679502,1068.5107630972348,215,0.49457859992980957
paper,100,3000000.0,11,12,exclude,launch,0,0.0,prior,0.0,rr_tour,12600.0,43200,901948.605150351,0,775221.5035849267,126727.10156542421,0,3,0.5298907013188078,4,8.884528408312832,8.144547187259878,8671.083820102498,4880.113865892217,1.7768199796947133,2.0127650738470884,307.7079284413495,0.0,0.0,0.0,1.4044762869439822,5.419354838709677,0.8555304740406321,1154.4838024320056,527,0.35155439376831055
ring,100,1500000.0,3,2,exclude,launch,0,0.0,prior,0.0,rr_tour,12600.0,43200,948805.880912146,0,792395.7846923574,156410.09621978848,0,0,0.0,0,4.889237330012543,2.884231697531472,7847.90175510476,6820.35849087781,1.1506582484778891,2.0333991764542274,320.3741573688827,0.0,0.0,0.0,2.499788420462895,14.481481481481481,0.9144144144144144,2854.3554401608408,81,0.18402671813964844
ring,100,1500000.0,5,3,exclude,launch,0,0.0,prior,0.0,rr_tour,12600.0,43200,2336076.014825136,0,1840469.3989908246,495606.61583431147,0,2,0.10554183764717193,5,4.827164603858858,2.7505161798401887,7953.104624059671,6964.4831654748705,1.1419518771307693,2.088126929862762,355.20606464776796,0.0,0.0,0.0,1.579697196385954,2.4507042253521125,0.6153846153846154,6332.872686798523,213,0.11551427841186523
ring,100,1500000.0,4,2,exclude,launch,0,0.0,prior,0.0,rr_tour,12600.0,43200,924851.1373128314,0,762003.5866047541,162847.55070807724,0,0,0.0,0,4.889237330012543,2.87902891245445,7847.90175510476,6798.889978968067,1.1542916239829948,2.043506162200455,326.6715331650967,0.0,0.0,0.0,1.8735462824437898,8.354609929078014,0.9004524886877828,2760.3145069197385,141,0.1800246238708496
paper,100,3000000.0,12,11,exclude,launch,0,0.0,prior,0.0,rr_tour,12600.0,43200,1735588.619441422,0,1567207.9721084062,168380.6473330156,0,9,0.8651063697188281,9,9.118106410883096,9.463451736779836,8440.41818863996,4206.080626782998,2.0067181154098743,2.0098461855856575,305.93679556257064,0.0,0.0,0.0,1.2987133897696852,6.050080775444265,0.8811881188118812,879.2054995717602,619,0.7092056274414062
ring,100,1500000.0,3,4,exclude,launch,0,0.0,prior,0.0,rr_tour,12600.0,43200,774687.2528611509,0,641841.7444742209,132845.50838693004,0,0,0.0,0,4.803136565354838,2.849894845136623,7994.558130032741,6916.09259237146,1.1559356707934827,2.0294126193025734,317.90710223381564,0.0,0.0,0.0,2.644798493054183,18.186666666666667,0.9095238095238095,2373.5365519911165,75,0.12862753868103027
ring,100,1500000.0,6,4,exclude,launch,0,0.0,prior,0.0,rr_tour,12600.0,43200,10186807.245486824,0,9528338.484035054,658468.7614517686,0,65,0.9630858290605939,86,4.803136565354838,2.9154751800764265,7994.558130032741,6401.077232512738,1.2489394893450587,2.143372111299613,392.18993546932035,0.0,0.0,0.0,1.347117981789122,1.2508361204013378,0.32057416267942584,8747.553490284365,299,0.07762789726257324
paper,100,3000000.0,8,12,exclude,launch,0,0.0,prior,0.0,rr_tour,12600.0,43200,429652.1347121539,0,314082.4147679795,115569.71994417436,0,0,0.0,0,8.884528408312832,8.958237694004437,8671.083820102498,4443.5581533308305,1.951382995539908,2.0097245473850394,305.8630984775768,0.0,0.0,0.0,1.9043927264690454,11.04982206405694,0.8635851183765502,1061.263529037373,281,0.5036933422088623
ring,100,1500000.0,5,4,exclude,launch,0,0.0,prior,0.0,rr_tour,12600.0,43200,2866790.9710036702,0,2288256.5428267797,578534.4281768907,0,6,0.339279844478374,9,4.803136565354838,2.7621976881865353,7994.558130032741,6954.4010729135225,1.1495681721853077,2.0823105537612623,351.41884043490296,0.0,0.0,0.0035087719298245615,1.5827351243954977,2.6,0.5952380952380952,5923.824657310355,215,0.12412786483764648
ring,100,1500000.0,4,3,exclude,launch,0,0.0,prior,0.0,rr_tour,12600.0,43200,845583.3992266526,0,716703.7384237536,128879.66080289881,0,0,0.0,0,4.827164603858858,2.8513892919742774,7953.104624059671,6895.38867578242,1.1533946812878146,2.034439248606072,321.01936771700855,0.0,0.0,0.0,1.98947741419844,9.037037037037036,0.9138755980861244,2723.517243348339,135,0.19413328170776367
ring,100,1500000.0,3,3,exclude,launch,0,0.0,prior,0.0,rr_tour,12600.0,43200,676219.2548881061,0,585203.1714067073,91016.08348139879,0,0,0.0,0,4.827164603858858,2.9049901734600416,7953.104624059671,6790.786825270217,1.1711609904266436,2.027660431414469,316.82578868849174,0.0,0.00980392156862745,0.0,2.6468578147043993,19.946666666666665,0.9326923076923077,2168.539456518658,75,0.2151355743408203
ring,100,1500000.0,5,5,exclude,launch,0,0.0,prior,0.0,rr_tour,12600.0,43200,1857536.214900271,0,1515592.3481038762,341943.8667963949,0,4,0.23603549239236235,4,4.796428451629647,2.8301283005926807,8006.205221945124,6834.9146252141,1.1713687238184536,2.0678582882660184,342.09639714552907,0.0,0.0,0.0,1.5933410102658272,3.323943661971831,0.7232142857142857,4681.253192589406,213,0.0976250171661377
ring,100,1500000.0,2,4,exclude,launch,0,0.0,prior,0.0,rr_tour,12600.0,43200,860207.5969746187,0,724752.3462297398,135455.2507448789,0,0,0.0,0,4.803136565354838,2.8619584138230025,7994.558130032741,6879.367516243875,1.1621065615633455,2.0316465783355975,319.2883987774636,0.0,0.043478260869565216,0.0,3.937261095266087,36.0,0.9154929577464789,2692.307779982819,34,0.18163037300109863
paper,100,3000000.0,9,12,exclude,launch,0,0.0,prior,0.0,rr_tour,12600.0,43200,443153.6710641668,0,328749.8553323274,114403.81573183944,0,0,0.0,1,8.884528408312832,8.077550382962047,8671.083820102498,4924.938412174784,1.7606481735217208,2.0109881317919536,306.6291007872553,0.0,0.0,0.0,1.7160258625129174,8.274787535410765,0.8532731376975169,1135.688469287564,353,0.5061883926391602
ring,100,1500000.0,3,5,exclude,launch,0,0.0,prior,0.0,rr_tour,12600.0,43200,636984.4063242344,0,556187.7959815046,80796.61034272978,0,0,0.0,0,4.796428451629647,2.957723791685914,8006.205221945124,6667.713096390236,1.2007423094253291,2.0282686226198114,317.2009080793333,0.0,0.019230769230769232,0.0,2.6272154691621723,20.0,0.9070796460176991,2141.534598934715,77,0.13713717460632324
ring,100,1500000.0,5,6,exclude,launch,0,0.0,prior,0.0,rr_tour,12600.0,43200,2700694.689942819,0,2094947.1342561084,605747.5556867108,0,1,0.06683885855345365,5,4.911996387275881,2.737414486525019,7809.995131568775,6968.7745665888615,1.1207128393868653,2.096828999629455,360.9101563284454,0.0,0.0,0.0,1.5812311303348972,2.136150234741784,0.5246636771300448,7237.108760228329,213,0.07300758361816406
ring,100,1500000.0,6,5,exclude,launch,0,0.0,prior,0.0,rr_tour,12600.0,43200,10267774.30506667,0,9610080.642884325,657693.6621823434,0,62,0.9573846206727119,89,4.796428451629647,2.908245219017473,8006.205221945124,6409.185169243709,1.2491767690478297,2.1459823684514516,393.98267664047955,0.0,0.0,0.0,1.351436876214692,1.087248322147651,0.35874439461883406,10188.997074745355,298,0.11362743377685547
ring,100,1500000.0,6,6,exclude,launch,0,0.0,prior,0.0,rr_tour,12600.0,43200,11107939.2276209,0,10286915.38756399,821023.8400569088,0,70,0.9774586902477822,91,4.911996387275881,2.951390366801348,7809.995131568775,6416.530977088277,1.2171678371780932,2.112190284471792,371.09016866203376,0.0,0.0,0.0,1.3538735330116636,1.3557046979865772,0.27802690582959644,8176.847456246581,298,0.07950901985168457
ring,100,1500000.0,4,4,exclude,launch,0,0.0,prior,0.0,rr_tour,12600.0,43200,857091.7831196792,0,716911.9674936488,140179.81562603044,0,0,0.0,0,4.803136565354838,2.874846638039899,7994.558130032741,6835.279363435562,1.1696022510504238,2.0355840552475746,321.7303006449035,0.0,0.0,0.0,1.97476768072819,9.094202898550725,0.9150943396226415,2649.164133830982,138,0.2006363868713379
ring,100,1500000.0,2,5,exclude,launch,0,0.0,prior,0.0,rr_tour,12600.0,43200,791594.1574520442,0,666016.9007076956,125577.25674434847,0,0,0.0,0,4.796428451629647,2.8382551172826003,8006.205221945124,6938.015959641807,1.1539617764670673,2.031296252328886,319.0715880202815,0.0,0.043478260869565216,0.0,3.9409846689813333,37.411764705882355,0.8982300884955752,2588.423019942539,34,0.17963695526123047
ring,100,1500000.0,6,7,exclude,launch,0,0.0,prior,0.0,rr_tour,12600.0,43200,10213306.329707552,0,9520604.31181751,692702.0178900406,0,65,0.9715222109876468,90,5.015469727232141,2.9521393825455453,7641.991446879142,6409.146309138148,1.1923571530865515,2.114087444821161,372.357250412443,0.0,0.0,0.007556675062972292,1.357054456063563,1.4006734006734007,0.2631578947368421,7908.790101895035,297,0.0790102481842041
paper,100,3000000.0,10,12,exclude,launch,0,0.0,prior,0.0,rr_tour,12600.0,43200,588022.852057519,0,470381.5602114442,117641.29184607483,0,1,0.24883660876076666,1,8.884528408312832,7.945866220892047,8671.083820102498,5002.94113233048,1.7331972515261869,2.0124418741672034,307.5115645701598,0.0,0.0,0.0,1.5250846553508992,6.584090909090909,0.8741573033707866,1133.980699742761,440,0.5511877536773682
ring,100,1500000.0,4,5,exclude,launch,0,0.0,prior,0.0,rr_tour,12600.0,43200,825563.5075475458,0,685820.5030308411,139743.00451670474,0,0,0.0,0,4.796428451629647,2.888498243707803,8006.205221945124,6803.909964012702,1.1767065208522176,2.0353041847514475,321.5564264891578,0.0,0.0,0.0,1.9709096548782914,9.125,0.90625,2669.816306564497,136,0.20563673973083496
ring,100,1500000.0,2,6,exclude,launch,0,0.0,prior,0.0,rr_tour,12600.0,43200,899916.1674517931,0,726970.4953644461,172945.67208734708,0,0,0.0,0,4.911996387275881,2.918415484667617,7809.995131568775,6744.5828381556985,1.1579656324162537,2.03215943181062,319.60592780268667,0.0,0.043478260869565216,0.0,3.9314226803891765,37.55882352941177,0.9147982062780269,2556.457770179221,34,0.18713068962097168
paper,100,3000000.0,16,10,exclude,launch,0,0.0,prior,0.0,rr_tour,12600.0,43200,5048794.314549201,0,4470046.409344364,578747.905204837,0,27,0.9723813016400574,29,10.481077449244555,10.560539886905119,7299.469724120093,3769.007135306429,1.9367089161869229,2.0099113660559915,305.9762901867235,0.0,0.0,0.0,0.9659057938675137,3.8282374100719423,0.7437837837837837,770.6349631977212,1112,1.0060620307922363
ring,100,1500000.0,5,8,exclude,launch,0,0.0,prior,0.0,rr_tour,12600.0,43200,1725669.0833926515,0,1409106.376248067,316562.7071445845,0,1,0.09458137255213792,3,4.857512498705388,2.8257316654101885,7901.334104096977,6818.490014547575,1.1588099545851211,2.0760646046519775,347.37451001544497,0.0,0.0,0.0,1.5837126997336544,3.207547169811321,0.7016574585635359,4833.000642944231,212,0.09000778198242188
ring,100,1500000.0,5,7,exclude,launch,0,0.0,prior,0.0,rr_tour,12600.0,43200,1752771.8640416372,0,1359045.655539246,393726.2085023911,0,0,0.0,0,5.015469727232141,2.796825028277191,7641.991446879142,6876.406209316516,1.1113350803106092,2.079855534227744,349.82639244068594,0.0,0.0,0.0,1.5892685061916028,2.92018779342723,0.6375545851528385,5326.325196746126,213,0.13451743125915527
ring,100,1500000.0,3,6,exclude,launch,0,0.0,prior,0.0,rr_tour,12600.0,43200,756244.9041522933,0,621436.580651397,134808.3235008964,0,0,0.0,0,4.911996387275881,2.898569348704284,7809.995131568775,6800.643139010291,1.1484200790905457,2.029206804313651,317.77999381365544,0.0,0.00980392156862745,0.0,2.645351052829245,18.96,0.9372197309417041,2279.4432243347137,75,0.21363592147827148
paper,100,3000000.0,12,12,exclude,launch,0,0.0,prior,0.0,rr_tour,12600.0,43200,1444943.275730777,0,1256521.6327996668,188421.64293111028,0,5,0.722578596924341,6,8.884528408312832,8.378121960483004,8671.083820102498,4743.035414578455,1.8281718482325848,2.0132000916647517,307.97232772483835,0.0,0.0,0.0,1.300533205080979,4.720516962843296,0.8478260869565217,1119.8531799068267,619,0.5776934623718262
ring,100,1500000.0,4,6,exclude,launch,0,0.0,prior,0.0,rr_tour,12600.0,43200,870388.7299568263,0,727645.4441206679,142743.28583615847,0,0,0.0,0,4.911996387275881,2.849408575882363,7809.995131568775,6893.66442282274,1.132923602389515,2.036362663655782,322.21427118591214,0.0,0.0,0.0,1.9865124289521228,9.037313432835822,0.905829596412556,2720.3295775341294,134,0.20563578605651855
ring,100,1500000.0,6,8,exclude,launch,0,0.0,prior,0.0,rr_tour,12600.0,43200,9518491.496406619,0,8971220.218438447,547271.2779681744,0,60,0.9506615312721628,89,4.857512498705388,2.924224673196135,7901.334104096977,6406.326412252494,1.2333642708222279,2.1352080164481886,386.60917218246925,0.0,0.0,0.0,1.3555276187560257,1.2432432432432432,0.30939226519337015,8936.844413878363,296,0.11700844764709473
ring,100,1500000.0,2,9,exclude,launch,0,0.0,prior,0.0,rr_tour,12600.0,43200,839495.0328728327,0,719114.1078481445,120380.92502468823,0,0,0.0,0,4.806060742643757,2.8301538431505877,7989.491146408152,6956.2680444544285,1.1485312376335777,2.031765769931406,319.36218120064416,0.0,0.043478260869565216,0.0,3.921092224687734,36.23529411764706,0.9325842696629213,2663.502593353683,34,0.11200785636901855
ring,100,1500000.0,5,9,exclude,launch,0,0.0,prior,0.0,rr_tour,12600.0,43200,2564233.0554791843,0,2062130.6154276647,502102.44005151954,0,4,0.1799713051875821,7,4.806060742643757,2.7727620975573735,7989.491146408152,6914.333224920724,1.1554969780184055,2.086397610731887,354.077930581186,0.0,0.0,0.0,1.5707587656099753,2.4186046511627906,0.5955056179775281,6368.432461890143,215,0.08200883865356445
ring,100,1500000.0,2,7,exclude,launch,0,0.0,prior,0.0,rr_tour,12600.0,43200,778730.5242182652,0,633473.9416242493,145256.58259401584,0,0,0.0,0,5.015469727232141,2.8698861783885685,7641.991446879142,6857.742095780522,1.1143597032587678,2.0324233249462105,319.7693765678966,0.0,0.021739130434782608,0.0,3.9329735821506615,40.794117647058826,0.8777292576419214,2347.718784195555,34,0.1965181827545166
ring,100,1500000.0,4,8,exclude,launch,0,0.0,prior,0.0,rr_tour,12600.0,43200,730365.4968419442,0,634837.7271289469,95527.7697129973,0,0,0.0,0,4.857512498705388,2.900239857047903,7901.334104096977,6776.82260252864,1.1659349178107077,2.035166557137944,321.4709403050471,0.0,0.0,0.0,1.989382075100854,10.35820895522388,0.9130434782608695,2391.174099067833,134,0.13800835609436035
paper,100,3000000.0,13,12,exclude,launch,0,0.0,prior,0.0,rr_tour,12600.0,43200,2348699.273390501,0,2037452.6371967744,311246.6361937262,0,11,0.857331779748255,17,8.884528408312832,8.537174502140033,8671.083820102498,4653.750433584627,1.8632464168095613,2.0135978493868816,308.2141800845135,0.0,0.0,0.0,1.2126704736427585,4.0125,0.8158192090395481,1141.6132536792747,720,0.6041932106018066
ring,100,1500000.0,5,10,exclude,launch,0,0.0,prior,0.0,rr_tour,12600.0,43200,3035600.0531724235,0,2405462.068625505,630137.9845469178,0,5,0.23834681126619606,11,4.810047486139929,2.727755100758411,7982.5928847049145,6991.34067646532,1.1417828502588079,2.0974622331530006,361.3270059591514,0.0,0.0,0.0,1.5759125688220745,2.1401869158878504,0.45539906103286387,7183.804877780315,214,0.07450103759765625
ring,100,1500000.0,6,9,exclude,launch,0,0.0,prior,0.0,rr_tour,12600.0,43200,9928499.657894392,0,9317943.110926528,610556.5469678643,0,62,0.9571901771292866,89,4.806060742643757,2.9068987479956916,7989.491146408152,6423.384245479769,1.2438133608510928,2.142230430925341,391.407107199567,0.0,0.0,0.0025188916876574307,1.35427552643973,1.1993243243243243,0.3502824858757062,9249.678404983075,296,0.11601114273071289
ring,100,1500000.0,3,7,exclude,launch,0,0.0,prior,0.0,rr_tour,12600.0,43200,616577.2468368005,0,531307.8137514532,85269.43308534728,0,0,0.0,0,5.015469727232141,2.9143015777660803,7641.991446879142,6763.015639639596,1.129968028180752,2.0294815530774537,317.94968043802993,0.0,0.00980392156862745,0.0,2.639620358336658,21.346666666666668,0.9078947368421053,2015.5461116946951,75,0.23051977157592773
ring,100,1500000.0,2,8,exclude,launch,0,0.0,prior,0.0,rr_tour,12600.0,43200,716336.7247895206,0,631245.6567751386,85091.0680143822,0,0,0.0,0,4.857512498705388,2.925347746601982,7901.334104096977,6729.653791752948,1.1741070712701298,2.0318412323326944,319.4088986225561,0.0,0.021739130434782608,0.0,3.93235826242307,41.529411764705884,0.9175824175824175,2304.0264517521186,34,0.19951820373535156
ring,100,1500000.0,4,7,exclude,launch,0,0.0,prior,0.0,rr_tour,12600.0,43200,714455.9384643337,0,615575.7849663857,98880.15349794802,0,0,0.0,0,5.015469727232141,2.8905533757774675,7641.991446879142,6798.760801681591,1.124027108732666,2.0353974974926583,321.6143933442178,0.0,0.0,0.0,1.9896763808003972,10.360902255639099,0.8849557522123894,2357.0154297734202,133,0.21251988410949707
ring,100,1500000.0,6,11,exclude,launch,0,0.0,prior,0.0,rr_tour,12600.0,43200,10896391.086454598,0,10141949.298040168,754441.78841443,0,62,0.9452231862887638,93,4.8192721668644065,2.899064787044379,7966.675177293168,6417.737139138062,1.2413526768974426,2.149909334665744,396.6874433854241,0.0,0.0,0.005037783375314861,1.353946885723431,1.0574324324324325,0.3173076923076923,10472.652234653684,296,0.06500387191772461
paper,100,3000000.0,14,12,exclude,launch,0,0.0,prior,0.0,rr_tour,12600.0,43200,3481332.600987936,0,3036628.2636547415,444704.3373331944,0,19,0.9135774749735686,26,8.884528408312832,8.887695889615609,8671.083820102498,4467.2370297865755,1.9410395647881624,2.014938543418358,309.0300740748537,0.0,0.0,0.000877963125548727,1.1014763966773249,3.2318501170960188,0.7900677200902935,1192.77755838764,854,0.6117002964019775
ring,100,1500000.0,6,10,exclude,launch,0,0.0,prior,0.0,rr_tour,12600.0,43200,9579648.287776545,0,8765136.897117214,814511.3906593305,0,57,0.9354003103000079,89,4.810047486139929,2.902852580790711,7982.5928847049145,6410.747807279788,1.2451890363929468,2.1494449054826417,396.36707722199964,0.0,0.0,0.0,1.3556883670977182,1.1515151515151516,0.3209302325581395,9668.25769774208,297,0.11751222610473633
ring,100,1500000.0,2,12,exclude,launch,0,0.0,prior,0.0,rr_tour,12600.0,43200,1038926.9315996484,0,857395.7738905374,181531.15770911102,0,0,0.0,0,4.795621096983025,2.8180809041402237,8007.609203841761,6979.984290235843,1.1472245310126903,2.0335370483125343,320.459649070376,0.0,0.0625,0.0,3.734634246458623,28.055555555555557,0.8679245283018868,3279.8548645476094,36,0.09301280975341797
ring,100,1500000.0,4,9,exclude,launch,0,0.0,prior,0.0,rr_tour,12600.0,43200,904991.6749150446,0,752846.9469106451,152144.72800439937,0,0,0.0,0,4.806060742643757,2.8350359747766163,7989.491146408152,6928.011612934347,1.1532156111707523,2.036539369799474,322.32415954328724,0.0,0.0,0.0,1.9767274873034355,8.62962962962963,0.9325842696629213,2826.6280346436088,135,0.19152045249938965
ring,100,1500000.0,3,8,exclude,launch,0,0.0,prior,0.0,rr_tour,12600.0,43200,624744.1971330474,0,545730.7430825386,79013.4540505088,0,0,0.0,0,4.857512498705388,2.9334918688233405,7901.334104096977,6720.0062793641255,1.1757926667956378,2.0291092174375915,317.7197344245036,0.0,0.00980392156862745,0.0,2.641085963025866,21.493333333333332,0.9337016574585635,2006.0886328126667,75,0.23502063751220703
ring,100,1500000.0,3,9,exclude,launch,0,0.0,prior,0.0,rr_tour,12600.0,43200,720239.0343162451,0,623999.259295105,96239.77502114001,0,0,0.0,0,4.806060742643757,2.872232265853781,7989.491146408152,6863.815596917097,1.1640014265529885,2.028966270729639,317.63147588977824,0.0,0.0,0.0,2.6465028359578997,19.0,0.9269662921348315,2258.4613128604274,75,0.21052050590515137
ring,100,1500000.0,6,12,exclude,launch,0,0.0,prior,0.0,rr_tour,12600.0,43200,9955048.88224459,0,9191888.844388649,763160.0378559427,0,61,0.9525869900214223,88,4.795621096983025,2.9099202611730375,8007.609203841761,6398.337688076967,1.2515140016388324,2.1483831899640977,395.6351852976349,0.0,0.0,0.002506265664160401,1.350805491594077,1.2181208053691275,0.3476190476190476,9085.901063428633,298,0.07101726531982422
ring,100,1500000.0,4,12,exclude,launch,0,0.0,prior,0.0,rr_tour,12600.0,43200,988532.443808437,0,788746.5066634815,199785.9371449554,0,0,0.0,0,4.795621096983025,2.859575663241501,8007.609203841761,6853.747471558565,1.1683548652866844,2.0409402957774594,325.06700981197935,0.0,0.0,0.0,1.9071230425591212,7.915492957746479,0.8862559241706162,2930.130609692477,142,0.11101841926574707
ring,100,1500000.0,5,11,exclude,launch,0,0.0,prior,0.0,rr_tour,12600.0,43200,2149247.426338629,0,1681682.8203044282,467564.606034201,0,2,0.11640760684226002,4,4.8192721668644065,2.79394558725775,7966.675177293168,6893.516347507521,1.155676548177574,2.076831382202301,347.8697477087153,0.0,0.0,0.0,1.5823426933947784,2.9389671361502345,0.6586538461538461,5281.019999508147,213,0.13701748847961426
ring,100,1500000.0,2,10,exclude,launch,0,0.0,prior,0.0,rr_tour,12600.0,43200,927744.8192433745,0,751571.0592607006,176173.75998267392,0,0,0.0,0,4.810047486139929,2.8922922280139667,7982.5928847049145,6806.508777530203,1.172788156985447,2.031858274212383,319.41944941816746,0.0,0.043478260869565216,0.0,3.947061455405353,35.61764705882353,0.8761467889908257,2716.096481893916,34,0.1820240020751953
ring,100,1500000.0,5,12,exclude,launch,0,0.0,prior,0.0,rr_tour,12600.0,43200,2530170.169333299,0,2034496.4831564946,495673.6861768046,0,4,0.1904736854620312,4,4.795621096983025,2.786671175977442,8007.609203841761,6875.45985500037,1.1646652547928127,2.087721266799358,354.9412662742798,0.0,0.0,0.0,1.5697035749387183,2.457547169811321,0.5857142857142857,6323.591771826379,212,0.11001753807067871
ring,100,1500000.0,4,10,exclude,launch,0,0.0,prior,0.0,rr_tour,12600.0,43200,961696.4390928999,0,792635.8873593382,169060.55173356173,0,0,0.0,0,4.810047486139929,2.8323946166894824,7982.5928847049145,6930.878093659863,1.151743368853526,2.0375954908745495,322.9813208049593,0.0,0.005494505494505495,0.0,1.973814628253572,8.272058823529411,0.9014084507042254,2923.218591941856,136,0.19660687446594238
ring,100,1500000.0,2,11,exclude,launch,0,0.0,prior,0.0,rr_tour,12600.0,43200,889154.719821763,0,754320.8339400145,134833.88588174852,0,0,0.0,0,4.8192721668644065,2.864157138750472,7966.675177293168,6878.57204973686,1.1581873562839156,2.0303217136857583,318.46885010770745,0.0,0.021739130434782608,0.0,3.9314938033842366,37.35294117647059,0.8995215311004785,2588.687295636248,34,0.18061375617980957
ring,100,1500000.0,3,10,exclude,launch,0,0.0,prior,0.0,rr_tour,12600.0,43200,778095.3890487136,0,640384.0417759006,137711.34727281297,0,0,0.0,0,4.810047486139929,2.881915943781699,7982.5928847049145,6838.797550504367,1.1672509422531732,2.029546163790573,317.98959101276546,0.0,0.0,0.0,2.644468545662885,18.413333333333334,0.9065420560747663,2343.106655250261,75,0.2131185531616211
ring,100,1500000.0,3,12,exclude,launch,0,0.0,prior,0.0,rr_tour,12600.0,43200,900247.2164234831,0,752691.273763786,147555.9426596971,0,0,0.0,0,4.795621096983025,2.9191751246645117,8007.609203841761,6748.411507317587,1.186591717941144,2.0304779818054532,318.5654612957522,0.0,0.02857142857142857,0.0,2.572891962457323,15.064102564102564,0.8720379146919431,2766.6912797962364,78,0.17011427879333496
ring,100,1500000.0,4,11,exclude,launch,0,0.0,prior,0.0,rr_tour,12600.0,43200,892925.3191664587,0,759047.9330912916,133877.386075167,0,0,0.0,0,4.8192721668644065,2.876073884299886,7966.675177293168,6837.230134866667,1.1651904382546467,2.0341349165024116,320.83050765883513,0.0,0.0,0.0,1.981417821792675,9.294117647058824,0.8995215311004785,2614.5191906674036,136,0.20211386680603027
ring,100,1500000.0,3,11,exclude,launch,0,0.0,prior,0.0,rr_tour,12600.0,43200,736109.0065274526,0,630390.2666029198,105718.73992453281,0,0,0.0,0,4.8192721668644065,2.9246410001423704,7966.675177293168,6745.494088290648,1.1810365664870037,2.027559750182178,316.7637120583377,0.0,0.019417475728155338,0.0,2.6290429471732555,19.710526315789473,0.9043062200956937,2190.858698933218,76,0.21761345863342285
ring,100,3000000.0,11,1,exclude,launch,0,0.0,prior,0.0,rr_tour,12600.0,43200,3544202.3050584993,0,3309620.194828066,234582.1102304337,0,19,0.830942746488257,27,9.71517486971632,5.775513997242549,7901.207071016175,6685.51111071623,1.1818403918813778,2.071880635506181,344.6784290319406,0.0,0.0,0.0,1.4490032088461187,2.268627450980392,0.7595628415300546,2852.349520988107,510,0.18460917472839355
ring,100,3000000.0,12,1,exclude,launch,0,0.0,prior,0.0,rr_tour,12600.0,43200,9344790.790837249,0,8834094.047163201,510696.7436740475,0,53,0.9714619818061775,92,9.71517486971632,5.849885418009835,7901.207071016175,6455.880430829337,1.2238775416726806,2.118298453450784,375.17742929712455,0.0,0.0,0.0012626262626262627,1.3564559636951368,1.2588832487309645,0.45054945054945056,4402.596065582045,591,0.2301192283630371
ring,100,3000000.0,6,2,exclude,launch,0,0.0,prior,0.0,rr_tour,12600.0,43200,388622.29351682926,0,353020.95318120514,35601.34033562415,0,0,0.0,0,9.778474660025086,5.828736999777747,7847.90175510476,6807.017511472643,1.1529134076528813,2.016316292183568,309.8696417273264,0.0,0.013953488372093023,0.0,2.5477120995477995,16.54320987654321,0.954954954954955,1250.0703493072876,162,0.2491164207458496
ring,100,3000000.0,8,1,exclude,launch,0,0.0,prior,0.0,rr_tour,12600.0,43200,325532.0716616388,0,304493.4551209572,21038.61654068156,0,0,0.0,0,9.71517486971632,5.865931789931598,7901.207071016175,6758.291126951548,1.1691131563579387,2.0179763977428804,310.8827839084713,0.0,0.002770083102493075,0.0,1.9891845565594457,11.104477611940299,0.9617486338797814,1113.7842799322812,268,0.30913758277893066
ring,100,3000000.0,4,1,exclude,launch,0,0.0,prior,0.0,rr_tour,12600.0,43200,515447.56572231813,0,467902.32600380084,47545.23971851727,0,0,0.0,0,9.71517486971632,5.895014358485328,7901.207071016175,6726.188630051719,1.1746930551002732,2.017604682694341,310.65578707243515,0.0,0.09900990099009901,0.0297029702970297,3.590131165439695,29.094594594594593,0.9308510638297872,1574.5595740928002,74,0.3236379623413086
ring,100,3000000.0,10,1,exclude,launch,0,0.0,prior,0.0,rr_tour,12600.0,43200,812831.720009895,0,735335.537729544,77496.18228035103,0,0,0.0,7,9.71517486971632,5.623147474003191,7901.207071016175,6965.178238623294,1.1343869173659356,2.042576255121986,326.0895743232553,0.0,0.0,0.0,1.601469484472018,3.2840095465393793,0.9340659340659341,2372.24832010058,419,0.2876284122467041
ring,100,3000000.0,11,2,exclude,launch,0,0.0,prior,0.0,rr_tour,12600.0,43200,3700032.563368009,0,3378731.1378853004,321301.4254827087,0,20,0.7916469638588687,30,9.778474660025086,5.690033878452948,7847.90175510476,6718.134611895548,1.1681667915984857,2.0927937671355203,358.2594652470725,0.0,0.0,0.001466275659824047,1.4423047474196071,1.81335952848723,0.7058823529411765,3582.812941584289,509,0.23903465270996094
ring,100,3000000.0,4,2,exclude,launch,0,0.0,prior,0.0,rr_tour,12600.0,43200,560304.459279846,0,482765.4510297206,77539.00825012544,0,0,0.0,0,9.778474660025086,5.870916543731894,7847.90175510476,6753.649759736992,1.1620237996188867,2.017648670269271,310.6826448302447,0.0,0.05,0.0,3.7073335736778663,29.013513513513512,0.933920704845815,1560.9704454447553,74,0.2961277961730957
ring,100,3000000.0,7,2,exclude,launch,0,0.0,prior,0.0,rr_tour,12600.0,43200,322632.6105435712,0,298240.751536975,24391.85900659623,0,0,0.0,0,9.778474660025086,5.9002638750406184,7847.90175510476,6718.834116023529,1.1680451726570469,2.0180161307537072,310.9070527424247,0.0,0.0,0.0,2.136286962256111,14.179723502304148,0.9318181818181818,1036.981947484845,217,0.29912328720092773
ring,100,3000000.0,5,1,exclude,launch,0,0.0,prior,0.0,rr_tour,12600.0,43200,418536.188439932,0,381816.8396346612,36719.34880527076,0,0,0.0,0,9.71517486971632,5.873825113270855,7901.207071016175,6754.4071890146415,1.1697854230444809,2.016423437596243,309.93498134848903,0.0,0.05194805194805195,0.01948051948051948,2.9356015506213797,22.649122807017545,0.946524064171123,1263.5499043632663,114,0.37413835525512695
ring,100,3000000.0,10,2,exclude,launch,0,0.0,prior,0.0,rr_tour,12600.0,43200,749795.080946568,0,642242.7244045581,107552.35654201005,0,0,0.0,2,9.778474660025086,5.606601270805784,7847.90175510476,6960.986261706502,1.12741233211123,2.0498379971281353,330.64794606420446,0.0,0.0,0.0,1.581171811413693,3.364705882352941,0.9049773755656109,2296.528139681244,425,0.28362298011779785
ring,100,3000000.0,12,2,exclude,launch,0,0.0,prior,0.0,rr_tour,12600.0,43200,10426028.687578889,0,9673070.065694794,752958.6218840933,0,62,0.9869183996920619,84,9.778474660025086,6.001085576952986,7847.90175510476,6435.106141839195,1.2195450365736749,2.0715930837293914,344.4935211289999,0.0,0.0,0.0,1.3596125540307247,1.7297297297297298,0.35909090909090907,3205.46431576057,592,0.266528844833374
ring,100,3000000.0,9,1,exclude,launch,0,0.0,prior,0.0,rr_tour,12600.0,43200,440008.8530900288,0,398849.79477362207,41159.058316406765,0,0,0.0,0,9.71517486971632,5.743352382356928,7901.207071016175,6881.992424865739,1.1480987747774687,2.023999186363482,314.57230010192166,0.0,0.0,0.0,1.7770083451429082,6.665680473372781,0.9508196721311475,1449.657262903715,338,0.38713526725769043
ring,100,3000000.0,4,3,exclude,launch,0,0.0,prior,0.0,rr_tour,12600.0,43200,481737.4747544176,0,430017.0378402659,51720.43691415176,0,0,0.0,0,9.654329207717716,5.872886449109672,7953.104624059671,6756.852907135133,1.1770427347413932,2.0160157392386577,309.68639471420283,0.0,0.07,0.02,3.6553675286873983,30.445945945945947,0.9575471698113207,1513.0937826228496,74,0.3250405788421631
ring,100,3000000.0,5,2,exclude,launch,0,0.0,prior,0.0,rr_tour,12600.0,43200,464469.80035530997,0,402227.11795623606,62242.68239907387,0,0,0.0,0,9.778474660025086,5.870729252584981,7847.90175510476,6759.521242320425,1.161014437822924,2.0159604043459987,309.6526629596655,0.0,0.02027027027027027,0.0,3.0905701580909226,23.192660550458715,0.9506726457399103,1328.7162546286113,109,0.388141393661499
ring,100,3000000.0,6,1,exclude,launch,0,0.0,prior,0.0,rr_tour,12600.0,43200,355090.2872536372,0,324521.50189400924,30568.78535962795,0,0,0.0,0,9.71517486971632,5.926198047027529,7901.207071016175,6697.8579254378055,1.1796617902282114,2.0154772246380523,309.35819812758035,0.0,0.004739336492890996,0.009478672985781991,2.565309084941535,18.75,0.946236559139785,1132.1023619599557,156,0.44265222549438477
ring,100,3000000.0,7,1,exclude,launch,0,0.0,prior,0.0,rr_tour,12600.0,43200,319375.6796403708,0,300648.9162813712,18726.76335899963,0,0,0.0,0,9.71517486971632,5.783763577680336,7901.207071016175,6859.2943647536185,1.151897943266061,2.016508300704235,309.98673762018313,0.0,0.0,0.0,2.2463008587719817,14.265700483091788,0.978021978021978,1101.0655119984183,207,0.4501514434814453
ring,100,3000000.0,11,3,exclude,launch,0,0.0,prior,0.0,rr_tour,12600.0,43200,3520829.0987053234,0,3277279.0315939565,243550.06711136666,0,21,0.8398570577464229,32,9.654329207717716,5.757297545971567,7953.104624059671,6724.200149110056,1.1827584616308988,2.0664774952380673,341.2122743547788,0.0,0.0,0.0,1.4546400795740968,2.2578740157480315,0.7355769230769231,2874.273914860293,508,0.17251896858215332
ring,100,3000000.0,10,3,exclude,launch,0,0.0,prior,0.0,rr_tour,12600.0,43200,861554.6081026259,0,766498.633694044,95055.97440858206,0,1,0.24389045397509274,5,9.654329207717716,5.62167677302222,7953.104624059671,6974.721217308566,1.1402756291281053,2.0403151863106848,324.67670606059045,0.0,0.0,0.0,1.5991698478033953,3.5829383886255926,0.9278846153846154,2186.0815192336495,422,0.19502758979797363
ring,100,3000000.0,5,3,exclude,launch,0,0.0,prior,0.0,rr_tour,12600.0,43200,407349.4472183581,0,365770.3046486108,41579.14256974732,0,0,0.0,0,9.654329207717716,5.918098129699677,7953.104624059671,6709.885350136597,1.1852817461177285,2.014618071692578,308.8349494215497,0.0,0.04666666666666667,0.02,3.0018353113558405,23.545454545454547,0.9481132075471698,1273.1150369316977,110,0.3800482749938965
ring,100,3000000.0,9,2,exclude,launch,0,0.0,prior,0.0,rr_tour,12600.0,43200,437578.4706308128,0,395426.1288308957,42152.34179991707,0,0,0.0,0,9.778474660025086,5.75385095908331,7847.90175510476,6858.056881562407,1.1443331384730138,2.0273573031156125,316.6389084794954,0.0,0.0,0.0,1.7283865068278126,6.625,0.9457013574660633,1418.9961709275658,352,0.43665194511413574
ring,100,3000000.0,8,3,exclude,launch,0,0.0,prior,0.0,rr_tour,12600.0,43200,322967.56574640184,0,300882.5511718772,22085.01457452466,0,0,0.0,0,9.654329207717716,5.851162658185426,7953.104624059671,6779.166999404431,1.1731684180015587,2.016840171702755,310.18918043654645,0.0,0.0,0.0,1.9807598466950103,11.074074074074074,0.9569377990430622,1112.765067476729,270,0.29504847526550293
ring,100,3000000.0,12,3,exclude,launch,0,0.0,prior,0.0,rr_tour,12600.0,43200,9299198.658600647,0,8779705.928909723,519492.7296909248,0,60,0.9787535985084767,91,9.654329207717716,5.8471359782245695,7953.104624059671,6459.251607798384,1.2312733900097232,2.118188429065106,375.1036088685271,0.0,0.0,0.0,1.3538018281024906,1.372681281618887,0.40865384615384615,4050.6121990902866,593,0.24303221702575684
ring,100,3000000.0,8,2,exclude,launch,0,0.0,prior,0.0,rr_tour,12600.0,43200,363146.09417557897,0,332161.8823713322,30984.21180424677,0,0,0.0,0,9.778474660025086,5.915741159815141,7847.90175510476,6696.181729519867,1.1719965305761608,2.0195452665841955,311.8417651842715,0.0,0.0,0.0,1.9238623304208768,9.946043165467627,0.9321266968325792,1186.6311601982895,278,0.48415589332580566
ring,100,3000000.0,6,3,exclude,launch,0,0.0,prior,0.0,rr_tour,12600.0,43200,335396.594375129,0,312999.77472741343,22396.81964771551,0,0,0.0,0,9.654329207717716,5.976046376347078,7953.104624059671,6645.49925132389,1.1967655586561512,2.014412531445089,308.70983518585024,0.0,0.023255813953488372,0.013953488372093023,2.526285951345574,18.58125,0.9471153846153846,1102.4930236380612,160,0.4295666217803955
ring,100,3000000.0,7,3,exclude,launch,0,0.0,prior,0.0,rr_tour,12600.0,43200,316673.9744588691,0,291698.7890935892,24975.185365279838,0,0,0.0,0,9.654329207717716,5.756513547678633,7953.104624059671,6894.757796730595,1.1535002183587841,2.0156329130265336,309.45306420682874,0.0,0.0034965034965034965,0.0034965034965034965,2.2256012086905472,14.274418604651164,0.95260663507109,1083.0534349833047,215,0.4380662441253662
ring,100,3000000.0,7,4,exclude,launch,0,0.0,prior,0.0,rr_tour,12600.0,43200,325044.37809639674,0,298459.5042787438,26584.87381765289,0,0,0.0,0,9.606273130709676,5.747531871613332,7994.558130032741,6905.758102609716,1.1576655323347573,2.0155669901633777,309.41289345285065,0.0,0.0035587188612099642,0.0,2.2805656295592933,14.246445497630331,0.9483568075117371,1108.7843593526106,211,0.2745494842529297
ring,100,3000000.0,4,4,exclude,launch,0,0.0,prior,0.0,rr_tour,12600.0,43200,530175.4220097791,0,453025.4513976594,77149.97061211967,0,0,0.0,0,9.606273130709676,5.858436159740501,7994.558130032741,6771.406711458381,1.180634758875815,2.016644682879816,310.0699233683405,0.0,0.04,0.01,3.649345020090441,29.14666666666667,0.9074074074074074,1551.0271553295888,75,0.3215491771697998
ring,100,3000000.0,10,4,exclude,launch,0,0.0,prior,0.0,rr_tour,12600.0,43200,1155212.4922046016,0,969562.6443654236,185649.84783917808,0,2,0.3089429748355934,9,9.606273130709676,5.5254899224195,7994.558130032741,7065.450050315243,1.1315001978785546,2.0491764935166046,330.23139436433945,0.0,0.0,0.0017730496453900709,1.5947859700707077,3.075829383886256,0.8809523809523809,2546.8002373277827,422,0.27304863929748535
ring,100,3000000.0,9,3,exclude,launch,0,0.0,prior,0.0,rr_tour,12600.0,43200,428569.80388816225,0,380690.7027430781,47879.10114508417,0,0,0.0,0,9.654329207717716,5.736178115783954,7953.104624059671,6897.939118469957,1.1529682253594262,2.0218456676199157,313.2505705300773,0.0,0.0,0.0,1.7839850412769584,7.080597014925373,0.9425837320574163,1384.4468812981029,335,0.3815586566925049
ring,100,3000000.0,11,4,exclude,launch,0,0.0,prior,0.0,rr_tour,12600.0,43200,4646036.408969912,0,4313358.625961865,332677.7830080467,0,26,0.8891167761366027,38,9.606273130709676,5.7618794354286536,7994.558130032741,6738.79490743897,1.1863483367341439,2.060362236887394,337.31042202505154,0.0,0.0,0.0,1.4616624448228006,2.1692913385826773,0.7,3001.451541287949,508,0.26604533195495605
ring,100,3000000.0,12,4,exclude,launch,0,0.0,prior,0.0,rr_tour,12600.0,43200,8859311.627823498,0,8319372.766695674,539938.8611278237,0,59,0.9714741095946695,86,9.606273130709676,5.912127258315141,7994.558130032741,6442.597340905715,1.2408905456923758,2.100318822033577,363.2104530364073,0.0,0.0,0.001256281407035176,1.3537656511518172,1.3768844221105527,0.40476190476190477,4012.332051455609,597,0.24803614616394043
ring,100,3000000.0,11,5,exclude,launch,0,0.0,prior,0.0,rr_tour,12600.0,43200,3380823.6171104354,0,3113287.902613397,267535.71449703834,0,18,0.8443168338394557,26,9.592856903259294,5.812179431357845,8006.205221945124,6675.384061104715,1.1993624859121843,2.061933793141322,338.311014304655,0.0,0.0,0.0,1.4526398982859627,2.4086444007858545,0.7488789237668162,2691.0070022429395,509,0.1845226287841797
ring,100,3000000.0,5,4,exclude,launch,0,0.0,prior,0.0,rr_tour,12600.0,43200,419358.41263471765,0,372729.0114962223,46629.40113849532,0,0,0.0,0,9.606273130709676,5.832183434706752,7994.558130032741,6806.101008483345,1.1746164389961395,2.015396137281513,309.30879468186504,0.0,0.019736842105263157,0.006578947368421052,2.9860406622061064,22.660714285714285,0.9212962962962963,1320.9042768216182,112,0.3831772804260254
ring,100,3000000.0,4,5,exclude,launch,0,0.0,prior,0.0,rr_tour,12600.0,43200,503123.02445623174,0,440081.3308847855,63041.6935714462,0,0,0.0,0,9.592856903259294,6.005308879639785,8006.205221945124,6606.381295445275,1.2118896660513598,2.016466452151774,309.9612145050044,0.0,0.1,0.02,3.6332887618523992,29.410958904109588,0.9074889867841409,1577.6174617496156,73,0.31716442108154297
ring,100,3000000.0,9,4,exclude,launch,0,0.0,prior,0.0,rr_tour,12600.0,43200,428975.1166750196,0,387523.6867226204,41451.42995239926,0,0,0.0,0,9.606273130709676,5.778625101894171,7994.558130032741,6844.421116121803,1.1680400715265502,2.0226872863886736,313.76678572230867,0.0,0.0,0.0,1.7704613705220833,6.657894736842105,0.9383886255924171,1445.6258950075494,342,0.3871772289276123
ring,100,3000000.0,7,5,exclude,launch,0,0.0,prior,0.0,rr_tour,12600.0,43200,300042.85979585344,0,277795.08567554416,22247.77412030924,0,0,0.0,0,9.592856903259294,5.869535392248816,8006.205221945124,6761.395589152221,1.1841054285878552,2.0158114854817923,309.5618922110176,0.0,0.003484320557491289,0.0,2.2001434629865027,14.269767441860465,0.9596412556053812,1072.3018128960857,215,0.2891581058502197
ring,100,3000000.0,6,4,exclude,launch,0,0.0,prior,0.0,rr_tour,12600.0,43200,350506.62725485716,0,316355.6773065416,34150.949948315574,0,0,0.0,0,9.606273130709676,6.007219274098737,7994.558130032741,6609.482318101638,1.209558895125227,2.0148794021682086,308.9940602835903,0.0,0.013953488372093023,0.013953488372093023,2.5303679357576727,18.5125,0.9532710280373832,1128.9672638097156,160,0.43367743492126465
ring,100,3000000.0,12,5,exclude,launch,0,0.0,prior,0.0,rr_tour,12600.0,43200,8692524.184914058,0,8110661.744848083,581862.4400659748,0,52,0.9693135109293202,89,9.592856903259294,5.860158374181139,8006.205221945124,6452.661286867814,1.2407601865355955,2.1156399780329522,373.3957681756098,0.0,0.0,0.0012626262626262627,1.357142042674441,1.2972972972972974,0.4349775784753363,4271.528926287745,592,0.24014782905578613
ring,100,3000000.0,8,5,exclude,launch,0,0.0,prior,0.0,rr_tour,12600.0,43200,318157.49527739926,0,292099.8526772908,26057.64260010843,0,0,0.0,0,9.592856903259294,5.864397975222812,8006.205221945124,6764.55536152666,1.1835523244410617,2.016634981711342,310.06400581176615,0.0,0.002785515320334262,0.0,2.0112967370863855,10.98134328358209,0.9330357142857143,1131.2272029712074,268,0.3066589832305908
ring,100,3000000.0,8,4,exclude,launch,0,0.0,prior,0.0,rr_tour,12600.0,43200,363313.7259762419,0,330792.1897165046,32521.536259737306,0,0,0.0,0,9.606273130709676,5.715658149298371,7994.558130032741,6934.54724612321,1.1528594220051114,2.0183925272747936,311.1370018827423,0.0,0.0027548209366391185,0.0,1.9846652900707353,9.988888888888889,0.9333333333333333,1229.8121361945905,270,0.4421870708465576
ring,100,3000000.0,5,5,exclude,launch,0,0.0,prior,0.0,rr_tour,12600.0,43200,392259.13275406027,0,356116.95891222265,36142.173841837604,0,0,0.0,0,9.592856903259294,5.776976962613283,8006.205221945124,6871.968886266609,1.1650526005647737,2.0151536560539105,309.16108361988654,0.0,0.040268456375838924,0.006711409395973154,3.033696979610429,23.220183486238533,0.9508928571428571,1260.4815707268876,109,0.38617610931396484
ring,100,3000000.0,10,5,exclude,launch,0,0.0,prior,0.0,rr_tour,12600.0,43200,797767.7572323707,0,714522.3801741595,83245.37705821107,0,2,0.26385925097513857,4,9.592856903259294,5.69223799208982,8006.205221945124,6897.924126200624,1.160668786067808,2.037457340174384,322.8953198045123,0.0,0.0,0.0,1.5982433488062973,3.783333333333333,0.9282511210762332,2079.6560121592443,420,0.33165740966796875
ring,100,3000000.0,6,5,exclude,launch,0,0.0,prior,0.0,rr_tour,12600.0,43200,335189.2595857318,0,307025.4896304444,28163.769955287367,0,0,0.0,0,9.592856903259294,6.060910863311498,8006.205221945124,6550.481016175759,1.2222316501909707,2.0150178499103495,309.0783706909885,0.0,0.027777777777777776,0.023148148148148147,2.4799744611985064,18.30246913580247,0.9419642857142857,1115.042991726019,162,0.43317317962646484
ring,100,3000000.0,4,6,exclude,launch,0,0.0,prior,0.0,rr_tour,12600.0,43200,511169.38611174934,0,449580.1997608454,61589.1863509039,0,0,0.0,0,9.823992774551762,5.844614179041321,7809.995131568775,6785.357499508222,1.1510071697968478,2.017257809429865,310.4440352538144,0.0,0.0392156862745098,0.00980392156862745,3.5922984336585078,29.826666666666668,0.9553571428571429,1497.410637020152,75,0.3346555233001709
ring,100,3000000.0,11,6,exclude,launch,0,0.0,prior,0.0,rr_tour,12600.0,43200,4035814.426607846,0,3711548.804050799,324265.62255704723,0,20,0.8128070852356395,34,9.823992774551762,5.689129174811261,7809.995131568775,6777.903050922794,1.1522730662996816,2.0746691050228687,346.4741055871961,0.0,0.0,0.0014749262536873156,1.462304665140924,1.816205533596838,0.8026905829596412,3588.820603372453,506,0.23614168167114258
ring,100,3000000.0,9,5,exclude,launch,0,0.0,prior,0.0,rr_tour,12600.0,43200,420716.3023254227,0,375110.2882707086,45606.014054714055,0,0,0.0,0,9.592856903259294,5.754420449405547,8006.205221945124,6870.80097394908,1.165250638506482,2.023396655500398,314.20221434681997,0.0,0.0,0.0,1.7615618530258188,6.631578947368421,0.9372197309417041,1446.842970766319,342,0.4086742401123047
ring,100,3000000.0,12,6,exclude,launch,0,0.0,prior,0.0,rr_tour,12600.0,43200,10155660.996309498,0,9412206.974374332,743454.0219351674,0,64,0.9836692320208915,91,9.823992774551762,5.911335649823958,7809.995131568775,6453.5985646133795,1.2101767801909529,2.0970192639011502,361.0353796110663,0.0,0.0,0.0,1.3550902665174862,1.3338954468802697,0.336322869955157,4174.052702572503,593,0.24664688110351562
ring,100,3000000.0,7,6,exclude,launch,0,0.0,prior,0.0,rr_tour,12600.0,43200,314792.5777282282,0,291647.3099096998,23145.26781852839,0,0,0.0,0,9.823992774551762,5.835838724491625,7809.995131568775,6797.753612984287,1.148908238840993,2.0166070731216337,310.04698233628056,0.0,0.0,0.0,2.1874020791487325,14.258215962441314,0.954954954954955,1077.5358767947425,213,0.29164624214172363
ring,100,3000000.0,5,7,exclude,launch,0,0.0,prior,0.0,rr_tour,12600.0,43200,387462.0309652015,0,353900.8900093802,33561.14095582132,0,0,0.0,0,10.030939454464281,5.941666816039232,7641.991446879142,6680.249563105761,1.143967957287849,2.015528785031635,309.3896139683485,0.0,0.05263157894736842,0.02631578947368421,3.0122985509194384,23.767857142857142,0.9313304721030042,1265.760122292799,112,0.24514317512512207
ring,100,3000000.0,5,6,exclude,launch,0,0.0,prior,0.0,rr_tour,12600.0,43200,427936.959946561,0,379993.9745023247,47942.985444236314,0,0,0.0,0,9.823992774551762,5.746219339534719,7809.995131568775,6907.944831196936,1.1305815727274042,2.015389200280471,309.3045684138647,0.0,0.047619047619047616,0.006802721088435374,3.0891643329475387,23.559633027522935,0.9642857142857143,1317.4359338410404,109,0.384657621383667
ring,100,3000000.0,10,6,exclude,launch,0,0.0,prior,0.0,rr_tour,12600.0,43200,726223.7055833183,0,619976.069116706,106247.63646661224,0,0,0.0,5,9.823992774551762,5.591836002512492,7809.995131568775,7003.288374634241,1.1151897100020054,2.0428362293563587,326.2522203774564,0.0,0.0,0.0,1.6073215797814886,3.467780429594272,0.9192825112107623,2271.1017184907223,419,0.31114697456359863
ring,100,3000000.0,12,7,exclude,launch,0,0.0,prior,0.0,rr_tour,12600.0,43200,9053593.561544543,0,8516448.29941499,537145.2621295517,0,59,0.979841104765025,90,10.030939454464281,5.921151749636337,7641.991446879142,6444.027130026307,1.1859030529637056,2.0966523987418224,360.7939450998581,0.0,0.0,0.0012610340479192938,1.3565773661758533,1.4165261382799326,0.3684210526315789,3933.2614312719343,593,0.1635148525238037
ring,100,3000000.0,6,6,exclude,launch,0,0.0,prior,0.0,rr_tour,12600.0,43200,367999.20107499626,0,326472.41285647603,41526.788218520276,0,0,0.0,0,9.823992774551762,5.947364389787047,7809.995131568775,6674.058736375117,1.1702017378124872,2.015465713231803,309.3511844248122,0.0,0.009259259259259259,0.009259259259259259,2.5127940420362593,18.166666666666668,0.968609865470852,1121.2886029871183,162,0.44216394424438477
ring,100,3000000.0,11,7,exclude,launch,0,0.0,prior,0.0,rr_tour,12600.0,43200,2920161.5451030857,0,2648368.257884678,271793.28721840814,0,16,0.7257482725116386,32,10.030939454464281,5.688793622202911,7641.991446879142,6735.549240153743,1.134575841465411,2.0878379764637787,355.0174389110426,0.0,0.0,0.0,1.4509778545899794,1.8271119842829076,0.7192982456140351,3555.60267254637,509,0.2455296516418457
ring,100,3000000.0,9,7,exclude,launch,0,0.0,prior,0.0,rr_tour,12600.0,43200,370385.13814776385,0,342069.76904212957,28315.369105634283,0,0,0.0,0,10.030939454464281,5.7841275535856855,7641.991446879142,6837.961211855294,1.1175833278536098,2.022672139298993,313.75749134951377,0.0,0.0,0.0,1.7848229082762581,7.554896142433234,0.9432314410480349,1291.6972526587765,337,0.27553439140319824
ring,100,3000000.0,9,6,exclude,launch,0,0.0,prior,0.0,rr_tour,12600.0,43200,437582.12116852845,0,394476.11610393453,43106.00506459386,0,0,0.0,0,9.823992774551762,5.806069276411582,7809.995131568775,6812.30411055039,1.1464542693379227,2.0226174341383425,313.72392498110605,0.0,0.0,0.0,1.7709835283385393,6.639296187683285,0.9506726457399103,1454.7144711090448,341,0.42116570472717285
ring,100,3000000.0,12,8,exclude,launch,0,0.0,prior,0.0,rr_tour,12600.0,43200,8535548.343422402,0,8021819.977670857,513728.36575154465,0,56,0.9771820411423019,89,9.715024997410776,5.9538107709180945,7901.334104096977,6422.932118257959,1.230175558237099,2.091999745917124,357.7390335249192,0.0,0.0,0.0,1.3544680556323987,1.6294416243654823,0.38333333333333336,3397.7505657168313,591,0.16151905059814453
ring,100,3000000.0,10,7,exclude,launch,0,0.0,prior,0.0,rr_tour,12600.0,43200,553062.1148203695,0,488124.858281857,64937.25653851257,0,0,0.0,0,10.030939454464281,5.717809979863584,7641.991446879142,6866.7699347325015,1.1128946388935397,2.0375476394730803,322.95153125284827,0.0,0.0,0.0,1.6022144547736437,4.1761904761904765,0.9170305676855895,1880.9519665798432,420,0.3450455665588379
ring,100,3000000.0,8,6,exclude,launch,0,0.0,prior,0.0,rr_tour,12600.0,43200,346868.45977977355,0,317280.3935871662,29588.066192607297,0,0,0.0,0,9.823992774551762,5.787547731469652,7809.995131568775,6850.1526111733565,1.1401198739470138,2.01787915568152,310.82339267127696,0.0,0.0,0.0,1.9985158314590927,10.696296296296296,0.9551569506726457,1151.9990410348503,270,0.47617363929748535
ring,100,3000000.0,4,8,exclude,launch,0,0.0,prior,0.0,rr_tour,12600.0,43200,476780.9349513472,0,431341.0160801122,45439.918871234935,0,0,0.0,0,9.715024997410776,5.95573184540177,7901.334104096977,6659.287362735586,1.1865134621328561,2.0170984486579058,310.3467762786956,0.0,0.1,0.02,3.5575420788747145,29.91891891891892,0.9239130434782609,1478.1307690489466,74,0.32053637504577637
ring,100,3000000.0,4,9,exclude,launch,0,0.0,prior,0.0,rr_tour,12600.0,43200,510197.00085268565,0,450889.5334812918,59307.46737139387,0,0,0.0,0,9.612121485287513,5.811802782721027,7989.491146408152,6826.778643828033,1.170316420561154,2.016337824892495,309.8827722921624,0.0,0.07142857142857142,0.0,3.7195580146262905,29.59722222222222,0.9340659340659341,1565.6508035715221,72,0.1895287036895752
ring,100,3000000.0,6,7,exclude,launch,0,0.0,prior,0.0,rr_tour,12600.0,43200,339398.8673835715,0,309701.08567728725,29697.78170628427,0,0,0.0,0,10.030939454464281,6.047129256891737,7641.991446879142,6564.099146906236,1.1642102405599608,2.0154201815325745,309.323443519094,0.0,0.013953488372093023,0.018604651162790697,2.5195408217508497,18.757763975155278,0.9353448275862069,1102.9989680382348,161,0.45864391326904297
ring,100,3000000.0,11,8,exclude,launch,0,0.0,prior,0.0,rr_tour,12600.0,43200,2166960.8358009434,0,2005679.8151200316,161281.0206809117,0,9,0.6249140244306675,23,9.715024997410776,5.684511318159132,7901.334104096977,6746.238262456303,1.1712207302355349,2.086100254248163,353.88412868337747,0.0,0.0,0.0,1.4575403137649139,2.007889546351085,0.861878453038674,3246.467946922337,507,0.2551250457763672
ring,100,3000000.0,5,8,exclude,launch,0,0.0,prior,0.0,rr_tour,12600.0,43200,389178.2709601027,0,356417.7188940611,32760.552066041546,0,0,0.0,0,9.715024997410776,5.851861107156488,7901.334104096977,6781.765977892191,1.165085042724042,2.0158266296181364,309.5711224324027,0.0,0.0392156862745098,0.006535947712418301,2.964771186794684,23.690265486725664,0.9565217391304348,1211.9377817760026,113,0.3951406478881836
ring,100,3000000.0,12,9,exclude,launch,0,0.0,prior,0.0,rr_tour,12600.0,43200,8435873.844742758,0,7944290.5900924085,491583.2546503498,0,53,0.962384227805582,89,9.612121485287513,5.82198173548354,7989.491146408152,6455.956157614197,1.2375380116212986,2.1284261002560134,382.00363912169854,0.0,0.0,0.0,1.3544238617690996,1.1993243243243243,0.47191011235955055,4640.116766927115,592,0.13911128044128418
ring,100,3000000.0,7,9,exclude,launch,0,0.0,prior,0.0,rr_tour,12600.0,43200,320694.0240194037,0,296058.4902664248,24635.533752978918,0,0,0.0,0,9.612121485287513,5.711978512244649,7989.491146408152,6947.0350757891765,1.1500576950089105,2.016062215814482,309.71472792175047,0.0,0.0,0.0,2.250723922626908,14.285714285714286,0.9774011299435028,1089.3853512965106,210,0.27313709259033203
ring,100,3000000.0,10,8,exclude,launch,0,0.0,prior,0.0,rr_tour,12600.0,43200,556856.9223158533,0,503788.7802003322,53068.14211552099,0,0,0.0,3,9.715024997410776,5.681935430354894,7901.334104096977,6897.176874286111,1.1455896010952744,2.041372827081381,325.3372094950405,0.0,0.0017699115044247787,0.0,1.5906095601717734,4.134117647058823,0.9447513812154696,1881.5385857731887,425,0.3326377868652344
ring,100,3000000.0,10,9,exclude,launch,0,0.0,prior,0.0,rr_tour,12600.0,43200,762183.1720332635,0,670707.630053184,91475.54198007943,0,1,0.1214304911485128,7,9.612121485287513,5.613423740268915,7989.491146408152,6983.227936191671,1.1440971452473097,2.040825828827697,324.99552178645877,0.0,0.0,0.0,1.605748334839878,3.5690476190476192,0.9438202247191011,2210.141381468496,420,0.19261837005615234
ring,100,3000000.0,7,7,exclude,launch,0,0.0,prior,0.0,rr_tour,12600.0,43200,298121.357374884,0,273723.56980796857,24397.78756691543,0,0,0.0,0,10.030939454464281,5.956846253549415,7641.991446879142,6661.180575389318,1.1472427988386278,2.0161479054590528,309.7669697306458,0.0,0.0,0.013937282229965157,2.2031770697990476,15.380281690140846,0.9434782608695652,1013.9268264235855,213,0.515662670135498
ring,100,3000000.0,8,7,exclude,launch,0,0.0,prior,0.0,rr_tour,12600.0,43200,269961.0261009519,0,250986.06846628897,18974.95763466292,0,0,0.0,0,10.030939454464281,5.9373789015300735,7641.991446879142,6679.382971263584,1.1441163771798901,2.0172460655503768,310.4368673633165,0.0,0.0027624309392265192,0.0,1.9882355765996524,12.541044776119403,0.948051948051948,989.4718063946401,268,0.5216617584228516
ring,100,3000000.0,6,8,exclude,launch,0,0.0,prior,0.0,rr_tour,12600.0,43200,332886.20227529015,0,309401.8647248233,23484.337550466866,0,0,0.0,0,9.715024997410776,5.816408761165512,7901.334104096977,6822.252899738182,1.1581708007922438,2.016077637677114,309.7241297362513,0.0,0.027649769585253458,0.004608294930875576,2.4954389632267495,18.782608695652176,0.9459459459459459,1099.6276504584785,161,0.4671611785888672
ring,100,3000000.0,5,9,exclude,launch,0,0.0,prior,0.0,rr_tour,12600.0,43200,425660.0526213077,0,383102.036246174,42558.01637513371,0,0,0.0,0,9.612121485287513,5.797506017581557,7989.491146408152,6846.171109102948,1.16700138209882,2.0155845906342815,309.42361822014055,0.0,0.033112582781456956,0.013245033112582781,2.995757527442194,22.38738738738739,0.9666666666666667,1311.4713116266566,111,0.3606526851654053
ring,100,3000000.0,11,9,exclude,launch,0,0.0,prior,0.0,rr_tour,12600.0,43200,3317003.76154194,0,3105430.1214802186,211573.64006172118,0,18,0.8238338730496161,31,9.612121485287513,5.7683327135221365,7989.491146408152,6729.127857974128,1.1872996493803387,2.0610138226270447,337.725099541696,0.0,0.0,0.0,1.4666812180162092,2.3452380952380953,0.7921348314606742,2794.939015908377,504,0.26813340187072754
ring,100,3000000.0,9,8,exclude,launch,0,0.0,prior,0.0,rr_tour,12600.0,43200,352953.20969291154,0,326659.19374630426,26294.01594660725,0,0,0.0,0,9.715024997410776,5.822635276544925,7901.334104096977,6795.4385078795885,1.162740873151167,2.0218685312689857,313.2645885593502,0.0,0.0,0.0,1.7837151513976541,8.073746312684365,0.9402173913043478,1213.7440921867692,339,0.4451580047607422
ring,100,3000000.0,7,8,exclude,launch,0,0.0,prior,0.0,rr_tour,12600.0,43200,299686.4337785364,0,285207.9202482012,14478.513530335274,0,0,0.0,0,9.715024997410776,5.938217593486134,7901.334104096977,6681.0093246615215,1.1826557515689862,2.016470169719572,309.9634817789208,0.0,0.003484320557491289,0.017421602787456445,2.1707224134717604,14.804651162790698,0.9613259668508287,1036.5308000969974,215,0.47916197776794434
ring,100,3000000.0,6,9,exclude,launch,0,0.0,prior,0.0,rr_tour,12600.0,43200,346796.1363377884,0,322417.7346259915,24378.40171179697,0,0,0.0,0,9.612121485287513,6.002128464651841,7989.491146408152,6614.1779564729595,1.2079341074561267,2.015156709861052,309.1629436727749,0.0,0.013888888888888888,0.018518518518518517,2.49226244930218,18.08805031446541,0.9717514124293786,1142.1905888602728,159,0.416151762008667
ring,100,3000000.0,11,10,exclude,launch,0,0.0,prior,0.0,rr_tour,12600.0,43200,4145305.834348399,0,3766942.459521536,378363.37482686364,0,25,0.8484434222163038,41,9.620094972279858,5.762568993963671,7982.5928847049145,6719.802156468994,1.1879208195170243,2.065938371526024,340.86738356746577,0.0,0.0,0.0014684287812041115,1.4554332345900158,1.9548133595284873,0.7009345794392523,3314.305827313355,509,0.15651965141296387
ring,100,3000000.0,12,10,exclude,launch,0,0.0,prior,0.0,rr_tour,12600.0,43200,8310439.452868702,0,7674807.263900832,635632.1889678696,0,51,0.9623439802020332,89,9.620094972279858,5.849984975983616,7982.5928847049145,6437.469499102036,1.240020303912649,2.1243205576358264,379.2290148967609,0.0,0.0,0.0,1.3528329398993304,1.3198653198653199,0.48826291079812206,4209.251947798394,594,0.15901851654052734
ring,100,3000000.0,4,10,exclude,launch,0,0.0,prior,0.0,rr_tour,12600.0,43200,523293.386032349,0,456525.8075920067,66767.57844034236,0,0,0.0,0,9.620094972279858,5.85505456442682,7982.5928847049145,6775.099982525302,1.1782251044699035,2.016709442194439,310.1094269541981,0.0,0.07,0.01,3.683234333060241,29.0,0.9327354260089686,1584.5436592138537,74,0.29413414001464844
ring,100,3000000.0,7,10,exclude,launch,0,0.0,prior,0.0,rr_tour,12600.0,43200,325759.7453362195,0,298719.1060345909,27040.639301628555,0,0,0.0,0,9.620094972279858,5.725410296740426,7982.5928847049145,6931.163721083444,1.151695906478619,2.0159382021108447,309.6391291524646,0.0,0.0,0.0,2.276038577068751,14.285714285714286,0.9585253456221198,1096.3304956295435,210,0.27624058723449707
ring,100,3000000.0,8,8,exclude,launch,0,0.0,prior,0.0,rr_tour,12600.0,43200,281009.33488771546,0,263879.683555097,17129.651332618396,0,0,0.0,0,9.715024997410776,5.797844101495778,7901.334104096977,6839.670392361515,1.15522147279511,2.017382644381402,310.52023352654817,0.0,0.0,0.0,2.020598905089363,12.458646616541353,0.9565217391304348,1001.4429184537033,266,0.5347774028778076
ring,100,3000000.0,9,9,exclude,launch,0,0.0,prior,0.0,rr_tour,12600.0,43200,454612.8020248907,0,415213.12828721583,39399.67373767486,0,0,0.0,0,9.612121485287513,5.622576996655369,7989.491146408152,7029.977020260645,1.1364889420523216,2.023954151057611,314.5446310404339,0.0,0.0022123893805309734,0.0,1.7934256162755466,6.339285714285714,0.9606741573033708,1561.1175233203915,336,0.38725876808166504
ring,100,3000000.0,8,9,exclude,launch,0,0.0,prior,0.0,rr_tour,12600.0,43200,366365.08692815463,0,335120.8050246092,31244.281903545412,0,0,0.0,0,9.612121485287513,5.7269857543420635,7989.491146408152,6922.005599502091,1.1542162212325928,2.0180500725161377,310.9277850450338,0.0,0.0,0.0,1.9952663061403655,10.14074074074074,0.9662921348314607,1214.3234220015563,270,0.42127132415771484
ring,100,3000000.0,5,11,exclude,launch,0,0.0,prior,0.0,rr_tour,12600.0,43200,444159.88868977386,0,397167.9561085946,46991.93258117927,0,0,0.0,0,9.638544333728813,5.917165737569578,7966.675177293168,6709.515970126114,1.1873695826590938,2.0150464518980313,309.0957898532348,0.0,0.006493506493506494,0.012987012987012988,2.923635045814716,22.63157894736842,0.9571428571428572,1259.6861705796648,114,0.23764514923095703
ring,100,3000000.0,10,10,exclude,launch,0,0.0,prior,0.0,rr_tour,12600.0,43200,1033359.7927053146,0,879888.3499599058,153471.4427454087,0,1,0.19715163332758598,11,9.620094972279858,5.543184466005036,7982.5928847049145,7048.127691536887,1.1325834652925055,2.0476554993382963,329.2746135881324,0.0,0.0,0.0,1.5983546266956978,2.995249406175772,0.8790697674418605,2629.2006526174428,421,0.27865099906921387
ring,100,3000000.0,5,10,exclude,launch,0,0.0,prior,0.0,rr_tour,12600.0,43200,417371.3951778012,0,375168.1887932849,42203.20638451635,0,0,0.0,0,9.620094972279858,5.78995395713613,7982.5928847049145,6853.70267202537,1.164712457878763,2.0159957719436346,309.6742225822028,0.0,0.01935483870967742,0.012903225806451613,2.9374924986056103,22.078260869565216,0.9360730593607306,1322.5048638802898,115,0.38075780868530273
ring,100,3000000.0,4,11,exclude,launch,0,0.0,prior,0.0,rr_tour,12600.0,43200,534929.6648811736,0,481843.58449320274,53086.08038797083,0,0,0.0,0,9.638544333728813,6.014788427530094,7966.675177293168,6599.293492421716,1.2072012233493907,2.0154507412458837,309.34206236904436,0.0,0.07142857142857142,0.01020408163265306,3.7004365929623324,29.97222222222222,0.9,1553.5423881414902,72,0.2996530532836914
ring,100,3000000.0,6,10,exclude,launch,0,0.0,prior,0.0,rr_tour,12600.0,43200,364174.46521804814,0,331425.9513243076,32748.513893740586,0,0,0.0,0,9.620094972279858,5.922127164821976,7982.5928847049145,6704.282872342994,1.1906706558631797,2.0149298382870136,309.02477299359106,0.0,0.009523809523809525,0.009523809523809525,2.5789420132918717,18.16774193548387,0.9351851851851852,1166.510202305041,155,0.42426514625549316
ring,100,3000000.0,12,11,exclude,launch,0,0.0,prior,0.0,rr_tour,12600.0,43200,9581258.795381607,0,8995442.988335406,585815.8070462014,0,56,0.9591351572534287,93,9.638544333728813,5.854878237034405,7966.675177293168,6439.856588167814,1.2370889115653032,2.1217583669890594,377.5025501729883,0.0,0.0,0.0,1.3519720394752073,1.1949579831932773,0.39903846153846156,4641.422753782901,595,0.21114563941955566
ring,100,3000000.0,11,11,exclude,launch,0,0.0,prior,0.0,rr_tour,12600.0,43200,3114805.7359011085,0,2838946.490191721,275859.2457093872,0,15,0.7122416614799277,35,9.638544333728813,5.712745227946455,7966.675177293168,6749.399624889716,1.180353160289178,2.0748179078965423,346.57006054053016,0.0,0.0,0.0,1.4580091287804609,1.874015748031496,0.7884615384615384,3471.334559042325,508,0.23464727401733398
ring,100,3000000.0,9,10,exclude,launch,0,0.0,prior,0.0,rr_tour,12600.0,43200,445874.8201178646,0,393728.0668953215,52146.75322254313,0,0,0.0,0,9.620094972279858,5.811215182934611,7982.5928847049145,6806.686905503768,1.1727574656401971,2.0224940631448067,313.64823274991295,0.0,0.0,0.0,1.7728291023942495,6.645161290322581,0.9074074074074074,1451.8885406145484,341,0.4156763553619385
ring,100,3000000.0,10,11,exclude,launch,0,0.0,prior,0.0,rr_tour,12600.0,43200,955238.9954440992,0,819072.6677904543,136166.32765364475,0,1,0.18110167385076073,4,9.638544333728813,5.6877695605188805,7966.675177293168,6892.320194041944,1.1558771143830417,2.040715904513671,324.9268781723126,0.0,0.0,0.0,1.5766685110897107,3.289044289044289,0.9134615384615384,2341.3145162517353,429,0.2666487693786621
ring,100,3000000.0,5,12,exclude,launch,0,0.0,prior,0.0,rr_tour,12600.0,43200,432981.02478636935,0,382192.56814684725,50788.45663952206,0,0,0.0,0,9.59124219396605,5.764030128082249,8007.609203841761,6885.856047638644,1.1629068555082267,2.015606756635687,309.43712523721786,0.0,0.027210884353741496,0.0,3.0933341937617227,22.27777777777778,0.9345794392523364,1380.7741404306787,108,0.21564817428588867
ring,100,3000000.0,8,10,exclude,launch,0,0.0,prior,0.0,rr_tour,12600.0,43200,376492.49990800984,0,339102.3270474812,37390.17286052864,0,0,0.0,0,9.620094972279858,5.683161945820788,7982.5928847049145,6974.513824619809,1.1445375384484318,2.0183013736336015,311.0813062632238,0.0,0.0,0.0,2.00984131101997,9.992592592592592,0.9447004608294931,1234.9054161900203,270,0.45168232917785645
ring,100,3000000.0,12,12,exclude,launch,0,0.0,prior,0.0,rr_tour,12600.0,43200,8755576.20543592,0,8151867.913179662,603708.2922562583,0,55,0.9730858677475155,88,9.59124219396605,5.881505929256881,8007.609203841761,6437.252834388981,1.243948219815703,2.113006731833325,371.63519553188985,0.0,0.0,0.0,1.3539223995717777,1.4478114478114479,0.44285714285714284,3832.4513693368517,594,0.15552759170532227
ring,100,3000000.0,6,12,exclude,launch,0,0.0,prior,0.0,rr_tour,12600.0,43200,384723.12475791725,0,349246.005642696,35477.11911522124,0,0,0.0,0,9.59124219396605,6.141765329390416,8007.609203841761,6465.976277132633,1.238422298603417,2.0144786158451105,308.75005860210337,0.0,0.019138755980861243,0.0,2.6114442955584365,17.490322580645163,0.9308755760368663,1233.1078981308847,155,0.24665212631225586
ring,100,3000000.0,4,12,exclude,launch,0,0.0,prior,0.0,rr_tour,12600.0,43200,541054.4836779933,0,463183.3683392005,77871.11533879285,0,0,0.0,0,9.59124219396605,5.9062964764298105,8007.609203841761,6716.11193205621,1.1922983542935301,2.0167720694803597,310.1476323826119,0.0,0.0707070707070707,0.0,3.7296710243373203,28.375,0.9128440366972477,1648.3349291689967,72,0.28365564346313477
ring,100,3000000.0,8,12,exclude,launch,0,0.0,prior,0.0,rr_tour,12600.0,43200,379918.68003538344,0,347224.66290268104,32694.017132702378,0,0,0.0,0,9.59124219396605,5.861177449716758,8007.609203841761,6755.161380130334,1.1854060551973464,2.020549006102149,312.4560821568251,0.0,0.0,0.0,1.8844952439726097,9.049295774647888,0.957345971563981,1280.5813286965074,284,0.26903700828552246
ring,100,3000000.0,7,11,exclude,launch,0,0.0,prior,0.0,rr_tour,12600.0,43200,336633.03627034154,0,314233.94986876403,22399.08640157747,0,0,0.0,0,9.638544333728813,5.835381080026854,7966.675177293168,6803.236164213837,1.1710125865098167,2.0151399684697777,309.1527466754464,0.0,0.0035714285714285713,0.0,2.22754931714796,14.276190476190477,0.9656862745098039,1081.6576106853904,210,0.4271693229675293
ring,100,3000000.0,10,12,exclude,launch,0,0.0,prior,0.0,rr_tour,12600.0,43200,927558.4012349967,0,802313.6199358418,125244.78129915499,0,1,0.16496489531201014,4,9.59124219396605,5.594127483357765,8007.609203841761,6978.428478181975,1.1474803000242124,2.049273839612291,330.2926771484162,0.0,0.0,0.0,1.5799031043040452,3.0868544600938965,0.8862559241706162,2520.6921881509147,426,0.2810378074645996
ring,100,3000000.0,6,11,exclude,launch,0,0.0,prior,0.0,rr_tour,12600.0,43200,383697.4088157102,0,346534.19463123195,37163.2141844783,0,0,0.0,0,9.638544333728813,5.989743051272667,7966.675177293168,6630.696685019704,1.2014838795585014,2.0142929497046618,308.6370563461752,0.0,0.014084507042253521,0.004694835680751174,2.5172367138252474,18.138364779874212,0.9523809523809523,1165.7716391859024,159,0.4451725482940674
ring,100,3000000.0,11,12,exclude,launch,0,0.0,prior,0.0,rr_tour,12600.0,43200,3226970.6185255824,0,2944427.163043834,282543.4554817488,0,18,0.8033458365183677,30,9.59124219396605,5.75222588910491,8007.609203841761,6710.909257840504,1.1932226910215324,2.0723957266897406,345.00977838672503,0.0,0.0,0.0,1.4532799513768433,2.155511811023622,0.7440758293838863,3016.332174916696,508,0.2595345973968506
ring,100,3000000.0,9,11,exclude,launch,0,0.0,prior,0.0,rr_tour,12600.0,43200,434106.7624788086,0,390866.78165562794,43239.98082318067,0,0,0.0,0,9.638544333728813,5.854548906985092,7966.675177293168,6761.395685115563,1.1782589791085427,2.020971534816721,312.7148624718031,0.0,0.0,0.0,1.7663789429890209,7.140350877192983,0.9471153846153846,1350.0174704284277,342,0.4201643466949463
ring,100,3000000.0,8,11,exclude,launch,0,0.0,prior,0.0,rr_tour,12600.0,43200,365113.89426424657,0,332901.9667539485,32211.92751029808,0,0,0.0,0,9.638544333728813,5.850485205531851,7966.675177293168,6782.317298207659,1.1746243690778808,2.0161368055432973,309.7602022739209,0.0,0.002777777777777778,0.0,2.012090494704408,10.895910780669144,0.9617224880382775,1134.3417888883753,269,0.4841642379760742
ring,100,3000000.0,9,12,exclude,launch,0,0.0,prior,0.0,rr_tour,12600.0,43200,489498.5800187969,0,430637.9063524668,58860.67366633018,0,0,0.0,0,9.59124219396605,5.670860831143146,8007.609203841761,6956.6381703453135,1.151074557532188,2.027876872716545,316.9592596396632,0.0,0.0,0.0,1.7352361310174296,5.876436781609195,0.9289099526066351,1612.2731806978968,348,0.37604713439941406
core,100,1500000.0,2,1,exclude,launch,0,0.0,prior,0.0,rr_tour,12600.0,43200,522366.8303992306,0,468168.3285102344,54198.50188899618,0,0,0.0,0,5.478029860560422,10.482303026567767,6968.561876837692,1885.368742009625,3.696126769031857,2.0239835502547896,314.56269335772083,0.0,0.24074074074074073,0.0,3.3658105227790722,56.69230769230769,0.945054945054945,1428.7148573480638,39,0.31554245948791504
ring,100,3000000.0,7,12,exclude,launch,0,0.0,prior,0.0,rr_tour,12600.0,43200,345741.3249029628,0,315741.75296549854,29999.571937464192,0,0,0.0,0,9.59124219396605,5.79070283318213,8007.609203841761,6844.380349279482,1.1699538592539986,2.01848056822693,311.1908003567548,0.0,0.0,0.0,2.1023295164116464,12.482142857142858,0.9626168224299065,1188.1802096469,224,0.40216612815856934
core,100,1500000.0,3,2,exclude,launch,0,0.0,prior,0.0,rr_tour,12600.0,43200,339833.93032929435,0,312023.6023549781,27810.327974316217,0,0,0.0,0,6.024642709207431,9.33370776571528,6306.0645414764385,2123.7128838149333,2.969358329713824,2.0179480908345004,310.8654946900814,0.0,0.1391304347826087,0.0,2.3734367482516676,39.0,0.9592760180995475,993.4145524246542,85,0.27802515029907227
core,100,1500000.0,3,1,exclude,launch,0,0.0,prior,0.0,rr_tour,12600.0,43200,353609.9152188565,0,326270.0379926381,27339.87722621837,0,0,0.0,0,5.478029860560422,8.776508726034757,6968.561876837692,2258.778172182297,3.0851023631528554,2.0177372890533474,310.736756858897,0.0,0.27586206896551724,0.0,2.352482187899674,37.694117647058825,0.9728260869565217,1042.7345354698941,85,0.4530506134033203
core,100,1500000.0,2,3,exclude,launch,0,0.0,prior,0.0,rr_tour,12600.0,43200,494773.64903205377,0,451758.96998979384,43014.67904225992,0,0,0.0,0,4.940884818166719,6.5312219010934704,7762.382610686937,3025.786312534558,2.5654100484659663,2.024078249403331,314.62087827029734,0.0,0.1111111111111111,0.0,3.35553875923786,51.775,0.9716981132075472,1582.9403279527598,40,0.293670654296875
core,100,1500000.0,2,4,exclude,launch,0,0.0,prior,0.0,rr_tour,12600.0,43200,462027.84460297116,0,407872.514756474,54155.32984649713,0,0,0.0,0,5.351491471317767,7.222656524309721,7141.218427495743,2735.5461036545694,2.6105275352352457,2.0245056372818713,314.88354024669974,0.0,0.125,0.0,3.2024737057696795,53.333333333333336,0.9212962962962963,1498.4810352604693,42,0.18117499351501465
core,100,1500000.0,5,2,exclude,launch,0,0.0,prior,0.0,rr_tour,12600.0,43200,210442.56676818075,0,196171.1714019586,14271.395366222192,0,0,0.0,0,6.024642709207431,11.941842947977628,6306.0645414764385,1665.2476227244026,3.7868629598518804,2.011452650188051,306.9109390717295,0.0,0.026490066225165563,0.006622516556291391,1.483885955571955,23.715555555555557,0.9547511312217195,614.6650228684791,225,0.4696965217590332
core,100,1500000.0,4,1,exclude,launch,0,0.0,prior,0.0,rr_tour,12600.0,43200,253090.19055006743,0,239379.37143690098,13710.819113166463,0,0,0.0,0,5.478029860560422,8.967793809248178,6968.561876837692,2214.440191170002,3.146872922838275,2.0142363163897574,308.6025916451594,0.0,0.05,0.005,1.8244853875880327,28.92517006802721,0.9836065573770492,781.0659391138311,147,0.5887222290039062
core,100,1500000.0,3,3,exclude,launch,0,0.0,prior,0.0,rr_tour,12600.0,43200,357461.7109548142,0,323384.6222530346,34077.088701779554,0,0,0.0,0,4.940884818166719,9.498528590375937,7762.382610686937,2088.863544503876,3.716079315525885,2.016014198822779,309.68545566284797,0.0,0.17699115044247787,0.0,2.377975607486763,37.247058823529414,0.9569377990430622,1042.3583052071879,85,0.41919517517089844
core,100,1500000.0,6,2,exclude,launch,0,0.0,prior,0.0,rr_tour,12600.0,43200,199069.8420517779,0,185093.29414721916,13976.54790455875,0,0,0.0,0,6.024642709207431,8.662134573304986,6306.0645414764385,2295.1035460117523,2.7476165737422233,2.0120222580088436,307.25671521159546,0.0,0.020316027088036117,0.0,1.2138559167823997,16.8644578313253,0.9592760180995475,589.391259072172,332,0.5267035961151123
core,100,1500000.0,4,2,exclude,launch,0,0.0,prior,0.0,rr_tour,12600.0,43200,253695.0817126178,0,237596.4468102656,16098.634902352242,0,0,0.0,0,6.024642709207431,11.47927768846826,6306.0645414764385,1730.449965520605,3.644176177945291,2.013661111912737,308.2526549412497,0.0,0.03553299492385787,0.005076142131979695,1.830859014243395,30.05442176870748,0.9683257918552036,754.190857773683,147,0.6192998886108398
core,100,1500000.0,5,1,exclude,launch,0,0.0,prior,0.0,rr_tour,12600.0,43200,224127.47085593033,0,210046.21038437675,14081.26047155357,0,0,0.0,0,5.478029860560422,9.384103798662375,6968.561876837692,2118.155610951807,3.2899197022197644,2.012376911395661,307.47210321810525,0.0,0.05396825396825397,0.0031746031746031746,1.4286448632841775,21.131914893617022,0.9781420765027322,661.5411252707314,235,0.7158246040344238
core,100,1500000.0,4,3,exclude,launch,0,0.0,prior,0.0,rr_tour,12600.0,43200,260188.52773572988,0,242264.29873581845,17924.22899991142,0,0,0.0,0,4.940884818166719,8.888764100039065,7762.382610686937,2235.1700576655094,3.4728375964351654,2.0132978964214248,308.0317880676254,0.0,0.024509803921568627,0.0,1.7632525897029887,27.359477124183005,0.9663461538461539,786.2629250308803,153,0.5688023567199707
core,100,1500000.0,3,4,exclude,launch,0,0.0,prior,0.0,rr_tour,12600.0,43200,355836.1372307033,0,318214.05454814516,37622.08268255816,0,0,0.0,0,5.351491471317767,9.190526348073076,7141.218427495743,2158.0501423411897,3.309106812387823,2.016777908832302,310.15119476681696,0.0,0.05263157894736842,0.0,2.3700721646132874,37.411764705882355,0.9439252336448598,1045.048013102093,85,0.43478941917419434
core,100,1500000.0,5,4,exclude,launch,0,0.0,prior,0.0,rr_tour,12600.0,43200,208838.11014529187,0,198599.39975222727,10238.710393064604,0,0,0.0,0,5.351491471317767,8.530423509011134,7141.218427495743,2330.4714172524154,3.0642806320770553,2.0120817293717765,307.29282807845,0.0,0.0231023102310231,0.0,1.4814330224702614,21.854625550660792,0.9714285714285714,662.7389404215122,227,0.4282402992248535
core,100,1500000.0,8,2,exclude,launch,0,0.0,prior,0.0,rr_tour,12600.0,43200,355932.79794942355,0,337460.58721529157,18472.21073413204,0,1,0.6555094773966673,1,6.024642709207431,13.354460015135249,6306.0645414764385,1491.463207852632,4.228106002397295,2.0082654408372043,304.9797597559925,0.0,0.003896103896103896,0.00909090909090909,0.9192989570810373,14.744827586206897,0.9545454545454546,381.2987653316541,580,0.8429417610168457
core,100,1500000.0,6,1,exclude,launch,0,0.0,prior,0.0,rr_tour,12600.0,43200,365286.7909964275,0,352598.2796215279,12688.511374899608,0,1,0.565571745099952,1,5.478029860560422,12.769895046465075,6968.561876837692,1558.7282710977724,4.470671383877519,2.0095658925695066,305.7669874318995,0.0,0.013636363636363636,0.0,1.229482824089284,20.303951367781156,0.9836065573770492,489.2570766064323,329,0.9659523963928223
core,100,1500000.0,5,3,exclude,launch,0,0.0,prior,0.0,rr_tour,12600.0,43200,211809.38301362132,0,197382.99450163887,14426.388511982459,0,0,0.0,1,4.940884818166719,8.908355679286972,7762.382610686937,2232.3053037428117,3.4772943457474565,2.011448194560878,306.9082350841382,0.0,0.01948051948051948,0.0,1.47365587252129,22.039473684210527,0.9807692307692307,649.7387905512726,228,0.7454342842102051
core,100,1500000.0,2,5,exclude,launch,0,0.0,prior,0.0,rr_tour,12600.0,43200,523273.0764445111,0,440899.3334148264,82373.74302968469,0,0,0.0,0,5.774317772611485,10.306951858704796,6593.891938148332,1918.9636161415324,3.4361735067216626,2.0223811246102743,313.5789491878107,0.0,0.24528301886792453,0.0,3.4763881209625307,57.333333333333336,0.9336283185840708,1511.0137966245802,39,0.3146476745605469
core,100,1500000.0,4,4,exclude,launch,0,0.0,prior,0.0,rr_tour,12600.0,43200,263299.00124014163,0,243862.12030280172,19436.88093733991,0,0,0.0,0,5.351491471317767,8.71028739639811,7141.218427495743,2280.4721482140185,3.131464873661571,2.0137369269082575,308.2987670932193,0.0,0.025252525252525252,0.005050505050505051,1.8412370405012344,28.055172413793102,0.9523809523809523,801.5792557315809,145,0.5767712593078613
core,100,1500000.0,3,5,exclude,launch,0,0.0,prior,0.0,rr_tour,12600.0,43200,339021.4069423707,0,307231.0007134537,31790.406228916992,0,0,0.0,0,5.774317772611485,9.075799278028747,6593.891938148332,2185.620318433777,3.016943008140379,2.016510044097598,309.98780092539,0.0,0.17272727272727273,0.0,2.4679241753143915,38.853658536585364,0.9380530973451328,1041.0193129891609,82,0.42165303230285645
core,100,1500000.0,7,1,exclude,launch,0,0.0,prior,0.0,rr_tour,12600.0,43200,344128.5491181726,0,332140.2919953888,11988.257122783843,0,1,0.6003450988742742,1,5.478029860560422,12.954799797880726,6968.561876837692,1537.1844907739548,4.533328249577317,2.008645478254029,305.2097102406897,0.0,0.015358361774744027,0.0034129692832764505,1.0683257565620632,17.302272727272726,0.9781420765027322,432.50375059473834,440,1.1234729290008545
core,100,1500000.0,6,4,exclude,launch,0,0.0,prior,0.0,rr_tour,12600.0,43200,342578.12801935367,0,320320.77505234594,22257.35296700773,0,1,0.5387580488217121,1,5.351491471317767,12.582144479566882,7141.218427495743,1582.3358107054414,4.513086526375223,2.0091236529695102,305.4991640947587,0.0,0.009259259259259259,0.004629629629629629,1.2360171896698762,20.080246913580247,0.9710144927536232,500.22099255752084,324,0.6067681312561035
core,100,1500000.0,7,2,exclude,launch,0,0.0,prior,0.0,rr_tour,12600.0,43200,368676.6506943742,0,350210.93799502734,18465.712699346906,0,1,0.6328508245171656,1,6.024642709207431,13.507284450342445,6306.0645414764385,1474.1776174471552,4.27768300565891,2.0088251294595016,305.3184425486941,0.0,0.011884550084889643,0.008488964346349746,1.0530152554163947,17.32579185520362,0.9545454545454546,426.45263666690715,442,1.1199729442596436
core,100,1500000.0,6,3,exclude,launch,0,0.0,prior,0.0,rr_tour,12600.0,43200,269704.51241282484,0,244223.26954706572,25481.242865759137,0,1,0.41889840178735677,1,4.940884818166719,12.93882564210436,7762.382610686937,1538.976033741148,5.043861918900129,2.0087841551873664,305.2936415271264,0.0,0.002325581395348837,0.0069767441860465115,1.2472368986938884,20.33641975308642,0.9516908212560387,498.48114193570893,324,0.9879615306854248
core,100,1500000.0,4,5,exclude,launch,0,0.0,prior,0.0,rr_tour,12600.0,43200,253586.56540777202,0,233202.28679012088,20384.278617651173,0,0,0.0,0,5.774317772611485,8.519469352483048,6593.891938148332,2331.0922065169625,2.8286705775575895,2.014132299134868,308.53929604457215,0.0,0.009708737864077669,0.0048543689320388345,1.708711702949149,26.286624203821656,0.9598214285714286,793.6838717212739,157,0.5551695823669434
core,100,1500000.0,2,6,exclude,launch,0,0.0,prior,0.0,rr_tour,12600.0,43200,548288.2293314205,0,468849.3620494886,79438.86728193187,0,0,0.0,0,5.052148291863248,9.675018574533075,7584.090639439221,2043.0002799683691,3.712231816021407,2.023670299147588,314.3702644070737,0.0,0.2962962962962963,0.0,3.398580523176075,56.97435897435897,0.9506726457399103,1437.9663701060776,39,0.325531005859375
core,100,1500000.0,8,1,exclude,launch,0,0.0,prior,0.0,rr_tour,12600.0,43200,324544.9387813637,0,313907.5666489299,10637.3721324338,0,1,0.6365709741817499,1,5.478029860560422,12.782106658163347,6968.561876837692,1558.410947261191,4.4715817025570175,2.008054815386119,304.8523532469428,0.0,0.0013192612137203166,0.0013192612137203166,0.9416094927850417,15.15061295971979,0.989010989010989,378.16847308889874,571,1.3770015239715576
core,100,1500000.0,7,3,exclude,launch,0,0.0,prior,0.0,rr_tour,12600.0,43200,246948.86452383653,0,222494.27424596468,24454.590277871856,0,1,0.45751691752540763,1,4.940884818166719,12.778438052233893,7762.382610686937,1558.942101221828,4.979262927470581,2.007946945247493,304.78711333012575,0.0,0.0017331022530329288,0.0017331022530329288,1.08447069353508,17.556844547563806,0.9516908212560387,434.6156185283201,431,1.16947603225708
core,100,1500000.0,6,5,exclude,launch,0,0.0,prior,0.0,rr_tour,12600.0,43200,173801.53956944298,0,165233.81063593185,8567.728933511127,0,0,0.0,1,5.774317772611485,7.888342652997706,6593.891938148332,2520.5283718096725,2.616075268938192,2.011789947782577,307.1156695301612,0.0,0.006802721088435374,0.0,1.2206648540676726,17.663636363636364,0.9730941704035875,562.4251756600562,330,0.5240709781646729
core,100,1500000.0,3,6,exclude,launch,0,0.0,prior,0.0,rr_tour,12600.0,43200,360303.24750379537,0,326246.8791089328,34056.3683948626,0,0,0.0,0,5.052148291863248,9.941733091725368,7584.090639439221,1994.8849565746102,3.8017684250132198,2.016879894383574,310.2134158804646,0.0,0.21551724137931033,0.0,2.294551261972684,35.906976744186046,0.954954954954955,1031.8309993982207,86,0.4525570869445801
core,100,1500000.0,9,1,exclude,launch,0,0.0,prior,0.0,rr_tour,12600.0,43200,314315.5134092262,0,303909.3616862577,10406.151722968481,0,1,0.657288231194719,1,5.478029860560422,12.486431818377117,6968.561876837692,1595.4801520379986,4.36768948077251,2.007845240053472,304.72560836953215,0.0,0.0010427528675703858,0.0072992700729927005,0.8301159781803285,12.950138504155124,0.978021978021978,349.321768159496,722,1.4560234546661377
core,100,1500000.0,9,4,exclude,launch,0,0.0,prior,0.0,rr_tour,12600.0,43200,292539.8999330426,0,274439.1851219614,18100.714811081205,0,1,0.6309112837699961,1,5.351491471317767,12.332235644109096,7141.218427495743,1615.729527845432,4.419810558898757,2.0074720846638643,304.5000004130859,0.0,0.0,0.0041753653444676405,0.8364389717880188,12.632823365785814,0.9615384615384616,360.7465205570287,719,0.9083137512207031
core,100,1500000.0,8,3,exclude,launch,0,0.0,prior,0.0,rr_tour,12600.0,43200,230725.81862201696,0,208043.00996839118,22682.808653625783,0,1,0.48956087216644045,1,4.940884818166719,13.109117978583958,7762.382610686937,1520.0990554208104,5.106497884467187,2.007310841202602,304.40253924128814,0.0,0.006570302233902759,0.003942181340341655,0.9457349095416603,15.047535211267606,0.9516908212560387,382.5719318926066,568,1.2869997024536133
core,100,1500000.0,5,5,exclude,launch,0,0.0,prior,0.0,rr_tour,12600.0,43200,197484.3583175633,0,187419.19655949355,10065.16175806977,0,0,0.0,0,5.774317772611485,9.522362765947921,6593.891938148332,2088.3305278659336,3.1574943957203145,2.0114814494646627,306.9284167833404,0.0,0.033003300330033,0.0,1.4825153571784364,22.57079646017699,0.968609865470852,637.9633431111157,226,0.7292077541351318
core,100,1500000.0,7,4,exclude,launch,0,0.0,prior,0.0,rr_tour,12600.0,43200,325689.6961489295,0,304522.7495782388,21166.94657069066,0,1,0.5666950044876539,1,5.351491471317767,14.137060783100829,7141.218427495743,1407.9506205460407,5.072065968283879,2.0096176782977597,305.79835689940774,0.0,0.0017331022530329288,0.11091854419410745,0.9334647945715405,15.613272311212814,0.9516908212560387,478.9141546205416,437,1.0253210067749023
core,100,1500000.0,2,7,exclude,launch,0,0.0,prior,0.0,rr_tour,12600.0,43200,508672.7900343645,0,446304.26243461116,62368.52759975334,0,0,0.0,0,4.789315478557099,8.761081368228748,8018.5908986554505,2255.67874599018,3.554846146823764,2.024067679296013,314.6143835336166,0.0,0.28846153846153844,0.0,3.622261926083255,57.89473684210526,0.9102564102564102,1525.5167955181814,38,0.2990405559539795
core,100,1500000.0,9,2,exclude,launch,0,0.0,prior,0.0,rr_tour,12600.0,43200,342824.6652789271,0,325544.1452408214,17280.52003810564,0,1,0.680573325091212,1,6.024642709207431,13.553131759137028,6306.0645414764385,1470.044304751343,4.289710535318258,2.0076588013299226,304.6128779692969,0.0,0.0,0.008350730688935281,0.8361440420033915,13.125173852573019,0.9636363636363636,346.70159494956425,719,1.4560203552246094
core,100,1500000.0,7,5,exclude,launch,0,0.0,prior,0.0,rr_tour,12600.0,43200,295776.38572217553,0,280215.5209938478,15560.864728327713,0,1,0.5650763698769437,1,5.774317772611485,12.547717170428369,6593.891938148332,1587.3852973651176,4.1539328536641085,2.008227532295769,304.956827063765,0.0,0.0017211703958691911,0.0,1.0769117562020896,17.256880733944953,0.968609865470852,435.5715067426873,436,0.7125918865203857
core,100,1500000.0,2,8,exclude,launch,0,0.0,prior,0.0,rr_tour,12600.0,43200,472924.68680507236,0,422756.41011845757,50168.27668661474,0,0,0.0,0,5.687677066694433,9.903105530462282,6699.414751861177,1996.003693122529,3.3564140061187344,2.0236119891230944,314.3344512829614,0.0,0.16363636363636364,0.0,3.354592964683833,58.9,0.9148936170212766,1427.5636018257983,40,0.2035226821899414
core,100,1500000.0,4,6,exclude,launch,0,0.0,prior,0.0,rr_tour,12600.0,43200,263109.21738695115,0,245204.95087937755,17904.266507573557,0,0,0.0,0,5.052148291863248,9.324537340599875,7584.090639439221,2129.7384979802664,3.5610431264831712,2.0142177436674915,308.59128947099333,0.0,0.10526315789473684,0.004784688995215311,1.6915263263079656,27.60377358490566,0.9820627802690582,753.9585005129258,159,0.59657883644104
core,100,1500000.0,6,6,exclude,launch,0,0.0,prior,0.0,rr_tour,12600.0,43200,432803.2895137826,0,386292.984141394,46510.30537238863,0,1,0.6382442204464002,1,5.052148291863248,12.620624749772823,7584.090639439221,1577.3163894656682,4.808224076089394,2.0093718849741427,305.6494806528762,0.0,0.03002309468822171,0.006928406466512702,1.2365354301012745,20.575384615384614,0.968609865470852,491.5214980140461,325,0.6224048137664795
core,100,1500000.0,3,7,exclude,launch,0,0.0,prior,0.0,rr_tour,12600.0,43200,345484.18568662676,0,308418.60384824016,37065.5818383866,0,0,0.0,0,4.789315478557099,9.396911829477654,8018.5908986554505,2110.405980794831,3.7995489832887275,2.0170136181899885,310.2950098751674,0.0,0.08928571428571429,0.0,2.4271342478881097,37.5,0.9429824561403509,1061.1462978761501,82,0.4448890686035156
core,100,1500000.0,8,4,exclude,launch,0,0.0,prior,0.0,rr_tour,12600.0,43200,307106.3342045773,0,287866.64607074193,19239.688133835374,0,1,0.6009863791925341,1,5.351491471317767,12.587053579773887,7141.218427495743,1582.7726792234555,4.511840848174981,2.0077857395403536,304.6896290462692,0.0,0.0,0.006631299734748011,0.9347439981181587,14.421792618629174,0.9567307692307693,399.620289716319,569,1.2421679496765137
core,100,1500000.0,5,6,exclude,launch,0,0.0,prior,0.0,rr_tour,12600.0,43200,214039.2193814276,0,198727.84591077728,15311.373470650318,0,0,0.0,0,5.052148291863248,8.098298539731397,7584.090639439221,2453.930629193948,3.0905888492578932,2.0128153101654647,307.7384557516699,0.0,0.0032679738562091504,0.0032679738562091504,1.4576692176292627,22.026200873362445,0.9774774774774775,647.8085820564618,229,0.7094199657440186
core,100,1500000.0,10,2,exclude,launch,0,0.0,prior,0.0,rr_tour,12600.0,43200,332117.860318667,0,315262.0924713567,16855.767847310326,0,1,0.7025136261816569,1,6.024642709207431,13.047564809293739,6306.0645414764385,1527.1804354441456,4.129220356101841,2.007428921624819,304.47390963784386,0.0,0.0,0.002564102564102564,0.7640525170569169,11.74090909090909,0.9590909090909091,316.8919515135229,880,1.7133972644805908
core,100,1500000.0,3,8,exclude,launch,0,0.0,prior,0.0,rr_tour,12600.0,43200,339291.1872771883,0,308445.98028159747,30845.206995590823,0,0,0.0,0,5.687677066694433,9.182119448030365,6699.414751861177,2159.5015082840205,3.102296861642229,2.01726773136558,310.45009118330205,0.0,0.19327731092436976,0.0,2.312362593296139,37.49425287356322,0.9513513513513514,1009.3533813593491,87,0.4499630928039551
core,100,1500000.0,4,7,exclude,launch,0,0.0,prior,0.0,rr_tour,12600.0,43200,255919.85556849604,0,237342.1461870503,18577.70938144574,0,0,0.0,0,4.789315478557099,8.865973201576612,8018.5908986554505,2239.8629366281266,3.5799471331610047,2.0142442548370245,308.6074225409734,0.0,0.1044776119402985,0.004975124378109453,1.7857345607559167,27.44,0.9605263157894737,797.9145704975934,150,0.60099196434021
core,100,1500000.0,2,9,exclude,launch,0,0.0,prior,0.0,rr_tour,12600.0,43200,573546.294043286,0,498919.70744496566,74626.58659832033,0,0,0.0,0,4.852417850747997,8.636205827274457,7909.979841733408,2289.272342202393,3.455237586159634,2.023203397282912,314.08355766338775,0.0,0.3269230769230769,0.0,3.5558990747329076,54.810810810810814,0.949438202247191,1587.6068679583352,37,0.28894639015197754
core,100,1500000.0,3,9,exclude,launch,0,0.0,prior,0.0,rr_tour,12600.0,43200,340848.80912578147,0,317961.42758273793,22887.381543043506,0,0,0.0,0,4.852417850747997,9.568376733747082,7909.979841733408,2073.076340409884,3.815575764165764,2.016538090378101,310.0049067568669,0.0,0.1875,0.0,2.3907590050078165,38.333333333333336,0.9832402234636871,1032.1358163374243,84,0.2731196880340576
core,100,1500000.0,6,7,exclude,launch,0,0.0,prior,0.0,rr_tour,12600.0,43200,305111.52819807007,0,277235.8955097593,27875.632688310758,0,1,0.5129670309860628,1,4.789315478557099,13.63270628712516,8018.5908986554505,1460.3566109500978,5.490844385905585,2.0091806746754592,305.5336902415245,0.0,0.027842227378190254,0.004640371229698376,1.2466362857415352,21.006172839506174,0.956140350877193,483.56344604625275,324,0.6204907894134521
core,100,1500000.0,4,8,exclude,launch,0,0.0,prior,0.0,rr_tour,12600.0,43200,241381.933146031,0,228916.64683533052,12465.28631070047,0,0,0.0,0,5.687677066694433,10.302280559451784,6699.414751861177,1928.424314241473,3.474035616739424,2.013371978820179,308.0768302373774,0.0,0.10837438423645321,0.009852216748768473,1.7868925265635245,29.192052980132452,0.9502762430939227,747.8063810369405,151,0.6124794483184814
core,100,1500000.0,8,5,exclude,launch,0,0.0,prior,0.0,rr_tour,12600.0,43200,283051.58688390657,0,268568.7263596697,14482.86052423681,0,1,0.5904798068055327,1,5.774317772611485,12.72690868998699,6593.891938148332,1565.41512177308,4.212232171795879,2.0077403090307255,304.6621591336027,0.0,0.005215123859191656,0.005215123859191656,0.9276474569098975,14.503484320557492,0.968609865470852,392.8333423832764,574,1.2650609016418457
core,100,1500000.0,5,7,exclude,launch,0,0.0,prior,0.0,rr_tour,12600.0,43200,329314.1902121144,0,299891.10703184473,29423.083180269663,0,1,0.47529852010370666,1,4.789315478557099,12.911307773237926,8018.5908986554505,1540.8462050396402,5.204017683548867,2.0106221586355044,306.40714425752594,0.0,0.03289473684210526,0.006578947368421052,1.4711651669993837,25.460526315789473,0.9432314410480349,571.4378563925101,228,0.8385162353515625
core,100,1500000.0,2,10,exclude,launch,0,0.0,prior,0.0,rr_tour,12600.0,43200,544791.6581219293,0,471133.9610567347,73657.69706519456,0,0,0.0,0,4.842340003327892,8.782366812898204,7927.135773030543,2250.6383843540307,3.522172121535978,2.023683998016013,314.37867833821446,0.0,0.21568627450980393,0.0,3.605147615758254,56.91891891891892,0.9282511210762332,1545.7035809334504,37,0.29762911796569824
core,100,1500000.0,4,9,exclude,launch,0,0.0,prior,0.0,rr_tour,12600.0,43200,254500.79188197563,0,238199.21658114233,16301.575300833285,0,0,0.0,0,4.852417850747997,8.007308525257208,7909.979841733408,2480.1783098219703,3.189278694361775,2.014144031956732,308.546435266037,0.0,0.015306122448979591,0.0,1.8308202005209524,28.061643835616437,0.9774011299435028,792.1158225645471,146,0.5797491073608398
core,100,1500000.0,5,8,exclude,launch,0,0.0,prior,0.0,rr_tour,12600.0,43200,188929.91001502526,0,179681.71308598205,9248.196929043224,0,0,0.0,0,5.687677066694433,10.924440263353139,6699.414751861177,1820.3914480897154,3.6802055727582204,2.011388721231347,306.8721436301936,0.0,0.021875,0.003125,1.4153206969416963,23.569620253164558,0.9779005524861878,579.251737225527,237,0.7751021385192871
core,100,1500000.0,7,6,exclude,launch,0,0.0,prior,0.0,rr_tour,12600.0,43200,411556.17178322404,0,366252.3377761128,45303.83400711127,0,1,0.6712423718437198,1,5.052148291863248,12.7127492694258,7584.090639439221,1566.5538842814462,4.841257434893741,2.0085154277490767,305.13101040237086,0.0,0.04280821917808219,0.005136986301369863,1.0658703757921912,17.509090909090908,0.968609865470852,426.0207978946671,440,1.1546540260314941
core,100,1500000.0,4,10,exclude,launch,0,0.0,prior,0.0,rr_tour,12600.0,43200,273633.0239539575,0,252703.6592518376,20929.364702119874,0,0,0.0,0,4.842340003327892,9.36763349576795,7927.135773030543,2120.759645037449,3.7378756199835945,2.0134398025628393,308.118070025582,0.0,0.04736842105263158,0.0,1.9108290685204437,28.414285714285715,0.967741935483871,831.3810636253156,140,0.34363579750061035
core,100,1500000.0,3,10,exclude,launch,0,0.0,prior,0.0,rr_tour,12600.0,43200,373885.9475016082,0,332932.61671998166,40953.330781626566,0,0,0.0,0,4.842340003327892,9.11256050735972,7927.135773030543,2176.6455523535715,3.641904748551761,2.0166561379011085,310.07691081959956,0.0,0.027777777777777776,0.0,2.5388578435960256,37.475,0.908256880733945,1101.2986727698783,80,0.38763999938964844
core,100,1500000.0,9,5,exclude,launch,0,0.0,prior,0.0,rr_tour,12600.0,43200,273139.978691881,0,259394.8747409418,13745.103950939229,0,1,0.6119069318949806,1,5.774317772611485,11.756740831963711,6593.891938148332,1694.6975313788755,3.8908960543438513,2.0076169322696056,304.5875646589232,0.0,0.0,0.0031545741324921135,0.8457018709939306,12.556643356643356,0.9865470852017937,364.6552256374161,715,1.479691505432129
core,100,1500000.0,5,10,exclude,launch,0,0.0,prior,0.0,rr_tour,12600.0,43200,219059.19749071155,0,205661.6572890444,13397.540201667145,0,0,0.0,1,4.842340003327892,6.651069813937941,7927.135773030543,2985.5327895044525,2.655182954579545,2.0144042986076838,308.704824310124,0.0,0.006514657980456026,0.0,1.4513856132732486,20.515151515151516,0.9577464788732394,688.5776713549386,231,0.41614747047424316
core,100,1500000.0,5,9,exclude,launch,0,0.0,prior,0.0,rr_tour,12600.0,43200,218240.6361330574,0,204516.94346366587,13723.692669391528,0,0,0.0,1,4.852417850747997,6.990511730297205,7909.979841733408,2841.5769326952895,2.783658520985614,2.0136853195110946,308.26737809769315,0.0,0.04081632653061224,0.0,1.5350222843631398,22.30593607305936,0.9831460674157303,672.6943722381344,219,0.6792721748352051
core,100,1500000.0,8,8,exclude,launch,0,0.0,prior,0.0,rr_tour,12600.0,43200,264417.5744385738,0,257327.86664230467,7089.707796269134,0,1,0.5742058817180573,1,5.687677066694433,14.664950083092545,6699.414751861177,1358.7764693514378,4.930475985545215,2.0073882831978906,304.44934593731796,0.0,0.0026041666666666665,0.00390625,0.9367620736153834,15.639229422066549,0.9777777777777777,363.8568089720906,571,0.8796179294586182
core,100,1500000.0,6,8,exclude,launch,0,0.0,prior,0.0,rr_tour,12600.0,43200,295723.43795560993,0,288086.1048849025,7637.333070707526,0,1,0.5134193201657641,1,5.687677066694433,13.486040032968887,6699.414751861177,1476.2830714426943,4.538028567457722,2.0091201395401095,305.49703680763497,0.0,0.004651162790697674,0.004651162790697674,1.2482300564571023,21.77570093457944,0.9779005524861878,464.51585679402586,321,0.9841275215148926
core,100,1500000.0,8,6,exclude,launch,0,0.0,prior,0.0,rr_tour,12600.0,43200,395853.6533722063,0,351891.14456767606,43962.50880453026,0,1,0.6977954254414734,1,5.052148291863248,12.91245314532159,7584.090639439221,1542.722259300672,4.916044086170863,2.0079989754162684,304.8185803320741,0.0,0.0012987012987012987,0.00909090909090909,0.9150157432059718,14.572898799313894,0.9596412556053812,386.31345242363057,583,1.3851802349090576
core,100,1500000.0,2,11,exclude,launch,0,0.0,prior,0.0,rr_tour,12600.0,43200,588617.3957026618,0,508436.98885142716,80180.40685123469,0,0,0.0,0,4.789315478557101,9.566890675062622,8018.590898655449,2067.7236779136247,3.8779799178710235,2.0220722968757325,313.3895340122508,0.0,0.2692307692307692,0.0,3.502364592008388,55.578947368421055,0.9282296650717703,1540.4466553443913,38,0.3025362491607666
core,100,1500000.0,7,7,exclude,launch,0,0.0,prior,0.0,rr_tour,12600.0,43200,288941.0698522577,0,263033.4627982866,25907.607053971085,0,1,0.5417249283950902,1,4.789315478557099,13.723120338757742,8018.5908986554505,1451.3551920476461,5.5248990340830435,2.008322291286622,305.01415293165087,0.0,0.0051635111876075735,0.0068846815834767644,1.0721083289694444,17.101382488479263,0.9647577092511013,440.2542852898747,434,1.168147325515747
core,100,1500000.0,2,12,exclude,launch,0,0.0,prior,0.0,rr_tour,12600.0,43200,553322.3824973013,0,483289.8467585114,70032.53573878993,0,0,0.0,0,4.789315478557099,6.967435775933741,8018.5908986554505,2835.216852676895,2.8282107913843086,2.024886735579214,315.11784622986517,0.0,0.3,0.0,3.6434433554299432,53.22222222222222,0.9065420560747663,1686.816722138967,36,0.1725177764892578
core,100,1500000.0,9,8,exclude,launch,0,0.0,prior,0.0,rr_tour,12600.0,43200,252586.07129198575,0,245508.90717075096,7077.164121234788,0,1,0.6011025299045014,1,5.687677066694433,14.306870173635183,6699.414751861177,1393.0494891693113,4.80917211050133,2.0070066421233923,304.218713184189,0.0,0.0020876826722338203,0.0041753653444676405,0.8369926710227372,13.754847645429363,0.9944444444444445,329.23914100591065,722,0.9891290664672852
core,100,1500000.0,7,8,exclude,launch,0,0.0,prior,0.0,rr_tour,12600.0,43200,282108.2091077682,0,273896.5396646801,8211.669443088082,0,1,0.5381981862649405,1,5.687677066694433,13.319941778710938,6699.414751861177,1495.1871150841705,4.480653079654207,2.008455061439113,305.0944832826494,0.0,0.008532423208191127,0.008532423208191127,1.051517663627867,17.612244897959183,0.9833333333333333,417.8112071112363,441,1.1391451358795166
core,100,1500000.0,3,11,exclude,launch,0,0.0,prior,0.0,rr_tour,12600.0,43200,389150.3973086872,0,351489.6930901559,37660.70421853132,0,0,0.0,0,4.789315478557101,8.521135679715698,8018.590898655449,2328.2379662054823,3.444059849141621,2.0162071191567366,309.8030727074503,0.0,0.06422018348623854,0.0,2.501919783997191,37.75308641975309,0.937799043062201,1082.4053757775846,81,0.42105793952941895
core,100,1500000.0,6,9,exclude,launch,0,0.0,prior,0.0,rr_tour,12600.0,43200,354396.58252259885,0,339504.2431240173,14892.339398581562,0,1,0.5552467388513291,1,4.852417850747997,12.66388912768799,7909.979841733408,1572.092374650592,5.031498129040575,2.0091614213580344,305.52203230721057,0.0,0.020689655172413793,0.006896551724137931,1.233833275057826,20.447852760736197,0.9887005649717514,491.0770452540588,326,0.9397974014282227
core,100,1500000.0,8,7,exclude,launch,0,0.0,prior,0.0,rr_tour,12600.0,43200,268399.5991104208,0,244094.71864346665,24304.88046695411,0,1,0.5831793181327319,1,4.789315478557099,13.715960521789087,8018.5908986554505,1452.6213744665752,5.52008323683107,2.0076191732141506,304.58891946863065,0.0,0.0026455026455026454,0.0013227513227513227,0.9460739455028134,15.121052631578948,0.947136563876652,381.1942590463811,570,1.3112635612487793
core,100,1500000.0,3,12,exclude,launch,0,0.0,prior,0.0,rr_tour,12600.0,43200,362776.4424392552,0,332352.4735450589,30423.96889419627,0,0,0.0,0,4.789315478557099,8.014866306769367,8018.5908986554505,2473.4336492591815,3.241886395884159,2.017731825519469,310.7334206025572,0.0,0.06481481481481481,0.0,2.4908140325145847,36.5125,0.9333333333333333,1098.4722744370736,80,0.3896481990814209
core,100,1500000.0,4,12,exclude,launch,0,0.0,prior,0.0,rr_tour,12600.0,43200,277252.54868907365,0,251228.30235183032,26024.246337243298,0,0,0.0,0,4.789315478557099,9.019340250790217,8018.5908986554505,2202.0953229264483,3.6413459559049604,2.0139519560661565,308.4295707631154,0.0,0.041666666666666664,0.0,1.88402040279811,27.70138888888889,0.9624413145539906,830.4841172979999,144,0.34114623069763184
core,100,1500000.0,4,11,exclude,launch,0,0.0,prior,0.0,rr_tour,12600.0,43200,307741.66589573224,0,282167.8192420918,25573.846653640474,0,0,0.0,0,4.789315478557101,8.732958093311955,8018.590898655449,2275.041269998918,3.524591401658073,2.013303905011206,308.0354411732876,0.0,0.11940298507462686,0.0,1.79754403731597,26.483221476510067,0.9567307692307693,831.2808917587547,149,0.5496714115142822
core,100,1500000.0,6,11,exclude,launch,0,0.0,prior,0.0,rr_tour,12600.0,43200,201839.27567638288,0,191949.65247720745,9889.623199175432,0,1,0.1657621585989296,1,4.789315478557101,13.050333561622379,8018.590898655449,1525.931243173617,5.254883491328522,2.008646044605702,305.21005298961836,0.0,0.016055045871559634,0.0,1.2404958654160865,20.742331288343557,0.9615384615384616,486.00658362181736,326,0.6181888580322266
core,100,1500000.0,7,9,exclude,launch,0,0.0,prior,0.0,rr_tour,12600.0,43200,330073.29098602507,0,318341.77718750184,11731.513798523267,0,1,0.5961631918714055,1,4.852417850747997,12.745925249106385,7909.979841733408,1562.6578857442692,5.0618756119904065,2.008282094948123,304.9898348978927,0.0,0.006802721088435374,0.003401360544217687,1.0646490307199712,17.367346938775512,0.9887005649717514,425.1520457445228,441,1.1734154224395752
core,100,3000000.0,5,1,exclude,launch,0,0.0,prior,0.0,rr_tour,12600.0,43200,296951.5044314854,0,276225.55503551656,20725.949395968826,0,0,0.0,0,10.956059721120845,24.889307992911856,6968.561876837692,1598.830127828412,4.358538005724624,2.0103646621937825,306.25102518298667,0.0,0.06694560669456066,0.016736401673640166,1.9555033596862594,26.210526315789473,0.972972972972973,743.7283292906119,171,0.4156618118286133
core,100,1500000.0,6,10,exclude,launch,0,0.0,prior,0.0,rr_tour,12600.0,43200,269948.593918114,0,258466.48138980474,11482.112528309268,0,1,0.3927361480281699,1,4.842340003327892,12.251684094333017,7927.135773030543,1624.7771947739377,4.878906350069419,2.009418454344069,305.67768479111083,0.0,0.009389671361502348,0.011737089201877934,1.2563081474914288,19.864779874213838,0.971830985915493,513.7511647487003,318,0.9378187656402588
core,100,1500000.0,5,11,exclude,launch,0,0.0,prior,0.0,rr_tour,12600.0,43200,235629.5582510316,0,220699.52132981882,14930.03692121277,0,1,0.14199115881088883,1,4.789315478557101,13.152355666580199,8018.590898655449,1513.1876551940625,5.299138458558919,2.009850050861222,305.9391375673239,0.0,0.03,0.006666666666666667,1.5082804626141133,25.72645739910314,0.9567307692307693,577.1899718446605,223,0.7967033386230469
core,100,3000000.0,6,1,exclude,launch,0,0.0,prior,0.0,rr_tour,12600.0,43200,265948.1526075912,0,248679.8285081321,17268.324099459056,0,0,0.0,0,10.956059721120845,23.791843144641724,6968.561876837692,1673.6741615623228,4.163631151676952,2.0090511204964887,305.455249132566,0.0,0.06984126984126984,0.025396825396825397,1.7120774141150341,21.05128205128205,0.9728260869565217,674.8466594767249,234,0.4661595821380615
core,100,1500000.0,8,9,exclude,launch,0,0.0,prior,0.0,rr_tour,12600.0,43200,316264.81557535625,0,305021.4468657794,11243.368709576882,0,1,0.6221923432985933,1,4.852417850747997,12.234050513577467,7909.979841733408,1628.3682853833934,4.857611090031167,2.007876915386155,304.74476297049324,0.0,0.00130718954248366,0.00784313725490196,0.9362410612516477,14.814685314685315,0.9943181818181818,386.652795925574,572,1.3013567924499512
core,100,1500000.0,7,10,exclude,launch,0,0.0,prior,0.0,rr_tour,12600.0,43200,250700.4064713183,0,238673.91399001094,12026.492481307361,0,1,0.4228895055786453,1,4.842340003327892,12.169917743010018,7927.135773030543,1636.4359062473252,4.844146808785839,2.008506994142196,305.1259071701182,0.0,0.006980802792321117,0.0034904013961605585,1.0901016212189747,16.655011655011656,0.971830985915493,458.0465527077063,429,1.0683348178863525
core,100,1500000.0,5,12,exclude,launch,0,0.0,prior,0.0,rr_tour,12600.0,43200,459789.0016083867,0,406829.9246414635,52959.07696692321,0,1,0.5954064308845862,1,4.789315478557099,12.080678651655461,8018.5908986554505,1646.6548351171932,4.869624603558623,2.0107870770759213,306.5071545551052,0.0,0.010033444816053512,0.0,1.5158229326178332,24.946188340807176,0.933649289099526,593.1679000138928,223,0.7911944389343262
core,100,1500000.0,8,10,exclude,launch,0,0.0,prior,0.0,rr_tour,12600.0,43200,230473.67911731006,0,221854.17140527008,8619.50771204,0,1,0.4600029441412205,1,4.842340003327892,12.738866657296844,7927.135773030543,1563.91873044211,5.068764520001363,2.007774890424512,304.683068931041,0.0,0.009271523178807948,0.0,0.9484016571548235,14.523725834797892,0.9765258215962441,396.4114868033717,569,1.2918519973754883
core,100,1500000.0,6,12,exclude,launch,0,0.0,prior,0.0,rr_tour,12600.0,43200,429475.46321820765,0,381698.9921784898,47776.47103971784,0,1,0.6374323844139589,1,4.789315478557099,13.24099077233312,8018.5908986554505,1503.499937843384,5.3332831593975945,2.0092597939959758,305.5815995330397,0.0,0.007058823529411765,0.002352941176470588,1.273962219387134,20.60759493670886,0.9619047619047619,503.9252956344427,316,0.9647157192230225
core,100,1500000.0,7,11,exclude,launch,0,0.0,prior,0.0,rr_tour,12600.0,43200,177549.20048447998,0,170177.699715001,7371.500769478952,0,1,0.18843967719858173,1,4.789315478557101,13.347570442471918,8018.590898655449,1492.5959087301724,5.372244993942985,2.007777222053157,304.6844787867535,0.0,0.008635578583765112,0.0017271157167530224,1.0867511313408083,17.94212962962963,0.9615384615384616,422.82473671489925,432,1.2037410736083984
core,100,3000000.0,7,1,exclude,launch,0,0.0,prior,0.0,rr_tour,12600.0,43200,225760.84924257407,0,212908.8189898978,12852.030252676306,0,0,0.0,0,10.956059721120845,22.9059228938241,6968.561876837692,1739.3788132333107,4.006350901724458,2.007927449214531,304.77532286403317,0.0,0.06476683937823834,0.02072538860103627,1.6338377114207963,19.452296819787986,0.9726775956284153,597.1604135997566,283,0.9247064590454102
core,100,3000000.0,7,2,exclude,launch,0,0.0,prior,0.0,rr_tour,12600.0,43200,219141.8274455538,0,206934.97954408216,12206.847901471636,0,0,0.0,0,12.049285418414861,24.279356330490216,6306.0645414764385,1640.9258960066245,3.842991665146456,2.00800065063046,304.81959350142927,0.0,0.0395778364116095,0.018469656992084433,1.6536632226778947,20.03191489361702,0.9547511312217195,587.277304779481,282,0.5170538425445557
core,100,1500000.0,7,12,exclude,launch,0,0.0,prior,0.0,rr_tour,12600.0,43200,410783.06940037827,0,363042.3011247281,47740.76827565019,0,1,0.6664401780632766,1,4.789315478557099,12.604578323313849,8018.5908986554505,1579.9138277852217,5.075334336364529,2.008622253422807,305.1956550299105,0.0,0.010273972602739725,0.0017123287671232876,1.0650530861849574,16.66289592760181,0.9428571428571428,444.54957507855795,442,1.131232500076294
core,100,3000000.0,8,1,exclude,launch,0,0.0,prior,0.0,rr_tour,12600.0,43200,197540.96581943773,0,189358.03120608884,8182.934613348902,0,0,0.0,0,10.956059721120845,24.403195773484764,6968.561876837692,1633.407754260009,4.266272067500191,2.0070059960632234,304.21832283218544,0.0,0.0614406779661017,0.023305084745762712,1.518302344697458,17.94269340974212,0.9782608695652174,527.6728345136702,349,1.0237138271331787
core,100,1500000.0,8,11,exclude,launch,0,0.0,prior,0.0,rr_tour,12600.0,43200,163346.96459143492,0,156630.2758629083,6716.688728526597,0,1,0.2048236042209024,1,4.789315478557101,12.99488203707476,8018.590898655449,1533.4922483903106,5.228973871287887,2.007271252535,304.3786128550282,0.0,0.008,0.0,0.9563794212750076,15.117437722419929,0.966183574879227,385.02968621800534,562,1.3577582836151123
core,100,3000000.0,12,1,exclude,launch,0,0.0,prior,0.0,rr_tour,12600.0,43200,330187.28622778924,0,318179.4489887278,12007.8372390614,0,1,0.6256930428971256,1,10.956059721120845,27.45817267581357,6968.561876837692,1453.2450107774603,4.7951734395493535,2.0048390576699164,302.91045954568955,0.0,0.010869565217391304,0.014130434782608696,1.1530808288000733,13.193641618497109,0.9781420765027322,358.43471432187175,692,0.960195779800415
core,100,1500000.0,8,12,exclude,launch,0,0.0,prior,0.0,rr_tour,12600.0,43200,395184.46430075687,0,349110.7436518093,46073.72064894757,0,1,0.6927003111145592,1,4.789315478557099,12.647113496830528,8018.5908986554505,1575.1010626360742,5.090842161731269,2.007983551023504,304.8092517401859,0.0,0.002663115845539281,0.0013315579227696406,0.9484009464041974,14.446808510638299,0.9571428571428572,402.56143858822634,564,1.2948532104492188
core,100,3000000.0,9,1,exclude,launch,0,0.0,prior,0.0,rr_tour,12600.0,43200,171619.01523589646,0,163949.24941927186,7669.7658166246065,0,0,0.0,0,10.956059721120845,22.186976725743623,6968.561876837692,1797.0819026585714,3.877709672847144,2.0064298880576974,303.8703358727489,0.0,0.03225806451612903,0.007168458781362007,1.4447374349784137,16.661057692307693,0.9836065573770492,475.14129918134944,416,1.225344181060791
core,100,3000000.0,6,2,exclude,launch,0,0.0,prior,0.0,rr_tour,12600.0,43200,248962.3660546289,0,232553.2951482039,16409.070906425,0,0,0.0,0,12.049285418414861,24.802222734451487,6306.0645414764385,1605.3738737985627,3.928097151945867,2.009200107702405,305.54545721596384,0.0,0.07348242811501597,0.022364217252396165,1.718905381970191,22.068669527896997,0.954954954954955,644.6155884624617,233,0.8962032794952393
core,100,3000000.0,14,1,exclude,launch,0,0.0,prior,0.0,rr_tour,12600.0,43200,314386.98606806854,0,304148.23615587,10238.749912198486,0,1,0.657138803452507,1,10.956059721120845,26.237191063729163,6968.561876837692,1521.1649832711487,4.581069084204353,2.004455086564393,302.67900627752454,0.0,0.00487012987012987,0.012987012987012988,1.009254896733397,10.973941368078176,0.9835164835164835,323.89901399279563,921,1.1297180652618408
core,100,3000000.0,10,1,exclude,launch,0,0.0,prior,0.0,rr_tour,12600.0,43200,159360.72149439776,0,153233.0655472458,6127.655947151976,0,0,0.0,0,10.956059721120845,21.870042132546114,6968.561876837692,1823.3465247964477,3.82185272084561,2.006185807137175,303.72296354528663,0.0,0.0310192023633678,0.023633677991137372,1.3046383766769818,14.449101796407186,0.9836065573770492,457.60869578050216,501,1.3612618446350098
core,100,3000000.0,11,1,exclude,launch,0,0.0,prior,0.0,rr_tour,12600.0,43200,144707.34122286888,0,140073.88881020117,4633.452412667715,0,0,0.0,1,10.956059721120845,20.733936040727176,6968.561876837692,1923.4794018171463,3.622893944304453,2.0059527202153467,303.58226259259646,0.0,0.022113022113022112,0.022113022113022112,1.190382648421728,12.947454844006568,0.9890710382513661,417.41385715851317,609,1.5337660312652588
core,100,3000000.0,8,2,exclude,launch,0,0.0,prior,0.0,rr_tour,12600.0,43200,199286.94022835593,0,187816.96949946776,11469.970728888196,0,0,0.0,0,12.049285418414861,23.54767915540771,6306.0645414764385,1692.5784304980264,3.725714819384136,2.0072112160700977,304.3423301332215,0.0,0.03389830508474576,0.02754237288135593,1.520622921577298,17.639204545454547,0.9638009049773756,533.2119149271037,352,1.1362197399139404
core,100,3000000.0,4,3,exclude,launch,0,0.0,prior,0.0,rr_tour,12600.0,43200,355091.43495830655,0,321485.3026024665,33606.13235584004,0,0,0.0,0,9.881769636333438,25.249882463907678,7762.382610686937,1574.6994161075716,4.929437663649118,2.0120230867709643,307.25721844722926,0.0,0.06395348837209303,0.03488372093023256,2.01209055544233,29.060606060606062,0.9575471698113207,865.5463543242155,132,0.5550649166107178
core,100,3000000.0,9,2,exclude,launch,0,0.0,prior,0.0,rr_tour,12600.0,43200,179793.71017179638,0,170315.01268453145,9478.697487264939,0,0,0.0,0,12.049285418414861,25.09711492157425,6306.0645414764385,1588.6960958762243,3.9693334413328514,2.006436221348311,303.87416029255985,0.0,0.019434628975265017,0.019434628975265017,1.4249718240135578,16.204761904761906,0.9728506787330317,487.0888738958659,420,1.2872414588928223
core,100,3000000.0,7,3,exclude,launch,0,0.0,prior,0.0,rr_tour,12600.0,43200,224183.31706424087,0,206427.07628612756,17756.240778113282,0,0,0.0,0,9.881769636333438,22.56895771344903,7762.382610686937,1765.8330042637986,4.395875822880084,2.0073765869265126,304.4422763663129,0.0,0.046632124352331605,0.018134715025906734,1.629115246320715,19.346153846153847,0.9808612440191388,597.8940928685039,286,0.5065481662750244
core,100,3000000.0,5,3,exclude,launch,0,0.0,prior,0.0,rr_tour,12600.0,43200,300528.27918564697,0,275802.27209285396,24726.007092793046,0,0,0.0,0,9.881769636333438,22.854622538494933,7762.382610686937,1741.7846123818424,4.456568599530853,2.009654891579536,305.8209000271451,0.0,0.08482142857142858,0.017857142857142856,2.0203893888059836,25.98170731707317,0.9569377990430622,777.126983307685,164,0.7300732135772705
core,100,3000000.0,10,2,exclude,launch,0,0.0,prior,0.0,rr_tour,12600.0,43200,160973.74078267015,0,153202.76596383753,7770.974818832618,0,0,0.0,0,12.049285418414861,24.202964761591176,6306.0645414764385,1647.7216078841298,3.8271419827856565,2.006030729553771,303.6293486419478,0.0,0.010309278350515464,0.020618556701030927,1.3035194054121548,14.513833992094861,0.9592760180995475,449.1722712723232,506,1.411759614944458
core,100,3000000.0,13,1,exclude,launch,0,0.0,prior,0.0,rr_tour,12600.0,43200,322523.68833553087,0,312131.3550516317,10392.333283899157,0,1,0.6405603536038018,1,10.956059721120845,26.782530183859084,6968.561876837692,1490.0636323848148,4.67668744165285,2.004626969203801,302.7826041754843,0.0,0.01014760147601476,0.013837638376383764,1.0745052440619478,11.774875621890548,0.9781420765027322,347.6179285792248,804,1.9013097286224365
core,100,3000000.0,6,3,exclude,launch,0,0.0,prior,0.0,rr_tour,12600.0,43200,246738.44838278214,0,229385.06396914693,17353.38441363521,0,0,0.0,0,9.881769636333438,21.59520084229522,7762.382610686937,1844.6593196851682,4.20803046278039,2.008244421009062,304.96704374876975,0.0,0.07142857142857142,0.006802721088435374,1.8636422932209131,22.829493087557605,0.9712918660287081,668.9884959837341,217,0.8225932121276855
core,100,3000000.0,15,2,exclude,launch,0,0.0,prior,0.0,rr_tour,12600.0,43200,334267.35816121724,0,317469.29395794723,16798.064203270027,0,1,0.6979961299710032,1,12.049285418414861,26.88908717497829,6306.0645414764385,1484.3618906770776,4.248333631497362,2.004352638277496,302.61726660449006,0.0,0.002851033499643621,0.0135424091233072,0.9490880801799222,10.199808795411089,0.9590909090909091,307.76765259078053,1046,1.226243019104004
core,100,3000000.0,11,2,exclude,launch,0,0.0,prior,0.0,rr_tour,12600.0,43200,149027.23402122324,0,141149.69516930383,7877.538851919401,0,0,0.0,0,12.049285418414861,23.830224887402952,6306.0645414764385,1673.8536207325233,3.767393076293455,2.005600226951739,303.36954493361674,0.0,0.012626262626262626,0.011363636363636364,1.2396956169743598,13.513559322033899,0.9773755656108597,414.19540344430953,590,1.3932626247406006
core,100,3000000.0,12,2,exclude,launch,0,0.0,prior,0.0,rr_tour,12600.0,43200,134029.3028019096,0,129237.9077674729,4791.395034436689,0,0,0.0,0,12.049285418414861,22.695802804248583,6306.0645414764385,1757.591488053398,3.58790116152682,2.0055176894030584,303.31974711073985,0.0,0.007526881720430108,0.025806451612903226,1.1345432584445052,12.2561505065123,0.9728506787330317,388.1257871497642,691,1.5533998012542725
core,100,3000000.0,8,3,exclude,launch,0,0.0,prior,0.0,rr_tour,12600.0,43200,196524.10915469658,0,186602.79824849108,9921.310906205488,0,0,0.0,0,9.881769636333438,20.35162531760885,7762.382610686937,1958.7406833565205,3.9629455173133126,2.0068455265918126,304.1213743253834,0.0,0.03404255319148936,0.019148936170212766,1.5076327733040016,17.025641025641026,0.9665071770334929,551.7163599333884,351,1.0157380104064941
core,100,3000000.0,15,1,exclude,launch,0,0.0,prior,0.0,rr_tour,12600.0,43200,307021.7025031151,0,297477.3001093102,9544.402393804883,0,1,0.6729032057390604,1,10.956059721120845,26.3095954277537,6968.561876837692,1517.1062118088955,4.59332499108869,2.0042866352899775,302.57749374661944,0.0,0.004297994269340974,0.012177650429799427,0.9456779945456065,10.214285714285714,0.9781420765027322,306.9291358961547,1050,2.2124650478363037
core,100,3000000.0,16,1,exclude,launch,0,0.0,prior,0.0,rr_tour,12600.0,43200,299603.7164337503,0,290173.48971842905,9430.226715321269,0,1,0.6895638355390502,1,10.956059721120845,26.08365736731574,6968.561876837692,1530.3627192035574,4.55353609271423,2.0041356935619654,302.4865473255508,0.0,0.0012658227848101266,0.010759493670886076,0.8945179046535217,9.638958858102434,0.989010989010989,285.178905860134,1191,2.2179651260375977
core,100,3000000.0,5,4,exclude,launch,0,0.0,prior,0.0,rr_tour,12600.0,43200,302469.5479791004,0,273228.84949745896,29240.698481641397,0,0,0.0,0,10.702982942635535,22.272088494823183,7141.218427495743,1786.9700587537732,3.9962720094347883,2.010072711234855,306.0740645943991,0.0,0.05263157894736842,0.03070175438596491,2.0036768359301815,25.53939393939394,0.9485981308411215,791.299323638579,165,0.6086902618408203
core,100,3000000.0,7,4,exclude,launch,0,0.0,prior,0.0,rr_tour,12600.0,43200,224960.79078125913,0,210240.25071051792,14720.540070741197,0,0,0.0,0,10.702982942635535,22.490503358973946,7141.218427495743,1771.6763014470596,4.030769289888327,2.007735211049119,304.65907667646377,0.0,0.05263157894736842,0.039473684210526314,1.6126559381340682,18.742957746478872,0.9530516431924883,626.3858199568806,284,0.5302817821502686
core,100,3000000.0,13,2,exclude,launch,0,0.0,prior,0.0,rr_tour,12600.0,43200,350795.6612574871,0,332477.79497936193,18317.86627812515,0,1,0.6651089170709646,1,12.049285418414861,27.101263806986687,6306.0645414764385,1472.4707219208424,4.282641717487027,2.0047202399599815,302.838828175573,0.0,0.009319664492078284,0.015843429636533086,1.0799526425563792,11.755305867665419,0.9457013574660633,348.8376455557846,801,1.8705527782440186
core,100,3000000.0,9,3,exclude,launch,0,0.0,prior,0.0,rr_tour,12600.0,43200,170623.1761016856,0,162553.35879369438,8069.817307991214,0,0,0.0,0,9.881769636333438,21.326516011300875,7762.382610686937,1869.7895651291026,4.1514739174143225,2.0062143946136386,303.74022237830724,0.0,0.022375215146299483,0.022375215146299483,1.364230656491426,15.594965675057209,0.9856459330143541,487.73389646135564,437,1.1218693256378174
core,100,3000000.0,17,1,exclude,launch,0,0.0,prior,0.0,rr_tour,12600.0,43200,293374.02188485465,0,284282.97979218006,9091.042092674574,0,1,0.7042064819457476,1,10.956059721120845,25.505964778743678,6968.561876837692,1565.0667254137352,4.452565353081358,2.004081473510573,302.45388163414924,0.0,0.0005621135469364812,0.008431703204047217,0.8455007792912643,9.065818997756171,0.989010989010989,270.29977437528726,1337,2.4476068019866943
core,100,3000000.0,19,2,exclude,launch,0,0.0,prior,0.0,rr_tour,12600.0,43200,312453.0274785139,0,296998.48733410187,15454.54014441201,0,1,0.7467276737723523,1,12.049285418414861,27.01083375209029,6306.0645414764385,1478.0321365359173,4.266527354578394,2.003863432656309,302.32253742735236,0.0,0.0,0.0053811659192825115,0.7586003608037704,7.971873129862358,0.9545454545454546,245.72985196030365,1671,1.7314419746398926
core,100,3000000.0,6,4,exclude,launch,0,0.0,prior,0.0,rr_tour,12600.0,43200,262419.1081071215,0,239365.29155848135,23053.816548640116,0,0,0.0,0,10.702982942635535,23.136525528989747,7141.218427495743,1721.4972116295405,4.148260234900982,2.008563299483848,305.1599787197239,0.0,0.05921052631578947,0.01644736842105263,1.7564751326618935,21.223684210526315,0.9436619718309859,688.591614823415,228,0.7143104076385498
core,100,3000000.0,12,3,exclude,launch,0,0.0,prior,0.0,rr_tour,12600.0,43200,236714.5074690268,0,213244.49759407403,23470.00987495277,0,1,0.47731051952128684,1,9.881769636333438,27.164259795830578,7762.382610686937,1469.2038689832243,5.283393798887124,2.0045184054791063,302.71716808388595,0.0,0.0021413276231263384,0.016059957173447537,1.1348130762623712,12.631054131054132,0.9471153846153846,371.57127625418644,702,1.0338549613952637
core,100,3000000.0,14,2,exclude,launch,0,0.0,prior,0.0,rr_tour,12600.0,43200,341925.7994081732,0,325021.90992767364,16903.889480499576,0,1,0.6823624387981262,1,12.049285418414861,27.083233324453765,6306.0645414764385,1473.5626849311434,4.279468125762908,2.0045683102390623,302.7472469809696,0.0,0.003218020917135961,0.015285599356395816,0.9949236581201357,10.72610096670247,0.9457013574660633,327.5901605443662,931,1.969559669494629
core,100,3000000.0,10,3,exclude,launch,0,0.0,prior,0.0,rr_tour,12600.0,43200,154009.23051090998,0,147578.82407822055,6430.406432689419,0,0,0.0,1,9.881769636333438,20.224324315912657,7762.382610686937,1972.0021631286957,3.936295180514137,2.0058967698980377,303.54849350739187,0.0,0.008583690987124463,0.02145922746781116,1.2789845859155058,14.140655105973025,0.9807692307692307,445.78563843917686,519,1.2363817691802979
core,100,3000000.0,13,3,exclude,launch,0,0.0,prior,0.0,rr_tour,12600.0,43200,226448.1064364496,0,203899.34903507962,22548.75740136998,0,1,0.4989162610335498,1,9.881769636333438,26.347323512458832,7762.382610686937,1514.9117316594043,5.1239834298359925,2.004315818749612,302.595079137211,0.0,0.005571030640668524,0.017641597028783658,1.0707174322632556,11.716770186335404,0.961352657004831,344.69245239849084,805,1.0823826789855957
core,100,3000000.0,8,4,exclude,launch,0,0.0,prior,0.0,rr_tour,12600.0,43200,196906.1924129588,0,185333.78670856936,11572.405704389443,0,0,0.0,0,10.702982942635535,23.063463818820356,7141.218427495743,1728.5381038698333,4.13136303533492,2.0067186939534807,304.0447586266207,0.0,0.028384279475982533,0.019650655021834062,1.5606501268411181,17.628318584070797,0.9528301886792453,545.8301015625434,339,0.9743590354919434
core,100,3000000.0,11,3,exclude,launch,0,0.0,prior,0.0,rr_tour,12600.0,43200,245339.66253232848,0,221718.99031805302,23620.67221427543,0,1,0.46054068124388414,1,9.881769636333438,27.511626197127498,7762.382610686937,1450.4213431341436,5.3518121802548695,2.004839189583447,302.9105390768159,0.0,0.0012345679012345679,0.02345679012345679,1.1924449442737581,13.667215815485998,0.9471153846153846,396.6018154900946,607,1.4759140014648438
core,100,3000000.0,5,5,exclude,launch,0,0.0,prior,0.0,rr_tour,12600.0,43200,294393.85088359675,0,267029.43206181296,27364.41882178379,0,0,0.0,0,11.54863554522297,23.297826681142666,6593.891938148332,1708.3003310025717,3.8599137508089645,2.010066158503879,306.070093366435,0.0,0.05785123966942149,0.012396694214876033,1.879259684458864,25.0,0.9469026548672567,742.5029001364411,179,0.427154541015625
core,100,3000000.0,16,2,exclude,launch,0,0.0,prior,0.0,rr_tour,12600.0,43200,326148.7380041453,0,310405.10753382527,15743.630470320059,0,1,0.7153709188020726,1,12.049285418414861,27.29667893325306,6306.0645414764385,1462.2894423750856,4.3124598719894855,2.0042266426170743,302.5413449225883,0.0,0.0,0.013758599124452783,0.8773662891916897,9.45643153526971,0.9590909090909091,286.767268499853,1205,2.326214075088501
core,100,3000000.0,7,5,exclude,launch,0,0.0,prior,0.0,rr_tour,12600.0,43200,212220.4793694339,0,199056.89018495596,13163.589184477933,0,0,0.0,0,11.54863554522297,22.147452297687202,6593.891938148332,1799.4082521280964,3.664477991778669,2.0074119456439936,304.4636484678651,0.0,0.04132231404958678,0.011019283746556474,1.7497744110820665,20.49063670411985,0.9601769911504425,607.3074589701591,267,0.5351662635803223
core,100,3000000.0,9,4,exclude,launch,0,0.0,prior,0.0,rr_tour,12600.0,43200,173366.2597952457,0,164754.8140738947,8611.44572135102,0,0,0.0,0,10.702982942635535,22.598988936631407,7141.218427495743,1764.679710339333,4.046750458825498,2.0060191984859532,303.6223883166958,0.0,0.0111731843575419,0.00931098696461825,1.513876894550446,16.866161616161616,0.9476190476190476,494.6301519174887,396,1.101335048675537
core,100,3000000.0,17,2,exclude,launch,0,0.0,prior,0.0,rr_tour,12600.0,43200,322002.22319343337,0,305590.68934002775,16411.533853405606,0,1,0.7245829549195463,1,12.049285418414861,27.15455281669192,6306.0645414764385,1470.0525503124768,4.289686474225708,2.0040773142959507,302.4513759251306,0.0,0.0005577244841048522,0.010596765197992191,0.8392552786539355,8.969380134428679,0.9681818181818181,273.3751080905331,1339,2.5142226219177246
core,100,3000000.0,6,5,exclude,launch,0,0.0,prior,0.0,rr_tour,12600.0,43200,249411.9163110296,0,232976.7208259971,16435.195485032495,0,0,0.0,0,11.54863554522297,23.703549272011195,6593.891938148332,1680.3362379486816,3.9241502916095015,2.008539667443065,305.14567824185053,0.0,0.0784313725490196,0.016339869281045753,1.7698741027057143,21.955555555555556,0.9424778761061947,667.9503946553145,225,0.7446792125701904
core,100,3000000.0,10,4,exclude,launch,0,0.0,prior,0.0,rr_tour,12600.0,43200,157365.8891858919,0,149573.0329439354,7792.856241956507,0,0,0.0,0,10.702982942635535,21.86409876767677,7141.218427495743,1824.1478427694065,3.9148243689798754,2.0058496291277708,303.52004292494235,0.0,0.014619883040935672,0.033625730994152045,1.3118510450338083,14.371769383697814,0.9619047619047619,455.85680847607614,503,1.1839489936828613
core,100,3000000.0,10,5,exclude,launch,0,0.0,prior,0.0,rr_tour,12600.0,43200,153789.34045308427,0,146861.00817824726,6928.332274837028,0,0,0.0,0,11.54863554522297,19.875683612564465,6593.891938148332,2006.6906020863366,3.2859534655181655,2.0057993920838695,303.48972513488445,0.0,0.02457757296466974,0.009216589861751152,1.3954157365093487,14.71875,0.96875,465.7996418832997,480,0.7507812976837158
core,100,3000000.0,11,4,exclude,launch,0,0.0,prior,0.0,rr_tour,12600.0,43200,141749.1312448106,0,136139.98737010208,5609.143874708503,0,0,0.0,1,10.702982942635535,18.747360751796464,7141.218427495743,2127.3450403169786,3.356868910382157,2.0059121797049446,303.557793983626,0.0,0.005037783375314861,0.015113350125944584,1.2177609212009999,12.882943143812708,0.9619047619047619,426.50123253413386,598,1.2819700241088867
core,100,3000000.0,18,2,exclude,launch,0,0.0,prior,0.0,rr_tour,12600.0,43200,316698.5599617904,0,301284.4571181675,15414.102843622924,0,1,0.7367173453529735,1,12.049285418414861,27.098879664173936,6306.0645414764385,1473.1254512019987,4.280738301229537,2.0040055395212306,302.4081370167952,0.0,0.0009935419771485345,0.01092896174863388,0.7866361147576958,8.341705221414408,0.9726027397260274,259.0225344273437,1513,2.7278575897216797
core,100,3000000.0,8,5,exclude,launch,0,0.0,prior,0.0,rr_tour,12600.0,43200,191275.73218345924,0,178300.40160164263,12975.330581816612,0,0,0.0,0,11.54863554522297,21.412236305829484,6593.891938148332,1861.7215979680605,3.541824913749245,2.0068421883959315,304.1193577001725,0.0,0.032467532467532464,0.021645021645021644,1.5592885331007713,17.655882352941177,0.9775784753363229,544.1104922098611,340,0.9373166561126709
core,100,3000000.0,14,3,exclude,launch,0,0.0,prior,0.0,rr_tour,12600.0,43200,217968.54981631713,0,195608.15356951195,22360.396246805176,0,1,0.5183202378569194,1,9.881769636333438,26.361675972965713,7762.382610686937,1514.2444989689718,5.12624124834017,2.004107276289317,302.46942668914545,0.0,0.0032653061224489797,0.015510204081632653,1.0062355401505043,10.926247288503253,0.9565217391304348,325.1903211984115,922,1.8281543254852295
core,100,3000000.0,14,4,exclude,launch,0,0.0,prior,0.0,rr_tour,12600.0,43200,290121.3420426784,0,272275.3084228985,17846.033619779828,0,1,0.6361707915771003,1,10.702982942635535,25.021603674107325,7141.218427495743,1595.182468810982,4.47674079117649,2.004308083722962,302.5904181093862,0.0,0.0008216926869350862,0.01314708299096138,1.0179753453344393,10.895604395604396,0.9663461538461539,326.9824268881151,910,1.162351369857788
core,100,3000000.0,9,5,exclude,launch,0,0.0,prior,0.0,rr_tour,12600.0,43200,168905.17208604066,0,158012.4761211591,10892.69596488156,0,0,0.0,0,11.54863554522297,20.63495799519811,6593.891938148332,1932.3847923075894,3.4123079235549802,2.0062857423936102,303.7832986033978,0.0,0.01981981981981982,0.014414414414414415,1.4467738645297126,16.041162227602907,0.9642857142857143,495.11280247827085,413,1.0493340492248535
core,100,3000000.0,12,4,exclude,launch,0,0.0,prior,0.0,rr_tour,12600.0,43200,306203.5368242164,0,286989.570825654,19213.965998562395,0,1,0.6027583016673517,1,10.702982942635535,25.049623870610596,7141.218427495743,1593.0927743525901,4.482613029487771,2.0046922433809766,302.8219511729698,0.0,0.009846827133479213,0.01312910284463895,1.175871539101214,12.894428152492669,0.9476190476190476,374.8961922114105,682,1.471494197845459
core,100,3000000.0,15,3,exclude,launch,0,0.0,prior,0.0,rr_tour,12600.0,43200,209930.3513674036,0,188167.68693769543,21762.664429708166,0,1,0.5381518308239884,1,9.881769636333438,26.41772737717022,7762.382610686937,1511.1667396958433,5.136681748467607,2.0039281525310364,302.36152063331394,0.0,0.0,0.008553100498930863,0.94875216119556,10.290874524714829,0.9516908212560387,300.01905160378305,1052,2.0152056217193604
core,100,3000000.0,6,6,exclude,launch,0,0.0,prior,0.0,rr_tour,12600.0,43200,259353.27105756535,0,234479.52043083886,24873.75062672651,0,0,0.0,0,10.104296583726496,22.22405782455294,7584.090639439221,1791.8574621196026,4.232530097828172,2.0089224355632984,305.3773442948935,0.0,0.06521739130434782,0.024844720496894408,1.7161056044330607,21.982905982905983,0.9730941704035875,642.4651863564462,234,0.5017483234405518
core,100,3000000.0,5,6,exclude,launch,0,0.0,prior,0.0,rr_tour,12600.0,43200,294564.8019804463,0,270245.9671621327,24318.834818313546,0,0,0.0,0,10.104296583726496,24.525017342380465,7584.090639439221,1622.5702244060917,4.67412166534439,2.010375402060208,306.25753592649824,0.0,0.06854838709677419,0.036290322580645164,1.7892687331608215,24.581521739130434,0.9641255605381166,728.4474611665198,184,0.6827948093414307
core,100,3000000.0,13,4,exclude,launch,0,0.0,prior,0.0,rr_tour,12600.0,43200,300481.9129940121,0,280947.443285132,19534.46970888017,0,1,0.6142357188213827,1,10.702982942635535,25.96984326400426,7141.218427495743,1536.8012234681566,4.646806833859677,2.004485693137402,302.69745231531806,0.0,0.006628787878787879,0.020833333333333332,1.081522539783292,11.747782002534855,0.9617224880382775,352.2058518135698,789,1.6257240772247314
core,100,3000000.0,13,5,exclude,launch,0,0.0,prior,0.0,rr_tour,12600.0,43200,276955.2324166451,0,263107.3399906824,13847.892425962691,0,1,0.6034774821938492,1,11.54863554522297,25.123457387402823,6593.891938148332,1588.5403235305628,4.150912533018535,2.0045289763220078,302.7235392811622,0.0,0.003734827264239029,0.017740429505135387,1.0746909754714917,11.635,0.9775784753363229,350.25748650811795,800,1.0830554962158203
core,100,3000000.0,11,5,exclude,launch,0,0.0,prior,0.0,rr_tour,12600.0,43200,137106.9215299233,0,130437.8722173138,6669.049312609517,0,0,0.0,0,11.54863554522297,18.88251449567719,6593.891938148332,2112.2989391395204,3.1216660748002183,2.005740663573014,303.4542847092861,0.0,0.012706480304955527,0.010165184243964422,1.2450081613190793,13.320882852292021,0.9775784753363229,421.398886339851,589,1.3783059120178223
core,100,3000000.0,7,6,exclude,launch,0,0.0,prior,0.0,rr_tour,12600.0,43200,225880.89876389137,0,212927.14034968612,12953.758414205227,0,0,0.0,0,10.104296583726496,20.315990314472632,7584.090639439221,1961.084674066169,3.8672938194525535,2.007962714483427,304.7966501366396,0.0,0.05412371134020619,0.015463917525773196,1.6413249978890438,19.13427561837456,0.9775784753363229,612.868234568556,283,0.8646109104156494
core,100,3000000.0,15,5,exclude,launch,0,0.0,prior,0.0,rr_tour,12600.0,43200,261976.30522637957,0,248587.2768637916,13389.028362587962,0,1,0.6379823022344823,1,11.54863554522297,24.754028897800094,6593.891938148332,1612.5212652213845,4.089181383442439,2.004188855036353,302.51857697376647,0.0,0.0007117437722419929,0.013523131672597865,0.9420884553850055,10.03875236294896,0.9775784753363229,309.68781652907836,1058,1.3068065643310547
core,100,3000000.0,12,5,exclude,launch,0,0.0,prior,0.0,rr_tour,12600.0,43200,130760.02273252806,0,126222.19378569105,4537.8289468369885,0,0,0.0,1,11.54863554522297,19.16994157383872,6593.891938148332,2080.7292600420446,3.1690292748683175,2.005642959400479,303.39532853752587,0.0,0.013859275053304905,0.024520255863539446,1.1150004447371018,11.523404255319148,0.9775784753363229,405.1723243595076,705,1.5184266567230225
core,100,3000000.0,5,7,exclude,launch,0,0.0,prior,0.0,rr_tour,12600.0,43200,296277.6157340372,0,265820.6118717373,30457.003862299873,0,0,0.0,0,9.578630957114198,23.13035658215828,8018.5908986554505,1720.4389336598329,4.6607820491470555,2.0103348291338916,306.23294008830277,0.0,0.0815450643776824,0.008583690987124463,1.9450383810827987,25.226744186046513,0.9342105263157895,752.439374894303,172,0.41428399085998535
core,100,3000000.0,11,6,exclude,launch,0,0.0,prior,0.0,rr_tour,12600.0,43200,411340.0847584363,0,366269.6280851285,45070.4566733078,0,1,0.671578853226252,1,10.104296583726496,26.723093184768086,7584.090639439221,1492.9258466849162,5.080018311880599,2.005233834818873,303.14851879939727,0.0,0.009673518742442563,0.02418379685610641,1.1518353782461264,13.222929936305732,0.9641255605381166,397.0540366734087,628,0.9366700649261475
core,100,3000000.0,15,4,exclude,launch,0,0.0,prior,0.0,rr_tour,12600.0,43200,281920.577960755,0,263977.6059828646,17942.971977890335,0,1,0.6546763104550456,1,10.702982942635535,23.934900682552616,7141.218427495743,1667.7395540845998,4.281974610487345,2.004149562037876,302.4949028822575,0.0,0.0,0.003654970760233918,0.9793534224942418,10.330078125,0.9519230769230769,306.8031086690545,1024,2.0840134620666504
core,100,3000000.0,8,6,exclude,launch,0,0.0,prior,0.0,rr_tour,12600.0,43200,199496.43367775792,0,186538.84433554285,12957.589342215073,0,0,0.0,0,10.104296583726496,21.641844309900087,7584.090639439221,1841.7658432635164,4.117836513897225,2.0070643831670356,304.2536015530808,0.0,0.05627705627705628,0.02813852813852814,1.5314935915126888,17.728323699421967,0.9775784753363229,538.9805928453549,346,1.0261833667755127
core,100,3000000.0,4,7,exclude,launch,0,0.0,prior,0.0,rr_tour,12600.0,43200,354946.5610849535,0,315168.97594059655,39777.58514435694,0,0,0.0,0,9.578630957114198,24.017168329195552,8018.5908986554505,1655.0457238161125,4.844936175036076,2.0126033376320547,307.60965581507315,0.0,0.0670391061452514,0.0223463687150838,2.0238839002651208,28.533834586466167,0.9145299145299145,888.058688480035,133,0.555417537689209
core,100,3000000.0,16,4,exclude,launch,0,0.0,prior,0.0,rr_tour,12600.0,43200,277115.1232375029,0,259322.56520620306,17792.558031299865,0,1,0.6660290555940489,1,10.702982942635535,24.321348138106547,7141.218427495743,1641.3088781014717,4.350929019378793,2.004066018157009,302.4445706453014,0.0,0.0,0.009554140127388535,0.9050337203024156,9.536626916524702,0.9615384615384616,293.35407393192014,1174,2.111013174057007
core,100,3000000.0,9,6,exclude,launch,0,0.0,prior,0.0,rr_tour,12600.0,43200,180657.0095614957,0,169005.89486201308,11651.114699482649,0,0,0.0,0,10.104296583726496,21.99889368109905,7584.090639439221,1812.3417078416085,4.1846913342139125,2.006545726147262,303.9402896475956,0.0,0.05,0.02586206896551724,1.3672505059593134,15.642857142857142,0.9865470852017937,485.02023291813424,434,1.110196828842163
core,100,3000000.0,10,6,exclude,launch,0,0.0,prior,0.0,rr_tour,12600.0,43200,153379.31659898552,0,146635.24802364665,6744.068575338877,0,0,0.0,0,10.104296583726496,21.009657996376617,7584.090639439221,1898.0747828591539,3.9956753590156078,2.0061235899753043,303.68540349143825,0.0,0.013100436681222707,0.020378457059679767,1.2777335001797105,14.444874274661508,0.9865470852017937,442.30844552650154,517,1.2328176498413086
core,100,3000000.0,14,5,exclude,launch,0,0.0,prior,0.0,rr_tour,12600.0,43200,270219.0479609092,0,256088.5818551392,14130.466105770001,0,1,0.6185213351924318,1,11.54863554522297,24.44935778225802,6593.891938148332,1632.491905343811,4.039157509182029,2.004340465903646,302.6099314354658,0.0,0.005718954248366013,0.011437908496732025,1.0143709201299662,10.811546840958606,0.9820627802690582,331.6986943609043,918,1.929506778717041
core,100,3000000.0,17,4,exclude,launch,0,0.0,prior,0.0,rr_tour,12600.0,43200,271635.3259955258,0,254605.75239610576,17029.573599420037,0,1,0.6794650995568271,1,10.702982942635535,24.632768031362456,7141.218427495743,1620.6118894971846,4.406495147774953,2.0040001474774845,302.40488884044316,0.0,0.0,0.012994350282485875,0.8423046045246276,8.827327327327327,0.9615384615384616,279.39676819673565,1332,2.4526751041412354
core,100,3000000.0,6,7,exclude,launch,0,0.0,prior,0.0,rr_tour,12600.0,43200,260316.27398300663,0,236011.779288923,24304.494694083645,0,0,0.0,0,9.578630957114198,21.3234909178327,8018.5908986554505,1867.3767844277068,4.294040155968256,2.0090915459399614,305.4797244262506,0.0,0.08794788273615635,0.026058631921824105,1.7715819685124305,21.384955752212388,0.9570815450643777,694.2930193855227,226,0.7698159217834473
core,100,3000000.0,8,7,exclude,launch,0,0.0,prior,0.0,rr_tour,12600.0,43200,190288.26646276817,0,178602.2917053715,11685.97475739667,0,0,0.0,0,9.578630957114198,21.68725711375766,8018.5908986554505,1837.8668666541275,4.362987898711864,2.0071106270475796,304.28154453365073,0.0,0.052854122621564484,0.014799154334038054,1.5103949880903873,17.49002849002849,0.9563318777292577,538.978339845229,351,0.6257057189941406
core,100,3000000.0,7,7,exclude,launch,0,0.0,prior,0.0,rr_tour,12600.0,43200,225425.57514317546,0,206839.82685692547,18585.74828625,0,0,0.0,0,9.578630957114198,22.313220362435885,8018.5908986554505,1785.6051225413662,4.4906854250300166,2.007901061584866,304.75936498317,0.0,0.05221932114882506,0.03655352480417755,1.6446768866238373,19.03914590747331,0.948051948051948,620.9498418266063,281,0.8413491249084473
core,100,3000000.0,12,6,exclude,launch,0,0.0,prior,0.0,rr_tour,12600.0,43200,400944.8571022181,0,355371.6388364895,45573.21826572857,0,1,0.6890097209439421,1,10.104296583726496,27.089602245994925,7584.090639439221,1473.042746765784,5.14858829188146,2.0048044084508274,302.8895697726652,0.0,0.0032017075773745998,0.021344717182497332,1.120163847654198,12.656737588652483,0.9641255605381166,366.2264889151937,705,1.5604383945465088
core,100,3000000.0,15,6,exclude,launch,0,0.0,prior,0.0,rr_tour,12600.0,43200,375542.6686728991,0,333488.6186487294,42054.05002416972,0,1,0.7356029419610985,1,10.104296583726496,25.887217762700192,7584.090639439221,1541.8992749021402,4.918668010866378,2.0042348330819983,302.54627999256854,0.0,0.0021082220660576245,0.016865776528460996,0.9333080480232048,9.969924812030076,0.9730941704035875,309.82915510371174,1064,1.3282246589660645
core,100,3000000.0,10,7,exclude,launch,0,0.0,prior,0.0,rr_tour,12600.0,43200,297051.3904440119,0,270336.8812030156,26714.509240996227,0,1,0.526890409750924,1,9.578630957114198,26.141448798589483,8018.5908986554505,1525.9260007092175,5.254901544982248,2.0055193688986503,303.320760369102,0.0,0.008888888888888889,0.02074074074074074,1.341476779717774,15.234343434343435,0.9605263157894737,437.9566235038443,495,0.8162882328033447
core,100,3000000.0,5,8,exclude,launch,0,0.0,prior,0.0,rr_tour,12600.0,43200,276932.0056226618,0,256275.35950430468,20656.64611835713,0,0,0.0,0,11.375354133388866,24.632984609479877,6699.414751861177,1615.2659671384977,4.147561385032729,2.0106149557685633,306.40277664692843,0.0,0.047244094488188976,0.03543307086614173,1.766010263283218,24.881720430107528,0.946524064171123,723.7329646254487,186,0.6697719097137451
core,100,3000000.0,13,6,exclude,launch,0,0.0,prior,0.0,rr_tour,12600.0,43200,388851.2369954561,0,346175.6215685823,42675.61542687373,0,1,0.710435676937323,1,10.104296583726496,25.545843586846985,7584.090639439221,1562.1916106959989,4.85477619231376,2.00463559253721,302.7878021377774,0.0,0.005519779208831647,0.01655933762649494,1.0570874271308923,11.723587223587224,0.9730941704035875,341.7363953483767,814,1.6864426136016846
core,100,3000000.0,11,7,exclude,launch,0,0.0,prior,0.0,rr_tour,12600.0,43200,285924.67759448674,0,259107.22693062568,26817.45066386108,0,1,0.5474376797291157,1,9.578630957114198,25.742972158869414,8018.5908986554505,1549.8023792071463,5.173944114576487,2.005187445001146,303.12053987637955,0.0,0.010113780025284451,0.012642225031605562,1.2318818097432818,13.72635135135135,0.9515418502202643,401.7637285230741,592,0.9077990055084229
core,100,3000000.0,16,5,exclude,launch,0,0.0,prior,0.0,rr_tour,12600.0,43200,256038.97667165607,0,243251.4699731014,12787.506698554644,0,1,0.6527765753162726,1,11.54863554522297,24.700165446974204,6593.891938148332,1616.167347688333,4.0799561676455305,2.0040280524019574,302.4216990030202,0.0,0.0018867924528301887,0.006289308176100629,0.8930524618369162,9.335284280936454,0.9775784753363229,293.3820378547919,1196,2.2816383838653564
core,100,3000000.0,6,8,exclude,launch,0,0.0,prior,0.0,rr_tour,12600.0,43200,236331.71634158984,0,219489.53915557792,16842.17718601193,0,0,0.0,0,11.375354133388866,24.303088948544005,6699.414751861177,1638.6808195747803,4.088297532889658,2.00878816112908,305.29606621025715,0.0,0.0729483282674772,0.02127659574468085,1.6842425758782673,22.357142857142858,0.9621621621621622,629.7152818883255,238,0.7881815433502197
core,100,3000000.0,9,7,exclude,launch,0,0.0,prior,0.0,rr_tour,12600.0,43200,167350.23492134598,0,159067.3859724083,8282.848948937692,0,0,0.0,0,9.578630957114198,20.65108093421973,8018.5908986554505,1930.461098094299,4.153717941569087,2.0067170651133246,304.0437747571157,0.0,0.017421602787456445,0.02613240418118467,1.3868243045145807,15.633177570093459,0.9650655021834061,493.1112427817839,428,1.1418366432189941
core,100,3000000.0,14,6,exclude,launch,0,0.0,prior,0.0,rr_tour,12600.0,43200,383336.26116983226,0,340399.1878635063,42937.0733063259,0,1,0.7206248957623528,1,10.104296583726496,25.38985656575464,7584.090639439221,1571.9517178147025,4.824633322696756,2.004428351304939,302.6628938715473,0.0,0.00321285140562249,0.012048192771084338,0.9930382077534562,10.680600214362272,0.972972972972973,328.08035342265543,933,1.8699419498443604
core,100,3000000.0,17,5,exclude,launch,0,0.0,prior,0.0,rr_tour,12600.0,43200,251391.79787662733,0,238609.4186733829,12782.37920324442,0,1,0.6648436733056523,1,11.54863554522297,24.93614605947199,6593.891938148332,1600.9402530987538,4.118762037112442,2.003943762137559,302.3709232604746,0.0,0.0011068068622025456,0.009407858328721638,0.8352415753741103,8.711324944485566,0.9730941704035875,278.369758523396,1351,2.48016095161438
core,100,3000000.0,18,5,exclude,launch,0,0.0,prior,0.0,rr_tour,12600.0,43200,245961.1056595703,0,233370.44039576052,12590.665263809784,0,1,0.6795230729306408,1,11.54863554522297,24.427654902960093,6593.891938148332,1634.2675326576634,4.034768975325156,2.003941587432949,302.369613293217,0.0,0.0,0.006941001487357461,0.7896437422789984,8.219656992084433,0.9820627802690582,263.20200223174066,1516,2.475160837173462
core,100,3000000.0,7,8,exclude,launch,0,0.0,prior,0.0,rr_tour,12600.0,43200,210967.34482058504,0,199254.5124618859,11712.83235869913,0,0,0.0,0,11.375354133388866,24.764995673341208,6699.414751861177,1608.957927921895,4.163822207902004,2.007738016888296,304.6607732045867,0.0,0.07035175879396985,0.03768844221105527,1.5681157216306063,19.60677966101695,0.9675675675675676,577.68630353103,295,0.9296877384185791
core,100,3000000.0,10,8,exclude,launch,0,0.0,prior,0.0,rr_tour,12600.0,43200,148372.1380174296,0,141942.9108511169,6429.22716631268,0,0,0.0,0,11.375354133388866,23.757502758548796,6699.414751861177,1678.7969517163763,3.990604548698875,2.0058157015875775,303.499567668033,0.0,0.015895953757225433,0.017341040462427744,1.2762748389164014,14.992307692307692,0.978021978021978,424.43670522114587,520,0.8376796245574951
core,100,3000000.0,8,8,exclude,launch,0,0.0,prior,0.0,rr_tour,12600.0,43200,188124.94018582656,0,181669.73211039032,6455.20807543625,0,0,0.0,0,11.375354133388866,24.51152013302994,6699.414751861177,1626.3252612927263,4.119357247477036,2.006838080758964,304.1168762599184,0.0,0.04276985743380855,0.012219959266802444,1.4662286493256866,17.24109589041096,0.9725274725274725,526.0441529145872,365,1.03670334815979
core,100,3000000.0,4,9,exclude,launch,0,0.0,prior,0.0,rr_tour,12600.0,43200,386972.068224033,0,348729.436257431,38242.63196660202,0,0,0.0,0,9.704835701495995,21.807101606902535,7909.979841733408,1822.9809922694399,4.339035829378686,2.012379569187024,307.47371763219104,0.0,0.10365853658536585,0.03048780487804878,2.2294475887157175,29.781512605042018,0.9615384615384616,931.2205431210687,119,0.5055699348449707
core,100,3000000.0,12,7,exclude,launch,0,0.0,prior,0.0,rr_tour,12600.0,43200,275319.95672217605,0,248445.18522815584,26874.77149402022,0,1,0.5685204507516004,1,9.578630957114198,26.208132529367116,8018.5908986554505,1522.5387880044489,5.266592195766129,2.0048668977404622,302.9272446523621,0.0,0.0021551724137931034,0.023706896551724137,1.1461709768982746,12.79076479076479,0.956140350877193,366.66527823093986,693,1.6359927654266357
core,100,3000000.0,9,8,exclude,launch,0,0.0,prior,0.0,rr_tour,12600.0,43200,166103.61560340386,0,158453.9878270873,7649.627776316599,0,0,0.0,0,11.375354133388866,23.95999400407438,6699.414751861177,1664.2790865231743,4.025415452318664,2.0062133966555855,303.7396198827513,0.0,0.022847100175746926,0.012302284710017574,1.4100252303011946,16.32311320754717,0.978021978021978,479.0284791730511,424,1.1623198986053467
core,100,3000000.0,16,6,exclude,launch,0,0.0,prior,0.0,rr_tour,12600.0,43200,369050.3860080068,0,326515.29411788774,42535.09189011901,0,1,0.7485557981636013,1,10.104296583726496,25.504323453317298,7584.090639439221,1565.1580829319273,4.845574847770232,2.004093460964926,302.46110350575697,0.0,0.002495321272613849,0.010605115408608859,0.8864956285370728,9.4725,0.9684684684684685,287.06261704668503,1200,2.1849045753479004
core,100,3000000.0,5,9,exclude,launch,0,0.0,prior,0.0,rr_tour,12600.0,43200,309520.6585850761,0,285487.82363179,24032.8349532861,0,0,0.0,0,9.704835701495995,23.090595801626836,7909.979841733408,1723.5436233716928,4.5893702569938215,2.0101689848800444,306.13241340407376,0.0,0.09166666666666666,0.020833333333333332,1.8913213260752393,24.238636363636363,0.9722222222222222,788.2062410666631,176,0.6606817245483398
core,100,3000000.0,13,7,exclude,launch,0,0.0,prior,0.0,rr_tour,12600.0,43200,266214.37185597845,0,241622.03648406733,24592.335371911115,0,1,0.5879499807879913,1,9.578630957114198,25.844108114307495,8018.5908986554505,1544.1744640197658,5.192801128041975,2.004620058097537,302.7784383395697,0.0,0.0046816479400749065,0.014044943820224719,1.0849726901512833,11.824120603015075,0.9473684210526315,350.0242895740689,796,1.7750005722045898
core,100,3000000.0,6,9,exclude,launch,0,0.0,prior,0.0,rr_tour,12600.0,43200,262552.92739527015,0,243207.18752033732,19345.73987493283,0,0,0.0,0,9.704835701495995,22.29511486526855,7909.979841733408,1786.2574382070093,4.428241793452351,2.0087977928973966,305.3018960863976,0.0,0.08469055374592833,0.03257328990228013,1.7579579759577737,21.614349775784753,0.9887640449438202,667.20657940183,223,0.7381875514984131
core,100,3000000.0,14,7,exclude,launch,0,0.0,prior,0.0,rr_tour,12600.0,43200,257655.7209237338,0,233412.70550484507,24243.015418888725,0,1,0.6074640237517476,1,9.578630957114198,25.91694416793238,8018.5908986554505,1540.0056015765324,5.206858267558682,2.004397688899915,302.64441524024693,0.0,0.0032976092333058533,0.016488046166529265,1.0199274331935944,11.001102535832414,0.9473684210526315,328.8646345073027,907,1.798504114151001
core,100,3000000.0,13,8,exclude,launch,0,0.0,prior,0.0,rr_tour,12600.0,43200,261154.98214735548,0,254315.05096261294,6839.931184742551,0,1,0.5813793986383993,1,11.375354133388866,28.444061230457105,6699.414751861177,1403.1337156793911,4.774608917880182,2.004468897093057,302.6873295682026,0.0,0.005581395348837209,0.018604651162790697,1.0656693385888374,12.15815691158157,0.9834254143646409,335.70943976752255,803,1.1252241134643555
core,100,3000000.0,14,8,exclude,launch,0,0.0,prior,0.0,rr_tour,12600.0,43200,255330.40050410008,0,247950.88791661512,7379.512587484967,0,1,0.5946417902940355,1,11.375354133388866,28.146689025251455,6699.414751861177,1418.1277614469016,4.724126368576151,2.004228867818758,302.54268568816343,0.0,0.004006410256410256,0.01282051282051282,0.997379495508221,11.055793991416309,0.9888888888888889,316.1661294205203,932,1.2222394943237305
core,100,3000000.0,11,8,exclude,launch,0,0.0,prior,0.0,rr_tour,12600.0,43200,136364.88967604627,0,131357.25957660962,5007.63009943663,0,0,0.0,0,11.375354133388866,22.437254454997415,6699.414751861177,1777.7857207554594,3.768403960975849,2.005584018068352,303.3597652183473,0.0,0.008403361344537815,0.01800720288115246,1.1838472691414437,13.439935064935066,0.9834254143646409,397.45810945931777,616,1.3942584991455078
core,100,3000000.0,15,7,exclude,launch,0,0.0,prior,0.0,rr_tour,12600.0,43200,251290.99898534492,0,227515.2178502307,23775.781135114248,0,1,0.6228579226458393,1,9.578630957114198,25.51346617192092,8018.5908986554505,1564.4702211148194,5.125435300993787,2.0042561349390753,302.55911536883104,0.0,0.0021291696238466998,0.0106458481192335,0.9516031076115825,10.163012392755006,0.9559471365638766,308.4348006503885,1049,1.9925305843353271
core,100,3000000.0,7,9,exclude,launch,0,0.0,prior,0.0,rr_tour,12600.0,43200,223328.04457912178,0,209344.95119820914,13983.093380912649,0,0,0.0,0,9.704835701495995,21.550972457384226,7909.979841733408,1849.0252106469434,4.277918871082258,2.007614309525233,304.58597902800346,0.0,0.07567567567567568,0.013513513513513514,1.6834062529804383,20.053956834532375,0.9888268156424581,593.3287793428312,278,0.8846950531005859
core,100,3000000.0,10,9,exclude,launch,0,0.0,prior,0.0,rr_tour,12600.0,43200,157711.27669098444,0,150722.00854299145,6989.26814799299,0,0,0.0,1,9.704835701495995,18.084353364210905,7909.979841733408,2204.7971577386743,3.587622477636986,2.006403894639413,303.85463974361375,0.0,0.01634472511144131,0.017830609212481426,1.3256666944535407,14.256513026052104,0.9887640449438202,457.83021791367736,499,0.774693489074707
core,100,3000000.0,8,9,exclude,launch,0,0.0,prior,0.0,rr_tour,12600.0,43200,195894.31377722934,0,184774.54701260215,11119.76676462717,0,0,0.0,0,9.704835701495995,20.64138695852218,7909.979841733408,1931.0818038142372,4.096139182767795,2.0070141753025617,304.22326477808934,0.0,0.032467532467532464,0.015151515151515152,1.518352738760674,17.469914040114613,0.9831460674157303,537.5934257925486,349,0.9468028545379639
core,100,3000000.0,12,8,exclude,launch,0,0.0,prior,0.0,rr_tour,12600.0,43200,271777.926373949,0,264324.93597175146,7452.990402197546,0,1,0.5586551067555882,1,11.375354133388866,28.849143738500562,6699.414751861177,1383.2626187403189,4.843198002388052,2.0047139788652077,302.8350537981472,0.0,0.005336179295624333,0.02454642475987193,1.1322267516419042,12.899713467048711,0.9779005524861878,366.35782783337055,698,1.5263738632202148
core,100,3000000.0,4,10,exclude,launch,0,0.0,prior,0.0,rr_tour,12600.0,43200,369830.05315299734,0,334946.22789069073,34883.825262306615,0,0,0.0,0,9.684680006655784,20.210734323644594,7927.135773030543,1966.8246227084096,4.030423293213864,2.012529510087269,307.56480263926954,0.0,0.08227848101265822,0.02531645569620253,2.3277433645767487,31.149122807017545,0.9354838709677419,933.4598576752742,114,0.5251524448394775
core,100,3000000.0,5,10,exclude,launch,0,0.0,prior,0.0,rr_tour,12600.0,43200,323302.96073850617,0,291842.20348300604,31460.757255500088,0,0,0.0,0,9.684680006655784,22.70223629578579,7927.135773030543,1752.8858165799545,4.522334368873571,2.010331697313581,306.23104157896233,0.0,0.10454545454545454,0.03636363636363636,1.9999938577486815,25.180722891566266,0.9315068493150684,791.378989344032,166,0.6396737098693848
core,100,3000000.0,8,10,exclude,launch,0,0.0,prior,0.0,rr_tour,12600.0,43200,199271.52759582497,0,187037.12476241047,12234.402833414479,0,0,0.0,0,9.684680006655784,19.126248313413292,7927.135773030543,2083.9271748904152,3.8039408807303436,2.0071399681980715,304.29927466260375,0.0,0.033482142857142856,0.015625,1.6184452164278547,17.93353474320242,0.9493087557603687,561.3750262365277,331,0.5911767482757568
core,100,3000000.0,17,8,exclude,launch,0,0.0,prior,0.0,rr_tour,12600.0,43200,235563.71128385514,0,229732.17624162658,5831.535042228537,0,1,0.6445395415310627,1,11.375354133388866,27.928005151546042,6699.414751861177,1429.5189356562369,4.686481993878406,2.0038266978638495,302.300411803272,0.0,0.0005599104143337066,0.013437849944008958,0.8366369689538282,9.231226765799256,0.9944444444444445,263.3586556787131,1345,1.579892873764038
core,100,3000000.0,9,9,exclude,launch,0,0.0,prior,0.0,rr_tour,12600.0,43200,169967.64944279587,0,163161.00620861634,6806.643234179521,0,0,0.0,0,9.704835701495995,20.46706126355713,7909.979841733408,1948.1399838772588,4.0602728280288565,2.0063853011570263,303.84341231547535,0.0,0.02292768959435626,0.015873015873015872,1.425551613127367,16.00952380952381,0.9887640449438202,491.29930235966395,420,1.135328769683838
core,100,3000000.0,6,10,exclude,launch,0,0.0,prior,0.0,rr_tour,12600.0,43200,261162.7536207844,0,239999.8195702837,21162.934050500728,0,0,0.0,0,9.684680006655784,21.116241983265905,7927.135773030543,1886.1076484102869,4.2029073895713,2.0086620785042677,305.2197565837648,0.0,0.05263157894736842,0.0035087719298245615,1.923716416189135,22.71904761904762,0.9360730593607306,704.1299477305578,210,0.7121877670288086
core,100,3000000.0,7,10,exclude,launch,0,0.0,prior,0.0,rr_tour,12600.0,43200,238601.56019397572,0,219754.64926632712,18846.91092764857,0,0,0.0,0,9.684680006655784,21.184716582976744,7927.135773030543,1880.7429562013956,4.2148958989277645,2.0078806054695155,304.7469944644792,0.0,0.053475935828877004,0.0213903743315508,1.656066811974911,18.489285714285714,0.9493087557603687,639.031856756857,280,0.7996957302093506
core,100,3000000.0,9,10,exclude,launch,0,0.0,prior,0.0,rr_tour,12600.0,43200,182726.09406724205,0,172935.3367717458,9790.757295496252,0,0,0.0,0,9.684680006655784,17.99185905578078,7927.135773030543,2215.693460830791,3.5777222405387263,2.006800824331558,304.09436996241124,0.0,0.03041144901610018,0.014311270125223614,1.4428414851730844,15.272727272727273,0.9447004608294931,515.9767879793139,418,0.6791806221008301
core,100,3000000.0,15,8,exclude,launch,0,0.0,prior,0.0,rr_tour,12600.0,43200,247403.0643369864,0,241089.43018463204,6313.6341523543315,0,1,0.6136954159365,1,11.375354133388866,28.31160840241152,6699.414751861177,1409.9750100916287,4.751442191465371,2.0040752698813473,302.4501442761902,0.0,0.0028228652081863093,0.016231474947071278,0.9329837219389052,10.390037593984962,0.9833333333333333,297.38174814859815,1064,2.0304312705993652
core,100,3000000.0,4,11,exclude,launch,0,0.0,prior,0.0,rr_tour,12600.0,43200,403647.3132573575,0,353512.598841605,50134.71441575252,0,0,0.0,0,9.578630957114202,23.303589978216536,8018.590898655449,1705.9923200542744,4.700250290927655,2.012287756861154,307.41795080729617,0.0,0.056179775280898875,0.0449438202247191,2.015697830972894,28.83076923076923,0.9523809523809523,880.3756200008477,130,0.5670638084411621
core,100,3000000.0,6,11,exclude,launch,0,0.0,prior,0.0,rr_tour,12600.0,43200,265093.2924665572,0,246337.84247602482,18755.44999053239,0,0,0.0,0,9.578630957114202,22.93461619146292,8018.590898655449,1736.90053043952,4.61660915989608,2.0082767597922415,304.9866073011424,0.0,0.036065573770491806,0.019672131147540985,1.7638205810141097,22.47787610619469,0.9571428571428572,649.9058803103802,226,0.4756643772125244
core,100,3000000.0,11,9,exclude,launch,0,0.0,prior,0.0,rr_tour,12600.0,43200,329860.1567981931,0,317063.77830357826,12796.37849461484,0,1,0.5965483937671086,1,9.704835701495995,25.98153341538189,7909.979841733408,1535.7524311336447,5.150556614059537,2.0049520758801016,302.9786024447176,0.0,0.012547051442910916,0.01631116687578419,1.2498001035063964,14.192504258943782,0.9775280898876404,395.1709819749428,587,1.4654791355133057
core,100,3000000.0,7,11,exclude,launch,0,0.0,prior,0.0,rr_tour,12600.0,43200,236826.64903798891,0,221389.86165012952,15436.787387859407,0,0,0.0,0,9.578630957114202,20.30537608284768,8018.590898655449,1962.543206269263,4.0858162373395865,2.007519269716087,304.52852365477133,0.0,0.03896103896103896,0.01818181818181818,1.6391090233215135,19.312280701754386,0.9665071770334929,604.6742460001157,285,0.5346686840057373
core,100,3000000.0,12,9,exclude,launch,0,0.0,prior,0.0,rr_tour,12600.0,43200,320517.8525881922,0,309012.1339835265,11505.71860466569,0,1,0.6139363068757087,1,9.704835701495995,25.985734810613756,7909.979841733408,1535.598974794191,5.151071322376693,2.004828241162635,302.9039382713983,0.0,0.010626992561105207,0.025504782146652496,1.1093941631412993,12.441466854724965,0.9831460674157303,371.1705081784866,709,1.511479377746582
core,100,3000000.0,16,8,exclude,launch,0,0.0,prior,0.0,rr_tour,12600.0,43200,240725.38464975596,0,235262.7382227256,5462.646427030358,0,1,0.6307192184702786,1,11.375354133388866,27.667382599538595,6699.414751861177,1442.8923294265587,4.643045510210516,2.003955099560369,302.37775257998123,0.0,0.0018738288569643974,0.012492192379762648,0.8820229999185438,9.70774354704413,0.9833333333333333,281.3341644275075,1201,2.1825673580169678
core,100,3000000.0,5,11,exclude,launch,0,0.0,prior,0.0,rr_tour,12600.0,43200,320949.15170349,0,293091.05693183007,27858.094771659944,0,0,0.0,0,9.578630957114202,24.974706450549434,8018.590898655449,1593.8471201706484,5.030966142974191,2.009754143103747,305.88102885455487,0.0,0.06276150627615062,0.029288702928870293,1.8093917504442292,24.988888888888887,0.9519230769230769,721.2374398052965,180,0.68918776512146
core,100,3000000.0,13,10,exclude,launch,0,0.0,prior,0.0,rr_tour,12600.0,43200,223778.11542572657,0,215568.60150251328,8209.513923213297,0,1,0.47376648399833593,1,9.684680006655784,24.184902135279692,7927.135773030543,1650.0944151585745,4.804049816912291,2.0046421526101454,302.791756440344,0.0,0.0028625954198473282,0.013358778625954198,1.0968803470282875,11.58576874205845,0.9624413145539906,360.9522000213075,787,1.0483274459838867
core,100,3000000.0,10,10,exclude,launch,0,0.0,prior,0.0,rr_tour,12600.0,43200,160259.97025377117,0,150737.03035745444,9522.939896316737,0,0,0.0,1,9.684680006655784,17.097524614844062,7927.135773030543,2331.8056466811436,3.3995696786793643,2.006616595430636,303.98309105890945,0.0,0.019316493313521546,0.019316493313521546,1.3132450620499618,14.277777777777779,0.971830985915493,458.08472725697817,504,1.1453485488891602
core,100,3000000.0,4,12,exclude,launch,0,0.0,prior,0.0,rr_tour,12600.0,43200,372326.8025887982,0,332769.382914903,39557.419673895165,0,0,0.0,0,9.578630957114198,22.015025631179725,8018.5908986554505,1805.3666168668929,4.441530503411679,2.0128220617876864,307.742558653158,0.0,0.05128205128205128,0.02564102564102564,2.3403189729337672,31.787610619469028,0.9674418604651163,918.7159390692774,113,0.31804561614990234
core,100,3000000.0,11,10,exclude,launch,0,0.0,prior,0.0,rr_tour,12600.0,43200,242982.12362013443,0,232546.7308946929,10435.392725441505,0,1,0.4363225136132424,1,9.684680006655784,24.730886187192958,7927.135773030543,1613.3258939606112,4.913536566111844,2.005063835515225,303.0459940381723,0.0,0.00904392764857881,0.012919896640826873,1.2733097005503988,13.929188255613125,0.9674418604651163,409.0233820930611,579,1.3169662952423096
core,100,3000000.0,13,9,exclude,launch,0,0.0,prior,0.0,rr_tour,12600.0,43200,310851.0382099579,0,299081.33057115664,11769.707638801292,0,1,0.6330284365105412,1,9.704835701495995,25.828867627879667,7909.979841733408,1545.21176754483,5.1190264065238695,2.0044563976157415,302.67979641335785,0.0,0.006505576208178439,0.010223048327137546,1.0700601999834032,11.686104218362283,0.9886363636363636,344.6152334664431,806,1.7775108814239502
core,100,3000000.0,8,11,exclude,launch,0,0.0,prior,0.0,rr_tour,12600.0,43200,211263.29312736544,0,198338.70993518617,12924.583192179258,0,0,0.0,0,9.578630957114202,19.969432118559826,8018.590898655449,1996.3449982824886,4.016635854801684,2.0067287658152653,304.0508423759782,0.0,0.04946236559139785,0.01935483870967742,1.5591913156406372,17.775510204081634,0.9617224880382775,545.9965132020385,343,0.9898285865783691
core,100,3000000.0,11,11,exclude,launch,0,0.0,prior,0.0,rr_tour,12600.0,43200,178091.80559396435,0,171107.81443301679,6983.991160947585,0,1,0.18786554448463427,1,9.578630957114202,27.250754290606633,8018.590898655449,1464.3469371097908,5.475881907112732,2.004783484595066,302.8769552745009,0.0,0.01346389228886169,0.0208078335373317,1.1942895323304117,13.532679738562091,0.9615384615384616,396.893173868972,612,0.9128193855285645
core,100,3000000.0,14,9,exclude,launch,0,0.0,prior,0.0,rr_tour,12600.0,43200,302155.8588748638,0,291937.8343175369,10218.02455732693,0,1,0.6512451800155963,1,9.704835701495995,25.792688275524963,7909.979841733408,1547.489264314013,5.111492547406993,2.0043138745214737,302.5939075669002,0.0,0.005627009646302251,0.01607717041800643,0.9941550483772273,10.81203007518797,0.9831460674157303,327.3406658060471,931,1.9450325965881348
core,100,3000000.0,9,11,exclude,launch,0,0.0,prior,0.0,rr_tour,12600.0,43200,191283.70568349052,0,178795.6160631518,12488.089620338733,0,0,0.0,0,9.578630957114202,19.27178281541021,8018.590898655449,2068.9238222925514,3.8757303735669386,2.0064280655818156,303.8692353572266,0.0,0.02264808362369338,0.01916376306620209,1.3978571817779446,15.819672131147541,0.9615384615384616,484.2849743695625,427,1.05733060836792
core,100,3000000.0,5,12,exclude,launch,0,0.0,prior,0.0,rr_tour,12600.0,43200,312132.59386842634,0,285593.68385476974,26538.91001365663,0,0,0.0,0,9.578630957114198,20.943109139808623,8018.5908986554505,1899.7443687935768,4.220878887904069,2.010729572029727,306.47228033261865,0.0,0.10222222222222223,0.02666666666666667,1.9817912919956946,24.5748502994012,0.9541284403669725,816.6902189685298,167,0.6071732044219971
core,100,3000000.0,15,9,exclude,launch,0,0.0,prior,0.0,rr_tour,12600.0,43200,294692.8223037364,0,284364.75614516484,10328.066158571623,0,1,0.667737833474997,1,9.704835701495995,25.27229309216758,7909.979841733408,1579.4278862412198,5.008129785879536,2.0042206652990764,302.537743384116,0.0,0.0007107320540156361,0.017057569296375266,0.93112363846724,10.073724007561436,0.9943181818181818,306.9306958202778,1058,1.9865400791168213
core,100,3000000.0,12,10,exclude,launch,0,0.0,prior,0.0,rr_tour,12600.0,43200,235003.583500586,0,226017.9762645275,8985.607236058524,0,1,0.4511359757233517,1,9.684680006655784,25.630083167039977,7927.135773030543,1556.9047063670796,5.091599852330025,2.0048317895951318,302.9060776142865,0.0,0.00544069640914037,0.01958650707290533,1.1484399481608536,12.36849710982659,0.9671361502347418,383.7893003595519,692,1.5669970512390137
core,100,3000000.0,18,8,exclude,launch,0,0.0,prior,0.0,rr_tour,12600.0,43200,229997.53576353056,0,224611.46710287928,5386.068660651295,0,1,0.6601380574283774,1,11.375354133388866,27.97293935727178,6699.414751861177,1427.279267988336,4.693835959169784,2.003747187109819,302.2525246892622,0.0,0.0,0.013406156901688183,0.7828473843064881,8.630363036303631,0.9888888888888889,250.8201563092324,1515,2.7402234077453613
paper,50,1500000.0,2,1,exclude,launch,0,0.0,prior,0.0,rr_tour,12600.0,43200,387518.65687441966,0,257817.29118850394,129701.36568591573,0,0,0.0,0,5.547228662646519,4.837411427746215,6877.474519126179,4108.20397774455,1.674083019339753,2.012773780016794,307.7132188468516,0.0,0.0,0.0,3.796587383504483,25.0,0.8009153318077803,1827.9245436378828,34,0.13851642608642578
core,100,3000000.0,6,12,exclude,launch,0,0.0,prior,0.0,rr_tour,12600.0,43200,262371.3221902184,0,241207.70051996873,21163.62167024966,0,0,0.0,0,9.578630957114198,20.255959184288255,8018.5908986554505,1965.6828230654255,4.079290313047905,2.0092025982996544,305.54696532443216,0.0,0.0821917808219178,0.010273972602739725,1.8243992733486383,21.639269406392692,0.9766355140186916,701.9136820273554,219,0.703770637512207
core,100,3000000.0,8,12,exclude,launch,0,0.0,prior,0.0,rr_tour,12600.0,43200,198306.22808472073,0,186451.2993878073,11854.928696913455,0,0,0.0,0,9.578630957114198,20.5778084065643,8018.5908986554505,1936.786050054072,4.140153166856806,2.0072858322114038,304.38742433214605,0.0,0.015053763440860216,0.021505376344086023,1.5271405631730388,16.89337175792507,0.981042654028436,565.292023316472,347,0.6042544841766357
paper,50,1500000.0,3,1,exclude,launch,0,0.0,prior,0.0,rr_tour,12600.0,43200,240330.43843875654,0,182735.01904539857,57595.419393357966,0,0,0.0,0,5.547228662646519,5.373949458114073,6877.474519126179,3704.4590798590834,1.8565394760381038,2.009285322915572,305.59705891583684,0.0,0.0,0.0,2.684011350515928,16.666666666666668,0.8532731376975169,1308.946559744088,75,0.19810771942138672
paper,50,1500000.0,6,1,exclude,launch,0,0.0,prior,0.0,rr_tour,12600.0,43200,386221.2639815684,0,349304.04194599745,36917.22203557089,0,1,0.581229435529364,1,5.547228662646519,5.064808595790715,6877.474519126179,3930.3160854542566,1.7498527776376787,2.0094142369365766,305.67513051907537,0.0,0.0,0.0,1.2490705476977981,5.441358024691358,0.8835616438356164,927.847871167078,324,0.20061016082763672
core,100,3000000.0,10,11,exclude,launch,0,0.0,prior,0.0,rr_tour,12600.0,43200,193538.7477395234,0,184499.40073889124,9039.34700063217,0,1,0.17287139870921747,1,9.578630957114202,27.788243643412954,8018.590898655449,1435.7046888480709,5.5851255212442865,2.0052280459163176,303.1450272890214,0.0,0.01422475106685633,0.031294452347083924,1.2451209473020306,14.581749049429657,0.9519230769230769,431.86024939015397,526,1.2814459800720215
paper,50,1500000.0,4,1,exclude,launch,0,0.0,prior,0.0,rr_tour,12600.0,43200,171408.92477877214,0,133684.69668254978,37724.228096222345,0,0,0.0,0,5.547228662646519,6.68231033602745,6877.474519126179,2982.1551972076195,2.306209457363585,2.00725759129832,304.3703565684282,0.0,0.0,0.0,1.968172221105943,12.510948905109489,0.8803611738148984,964.5450225535901,137,0.27912306785583496
paper,50,1500000.0,5,1,exclude,launch,0,0.0,prior,0.0,rr_tour,12600.0,43200,186578.5423635023,0,144717.1309224101,41861.4114410922,0,0,0.0,0,5.547228662646519,4.906061456118343,6877.474519126179,4058.4472168662487,1.6946073588303698,2.0089406434440997,305.3883665980183,0.0,0.0,0.0,1.511529449988648,7.125560538116592,0.8832951945080092,1036.4714693318758,223,0.26912355422973633
core,100,3000000.0,7,12,exclude,launch,0,0.0,prior,0.0,rr_tour,12600.0,43200,228828.71803107354,0,214438.1468108226,14390.57122025093,0,0,0.0,0,9.578630957114198,20.566076870855316,8018.5908986554505,1937.1239327844523,4.1394310208791865,2.0080805306128355,304.86790686019685,0.0,0.05722070844686648,0.027247956403269755,1.698443445752075,19.308823529411764,0.9714285714285714,622.5432437913686,272,0.8482952117919922
paper,50,1500000.0,2,2,exclude,launch,0,0.0,prior,0.0,rr_tour,12600.0,43200,555853.6612181026,0,329448.179668303,226405.48154979956,0,0,0.0,0,4.6708069662053155,5.004003073437222,8230.497347191886,3971.4818115447797,2.0723996074378306,2.01275004786187,307.698797833266,0.0,0.0,0.0,3.8861334156714133,21.34285714285714,0.7402061855670103,2253.8198900986044,35,0.11301445960998535
paper,50,1500000.0,3,2,exclude,launch,0,0.0,prior,0.0,rr_tour,12600.0,43200,338490.74400889955,0,231515.45676375288,106975.28724514668,0,0,0.0,0,4.6708069662053155,4.679836610480721,8230.497347191886,4251.766636271066,1.935782946547201,2.0102954099493258,306.20904460940284,0.0,0.0,0.0,2.4879379481106065,12.444444444444445,0.8049792531120332,1653.3160390298106,81,0.1010141372680664
core,100,3000000.0,14,10,exclude,launch,0,0.0,prior,0.0,rr_tour,12600.0,43200,214938.31716932982,0,207161.26987514194,7777.047294187887,0,1,0.4932511445016082,1,9.684680006655784,24.673536580196142,7927.135773030543,1617.5832256436795,4.900604585508189,2.004434867796581,302.66682109366053,0.0,0.00495458298926507,0.018992568125516102,1.0191033771322195,10.865638766519824,0.9765258215962441,332.63800499434984,908,1.7940130233764648
paper,50,1500000.0,2,3,exclude,launch,0,0.0,prior,0.0,rr_tour,12600.0,43200,418254.6599608032,0,278687.572341461,139567.0876193422,0,0,0.0,0,5.385587312792127,6.203047016096387,7093.897473043144,3203.7348981803125,2.214258575849207,2.0127894452336057,307.7227381129785,0.0,0.021739130434782608,0.0,3.943614168657577,25.0,0.7784946236559139,1928.5905971304694,34,0.08300900459289551
paper,50,1500000.0,9,1,exclude,launch,0,0.0,prior,0.0,rr_tour,12600.0,43200,2874072.3181483857,0,2504380.33401912,369691.9841292657,0,16,0.9802169538769157,20,5.547228662646519,5.955578483604346,6877.474519126179,3345.8121546073726,2.055547114220237,2.007402610465422,304.45800587176416,0.0,0.0,0.0010799136069114472,0.8704396368596714,3.0892086330935253,0.6970387243735763,762.9890002548505,695,0.3035297393798828
paper,50,1500000.0,7,1,exclude,launch,0,0.0,prior,0.0,rr_tour,12600.0,43200,616511.9915652666,0,560646.9604225556,55865.03114271105,0,3,0.7748212145632013,6,5.547228662646519,4.962113411791306,6877.474519126179,4009.048907648184,1.715487807097043,2.010721634931703,306.46746699570457,0.0,0.0,0.0,1.108986636697565,4.28,0.8883826879271071,904.9195105514863,425,0.35462117195129395
paper,50,1500000.0,4,2,exclude,launch,0,0.0,prior,0.0,rr_tour,12600.0,43200,283675.3561942732,0,198186.84332102787,85488.51287324533,0,0,0.0,0,4.6708069662053155,4.269128441839527,8230.497347191886,4661.206561779735,1.7657439630929654,2.010122019058601,306.1039480161072,0.0,0.0,0.0,1.9052243068697288,8.288732394366198,0.8236514522821576,1409.3015839750817,142,0.19501376152038574
core,100,3000000.0,10,12,exclude,launch,0,0.0,prior,0.0,rr_tour,12600.0,43200,419952.435219756,0,371787.9940938965,48164.44112585949,0,1,0.651805906300308,1,9.578630957114198,24.62678857745596,8018.5908986554505,1619.7317049392086,4.950567352731052,2.005575990124722,303.3549215745946,0.0,0.00764525993883792,0.0045871559633027525,1.370635339311732,15.27366255144033,0.9383886255924171,444.5635611449498,486,0.8062777519226074
core,100,3000000.0,14,11,exclude,launch,0,0.0,prior,0.0,rr_tour,12600.0,43200,147762.7625774643,0,142225.04242554068,5537.720151923652,0,1,0.2264258832371366,1,9.578630957114202,26.432534973251002,8018.590898655449,1510.2243940619674,5.309536073038978,2.0040552502136944,302.43808364450524,0.0,0.004866180048661801,0.010543390105433901,1.0077296315567659,10.998920086393088,0.9615384615384616,322.4019791549683,926,1.2258269786834717
paper,50,1500000.0,3,3,exclude,launch,0,0.0,prior,0.0,rr_tour,12600.0,43200,323856.4855809725,0,230514.11567306277,93342.36990790971,0,0,0.0,0,5.385587312792127,4.623558241523836,7093.897473043144,4301.327523027473,1.649234436360738,2.0113198773627694,306.8303683047141,0.0,0.008771929824561403,0.0,2.380257290562572,12.494117647058824,0.8077753779697624,1563.8596483631854,85,0.16402149200439453
core,100,3000000.0,15,10,exclude,launch,0,0.0,prior,0.0,rr_tour,12600.0,43200,207740.22630348318,0,200146.5070339065,7593.719269576673,0,1,0.5103420402851649,1,9.684680006655784,24.598325115773946,7927.135773030543,1622.6798692186244,4.885212372079114,2.004248657318864,302.5546097180223,0.0,0.002161383285302594,0.012247838616714697,0.960765759750393,10.10048309178744,0.9812206572769953,314.1551702688974,1035,1.9490365982055664
paper,50,1500000.0,8,1,exclude,launch,0,0.0,prior,0.0,rr_tour,12600.0,43200,1601951.636484377,0,1431512.9042889602,170438.73219541681,0,9,0.9423183740440945,14,5.547228662646519,5.217960861710811,6877.474519126179,3813.377805854633,1.8035124945048129,2.0102466147855904,306.1794668057235,0.0,0.0,0.0,0.9875634493058972,3.71875,0.8059360730593608,808.9616348548096,544,0.4070587158203125
paper,50,1500000.0,5,2,exclude,launch,0,0.0,prior,0.0,rr_tour,12600.0,43200,494046.5554848625,0,437247.5886193226,56798.96686553981,0,2,0.632265263455864,2,4.6708069662053155,4.787947379687436,8230.497347191886,4158.007526728278,1.9794330083062739,2.0092100942681013,305.551504311789,0.0,0.0,0.0,1.4601535707989735,6.852813852813853,0.8679245283018868,1037.8218211821456,231,0.2735586166381836
paper,50,1500000.0,4,3,exclude,launch,0,0.0,prior,0.0,rr_tour,12600.0,43200,258027.41251521584,0,186237.387150198,71790.02536501785,0,0,0.0,0,5.385587312792127,5.063147701926265,7093.897473043144,3932.068324615305,1.8041134810995882,2.009177652115847,305.531860059016,0.0,0.0,0.0,1.9627922820662551,9.933823529411764,0.8304347826086956,1198.511812453006,136,0.13804936408996582
paper,50,1500000.0,6,2,exclude,launch,0,0.0,prior,0.0,rr_tour,12600.0,43200,665133.9310756901,0,575603.645253597,89530.28582209318,0,3,0.7411686147886288,3,4.6708069662053155,4.777844625271006,8230.497347191886,4165.720901241659,1.9757678304224982,2.009730389194946,305.86663765913323,0.0,0.0,0.0,1.268170676060276,5.186119873817034,0.8716356107660456,995.7660698351906,317,0.29760146141052246
paper,50,1500000.0,7,2,exclude,launch,0,0.0,prior,0.0,rr_tour,12600.0,43200,1158744.9075915264,0,1044191.7351956266,114553.17239589979,0,5,0.8596273071115953,7,4.6708069662053155,4.953114652096662,8230.497347191886,4015.284404978524,2.0497918745150274,2.0112464862277744,306.78583677240624,0.0,0.0,0.0,1.0745989532836355,3.4782608695652173,0.8541666666666666,1079.9514088976823,437,0.30410170555114746
core,100,3000000.0,9,12,exclude,launch,0,0.0,prior,0.0,rr_tour,12600.0,43200,179914.87905349667,0,168851.4243738449,11063.454679651766,0,0,0.0,0,9.578630957114198,19.836314986427805,8018.5908986554505,2009.7968011992502,3.989752045515616,2.006674077213983,304.0178093203872,0.0,0.02154398563734291,0.01436265709156194,1.4424570673640225,15.478365384615385,0.9811320754716981,514.5742930079988,416,1.0593767166137695
paper,50,1500000.0,5,3,exclude,launch,0,0.0,prior,0.0,rr_tour,12600.0,43200,240961.78729497772,0,174489.19912070545,66472.58817427227,0,0,0.0,0,5.385587312792127,4.896215198655361,7093.897473043144,4064.0996554532353,1.745502835670997,2.010180912825694,306.1396429912057,0.0,0.0032258064516129032,0.0,1.4555805735458394,6.189655172413793,0.8168103448275862,1146.60068607516,232,0.17009425163269043
paper,50,1500000.0,2,4,exclude,launch,0,0.0,prior,0.0,rr_tour,12600.0,43200,444735.1920436071,0,275011.5524894387,169723.63955416848,0,0,0.0,0,4.949329094370788,6.15121794768832,7748.570140310145,3229.889518194943,2.399020182164161,2.0133125892482484,308.04072105869665,0.0,0.0,0.0,3.7765884445334725,25.02857142857143,0.7768762677484787,1852.6715227382845,35,0.1300957202911377
paper,50,1500000.0,8,2,exclude,launch,0,0.0,prior,0.0,rr_tour,12600.0,43200,1960681.3712054458,0,1712531.9430645914,248149.42814085438,0,10,0.9463473680283938,17,4.6708069662053155,5.3842490154046585,8230.497347191886,3695.61205004723,2.2270999324960803,2.010242634326649,306.17705406337427,0.0,0.0,0.0,0.9465950347243342,3.0917107583774253,0.7625,932.7563116075358,567,0.35013747215270996
paper,50,1500000.0,3,4,exclude,launch,0,0.0,prior,0.0,rr_tour,12600.0,43200,381982.7308370688,0,251254.23176647862,130728.49907059014,0,0,0.0,0,4.949329094370788,4.024401026836945,7748.570140310145,4938.310143654887,1.569073208224091,2.012706172508282,307.67213755091245,0.0,0.0,0.0,2.4987795878304953,12.375,0.7556008146639511,1660.2361211125078,80,0.1576216220855713
core,100,3000000.0,12,11,exclude,launch,0,0.0,prior,0.0,rr_tour,12600.0,43200,166976.11956133335,0,160190.46880962717,6785.65075170621,0,1,0.20037185026252977,1,9.578630957114202,26.75484662239462,8018.590898655449,1491.7318601401255,5.375356733281961,2.004457054592394,302.6801923561283,0.0,0.00641025641025641,0.009615384615384616,1.1420120850975284,12.724679029957205,0.9519230769230769,367.7421853257578,701,1.5531120300292969
paper,50,1500000.0,3,5,exclude,launch,0,0.0,prior,0.0,rr_tour,12600.0,43200,347093.77738554444,0,233572.54672514173,113521.23066040267,0,0,0.0,0,5.240392698674983,4.493525405776192,7299.682415679881,4428.424074474193,1.6483702312422746,2.0101274152799435,306.1072185300417,0.0,0.0,0.0,2.5867701199814066,12.41025641025641,0.7748478701825557,1685.296310502833,78,0.10008001327514648
paper,50,1500000.0,6,3,exclude,launch,0,0.0,prior,0.0,rr_tour,12600.0,43200,605172.3597531385,0,514590.1713053285,90582.18844780998,0,2,0.7111061598640417,3,5.385587312792127,5.126579517288804,7093.897473043144,3880.8134173839658,1.8279408747831787,2.010525242797432,306.34837989924256,0.0,0.0,0.0,1.1882977927347913,4.760355029585799,0.8322295805739515,1012.0850010918946,338,0.27567243576049805
paper,50,1500000.0,6,4,exclude,launch,0,0.0,prior,0.0,rr_tour,12600.0,43200,696630.0249621981,0,602271.7470447979,94358.2779174003,0,4,0.691721282974014,6,4.949329094370788,4.620853214253611,7748.570140310145,4303.555607381388,1.8005042451455546,2.011455362892539,306.9125853372234,0.0,0.0,0.0,1.2572503351130417,4.186915887850467,0.8381147540983607,1222.9933803064048,321,0.17312097549438477
paper,50,1500000.0,2,5,exclude,launch,0,0.0,prior,0.0,rr_tour,12600.0,43200,401308.297964199,0,249347.6693060985,151960.62865810047,0,0,0.0,0,5.240392698674983,6.904309065602797,7299.682415679881,2880.2411399172743,2.534399746782848,2.0114577649405385,306.91404307755306,0.0,0.0,0.0,4.006037246731291,25.0,0.7449392712550608,1955.2306984441743,34,0.1210792064666748
paper,50,1500000.0,4,4,exclude,launch,0,0.0,prior,0.0,rr_tour,12600.0,43200,264527.7950314779,0,183676.55568138947,80851.23935008839,0,0,0.0,0,4.949329094370788,5.4222132038592825,7748.570140310145,3671.9339731964674,2.1102149975656865,2.009039787717616,305.4483879591636,0.0,0.0,0.0,1.9470168744295817,9.948529411764707,0.8319672131147541,1192.2175017495715,136,0.2166450023651123
paper,50,1500000.0,7,3,exclude,launch,0,0.0,prior,0.0,rr_tour,12600.0,43200,1075057.5589641037,0,955251.5145513628,119806.04441274077,0,5,0.8405949917836296,6,5.385587312792127,4.934439716268812,7093.897473043144,4025.399048856735,1.7622842821155587,2.0137854751494775,308.32829688721534,0.0,0.0,0.0,1.0400636173584954,3.232300884955752,0.8047722342733189,1124.8860806479033,452,0.28616881370544434
paper,50,1500000.0,8,3,exclude,launch,0,0.0,prior,0.0,rr_tour,12600.0,43200,2373470.2671338595,0,2106321.4042415563,267148.86289230303,0,12,0.9662548929882336,14,5.385587312792127,5.927675584366283,7093.897473043144,3359.806061168085,2.111400879661741,2.0084515281805366,305.092345406898,0.0,0.0,0.0,0.9101381922121609,3.4450084602368864,0.7467248908296943,805.0239451420263,591,0.27365660667419434
paper,50,1500000.0,5,4,exclude,launch,0,0.0,prior,0.0,rr_tour,12600.0,43200,341631.9856341938,0,227374.56424051453,114257.42139367931,0,0,0.0,1,4.949329094370788,4.007791693552095,7748.570140310145,4956.775379392251,1.5632280156419343,2.013518441424779,308.1658893324337,0.0,0.0,0.0,1.5280172793966769,4.954545454545454,0.805327868852459,1488.8277744436402,220,0.19912075996398926
paper,50,1500000.0,9,3,exclude,launch,0,0.0,prior,0.0,rr_tour,12600.0,43200,2949496.6260495377,0,2560534.667160746,388961.95888879127,0,15,0.9802992266222538,21,5.385587312792127,6.260759319845193,7093.897473043144,3182.074725633819,2.2293308877685614,2.0078099797656854,304.7042865945935,0.0,0.0,0.0,0.8418865924507135,3.1894150417827296,0.7164835164835165,714.7847927481532,718,0.3162074089050293
paper,50,1500000.0,3,6,exclude,launch,0,0.0,prior,0.0,rr_tour,12600.0,43200,388967.8217756202,0,242971.44345610111,145996.37831951914,0,0,0.0,0,5.492649806966811,4.225668345223737,6949.126209101812,4707.2056902116055,1.4762741775980102,2.0109506236189185,306.606349018644,0.0,0.009523809523809525,0.0,2.6115393556792785,12.538461538461538,0.8013245033112583,1686.9130046203836,78,0.0919485092163086
paper,50,1500000.0,4,5,exclude,launch,0,0.0,prior,0.0,rr_tour,12600.0,43200,269641.9077086905,0,192166.04998636333,77475.85772232714,0,0,0.0,0,5.240392698674983,4.7769648965317275,7299.682415679881,4168.258359604413,1.7512547893918586,2.0088768386848423,305.3497426904164,0.0,0.0,0.0,1.934426024785028,8.258992805755396,0.7877551020408163,1442.7472818162341,139,0.18707633018493652
paper,50,1500000.0,2,6,exclude,launch,0,0.0,prior,0.0,rr_tour,12600.0,43200,408508.8329976454,0,264278.72371850815,144230.1092791373,0,0,0.0,0,5.492649806966811,8.136346322889057,6949.126209101812,2443.6786944884907,2.8437151843141137,2.0118076855510663,307.1264377620616,0.0,0.0,0.0,4.00055604598498,25.0,0.7719298245614035,1974.3515398043955,34,0.13109254837036133
paper,50,1500000.0,5,5,exclude,launch,0,0.0,prior,0.0,rr_tour,12600.0,43200,251283.8504813621,0,176252.79035693605,75031.06012442605,0,0,0.0,0,5.240392698674983,4.568029691832343,7299.682415679881,4357.6666022183335,1.6751355902179097,2.0094493929651778,305.6964230873296,0.0,0.0,0.0,1.5498807488346809,5.537037037037037,0.813141683778234,1374.429785509524,216,0.21297216415405273
paper,50,1500000.0,7,4,exclude,launch,0,0.0,prior,0.0,rr_tour,12600.0,43200,1379523.1511316646,0,1208616.8215593256,170906.32957233893,0,7,0.8839091156243197,9,4.949329094370788,4.893299737561038,7748.570140310145,4064.7722782900573,1.9062741058571095,2.0110457570449336,306.6640568515687,0.0,0.0,0.0,1.1121357281782078,3.5330188679245285,0.8127572016460906,1092.565768746391,424,0.3006930351257324
paper,50,1500000.0,2,7,exclude,launch,0,0.0,prior,0.0,rr_tour,12600.0,43200,404597.33820683236,0,254631.14307578473,149966.19513104766,0,0,0.0,0,5.03597052905245,6.221104457470086,7609.524904069072,3194.381735342723,2.382158907270565,2.0128234513760113,307.7434030971647,0.0,0.0,0.0,3.893314114120961,25.114285714285714,0.7674418604651163,1889.1745357190582,35,0.0796661376953125
paper,50,1500000.0,6,5,exclude,launch,0,0.0,prior,0.0,rr_tour,12600.0,43200,761111.6881401391,0,636312.6557683611,124799.03237177804,0,3,0.7012815051956512,5,5.240392698674983,4.440009884127327,7299.682415679881,4477.0101884646665,1.6304815286076475,2.012277965508605,307.4120038362722,0.0,0.0,0.0,1.2528787081984785,3.590062111801242,0.7967479674796748,1421.943926202674,322,0.23464059829711914
paper,50,1500000.0,4,6,exclude,launch,0,0.0,prior,0.0,rr_tour,12600.0,43200,295432.18706673285,0,200216.82595487358,95215.36111185928,0,0,0.0,0,5.492649806966811,4.462888123981282,6949.126209101812,4459.6439878566325,1.5582244295786623,2.0097581606211006,305.88346288227245,0.0,0.0,0.0,1.9782590837518594,8.360294117647058,0.84375,1455.19286575222,136,0.19911432266235352
paper,50,1500000.0,8,5,exclude,launch,0,0.0,prior,0.0,rr_tour,12600.0,43200,2591111.7989362753,0,2258938.507690233,332173.2912460422,0,16,0.9707385234601056,17,5.240392698674983,5.516849492638137,7299.682415679881,3610.0402507763442,2.0220501458702778,2.00843051503405,305.0796310955515,0.0,0.0,0.0,0.9264934875534525,2.8224137931034483,0.6639676113360324,998.5172622521916,580,0.21711373329162598
core,100,3000000.0,13,11,exclude,launch,0,0.0,prior,0.0,rr_tour,12600.0,43200,159415.18491456972,0,152436.15286477222,6979.032049797491,0,1,0.2098753267707304,1,9.578630957114202,27.490748645385178,8018.590898655449,1451.8951327532443,5.5228443967917356,2.0043251254727297,302.60068729674407,0.0,0.0036663611365719525,0.021081576535288724,1.0331354260080814,11.471014492753623,0.9615384615384616,345.8760859502622,828,1.7857353687286377
paper,50,1500000.0,5,6,exclude,launch,0,0.0,prior,0.0,rr_tour,12600.0,43200,268041.4153963537,0,188919.30358748094,79122.11180887274,0,0,0.0,0,5.492649806966811,4.248797028057103,6949.126209101812,4681.9979036904815,1.4842224093317762,2.010771827480695,306.49790616859923,0.0,0.0,0.0,1.5761728862478614,5.55868544600939,0.8355555555555556,1383.4284820284222,213,0.21861982345581055
paper,50,1500000.0,8,4,exclude,launch,0,0.0,prior,0.0,rr_tour,12600.0,43200,2729667.7949583298,0,2370872.945321438,358794.84963689226,0,13,0.9644879618645875,17,4.949329094370788,5.606832921134563,7748.570140310145,3549.3554502340385,2.183092183624274,2.0099853067947,306.02109598235563,0.0,0.0,0.0,0.9241493453123129,2.8476027397260273,0.720164609053498,987.3188763040655,584,0.36319828033447266
paper,50,1500000.0,6,6,exclude,launch,0,0.0,prior,0.0,rr_tour,12600.0,43200,628039.1665802522,0,488774.40537190344,139264.76120834882,0,2,0.5180844281919387,2,5.492649806966811,4.107286656815807,6949.126209101812,4829.166242426025,1.4389908858492277,2.0166606346679377,310.0796538250243,0.0,0.0,0.0,1.2538495281786004,3.1931464174454827,0.8072562358276644,1601.2915282644706,321,0.22112393379211426
paper,50,1500000.0,7,5,exclude,launch,0,0.0,prior,0.0,rr_tour,12600.0,43200,1292248.9702172189,0,1112518.9637233892,179730.0064938295,0,8,0.88080634054498,9,5.240392698674983,4.6437108333315695,7299.682415679881,4279.415005446089,1.7057664205014298,2.012845393451114,307.75673731054235,0.0,0.0,0.0,1.086652458037299,3.094688221709007,0.7408906882591093,1223.2542292842993,433,0.2746274471282959
paper,50,1500000.0,3,7,exclude,launch,0,0.0,prior,0.0,rr_tour,12600.0,43200,326822.1946828322,0,216083.83124128543,110738.36344154681,0,0,0.0,0,5.03597052905245,4.726260054649774,7609.524904069072,4209.319870691478,1.8077801492474916,2.0106220800473125,306.40709660374694,0.0,0.0,0.0,2.650765000731165,14.373333333333333,0.8021505376344086,1491.818924220284,75,0.17760968208312988
paper,50,1500000.0,7,6,exclude,launch,0,0.0,prior,0.0,rr_tour,12600.0,43200,2322457.139938752,0,2001974.3354129405,320482.8045258116,0,11,0.9327462419294623,16,5.492649806966811,4.628381652228089,6949.126209101812,4292.2520738742205,1.6189930343092538,2.013472066549399,308.1376889027728,0.0,0.0,0.0,1.0781890074199518,2.597254004576659,0.7142857142857143,1448.101183379669,437,0.25562429428100586
paper,50,1500000.0,3,8,exclude,launch,0,0.0,prior,0.0,rr_tour,12600.0,43200,337768.823845505,0,231496.37643095324,106272.44741455176,0,0,0.0,0,4.785052335032881,4.890687450871476,8026.03187300879,4067.3482065580397,1.9732836888830707,2.0108456132344883,306.54265613862265,0.0,0.0,0.0,2.417679310490501,12.268292682926829,0.7934782608695652,1621.3238698027365,82,0.10250997543334961
paper,50,1500000.0,2,8,exclude,launch,0,0.0,prior,0.0,rr_tour,12600.0,43200,503427.16199504165,0,323479.6912254182,179947.47076962344,0,0,0.0,0,4.785052335032881,5.043041125838639,8026.03187300879,3940.008482046076,2.037059541770532,2.013123064992718,307.92550344607184,0.0,0.021739130434782608,0.0,3.9087132327382106,21.352941176470587,0.7286652078774617,2241.9610221892463,34,0.11300969123840332
paper,50,1500000.0,9,6,exclude,launch,0,0.0,prior,0.0,rr_tour,12600.0,43200,3995982.8945021657,0,3529688.6845608098,466294.20994135604,0,23,0.989561032057604,27,5.492649806966811,5.84992097167516,6949.126209101812,3403.4875450534946,2.041766310912881,2.009027245835494,305.4407948515086,0.0,0.0,0.0,0.826898892510976,2.4582763337893296,0.6275395033860045,909.9926668338476,731,0.253082275390625
paper,50,1500000.0,4,7,exclude,launch,0,0.0,prior,0.0,rr_tour,12600.0,43200,229289.66192902625,0,161515.53168555512,67774.13024347113,0,0,0.0,0,5.03597052905245,5.299712818429659,7609.524904069072,3757.0742671210787,2.025385809022082,2.0088979460564578,305.3625196670817,0.0,0.0,0.0,1.9436527059731674,9.91304347826087,0.8297872340425532,1206.3159288918673,138,0.22403669357299805
paper,50,1500000.0,5,7,exclude,launch,0,0.0,prior,0.0,rr_tour,12600.0,43200,265837.5765441526,0,183555.89033520044,82281.68620895215,0,0,0.0,0,5.03597052905245,4.071095931434406,7609.524904069072,4882.517644348379,1.558524814114551,2.0123560961343356,307.4594596141055,0.0,0.0,0.0,1.5434610704894047,5.555555555555555,0.834051724137931,1361.7456499008465,216,0.21770286560058594
paper,50,1500000.0,7,7,exclude,launch,0,0.0,prior,0.0,rr_tour,12600.0,43200,1089546.5913472772,0,990834.8992161237,98711.69213115341,0,7,0.8772360883959606,8,5.03597052905245,5.168332854628673,7609.524904069072,3850.7040122321987,1.976138617742769,2.009876527238271,305.95518008004916,0.0,0.0,0.0,1.0933249588976726,3.8654292343387473,0.8369098712446352,988.1225078754811,431,0.20351910591125488
core,100,3000000.0,11,12,exclude,launch,0,0.0,prior,0.0,rr_tour,12600.0,43200,406376.4810917566,0,358748.8902868618,47627.59080489478,0,1,0.6736614902023078,1,9.578630957114198,24.816330500365144,8018.5908986554505,1607.639058995549,4.987805473988332,2.0052285224164113,303.14531468384456,0.0,0.00909090909090909,0.02077922077922078,1.2708352615313787,14.087108013937282,0.9571428571428572,407.2515718631716,574,1.3839683532714844
paper,50,1500000.0,2,9,exclude,launch,0,0.0,prior,0.0,rr_tour,12600.0,43200,555804.4724983907,0,341576.17151446396,214228.3009839268,0,0,0.0,0,5.052756717411576,5.012980868052503,7583.137266203306,3962.91285571505,1.9135261213900803,2.0134897442729534,308.1484385239367,0.0,0.043478260869565216,0.0,3.983469086633091,21.852941176470587,0.7494736842105263,2234.398766882993,34,0.11200881004333496
core,100,3000000.0,14,12,exclude,launch,0,0.0,prior,0.0,rr_tour,12600.0,43200,378951.2173595106,0,333875.65524376923,45075.56211574138,0,1,0.7224281090695247,1,9.578630957114198,25.079184886511097,8018.5908986554505,1591.387407751421,5.038742206704689,2.0044750393813153,302.69103142202846,0.0,0.0016488046166529267,0.01236603462489695,1.02093969796393,10.83205268935236,0.95260663507109,333.75224582003983,911,1.2064454555511475
paper,50,1500000.0,4,8,exclude,launch,0,0.0,prior,0.0,rr_tour,12600.0,43200,279100.1308200009,0,207099.3838041721,72000.74701582878,0,0,0.0,0,4.785052335032881,4.401757145755439,8026.03187300879,4521.182558714145,1.7752063246239382,2.009934338132428,305.9902102016957,0.0,0.0,0.0,1.9639029129506291,8.318840579710145,0.7882096069868996,1439.182542324037,138,0.18651771545410156
paper,50,1500000.0,8,6,exclude,launch,0,0.0,prior,0.0,rr_tour,12600.0,43200,3533053.3870130125,0,3041409.0733166686,491644.3136963438,0,18,0.9845501002901554,20,5.492649806966811,5.650018121093633,6949.126209101812,3525.6201248273514,1.971036573159483,2.008050516151289,304.8497529338642,0.0,0.0,0.0,0.9297693894339426,3.197573656845754,0.6312217194570136,886.9077230362473,577,0.38263368606567383
paper,50,1500000.0,6,7,exclude,launch,0,0.0,prior,0.0,rr_tour,12600.0,43200,577924.8786186784,0,508272.12218533474,69652.7564333437,0,2,0.6219412503769463,3,5.03597052905245,4.412740868704719,7609.524904069072,4502.21877056167,1.690172177732659,2.013376392692947,308.079513980211,0.0,0.0,0.0,1.2541636704869823,4.0,0.8304721030042919,1261.2338674367893,324,0.24501824378967285
paper,50,1500000.0,4,9,exclude,launch,0,0.0,prior,0.0,rr_tour,12600.0,43200,342114.5834896604,0,232244.80797043958,109869.7755192208,0,0,0.0,0,5.052756717411576,4.152341989508991,7583.137266203306,4789.813782577627,1.583179975343939,2.0111675213824407,306.7379268896124,0.0,0.0,0.0,1.9251271978946805,7.640287769784172,0.8259023354564756,1550.0135775450078,139,0.11250853538513184
paper,50,1500000.0,3,9,exclude,launch,0,0.0,prior,0.0,rr_tour,12600.0,43200,359200.17321199964,0,244088.6286872132,115111.54452478643,0,0,0.0,0,5.052756717411576,4.910846579742768,7583.137266203306,4050.702761528289,1.8720547304098574,2.0108202436375526,306.5272694842442,0.0,0.0,0.0,2.4546761769988596,12.341463414634147,0.8118393234672304,1630.8854530906297,82,0.15301179885864258
paper,50,1500000.0,2,10,exclude,launch,0,0.0,prior,0.0,rr_tour,12600.0,43200,463897.01363951195,0,286076.36255273985,177820.65108677212,0,0,0.0,0,4.601112145414482,4.9021446738649335,8360.21699446392,4053.291283786757,2.062574932106397,2.013103261100238,307.9134652955811,0.0,0.02127659574468085,0.0,3.860859339129604,21.4,0.7164502164502164,2222.73924622447,35,0.06800198554992676
paper,50,1500000.0,5,8,exclude,launch,0,0.0,prior,0.0,rr_tour,12600.0,43200,390637.89679053024,0,325852.041914756,64785.85487577429,0,1,0.40317971794227203,1,4.785052335032881,4.48109558977831,8026.03187300879,4438.373259067648,1.808327376840493,2.011184717401001,306.74835981160265,0.0,0.0,0.0,1.4550744210141935,5.456521739130435,0.8237885462555066,1312.4651635735534,230,0.22911381721496582
paper,50,1500000.0,6,9,exclude,launch,0,0.0,prior,0.0,rr_tour,12600.0,43200,1020258.9179595347,0,812581.112232476,207677.80572705867,0,5,0.7169138910265468,8,5.052756717411576,3.958090439855677,7583.137266203306,5013.282381117122,1.5126092427519586,2.0158216738112498,309.5681018954067,0.0,0.0,0.0,1.3020668992630857,3.2142857142857144,0.7377398720682303,1644.3162267449143,308,0.12560009956359863
paper,50,1500000.0,5,9,exclude,launch,0,0.0,prior,0.0,rr_tour,12600.0,43200,401642.0686488389,0,271027.9718349273,130614.09681391164,0,0,0.0,0,5.052756717411576,3.7387413516795527,7583.137266203306,5303.126989100385,1.4299369564012079,2.0174488986426002,310.5606784047121,0.0,0.0,0.0,1.45199994283704,3.826839826839827,0.774468085106383,1856.8897909628747,231,0.15860867500305176
paper,50,1500000.0,6,8,exclude,launch,0,0.0,prior,0.0,rr_tour,12600.0,43200,683647.8798435563,0,603981.2384418206,79666.6414017357,0,3,0.70911969569861,4,4.785052335032881,4.725631225550858,8026.03187300879,4210.022915058936,1.906410495843212,2.0105538244999934,306.36570966346903,0.0,0.0,0.0,1.270267874125073,4.290220820189274,0.8252212389380531,1210.3299606701917,317,0.257112979888916
paper,50,1500000.0,8,7,exclude,launch,0,0.0,prior,0.0,rr_tour,12600.0,43200,1768810.7231121901,0,1567129.5287764906,201681.19433569966,0,11,0.9343918197379292,17,5.03597052905245,5.157256205362439,7609.524904069072,3855.862229249881,1.9734950191800367,2.0114987923039376,306.9389420496973,0.0,0.0,0.0,0.9777480512206262,2.787272727272727,0.776824034334764,1068.6927161450756,550,0.32561826705932617
paper,50,1500000.0,3,11,exclude,launch,0,0.0,prior,0.0,rr_tour,12600.0,43200,383543.0063740783,0,256023.67377435855,127519.33259971974,0,0,0.0,0,5.369437041051388,3.9246148231856393,7116.237207150667,5068.34463575025,1.4040555089634852,2.0109293521150153,306.5934464903053,0.0,0.0,0.0,2.6112708773850977,12.5,0.7763157894736842,1685.5538476540373,78,0.09759926795959473
paper,50,1500000.0,5,10,exclude,launch,0,0.0,prior,0.0,rr_tour,12600.0,43200,519715.497859615,0,423244.29077733523,96471.20708227984,0,1,0.54172207884886,1,4.601112145414482,4.227921714471931,8360.21699446392,4704.89488555312,1.7769189743504912,2.0108659907809527,306.55501539526716,0.0,0.0,0.0,1.5445335382611611,5.407407407407407,0.8061674008810573,1397.463939709197,216,0.13110136985778809
paper,50,1500000.0,2,11,exclude,launch,0,0.0,prior,0.0,rr_tour,12600.0,43200,408798.4786601928,0,269896.99113533844,138901.48752485434,0,0,0.0,0,5.369437041051388,6.51587314531829,7116.237207150667,3051.809605430481,2.3318090337247193,2.011545845432875,306.967499223753,0.0,0.0,0.0,3.964018349075073,25.029411764705884,0.7770419426048565,1918.57196967907,34,0.1266024112701416
paper,50,1500000.0,3,10,exclude,launch,0,0.0,prior,0.0,rr_tour,12600.0,43200,321543.7226969777,0,218506.04913888455,103037.67355809319,0,0,0.0,0,4.601112145414482,4.990124416797493,8360.21699446392,3987.754886170173,2.0964721335952134,2.010111562115374,306.09761037574845,0.0,0.0,0.0,2.5615793143944243,12.602564102564102,0.7941834451901566,1648.3267941073555,78,0.14460301399230957
paper,50,1500000.0,7,8,exclude,launch,0,0.0,prior,0.0,rr_tour,12600.0,43200,1296692.5199766303,0,1219341.4627286065,77351.05724802379,0,7,0.9023479048297838,7,4.785052335032881,5.348451310034539,8026.03187300879,3723.0651779350724,2.155759163330113,2.008775049736783,305.2881302914348,0.0,0.0,0.0,1.0862315565948786,3.9027777777777777,0.8498896247240618,972.4944924790785,432,0.31412291526794434
paper,50,1500000.0,4,10,exclude,launch,0,0.0,prior,0.0,rr_tour,12600.0,43200,259531.88417273102,0,179921.50398398022,79610.38018875082,0,0,0.0,0,4.601112145414482,4.573332689584396,8360.21699446392,4352.367908719951,1.9208433592468737,2.009562863184798,305.76515241656625,0.0,0.0,0.0,1.9385674116389717,8.333333333333334,0.8159645232815964,1433.281707568785,138,0.178114652633667
core,100,3000000.0,12,12,exclude,launch,0,0.0,prior,0.0,rr_tour,12600.0,43200,400417.5452176525,0,353869.12799639115,46548.417221261334,0,1,0.6836986236156765,1,9.578630957114198,25.138135492830145,8018.5908986554505,1587.255020827348,5.051860471971167,2.0049807845312797,302.9959131831321,0.0,0.004410143329658214,0.018743109151047408,1.1626592138902285,12.360294117647058,0.9620853080568721,392.3418848444153,680,1.5570793151855469
paper,50,1500000.0,5,11,exclude,launch,0,0.0,prior,0.0,rr_tour,12600.0,43200,225825.8340772764,0,170927.44634730756,54898.38772996884,0,0,0.0,0,5.369437041051388,4.640539964774111,7116.237207150667,4290.27417886942,1.6586905429493901,2.009122542770588,305.49849189833327,0.0,0.0,0.0,1.557458384823117,6.236111111111111,0.8219780219780219,1225.559222782256,216,0.14211106300354004
paper,50,1500000.0,8,8,exclude,launch,0,0.0,prior,0.0,rr_tour,12600.0,43200,2496529.7398851216,0,2214923.179574433,281606.56031068874,0,12,0.9636032673270369,14,4.785052335032881,5.680076710172345,8026.03187300879,3505.548538846453,2.289522391166166,2.00886062096784,305.3399257618848,0.0,0.0,0.0,0.929050012124632,2.930675909878683,0.7373068432671082,967.8863912434023,577,0.34212207794189453
paper,50,1500000.0,7,9,exclude,launch,0,0.0,prior,0.0,rr_tour,12600.0,43200,2705383.9769235533,0,2330294.7249094597,375089.25201409333,0,14,0.9547354045845698,15,5.052756717411576,4.788571889443181,7583.137266203306,4155.013238337694,1.8250573057709703,2.0103957975436457,306.2699003081579,0.0,0.0,0.0,1.0976635145394058,3.0023255813953487,0.6295503211991434,1274.6455868708588,430,0.25461435317993164
paper,50,1500000.0,3,12,exclude,launch,0,0.0,prior,0.0,rr_tour,12600.0,43200,346367.3689466833,0,230898.0339626204,115469.33498406294,0,0,0.0,0,4.61728825227823,4.4423695642711225,8329.760200033028,4477.611898375494,1.860313128758461,2.010938821664679,306.59919034463076,0.0,0.028846153846153848,0.0,2.6222641662834154,12.233766233766234,0.7715617715617715,1759.3501643559982,77,0.09301328659057617
paper,50,1500000.0,8,9,exclude,launch,0,0.0,prior,0.0,rr_tour,12600.0,43200,3855077.9670789335,0,3266982.6282367,588095.3388422338,0,21,0.9748452067079348,28,5.052756717411576,4.98237400737966,7583.137266203306,3987.5479916862373,1.9017043260704636,2.0133428795915993,308.05913748569833,0.0,0.0,0.0,0.9355959709360174,1.9340277777777777,0.48504273504273504,1469.2994317552143,576,0.2556130886077881
paper,50,1500000.0,2,12,exclude,launch,0,0.0,prior,0.0,rr_tour,12600.0,43200,529565.784065933,0,324295.1287084138,205270.6553575191,0,0,0.0,0,4.61728825227823,3.9649912230635302,8329.760200033028,5007.833253402987,1.6633461576167063,2.0145029205954357,308.76485276900047,0.0,0.021739130434782608,0.0,3.895515933056428,20.176470588235293,0.715311004784689,2339.4189701431583,34,0.10151386260986328
paper,50,1500000.0,4,11,exclude,launch,0,0.0,prior,0.0,rr_tour,12600.0,43200,263077.1608749467,0,189254.49012820586,73822.67074674081,0,0,0.0,0,5.369437041051388,4.92373183587322,7116.237207150667,4044.3570820332898,1.7595472068388673,2.008704750111618,305.24558186932256,0.0,0.0,0.0,1.9179682773793234,9.142857142857142,0.8333333333333334,1276.308223030571,140,0.19161105155944824
paper,50,1500000.0,4,12,exclude,launch,0,0.0,prior,0.0,rr_tour,12600.0,43200,300021.37950056087,0,216889.71977402005,83131.65972654083,0,0,0.0,0,4.61728825227823,3.7502926733855992,8329.760200033028,5300.808439465908,1.5714131712468196,2.012114635012826,307.3128103221438,0.0,0.0,0.0,1.9530493270255216,7.0583941605839415,0.7713625866050808,1696.269533359313,137,0.10401201248168945
paper,50,1500000.0,7,11,exclude,launch,0,0.0,prior,0.0,rr_tour,12600.0,43200,1308074.788324389,0,1175611.727784526,132463.06053986275,0,6,0.8775034938495433,9,5.369437041051388,4.7823822926898325,7116.237207150667,4158.0869930323925,1.7114209536922091,2.011509696866497,306.94556005648576,0.0,0.0,0.0,1.0975045154283127,3.3846153846153846,0.8392070484581498,1130.9038058465937,429,0.1820218563079834
paper,50,1500000.0,6,10,exclude,launch,0,0.0,prior,0.0,rr_tour,12600.0,43200,857221.5514970893,0,770537.3265819143,86684.22491517504,0,4,0.8096819293027441,5,4.601112145414482,4.7134231578504355,8360.21699446392,4222.304069071989,1.9800130113086325,2.0098981677512686,305.96829276821086,0.0,0.0,0.0,1.2780205862838883,4.611464968152866,0.8325892857142857,1134.9465027332913,314,0.2606205940246582
paper,50,1500000.0,7,10,exclude,launch,0,0.0,prior,0.0,rr_tour,12600.0,43200,1313210.5854995395,0,1180044.1954347936,133166.39006474603,0,7,0.8837636901984505,9,4.601112145414482,4.627112289761868,8360.21699446392,4292.108518009854,1.9478111886929523,2.0140917872801785,308.5146459087322,0.0,0.0,0.0,1.0778056086256202,3.0714285714285716,0.8359550561797753,1211.8825868839456,434,0.2591209411621094
core,100,3000000.0,15,11,exclude,launch,0,0.0,prior,0.0,rr_tour,12600.0,43200,140977.15014746613,0,135705.92871335248,5271.221434113665,0,1,0.23732437484489127,1,9.578630957114202,26.900452261250727,8018.590898655449,1484.048404199587,5.403186901427404,2.0039290410200747,302.3620558210463,0.0,0.0028228652081863093,0.014820042342978124,0.9363656302812162,10.243601895734598,0.961352657004831,301.95972559661254,1055,2.1357388496398926
paper,50,1500000.0,6,12,exclude,launch,0,0.0,prior,0.0,rr_tour,12600.0,43200,715264.2512975977,0,636972.4109391082,78291.84035848944,0,4,0.6399487346077093,6,4.61728825227823,4.032485754763751,8329.760200033028,4919.092333584255,1.6933530893825728,2.0165183339750907,309.9928569922483,0.0,0.0,0.0,1.27154094110039,3.0662460567823344,0.7790973871733967,1693.3289663637224,317,0.18251824378967285
paper,50,1500000.0,6,11,exclude,launch,0,0.0,prior,0.0,rr_tour,12600.0,43200,880330.1065317789,0,775777.3288254486,104552.77770633044,0,3,0.7781150364160355,3,5.369437041051388,4.570943119633864,7116.237207150667,4352.21522163941,1.6350839388108418,2.010683947854608,306.44461273529276,0.0,0.0,0.0,1.2616063388274534,4.244514106583072,0.8344370860927153,1211.4256153702822,319,0.257523775100708
paper,50,1500000.0,5,12,exclude,launch,0,0.0,prior,0.0,rr_tour,12600.0,43200,556894.0721004314,0,484929.48921219644,71964.582888235,0,2,0.5546698718758469,2,4.61728825227823,4.031694676925752,8329.760200033028,4929.654106629335,1.6897250841253293,2.0125927707492988,307.60323581212276,0.0,0.0,0.0,1.5170694834427023,4.825112107623318,0.7976190476190477,1530.6509793335126,223,0.19102120399475098
paper,50,1500000.0,8,11,exclude,launch,0,0.0,prior,0.0,rr_tour,12600.0,43200,2561232.6954997783,0,2351193.996743385,210038.69875639267,0,14,0.963500958062978,18,5.369437041051388,5.3546567640513345,7116.237207150667,3715.848927484325,1.9151040168816675,2.010343661040208,306.23829402123914,0.0,0.0,0.0,0.9344015940527645,2.780869565217391,0.7439293598233996,1023.0949465131869,575,0.3245353698730469
paper,50,3000000.0,7,1,exclude,launch,0,0.0,prior,0.0,rr_tour,12600.0,43200,149940.21501462458,0,119481.09364561271,30459.12136901189,0,0,0.0,0,11.094457325293037,9.580699711306885,6877.474519126179,4164.914574911348,1.651288254639069,2.004872046302556,302.930348832086,0.0,0.0,0.009868421052631578,2.087479532913268,9.448888888888888,0.8851351351351351,785.6247552516788,225,0.22552204132080078
paper,50,1500000.0,7,12,exclude,launch,0,0.0,prior,0.0,rr_tour,12600.0,43200,1890390.0937893775,0,1738583.4403511134,151806.65343826418,0,12,0.9386015652809733,13,4.61728825227823,4.723034763316675,8329.760200033028,4210.197089167019,1.9784727469091141,2.0115758938394093,306.9857366990999,0.0,0.0,0.0,1.0881290466531477,3.1270207852193996,0.7333333333333333,1211.591493780785,433,0.26552271842956543
paper,50,3000000.0,5,1,exclude,launch,0,0.0,prior,0.0,rr_tour,12600.0,43200,217395.61693387403,0,162159.23166491522,55236.38526895879,0,0,0.0,0,11.094457325293037,10.30168648211001,6877.474519126179,3871.6525978524887,1.776366640679731,2.0057891472118645,303.483542594751,0.0,0.0058823529411764705,0.011764705882352941,2.640025712452029,12.976377952755906,0.8641425389755011,1019.9643456540401,127,0.2600209712982178
core,100,3000000.0,13,12,exclude,launch,0,0.0,prior,0.0,rr_tour,12600.0,43200,387086.46840378316,0,341683.0422673132,45403.42613646988,0,1,0.7072486167294872,1,9.578630957114198,24.78094780247442,8018.5908986554505,1610.3957249572957,4.97926737781677,2.0046541855010274,302.7990097334198,0.0,0.0057306590257879654,0.008595988538681949,1.10210463012408,11.660736975857688,0.9428571428571428,358.95277275243313,787,1.725189208984375
paper,50,3000000.0,4,2,exclude,launch,0,0.0,prior,0.0,rr_tour,12600.0,43200,362591.2812859596,0,236017.2649332355,126574.01635272407,0,0,0.0,0,9.341613932410631,9.365209293921582,8230.497347191886,4256.670239947806,1.9335529611738975,2.0067926070526703,304.08940608477366,0.0,0.009259259259259259,0.009259259259259259,3.4313596485072964,15.405063291139241,0.811088295687885,1384.1393097405235,79,0.1921229362487793
paper,50,3000000.0,6,1,exclude,launch,0,0.0,prior,0.0,rr_tour,12600.0,43200,185042.8542763353,0,139885.24763814025,45157.60663819505,0,0,0.0,0,11.094457325293037,10.253877192976578,6877.474519126179,3890.991194235874,1.7675379294906888,2.0051258101497247,303.08336826874205,0.0,0.004310344827586207,0.017241379310344827,2.3490813224212563,10.976331360946746,0.8881431767337807,886.1548657402122,169,0.316131591796875
paper,50,3000000.0,10,1,exclude,launch,0,0.0,prior,0.0,rr_tour,12600.0,43200,112420.1651008558,0,93271.29912201967,19148.86597883613,0,0,0.0,0,11.094457325293037,9.738846181637882,6877.474519126179,4097.4844189380665,1.6784626409655987,2.0047728384922627,302.8705370915396,0.0,0.0,0.0016286644951140066,1.4629955563340504,5.934497816593886,0.9045454545454545,602.4094439678521,458,0.31963109970092773
paper,50,3000000.0,5,2,exclude,launch,0,0.0,prior,0.0,rr_tour,12600.0,43200,255848.06953204135,0,179925.2059367796,75922.86359526175,0,0,0.0,0,9.341613932410631,9.026508911100645,8230.497347191886,4418.424269353681,1.8627675491190048,2.005869875286406,303.5322618026071,0.0,0.0,0.0,2.937109802987161,12.858407079646017,0.8191268191268192,1132.565797553945,113,0.21562600135803223
paper,50,1500000.0,9,11,exclude,launch,0,0.0,prior,0.0,rr_tour,12600.0,43200,3393953.805329527,0,3070869.6270018085,323084.17832771817,0,19,0.9861153861819985,23,5.369437041051388,6.10183312373849,7116.237207150667,3267.0939113730747,2.1781550822210365,2.006494838514487,303.9095579868912,0.0,0.0,0.0,0.8632946315867469,3.1027104136947217,0.7234513274336283,752.3397728212934,701,0.4606597423553467
paper,50,3000000.0,8,1,exclude,launch,0,0.0,prior,0.0,rr_tour,12600.0,43200,133438.98982372408,0,107969.7109720406,25469.278851683477,0,0,0.0,0,11.094457325293037,10.042401589800525,6877.474519126179,3973.9339380650863,1.7306464139348101,2.004618616365321,302.77756930433145,0.0,0.0,0.004987531172069825,1.7983276910038444,7.923333333333333,0.9006772009029346,697.1338617537633,300,0.4021475315093994
paper,50,3000000.0,6,2,exclude,launch,0,0.0,prior,0.0,rr_tour,12600.0,43200,212504.0256598129,0,157603.763482603,54900.26217720987,0,0,0.0,0,9.341613932410631,8.774039878129663,8230.497347191886,4546.217618577215,1.8104054925922581,2.00558079530256,303.3578207643987,0.0,0.0,0.0,2.3567362272888395,9.713450292397662,0.859504132231405,1004.3690060415236,171,0.2821357250213623
paper,50,3000000.0,7,2,exclude,launch,0,0.0,prior,0.0,rr_tour,12600.0,43200,188963.9502049611,0,138065.15034925085,50898.79985571027,0,0,0.0,0,9.341613932410631,8.305593144456173,8230.497347191886,4802.9567109549525,1.713631382189878,2.0054445648225365,303.2756318793539,0.0,0.026845637583892617,0.0,2.1219956884022633,8.474885844748858,0.8763102725366876,877.3558000175751,219,0.3206470012664795
paper,50,3000000.0,9,1,exclude,launch,0,0.0,prior,0.0,rr_tour,12600.0,43200,116349.47891400396,0,95290.8419829898,21058.63693101415,0,0,0.0,0,11.094457325293037,10.514724865350175,6877.474519126179,3795.7763904195945,1.811875572145051,2.0044325823861424,302.66544376766853,0.0,0.0019880715705765406,0.019880715705765408,1.5931503261560815,7.109333333333334,0.9117647058823529,619.6833717408189,375,0.46315956115722656
paper,50,3000000.0,9,2,exclude,launch,0,0.0,prior,0.0,rr_tour,12600.0,43200,136353.43628502506,0,110175.86825639462,26177.568028630438,0,0,0.0,0,9.341613932410631,8.979159861807306,8230.497347191886,4443.4349947608025,1.852282604988339,2.0050973005351187,303.06617506289484,0.0,0.0,0.012219959266802444,1.6452536891947902,6.2465753424657535,0.8946280991735537,727.263924035299,365,0.26813793182373047
paper,50,3000000.0,14,1,exclude,launch,0,0.0,prior,0.0,rr_tour,12600.0,43200,525568.0872079328,0,508431.57831382315,17136.508894109724,0,3,0.8717514241630083,6,11.094457325293037,9.80363529887463,6877.474519126179,4068.2070192945544,1.690541923384903,2.005856200605348,303.5240088888678,0.0,0.0,0.0,1.094202830151649,4.119628339140534,0.9406392694063926,463.2648078042012,861,0.47165799140930176
paper,50,3000000.0,8,2,exclude,launch,0,0.0,prior,0.0,rr_tour,12600.0,43200,159157.74867282013,0,122698.50792252459,36459.240750295554,0,0,0.0,0,9.341613932410631,8.143350362854942,8230.497347191886,4897.79767065866,1.6804486221426624,2.005792606767792,303.4856303486252,0.0,0.007518796992481203,0.005012531328320802,1.8070804337808266,7.053511705685619,0.8956158663883089,789.1100809242832,299,0.3511474132537842
paper,50,3000000.0,15,1,exclude,launch,0,0.0,prior,0.0,rr_tour,12600.0,43200,1155996.3031113376,0,1026042.7769118692,129953.5261994683,0,7,0.9459286102938441,9,11.094457325293037,11.519788902626114,6877.474519126179,3464.181659058423,1.9853100085390734,2.0046788486300104,302.813876665357,0.0,0.0,0.0206794682422452,0.9635346346401813,3.407843137254902,0.8704545454545455,471.89976718508007,1020,0.5046617984771729
paper,50,3000000.0,5,3,exclude,launch,0,0.0,prior,0.0,rr_tour,12600.0,43200,245332.28203056386,0,177379.21091829077,67953.07111227309,0,0,0.0,0,10.771174625584255,10.147554759770044,7093.897473043144,3930.1171263397014,1.805009175299062,2.0059637929504257,303.5889458181619,0.0,0.0,0.0125,2.8596887333746754,12.931623931623932,0.8387096774193549,1101.3179324648668,117,0.22653603553771973
paper,50,3000000.0,11,1,exclude,launch,0,0.0,prior,0.0,rr_tour,12600.0,43200,96307.86442465139,0,81950.62874040763,14357.23568424377,0,0,0.0,0,11.094457325293037,10.52875823292917,6877.474519126179,3790.614295438634,1.8143430017140127,2.0044869703702437,302.6982220930774,0.0,0.0,0.0107095046854083,1.3240642195579748,5.446043165467626,0.9138321995464853,541.5649412220394,556,0.5751693248748779
paper,50,3000000.0,12,1,exclude,launch,0,0.0,prior,0.0,rr_tour,12600.0,43200,311921.819984693,0,295853.6148726996,16068.205111993408,0,1,0.7196776655908859,1,11.094457325293037,10.467312099128637,6877.474519126179,3811.8689778764015,1.8042263674439387,2.005011412118952,303.01438154679903,0.0,0.0,0.014606741573033709,1.1853230567018451,4.769001490312966,0.9269406392694064,511.7615165329647,671,0.6091687679290771
core,100,3000000.0,15,12,exclude,launch,0,0.0,prior,0.0,rr_tour,12600.0,43200,373168.7224790679,0,328161.7850290527,45006.93745001524,0,1,0.733625980640471,1,9.578630957114198,25.698368679407434,8018.5908986554505,1553.1968124844998,5.162636720731406,2.0042779148018903,302.57223904764993,0.0,0.005046863734679163,0.01514059120403749,0.9530257235082242,10.043227665706052,0.9571428571428572,313.3869427483822,1041,2.009730339050293
paper,50,3000000.0,6,3,exclude,launch,0,0.0,prior,0.0,rr_tour,12600.0,43200,218649.37518044797,0,160836.39355138992,57812.981629058064,0,0,0.0,0,10.771174625584255,9.947660624191924,7093.897473043144,4010.206647585856,1.7689605789551193,2.0054058339801175,303.25226730037656,0.0,0.013392857142857142,0.008928571428571428,2.4537576674368538,10.225609756097562,0.8463203463203464,986.9228432440876,164,0.2851297855377197
paper,50,3000000.0,13,1,exclude,launch,0,0.0,prior,0.0,rr_tour,12600.0,43200,418456.21880624956,0,379829.7598312876,38626.45897496196,0,2,0.8157573096367223,3,11.094457325293037,9.598320063533365,6877.474519126179,4155.367207975103,1.6550822526410487,2.0057894885326846,303.4837485728516,0.0,0.0,0.0,1.1550481067564695,4.2367724867724865,0.909297052154195,513.1369217963716,756,0.6372802257537842
paper,50,3000000.0,10,2,exclude,launch,0,0.0,prior,0.0,rr_tour,12600.0,43200,428957.74904316827,0,389174.38785888033,39783.361184287874,0,2,0.7386707102682225,2,9.341613932410631,9.404920263802577,8230.497347191886,4242.677557621045,1.93992997002744,2.004909816911602,302.9531220375928,0.0,0.0,0.006369426751592357,1.435281160909496,5.801705756929637,0.9100418410041841,608.8898138040605,469,0.48125743865966797
paper,50,3000000.0,7,3,exclude,launch,0,0.0,prior,0.0,rr_tour,12600.0,43200,177694.81494657378,0,136804.28778302448,40890.52716354929,0,0,0.0,0,10.771174625584255,10.096152830691592,7093.897473043144,3951.8189027940393,1.7950968016341975,2.005104615289187,303.07058630268756,0.0,0.003257328990228013,0.006514657980456026,2.065307393574397,8.524229074889869,0.8722943722943723,851.6297252911602,227,0.32213282585144043
paper,50,3000000.0,11,3,exclude,launch,0,0.0,prior,0.0,rr_tour,12600.0,43200,116746.94229809103,0,96795.07847885562,19951.86381923541,0,0,0.0,2,10.771174625584255,8.488630564251626,7093.897473043144,4696.601321525011,1.5104321162051961,2.0066362709219296,303.99497458068265,0.0,0.0,0.0,1.3756726766379117,4.604089219330855,0.8801742919389978,660.3859680932762,538,0.30863070487976074
paper,50,3000000.0,8,3,exclude,launch,0,0.0,prior,0.0,rr_tour,12600.0,43200,157171.8485928212,0,120897.57568983767,36274.27290298353,0,0,0.0,0,10.771174625584255,9.929280494449799,7093.897473043144,4018.4385059120546,1.7653368248901598,2.0050023266755863,303.0089029870027,0.0,0.0,0.012376237623762377,1.7966303161706259,7.239057239057239,0.8655097613882863,766.4030959438331,297,0.3961458206176758
paper,50,3000000.0,15,2,exclude,launch,0,0.0,prior,0.0,rr_tour,12600.0,43200,1184648.6034760636,0,1101477.6868206116,83170.91665545189,0,7,0.9443589180537367,10,9.341613932410631,10.183162979218327,8230.497347191886,3916.9487853125584,2.101252224193971,2.005669633836023,303.4114237259643,0.0,0.0,0.0,1.0140263611045515,3.254527162977867,0.8970588235294118,508.17647853347023,994,0.47015810012817383
paper,50,3000000.0,11,2,exclude,launch,0,0.0,prior,0.0,rr_tour,12600.0,43200,570770.2526786302,0,523688.82213471306,47081.430543917064,0,3,0.8343025731199459,3,9.341613932410631,10.736417964153205,8230.497347191886,3717.15313667202,2.2141937780267718,2.0045649098701652,302.745197442736,0.0,0.0,0.014084507042253521,1.2364559822971086,5.015332197614992,0.906054279749478,557.9168697632757,587,0.5847697257995605
paper,50,3000000.0,4,4,exclude,launch,0,0.0,prior,0.0,rr_tour,12600.0,43200,343856.82697907777,0,229242.83705208913,114613.98992698864,0,0,0.0,0,9.898658188741576,8.93269228311192,7748.570140310145,4460.82648875762,1.7370256744660317,2.00766978279884,304.61951734975844,0.0,0.009009009009009009,0.04504504504504504,3.4228751476320114,15.76923076923077,0.802020202020202,1358.96969202765,78,0.19553494453430176
paper,50,3000000.0,12,2,exclude,launch,0,0.0,prior,0.0,rr_tour,12600.0,43200,562450.0263462024,0,519889.1180995585,42560.90824664379,0,3,0.8444013562160864,3,9.341613932410631,10.260545730717961,8230.497347191886,3888.9187732486466,2.1163973400031852,2.0048904834460153,302.94146511611007,0.0,0.0,0.016891891891891893,1.1926595626550929,4.611111111111111,0.9094736842105263,534.9358982809392,666,0.6326766014099121
paper,50,3000000.0,12,3,exclude,launch,0,0.0,prior,0.0,rr_tour,12600.0,43200,504819.9658902522,0,457094.0658340408,47725.900056211394,0,2,0.8144002367779354,3,10.771174625584255,9.78903932638962,7093.897473043144,4075.5284018996877,1.7406080325035969,2.005238293920442,303.1512082692242,0.0,0.0,0.0,1.2539927721521482,4.537383177570093,0.8731182795698925,563.199589403032,642,0.3661370277404785
paper,50,3000000.0,5,4,exclude,launch,0,0.0,prior,0.0,rr_tour,12600.0,43200,276401.3745836456,0,188118.87939561086,88282.49518803481,0,0,0.0,0,9.898658188741576,8.737008287199545,7748.570140310145,4562.885423248507,1.6981732876372813,2.006724143477694,304.0480503182688,0.0,0.018518518518518517,0.018518518518518517,2.812699213307295,12.508333333333333,0.8323232323232324,1111.8552837000761,120,0.2485215663909912
paper,50,3000000.0,9,3,exclude,launch,0,0.0,prior,0.0,rr_tour,12600.0,43200,139836.90445823266,0,111898.9850273625,27937.91943087016,0,0,0.0,0,10.771174625584255,10.116890068531092,7093.897473043144,3944.240708177524,1.7985457779834513,2.0048391982344063,302.9105442925094,0.0,0.00199203187250996,0.00796812749003984,1.6180882769086395,6.404312668463612,0.8913043478260869,693.5981919471355,371,0.45264172554016113
paper,50,3000000.0,13,2,exclude,launch,0,0.0,prior,0.0,rr_tour,12600.0,43200,565921.1698355804,0,518014.749028792,47906.42080678838,0,3,0.8491423630740473,5,9.341613932410631,8.958797053674985,8230.497347191886,4450.658136423295,1.8492764653917457,2.0063932215458626,303.84819491203785,0.0,0.0,0.0,1.1887859403130365,3.907482993197279,0.9125,574.2477756457757,735,0.6251661777496338
paper,50,3000000.0,16,1,exclude,launch,0,0.0,prior,0.0,rr_tour,12600.0,43200,1570554.7858337408,0,1401989.62023687,168565.16559687105,0,9,0.966191655802799,14,11.094457325293037,11.843324839270693,6877.474519126179,3368.4084665690443,2.0417578768679916,2.0053565248124894,303.2225225949138,0.0,0.0,0.04849279161205767,0.8771871604431619,3.074171029668412,0.8287671232876712,460.2274786967931,1146,0.8668780326843262
paper,50,3000000.0,6,4,exclude,launch,0,0.0,prior,0.0,rr_tour,12600.0,43200,223303.69697905186,0,156502.2330530707,66801.46392598117,0,0,0.0,0,9.898658188741576,8.920135928295924,7748.570140310145,4470.692897548232,1.7331922182710267,2.006058882601783,303.6463425785843,0.0,0.0,0.013215859030837005,2.3728509571399052,10.375,0.8539553752535497,956.2443365232663,168,0.29811644554138184
paper,50,3000000.0,10,3,exclude,launch,0,0.0,prior,0.0,rr_tour,12600.0,43200,125754.60703207279,0,101235.87924735137,24518.727784721428,0,0,0.0,0,10.771174625584255,9.583265670449384,7093.897473043144,4162.063731810232,1.7044182718359653,2.0057081209945773,303.43464739033317,0.0,0.0,0.0015432098765432098,1.3856339436991278,5.321649484536082,0.8934782608695652,637.3873100966307,485,0.4922363758087158
paper,50,3000000.0,14,3,exclude,launch,0,0.0,prior,0.0,rr_tour,12600.0,43200,988113.0157607703,0,890878.9764739985,97234.03928677166,0,5,0.9198570299708759,6,10.771174625584255,9.961958085771471,7093.897473043144,4001.6041926580597,1.7727634047511913,2.00683260058753,304.1135656817548,0.0,0.0,0.0,1.0350817210267063,3.350935093509351,0.8558951965065502,540.1058564013725,909,0.4262256622314453
paper,50,3000000.0,14,2,exclude,launch,0,0.0,prior,0.0,rr_tour,12600.0,43200,1072236.7801481762,0,986913.2781187842,85323.50202939213,0,5,0.9290930120915789,7,9.341613932410631,9.91762108384073,8230.497347191886,4021.8711743046492,2.0464348534522308,2.005646177046481,303.39727002246076,0.0,0.0,0.004314063848144953,1.078061605919363,3.5458715596330275,0.9006342494714588,531.9795193541445,872,0.7032649517059326
paper,50,3000000.0,17,1,exclude,launch,0,0.0,prior,0.0,rr_tour,12600.0,43200,2795605.6953060944,0,2385556.427035016,410049.2682710778,0,14,0.9872374310047618,16,11.094457325293037,13.226923943787735,6877.474519126179,3018.090620643659,2.278750171411169,2.004005250248153,302.40796275775716,0.0,0.0,0.04783342712436691,0.8099225961666005,2.8625093914350113,0.7084282460136674,430.5192362649792,1331,0.9823954105377197
paper,50,3000000.0,9,4,exclude,launch,0,0.0,prior,0.0,rr_tour,12600.0,43200,144764.60040428303,0,112638.93191682041,32125.668487462608,0,0,0.0,0,9.898658188741576,9.002503401576002,7748.570140310145,4430.676099680801,1.7488459923460384,2.005657123456373,303.403874987564,0.0,0.0,0.00199203187250996,1.6171728696017478,6.293333333333333,0.8959183673469387,698.4822105307578,375,0.2676124572753906
paper,50,3000000.0,7,4,exclude,launch,0,0.0,prior,0.0,rr_tour,12600.0,43200,186289.9509980971,0,136227.53321006228,50062.41778803485,0,0,0.0,0,9.898658188741576,9.741058081735487,7748.570140310145,4095.3085398762464,1.892060162222672,2.0053825294530467,303.2382091588221,0.0,0.0,0.003246753246753247,2.058942969651139,8.826086956521738,0.8842975206611571,820.271095135701,230,0.3621222972869873
paper,50,3000000.0,5,5,exclude,launch,0,0.0,prior,0.0,rr_tour,12600.0,43200,230204.98383245902,0,162473.63831840426,67731.34551405479,0,0,0.0,0,10.480785397349965,9.322069913119543,7299.682415679881,4278.530635865219,1.706119001343487,2.005778562142101,303.4771548193898,0.0,0.0,0.019230769230769232,2.853819074481294,12.568965517241379,0.8227091633466136,1143.62513357691,116,0.24110865592956543
paper,50,3000000.0,8,4,exclude,launch,0,0.0,prior,0.0,rr_tour,12600.0,43200,166447.87327295018,0,123384.62095077956,43063.25232217062,0,0,0.0,0,9.898658188741576,10.848017935203298,7748.570140310145,3678.409399551358,2.1065002012161043,2.004839123328421,302.9104991314287,0.0,0.0025,0.01,1.7941908454440578,7.542087542087542,0.889795918367347,739.319514525863,297,0.4131309986114502
paper,50,3000000.0,6,5,exclude,launch,0,0.0,prior,0.0,rr_tour,12600.0,43200,184311.21539368262,0,138636.64266952584,45674.572724156766,0,0,0.0,0,10.480785397349965,9.422391759385286,7299.682415679881,4234.3367629085915,1.7239258057183164,2.0051341549621142,303.0884008414209,0.0,0.0,0.008888888888888889,2.393396103005548,10.048192771084338,0.8387755102040816,993.8958112870923,166,0.2841174602508545
paper,50,3000000.0,13,3,exclude,launch,0,0.0,prior,0.0,rr_tour,12600.0,43200,795739.8741043293,0,704623.684809588,91116.18929474126,0,4,0.8895855341010841,4,10.771174625584255,10.180478394015578,7093.897473043144,3917.57493633957,1.8107879461959715,2.005877874265347,303.53708938097196,0.0,0.0,0.0,1.0973201443768714,3.6896984924623117,0.8640350877192983,559.4663771842322,796,0.6347475051879883
paper,50,3000000.0,10,4,exclude,launch,0,0.0,prior,0.0,rr_tour,12600.0,43200,147448.03893359643,0,114438.4071296996,33009.631803896846,0,0,0.0,1,9.898658188741576,8.107409255036519,7748.570140310145,4916.897746348228,1.575906301095034,2.0068583231854316,304.1291048903337,0.0,0.0,0.0,1.5077742474833409,4.932735426008969,0.9024896265560166,752.8756941280114,446,0.43762779235839844
paper,50,3000000.0,7,5,exclude,launch,0,0.0,prior,0.0,rr_tour,12600.0,43200,162929.88941899763,0,123214.88377322232,39715.00564577529,0,0,0.0,0,10.480785397349965,9.473613383191486,7299.682415679881,4212.192159230064,1.7329889377635068,2.0047773838915406,302.87327735397855,0.0,0.0,0.01,2.1193258261873926,8.67117117117117,0.8693877551020408,860.2141252618911,222,0.3251216411590576
paper,50,3000000.0,11,5,exclude,launch,0,0.0,prior,0.0,rr_tour,12600.0,43200,261006.534233915,0,232448.3901049913,28558.144128923712,0,1,0.6075147833619626,1,10.480785397349965,8.83345610945496,7299.682415679881,4515.318058421177,1.6166485552586485,2.005723135947309,303.443707853907,0.0,0.0,0.0,1.3503076153992004,4.456043956043956,0.8936605316973415,669.2762415303658,546,0.28302931785583496
paper,50,3000000.0,8,5,exclude,launch,0,0.0,prior,0.0,rr_tour,12600.0,43200,151772.82866084145,0,114272.88032556522,37499.94833527625,0,0,0.0,0,10.480785397349965,9.06801110358402,7299.682415679881,4400.206386085414,1.6589409166723081,2.004956233409312,302.9811093204694,0.0,0.0,0.007653061224489796,1.8177358737677016,6.836734693877551,0.8507157464212679,821.661955496216,294,0.3595411777496338
paper,50,3000000.0,15,4,exclude,launch,0,0.0,prior,0.0,rr_tour,12600.0,43200,1714730.1795336187,0,1531493.2664613493,183236.91307226924,0,9,0.95918139605612,13,9.898658188741576,10.198369137253767,7748.570140310145,3910.8352640605235,1.9813082416222758,2.0058097447910646,303.4959728149999,0.0,0.0,0.0,1.0193105931173587,2.891809908998989,0.8213552361396304,574.6739652333763,989,0.417128324508667
paper,50,3000000.0,15,3,exclude,launch,0,0.0,prior,0.0,rr_tour,12600.0,43200,1188625.1002895168,0,1073782.4848945527,114842.61539496407,0,6,0.9427098771640167,12,10.771174625584255,10.405280850100898,7093.897473043144,3830.695771464013,1.8518561369158277,2.007051506856758,304.24582123873995,0.0,0.0,0.0,0.9649791310602275,2.9549808429118776,0.8333333333333334,531.9571245255075,1044,0.7407560348510742
paper,50,3000000.0,11,4,exclude,launch,0,0.0,prior,0.0,rr_tour,12600.0,43200,410029.55558478617,0,366777.6305287309,43251.92505605523,0,3,0.7097485890021994,3,9.898658188741576,9.255251257081992,7748.570140310145,4309.297077265891,1.7981053525384612,2.005835618106464,303.5115871954838,0.0,0.0,0.0,1.3120520307499306,4.660142348754448,0.8952772073921971,625.8673666063289,562,0.5761492252349854
paper,50,3000000.0,6,6,exclude,launch,0,0.0,prior,0.0,rr_tour,12600.0,43200,196750.09684243804,0,146870.98191314275,49879.11492929526,0,0,0.0,0,10.985299613933622,9.461084801189386,6949.126209101812,4216.400083401238,1.6481183169639275,2.0054287585797743,303.2660965737798,0.0,0.004524886877828055,0.00904977375565611,2.4262331787690723,10.309090909090909,0.8752783964365256,973.9234569610102,165,0.1970233917236328
paper,50,3000000.0,5,6,exclude,launch,0,0.0,prior,0.0,rr_tour,12600.0,43200,229817.73686927685,0,163781.70884756665,66036.02802171023,0,0,0.0,0,10.985299613933622,9.903755729107203,6949.126209101812,4027.082529115334,1.7255981616618097,2.0058550070555734,303.5232885656303,0.0,0.0,0.012658227848101266,2.9027149955800433,13.273504273504274,0.849438202247191,1087.9881649395477,117,0.2760279178619385
paper,50,3000000.0,14,5,exclude,launch,0,0.0,prior,0.0,rr_tour,12600.0,43200,1203316.6803104864,0,1053571.5057985855,149745.17451190107,0,8,0.9474097266247171,9,10.480785397349965,9.428965272533981,7299.682415679881,4229.211838786129,1.7260148448310029,2.006164363402327,303.71001785424306,0.0,0.0,0.0,1.0820203434227111,3.232183908045977,0.7777777777777778,585.009486197515,870,0.3655359745025635
paper,50,3000000.0,9,5,exclude,launch,0,0.0,prior,0.0,rr_tour,12600.0,43200,127096.35389296924,0,98249.82182583751,28846.532067131728,0,0,0.0,0,10.480785397349965,10.797043157631213,7299.682415679881,3697.3326193449284,1.974310446803457,2.0039949710295684,302.4017705557993,0.0,0.0,0.004106776180698152,1.6842372006157398,6.519444444444445,0.8837675350701403,702.9762315821034,360,0.48154544830322266
paper,50,3000000.0,12,4,exclude,launch,0,0.0,prior,0.0,rr_tour,12600.0,43200,588794.7167971375,0,529932.8061151793,58861.91068195825,0,4,0.8145910754477454,6,9.898658188741576,9.375474103012188,7748.570140310145,4253.744546769588,1.8215880279399064,2.005974200434391,303.5952275818835,0.0,0.0,0.0,1.2266329692535745,4.159574468085107,0.8895705521472392,602.0294246912583,658,0.6506643295288086
paper,50,3000000.0,10,5,exclude,launch,0,0.0,prior,0.0,rr_tour,12600.0,43200,116489.95901780673,0,93008.89183000338,23481.067187803346,0,0,0.0,0,10.480785397349965,9.322394195832697,7299.682415679881,4280.855757756242,1.7051923327372094,2.004619401382967,302.77804249052133,0.0,0.0,0.0,1.5437554394840312,5.678082191780822,0.8843813387423936,665.7436642880107,438,0.5135598182678223
paper,50,3000000.0,12,5,exclude,launch,0,0.0,prior,0.0,rr_tour,12600.0,43200,618617.3952659365,0,557495.2849253922,61122.11034054427,0,3,0.8414604202023694,5,10.480785397349965,8.759369315640965,7299.682415679881,4551.616449432034,1.6037560494779302,2.006556953386255,303.94707012306594,0.0,0.0,0.0,1.246334691696596,3.575617283950617,0.8719512195121951,712.161319406454,648,0.5040595531463623
paper,50,3000000.0,16,3,exclude,launch,0,0.0,prior,0.0,rr_tour,12600.0,43200,2330788.2769237612,0,2080561.0888371042,250227.18808665712,0,12,0.980364859600029,14,10.771174625584255,12.008444285016049,7093.897473043144,3323.16705595279,2.1346797658985706,2.004707733293057,302.83128880166174,0.0,0.0,0.004305043050430504,0.87532346282553,2.9321340964840554,0.778021978021978,454.82395244060973,1223,0.9282848834991455
paper,50,3000000.0,14,4,exclude,launch,0,0.0,prior,0.0,rr_tour,12600.0,43200,1280609.44470743,0,1152416.1391287616,128193.30557866838,0,7,0.9370000682784345,9,9.898658188741576,10.737292047312053,7748.570140310145,3715.9625191998725,2.085212135556895,2.005043948431575,303.0340014836792,0.0,0.0,0.017406440382941687,1.058737626696124,3.4942396313364057,0.864476386036961,542.9710266426792,868,0.6826612949371338
paper,50,3000000.0,10,6,exclude,launch,0,0.0,prior,0.0,rr_tour,12600.0,43200,119997.26187425225,0,97035.14544328673,22962.116430965514,0,0,0.0,0,10.985299613933622,8.508140006589867,6949.126209101812,4688.0884041150075,1.4822941911680163,2.0056704060262134,303.4118896670787,0.0,0.0,0.0,1.5331911469963133,5.489702517162471,0.927765237020316,686.9619676398801,437,0.2825331687927246
paper,50,3000000.0,17,3,exclude,launch,0,0.0,prior,0.0,rr_tour,12600.0,43200,2651541.8593813176,0,2333843.7816670937,317698.0777142239,0,13,0.9832340725891558,15,10.771174625584255,11.843497082213178,7093.897473043144,3368.240013651044,2.10611400740223,2.00542765113931,303.26542850265304,0.0,0.0,0.015918135304150087,0.8458265484190856,2.6110271903323263,0.7538461538461538,472.67327102717655,1324,0.9318008422851562
paper,50,3000000.0,7,6,exclude,launch,0,0.0,prior,0.0,rr_tour,12600.0,43200,166122.70872532818,0,127692.04954635898,38430.659178969196,0,0,0.0,0,10.985299613933622,9.334244770237921,6949.126209101812,4274.14992353772,1.6258498961005117,2.0052154867263994,303.13745242637765,0.0,0.0,0.009836065573770493,2.071333150895706,8.604444444444445,0.8763796909492274,861.079200348538,225,0.3785526752471924
paper,50,3000000.0,13,4,exclude,launch,0,0.0,prior,0.0,rr_tour,12600.0,43200,1009786.5505468751,0,905445.4670057663,104341.08354110883,0,6,0.9126532422895459,6,9.898658188741576,10.027944095084687,7748.570140310145,3978.421638763591,1.9476493051445989,2.0052442259809897,303.15478616043555,0.0,0.0,0.0,1.1500189943552137,3.9776315789473684,0.8685831622176592,543.3536418030512,760,0.7356796264648438
paper,50,3000000.0,13,5,exclude,launch,0,0.0,prior,0.0,rr_tour,12600.0,43200,972334.6289219689,0,853552.8233992564,118781.80552271241,0,5,0.912207206759938,8,10.480785397349965,8.912637115947897,7299.682415679881,4473.715581246208,1.6316822746354531,2.006390175363234,303.8463555202924,0.0,0.0,0.0,1.1813556136544507,3.214092140921409,0.8442622950819673,692.8527804265926,738,0.5230658054351807
paper,50,3000000.0,12,6,exclude,launch,0,0.0,prior,0.0,rr_tour,12600.0,43200,440136.4183609011,0,385579.5896806153,54556.82868028584,0,2,0.7238671859313257,2,10.985299613933622,8.381268010488927,6949.126209101812,4752.225009221861,1.4622889689812217,2.0085528474310355,305.15365381837483,0.0,0.0,0.0,1.2240997708435921,3.200303490136571,0.8968609865470852,780.6225325887028,659,0.29004359245300293
paper,50,3000000.0,8,6,exclude,launch,0,0.0,prior,0.0,rr_tour,12600.0,43200,147070.20961155507,0,115203.90838329878,31866.301228256274,0,0,0.0,0,10.985299613933622,9.660300250995194,6949.126209101812,4130.442332559347,1.6824169543110223,2.004946548891944,302.97526983894835,0.0,0.0,0.007653061224489796,1.824170513597914,7.293515358361775,0.9024390243902439,774.9446555942653,293,0.3755502700805664
paper,50,3000000.0,9,6,exclude,launch,0,0.0,prior,0.0,rr_tour,12600.0,43200,126949.1788233563,0,101626.63105150707,25322.547771849237,0,0,0.0,0,10.985299613933622,9.24816004844231,6949.126209101812,4314.303832059364,1.6107178538199423,2.0050440725061223,303.0340763039075,0.0,0.0,0.0,1.6460443396015882,6.44141689373297,0.8995535714285714,687.0856058276656,367,0.4305589199066162
paper,50,3000000.0,5,7,exclude,launch,0,0.0,prior,0.0,rr_tour,12600.0,43200,247566.22594769395,0,170535.05907557832,77031.16687211563,0,0,0.0,0,10.0719410581049,10.260064423456159,7609.524904069072,3886.9052939533753,1.9577335511381644,2.0060231485038242,303.6247725976645,0.0,0.006134969325153374,0.018404907975460124,2.8113933899142145,12.691666666666666,0.8172268907563025,1111.332167504025,120,0.2830362319946289
paper,50,3000000.0,11,6,exclude,launch,0,0.0,prior,0.0,rr_tour,12600.0,43200,110952.9478876218,0,92045.83541615181,18907.112471470016,0,0,0.0,1,10.985299613933622,8.488707580437652,6949.126209101812,4697.407642102302,1.4793534516395013,2.0062736246502735,303.7759823000398,0.0,0.0,0.0,1.3925801724944213,4.5514018691588785,0.9140271493212669,677.382425424339,535,0.4825601577758789
paper,50,3000000.0,4,8,exclude,launch,0,0.0,prior,0.0,rr_tour,12600.0,43200,290256.23638250865,0,209795.58307264687,80460.65330986175,0,0,0.0,0,9.570104670065762,9.129978130440026,8026.03187300879,4366.129322947369,1.8382487735362802,2.006890395612749,304.14848063315964,0.0,0.02,0.0,3.7335286310234874,16.6056338028169,0.8197802197802198,1387.6056805707863,71,0.18451666831970215
paper,50,3000000.0,15,5,exclude,launch,0,0.0,prior,0.0,rr_tour,12600.0,43200,1448853.3544704264,0,1241647.9610692982,207205.39340112818,0,9,0.958994137070509,16,10.480785397349965,9.315779592446962,7299.682415679881,4279.6648830425265,1.7056668255974157,2.0066009757732663,303.97365732830747,0.0,0.0,0.0,1.0595497064247819,2.9233193277310923,0.757700205338809,590.8975114409068,952,0.7320828437805176
paper,50,3000000.0,15,6,exclude,launch,0,0.0,prior,0.0,rr_tour,12600.0,43200,2935513.488966652,0,2568236.536928712,367276.95203794044,0,16,0.985079616264659,18,10.985299613933622,10.808688904056849,6949.126209101812,3691.7707887070237,1.8823287270051827,2.0048516427267016,302.91804716716507,0.0,0.0,0.03663003663003663,0.9615195712290752,2.787378640776699,0.7107061503416856,570.4194891643061,1030,0.4205467700958252
paper,50,3000000.0,6,7,exclude,launch,0,0.0,prior,0.0,rr_tour,12600.0,43200,193969.3296503347,0,140919.94808367253,53049.381566662174,0,0,0.0,0,10.0719410581049,10.09269275925163,7609.524904069072,3952.368759417043,1.9253074212618368,2.005512976679191,303.3169038810741,0.0,0.0,0.013157894736842105,2.3452724679369044,10.541176470588235,0.8607594936708861,931.1840855365598,170,0.3445305824279785
paper,50,3000000.0,7,7,exclude,launch,0,0.0,prior,0.0,rr_tour,12600.0,43200,161539.26590024857,0,126889.1882986277,34650.077601620855,0,0,0.0,0,10.0719410581049,9.988669741615217,7609.524904069072,3994.3386111496607,1.9050775722489084,2.005106544042442,303.0717494630824,0.0,0.0,0.016666666666666666,2.094349257848298,9.063636363636364,0.8602150537634409,822.9200019191585,220,0.3915388584136963
paper,50,3000000.0,11,7,exclude,launch,0,0.0,prior,0.0,rr_tour,12600.0,43200,459991.7614330071,0,435083.4934028041,24908.268030203006,0,2,0.7768503181804689,2,10.0719410581049,9.18264469995505,7609.524904069072,4343.520996441968,1.751925433375936,2.005766073154501,303.4696181725876,0.0,0.0,0.0,1.3355249616507805,4.837837837837838,0.8957446808510638,614.9246570670467,555,0.33553552627563477
paper,50,3000000.0,13,6,exclude,launch,0,0.0,prior,0.0,rr_tour,12600.0,43200,1589283.1480145354,0,1360639.829814578,228643.3181999574,0,7,0.9485089118736436,11,10.985299613933622,8.558644146821761,6949.126209101812,4654.155984899245,1.4931012694135668,2.008371652283836,305.04401673889026,0.0,0.0,0.0,1.1555286785541248,3.0714285714285716,0.8122171945701357,708.6429755910056,756,0.5890696048736572
paper,50,3000000.0,8,7,exclude,launch,0,0.0,prior,0.0,rr_tour,12600.0,43200,145552.03053615085,0,110361.86803408996,35190.162502060884,0,0,0.0,0,10.0719410581049,9.749464731783691,7609.524904069072,4092.5649333118663,1.8593534929966626,2.0049965777937286,303.00543641313175,0.0,0.0,0.005050505050505051,1.8274553944789338,7.6,0.8867521367521367,737.0674833189104,295,0.3975389003753662
paper,50,3000000.0,5,8,exclude,launch,0,0.0,prior,0.0,rr_tour,12600.0,43200,255911.02751980544,0,178779.48817982583,77131.5393399796,0,0,0.0,0,9.570104670065762,10.635792589841357,8026.03187300879,3750.1241940820887,2.140204285947204,2.005739266744777,303.45344180169656,0.0,0.0125,0.01875,2.8477585294989876,12.282051282051283,0.8286334056399133,1160.1102542637452,117,0.2350170612335205
paper,50,3000000.0,17,6,exclude,launch,0,0.0,prior,0.0,rr_tour,12600.0,43200,3807151.708424344,0,3316037.894633869,491113.81379047513,0,20,0.9924211927711247,23,10.985299613933622,11.619062927192052,6949.126209101812,3433.885043389942,2.0236921508128334,2.0050865836538136,303.05971219226853,0.0,0.0,0.01348314606741573,0.840858073413673,2.323330832708177,0.6334841628959276,528.2845425617203,1333,0.5055575370788574
paper,50,3000000.0,14,6,exclude,launch,0,0.0,prior,0.0,rr_tour,12600.0,43200,2246732.8561070054,0,1944479.3816722287,302253.47443477676,0,11,0.9703745539173272,16,10.985299613933622,9.284245241223745,6949.126209101812,4293.36240177552,1.6185743384318083,2.006992892706329,304.21040578831816,0.0,0.0,0.0,1.0704973422345607,2.5972850678733033,0.7334851936218679,716.0992002665196,884,0.6055686473846436
paper,50,3000000.0,16,5,exclude,launch,0,0.0,prior,0.0,rr_tour,12600.0,43200,2603306.797952834,0,2232143.9596452145,371162.83830762,0,16,0.9853530255696311,17,10.480785397349965,10.793427824644422,7299.682415679881,3695.7954440332833,1.9751316127262757,2.0055000146091935,303.3090838137264,0.0,0.0,0.0,0.8990981472242549,2.6619246861924686,0.6522633744855967,515.3421778684004,1195,0.8761894702911377
paper,50,3000000.0,10,7,exclude,launch,0,0.0,prior,0.0,rr_tour,12600.0,43200,127118.28421681908,0,97285.16498841842,29833.119228400665,0,0,0.0,0,10.0719410581049,8.518285810466923,7609.524904069072,4681.27544513078,1.6255238541846764,2.0061970323349407,303.7297403638926,0.0,0.0,0.008431703204047217,1.4898755066815705,5.43018018018018,0.8991416309012875,673.432932614481,444,0.463637113571167
paper,50,3000000.0,9,7,exclude,launch,0,0.0,prior,0.0,rr_tour,12600.0,43200,135398.37844302287,0,102552.37047370472,32846.00796931814,0,0,0.0,0,10.0719410581049,9.350003843520678,7609.524904069072,4267.21790599,1.78325200908709,2.0050877184921863,303.0603965591484,0.0,0.0,0.006160164271047228,1.659585389114909,6.684210526315789,0.8895966029723992,683.4019289295261,361,0.5096406936645508
paper,50,3000000.0,16,7,exclude,launch,0,0.0,prior,0.0,rr_tour,12600.0,43200,1711518.7843648908,0,1524396.0815098013,187122.70285508936,0,11,0.9675543019237477,17,10.0719410581049,10.40042445639185,7609.524904069072,3834.614121276149,1.9844304181346528,2.005936846528135,303.5726817608907,0.0,0.0,0.0,0.9661043020192499,2.8312387791741473,0.8197424892703863,518.3026541558444,1114,0.4706394672393799
paper,50,3000000.0,6,8,exclude,launch,0,0.0,prior,0.0,rr_tour,12600.0,43200,203759.33764695286,0,150369.1318841596,53390.205762793245,0,0,0.0,0,9.570104670065762,9.762645290834822,8026.03187300879,4086.195428904196,1.9641820888535302,2.0054107706532402,303.2552453236627,0.0,0.0,0.004464285714285714,2.3874964962506184,10.180722891566266,0.8429203539823009,975.6366974275629,166,0.3286302089691162
paper,50,3000000.0,10,8,exclude,launch,0,0.0,prior,0.0,rr_tour,12600.0,43200,276124.52240829996,0,245723.78230247993,30400.74010582006,0,1,0.5797503965525953,1,9.570104670065762,8.892233457394198,8026.03187300879,4485.915694019535,1.7891624409501974,2.005524738254486,303.32399977252567,0.0,0.0,0.0,1.4834913595367778,5.378854625550661,0.8850325379609545,677.576601739024,454,0.300121545791626
paper,50,3000000.0,6,9,exclude,launch,0,0.0,prior,0.0,rr_tour,12600.0,43200,229199.77293324034,0,166475.31096255124,62724.46197068907,0,0,0.0,0,10.105513434823152,8.59598053427957,7583.137266203306,4639.594844375938,1.634439540641247,2.0059241474774394,303.56501714346416,0.0,0.0,0.0,2.428380073173463,9.859756097560975,0.8622881355932204,1021.0298201314141,164,0.17561125755310059
paper,50,3000000.0,7,8,exclude,launch,0,0.0,prior,0.0,rr_tour,12600.0,43200,170339.0888200842,0,134383.28478827895,35955.80403180526,0,0,0.0,0,9.570104670065762,9.912360137437636,8026.03187300879,4025.049967963787,1.9940204312715752,2.0051258609596223,303.08339891094676,0.0,0.0,0.022653721682847898,2.0282134516436314,8.355263157894736,0.862144420131291,873.1671996145923,228,0.33762240409851074
paper,50,3000000.0,5,9,exclude,launch,0,0.0,prior,0.0,rr_tour,12600.0,43200,272034.326492498,0,193573.9066988547,78460.41979364332,0,0,0.0,0,10.105513434823152,8.879918618849711,7583.137266203306,4490.448540889866,1.6887260141501512,2.006278769523406,303.7790885980618,0.0,0.0,0.006369426751592357,2.955307532292579,12.37719298245614,0.8162839248434238,1199.0012273293412,114,0.22811651229858398
paper,50,3000000.0,8,8,exclude,launch,0,0.0,prior,0.0,rr_tour,12600.0,43200,155498.9800838558,0,122866.41425960112,32632.565824254663,0,0,0.0,0,9.570104670065762,9.111008148885269,8026.03187300879,4378.948466385531,1.8328673960471684,2.005181631924407,303.1170339474642,0.0,0.028132992327365727,0.0025575447570332483,1.8421455365298836,7.145328719723183,0.8580786026200873,796.9196679285131,289,0.3821406364440918
paper,50,3000000.0,12,7,exclude,launch,0,0.0,prior,0.0,rr_tour,12600.0,43200,446690.311399564,0,427089.5267674637,19600.78463210021,0,2,0.7970775678392816,3,10.0719410581049,9.047907630761435,7609.524904069072,4407.130715094223,1.726639257149055,2.0062539134140276,303.76408147831364,0.0,0.0,0.0,1.2579213000129497,4.301710730948678,0.9006342494714588,593.6385390174667,643,0.6376569271087646
paper,50,3000000.0,13,7,exclude,launch,0,0.0,prior,0.0,rr_tour,12600.0,43200,617508.6202626493,0,585691.6556435339,31816.964619115326,0,3,0.8639841429282459,7,10.0719410581049,9.396558484422293,7609.524904069072,4242.173759998415,1.7937796362381713,2.006932253225407,304.1737687756784,0.0,0.0,0.0,1.135221156033853,3.630890052356021,0.9096774193548387,586.9858113567146,764,0.6696686744689941
paper,50,3000000.0,13,8,exclude,launch,0,0.0,prior,0.0,rr_tour,12600.0,43200,884317.3655061251,0,836732.2239329999,47585.14157312536,0,5,0.9134734138653475,7,9.570104670065762,9.69290979753846,8026.03187300879,4114.862902630435,1.9504980027106447,2.005766833152474,303.47007680086705,0.0,0.0,0.0,1.137384093908775,3.70703125,0.8940397350993378,576.5804975542986,768,0.38214635848999023
paper,50,3000000.0,16,6,exclude,launch,0,0.0,prior,0.0,rr_tour,12600.0,43200,3524664.8278398337,0,3024836.493883657,499828.333956177,0,18,0.9906104327554084,20,10.985299613933622,11.681843309468746,6949.126209101812,3416.38285517411,2.034059560560481,2.004527767219872,302.7228105347224,0.0,0.0,0.020859671302149177,0.8808186047746015,2.6223717409587888,0.6367713004484304,524.9349000886191,1189,0.8577008247375488
paper,50,3000000.0,9,8,exclude,launch,0,0.0,prior,0.0,rr_tour,12600.0,43200,125411.09636057442,0,103898.41665087854,21512.67970969587,0,0,0.0,0,9.570104670065762,8.573790400445734,8026.03187300879,4651.234955429525,1.7255700797569393,2.006082763356088,303.6607580166664,0.0,0.0,0.0,1.5536786756485708,5.820971867007673,0.8771929824561403,730.5099989333818,391,0.4832882881164551
paper,50,3000000.0,15,7,exclude,launch,0,0.0,prior,0.0,rr_tour,12600.0,43200,1107228.6056546706,0,1015603.5521291251,91625.05352554549,0,8,0.9477897239353559,10,10.0719410581049,10.281310776402883,7609.524904069072,3878.9159965249555,1.9617658415099208,2.0060009098046088,303.6113491583103,0.0,0.0,0.0,1.006047186719288,3.2447552447552446,0.8669527896995708,505.5888036593797,1001,0.7568070888519287
paper,50,3000000.0,7,9,exclude,launch,0,0.0,prior,0.0,rr_tour,12600.0,43200,184354.11792750855,0,142973.98251023798,41380.13541727054,0,0,0.0,0,10.105513434823152,8.747712070312065,7583.137266203306,4559.55182610636,1.6631321575916693,2.0057340655330007,303.45030317206164,0.0,0.0,0.003246753246753247,2.0425056933937094,8.051948051948052,0.8832271762208068,890.2037341052004,231,0.35027408599853516
paper,50,3000000.0,11,9,exclude,launch,0,0.0,prior,0.0,rr_tour,12600.0,43200,600991.0780303252,0,496484.4679821038,104506.61004822141,0,3,0.7922251076483426,3,10.105513434823152,7.8308592101395496,7583.137266203306,5087.321327910302,1.4905953010281348,2.008128045076399,304.8966465808688,0.0,0.0,0.0,1.3631604844296803,3.9152854511970534,0.8372093023255814,778.6704529896401,543,0.28417301177978516
paper,50,3000000.0,14,7,exclude,launch,0,0.0,prior,0.0,rr_tour,12600.0,43200,1020429.1833961057,0,947664.6978004486,72764.48559565707,0,7,0.929708599641915,8,10.0719410581049,9.959816377731055,7609.524904069072,4004.2534642396186,1.9003604472161133,2.00593610484598,303.5722341098107,0.0,0.0,0.0,1.0690615352820003,3.5681818181818183,0.8812095032397408,523.4151661165193,880,0.7803151607513428
paper,50,3000000.0,11,8,exclude,launch,0,0.0,prior,0.0,rr_tour,12600.0,43200,263295.00036841375,0,237408.9661895691,25886.03417884462,0,1,0.607999776448896,2,9.570104670065762,8.853516241397104,8026.03187300879,4505.284471796944,1.7814706092926442,2.005635371934498,303.3907503857511,0.0,0.0,0.0,1.3982356900740374,4.845283018867924,0.8910675381263616,643.2659615487812,530,0.550806999206543
paper,50,3000000.0,4,10,exclude,launch,0,0.0,prior,0.0,rr_tour,12600.0,43200,306459.3697266496,0,202287.9820264324,104171.3877002172,0,0,0.0,0,9.202224290828964,8.887899608216319,8360.21699446392,4484.847924125936,1.8641026710160449,2.0069803726789597,304.20284128819696,0.0,0.009900990099009901,0.009900990099009901,3.605700689415149,15.88,0.7964989059080962,1404.6457040351945,75,0.18866610527038574
paper,50,3000000.0,8,9,exclude,launch,0,0.0,prior,0.0,rr_tour,12600.0,43200,170982.73611269204,0,132211.7397188995,38770.99639379253,0,0,0.0,0,10.105513434823152,8.690596189273652,7583.137266203306,4589.561049159071,1.6522576309542145,2.0057151969887115,303.4389172362128,0.0,0.0,0.012755102040816327,1.8118379855986269,6.884353741496598,0.8898305084745762,819.9512227646785,294,0.3966968059539795
paper,50,3000000.0,9,9,exclude,launch,0,0.0,prior,0.0,rr_tour,12600.0,43200,146056.1766365735,0,117050.0115234513,29006.1651131222,0,0,0.0,0,10.105513434823152,7.969700157315855,7583.137266203306,5003.682816067361,1.5155111834533237,2.0061261210592516,303.68693144332065,0.0,0.0,0.0,1.6992833635109281,6.056022408963585,0.9004237288135594,766.8928465096234,357,0.4001963138580322
paper,50,3000000.0,10,9,exclude,launch,0,0.0,prior,0.0,rr_tour,12600.0,43200,172722.1953391107,0,135986.31098890415,36735.884350206565,0,0,0.0,0,10.105513434823152,7.412502611904365,7583.137266203306,5371.775426964318,1.4116631213097206,2.0091264880659954,305.50088067492277,0.0,0.0,0.0,1.4547511591039433,3.8568329718004337,0.8940677966101694,928.1729788955131,461,0.3941974639892578
paper,50,3000000.0,5,10,exclude,launch,0,0.0,prior,0.0,rr_tour,12600.0,43200,235065.7586185368,0,166098.13644751234,68967.62217102449,0,0,0.0,0,9.202224290828964,8.893960185323174,8360.21699446392,4483.932996164783,1.864483033447337,2.0060220007368113,303.6240797899488,0.0,0.01935483870967742,0.0064516129032258064,2.9571349290252944,12.368421052631579,0.8270509977827051,1183.0540205947389,114,0.23916912078857422
paper,50,3000000.0,13,9,exclude,launch,0,0.0,prior,0.0,rr_tour,12600.0,43200,2139561.7428977955,0,1803407.711819482,336154.03107831377,0,12,0.9674209266320357,14,10.105513434823152,9.164767001868924,7583.137266203306,4352.324005105923,1.7423191052199145,2.0056139428966437,303.3778206444403,0.0,0.0,0.0,1.1584560618055812,3.3200531208499338,0.6759656652360515,656.8348625005366,753,0.3531980514526367
paper,50,3000000.0,12,8,exclude,launch,0,0.0,prior,0.0,rr_tour,12600.0,43200,594219.6966305745,0,533173.7089969363,61045.98763363832,0,3,0.8440465939597318,4,9.570104670065762,8.957110797678988,8026.03187300879,4452.9117865234775,1.8024232811660874,2.0057553020194074,303.46311826204465,0.0,0.0,0.0,1.2950781787376577,4.193910256410256,0.8940397350993378,629.2825130338317,624,0.5943160057067871
paper,50,3000000.0,7,10,exclude,launch,0,0.0,prior,0.0,rr_tour,12600.0,43200,167039.8762052521,0,125048.79851152061,41991.077693731495,0,0,0.0,0,9.202224290828964,8.502549310650044,8360.21699446392,4691.738634635973,1.781901688373266,2.0054277356056858,303.26547945755294,0.0,0.0,0.010169491525423728,2.120029195024946,8.200913242009133,0.84375,925.9573166958901,219,0.19816994667053223
paper,50,3000000.0,14,9,exclude,launch,0,0.0,prior,0.0,rr_tour,12600.0,43200,2731451.0760699995,0,2280916.128831722,450534.947238278,0,14,0.979695422512211,15,10.105513434823152,9.64591083580212,7583.137266203306,4136.045514006148,1.8334269389744522,2.005217262456767,303.138523422323,0.0,0.0,0.0,1.091786983556735,3.183082271147161,0.6475583864118896,598.9227415731443,863,0.40070247650146484
paper,50,3000000.0,12,9,exclude,launch,0,0.0,prior,0.0,rr_tour,12600.0,43200,859173.0327033193,0,711901.6959172802,147271.33678603923,0,5,0.8517245269149815,8,10.105513434823152,7.877343583823873,7583.137266203306,5056.986876963982,1.4995366708872948,2.008252757625257,304.9720869776805,0.0,0.0,0.0,1.3014307534423866,3.220967741935484,0.8059701492537313,825.2085884304789,620,0.4537014961242676
paper,50,3000000.0,6,10,exclude,launch,0,0.0,prior,0.0,rr_tour,12600.0,43200,198921.99438583755,0,139323.59891574268,59598.39547009486,0,0,0.0,0,9.202224290828964,8.909036389393904,8360.21699446392,4477.3210219583825,1.867236446406775,2.005584755741901,303.3602102941495,0.0,0.0,0.008849557522123894,2.4099133878616517,9.868263473053892,0.8681318681318682,1009.761672910664,167,0.27667927742004395
paper,50,3000000.0,15,8,exclude,launch,0,0.0,prior,0.0,rr_tour,12600.0,43200,1540295.26671306,0,1416933.1029826575,123362.16373040249,0,8,0.9586630098954652,11,9.570104670065762,9.984437414917158,8026.03187300879,3993.281493299268,2.009883822734882,2.006487518407077,303.90513741277084,0.0,0.0,0.0,1.0067810238746866,2.931206380857428,0.8681318681318682,557.6392210890062,1003,0.7119259834289551
paper,50,3000000.0,5,11,exclude,launch,0,0.0,prior,0.0,rr_tour,12600.0,43200,241113.45166029994,0,171655.78678690846,69457.6648733915,0,0,0.0,0,10.738874082102775,10.27851237392389,7116.237207150667,3881.0862257511826,1.833568437602368,2.0054250359167964,303.2638508544873,0.0,0.006289308176100629,0.025157232704402517,2.9151225627788446,13.4,0.8336980306345733,1088.6422668487564,115,0.25662827491760254
paper,50,3000000.0,8,10,exclude,launch,0,0.0,prior,0.0,rr_tour,12600.0,43200,146735.08615541772,0,111176.16445786586,35558.921697551865,0,0,0.0,0,9.202224290828964,8.73453337255893,8360.21699446392,4567.728088892745,1.8302790428338536,2.0051646308948374,303.1067805605863,0.0,0.0,0.0,1.8867635694954255,7.311188811188811,0.88,795.9086334106236,286,0.37128353118896484
paper,50,3000000.0,14,8,exclude,launch,0,0.0,prior,0.0,rr_tour,12600.0,43200,1228913.7064613646,0,1176640.1083492197,52273.598112145024,0,7,0.9462361866559692,7,9.570104670065762,10.68406736306082,8026.03187300879,3734.859747373782,2.148951343796084,2.0048370134992286,302.90922710941464,0.0,0.0,0.0016835016835016834,1.0535340693054076,3.5808988764044942,0.9118942731277533,515.6264487869931,890,0.7584285736083984
paper,50,3000000.0,6,11,exclude,launch,0,0.0,prior,0.0,rr_tour,12600.0,43200,205569.68934043727,0,151147.8806894213,54421.80865101597,0,0,0.0,0,10.738874082102775,10.094900400829705,7116.237207150667,3952.5637095303746,1.8004105006560882,2.0049754982930503,302.99272565080923,0.0,0.004464285714285714,0.022321428571428572,2.408283210373702,10.457317073170731,0.8608695652173913,973.9252386531919,164,0.29863643646240234
paper,50,3000000.0,12,10,exclude,launch,0,0.0,prior,0.0,rr_tour,12600.0,43200,768821.5546605845,0,715033.8062406293,53787.74841995535,0,4,0.8988628018917453,5,9.202224290828964,9.230601810377536,8360.21699446392,4321.872873635839,1.934396785584016,2.00533984040399,303.212458411056,0.0,0.0,0.0,1.2642512507860575,4.4140625,0.9044444444444445,584.7884137096693,640,0.3681485652923584
paper,50,3000000.0,15,9,exclude,launch,0,0.0,prior,0.0,rr_tour,12600.0,43200,3124152.5544782863,0,2618391.1139801983,505761.44049808814,0,17,0.9831492393583143,20,10.105513434823152,9.595933178819305,7583.137266203306,4156.712535709485,1.8243112077292074,2.005639068029419,303.3929805441234,0.0,0.0,0.0,1.0398488763425855,2.4917525773195877,0.6063829787234043,680.944201576131,970,0.6033210754394531
paper,50,3000000.0,9,10,exclude,launch,0,0.0,prior,0.0,rr_tour,12600.0,43200,113926.27429699038,0,92226.78641178343,21699.48788520695,0,0,0.0,0,9.202224290828964,8.744979285296738,8360.21699446392,4561.851558158133,1.8326367896634046,2.0053494009429995,303.2182253929345,0.0,0.0,0.002044989775051125,1.6498263805643556,6.428571428571429,0.8943820224719101,701.6007782019237,364,0.4461548328399658
paper,50,3000000.0,16,9,exclude,launch,0,0.0,prior,0.0,rr_tour,12600.0,43200,3742205.1463889815,0,3116979.4583397945,625225.688049187,0,20,0.9872313856234861,28,10.105513434823152,9.826734275568425,7583.137266203306,4054.7886189434867,1.87016833153171,2.0077635043740965,304.6761842245079,0.0,0.0,0.0,0.9386132967384321,1.873794916739702,0.5106382978723404,762.0397881490019,1141,0.5948173999786377
paper,50,3000000.0,10,11,exclude,launch,0,0.0,prior,0.0,rr_tour,12600.0,43200,120062.6532302457,0,97925.09907476325,22137.55415548245,0,0,0.0,0,10.738874082102775,9.35753646813586,7116.237207150667,4264.69243432853,1.6686401931048302,2.0046600839694566,302.80256529645476,0.0,0.0,0.0,1.5240171359728951,5.766439909297052,0.8947368421052632,642.478813055951,441,0.2991218566894531
paper,50,3000000.0,7,11,exclude,launch,0,0.0,prior,0.0,rr_tour,12600.0,43200,166011.6654605465,0,128008.22348618164,38003.44197436484,0,0,0.0,0,10.738874082102775,9.602213211046125,7116.237207150667,4155.697359843016,1.71240506489132,2.004816969231454,302.89714249664536,0.0,0.0,0.0,2.0561810541608776,8.856521739130434,0.8605664488017429,809.8022240703143,230,0.3551452159881592
paper,50,3000000.0,10,10,exclude,launch,0,0.0,prior,0.0,rr_tour,12600.0,43200,388036.7597890387,0,341858.51746243,46178.24232660873,0,1,0.725553321452186,1,9.202224290828964,8.835286228702863,8360.21699446392,4515.302440547811,1.8515297933065216,2.0053146115494664,303.1972404584566,0.0,0.0,0.0016778523489932886,1.5020143096826428,5.45945945945946,0.8930957683741648,677.7718885015632,444,0.4711613655090332
paper,50,3000000.0,12,11,exclude,launch,0,0.0,prior,0.0,rr_tour,12600.0,43200,794152.9781955425,0,705984.1164711997,88168.86172434271,0,3,0.8811575013812311,3,10.738874082102775,9.183418592818986,7116.237207150667,4344.198141826889,1.6381014343323754,2.005284426459468,303.17903342458237,0.0,0.0,0.0,1.2675139767932493,4.39622641509434,0.8947368421052632,590.1952438177168,636,0.3546276092529297
paper,50,3000000.0,4,12,exclude,launch,0,0.0,prior,0.0,rr_tour,12600.0,43200,287905.2025539846,0,199927.47312456372,87977.7294294209,0,0,0.0,0,9.23457650455646,8.589770034422912,8329.760200033028,4640.06936029245,1.7951801047017166,2.007169169270415,304.3169206586575,0.0,0.02040816326530612,0.0,3.767861296930304,16.56338028169014,0.7710280373831776,1425.069298613363,71,0.18351411819458008
paper,50,3000000.0,8,11,exclude,launch,0,0.0,prior,0.0,rr_tour,12600.0,43200,144528.5451625647,0,114958.5265681894,29570.018594375317,0,0,0.0,0,10.738874082102775,10.036167787119975,7116.237207150667,3976.44257909953,1.7895988853338722,2.0045983019545797,302.7653244870074,0.0,0.0,0.012376237623762377,1.778240096282549,7.373333333333333,0.8925438596491229,749.9039064167999,300,0.41864776611328125
paper,50,3000000.0,11,10,exclude,launch,0,0.0,prior,0.0,rr_tour,12600.0,43200,367139.58764443005,0,338442.9209840772,28696.666660352836,0,1,0.726903163196968,1,9.202224290828964,8.509326274202355,8360.21699446392,4686.757330236973,1.7837955766404507,2.005960345530525,303.58686503396814,0.0,0.0,0.0,1.3961693487058564,4.454545454545454,0.891832229580574,699.4625190243829,528,0.5076625347137451
paper,50,3000000.0,13,11,exclude,launch,0,0.0,prior,0.0,rr_tour,12600.0,43200,779655.581259743,0,706553.2992108524,73102.28204889066,0,3,0.8811051991447203,4,10.738874082102775,8.916795265069037,7116.237207150667,4471.840687409358,1.591344080567698,2.00629536022039,303.78910560032557,0.0,0.0,0.0,1.194113363722533,3.5749318801089918,0.8893805309734514,625.2156311690587,734,0.3616364002227783
paper,50,3000000.0,5,12,exclude,launch,0,0.0,prior,0.0,rr_tour,12600.0,43200,231096.42065917843,0,158269.9460374505,72826.4746217279,0,0,0.0,0,9.23457650455646,9.191428414502717,8329.760200033028,4338.5032437017035,1.9199617315316098,2.006166857083182,303.71152328779453,0.0,0.03205128205128205,0.019230769230769232,2.9128324018395917,12.730434782608695,0.8243559718969555,1138.238016624132,115,0.2490236759185791
paper,50,3000000.0,9,11,exclude,launch,0,0.0,prior,0.0,rr_tour,12600.0,43200,128554.68502217873,0,104081.32372786285,24473.361294315873,0,0,0.0,0,10.738874082102775,10.430989889531729,7116.237207150667,3826.1523217548565,1.8598938590836918,2.0044822134552227,302.6953551443709,0.0,0.0,0.01782178217821782,1.5667583066340143,6.356200527704486,0.9037199124726477,677.3088095258395,379,0.471651554107666
paper,50,3000000.0,7,12,exclude,launch,0,0.0,prior,0.0,rr_tour,12600.0,43200,152500.64821906874,0,122024.92696412539,30475.721254943324,0,0,0.0,0,9.23457650455646,8.307243605210106,8329.760200033028,4800.9469816820765,1.7350244091040938,2.005885462893559,303.54166933817703,0.0,0.0,0.009900990099009901,2.089170647575096,8.391111111111112,0.8820754716981132,861.4394438206964,225,0.20401620864868164
ring,50,1500000.0,5,1,exclude,launch,0,0.0,prior,0.0,rr_tour,12600.0,43200,506650.9562827401,0,403709.11755529925,102941.83872744082,0,0,0.0,2,4.934279871545503,2.793332521151493,7773.219404112283,6981.954569508622,1.1133299890061228,2.0509748509877985,331.36444122264777,0.0,0.0,0.0,1.5642784692034248,2.3674418604651164,0.8598130841121495,3237.8857036059744,215,0.07050395011901855
ring,50,1500000.0,2,1,exclude,launch,0,0.0,prior,0.0,rr_tour,12600.0,43200,260325.13948188288,0,230144.4625480119,30180.676933870953,0,0,0.0,0,4.934279871545503,2.973590527344707,7773.219404112283,6674.844700271882,1.1645543459304246,2.015290515764419,309.24444942035393,0.0,0.0,0.0,3.7184292701070674,25.0,0.954954954954955,1799.6319543319496,38,0.12752294540405273
paper,50,3000000.0,11,11,exclude,launch,0,0.0,prior,0.0,rr_tour,12600.0,43200,115261.8638440319,0,94430.696752039,20831.167091992902,0,0,0.0,1,10.738874082102775,8.678353940713205,7116.237207150667,4595.902165060225,1.5483874441999603,2.00577333446142,303.474000094093,0.0,0.0,0.0,1.3755205630489777,4.545794392523365,0.8913043478260869,678.1052520793838,535,0.5166575908660889
paper,50,3000000.0,13,10,exclude,launch,0,0.0,prior,0.0,rr_tour,12600.0,43200,976333.6582719326,0,936272.171365934,40061.48690599861,0,6,0.9309678679764339,7,9.202224290828964,9.287565684060857,8360.21699446392,4294.465762290739,1.9467420296778528,2.0057598983170015,303.4658919187874,0.0,0.0,0.0009950248756218905,1.1606752052792009,3.6547144754316068,0.8977777777777778,596.3775026518964,753,0.6371829509735107
ring,50,1500000.0,3,1,exclude,launch,0,0.0,prior,0.0,rr_tour,12600.0,43200,274695.6120332681,0,235828.5632910439,38867.048742224186,0,0,0.0,0,4.934279871545503,2.7875896599066388,7773.219404112283,7122.277929512485,1.091395124009764,2.014708549881305,308.8900323606664,0.0,0.0,0.0,2.624850483492063,12.545454545454545,0.9357798165137615,1707.7388025868033,77,0.14702725410461426
ring,50,1500000.0,3,2,exclude,launch,0,0.0,prior,0.0,rr_tour,12600.0,43200,228377.83213992184,0,200649.72612636437,27728.106013557484,0,0,0.0,0,4.841458625364342,2.7772117451504448,7928.639575087385,7142.569138615379,1.1100542985607542,2.016492193729629,309.9769139739822,0.0,0.0,0.0,2.63385963300743,12.584415584415584,0.9444444444444444,1723.7548533177023,77,0.08752179145812988
paper,50,3000000.0,6,12,exclude,launch,0,0.0,prior,0.0,rr_tour,12600.0,43200,189304.15313137387,0,136370.47411398764,52933.67901738625,0,0,0.0,0,9.23457650455646,9.058118169830765,8329.760200033028,4403.291905241542,1.8917120143948531,2.0057395031188983,303.45358444015443,0.0,0.004484304932735426,0.02242152466367713,2.4171141094774775,10.213414634146341,0.8490566037735849,993.4015791964521,164,0.2980384826660156
ring,50,1500000.0,6,1,exclude,launch,0,0.0,prior,0.0,rr_tour,12600.0,43200,4589009.942796026,0,4254109.850945288,334900.09185073763,0,30,0.9760149868399094,46,4.934279871545503,2.9078631259450973,7773.219404112283,6435.712358347262,1.2078257963207826,2.137417721320043,388.1157218318639,0.0,0.0,0.0,1.3473310432030103,1.1137123745819397,0.38317757009345793,4917.820643006893,299,0.1020207405090332
ring,50,1500000.0,4,1,exclude,launch,0,0.0,prior,0.0,rr_tour,12600.0,43200,247568.2943121504,0,219574.65769728104,27993.636614869356,0,0,0.0,0,4.934279871545503,2.8839618806358085,7773.219404112283,6876.090970440874,1.1304707045802636,2.0171066532403747,310.3517832197506,0.0,0.0,0.0,1.9814833039734125,7.139705882352941,0.9626168224299065,1710.503620719769,136,0.1675276756286621
ring,50,1500000.0,4,2,exclude,launch,0,0.0,prior,0.0,rr_tour,12600.0,43200,258492.15343952036,0,221923.96078472142,36568.19265479894,0,0,0.0,0,4.841458625364342,2.842174243751551,7928.639575087385,6965.082751419536,1.1383410446159408,2.0206123880370965,312.4948939844354,0.0,0.0,0.0,1.9517553284643758,6.25,0.9428571428571428,1884.67199734046,136,0.08601713180541992
paper,50,3000000.0,14,10,exclude,launch,0,0.0,prior,0.0,rr_tour,12600.0,43200,1166788.0573082385,0,1122485.5313332898,44302.5259749485,0,7,0.9455475183097746,9,9.202224290828964,9.39141447844806,8360.21699446392,4245.220864761146,1.9693243910724776,2.0065902094342007,303.9671549186366,0.0,0.0,0.0,1.08514796744385,3.2886836027713624,0.8953229398663697,576.6966656125943,866,0.660175085067749
ring,50,1500000.0,2,2,exclude,launch,0,0.0,prior,0.0,rr_tour,12600.0,43200,251124.0860136043,0,219339.37749236767,31784.70852123665,0,0,0.0,0,4.841458625364342,2.8427256382304726,7928.639575087385,6975.670466445959,1.1366132636605115,2.0171541533729616,310.3807715171598,0.0,0.0,0.0,3.8576157307995396,25.0,0.9363636363636364,1860.69656613637,36,0.126021146774292
paper,50,3000000.0,11,12,exclude,launch,0,0.0,prior,0.0,rr_tour,12600.0,43200,479325.37529014284,0,459552.18511841417,19773.19017172866,0,3,0.8051980323081223,4,9.23457650455646,8.088134838991929,8329.760200033028,4929.683023953349,1.689715172265375,2.006423514156975,303.86648695442244,0.0,0.0,0.0,1.422308303985512,4.622350674373796,0.8894117647058823,682.4874781914688,519,0.2990391254425049
ring,50,1500000.0,5,2,exclude,launch,0,0.0,prior,0.0,rr_tour,12600.0,43200,500520.6001515788,0,416824.59211078746,83696.00804079132,0,1,0.13816463055710565,3,4.841458625364342,2.823893910627537,7928.639575087385,6909.445852745986,1.1475073029100225,2.050068613632182,330.7932280006236,0.0,0.0,0.0,1.563292798264394,2.4511627906976745,0.8411214953271028,3090.189719126047,215,0.10800647735595703
paper,50,3000000.0,8,12,exclude,launch,0,0.0,prior,0.0,rr_tour,12600.0,43200,145607.98576029515,0,114551.38611492825,31056.599645366907,0,0,0.0,0,9.23457650455646,7.510990148650871,8329.760200033028,5308.445831285152,1.5691523403972323,2.006436430197692,303.8742864087222,0.0,0.0,0.0,1.8828437803633957,6.735191637630662,0.8682352941176471,856.9220782254143,287,0.35004615783691406
ring,50,1500000.0,4,3,exclude,launch,0,0.0,prior,0.0,rr_tour,12600.0,43200,321347.8444447832,0,281652.08488424285,39695.759560540355,0,0,0.0,0,4.789496627266479,2.864084719155886,8018.275011535528,6922.541093027586,1.1582849280030378,2.0174769832417283,310.57782342800664,0.0,0.0,0.0,1.9957452529462043,6.253731343283582,0.9047619047619048,1968.2691824472327,134,0.08260059356689453
ring,50,1500000.0,6,2,exclude,launch,0,0.0,prior,0.0,rr_tour,12600.0,43200,3998825.300030665,0,3751156.7468706993,247668.5531599659,0,30,0.9752635375570451,42,4.841458625364342,2.9524884378442664,7928.639575087385,6403.478212681784,1.2381770206362368,2.115708591051714,373.44169804398,0.0,0.0,0.0,1.3439688920574429,1.2533333333333334,0.411214953271028,4371.539437222801,300,0.11059951782226562
ring,50,1500000.0,5,3,exclude,launch,0,0.0,prior,0.0,rr_tour,12600.0,43200,969691.1115528699,0,809340.6051965001,160350.50635636973,0,2,0.31169973768584724,5,4.789496627266479,2.78795969909629,8018.275011535528,7008.6155379325655,1.1440597601820797,2.047110390287351,328.93205083431843,0.0,0.0,0.0,1.5788592630074754,2.0093457943925235,0.780952380952381,3844.7625607701616,214,0.10360002517700195
ring,50,1500000.0,2,3,exclude,launch,0,0.0,prior,0.0,rr_tour,12600.0,43200,318511.02518231503,0,273423.74221799476,45087.2829643203,0,0,0.0,0,4.789496627266479,3.0893396303907332,8018.275011535528,6425.923056923685,1.247801279365794,2.014924671808634,309.02162683375917,0.0,0.0,0.0,3.8798053755529547,25.0,0.9433962264150944,1871.7904504923083,36,0.12259984016418457
ring,50,1500000.0,3,4,exclude,launch,0,0.0,prior,0.0,rr_tour,12600.0,43200,342667.5905247166,0,289685.3773485208,52982.21317619584,0,0,0.0,0,4.816998253248284,2.7779588916076396,7970.593281758647,7144.512518814362,1.115624510527329,2.015401488793018,309.3120550329231,0.0,0.0,0.0,2.6595729183584416,12.506666666666666,0.9174311926605505,1717.2614968677458,75,0.08560037612915039
ring,50,1500000.0,6,3,exclude,launch,0,0.0,prior,0.0,rr_tour,12600.0,43200,5283660.541669867,0,4960804.841876466,322855.6997934021,0,32,0.9796550944961571,47,4.789496627266479,2.957857319559402,8018.275011535528,6448.076659514473,1.2435142190352444,2.0972614712995568,361.19482091954035,0.0,0.0,0.0,1.3535177978062363,1.202020202020202,0.34285714285714286,4605.139860137524,297,0.10809946060180664
ring,50,1500000.0,6,4,exclude,launch,0,0.0,prior,0.0,rr_tour,12600.0,43200,4882091.084388011,0,4564340.062977886,317751.02141012566,0,28,0.9730606372884468,41,4.816998253248284,2.9552141032403982,7970.593281758647,6417.815333357161,1.2419480567368129,2.1090351800651153,368.9877091866186,0.0,0.0,0.0,1.3491764732878002,1.4666666666666666,0.4090909090909091,3753.987506230885,300,0.072601318359375
ring,50,1500000.0,2,4,exclude,launch,0,0.0,prior,0.0,rr_tour,12600.0,43200,323615.5267360617,0,291952.79642378073,31662.730312280994,0,0,0.0,0,4.816998253248284,3.0608024630171675,7970.593281758647,6483.825726764549,1.2293040586912876,2.0155489773513304,309.4019176197999,0.0,0.020833333333333332,0.0,3.874347271938032,24.97222222222222,0.9464285714285714,1874.3164038483335,36,0.126603364944458
ring,50,1500000.0,3,3,exclude,launch,0,0.0,prior,0.0,rr_tour,12600.0,43200,295372.5139511813,0,253019.3135772529,42353.20037392841,0,0,0.0,0,4.789496627266479,2.9657869982659317,8018.275011535528,6696.021243709427,1.1974685742026718,2.0142028751544263,308.58224159145163,0.0,0.0,0.0,2.5761090178565844,12.448717948717949,0.9142857142857143,1682.1632287699942,78,0.15011048316955566
paper,50,3000000.0,9,12,exclude,launch,0,0.0,prior,0.0,rr_tour,12600.0,43200,127167.31055796564,0,100090.72589638748,27076.584661578156,0,0,0.0,0,9.23457650455646,8.080858244778723,8329.760200033028,4935.292646768267,1.687794584073455,2.005947620903426,303.5791848003788,0.0,0.0,0.0,1.7007519361274075,5.977528089887641,0.8912529550827423,777.6794926268565,356,0.4131488800048828
ring,50,1500000.0,5,4,exclude,launch,0,0.0,prior,0.0,rr_tour,12600.0,43200,713244.255149067,0,623921.5393500528,89322.71579901422,0,1,0.30362646603245214,4,4.816998253248284,2.819688954646281,7970.593281758647,6938.092230157223,1.148816276484988,2.04464878829413,327.3873272653184,0.0,0.0,0.0,1.5762555395127498,2.7122641509433962,0.8990825688073395,2849.8672979469907,212,0.1176156997680664
ring,50,1500000.0,4,5,exclude,launch,0,0.0,prior,0.0,rr_tour,12600.0,43200,319520.5148633874,0,269337.42532293004,50183.08954045739,0,0,0.0,0,4.830749747681187,2.8952555871596517,7946.954839160066,6845.868180933007,1.1608395939164862,2.018108680934046,310.96358585797867,0.0,0.0,0.0,1.9642197549349245,6.229629629629629,0.926829268292683,1923.1012976467928,135,0.07952237129211426
ring,50,1500000.0,4,4,exclude,launch,0,0.0,prior,0.0,rr_tour,12600.0,43200,335872.12086156366,0,292063.95733279013,43808.16352877357,0,0,0.0,0,4.816998253248284,2.861096621551583,7970.593281758647,6923.935347514482,1.1511651801630252,2.0191773355714404,311.61673240275013,0.0,0.0,0.0,1.9494843251086362,6.246376811594203,0.9285714285714286,1932.1474219115323,138,0.14362335205078125
ring,50,1500000.0,2,5,exclude,launch,0,0.0,prior,0.0,rr_tour,12600.0,43200,313347.0097166686,0,271266.3634356154,42080.64628105325,0,0,0.0,0,4.830749747681187,3.0678021736904673,7946.954839160066,6470.094329716502,1.2282595019767315,2.01521797408211,309.2002604698151,0.0,0.0,0.0,3.9584219073394835,25.0,0.8951612903225806,1915.4467667722708,34,0.12161564826965332
ring,50,1500000.0,3,6,exclude,launch,0,0.0,prior,0.0,rr_tour,12600.0,43200,256570.72826965165,0,227739.35651591283,28831.3717537388,0,0,0.0,0,4.886337746151113,2.8777431072259962,7852.756551981561,6897.077275293704,1.1385629359426253,2.0153147202731443,309.25919436100014,0.0,0.0,0.0,2.67332902215132,12.44,0.8969072164948454,1763.5589897735629,75,0.0850222110748291
ring,50,1500000.0,5,6,exclude,launch,0,0.0,prior,0.0,rr_tour,12600.0,43200,506408.5708699424,0,416044.3959590729,90364.17491086945,0,0,0.0,2,4.886337746151113,2.8065932574676187,7852.756551981561,6961.096497768757,1.1280918968008284,2.047400757419946,329.1145039931631,0.0,0.0,0.0,1.5843366910337173,2.356807511737089,0.851063829787234,3290.0219747177857,213,0.0695195198059082
paper,50,3000000.0,14,11,exclude,launch,0,0.0,prior,0.0,rr_tour,12600.0,43200,1213773.0627128575,0,1114364.883354277,99408.17935858057,0,6,0.9430772086177704,9,10.738874082102775,9.659992383303045,7116.237207150667,4128.235422832207,1.7237963629187887,2.0060823040771183,303.66048077313695,0.0,0.0,0.0,1.0741772543414394,3.3804100227790435,0.8942731277533039,552.8590555755461,878,0.6962807178497314
paper,50,3000000.0,10,12,exclude,launch,0,0.0,prior,0.0,rr_tour,12600.0,43200,404057.35808001825,0,385002.3512217348,19055.006858283465,0,2,0.7623759023851762,2,9.23457650455646,8.450646960153565,8329.760200033028,4720.159502460973,1.7647200683981334,2.0055955337766926,303.36671326548964,0.0,0.0,0.0,1.5426278121299315,5.712643678160919,0.8794326241134752,662.3485001073034,435,0.47666120529174805
ring,50,1500000.0,6,5,exclude,launch,0,0.0,prior,0.0,rr_tour,12600.0,43200,5292353.954682663,0,4926741.106647213,365612.8480354506,0,33,0.9786050966117409,46,4.830749747681187,2.900400607261929,7946.954839160066,6400.517417845686,1.2416113136420284,2.1547005383792515,400.0,0.0,0.0,0.0,1.336206763181834,1.0,0.3790322580645161,5456.204656512108,301,0.10202240943908691
ring,50,1500000.0,3,5,exclude,launch,0,0.0,prior,0.0,rr_tour,12600.0,43200,303125.4913508995,0,260287.317650329,42838.1737005705,0,0,0.0,0,4.830749747681187,2.822618779068142,7946.954839160066,7032.840115900194,1.1299780327997497,2.015009140012588,309.07306629272784,0.0,0.0,0.0,2.6579419068429035,12.546666666666667,0.8951612903225806,1719.318038344131,75,0.1436154842376709
ring,50,1500000.0,5,5,exclude,launch,0,0.0,prior,0.0,rr_tour,12600.0,43200,873960.9280803384,0,767979.0111570994,105981.91692323892,0,2,0.4480821268311305,2,4.830749747681187,2.849663873488735,7946.954839160066,6883.075533572245,1.154564525755782,2.03931267818718,324.0512529121826,0.0,0.0,0.0,1.5821260690091135,2.5305164319248825,0.8548387096774194,3054.131298228924,213,0.1195228099822998
paper,50,3000000.0,14,12,exclude,launch,0,0.0,prior,0.0,rr_tour,12600.0,43200,1736652.9579236186,0,1599509.2498384188,137143.70808519985,0,11,0.9699622912534338,13,9.23457650455646,9.312212915661657,8329.760200033028,4282.612805952838,1.9450182814693517,2.0059877588997574,303.6034113168469,0.0,0.0,0.000881057268722467,1.1068912364065366,3.2494117647058824,0.8214285714285714,595.9556634570904,850,0.3926527500152588
ring,50,1500000.0,5,7,exclude,launch,0,0.0,prior,0.0,rr_tour,12600.0,43200,673340.1051879125,0,505500.3568079072,167839.74838000524,0,0,0.0,3,4.904499792679758,2.781863213239124,7822.442319813243,6967.335050653363,1.1227308953772348,2.063752080428709,339.4705465849222,0.0,0.0,0.0,1.5447115138013394,2.0045871559633026,0.8350515463917526,3754.445790704278,218,0.05899953842163086
ring,50,1500000.0,2,6,exclude,launch,0,0.0,prior,0.0,rr_tour,12600.0,43200,282797.3692443837,0,243298.2507708245,39499.11847355922,0,0,0.0,0,4.886337746151113,3.0731680735693176,7852.756551981561,6455.425152539546,1.2164584619019723,2.0162706508706654,309.8418107463259,0.0,0.020833333333333332,0.0,3.8717675309575217,24.86111111111111,0.9072164948453608,1879.1601285021695,36,0.12902259826660156
ring,50,1500000.0,6,6,exclude,launch,0,0.0,prior,0.0,rr_tour,12600.0,43200,4508364.781253552,0,4255473.2762891,252891.5049644518,0,33,0.9798552960115943,45,4.886337746151113,2.8955436918944466,7852.756551981561,6456.6395598670315,1.216229662376148,2.1395543645454818,389.575244926397,0.0,0.0,0.002506265664160401,1.3497000599818327,1.1337792642140467,0.20212765957446807,4868.587551772969,299,0.1040189266204834
ring,50,1500000.0,4,6,exclude,launch,0,0.0,prior,0.0,rr_tour,12600.0,43200,276021.3101490977,0,243082.3165458355,32938.99360326219,0,0,0.0,0,4.886337746151113,2.8748918219350714,7852.756551981561,6890.012414142798,1.13973039233755,2.0193819937995956,311.74189478485147,0.0,0.0,0.0,1.9665351475253372,6.25,0.9368421052631579,1902.974822151404,136,0.14102602005004883
ring,50,1500000.0,2,7,exclude,launch,0,0.0,prior,0.0,rr_tour,12600.0,43200,340384.1655096758,0,290914.89263179793,49469.27287787791,0,0,0.0,0,4.904499792679758,2.9312749247892014,7822.442319813243,6767.516759479116,1.1558807458964198,2.0163879734526424,309.91335377375077,0.0,0.0,0.0,3.940338705014249,22.91176470588235,0.92,2086.653970220252,34,0.1100156307220459
paper,50,3000000.0,12,12,exclude,launch,0,0.0,prior,0.0,rr_tour,12600.0,43200,556609.9568518394,0,536761.3265150823,19848.63033675719,0,4,0.8214239233127038,6,9.23457650455646,8.31165406914929,8329.760200033028,4792.358653315054,1.7381337255029987,2.0084138833459537,305.0695680374599,0.0,0.0,0.0,1.232508668803413,3.2732824427480915,0.8696682464454977,769.7972574487785,655,0.4881556034088135
paper,50,3000000.0,15,11,exclude,launch,0,0.0,prior,0.0,rr_tour,12600.0,43200,1831293.4604182686,0,1634126.2381255082,197167.22229276056,0,10,0.9710986512659775,14,10.738874082102775,10.350814660688503,7116.237207150667,3853.591741133686,1.8466505237675088,2.0056250818795673,303.3845415915858,0.0,0.0,0.0,0.9886562212724087,3.0676470588235296,0.8414096916299559,524.6955995657165,1020,0.752791166305542
ring,50,1500000.0,6,7,exclude,launch,0,0.0,prior,0.0,rr_tour,12600.0,43200,5532686.428628717,0,5199368.097515845,333318.3311128717,0,35,0.9859938873491835,49,4.904499792679758,2.863522620328373,7822.442319813243,6482.946729221703,1.2066183244347513,2.1547005383792515,400.0,0.0,0.0,0.0,1.353638698931352,1.0,0.30303030303030304,5537.50132050825,298,0.10000920295715332
ring,50,1500000.0,5,9,exclude,launch,0,0.0,prior,0.0,rr_tour,12600.0,43200,474366.5038487211,0,390366.1309447825,84000.3729039386,0,0,0.0,2,4.846704792834819,2.795182121233065,7919.696655027925,6976.187659031062,1.135247077933094,2.051312030009154,331.5770953325905,0.0,0.0,0.0,1.572864153582022,2.5046728971962615,0.9207920792079208,3072.4123301884624,214,0.06551074981689453
ring,50,1500000.0,6,9,exclude,launch,0,0.0,prior,0.0,rr_tour,12600.0,43200,4487402.579266629,0,4228707.236027887,258695.3432387428,0,31,0.9743292438441765,43,4.846704792834819,2.903219824006675,7919.696655027925,6411.81846517682,1.2351716908456676,2.148814138052755,395.9321771369684,0.0,0.0,0.0,1.3426656765430194,1.0562913907284768,0.2871287128712871,5153.5287018628915,302,0.06151175498962402
ring,50,1500000.0,4,8,exclude,launch,0,0.0,prior,0.0,rr_tour,12600.0,43200,284805.6468500281,0,256778.69510633196,28026.951743696158,0,0,0.0,0,4.830167068576244,2.891630830024316,7947.95371783911,6848.7933435083005,1.1604896394446855,2.019775421134623,311.9825728650892,0.0,0.0,0.0,1.898860466043816,6.25,0.946236559139785,1837.112753199024,144,0.09001040458679199
ring,50,1500000.0,3,8,exclude,launch,0,0.0,prior,0.0,rr_tour,12600.0,43200,270200.0667597762,0,242574.78566283148,27625.28109694471,0,0,0.0,0,4.830167068576244,2.75071510191041,7947.95371783911,7214.179498970815,1.1017127753714717,2.015707146407203,309.49830217879907,0.0,0.0,0.0,2.6057385750173894,12.460526315789474,0.9247311827956989,1724.1515313101875,76,0.09401059150695801
ring,50,1500000.0,4,7,exclude,launch,0,0.0,prior,0.0,rr_tour,12600.0,43200,287024.29020701256,0,254743.51253993696,32280.777667075596,0,0,0.0,0,4.904499792679758,2.93300063790079,7822.442319813243,6755.913114034955,1.1578660334696498,2.0186627925685947,311.3021654890945,0.0,0.0,0.0,1.9471161967838237,6.25,0.9690721649484536,1887.4650682572824,136,0.1380176544189453
ring,50,1500000.0,3,7,exclude,launch,0,0.0,prior,0.0,rr_tour,12600.0,43200,263592.9582482148,0,228767.15624201437,34825.80200620043,0,0,0.0,0,4.904499792679758,3.026234251231965,7822.442319813243,6560.360813411213,1.192379892249521,2.0147897054742603,308.9394439009607,0.0,0.0,0.0,2.5714018794258937,12.481012658227849,0.9117647058823529,1684.6200924000184,79,0.1520233154296875
ring,50,1500000.0,2,8,exclude,launch,0,0.0,prior,0.0,rr_tour,12600.0,43200,283337.4630402325,0,258095.70779828232,25241.755241950137,0,0,0.0,0,4.830167068576244,3.087639110285635,7947.95371783911,6428.096697305836,1.2364396635741777,2.0153526778456134,309.2823181224773,0.0,0.0,0.0,3.804684154009172,25.0,0.9354838709677419,1834.205839032683,36,0.12801074981689453
ring,50,1500000.0,6,8,exclude,launch,0,0.0,prior,0.0,rr_tour,12600.0,43200,5144165.609825289,0,4834233.599508269,309932.0103170199,0,29,0.9818702995229965,46,4.830167068576244,2.944176447946486,7947.95371783911,6456.177072579777,1.2310619161291443,2.104363323181854,365.88550487678054,0.0,0.0,0.0,1.356742050794964,1.404040404040404,0.3978494623655914,3949.8706647869594,297,0.11300992965698242
ring,50,1500000.0,5,8,exclude,launch,0,0.0,prior,0.0,rr_tour,12600.0,43200,584743.823011524,0,487963.08473979245,96780.73827173162,0,1,0.12680351935398396,3,4.830167068576244,2.8520945720129043,7947.95371783911,6855.380783834867,1.1593745071871944,2.045806181132733,328.1131705486292,0.0,0.0,0.0,1.5541485986305894,2.469767441860465,0.8172043010752689,3071.7371821777165,215,0.11901211738586426
ring,50,1500000.0,2,9,exclude,launch,0,0.0,prior,0.0,rr_tour,12600.0,43200,264154.6368411803,0,240796.45747850448,23358.17936267589,0,0,0.0,0,4.846704792834819,3.133426853488009,7919.696655027925,6333.624679426679,1.2504208973343867,2.0155246135643323,309.38707222649595,0.0,0.020833333333333332,0.0,3.874582554607872,25.0,0.9158878504672897,1866.557265888408,36,0.12801218032836914
ring,50,1500000.0,3,9,exclude,launch,0,0.0,prior,0.0,rr_tour,12600.0,43200,267553.8845733688,0,236761.21013439778,30792.67443897105,0,0,0.0,0,4.846704792834819,2.759366508415659,7919.696655027925,7190.591124736616,1.1013971616023455,2.015979020118447,309.6640107962518,0.0,0.0,0.0,2.6253940321510796,12.447368421052632,0.9333333333333333,1738.459363102214,76,0.13602256774902344
ring,50,1500000.0,6,11,exclude,launch,0,0.0,prior,0.0,rr_tour,12600.0,43200,5511182.880157299,0,5171184.754469777,339998.12568752194,0,30,0.9802564612845196,42,4.9817880798455585,2.9390017423999226,7695.912262605395,6424.334486865913,1.1979314399552405,2.118517242822593,375.3242467474365,0.0,0.0,0.0,1.3457273609821416,1.1806020066889633,0.35051546391752575,4637.201322075172,299,0.06751275062561035
ring,50,1500000.0,4,9,exclude,launch,0,0.0,prior,0.0,rr_tour,12600.0,43200,277518.81619760464,0,242044.4774596917,35474.33873791297,0,0,0.0,0,4.846704792834819,2.8959883764116205,7919.696655027925,6841.421200299284,1.157609862506561,2.018909482313719,311.4529599446433,0.0,0.0,0.0,1.9476916564586348,6.248175182481752,0.9313725490196079,1937.7785557534637,137,0.14452338218688965
ring,50,1500000.0,5,11,exclude,launch,0,0.0,prior,0.0,rr_tour,12600.0,43200,454661.11200207757,0,382733.6536268163,71927.45837526128,0,0,0.0,1,4.9817880798455585,2.84521421957426,7695.912262605395,6892.414019166043,1.1165771877900876,2.039734603806024,324.31441390550077,0.0,0.0,0.0,1.583265399568644,2.919811320754717,0.9072164948453608,2656.204800868729,212,0.07902145385742188
ring,50,1500000.0,2,10,exclude,launch,0,0.0,prior,0.0,rr_tour,12600.0,43200,303166.9231484406,0,260237.34138512486,42929.58176331575,0,0,0.0,0,4.875077529902852,3.113870646161938,7871.664383040849,6372.24850434442,1.2353040496889236,2.0158894860889913,309.60943438384646,0.0,0.0,0.0,3.8563693168249173,25.0,0.9052631578947369,1858.8461340674944,36,0.1275322437286377
ring,50,1500000.0,2,12,exclude,launch,0,0.0,prior,0.0,rr_tour,12600.0,43200,326268.69483017107,0,289755.74440842017,36512.95042175095,0,0,0.0,0,4.931473114997353,3.02611497460572,7777.833262780507,6554.484042211514,1.186643100004593,2.0166756579940732,310.0888180673046,0.0,0.0,0.0,3.81077188473238,25.0,0.8846153846153846,1837.7010317939703,36,0.0765218734741211
paper,50,3000000.0,13,12,exclude,launch,0,0.0,prior,0.0,rr_tour,12600.0,43200,1146144.27776921,0,1104383.5586901354,41760.719079074595,0,8,0.9377776528462953,10,9.23457650455646,8.763041006949884,8329.760200033028,4548.173066623649,1.8314518990405642,2.0072347217960425,304.35653543746525,0.0,0.0,0.0,1.1655424167835624,3.230769230769231,0.8557919621749409,669.0962696104336,754,0.563185453414917
ring,50,1500000.0,5,10,exclude,launch,0,0.0,prior,0.0,rr_tour,12600.0,43200,771482.4616498356,0,667706.2381297938,103776.22352004176,0,1,0.33405746320346513,2,4.875077529902852,2.8756749575271807,7871.664383040849,6801.87310967441,1.1572789224551776,2.04499226691307,327.6026513724352,0.0,0.0,0.0,1.5513051815524612,2.3425925925925926,0.8681318681318682,3257.809487482559,216,0.11452960968017578
ring,50,1500000.0,6,10,exclude,launch,0,0.0,prior,0.0,rr_tour,12600.0,43200,4342232.570690508,0,4089551.8865720807,252680.6841184276,0,28,0.9668841257560243,43,4.875077529902852,2.933693925865071,7871.664383040849,6436.848835760667,1.2229065158884729,2.1182239760547916,375.12745818713614,0.0,0.0,0.002506265664160401,1.3516936978085263,1.2953020134228188,0.4725274725274725,4251.994748609376,298,0.10902953147888184
ring,50,1500000.0,4,11,exclude,launch,0,0.0,prior,0.0,rr_tour,12600.0,43200,272656.1263098547,0,243080.1573860193,29575.968923835364,0,0,0.0,0,4.9817880798455585,2.976017532710874,7695.912262605395,6664.667916938755,1.1547330427440585,2.0167217928903964,310.1169612414787,0.0,0.0,0.0,1.9476984329788316,7.138686131386861,0.9381443298969072,1681.7454299588237,137,0.10202193260192871
ring,50,1500000.0,2,11,exclude,launch,0,0.0,prior,0.0,rr_tour,12600.0,43200,311733.8114236427,0,276677.98302089295,35055.8284027497,0,0,0.0,0,4.9817880798455585,3.043685638789816,7695.912262605395,6522.2131887679925,1.179954110647387,2.014954324471636,309.03968422910265,0.0,0.020833333333333332,0.0,3.8849821055714933,24.97222222222222,0.9595959595959596,1875.9000356478602,36,0.12052202224731445
ring,50,1500000.0,3,10,exclude,launch,0,0.0,prior,0.0,rr_tour,12600.0,43200,276232.6845636159,0,246338.92248547234,29893.762078143543,0,0,0.0,0,4.875077529902852,2.8127432456360975,7871.664383040849,7055.926232135709,1.1156103570343352,2.015467823585997,309.3524702215442,0.0,0.0,0.0,2.6611444604945773,12.506666666666666,0.8924731182795699,1740.4904300624294,75,0.15303277969360352
ring,50,1500000.0,4,10,exclude,launch,0,0.0,prior,0.0,rr_tour,12600.0,43200,276193.82412913995,0,246958.48744190863,29235.336687231313,0,0,0.0,0,4.875077529902852,2.9601377627466947,7871.664383040849,6697.719835856215,1.1752752542589089,2.01753506195937,310.61328069499774,0.0,0.0,0.0,1.9803036069358397,6.838235294117647,0.9032258064516129,1783.6410412367536,136,0.15903091430664062
ring,50,1500000.0,6,12,exclude,launch,0,0.0,prior,0.0,rr_tour,12600.0,43200,5749785.104271001,0,5389469.557356956,360315.54691404494,0,30,0.9758883074217554,45,4.931473114997353,2.914500635636788,7777.833262780507,6415.949525201022,1.2122653447054377,2.139118768923862,389.2774709143846,0.0,0.0,0.0025,1.3450552384864434,1.0535117056856187,0.3592233009708738,5230.8030962016755,299,0.09802460670471191
ring,50,1500000.0,3,11,exclude,launch,0,0.0,prior,0.0,rr_tour,12600.0,43200,280624.61558733915,0,253589.36141391564,27035.25417342355,0,0,0.0,0,4.9817880798455585,2.8114886678282365,7695.912262605395,7060.501373131598,1.0899951513205313,2.015060603275768,309.10440849676974,0.0,0.0,0.0,2.575793275788146,12.448717948717949,0.9484536082474226,1695.4264705580797,78,0.1585233211517334
ring,50,1500000.0,5,12,exclude,launch,0,0.0,prior,0.0,rr_tour,12600.0,43200,647713.4436859592,0,502143.12494345795,145570.3187425013,0,0,0.0,2,4.931473114997353,2.8367038748841353,7777.833262780507,6874.736241031392,1.131364606595238,2.051114708328493,331.452639019348,0.0,0.0,0.0,1.556656230902695,2.3703703703703702,0.8529411764705882,3212.1377659091477,216,0.11202383041381836
paper,50,3000000.0,16,11,exclude,launch,0,0.0,prior,0.0,rr_tour,12600.0,43200,2532858.575759242,0,2316539.3280584393,216319.2477008027,0,14,0.9828237647418173,18,10.738874082102775,11.167343235243687,7116.237207150667,3572.968705930289,1.9916875273324908,2.004983993827932,302.99784835510224,0.0,0.0,0.007060333761232349,0.9070227963164854,2.7459505541346974,0.7853982300884956,508.1792622370041,1173,0.811204195022583
ring,50,1500000.0,3,12,exclude,launch,0,0.0,prior,0.0,rr_tour,12600.0,43200,318973.73015779187,0,275039.7481802374,43933.981977554504,0,0,0.0,0,4.931473114997353,2.9047362156920076,7777.833262780507,6831.178912201084,1.138578474191126,2.015847303155079,309.58372299823424,0.0,0.0,0.0,2.6130858894813596,12.467532467532468,0.9230769230769231,1719.3773059419186,77,0.15052437782287598
ring,50,1500000.0,4,12,exclude,launch,0,0.0,prior,0.0,rr_tour,12600.0,43200,300817.48697549733,0,265234.8211668483,35582.66580864899,0,0,0.0,0,4.931473114997353,2.924146245691978,7777.833262780507,6777.002310551326,1.14768047971165,2.0184745053871445,311.1870954370765,0.0,0.0,0.0,1.9813880464436682,7.156716417910448,0.9117647058823529,1715.1562387542144,134,0.16904234886169434
ring,50,3000000.0,11,1,exclude,launch,0,0.0,prior,0.0,rr_tour,12600.0,43200,1388586.8310388094,0,1303716.1134081304,84870.71763067899,0,8,0.8748443494813158,18,9.868559743091007,5.79135437497863,7773.219404112283,6755.822615989298,1.1505955449030096,2.0447094709055094,327.4253635799008,0.0,0.0,0.0,1.4484480322717677,1.8297455968688845,0.7850467289719626,1760.2579809907675,511,0.15302205085754395
ring,50,3000000.0,4,1,exclude,launch,0,0.0,prior,0.0,rr_tour,12600.0,43200,213699.58221050922,0,190262.07330363116,23437.50890687808,0,0,0.0,0,9.868559743091007,6.107485066772194,7773.219404112283,6522.208822272406,1.1918078086625892,2.008319817081545,305.01265605580795,0.0,0.018867924528301886,0.04716981132075472,3.3224211035843614,15.215189873417721,0.926605504587156,1373.0459526020968,79,0.20254039764404297
paper,50,3000000.0,17,11,exclude,launch,0,0.0,prior,0.0,rr_tour,12600.0,43200,2915282.4939715182,0,2679858.4804981304,235424.0134733879,0,16,0.9774280678168463,19,10.738874082102775,12.320325486375925,7116.237207150667,3240.184712532031,2.196244300402772,2.004001475197451,302.4056886595973,0.0,0.0,0.017084282460136675,0.8429234191344085,2.6744712990936557,0.787746170678337,463.10761214226466,1324,0.9212291240692139
ring,50,3000000.0,7,1,exclude,launch,0,0.0,prior,0.0,rr_tour,12600.0,43200,126269.45201561478,0,117708.50928726155,8560.942728353224,0,0,0.0,0,9.868559743091007,6.158727127336493,7773.219404112283,6469.567063969076,1.2015053445235355,2.0078155132918387,304.7076326495077,0.0,0.0,0.04013377926421405,2.0965744196033134,8.448430493273543,0.9537037037037037,878.8344005071141,223,0.1940314769744873
ring,50,3000000.0,6,2,exclude,launch,0,0.0,prior,0.0,rr_tour,12600.0,43200,135027.96465978364,0,122393.10794592273,12634.856713860901,0,0,0.0,0,9.682917250728684,5.836329172746877,7928.639575087385,6822.377146053912,1.1621520483770587,2.0091598216599573,305.52106369582685,0.0,0.0,0.017543859649122806,2.3489793175618776,9.744047619047619,0.9439252336448598,990.0831180178441,168,0.17102289199829102
ring,50,3000000.0,4,2,exclude,launch,0,0.0,prior,0.0,rr_tour,12600.0,43200,205545.23460962644,0,181933.79895075786,23611.43565886855,0,0,0.0,0,9.682917250728684,6.197981764713777,7928.639575087385,6423.730143896446,1.2342734513249813,2.009335256400401,305.62729794385893,0.0,0.00909090909090909,0.05454545454545454,3.2694426917720354,14.6375,0.9272727272727272,1408.52902165372,80,0.19652915000915527
ring,50,3000000.0,9,1,exclude,launch,0,0.0,prior,0.0,rr_tour,12600.0,43200,132163.80508927838,0,121974.63920846084,10189.165880817534,0,0,0.0,0,9.868559743091007,5.818735797823404,7773.219404112283,6837.120965603875,1.1369141255826425,2.010888937626204,306.5689332645105,0.0,0.0,0.0,1.7655088248145399,4.97953216374269,0.9626168224299065,967.8655969944497,342,0.20802927017211914
ring,50,3000000.0,5,1,exclude,launch,0,0.0,prior,0.0,rr_tour,12600.0,43200,168378.0919705043,0,154364.35122535212,14013.740745152192,0,0,0.0,0,9.868559743091007,5.973038554789844,7773.219404112283,6671.801820914098,1.1650854765717966,2.0074814061107245,304.5056350976528,0.0,0.0,0.01910828025477707,2.8694915674096415,12.555555555555555,0.944954128440367,1139.962172604306,117,0.24054956436157227
ring,50,3000000.0,12,1,exclude,launch,0,0.0,prior,0.0,rr_tour,12600.0,43200,3925869.384843196,0,3645397.281133339,280472.10370985646,0,26,0.9828572810611005,46,9.868559743091007,5.93789565730946,7773.219404112283,6477.909543464852,1.1999580037288706,2.0798046551564555,349.7934279892654,0.0,0.0,0.0012610340479192938,1.3568168731058678,1.2626262626262625,0.4485981308411215,2202.929716198925,594,0.22202849388122559
ring,50,3000000.0,5,2,exclude,launch,0,0.0,prior,0.0,rr_tour,12600.0,43200,160045.17306925074,0,141993.57229552494,18051.60077372581,0,0,0.0,0,9.682917250728684,5.950655511532925,7928.639575087385,6694.086071790484,1.184424503966184,2.008324496110589,305.01548683700213,0.0,0.01935483870967742,0.025806451612903226,2.917704241603427,12.732758620689655,0.9537037037037037,1128.1431262688088,116,0.22502756118774414
ring,50,3000000.0,4,3,exclude,launch,0,0.0,prior,0.0,rr_tour,12600.0,43200,258314.44848561956,0,230927.0667860946,27387.381699524965,0,0,0.0,0,9.578993254532959,5.8089816541872095,8018.275011535528,6857.299175603856,1.169305116519061,2.008338364406338,305.02387714009467,0.0,0.019230769230769232,0.028846153846153848,3.4715267527208464,14.868421052631579,0.9150943396226415,1469.366750510908,76,0.17802882194519043
ring,50,3000000.0,6,1,exclude,launch,0,0.0,prior,0.0,rr_tour,12600.0,43200,151459.84222731876,0,138081.07614403046,13378.766083288267,0,0,0.0,0,9.868559743091007,5.999744523365643,7773.219404112283,6641.31349260466,1.1704340433211053,2.0077204755067974,304.65016702669385,0.0,0.0,0.03524229074889868,2.387573925602886,9.730538922155688,0.9541284403669725,1028.7749988803055,167,0.26703929901123047
ring,50,3000000.0,10,1,exclude,launch,0,0.0,prior,0.0,rr_tour,12600.0,43200,185219.55629820103,0,169517.3770249591,15702.179273241909,0,0,0.0,2,9.868559743091007,5.724921151417737,7773.219404112283,6900.057164359137,1.126544203758672,2.0251993937246837,315.31013906803753,0.0,0.0,0.0,1.5489589049116805,2.8078703703703702,0.9439252336448598,1363.2615202394315,432,0.26802968978881836
ring,50,3000000.0,12,2,exclude,launch,0,0.0,prior,0.0,rr_tour,12600.0,43200,3750948.9040082735,0,3509876.140119023,241072.76388925,0,28,0.9850017976469161,42,9.682917250728684,5.926303704729775,7928.639575087385,6426.75742208347,1.2336920556302908,2.1004588380975306,363.30289630409,0.0,0.0,0.0,1.342871269933807,1.2216666666666667,0.4392523364485981,2239.3933305025394,600,0.21964693069458008
ring,50,3000000.0,11,2,exclude,launch,0,0.0,prior,0.0,rr_tour,12600.0,43200,1522615.0669353968,0,1432215.3839629397,90399.68297245701,0,11,0.909931522568806,18,9.682917250728684,5.844788362080996,7928.639575087385,6700.450420875132,1.1832994913873032,2.0427593116080685,326.20409458359967,0.0,0.0,0.0014619883040935672,1.4417565029536137,1.8551859099804304,0.719626168224299,1738.0122258230185,511,0.24765396118164062
ring,50,3000000.0,5,3,exclude,launch,0,0.0,prior,0.0,rr_tour,12600.0,43200,197589.98099706508,0,179347.63229782588,18242.348699239203,0,0,0.0,0,9.578993254532959,5.981545659363265,8018.275011535528,6661.582944213298,1.2036591120584552,2.0077014149153483,304.6386424867185,0.0,0.006329113924050633,0.03164556962025317,2.8456964967063376,12.17094017094017,0.9339622641509434,1184.5399183768386,117,0.23365163803100586
ring,50,3000000.0,4,4,exclude,launch,0,0.0,prior,0.0,rr_tour,12600.0,43200,259985.71443825588,0,229966.91993616495,30018.794502090903,0,0,0.0,0,9.633996506496567,5.755348375201958,7970.593281758647,6920.635658630613,1.1517140440442994,2.0085025338597227,305.12320824044434,0.0,0.02912621359223301,0.009708737864077669,3.5769676090776135,16.32,0.9464285714285714,1353.2160686729983,75,0.11312508583068848
ring,50,3000000.0,10,3,exclude,launch,0,0.0,prior,0.0,rr_tour,12600.0,43200,542894.0424392544,0,506640.3355683952,36253.70687085916,0,2,0.5567430133314579,5,9.578993254532959,5.6492421561294455,8018.275011535528,6995.166323200851,1.1462593798436693,2.0244252738540434,314.83414251327963,0.0,0.0,0.0,1.5715629821069086,2.4069767441860463,0.9428571428571428,1588.509811076931,430,0.13463163375854492
ring,50,3000000.0,7,2,exclude,launch,0,0.0,prior,0.0,rr_tour,12600.0,43200,124118.04570231303,0,115371.27003262274,8746.775669690278,0,0,0.0,0,9.682917250728684,6.057270338451652,7928.639575087385,6574.324547816659,1.2060006343496528,2.0089165217992973,305.3737643878774,0.0,0.0,0.03691275167785235,2.103483270300015,8.068181818181818,0.9444444444444444,940.3714611961135,220,0.3001549243927002
ring,50,3000000.0,10,2,exclude,launch,0,0.0,prior,0.0,rr_tour,12600.0,43200,170696.06259782147,0,153672.67724287367,17023.38535494778,0,0,0.0,3,9.682917250728684,5.690648590948266,7928.639575087385,6943.437382272656,1.1418896921761053,2.024667426472628,314.9830004622116,0.0,0.0,0.0,1.5767110092625285,2.925233644859813,0.9065420560747663,1322.1285627204109,428,0.26865315437316895
ring,50,3000000.0,7,3,exclude,launch,0,0.0,prior,0.0,rr_tour,12600.0,43200,156682.12586267156,0,146170.88406204892,10511.241800622656,0,0,0.0,0,9.578993254532959,5.908074841597448,8018.275011535528,6743.638398020519,1.1890131911416184,2.007935342392907,304.78009633341213,0.0,0.0,0.010309278350515464,2.178292693921402,8.13953488372093,0.9528301886792453,947.4023491787636,215,0.17913222312927246
ring,50,3000000.0,8,1,exclude,launch,0,0.0,prior,0.0,rr_tour,12600.0,43200,122188.05466438393,0,114074.01633856389,8114.0383258200445,0,0,0.0,0,9.868559743091007,5.969925124861585,7773.219404112283,6669.43728155455,1.165498538476466,2.009240436700078,305.5698777211693,0.0,0.0,0.026525198938992044,1.882065075037103,6.644128113879003,0.9537037037037037,889.0045259826729,281,0.34116363525390625
ring,50,3000000.0,11,3,exclude,launch,0,0.0,prior,0.0,rr_tour,12600.0,43200,2967938.693365375,0,2750378.924703269,217559.76866210593,0,18,0.9605993442226501,21,9.578993254532959,5.982625958603426,8018.275011535528,6594.291813784852,1.215941792987376,2.027822670804513,316.92583278591655,0.0,0.0,0.0,1.4258186252829599,1.888030888030888,0.6190476190476191,1688.5361661281604,518,0.15363121032714844
ring,50,3000000.0,9,2,exclude,launch,0,0.0,prior,0.0,rr_tour,12600.0,43200,133764.37711682933,0,122938.65563935986,10825.721477469457,0,0,0.0,0,9.682917250728684,5.769784976204982,7928.639575087385,6886.168928839099,1.1513861563695376,2.013504877769797,308.15764117895134,0.0,0.0,0.0,1.7389027514341433,4.5501432664756445,0.9532710280373832,1043.017197335864,349,0.29865384101867676
ring,50,3000000.0,8,2,exclude,launch,0,0.0,prior,0.0,rr_tour,12600.0,43200,116032.8763619024,0,107603.74004358219,8429.136318320201,0,0,0.0,0,9.682917250728684,5.802373077617518,7928.639575087385,6858.05812789329,1.1561056245411214,2.010403241392077,306.2744130646848,0.0,0.0,0.005319148936170213,1.9217453244350486,6.435714285714286,0.9719626168224299,910.7382010236606,280,0.3256547451019287
ring,50,3000000.0,6,3,exclude,launch,0,0.0,prior,0.0,rr_tour,12600.0,43200,173728.13002621185,0,160458.39552452276,13269.734501689103,0,0,0.0,0,9.578993254532959,5.957365252070017,8018.275011535528,6686.215931445995,1.1992246576759085,2.008423808571015,305.0755733078613,0.0,0.0,0.06086956521739131,2.3012785705360126,9.311764705882354,0.9433962264150944,1059.965655733261,170,0.27263379096984863
ring,50,3000000.0,12,3,exclude,launch,0,0.0,prior,0.0,rr_tour,12600.0,43200,5221910.608573877,0,4909708.313885766,312202.2946881102,0,32,0.9903840632648099,47,9.578993254532959,6.0007168020398405,8018.275011535528,6445.581266796727,1.2439956428507473,2.0683535089167284,342.413766004406,0.0,0.0,0.0,1.3483331898771502,1.2006688963210703,0.3619047619047619,2298.013731680435,598,0.2301335334777832
ring,50,3000000.0,5,4,exclude,launch,0,0.0,prior,0.0,rr_tour,12600.0,43200,214070.57545223823,0,191333.66631860787,22736.909133630375,0,0,0.0,0,9.633996506496567,5.907705226474461,7970.593281758647,6743.510213086356,1.1819650345143737,2.008099139214085,304.8791623452536,0.0,0.012578616352201259,0.025157232704402517,2.8276784219621725,12.290598290598291,0.9464285714285714,1154.4286838925177,117,0.23313260078430176
ring,50,3000000.0,5,5,exclude,launch,0,0.0,prior,0.0,rr_tour,12600.0,43200,193376.7795025254,0,175292.32006260293,18084.45943992247,0,0,0.0,0,9.661499495362374,5.897311489608795,7946.954839160066,6756.57133052153,1.1761815942445843,2.0077496255506713,304.6677923392554,0.0,0.0064516129032258064,0.03870967741935484,2.927135224885438,12.303571428571429,0.9512195121951219,1175.5153567025422,112,0.1350083351135254
ring,50,3000000.0,8,3,exclude,launch,0,0.0,prior,0.0,rr_tour,12600.0,43200,145013.1410904204,0,135901.50466823354,9111.636422186835,0,0,0.0,0,9.578993254532959,5.7556786811208624,8018.275011535528,6916.2500192108155,1.1593385128160043,2.0096608017720774,305.8244803905103,0.0,0.0,0.0,1.9239256231875188,6.25,0.9714285714285714,928.6825611656409,280,0.3071420192718506
ring,50,3000000.0,9,3,exclude,launch,0,0.0,prior,0.0,rr_tour,12600.0,43200,185301.89302365534,0,166656.91821367454,18644.97480998081,0,0,0.0,0,9.578993254532959,5.705863802379661,8018.275011535528,6965.119256927909,1.1512042674014649,2.0129826385596754,307.84014780699675,0.0,0.0,0.0,1.737183132590759,4.162857142857143,0.9619047619047619,1134.9907004304364,350,0.2866404056549072
ring,50,3000000.0,11,5,exclude,launch,0,0.0,prior,0.0,rr_tour,12600.0,43200,2236743.176204438,0,2086498.2870253434,150244.88917909464,0,13,0.9136470397340754,20,9.661499495362374,5.803904754315444,7946.954839160066,6744.512861032445,1.1782844814597258,2.0437093086431153,326.7987362844869,0.0,0.0,0.0014619883040935672,1.4408729763853616,1.4853228962818004,0.7096774193548387,2171.120205147923,511,0.1325078010559082
ring,50,3000000.0,6,4,exclude,launch,0,0.0,prior,0.0,rr_tour,12600.0,43200,192526.12915806993,0,172284.46183799492,20241.667320075005,0,0,0.0,0,9.633996506496567,5.831218927061017,7970.593281758647,6830.7544424335065,1.1668686598136684,2.0084543581089287,305.09405771666735,0.0,0.004464285714285714,0.03125,2.3944302569621447,9.436363636363636,0.9464285714285714,1068.674448754108,165,0.26013612747192383
ring,50,3000000.0,6,5,exclude,launch,0,0.0,prior,0.0,rr_tour,12600.0,43200,169538.48787634613,0,154688.5025653916,14849.985310954557,0,0,0.0,0,9.661499495362374,6.1094001347524305,7946.954839160066,6520.28113544593,1.2188055505702613,2.0082838471584177,304.9908949321737,0.0,0.0,0.039301310043668124,2.319612689619511,9.470588235294118,0.9516129032258065,1024.804700915577,170,0.1655113697052002
ring,50,3000000.0,4,5,exclude,launch,0,0.0,prior,0.0,rr_tour,12600.0,43200,235643.70125775333,0,205802.66451533404,29841.036742419303,0,0,0.0,0,9.661499495362374,5.780522580078713,7946.954839160066,6891.508637974298,1.1531516909621125,2.0082074790708377,304.9446962563123,0.0,0.0,0.02,3.6818359225214996,16.83783783783784,0.944,1350.2069761076095,74,0.19301652908325195
ring,50,3000000.0,9,5,exclude,launch,0,0.0,prior,0.0,rr_tour,12600.0,43200,160100.85003607452,0,147109.72965710776,12991.12037896676,0,0,0.0,0,9.661499495362374,5.803579261931849,7946.954839160066,6852.0904256058975,1.1597854589692391,2.011735969999404,307.0829018971904,0.0,0.0,0.0,1.755792042069154,4.531976744186046,0.9516129032258065,1060.3379216288183,344,0.19051671028137207
ring,50,3000000.0,11,4,exclude,launch,0,0.0,prior,0.0,rr_tour,12600.0,43200,1919757.533854606,0,1799222.9010946648,120534.63275994128,0,11,0.9056155477843804,15,9.633996506496567,5.864074156711839,7970.593281758647,6640.69659409597,1.2002646362197975,2.0543616299678567,333.50353402454266,0.0,0.0,0.0,1.41445633249623,1.8546845124282982,0.7431192660550459,1700.93473352532,523,0.24152207374572754
ring,50,3000000.0,7,4,exclude,launch,0,0.0,prior,0.0,rr_tour,12600.0,43200,166365.81169891448,0,152641.8985289306,13723.913169983918,0,0,0.0,0,9.633996506496567,6.062868329676265,7970.593281758647,6569.5071957463115,1.213271109120563,2.008533398826069,305.1418849642986,0.0,0.0,0.03666666666666667,2.0881117639045828,7.995515695067264,0.972972972972973,927.9374373541243,223,0.3041410446166992
ring,50,3000000.0,10,4,exclude,launch,0,0.0,prior,0.0,rr_tour,12600.0,43200,436648.2584745574,0,395560.65162726614,41087.60684729128,0,1,0.5001473037700543,4,9.633996506496567,5.700441605660438,7970.593281758647,6930.857946604288,1.150015386719009,2.024857607494208,315.0999346916258,0.0,0.0,0.0,1.5618015398421006,2.8834498834498836,0.9272727272727272,1333.891837626355,429,0.269641637802124
ring,50,3000000.0,4,6,exclude,launch,0,0.0,prior,0.0,rr_tour,12600.0,43200,205830.0533316855,0,186267.47612480426,19562.577206881248,0,0,0.0,0,9.772675492302225,5.890220195122999,7852.756551981561,6760.73638880109,1.161523848938906,2.0089283802834528,305.38094296241763,0.0,0.019417475728155338,0.019417475728155338,3.5078804323882435,16.026315789473685,0.8865979381443299,1379.6712918822107,76,0.19351625442504883
ring,50,3000000.0,12,5,exclude,launch,0,0.0,prior,0.0,rr_tour,12600.0,43200,5222624.949023861,0,4876151.936330082,346473.0126937795,0,33,0.9908542659780596,46,9.661499495362374,5.949159014408561,7946.954839160066,6401.314979023558,1.2414566171484152,2.1007056928414283,363.46590667605864,0.0,0.0,0.0,1.3344940164649273,1.0632279534109816,0.36585365853658536,2564.2120915213927,601,0.20451664924621582
ring,50,3000000.0,9,4,exclude,launch,0,0.0,prior,0.0,rr_tour,12600.0,43200,174151.02738381436,0,159765.17158849954,14385.85579531481,0,0,0.0,0,9.633996506496567,5.746051113603588,7970.593281758647,6914.977594188433,1.1526564147449136,2.0133984263198355,308.09291114025564,0.0,0.0,0.0,1.725831490371989,4.554285714285714,0.981651376146789,1033.5348502653057,350,0.30164170265197754
ring,50,3000000.0,8,4,exclude,launch,0,0.0,prior,0.0,rr_tour,12600.0,43200,150988.6216476899,0,140502.9746318153,10485.647015874583,0,0,0.0,0,9.633996506496567,5.800150601651873,7970.593281758647,6862.394895574561,1.1614885769541978,2.009902595007495,305.97097542086163,0.0,0.0,0.0,1.9163214978705427,6.489285714285714,0.954954954954955,904.6790327876358,280,0.31714510917663574
ring,50,3000000.0,12,4,exclude,launch,0,0.0,prior,0.0,rr_tour,12600.0,43200,4414731.927640226,0,4092835.6387625546,321896.2888776709,0,25,0.9814125620673458,41,9.633996506496567,5.92815286860873,7970.593281758647,6445.990723024634,1.236519508675096,2.0935383297703187,358.7478236030575,0.0,0.0,0.0025,1.3489354215290223,1.4698996655518395,0.45454545454545453,1879.924841847511,598,0.2555205821990967
ring,50,3000000.0,4,7,exclude,launch,0,0.0,prior,0.0,rr_tour,12600.0,43200,232448.13540511817,0,203668.6561471499,28779.47925796828,0,0,0.0,0,9.808999585359516,5.77908733312337,7822.442319813243,6891.1339929932965,1.1351458740704903,2.00881542687332,305.3125696492798,0.0,0.019230769230769232,0.009615384615384616,3.498543398510398,15.578947368421053,0.9029126213592233,1434.876695094724,76,0.10601663589477539
ring,50,3000000.0,10,5,exclude,launch,0,0.0,prior,0.0,rr_tour,12600.0,43200,221738.90640358583,0,197203.55039171278,24535.356011873053,0,0,0.0,2,9.661499495362374,5.677577465643352,7946.954839160066,6970.229528440139,1.1401281416536806,2.021528362264294,313.0560584731112,0.0,0.0,0.0,1.5950603710254576,2.7790973871733966,0.9274193548387096,1413.3935284716063,421,0.26703333854675293
ring,50,3000000.0,5,6,exclude,launch,0,0.0,prior,0.0,rr_tour,12600.0,43200,171859.21368324492,0,157642.65843363834,14216.555249606592,0,0,0.0,0,9.772675492302225,5.907250435036326,7852.756551981561,6743.602190130882,1.1644750580741405,2.0082263492378023,304.95611138921606,0.0,0.0,0.013071895424836602,2.9213844862882,12.587719298245615,0.8762886597938144,1176.1531332367201,114,0.23403334617614746
ring,50,3000000.0,11,6,exclude,launch,0,0.0,prior,0.0,rr_tour,12600.0,43200,1608637.9345839892,0,1503877.532274384,104760.40230960521,0,12,0.9062218692759079,17,9.772675492302225,5.830888088640709,7852.756551981561,6722.61106031394,1.1681110927775205,2.0408791795622574,325.02883993385944,0.0,0.0,0.0,1.446423050446032,1.8098039215686275,0.7021276595744681,1788.4625316103775,510,0.14302492141723633
ring,50,3000000.0,7,5,exclude,launch,0,0.0,prior,0.0,rr_tour,12600.0,43200,153006.02005698282,0,140802.8423102559,12203.177746726917,0,0,0.0,0,9.661499495362374,6.111246203403061,7946.954839160066,6517.652767383587,1.219297057205803,2.008486824433186,305.11370251659963,0.0,0.0,0.03367003367003367,2.078120953639342,7.86036036036036,0.952,956.5685885289518,222,0.30053257942199707
ring,50,3000000.0,8,6,exclude,launch,0,0.0,prior,0.0,rr_tour,12600.0,43200,124664.2177260539,0,118695.31349212224,5968.904233931652,0,0,0.0,0,9.772675492302225,5.817964538314918,7852.756551981561,6840.93516536807,1.1479068814649482,2.010034181031846,306.0507140558016,0.0,0.0,0.005333333333333333,1.9342203091119148,6.344086021505376,0.9479166666666666,923.2079902064946,279,0.1930255889892578
ring,50,3000000.0,8,5,exclude,launch,0,0.0,prior,0.0,rr_tour,12600.0,43200,136193.8302799583,0,126374.10167140546,9819.728608552829,0,0,0.0,0,9.661499495362374,5.994353903546183,7946.954839160066,6640.535592754958,1.196734017634128,2.0097613883494914,305.88541842044765,0.0,0.0,0.02349869451697128,1.8672284793135736,6.496503496503497,0.967741935483871,883.5481283082934,286,0.3240337371826172
ring,50,3000000.0,6,7,exclude,launch,0,0.0,prior,0.0,rr_tour,12600.0,43200,158534.9125020381,0,148870.7877799505,9664.124722087588,0,0,0.0,0,9.808999585359516,5.979086086737822,7822.442319813243,6661.949627648869,1.1741971580433481,2.008416755989711,305.0713061282436,0.0,0.004484304932735426,0.02242152466367713,2.384218678538103,9.41317365269461,0.94,1060.8560603013163,167,0.15701627731323242
ring,50,3000000.0,12,6,exclude,launch,0,0.0,prior,0.0,rr_tour,12600.0,43200,4414088.1132286005,0,4163410.5426988676,250677.57052973306,0,32,0.9893178241129782,45,9.772675492302225,5.806749356511064,7852.756551981561,6466.1189674837715,1.2144466551683917,2.1306554032626446,383.5144922781042,0.0,0.0,0.0,1.3472992067418577,1.1235392320534223,0.2127659574468085,2445.0482425664245,599,0.2105247974395752
ring,50,3000000.0,6,6,exclude,launch,0,0.0,prior,0.0,rr_tour,12600.0,43200,146537.22214983348,0,137524.6956269201,9012.526522913397,0,0,0.0,0,9.772675492302225,6.037009716179016,7852.756551981561,6597.264334661044,1.1903049739456926,2.0086498040314558,305.21232815180815,0.0,0.0,0.035555555555555556,2.359134636978341,9.615384615384615,0.9175257731958762,1026.6358619696914,169,0.27503323554992676
ring,50,3000000.0,5,7,exclude,launch,0,0.0,prior,0.0,rr_tour,12600.0,43200,194842.31270368586,0,173702.6862971511,21139.62640653482,0,0,0.0,0,9.808999585359516,6.0014118931915155,7822.442319813243,6637.614595959018,1.1785020366466514,2.0082811887212415,304.98928665873615,0.0,0.00641025641025641,0.03205128205128205,2.8724487175412614,12.017094017094017,0.9223300970873787,1176.5646516462464,117,0.22302484512329102
ring,50,3000000.0,10,6,exclude,launch,0,0.0,prior,0.0,rr_tour,12600.0,43200,189202.71624399067,0,171074.98095411123,18127.73528987942,0,0,0.0,2,9.772675492302225,5.718748011405925,7852.756551981561,6922.998357780616,1.1342999299076835,2.0206672282368565,312.52847723901226,0.0,0.0,0.0,1.6016267834838767,2.9023809523809523,0.9368421052631579,1359.8135068128959,420,0.26853275299072266
ring,50,3000000.0,4,8,exclude,launch,0,0.0,prior,0.0,rr_tour,12600.0,43200,229116.39025279589,0,205322.0197378259,23794.37051497001,0,0,0.0,0,9.660334137152487,5.91848936235975,7947.95371783911,6730.007741952396,1.180972447965325,2.008461687786469,305.0984927199403,0.0,0.0,0.028846153846153848,3.444477419211505,15.602564102564102,0.9361702127659575,1387.917323722647,78,0.18502259254455566
ring,50,3000000.0,12,7,exclude,launch,0,0.0,prior,0.0,rr_tour,12600.0,43200,5490152.797647055,0,5166315.508268739,323837.28937831643,0,35,0.9936629594151166,49,9.808999585359516,5.726887742986153,7822.442319813243,6483.125019604587,1.2065851416035691,2.1547005383792515,400.0,0.0,0.0,0.0,1.3492284618174235,1.0,0.2828282828282828,2767.185399059393,597,0.1975255012512207
ring,50,3000000.0,7,6,exclude,launch,0,0.0,prior,0.0,rr_tour,12600.0,43200,130690.44568391028,0,122605.34080252206,8085.104881388221,0,0,0.0,0,9.772675492302225,6.106566917701035,7852.756551981561,6521.045006832312,1.2042175055921207,2.0089802568848567,305.4123476350293,0.0,0.0,0.04,2.0680420149235683,8.057777777777778,0.9583333333333334,921.8860420552029,225,0.31703782081604004
ring,50,3000000.0,6,8,exclude,launch,0,0.0,prior,0.0,rr_tour,12600.0,43200,163427.00685959467,0,150475.42851549573,12951.578344098925,0,0,0.0,0,9.660334137152487,5.925510181964204,7947.95371783911,6722.181312896591,1.1823474178821773,2.0084175886869327,305.0718099519504,0.0,0.0,0.021834061135371178,2.339928661923938,9.532163742690058,0.978494623655914,1028.2904178114877,171,0.17201781272888184
ring,50,3000000.0,11,7,exclude,launch,0,0.0,prior,0.0,rr_tour,12600.0,43200,2324411.881067886,0,2195639.3378722672,128772.54319561843,0,13,0.9368108681780837,19,9.808999585359516,5.818406287034723,7822.442319813243,6727.03511261333,1.162836552636094,2.043912259600628,326.92584172334665,0.0,0.0,0.0,1.4397569773237073,1.6784313725490196,0.7216494845360825,1903.8950120747954,510,0.2345433235168457
ring,50,3000000.0,11,8,exclude,launch,0,0.0,prior,0.0,rr_tour,12600.0,43200,1007852.6189260395,0,936325.2795577189,71527.33936832064,0,6,0.7754179351400156,11,9.660334137152487,5.807684790967483,7947.95371783911,6711.702943759776,1.184193308976635,2.0523632200197754,332.2405040551169,0.0,0.0,0.0,1.435925174725586,1.7592233009708738,0.8387096774193549,1823.686693750268,515,0.15052509307861328
ring,50,3000000.0,10,7,exclude,launch,0,0.0,prior,0.0,rr_tour,12600.0,43200,229241.66065361205,0,204353.05067827346,24888.60997533861,0,0,0.0,3,9.808999585359516,5.712244506509004,7822.442319813243,6912.8935372727765,1.1315728034341022,2.025924841830536,315.7565343255029,0.0,0.0,0.0,1.559808553204019,2.5046511627906978,0.979381443298969,1509.2832886034132,430,0.25354814529418945
ring,50,3000000.0,9,6,exclude,launch,0,0.0,prior,0.0,rr_tour,12600.0,43200,131805.2489927451,0,123036.17871042316,8769.070282321934,0,0,0.0,0,9.772675492302225,5.813810133339568,7852.756551981561,6837.015342297906,1.148565003708514,2.0126237255105597,307.6220428400654,0.0,0.0,0.0,1.7454231726060498,4.942857142857143,0.968421052631579,957.2096012933836,350,0.33505797386169434
ring,50,3000000.0,4,9,exclude,launch,0,0.0,prior,0.0,rr_tour,12600.0,43200,204933.003098777,0,182549.47462542966,22383.528473347316,0,0,0.0,0,9.693409585669638,5.794484001544568,7919.696655027925,6872.387847912694,1.1523937283943197,2.0089427364128727,305.3896336080886,0.0,0.018867924528301886,0.009433962264150943,3.367861975360384,15.901234567901234,0.9150943396226415,1310.5443568413523,81,0.12503337860107422
ring,50,3000000.0,5,8,exclude,launch,0,0.0,prior,0.0,rr_tour,12600.0,43200,183303.4993009861,0,168137.9676330349,15165.531667951222,0,0,0.0,0,9.660334137152487,5.81620551809432,7947.95371783911,6850.890663224077,1.1601343691710222,2.007720282822996,304.65005052385794,0.0,0.0,0.00641025641025641,2.949042391752226,12.807017543859649,0.9468085106382979,1145.4283414256583,114,0.24604487419128418
ring,50,3000000.0,9,8,exclude,launch,0,0.0,prior,0.0,rr_tour,12600.0,43200,150623.3720133291,0,142024.61074632822,8598.761267000904,0,0,0.0,0,9.660334137152487,5.746560683888968,7947.95371783911,6913.662137959098,1.1496011172141736,2.0136029438347185,308.21727832512244,0.0,0.0,0.0,1.7134783801763565,4.53954802259887,0.989247311827957,1030.4948293923787,354,0.2005314826965332
ring,50,3000000.0,7,7,exclude,launch,0,0.0,prior,0.0,rr_tour,12600.0,43200,141775.0042207541,0,133631.10697723826,8143.897243515822,0,0,0.0,0,9.808999585359516,5.971552598831944,7822.442319813243,6669.870611471541,1.172802708700134,2.0085623413895384,305.1593989407444,0.0,0.0,0.02040816326530612,2.1471938183501593,7.990783410138249,0.9313725490196079,945.6084435126207,217,0.29454946517944336
ring,50,3000000.0,8,7,exclude,launch,0,0.0,prior,0.0,rr_tour,12600.0,43200,137902.17631079772,0,128687.66852430829,9214.507786489423,0,0,0.0,0,9.808999585359516,5.7508100869570455,7822.442319813243,6921.895128451878,1.1301012475123668,2.0097218119359384,305.8614412497583,0.0,0.002702702702702703,0.0,1.9656717020886991,6.231884057971015,0.95,964.6981425788082,276,0.30104827880859375
ring,50,3000000.0,9,7,exclude,launch,0,0.0,prior,0.0,rr_tour,12600.0,43200,151657.59058384312,0,141314.26708655898,10343.323497284135,0,0,0.0,0,9.808999585359516,5.904681014036632,7822.442319813243,6736.295311666447,1.1612380333542862,2.0112795052795525,306.8058713395371,0.0,0.0,0.0,1.7629643639016372,4.545189504373178,0.95,1057.3928122257382,343,0.3180558681488037
ring,50,3000000.0,10,8,exclude,launch,0,0.0,prior,0.0,rr_tour,12600.0,43200,197633.9280582858,0,181956.86563243935,15677.062425846423,0,0,0.0,3,9.660334137152487,5.759511767132054,7947.95371783911,6876.289967739703,1.1558491214197113,2.0199942574975536,312.1164855983957,0.0,0.0,0.0,1.5847595498313096,2.948235294117647,0.967741935483871,1322.1673727460854,425,0.26755714416503906
ring,50,3000000.0,12,8,exclude,launch,0,0.0,prior,0.0,rr_tour,12600.0,43200,4984826.006133253,0,4700383.040095554,284442.96603769803,0,28,0.9912568553720355,46,9.660334137152487,6.005188138511248,7947.95371783911,6467.197223258943,1.2289641777514844,2.059905340337523,337.01979914280025,0.0,0.0,0.0,1.3580643081755335,1.5675675675675675,0.45161290322580644,1776.4658635284034,592,0.25658202171325684
ring,50,3000000.0,12,9,exclude,launch,0,0.0,prior,0.0,rr_tour,12600.0,43200,4276155.380261335,0,4034420.274499977,241735.1057613582,0,30,0.9882762642268593,43,9.693409585669638,5.995187894429172,7919.696655027925,6432.5079678313705,1.2311988876864057,2.074468551195727,346.3448002525934,0.0,0.0,0.00125,1.3481388726150603,1.2604340567612689,0.3069306930693069,2181.735000204184,599,0.14306902885437012
ring,50,3000000.0,5,9,exclude,launch,0,0.0,prior,0.0,rr_tour,12600.0,43200,174365.85262131723,0,158104.66922037143,16261.183400945809,0,0,0.0,0,9.693409585669638,5.955638277510154,7919.696655027925,6688.467952137548,1.184082320749835,2.0083297608850303,305.0186720059389,0.0,0.0,0.03125,2.7802349136529543,12.168067226890756,0.970873786407767,1141.1782190936542,119,0.2260899543762207
ring,50,3000000.0,7,8,exclude,launch,0,0.0,prior,0.0,rr_tour,12600.0,43200,150533.9678111491,0,138796.24957803116,11737.718233117932,0,0,0.0,0,9.660334137152487,6.270338386211635,7947.95371783911,6351.938756150055,1.2512642238786962,2.0085965214716612,305.1800829374207,0.0,0.0,0.05921052631578947,2.019258719269542,7.730088495575221,0.978494623655914,954.6446846965988,226,0.3341047763824463
ring,50,3000000.0,5,10,exclude,launch,0,0.0,prior,0.0,rr_tour,12600.0,43200,186489.1089436435,0,171518.73348707263,14970.375456570859,0,0,0.0,0,9.750155059805705,5.9628252655634295,7871.664383040849,6681.856979923983,1.178065380131857,2.0078937521387044,304.75494468007093,0.0,0.0064516129032258064,0.012903225806451613,2.945645539360117,12.504424778761061,0.9052631578947369,1184.846447902428,113,0.142075777053833
ring,50,3000000.0,8,8,exclude,launch,0,0.0,prior,0.0,rr_tour,12600.0,43200,133835.63218375907,0,125761.51712818253,8074.11505557654,0,0,0.0,0,9.660334137152487,5.887393223896891,7947.95371783911,6759.95885185306,1.1757399552307028,2.0101241946232,306.1052665689506,0.0,0.0,0.0,1.862283162286708,6.25,0.978494623655914,900.9952370370372,288,0.3381054401397705
ring,50,3000000.0,4,10,exclude,launch,0,0.0,prior,0.0,rr_tour,12600.0,43200,225487.05214639317,0,204582.8226774322,20904.229468960966,0,0,0.0,0,9.750155059805705,6.0366973478904145,7871.664383040849,6597.244245510675,1.1931746180835123,2.008759858230772,305.2789354733302,0.0,0.028846153846153848,0.028846153846153848,3.464664847262035,15.935064935064934,0.9157894736842105,1336.0538795489567,77,0.19059252738952637
ring,50,3000000.0,10,10,exclude,launch,0,0.0,prior,0.0,rr_tour,12600.0,43200,210790.78147762906,0,191201.14246791613,19589.639009712915,0,0,0.0,2,9.750155059805705,5.7879038354710515,7871.664383040849,6841.021285143068,1.150656320882391,2.020448283519716,312.39440980150044,0.0,0.0,0.0,1.5809439257954534,2.795774647887324,0.9139784946236559,1389.8934164956502,426,0.16759920120239258
ring,50,3000000.0,6,9,exclude,launch,0,0.0,prior,0.0,rr_tour,12600.0,43200,148237.2028029251,0,135905.86391466527,12331.338888259856,0,0,0.0,0,9.693409585669638,6.004545527426942,7919.696655027925,6633.259206264689,1.1939374610219178,2.008551059699765,305.15257200645567,0.0,0.0,0.05240174672489083,2.3349607296495756,9.710059171597633,0.9523809523809523,1026.9277027764927,169,0.29012632369995117
ring,50,3000000.0,8,10,exclude,launch,0,0.0,prior,0.0,rr_tour,12600.0,43200,140390.07273033904,0,130263.06745225033,10127.00527808873,0,0,0.0,0,9.750155059805705,5.842767836937918,7871.664383040849,6812.992154310527,1.1553902022418312,2.0097103459906887,305.8544948401909,0.0,0.0,0.005319148936170213,1.935421935409349,6.25,0.956989247311828,941.0256866597067,280,0.19360566139221191
ring,50,3000000.0,10,9,exclude,launch,0,0.0,prior,0.0,rr_tour,12600.0,43200,173633.20705476633,0,159403.07345175897,14230.133603007382,0,0,0.0,2,9.693409585669638,5.741744894926404,7919.696655027925,6898.117238651392,1.1480953977778805,2.019833276193591,312.01797336952586,0.0,0.0,0.0,1.5963715377559888,3.1303317535545023,0.9801980198019802,1253.4382898789486,422,0.272136926651001
ring,50,3000000.0,4,11,exclude,launch,0,0.0,prior,0.0,rr_tour,12600.0,43200,228580.34819542716,0,211975.01681910604,16605.3313763211,0,0,0.0,0,9.963576159691117,6.179732572340451,7695.912262605395,6446.149656508846,1.1938773799386786,2.00825992293138,304.9764216568775,0.0,0.037037037037037035,0.046296296296296294,3.3395664767563686,15.617283950617283,0.9797979797979798,1334.3337451286657,81,0.1856086254119873
ring,50,3000000.0,11,10,exclude,launch,0,0.0,prior,0.0,rr_tour,12600.0,43200,1355296.2838013864,0,1253401.1339851299,101895.14981625632,0,5,0.8271942966523784,17,9.750155059805705,5.794734300404424,7871.664383040849,6732.040211376365,1.1692836251540286,2.050736012606386,331.21385045639005,0.0,0.0,0.0,1.444157244453512,1.6647058823529413,0.8260869565217391,1947.2031346310644,510,0.2211151123046875
ring,50,3000000.0,11,9,exclude,launch,0,0.0,prior,0.0,rr_tour,12600.0,43200,1171395.0997605007,0,1093339.4547358777,78055.64502462327,0,8,0.8647345538672792,16,9.693409585669638,5.82759832076324,7919.696655027925,6731.582559233198,1.1764984809055163,2.039309775079349,324.04944257264617,0.0,0.0,0.0,1.4561959137658917,2.1102362204724407,0.7227722772277227,1541.795403627586,508,0.28163576126098633
ring,50,3000000.0,9,9,exclude,launch,0,0.0,prior,0.0,rr_tour,12600.0,43200,141664.1400695931,0,131676.3177426673,9987.822326925785,0,0,0.0,0,9.693409585669638,5.787215114104224,7919.696655027925,6867.399033954644,1.1532308834640859,2.012927246039234,307.8064817305878,0.0,0.0,0.0,1.7303879411411909,4.542857142857143,0.9801980198019802,1040.5539160411831,350,0.30513811111450195
ring,50,3000000.0,7,9,exclude,launch,0,0.0,prior,0.0,rr_tour,12600.0,43200,126634.38374078326,0,119799.1825218911,6835.201218892179,0,0,0.0,0,9.693409585669638,5.997036476241746,7919.696655027925,6642.343022275554,1.1923046775013992,2.0083157631763173,305.01020348095165,0.0,0.0,0.013559322033898305,2.146195881886179,8.587155963302752,0.9519230769230769,877.4408837679978,218,0.3236398696899414
ring,50,3000000.0,8,9,exclude,launch,0,0.0,prior,0.0,rr_tour,12600.0,43200,125607.67204306913,0,118147.41862688556,7460.253416183574,0,0,0.0,0,9.693409585669638,5.707635267730281,7919.696655027925,6971.001954624255,1.136091584334494,2.0106596828310623,306.42989835005494,0.0,0.0,0.0,1.905794874963505,6.25,0.9801980198019802,924.5716143986715,280,0.31864213943481445
ring,50,3000000.0,12,10,exclude,launch,0,0.0,prior,0.0,rr_tour,12600.0,43200,3899539.4084731247,0,3688213.5228374857,211325.88563563864,0,26,0.9790261668734179,43,9.750155059805705,5.8926755681557275,7871.664383040849,6454.708776448031,1.2195227787445673,2.103297974280687,365.17992601556045,0.0,0.0,0.0012531328320802004,1.3496291547329955,1.2651006711409396,0.5217391304347826,2191.1258952870385,596,0.22612380981445312
ring,50,3000000.0,6,10,exclude,launch,0,0.0,prior,0.0,rr_tour,12600.0,43200,161884.25277157646,0,149947.03572055403,11937.217051022406,0,0,0.0,0,9.750155059805705,6.168083293273977,7871.664383040849,6457.435289945705,1.219007861417847,2.0085363432644545,305.14366670557115,0.0,0.0,0.039647577092511016,2.3104626584429444,9.476744186046512,0.946236559139785,1015.1317534521844,172,0.2726280689239502
ring,50,3000000.0,7,11,exclude,launch,0,0.0,prior,0.0,rr_tour,12600.0,43200,148388.22764636975,0,139957.43607776414,8430.791568605597,0,0,0.0,0,9.963576159691117,6.194746765053287,7695.912262605395,6430.453030298455,1.196791614267993,2.0082827551815603,304.9902343189555,0.0,0.0,0.033003300330033,2.034396749329812,8.004405286343612,0.979381443298969,908.1032227066703,227,0.19410467147827148
ring,50,3000000.0,4,12,exclude,launch,0,0.0,prior,0.0,rr_tour,12600.0,43200,250396.0534004494,0,224373.1426032046,26022.910797244822,0,0,0.0,0,9.862946229994707,6.036713943323543,7777.833262780507,6596.9493297178005,1.1790045480178368,2.0088441370921792,305.329947883579,0.0,0.0,0.03,3.6057713824447934,16.716216216216218,0.9142857142857143,1347.9539143565992,74,0.11605548858642578
ring,50,3000000.0,7,10,exclude,launch,0,0.0,prior,0.0,rr_tour,12600.0,43200,145738.5719281724,0,135983.03295635694,9755.538971815451,0,0,0.0,0,9.750155059805705,6.14974226891813,7871.664383040849,6477.068639304176,1.2153127937033092,2.008420161448961,305.0733666050246,0.0,0.0,0.03367003367003367,2.1091733090479985,8.040909090909091,0.946236559139785,944.6062836093901,220,0.3101522922515869
ring,50,3000000.0,5,11,exclude,launch,0,0.0,prior,0.0,rr_tour,12600.0,43200,193072.64146341712,0,179283.62557468933,13789.015888727808,0,0,0.0,0,9.963576159691117,6.092214619815966,7695.912262605395,6540.479363551311,1.1766587485151416,2.0077295580641437,304.6556586588463,0.0,0.0,0.03773584905660377,2.801458256983795,12.470588235294118,0.9387755102040817,1125.4439276010662,119,0.23112893104553223
ring,50,3000000.0,10,11,exclude,launch,0,0.0,prior,0.0,rr_tour,12600.0,43200,194262.81565093933,0,180790.7780239525,13472.037626986832,0,0,0.0,1,9.963576159691117,5.77675984858782,7695.912262605395,6853.628537125038,1.1228960281284341,2.0206221590645703,312.50087747208755,0.0,0.0,0.0,1.5700930262121868,3.1072261072261074,0.979381443298969,1243.4486269820252,429,0.1840822696685791
ring,50,3000000.0,9,10,exclude,launch,0,0.0,prior,0.0,rr_tour,12600.0,43200,146160.72566807017,0,135518.94791036253,10641.777757707652,0,0,0.0,0,9.750155059805705,5.924493855911947,7871.664383040849,6713.811925919959,1.1724582800198466,2.0112662332653484,306.79781836280574,0.0,0.0,0.0,1.755737474139267,4.921511627906977,0.9139784946236559,977.4520904136645,344,0.3255951404571533
ring,50,3000000.0,6,12,exclude,launch,0,0.0,prior,0.0,rr_tour,12600.0,43200,187184.4821089895,0,171275.49539517774,15908.986713811757,0,0,0.0,0,9.862946229994707,5.905979997954342,7777.833262780507,6743.554665966686,1.153372909102911,2.0086724951048853,305.2260607143345,0.0,0.0,0.017857142857142856,2.4217902942726215,9.818181818181818,0.9615384615384616,1013.0316005639089,165,0.17159461975097656
ring,50,3000000.0,6,11,exclude,launch,0,0.0,prior,0.0,rr_tour,12600.0,43200,164329.63853419034,0,152552.58732041722,11777.051213773117,0,0,0.0,0,9.963576159691117,6.039833452630717,7695.912262605395,6595.96164496602,1.1667612210084406,2.0081072412243293,304.88406294267844,0.0,0.0,0.034482758620689655,2.315751976307626,9.796511627906977,0.9693877551020408,974.8131323366327,172,0.2701537609100342
ring,50,3000000.0,12,11,exclude,launch,0,0.0,prior,0.0,rr_tour,12600.0,43200,4922768.707880889,0,4630621.057528278,292147.6503526121,0,27,0.9848781755960399,42,9.963576159691117,5.8825590196089435,7695.912262605395,6453.689417325851,1.1924825886328865,2.10724791416913,367.79938302956657,0.0,0.0,0.0,1.3470642726599753,1.1485809682804675,0.4845360824742268,2397.9049741234257,599,0.2046186923980713
ring,50,3000000.0,11,11,exclude,launch,0,0.0,prior,0.0,rr_tour,12600.0,43200,2170844.668807221,0,2070355.606869645,100489.06193757593,0,12,0.927967341822062,19,9.963576159691117,5.894502538019505,7695.912262605395,6671.643585013395,1.153525688916121,2.0342765402963345,320.91838854220657,0.0,0.0,0.0,1.436637523802632,1.8914728682170543,0.7525773195876289,1693.0862403963836,516,0.23913860321044922
ring,50,3000000.0,11,12,exclude,launch,0,0.0,prior,0.0,rr_tour,12600.0,43200,1664088.3117399034,0,1539306.4824241363,124781.82931576711,0,10,0.880285206284102,17,9.862946229994707,5.9156521316196375,7777.833262780507,6637.242326467447,1.1718471136370454,2.0375097021077337,322.92791459030354,0.0,0.0,0.0,1.4370052537349403,1.8167641325536061,0.7352941176470589,1764.5970267213331,513,0.15513134002685547
ring,50,3000000.0,5,12,exclude,launch,0,0.0,prior,0.0,rr_tour,12600.0,43200,210206.14310085052,0,191580.1872973292,18625.955803521338,0,0,0.0,0,9.862946229994707,6.273198641672298,7777.833262780507,6348.974551999658,1.225053463213334,2.008618049275106,305.1931107970561,0.0,0.0,0.055900621118012424,2.7411705343725514,11.983471074380166,0.9230769230769231,1148.8011036943024,121,0.2226564884185791
ring,50,3000000.0,8,11,exclude,launch,0,0.0,prior,0.0,rr_tour,12600.0,43200,144724.6084792362,0,133705.36102578792,11019.24745344826,0,0,0.0,0,9.963576159691117,5.85233784100662,7695.912262605395,6801.904995129062,1.131434835993232,2.009694464949933,305.8448737651594,0.0,0.0,0.0,1.8854340985063358,6.25,0.979381443298969,911.595289273594,288,0.30969905853271484
core,50,1500000.0,2,1,exclude,launch,0,0.0,prior,0.0,rr_tour,12600.0,43200,225371.18406530624,0,199030.81731557418,26340.36674973206,0,0,0.0,0,4.789315478557101,8.479512638575613,8018.590898655449,2344.0904729058557,3.4207685203870093,2.0124019511571234,307.4873132120252,0.0,0.0963855421686747,0.0,2.2673223957856536,22.05,0.9814814814814815,1252.2460050392076,60,0.18714308738708496
ring,50,3000000.0,12,12,exclude,launch,0,0.0,prior,0.0,rr_tour,12600.0,43200,5059384.215734125,0,4745777.877267742,313606.3384663832,0,27,0.9833542665637649,45,9.862946229994707,5.910823724132418,7777.833262780507,6443.017583945013,1.2071724407770739,2.1006449899312107,363.4258181582025,0.0,0.0,0.0,1.3481660883128033,1.1493288590604027,0.4215686274509804,2401.5195893453224,596,0.19914579391479492
ring,50,3000000.0,9,11,exclude,launch,0,0.0,prior,0.0,rr_tour,12600.0,43200,145493.08315992294,0,136093.25938208087,9399.823777842088,0,0,0.0,0,9.963576159691117,5.785277841988353,7695.912262605395,6869.988602874818,1.1202219839760668,2.012842294189837,307.75485386991954,0.0,0.0,0.0,1.714029163309725,4.994318181818182,0.9587628865979382,940.219416221938,352,0.3156883716583252
core,50,1500000.0,2,2,exclude,launch,0,0.0,prior,0.0,rr_tour,12600.0,43200,197236.41383302692,0,179552.87705463998,17683.53677838694,0,0,0.0,0,4.789315478557101,11.61396922314537,8018.590898655449,1711.2693827269914,4.685756070664592,2.012616089643343,307.6174035013724,0.0,0.10666666666666667,0.0,2.424983605021426,26.054545454545455,0.9259259259259259,1154.692206331842,55,0.13260865211486816
ring,50,3000000.0,10,12,exclude,launch,0,0.0,prior,0.0,rr_tour,12600.0,43200,241389.82110109448,0,214695.7488147333,26694.072286361188,0,0,0.0,2,9.862946229994707,5.805565616755144,7777.833262780507,6816.073914960084,1.1411016605482418,2.0216741480803337,313.14541945670277,0.0,0.0,0.0,1.5694831188122578,2.7845433255269323,0.9134615384615384,1390.4338066433613,427,0.24865388870239258
ring,50,3000000.0,7,12,exclude,launch,0,0.0,prior,0.0,rr_tour,12600.0,43200,166556.15099276608,0,155391.24726319333,11164.903729572736,0,0,0.0,0,9.862946229994707,6.162501117999728,7777.833262780507,6461.94535702268,1.203636495367104,2.0089526217755727,305.3956178963405,0.0,0.0,0.04377104377104377,2.072420845400051,7.828054298642534,0.9230769230769231,964.6557284961375,221,0.297666072845459
ring,50,3000000.0,9,12,exclude,launch,0,0.0,prior,0.0,rr_tour,12600.0,43200,174612.09365742706,0,161039.25545849738,13572.83819892969,0,0,0.0,0,9.862946229994707,5.814139198094317,7777.833262780507,6832.837502242778,1.1383020978074698,2.0137403365159305,308.30084096382967,0.0,0.0,0.0,1.7165631337622105,4.53954802259887,0.9134615384615384,1031.7185698415965,354,0.3056645393371582
ring,50,3000000.0,8,12,exclude,launch,0,0.0,prior,0.0,rr_tour,12600.0,43200,150977.42713026472,0,138372.89782067138,12604.529309593378,0,0,0.0,0,9.862946229994707,5.969579652024408,7777.833262780507,6671.558576184344,1.1658195268711666,2.0087178190803145,305.25349155904377,0.0,0.0,0.0055248618784530384,2.0023873325284827,7.007518796992481,0.9411764705882353,873.4393515581428,266,0.3111746311187744
core,50,1500000.0,3,1,exclude,launch,0,0.0,prior,0.0,rr_tour,12600.0,43200,137873.1642715194,0,125190.4564585222,12682.707812997192,0,0,0.0,0,4.789315478557101,9.08129513216249,8018.590898655449,2193.0704197853206,3.6563307891592407,2.0084435239209304,305.0875022814191,0.0,0.05517241379310345,0.0,1.904435549247496,19.349056603773583,0.9629629629629629,807.9940677441767,106,0.3021810054779053
core,50,1500000.0,4,2,exclude,launch,0,0.0,prior,0.0,rr_tour,12600.0,43200,97565.45754070795,0,90495.2940976118,7070.1634430961585,0,0,0.0,0,4.789315478557101,8.607180437081809,8018.590898655449,2314.550331761432,3.464427102154696,2.0078555001087626,304.7318127298451,0.0,0.04424778761061947,0.01327433628318584,1.5787210085334318,14.7396449704142,0.9809523809523809,657.4874524680584,169,0.24213385581970215
core,50,1500000.0,2,3,exclude,launch,0,0.0,prior,0.0,rr_tour,12600.0,43200,210824.8965992578,0,188030.35570019344,22794.540899064326,0,0,0.0,0,5.810765870883612,7.719374171991749,6550.440834961872,2574.3254563090986,2.544527079475596,2.0128640695705373,307.7680870280971,0.0,0.01282051282051282,0.02564102564102564,2.3719393379053395,26.892857142857142,0.9238095238095239,1075.3825396309164,56,0.20408129692077637
core,50,1500000.0,3,2,exclude,launch,0,0.0,prior,0.0,rr_tour,12600.0,43200,130707.29884458521,0,118746.6232374182,11960.675607167006,0,0,0.0,0,4.789315478557101,8.953121442626868,8018.590898655449,2223.337722308401,3.6065555035561903,2.009463302596356,305.7048477866226,0.0,0.0948905109489051,0.0072992700729927005,1.9853512338944044,19.742574257425744,0.9906542056074766,815.5305271128193,101,0.29319119453430176
core,50,1500000.0,4,1,exclude,launch,0,0.0,prior,0.0,rr_tour,12600.0,43200,101632.80603431248,0,95831.93261625127,5800.8734180612,0,0,0.0,0,4.789315478557101,9.0244559317877,8018.590898655449,2208.5613718873587,3.6306851150815174,2.0069173651822636,304.1647740916775,0.0,0.022321428571428572,0.013392857142857142,1.5866513685174664,15.307692307692308,0.9906542056074766,638.1852772594461,169,0.3736755847930908
core,50,1500000.0,5,1,exclude,launch,0,0.0,prior,0.0,rr_tour,12600.0,43200,301802.99936007423,0,274977.34131706855,26825.65804300566,0,1,0.7667276755594922,1,4.789315478557101,12.967162491555515,8018.590898655449,1538.3327470873933,5.212520447112285,2.005232584490405,303.1477646763775,0.0,0.005633802816901409,0.01971830985915493,1.2365656202330202,13.00374531835206,0.9439252336448598,476.3579630914379,267,0.3592054843902588
core,50,1500000.0,3,3,exclude,launch,0,0.0,prior,0.0,rr_tour,12600.0,43200,150312.38196904477,0,140795.87839280165,9516.503576243142,0,0,0.0,0,5.810765870883612,10.260023375466487,6550.440834961872,1941.1070891762904,3.3745901354373777,2.0084551836627593,305.094557236887,0.0,0.041379310344827586,0.013793103448275862,1.8568542782143982,19.425925925925927,0.9716981132075472,797.4314355262055,108,0.30014491081237793
core,50,1500000.0,6,1,exclude,launch,0,0.0,prior,0.0,rr_tour,12600.0,43200,293404.89870329574,0,265680.63447855343,27724.264224742317,0,1,0.7886736492775287,1,4.789315478557101,13.18053077719152,8018.590898655449,1513.852425279191,5.296811475647388,2.0046730448700814,302.81037812655615,0.0,0.006072874493927126,0.02834008097165992,1.062603098442162,10.826086956521738,0.9532710280373832,410.03279507943034,368,0.43625545501708984
core,50,1500000.0,2,4,exclude,launch,0,0.0,prior,0.0,rr_tour,12600.0,43200,278061.4627931896,0,240133.24332347346,37928.21946971618,0,0,0.0,0,5.258009724989983,11.718397980564893,7274.107902442663,1696.415850882495,4.28792733730859,2.0121457057417285,307.33167889542653,0.0,0.10126582278481013,0.012658227848101266,2.265242803730737,22.508474576271187,0.9369369369369369,1228.6623493253333,59,0.19713425636291504
core,50,1500000.0,2,5,exclude,launch,0,0.0,prior,0.0,rr_tour,12600.0,43200,215612.02012761383,0,186569.91798203407,29042.102145579785,0,0,0.0,0,5.537141230626804,8.652105998073422,6890.610997136995,2296.6764874451665,3.0002532071036887,2.0129747887649025,307.8353768019897,0.0,0.012345679012345678,0.024691358024691357,2.2562645065469,25.283333333333335,0.944,1120.8808381155955,60,0.1411116123199463
core,50,1500000.0,4,3,exclude,launch,0,0.0,prior,0.0,rr_tour,12600.0,43200,116713.91719845566,0,108247.59906602836,8466.318132427301,0,0,0.0,0,5.810765870883612,9.879757365100858,6550.440834961872,2017.2998177137624,3.2471330128734106,2.006981009320012,304.20322593934486,0.0,0.01680672268907563,0.01680672268907563,1.4847101562234124,14.603351955307263,1.0,629.4505525605618,179,0.374713659286499
core,50,1500000.0,3,4,exclude,launch,0,0.0,prior,0.0,rr_tour,12600.0,43200,162467.19835802107,0,150255.67790677657,12211.52045124452,0,0,0.0,0,5.258009724989983,8.598988808124352,7274.107902442663,2315.536711473225,3.1414349279803138,2.0089121099987857,305.37109371066043,0.0,0.030534351145038167,0.015267175572519083,2.0955760419658382,20.587628865979383,0.9464285714285714,840.0442869565347,97,0.27068543434143066
core,50,1500000.0,5,2,exclude,launch,0,0.0,prior,0.0,rr_tour,12600.0,43200,138710.9556457377,0,133447.55057814464,5263.405067593084,0,1,0.528805709423048,1,4.789315478557101,12.51812091250028,8018.590898655449,1592.9951378769533,5.0336568568201265,2.0058867008780785,303.54241650101557,0.0,0.005698005698005698,0.03133903133903134,1.2651470678446384,13.36923076923077,0.9532710280373832,473.61426093957857,260,0.523775577545166
core,50,1500000.0,5,3,exclude,launch,0,0.0,prior,0.0,rr_tour,12600.0,43200,94292.02006485201,0,89346.08419123401,4945.935873618011,0,0,0.0,0,5.810765870883612,11.030612995683638,6550.440834961872,1807.7627985151216,3.623506823097775,2.005944433948101,303.5772612573494,0.0,0.002840909090909091,0.045454545454545456,1.2209721241430516,11.845283018867924,0.9904761904761905,524.4569690460386,265,0.47472357749938965
core,50,1500000.0,5,4,exclude,launch,0,0.0,prior,0.0,rr_tour,12600.0,43200,100119.02479336204,0,93789.18607662203,6329.8387167400015,0,0,0.0,0,5.258009724989983,9.91622718168527,7274.107902442663,2010.8592298696776,3.6174127926966286,2.0060042763359514,303.6133812018662,0.0,0.0,0.011834319526627219,1.334028232682828,12.424,0.9459459459459459,529.0366110692155,250,0.3141460418701172
core,50,1500000.0,4,4,exclude,launch,0,0.0,prior,0.0,rr_tour,12600.0,43200,132339.0591071906,0,121683.02261268938,10656.03649450122,0,0,0.0,0,5.258009724989983,8.95867891089064,7274.107902442663,2224.4095081248015,3.270129837097669,2.007249125053689,304.3652399764267,0.0,0.0,0.008733624454148471,1.599743047587491,14.562874251497005,0.9285714285714286,679.6292699658052,167,0.3686802387237549
core,50,1500000.0,7,3,exclude,launch,0,0.0,prior,0.0,rr_tour,12600.0,43200,228265.11031427426,0,225497.95030709705,2767.160007177228,0,1,0.7329795505015334,1,5.810765870883612,13.200204007858735,6550.440834961872,1511.8955343844525,4.332601483361609,2.004276174081385,302.57119014826327,0.0,0.001579778830963665,0.02843601895734597,0.9438785146989325,9.537344398340249,0.9714285714285714,354.17919093528263,482,0.4972219467163086
core,50,1500000.0,8,2,exclude,launch,0,0.0,prior,0.0,rr_tour,12600.0,43200,115621.67276764783,0,111558.14060608474,4063.5321615630846,0,1,0.6345770858848293,1,4.789315478557101,12.18167265468168,8018.590898655449,1638.2115928333576,4.894722350723297,2.004393895698643,302.6421293150091,0.0,0.0,0.01125,0.8813840083579986,8.466666666666667,0.9532710280373832,320.3099271612186,600,0.5627410411834717
core,50,1500000.0,4,5,exclude,launch,0,0.0,prior,0.0,rr_tour,12600.0,43200,113822.41069923723,0,106666.48577115739,7155.924928079837,0,0,0.0,0,5.537141230626804,9.792298971626627,6890.610997136995,2035.185554603538,3.385740912690053,2.007110649766118,304.28155826169973,0.0,0.017241379310344827,0.01293103448275862,1.5363333885266923,15.346820809248555,0.9435483870967742,617.8116517234453,173,0.25458788871765137
core,50,1500000.0,6,2,exclude,launch,0,0.0,prior,0.0,rr_tour,12600.0,43200,130330.63210510471,0,125200.06797117981,5130.564133924908,0,1,0.5629601184953994,1,4.789315478557101,12.928810870055202,8018.590898655449,1542.9805760082286,5.196819080768964,2.005122683081704,303.08148241360914,0.0,0.00205761316872428,0.02263374485596708,1.0970137908158768,11.041551246537397,0.9532710280373832,412.9399751158905,361,0.6282975673675537
core,50,1500000.0,3,5,exclude,launch,0,0.0,prior,0.0,rr_tour,12600.0,43200,156535.25593821701,0,140023.95287040144,16511.303067815592,0,0,0.0,0,5.537141230626804,9.836045525051171,6890.610997136995,2024.5203941123114,3.4035769741693866,2.00871029382655,305.2489370614934,0.0,0.07746478873239436,0.007042253521126761,1.9092648085460704,19.692307692307693,0.959349593495935,801.0760916684987,104,0.301100492477417
core,50,1500000.0,6,3,exclude,launch,0,0.0,prior,0.0,rr_tour,12600.0,43200,75300.3827383507,0,73211.29267893605,2089.0900594146624,0,0,0.0,1,5.810765870883612,8.392817747421738,6550.440834961872,2375.7621454124233,2.757195558322502,2.0060845851760334,303.6618577586492,0.0,0.002070393374741201,0.016563146997929608,1.0877197154921208,10.263736263736265,0.9714285714285714,435.5779140255791,364,0.580742597579956
core,50,1500000.0,7,1,exclude,launch,0,0.0,prior,0.0,rr_tour,12600.0,43200,283837.67961142457,0,258209.7035016202,25627.976109804382,0,1,0.8152572008516329,1,4.789315478557101,12.609555052699552,8018.590898655449,1582.698543950461,5.066404420036184,2.0042967691460065,302.58360015513205,0.0,0.009316770186335404,0.024844720496894408,0.9451689892705528,9.154639175257731,0.9439252336448598,369.3763761689038,485,0.7238507270812988
core,50,1500000.0,3,6,exclude,launch,0,0.0,prior,0.0,rr_tour,12600.0,43200,136545.99275480353,0,127915.18157563882,8630.81117916471,0,0,0.0,0,4.998140959091332,8.640348010395149,7669.642238462474,2303.652784780005,3.3293395120718734,2.00960977755118,305.79357087808313,0.0,0.03597122302158273,0.007194244604316547,1.9173152093283552,18.807692307692307,0.9072164948453608,850.3278184646189,104,0.1826162338256836
core,50,1500000.0,2,6,exclude,launch,0,0.0,prior,0.0,rr_tour,12600.0,43200,194182.77341133903,0,179328.343686828,14854.429724511027,0,0,0.0,0,4.998140959091332,9.960888758369842,7669.642238462474,1995.1601642443047,3.844123582613459,2.0127235880302257,307.6827197258442,0.0,0.0821917808219178,0.0,2.5885858177636316,27.25,0.967741935483871,1139.3232495331124,52,0.18411612510681152
core,50,1500000.0,7,2,exclude,launch,0,0.0,prior,0.0,rr_tour,12600.0,43200,121845.07333603273,0,117435.15602899344,4409.917307039287,0,1,0.6021658161122291,1,4.789315478557101,12.65258446890229,8018.590898655449,1577.0843990317187,5.084439934589814,2.004591157893184,302.7610183551504,0.0,0.006349206349206349,0.012698412698412698,0.9917510646959574,9.691648822269807,0.9716981132075472,362.01450931418555,467,0.7303900718688965
core,50,1500000.0,8,1,exclude,launch,0,0.0,prior,0.0,rr_tour,12600.0,43200,277143.25492750277,0,251609.65578888587,25533.59913861693,0,1,0.8349498249082928,1,4.789315478557101,12.557189727939752,8018.590898655449,1589.6382349751684,5.044286632159868,2.003868576960575,302.3256359426549,0.0,0.0012239902080783353,0.009791921664626682,0.871919628546238,8.188216039279869,0.9345794392523364,326.1287782407187,611,0.8424508571624756
core,50,1500000.0,6,4,exclude,launch,0,0.0,prior,0.0,rr_tour,12600.0,43200,224609.45473299525,0,213757.7058483351,10851.748884660139,0,1,0.659741499388043,1,5.258009724989983,12.828618429134321,7274.107902442663,1555.3074734442575,4.6769581106262,2.004766722127632,302.8668497685318,0.0,0.0,0.026200873362445413,1.1392007538682032,11.28695652173913,0.9541284403669725,422.3606682723269,345,0.6028480529785156
core,50,1500000.0,6,5,exclude,launch,0,0.0,prior,0.0,rr_tour,12600.0,43200,117800.52228539415,0,108152.27100189256,9648.251283501591,0,1,0.42735992292425845,1,5.537141230626804,14.322349036718002,6890.610997136995,1393.209470123152,4.945854263054861,2.0046073582437565,302.7707832712496,0.0,0.006160164271047228,0.028747433264887063,1.082603531763612,11.355371900826446,0.943089430894309,394.7850621358476,363,0.4256467819213867
core,50,1500000.0,5,5,exclude,launch,0,0.0,prior,0.0,rr_tour,12600.0,43200,94355.60168865789,0,88067.47146156835,6288.130227089532,0,0,0.0,0,5.537141230626804,11.170342291946199,6890.610997136995,1785.0744130991563,3.860125351958781,2.0060288980955034,303.62824314097594,0.0,0.022222222222222223,0.027777777777777776,1.2083372734071178,11.985239852398523,0.967741935483871,504.1039499720272,271,0.5047047138214111
core,50,1500000.0,2,7,exclude,launch,0,0.0,prior,0.0,rr_tour,12600.0,43200,189444.59214902818,0,169107.57293908464,20337.019209943566,0,0,0.0,0,5.781865362986433,9.046811983379387,6584.84920617487,2196.4314638585647,2.997976178417598,2.0130138843527545,307.8591389674368,0.0,0.012987012987012988,0.03896103896103896,2.384586564993334,27.767857142857142,0.9411764705882353,1071.0261823516535,56,0.22061443328857422
core,50,1500000.0,5,6,exclude,launch,0,0.0,prior,0.0,rr_tour,12600.0,43200,81462.91512636514,0,78363.75564747605,3099.1594788890993,0,0,0.0,1,4.998140959091332,6.773300288827095,7669.642238462474,2941.3635568778473,2.6075124989321368,2.007756099408942,304.6717067687778,0.0,0.0,0.01529051987767584,1.3739132185113154,12.329218106995885,0.9680851063829787,547.9712390081592,243,0.29763317108154297
core,50,1500000.0,4,6,exclude,launch,0,0.0,prior,0.0,rr_tour,12600.0,43200,104770.56002688615,0,98999.37148857392,5771.188538312221,0,0,0.0,0,4.998140959091332,9.217055960957719,7669.642238462474,2161.7291773324414,3.547920025729938,2.0075505179602935,304.54741387261663,0.0,0.03524229074889868,0.00881057268722467,1.568154946440149,14.882352941176471,0.968421052631579,652.8372440188227,170,0.37215161323547363
core,50,1500000.0,8,3,exclude,launch,0,0.0,prior,0.0,rr_tour,12600.0,43200,220857.24233749576,0,218867.77226980808,1989.4700676876826,0,1,0.7575647335923236,1,5.810765870883612,12.894162066506984,6550.440834961872,1548.0441579022956,4.231430222144413,2.003934499134673,302.365343565836,0.0,0.0,0.020075282308657464,0.8725574692579707,8.513333333333334,0.9904761904761905,319.40402154238234,600,0.8303673267364502
core,50,1500000.0,3,7,exclude,launch,0,0.0,prior,0.0,rr_tour,12600.0,43200,134358.00332903813,0,128019.23341533671,6338.769913701408,0,0,0.0,0,5.781865362986433,10.07665246224741,6584.84920617487,1975.7140624834608,3.332895853308729,2.009183579073815,305.5354488816703,0.0,0.041379310344827586,0.020689655172413793,1.846812376608973,19.598130841121495,0.95,791.1615369507099,107,0.3016331195831299
core,50,1500000.0,2,8,exclude,launch,0,0.0,prior,0.0,rr_tour,12600.0,43200,220623.65870026746,0,200732.27706271765,19891.381637549814,0,0,0.0,0,5.526537023394481,9.959675961605193,6904.472155108215,1995.435916593715,3.4601322436324646,2.0126905035720517,307.66261680750483,0.0,0.03571428571428571,0.011904761904761904,2.100043070719305,22.523809523809526,0.978494623655914,1142.645078342646,63,0.13201904296875
core,50,1500000.0,7,4,exclude,launch,0,0.0,prior,0.0,rr_tour,12600.0,43200,213041.24656286207,0,203247.29062378625,9793.955939075824,0,1,0.6955656748776697,1,5.258009724989983,12.609858479750647,7274.107902442663,1582.665357290478,4.596112418165221,2.00429056715561,302.5798629833211,0.0,0.0,0.017828200972447326,1.0066603240057446,9.734913793103448,0.9724770642201835,363.8637813600688,464,0.7382898330688477
core,50,1500000.0,6,6,exclude,launch,0,0.0,prior,0.0,rr_tour,12600.0,43200,307286.27225843957,0,293701.21315481217,13585.05910362745,0,1,0.7934501469033487,1,4.998140959091332,13.479993786167201,7669.642238462474,1480.016952493684,5.182131343522705,2.004950290130192,302.9775256898272,0.0,0.006369426751592357,0.029723991507430998,1.1118795225576839,10.974576271186441,0.9680851063829787,421.90653953558393,354,0.40814924240112305
core,50,1500000.0,4,7,exclude,launch,0,0.0,prior,0.0,rr_tour,12600.0,43200,109628.11962993635,0,102565.37376881405,7062.745861122304,0,0,0.0,0,5.781865362986433,10.309901888934416,6584.84920617487,1932.9538280990619,3.4066251922068176,2.007169174386946,304.31692375058486,0.0,0.04184100418410042,0.016736401673640166,1.5265055512242711,15.142045454545455,0.97,619.8299923218116,176,0.38314294815063477
core,50,1500000.0,5,7,exclude,launch,0,0.0,prior,0.0,rr_tour,12600.0,43200,84945.2032102485,0,80741.03809219615,4204.165118052342,0,0,0.0,0,5.781865362986433,9.4495435803598,6584.84920617487,2109.5066624539377,3.121511452594739,2.0066344210162876,303.993857272439,0.0,0.017241379310344827,0.031609195402298854,1.267159131418094,12.310077519379846,0.9696969696969697,514.8162415761363,258,0.31754612922668457
core,50,1500000.0,8,4,exclude,launch,0,0.0,prior,0.0,rr_tour,12600.0,43200,205859.34992134318,0,196696.8291997877,9162.520721555504,0,1,0.7198321499552759,1,5.258009724989983,12.79438903661182,7274.107902442663,1560.0358790613586,4.662782439862436,2.0040375396633276,302.42741431595664,0.0,0.0,0.0125,0.8729558785833328,8.202970297029703,0.981651376146789,328.9824484638597,606,0.8157908916473389
core,50,1500000.0,7,6,exclude,launch,0,0.0,prior,0.0,rr_tour,12600.0,43200,297802.33535297925,0,284953.87783503724,12848.457517941957,0,1,0.818718689952013,1,4.998140959091332,13.59209394403274,7669.642238462474,1468.163877353813,5.223968765861528,2.0044678238558005,302.68668274848227,0.0,0.0064,0.0224,0.9761614758637669,9.491452991452991,0.967741935483871,368.45381296925547,468,0.47964978218078613
core,50,1500000.0,9,3,exclude,launch,0,0.0,prior,0.0,rr_tour,12600.0,43200,214515.3164010868,0,213172.98681153613,1342.3295895506703,0,1,0.779961360150654,1,5.810765870883612,12.544793217279706,6550.440834961872,1591.3077057131225,4.1163885598268894,2.0037443857890334,302.2508376009011,0.0,0.0,0.013013013013013013,0.7931000636827639,7.540214477211796,0.9809523809523809,290.44424731715964,746,0.983872652053833
core,50,1500000.0,7,5,exclude,launch,0,0.0,prior,0.0,rr_tour,12600.0,43200,110776.05262339725,0,100913.80657975409,9862.246043643154,0,1,0.4544594335336505,1,5.537141230626804,14.188417369195426,6890.610997136995,1406.6280519177271,4.89867309822428,2.0042263236906153,302.5411527579505,0.0,0.0015822784810126582,0.02689873417721519,0.9621068150163852,9.75583864118896,0.943089430894309,356.10158259429437,471,0.7191805839538574
core,50,1500000.0,3,8,exclude,launch,0,0.0,prior,0.0,rr_tour,12600.0,43200,148571.3459732154,0,139506.83108886634,9064.51488434907,0,0,0.0,0,5.526537023394481,10.445300973578137,6904.472155108215,1906.4883853312028,3.6215652863307333,2.0086527752565138,305.2141263098,0.0,0.05,0.03571428571428571,1.9104537132623018,19.980582524271846,0.967741935483871,803.4016476319637,103,0.2985374927520752
core,50,1500000.0,2,9,exclude,launch,0,0.0,prior,0.0,rr_tour,12600.0,43200,205894.32638005682,0,182665.81836381878,23228.50801623807,0,0,0.0,0,5.246536392218966,7.223995224335146,7290.744155068959,2750.172523448386,2.651013379308743,2.013365406580613,308.07283417628724,0.0,0.05555555555555555,0.0,2.5233228510324808,25.11320754716981,0.9603960396039604,1217.3757988590173,53,0.19701910018920898
core,50,1500000.0,3,9,exclude,launch,0,0.0,prior,0.0,rr_tour,12600.0,43200,133329.31524539177,0,123339.34310828499,9989.972137106779,0,0,0.0,0,5.246536392218966,8.366832291201861,7290.744155068959,2379.6196078186285,3.0638275676978073,2.009052975988272,305.4563725052363,0.0,0.051470588235294115,0.0,2.0084175599401877,20.326732673267326,0.9326923076923077,802.2890553984311,101,0.19351935386657715
core,50,1500000.0,5,8,exclude,launch,0,0.0,prior,0.0,rr_tour,12600.0,43200,88784.57467319041,0,85514.2258011227,3270.3488720677165,0,0,0.0,0,5.526537023394481,10.31459485419755,6904.472155108215,1933.1381166626807,3.57163934412918,2.0060646875625396,303.649846668093,0.0,0.008426966292134831,0.016853932584269662,1.2201929326870036,12.088888888888889,1.0,501.2046456843684,270,0.3285367488861084
core,50,1500000.0,4,8,exclude,launch,0,0.0,prior,0.0,rr_tour,12600.0,43200,123805.89189550892,0,110968.26269044436,12837.629205064555,0,0,0.0,0,5.526537023394481,9.364681870208141,6904.472155108215,2127.7964585285886,3.2448931510501655,2.007413688024497,304.46470164573566,0.0,0.028688524590163935,0.020491803278688523,1.4476318917617261,13.978260869565217,0.989247311827957,638.3365872151983,184,0.38304567337036133
core,50,1500000.0,8,5,exclude,launch,0,0.0,prior,0.0,rr_tour,12600.0,43200,101741.79042752873,0,93471.95735012766,8269.833077401048,0,1,0.49481360523316986,1,5.537141230626804,13.523667458972412,6890.610997136995,1476.0092298667241,4.668406441983551,2.003901798083632,302.34564605866495,0.0,0.0,0.016069221260815822,0.8633017684985896,8.415711947626841,0.959349593495935,318.64457243935766,611,0.84018874168396
core,50,1500000.0,6,7,exclude,launch,0,0.0,prior,0.0,rr_tour,12600.0,43200,72575.21869392827,0,69801.95684561408,2773.2618483141814,0,0,0.0,1,5.781865362986433,8.73087517131537,6584.84920617487,2283.260890090366,2.883967064278081,2.0065347001258287,303.93363076721766,0.0,0.0,0.022448979591836733,1.0624152108125666,9.816216216216215,0.9896907216494846,449.9310017038419,370,0.557063102722168
core,50,1500000.0,5,9,exclude,launch,0,0.0,prior,0.0,rr_tour,12600.0,43200,81510.73110945718,0,78267.1314578645,3243.5996515926704,0,0,0.0,0,5.246536392218966,7.314145296210649,7290.744155068959,2724.303792095118,2.676186178730836,2.0074321394565833,304.47585468302054,0.0,0.0,0.017543859649122806,1.2876209686334497,12.167315175097276,0.9900990099009901,518.9994813903928,257,0.31302595138549805
core,50,1500000.0,2,10,exclude,launch,0,0.0,prior,0.0,rr_tour,12600.0,43200,204671.7406702848,0,183269.2877575879,21402.45291269692,0,0,0.0,0,5.753442760502199,10.053656499168849,6619.025743670595,1976.3840523653812,3.3490584665206113,2.0130965647856414,307.9093948741401,0.0,0.0,0.024096385542168676,2.291785251223035,26.54237288135593,0.946236559139785,1055.8352304320365,59,0.2155170440673828
core,50,1500000.0,4,9,exclude,launch,0,0.0,prior,0.0,rr_tour,12600.0,43200,110145.43254015195,0,102835.31106485258,7310.121475299367,0,0,0.0,0,5.246536392218966,8.162092054220896,7290.744155068959,2440.9791788865828,2.9868112838203422,2.0076797000457085,304.6255133652627,0.0,0.004484304932735426,0.02242152466367713,1.6158402338748226,14.418181818181818,0.9611650485436893,698.9286132869184,165,0.3610351085662842
core,50,1500000.0,3,10,exclude,launch,0,0.0,prior,0.0,rr_tour,12600.0,43200,149941.64087901675,0,136853.06664917758,13088.574229839167,0,0,0.0,0,5.753442760502199,9.577596418477754,6619.025743670595,2078.7574452313947,3.1841260551366566,2.009091151288943,305.47948548289344,0.0,0.06428571428571428,0.02857142857142857,1.9366516116472567,19.846153846153847,0.9354838709677419,804.3626727273833,104,0.306535005569458
core,50,1500000.0,8,6,exclude,launch,0,0.0,prior,0.0,rr_tour,12600.0,43200,289376.80947714736,0,277004.3752960886,12372.434181058807,0,1,0.8425565901613717,1,4.998140959091332,13.169313636428916,7669.642238462474,1515.566200540519,5.060578835637226,2.004111772825536,302.4721356980524,0.0,0.0,0.0112079701120797,0.8839410827836965,8.46843853820598,0.9468085106382979,322.23537674634923,602,0.8541867733001709
core,50,1500000.0,2,11,exclude,launch,0,0.0,prior,0.0,rr_tour,12600.0,43200,273332.86541130644,0,238206.78603837197,35126.07937293449,0,0,0.0,0,4.7893154785571,8.937209296567392,8018.59089865545,2224.317221823266,3.604967322099244,2.0121545651907935,307.3370591509692,0.0,0.10526315789473684,0.0,2.3958994460261898,22.017857142857142,0.9494949494949495,1359.1705461266956,56,0.12201762199401855
core,50,1500000.0,7,7,exclude,launch,0,0.0,prior,0.0,rr_tour,12600.0,43200,177087.15507838913,0,171361.66223551173,5725.492842877376,0,1,0.6916297866783969,1,5.781865362986433,13.638693525869739,6584.84920617487,1463.1726048055666,4.500391262485328,2.004433533130413,302.6660167430532,0.0,0.0015527950310559005,0.020186335403726708,0.9558688405908399,9.82815734989648,0.979381443298969,344.1657186501322,483,0.7545888423919678
core,50,1500000.0,5,10,exclude,launch,0,0.0,prior,0.0,rr_tour,12600.0,43200,92640.0712182717,0,87828.54610626542,4811.5251120062785,0,0,0.0,0,5.753442760502199,10.681722385692698,6619.025743670595,1866.6183611397298,3.545998411603063,2.006148933373996,303.7007028388889,0.0,0.01483679525222552,0.03560830860534125,1.3077166920588268,12.49402390438247,0.967741935483871,526.6005031144562,251,0.3180391788482666
core,50,1500000.0,9,5,exclude,launch,0,0.0,prior,0.0,rr_tour,12600.0,43200,97155.01678835021,0,88713.94351624114,8441.073272109075,0,1,0.5181741899545405,1,5.537141230626804,14.26657645648382,6890.610997136995,1399.3150999286001,4.924274023405156,2.003663110940725,302.20189207896425,0.0,0.0,0.02551521099116781,0.7657662012515948,7.487549148099607,0.959349593495935,284.7406886220993,763,1.0207226276397705
core,50,1500000.0,6,8,exclude,launch,0,0.0,prior,0.0,rr_tour,12600.0,43200,289527.1664725499,0,277626.611387934,11900.555084615902,0,1,0.7616767432739806,1,5.526537023394481,12.974244979579412,6904.472155108215,1537.88287229675,4.489595585908786,2.0047242193194026,302.8412270660949,0.0,0.010245901639344262,0.02663934426229508,1.0867881719648478,10.741046831955924,0.989247311827957,422.0705473196288,363,0.637563943862915
core,50,1500000.0,7,9,exclude,launch,0,0.0,prior,0.0,rr_tour,12600.0,43200,283565.3156036278,0,268791.44127023866,14773.874333389138,0,1,0.8104343757502844,1,5.246536392218966,11.735845118406912,7290.744155068959,1700.2238006719574,4.288108513824787,2.004654487846559,302.79919198506957,0.0,0.0016025641025641025,0.02403846153846154,0.9782328001656592,9.354700854700855,0.9900990099009901,373.65328436895743,468,0.47205376625061035
core,50,1500000.0,4,10,exclude,launch,0,0.0,prior,0.0,rr_tour,12600.0,43200,116988.48148763088,0,107800.02669946013,9188.454788170755,0,0,0.0,0,5.753442760502199,9.765370764349592,6619.025743670595,2040.6258992724859,3.243625274985669,2.00727955006208,304.38362759197963,0.0,0.004484304932735426,0.013452914798206279,1.600490402577312,15.121212121212121,0.967741935483871,659.27476929895,165,0.3830451965332031
core,50,1500000.0,6,10,exclude,launch,0,0.0,prior,0.0,rr_tour,12600.0,43200,77640.34442009467,0,73872.25139102577,3768.093029068907,0,0,0.0,1,5.753442760502199,8.353194375145861,6619.025743670595,2386.584541183874,2.7734302428638054,2.0064603443113147,303.88872740137504,0.0,0.008264462809917356,0.012396694214876033,1.0997098280194022,9.781767955801104,0.967032967032967,464.1617665729827,362,0.38105082511901855
core,50,1500000.0,9,8,exclude,launch,0,0.0,prior,0.0,rr_tour,12600.0,43200,266605.31945487886,0,255449.05749522863,11156.261959650237,0,1,0.8271632002656923,1,5.526537023394481,12.613585024811167,6904.472155108215,1582.4755717391215,4.363082930575847,2.003938724146271,302.3678885521328,0.0,0.0,0.015503875968992248,0.7556929803837411,7.14377406931964,0.989247311827957,293.92124744769467,779,0.6535823345184326
core,50,1500000.0,2,12,exclude,launch,0,0.0,prior,0.0,rr_tour,12600.0,43200,249590.7833387253,0,217266.91907899518,32323.864259730122,0,0,0.0,0,5.470710591405869,7.9614104476215894,6978.331089719389,2495.090801322758,2.796824502747502,2.013648309553914,308.2448686384524,0.0,0.0684931506849315,0.0136986301369863,2.500150300390456,26.703703703703702,0.8942307692307693,1128.2644318334226,54,0.13652420043945312
core,50,1500000.0,8,7,exclude,launch,0,0.0,prior,0.0,rr_tour,12600.0,43200,171433.24750087335,0,166018.78969535674,5414.457805516593,0,1,0.7144398946868566,1,5.781865362986433,14.27179770281465,6584.84920617487,1398.5519413754332,4.708333678117719,2.0040230377521193,302.4186781010981,0.0,0.0,0.017985611510791366,0.8420102750089667,8.455271565495208,0.979381443298969,308.58297437460476,626,0.866614818572998
core,50,1500000.0,3,11,exclude,launch,0,0.0,prior,0.0,rr_tour,12600.0,43200,164134.66269295255,0,148644.9881567198,15489.674536232733,0,0,0.0,0,4.7893154785571,9.497729320911436,8018.59089865545,2096.8329271972975,3.8241439242245145,2.0085209922698004,305.13437755465867,0.0,0.0763888888888889,0.006944444444444444,1.9162917741905294,19.123809523809523,0.9690721649484536,825.98272885977,105,0.29004502296447754
core,50,1500000.0,7,8,exclude,launch,0,0.0,prior,0.0,rr_tour,12600.0,43200,278550.1164040238,0,266449.04340381257,12101.073000211158,0,1,0.7916927556701938,1,5.526537023394481,12.742129034892342,6904.472155108215,1566.2272600423212,4.408346305325862,2.0043022502709436,302.58690296978443,0.0,0.004665629860031105,0.013996889580093312,0.9601387618691045,9.457380457380458,0.978494623655914,361.97368153680543,481,0.7450828552246094
core,50,1500000.0,6,9,exclude,launch,0,0.0,prior,0.0,rr_tour,12600.0,43200,290686.3757520956,0,276229.47516733204,14456.90058476353,0,1,0.7905808414345721,1,5.246536392218966,12.485667550620406,7290.744155068959,1597.8770118195912,4.562769287710438,2.004956135644944,302.9810503711259,0.0,0.0041841004184100415,0.027196652719665274,1.0966953992784652,11.005571030640668,0.9702970297029703,413.06693748763445,359,0.6130721569061279
core,50,1500000.0,4,11,exclude,launch,0,0.0,prior,0.0,rr_tour,12600.0,43200,115345.41015230995,0,110220.91618528118,5124.49396702876,0,0,0.0,0,4.7893154785571,7.861313614724922,8018.59089865545,2534.597589577142,3.163654432415532,2.0075013763116036,304.5177069809327,0.0,0.0,0.013157894736842105,1.5445567469049803,14.56140350877193,1.0,650.9265398938841,171,0.371138334274292
core,50,1500000.0,8,8,exclude,launch,0,0.0,prior,0.0,rr_tour,12600.0,43200,270963.30318046454,0,259952.40914840705,11010.894032057482,0,1,0.8138596874916375,1,5.526537023394481,12.25457841590002,6904.472155108215,1628.8095449894304,4.238968378069653,2.003970437205,302.38699163447967,0.0,0.0,0.007416563658838072,0.8897047134065398,8.455906821963394,0.978494623655914,322.5364026992985,601,0.8416922092437744
core,50,1500000.0,9,7,exclude,launch,0,0.0,prior,0.0,rr_tour,12600.0,43200,166074.28176010275,0,161021.1389397041,5053.14282039867,0,1,0.7374937888773964,1,5.781865362986433,13.394985491781433,6584.84920617487,1490.2328312450259,4.418671410341638,2.0038426534444587,302.3100218623235,0.0,0.0,0.00983284169124877,0.7839248569664227,7.532722513089006,0.979381443298969,284.26462778900634,764,0.9702143669128418
core,50,1500000.0,3,12,exclude,launch,0,0.0,prior,0.0,rr_tour,12600.0,43200,175066.48420221667,0,161706.2715393522,13360.212662864476,0,0,0.0,0,5.470710591405869,11.682956580163712,6978.331089719389,1704.343392340199,4.094439607113204,2.008862110225602,305.34082723465644,0.0,0.08888888888888889,0.022222222222222223,1.9717396966725411,19.584158415841586,0.9711538461538461,836.3077162534862,101,0.28463006019592285
core,50,1500000.0,5,12,exclude,launch,0,0.0,prior,0.0,rr_tour,12600.0,43200,102792.8131457086,0,97189.99120755968,5602.821938148914,0,0,0.0,0,5.470710591405869,8.662386047260453,6978.331089719389,2301.061059012931,3.0326579394259237,2.006754815827591,304.06657775761414,0.0,0.0029940119760479044,0.005988023952095809,1.3420953961287205,12.136546184738956,0.9509803921568627,543.6839179100211,249,0.3041365146636963
core,50,1500000.0,4,12,exclude,launch,0,0.0,prior,0.0,rr_tour,12600.0,43200,131853.75660367036,0,123264.79697301524,8588.959630655105,0,0,0.0,0,5.470710591405869,9.170581618713666,6978.331089719389,2172.618824238347,3.211944503042671,2.0076110286709747,304.5839955298139,0.0,0.05855855855855856,0.018018018018018018,1.6085963083692882,15.210843373493976,0.9423076923076923,654.7854091238302,166,0.37665486335754395
core,50,1500000.0,8,9,exclude,launch,0,0.0,prior,0.0,rr_tour,12600.0,43200,276713.8557749967,0,262753.27832441375,13960.57745058289,0,1,0.8305008034094394,1,5.246536392218966,11.232444646418637,7290.744155068959,1776.5716556222721,4.103827803396571,2.004485760290173,302.69749278771786,0.0,0.0012437810945273632,0.01990049751243781,0.8711032096590994,8.1578073089701,0.9900990099009901,333.4767774962843,602,0.8352007865905762
core,50,1500000.0,7,11,exclude,launch,0,0.0,prior,0.0,rr_tour,12600.0,43200,348844.0381378121,0,307143.86570503376,41700.172432778316,0,1,0.8306722804015764,1,4.7893154785571,13.363122092472526,8018.59089865545,1493.5677164902281,5.368749478261712,2.0041357597222698,302.48658718590605,0.0,0.0,0.01892744479495268,0.9682021874949766,9.658227848101266,0.96875,356.19168929027546,474,0.4891645908355713
core,50,1500000.0,7,10,exclude,launch,0,0.0,prior,0.0,rr_tour,12600.0,43200,264209.4772046763,0,262235.62392972084,1973.8532749554706,0,1,0.7788568830860196,1,5.753442760502199,14.256005857600849,6619.025743670595,1399.8959379094922,4.728226980610423,2.004316828348844,302.59568751140444,0.0,0.0047169811320754715,0.015723270440251572,0.9678104708411526,9.527196652719665,0.978021978021978,358.4405294643018,478,0.7496922016143799
core,50,1500000.0,5,11,exclude,launch,0,0.0,prior,0.0,rr_tour,12600.0,43200,372340.5707002336,0,328806.6869336591,43533.883766574516,0,1,0.7782527488730856,1,4.7893154785571,14.018810124151528,8018.59089865545,1422.968727857718,5.635113928840483,2.0051805435021146,303.1163775105619,0.0,0.017191977077363897,0.03151862464183381,1.2364333926050592,13.136363636363637,0.96875,469.809848356081,264,0.540168285369873
core,50,3000000.0,4,1,exclude,launch,0,0.0,prior,0.0,rr_tour,12600.0,43200,132890.7877563389,0,119709.47242221374,13181.315334125133,0,0,0.0,0,9.578630957114202,24.35282153813637,8018.590898655449,1637.2250121654865,4.897671877153652,2.006468425872196,303.89360768329703,0.0,0.0,0.06382978723404255,1.5034612925994961,14.284883720930232,0.9906542056074766,672.9272189254897,172,0.3736405372619629
core,50,1500000.0,7,12,exclude,launch,0,0.0,prior,0.0,rr_tour,12600.0,43200,343221.38044572785,0,326338.1089192858,16883.271526441997,0,1,0.8054167215378539,1,5.470710591405869,13.264754547828982,6978.331089719389,1504.3588659851102,4.63874095969097,2.004515059005734,302.7151511307881,0.0,0.004724409448818898,0.025196850393700787,0.9711799855794668,9.403361344537815,0.9509803921568627,363.8657723643148,476,0.4771595001220703
core,50,3000000.0,5,1,exclude,launch,0,0.0,prior,0.0,rr_tour,12600.0,43200,116571.31815320675,0,107171.391459396,9399.926693810758,0,0,0.0,0,9.578630957114202,24.762794146300966,8018.590898655449,1610.9965075464559,4.9774104792242815,2.0053756658202713,303.23406882706615,0.0,0.009433962264150943,0.07861635220125786,1.364448729453016,12.017167381974248,0.963302752293578,601.9150161237155,233,0.43814682960510254
core,50,1500000.0,6,11,exclude,launch,0,0.0,prior,0.0,rr_tour,12600.0,43200,357945.5782356178,0,315193.6322738801,42751.94596173771,0,1,0.8095506420076117,1,4.7893154785571,13.092055410117464,8018.59089865545,1524.143355402759,5.261047702784175,2.0045936002148927,302.762490477816,0.0,0.0020876826722338203,0.029227557411273485,1.1077186174124534,11.38375350140056,0.96875,403.4084880505082,357,0.6436781883239746
core,50,1500000.0,8,10,exclude,launch,0,0.0,prior,0.0,rr_tour,12600.0,43200,256991.93746809106,0,255204.6277418757,1787.309726215358,0,1,0.8007308397485094,1,5.753442760502199,13.93902495402198,6619.025743670595,1431.8689367798106,4.622647767299426,2.0041227971787925,302.4787775442487,0.0,0.0,0.026862026862026864,0.8465076125800259,8.33115823817292,0.978021978021978,321.36689498675383,613,0.8472154140472412
core,50,3000000.0,6,1,exclude,launch,0,0.0,prior,0.0,rr_tour,12600.0,43200,103398.86585974968,0,93701.1654333567,9697.700426392976,0,0,0.0,0,9.578630957114202,25.190158699825062,8018.590898655449,1584.2049573848496,5.061586798650257,2.00469226844547,302.8219662822315,0.0,0.014705882352941176,0.07107843137254902,1.2386962355780458,10.07843137254902,0.9814814814814815,536.4516601787825,306,0.49515533447265625
core,50,1500000.0,8,12,exclude,launch,0,0.0,prior,0.0,rr_tour,12600.0,43200,334235.08822647366,0,318094.97943196417,16140.108794509488,0,1,0.8270712703059568,1,5.470710591405869,13.049657785347323,6978.331089719389,1529.423703657783,4.562719325606077,2.004163053353343,302.50303131597275,0.0,0.0,0.008631319358816275,0.8765760926288704,8.28407224958949,0.9509803921568627,325.73826969526056,609,0.5626561641693115
core,50,1500000.0,6,12,exclude,launch,0,0.0,prior,0.0,rr_tour,12600.0,43200,352346.5521456313,0,335036.4796074445,17310.072538186756,0,1,0.7845578091141264,1,5.470710591405869,13.34866875183698,6978.331089719389,1494.569411361173,4.669124790506653,2.004961075797401,302.9840291603608,0.0,0.008403361344537815,0.01680672268907563,1.1142909707826278,11.24438202247191,0.9711538461538461,411.11586502474404,356,0.6371736526489258
core,50,1500000.0,9,10,exclude,launch,0,0.0,prior,0.0,rr_tour,12600.0,43200,251409.6298167306,0,250026.2213791874,1383.4084375431803,0,1,0.8185102935294459,1,5.753442760502199,13.428674304766155,6619.025743670595,1486.46174302105,4.452873257416125,2.003886476349188,302.3364172190367,0.0,0.0,0.011753183153770812,0.7757293914131618,7.342931937172775,0.967032967032967,291.39284201100907,764,0.9497201442718506
core,50,3000000.0,7,1,exclude,launch,0,0.0,prior,0.0,rr_tour,12600.0,43200,90084.10084803455,0,84131.45553569066,5952.645312343876,0,0,0.0,0,9.578630957114202,24.56453130769213,8018.590898655449,1625.0213408575887,4.934452672740727,2.0041140652357265,302.4735168012652,0.0,0.0040650406504065045,0.07113821138211382,1.195906734575068,9.277173913043478,0.9724770642201835,485.6089653042206,368,0.5716660022735596
core,50,1500000.0,9,12,exclude,launch,0,0.0,prior,0.0,rr_tour,12600.0,43200,328443.84349177114,0,312835.0478957908,15608.795595980335,0,1,0.8416545003901663,1,5.470710591405869,12.714539264308703,6978.331089719389,1569.7129291211704,4.44560974192034,2.004191097181399,302.5199278975146,0.0,0.0,0.016299137104506232,0.756716997288686,7.04719387755102,0.98,296.2706577078371,784,0.645165205001831
core,50,1500000.0,8,11,exclude,launch,0,0.0,prior,0.0,rr_tour,12600.0,43200,341372.6162229904,0,299354.9044824501,42017.711740540304,0,1,0.8488527166313358,1,4.7893154785571,13.161720300545106,8018.59089865545,1516.6839165125,5.286922879154408,2.003790219949744,302.27844170002675,0.0,0.0,0.011002444987775062,0.8698523800693263,8.5359477124183,0.96875,313.93798940783756,612,0.8627035617828369
core,50,3000000.0,4,2,exclude,launch,0,0.0,prior,0.0,rr_tour,12600.0,43200,120827.95927210838,0,111749.06445463262,9078.894817475752,0,0,0.0,0,9.578630957114202,25.02000006869354,8018.590898655449,1593.1098596501765,5.0332943770847125,2.0070442839932574,304.24145697704773,0.0,0.008849557522123894,0.048672566371681415,1.577952028427398,14.844311377245509,0.9629629629629629,672.4795148443668,167,0.3735380172729492
core,50,3000000.0,8,1,exclude,launch,0,0.0,prior,0.0,rr_tour,12600.0,43200,81964.19918544909,0,76929.20398526249,5034.9952001865995,0,0,0.0,0,9.578630957114202,22.967986910921635,8018.590898655449,1738.224118225936,4.613093797616485,2.0038318878598522,302.3035377252825,0.0,0.006734006734006734,0.10437710437710437,1.1265685786230863,8.392290249433106,0.9813084112149533,447.993129112914,441,0.6385877132415771
core,50,3000000.0,7,2,exclude,launch,0,0.0,prior,0.0,rr_tour,12600.0,43200,78751.32862374219,0,74221.24985979822,4530.078763943974,0,0,0.0,0,9.578630957114202,22.935520876888148,8018.590898655449,1739.9971022460147,4.608393248646753,2.004623671299121,302.7806162803571,0.0,0.008,0.06,1.2111580787774314,9.53099730458221,0.9722222222222222,468.8538589225599,371,0.39154887199401855
core,50,3000000.0,5,2,exclude,launch,0,0.0,prior,0.0,rr_tour,12600.0,43200,99074.76899975474,0,91882.79213483768,7191.976864917058,0,0,0.0,0,9.578630957114202,24.98763654226703,8018.590898655449,1596.0765591429229,5.02393876579539,2.005908355244758,303.5554857453642,0.0,0.012944983818770227,0.05501618122977346,1.4135363212180176,12.575757575757576,0.9444444444444444,574.772801750978,231,0.4560556411743164
core,50,3000000.0,6,2,exclude,launch,0,0.0,prior,0.0,rr_tour,12600.0,43200,94455.42825815507,0,87075.81558888944,7379.612669265621,0,0,0.0,0,9.578630957114202,24.975861263323672,8018.590898655449,1597.4173755944212,5.019721846753808,2.0051695902584328,303.1097715540916,0.0,0.007537688442211055,0.08542713567839195,1.2843496794231768,10.525597269624573,0.9626168224299065,529.2657095308266,293,0.4885592460632324
core,50,3000000.0,9,1,exclude,launch,0,0.0,prior,0.0,rr_tour,12600.0,43200,72906.34658059666,0,70145.90973410218,2760.4368464944805,0,0,0.0,0,9.578630957114202,23.127654543861375,8018.590898655449,1726.3379482893288,4.64485583868516,2.003699445615039,302.2237731383813,0.0,0.008097165991902834,0.08636977058029689,0.9879959780718449,7.103756708407871,0.9906542056074766,414.41301930829496,559,0.7175898551940918
core,50,3000000.0,12,1,exclude,launch,0,0.0,prior,0.0,rr_tour,12600.0,43200,281180.47975791997,0,255142.82645238147,26037.653305538504,0,1,0.8229615099008817,1,9.578630957114202,29.099512233462345,8018.590898655449,1372.7521269229806,5.841251848306434,2.002682728149372,301.6117959987203,0.0,0.0008658008658008658,0.09350649350649351,0.8345025136491186,5.945914844649022,0.9345794392523364,317.761238505165,869,0.6935882568359375
core,50,3000000.0,5,3,exclude,launch,0,0.0,prior,0.0,rr_tour,12600.0,43200,128980.67983380654,0,118596.5722906267,10384.10754317984,0,0,0.0,0,11.621531741767225,24.207359974631714,6550.440834961872,1647.7031463839025,3.9754981650290953,2.0056889765349926,303.4230952572003,0.0,0.011834319526627219,0.05325443786982249,1.2735874062044628,11.464285714285714,0.9622641509433962,581.0643495853784,252,0.30304551124572754
core,50,3000000.0,10,1,exclude,launch,0,0.0,prior,0.0,rr_tour,12600.0,43200,290947.61613268836,0,264456.64126729633,26490.974865391996,0,1,0.7953346215790998,1,9.578630957114202,30.64306214633157,8018.590898655449,1303.355012960468,6.152269196741609,2.0030652576691463,301.8419733428613,0.0,0.0033482142857142855,0.1015625,0.8924424099851277,6.768202080237741,0.9439252336448598,359.5386867707491,673,0.841611385345459
core,50,3000000.0,8,2,exclude,launch,0,0.0,prior,0.0,rr_tour,12600.0,43200,71911.25024870914,0,68729.41114575035,3181.839102958788,0,0,0.0,0,9.578630957114202,22.31382969409097,8018.590898655449,1788.839951415992,4.482564743876708,2.004215364668892,302.53454959112264,0.0,0.010238907849829351,0.06655290102389079,1.1547954316400757,8.402714932126697,0.9629629629629629,448.2551955752755,442,0.6090781688690186
core,50,3000000.0,11,1,exclude,launch,0,0.0,prior,0.0,rr_tour,12600.0,43200,285922.6624921796,0,259342.1822563582,26580.480235821367,0,1,0.8093122460433188,1,9.578630957114202,29.353006213176442,8018.590898655449,1360.7743759646114,5.892667469558511,2.0028631573545743,301.7203537137559,0.0,0.003956478733926805,0.10089020771513353,0.8707868205307495,6.380078636959371,0.9532710280373832,336.13835294885257,763,0.9701282978057861
core,50,3000000.0,15,1,exclude,launch,0,0.0,prior,0.0,rr_tour,12600.0,43200,272385.50739155407,0,246437.38048037552,25948.126911178526,0,1,0.8495338624738021,1,9.578630957114202,28.599645899147465,8018.590898655449,1396.9701278341781,5.739987376170483,2.0023602326787744,301.417810816754,0.0,0.0,0.09491315136476426,0.741763317037755,5.022406639004149,0.9626168224299065,270.9652395697184,1205,0.880117654800415
core,50,3000000.0,6,3,exclude,launch,0,0.0,prior,0.0,rr_tour,12600.0,43200,109148.01311374991,0,100380.01963531588,8767.993478434026,0,0,0.0,0,11.621531741767225,26.088907860321736,6550.440834961872,1529.6332717000914,4.2823603252833715,2.004687888179106,302.81932579613766,0.0,0.004842615012106538,0.08232445520581114,1.2340974162093488,10.680645161290322,0.9809523809523809,500.98616922684636,310,0.510080099105835
core,50,3000000.0,9,2,exclude,launch,0,0.0,prior,0.0,rr_tour,12600.0,43200,66373.08869820973,0,63005.68847661987,3367.400221589866,0,0,0.0,0,9.578630957114202,22.341359378423746,8018.590898655449,1786.7072508674598,4.487915350856926,2.0041350920699426,302.4861849378937,0.0,0.0027548209366391185,0.09090909090909091,1.018685310380391,7.345521023765996,0.9813084112149533,412.23633603439634,547,0.7471051216125488
core,50,3000000.0,12,2,exclude,launch,0,0.0,prior,0.0,rr_tour,12600.0,43200,121059.4463600962,0,116083.55678080341,4975.889579292805,0,1,0.6060816199332186,1,9.578630957114202,29.89792902038245,8018.590898655449,1335.9473970051783,6.002175622057346,2.002901179794974,301.74323293024526,0.0,0.0,0.08871662360034453,0.8470229834207614,6.026528258362168,0.9719626168224299,314.7457360204325,867,0.6895983219146729
core,50,3000000.0,9,3,exclude,launch,0,0.0,prior,0.0,rr_tour,12600.0,43200,84850.4173885778,0,80041.70813211768,4808.709256460122,0,0,0.0,0,11.621531741767225,23.425115807062607,6550.440834961872,1704.5994789707177,3.8428034947641785,2.003484048766041,302.0940708383658,0.0,0.004285714285714286,0.06714285714285714,1.0806878226929624,7.580152671755725,0.9904761904761905,415.17951638882613,524,0.4837057590484619
core,50,3000000.0,10,2,exclude,launch,0,0.0,prior,0.0,rr_tour,12600.0,43200,128893.19640330726,0,123801.97306982038,5091.223333486876,0,1,0.5691771357126826,1,9.578630957114202,30.023726858622158,8018.590898655449,1330.0467989207161,6.028803576808154,2.003357537082046,302.0179041658047,0.0,0.0021953896816684962,0.08562019758507135,0.9000523323389219,6.7547723935389135,0.9532710280373832,359.18945237389454,681,0.8392417430877686
core,50,3000000.0,7,3,exclude,launch,0,0.0,prior,0.0,rr_tour,12600.0,43200,97715.17543712429,0,91009.21012602579,6705.9653110984955,0,0,0.0,0,11.621531741767225,25.22700253034202,6550.440834961872,1582.2654733003928,4.139912641396727,2.004218122624838,302.5362113424463,0.0,0.009746588693957114,0.07602339181286549,1.1578114011240979,9.330708661417322,0.9714285714285714,459.7273104859664,381,0.6127259731292725
core,50,3000000.0,8,3,exclude,launch,0,0.0,prior,0.0,rr_tour,12600.0,43200,90948.02941311017,0,86373.92607721429,4574.103335895874,0,0,0.0,0,11.621531741767225,24.870449117855323,6550.440834961872,1605.2239276153878,4.080702213735852,2.003875494478796,302.3298025245142,0.0,0.009724473257698542,0.08427876823338736,1.0800833414151443,8.114718614718615,0.9904761904761905,440.27786934601426,462,0.6492228507995605
core,50,3000000.0,11,2,exclude,launch,0,0.0,prior,0.0,rr_tour,12600.0,43200,125601.58126570281,0,120769.24823890829,4832.333026794537,0,1,0.5841482969465178,1,9.578630957114202,29.525126782296585,8018.590898655449,1352.6340974022194,5.928130093759599,2.0031703568345027,301.9052294494391,0.0,0.0039603960396039604,0.10198019801980197,0.8885185006157834,6.42627345844504,0.9626168224299065,341.29236176538245,746,0.8942539691925049
core,50,3000000.0,13,1,exclude,launch,0,0.0,prior,0.0,rr_tour,12600.0,43200,278452.6864569031,0,252428.63480048275,26024.051656420364,0,1,0.8310234500540428,1,9.578630957114202,29.300139434139282,8018.590898655449,1363.4882074470104,5.880938943850071,2.0024833499393857,301.4918600717078,0.0,0.0007621951219512195,0.08231707317073171,0.809006006242168,5.566056910569106,0.9532710280373832,296.52761352326246,984,1.1682734489440918
core,50,3000000.0,14,1,exclude,launch,0,0.0,prior,0.0,rr_tour,12600.0,43200,274688.84379430686,0,249358.1736561567,25330.67013815021,0,1,0.8424103031629143,1,9.578630957114202,29.521544224879882,8018.590898655449,1353.3077711534008,5.925179083115249,2.002416154580537,301.4514440892094,0.0,0.0006901311249137336,0.09799861973775018,0.7703311458537528,5.292929292929293,0.9532710280373832,283.89963685449857,1089,1.2469110488891602
core,50,3000000.0,7,4,exclude,launch,0,0.0,prior,0.0,rr_tour,12600.0,43200,107709.56185220263,0,102906.82847866564,4802.733373536985,0,0,0.0,0,10.516019449979966,23.854894713666678,7274.107902442663,1673.2573639071707,4.347273802194494,2.0042400577846395,302.5494280977887,0.0,0.004149377593360996,0.07883817427385892,1.2808085974100292,9.378223495702006,0.9459459459459459,504.03278352926907,349,0.3728017807006836
core,50,3000000.0,5,4,exclude,launch,0,0.0,prior,0.0,rr_tour,12600.0,43200,141610.5847509611,0,129912.48913109949,11698.095619861626,0,0,0.0,0,10.516019449979966,24.729965056319887,7274.107902442663,1612.8874682838239,4.509990960610911,2.0056835691886405,303.41983240080094,0.0,0.013029315960912053,0.08143322475570032,1.4198859341166086,12.12,0.9464285714285714,605.7624423464958,225,0.42080259323120117
core,50,3000000.0,13,3,exclude,launch,0,0.0,prior,0.0,rr_tour,12600.0,43200,223019.2281972438,0,220571.49613974403,2447.7320574997657,0,1,0.7502207738131127,1,11.621531741767225,28.170127872688457,6550.440834961872,1418.0818245433873,4.619226282708382,2.0026261271840013,301.5777452735969,0.0,0.0015444015444015444,0.0972972972972973,0.802555834859225,5.549845837615622,0.9809523809523809,305.0521936350993,973,0.738849401473999
core,50,3000000.0,10,3,exclude,launch,0,0.0,prior,0.0,rr_tour,12600.0,43200,74489.43847301201,0,71244.34120509798,3245.0972679140314,0,0,0.0,0,11.621531741767225,23.136675035711768,6550.440834961872,1726.0050887476636,3.7951457256216266,2.0033045084648773,301.98598101178476,0.0,0.0,0.07478890229191798,1.009405921346861,6.980676328502415,0.9809523809523809,379.39246339558935,621,0.8363606929779053
core,50,3000000.0,8,4,exclude,launch,0,0.0,prior,0.0,rr_tour,12600.0,43200,97148.05023658375,0,92023.91983059989,5124.130405983851,0,0,0.0,0,10.516019449979966,22.354716302620112,7274.107902442663,1785.8549754007106,4.073179514932614,2.0038934983022036,302.3406467800309,0.0,0.0,0.05602716468590832,1.1813309251039732,8.254587155963304,0.9459459459459459,460.504339910187,436,0.42916369438171387
core,50,3000000.0,13,2,exclude,launch,0,0.0,prior,0.0,rr_tour,12600.0,43200,118020.26612641159,0,113680.21960529729,4340.046521114308,0,1,0.6214256273940201,1,9.578630957114202,29.071421724124534,8018.590898655449,1374.0231401045232,5.835848512744455,2.002763504976742,301.6603940739722,0.0,0.0007656967840735069,0.08269525267993874,0.8153630366331731,5.635342185903983,0.9626168224299065,296.35637116645785,979,1.1719098091125488
core,50,3000000.0,11,3,exclude,launch,0,0.0,prior,0.0,rr_tour,12600.0,43200,68173.80077488493,0,64810.98685332856,3362.8139215563706,0,0,0.0,0,11.621531741767225,22.693046304735866,6550.440834961872,1759.8322866861577,3.722196077727749,2.0032073568165423,301.92750023124984,0.0,0.0020325203252032522,0.06910569105691057,0.9295574712838552,6.366216216216216,0.9904761904761905,347.4370180806892,740,0.8753690719604492
core,50,3000000.0,6,4,exclude,launch,0,0.0,prior,0.0,rr_tour,12600.0,43200,116199.43723104642,0,110727.06436380965,5472.37286723677,0,0,0.0,0,10.516019449979966,27.29872147092391,7274.107902442663,1461.8693703955064,4.9758945975280024,2.0046525595709364,302.7980296357302,0.0,0.007614213197969543,0.06345177664974619,1.3168964267605732,10.855670103092784,0.963963963963964,521.6521049317042,291,0.5168139934539795
core,50,3000000.0,14,2,exclude,launch,0,0.0,prior,0.0,rr_tour,12600.0,43200,114804.36216411678,0,110417.27490869504,4387.087255421766,0,1,0.6391040314240729,1,9.578630957114202,28.59981747807336,8018.590898655449,1396.7668828335259,5.74082260769863,2.0026395836865034,301.5858404325135,0.0,0.0,0.07766323024054983,0.7868900311477054,5.31278748850046,0.9622641509433962,283.7765256883079,1087,1.1544041633605957
core,50,3000000.0,14,3,exclude,launch,0,0.0,prior,0.0,rr_tour,12600.0,43200,218015.85841712618,0,216084.54609638036,1931.312320745785,0,1,0.7674380165190614,1,11.621531741767225,29.263582542635902,6550.440834961872,1365.1732941364676,4.798248590927289,2.0025100773973135,301.5079365849502,0.0,0.0,0.10041551246537396,0.757671354954128,5.339466421343146,0.9809523809523809,283.01242055903833,1087,0.822364330291748
core,50,3000000.0,12,3,exclude,launch,0,0.0,prior,0.0,rr_tour,12600.0,43200,60798.84764937951,0,58531.30952904312,2267.538120336393,0,0,0.0,1,11.621531741767225,20.88379321165884,6550.440834961872,1912.3423511374426,3.42534945746808,2.0031568644913467,301.89710843283325,0.0,0.0018231540565177757,0.06836827711941659,0.9081048228057819,6.137135922330097,0.9904761904761905,322.76513019563447,824,0.9583842754364014
core,50,3000000.0,15,2,exclude,launch,0,0.0,prior,0.0,rr_tour,12600.0,43200,111830.71098992224,0,107741.68486167888,4089.0261282433707,0,1,0.6560246346147888,1,9.578630957114202,28.589702601172437,8018.590898655449,1397.3161539944633,5.738565947107215,2.002560610044174,301.53833304364406,0.0,0.0,0.07858910891089109,0.7491733863049415,5.0107084019769355,0.9716981132075472,269.71806454445135,1214,1.269425392150879
core,50,3000000.0,5,5,exclude,launch,0,0.0,prior,0.0,rr_tour,12600.0,43200,119247.25408805767,0,111484.4596728034,7762.794415254279,0,0,0.0,0,11.074282461253608,29.20766532925315,6890.610997136995,1365.764693526215,5.045240245116011,2.005475042777439,303.29401849448783,0.0,0.009009009009009009,0.07507507507507508,1.2979509277269525,12.149797570850202,0.968,555.0794938327548,247,0.31705379486083984
core,50,3000000.0,9,4,exclude,launch,0,0.0,prior,0.0,rr_tour,12600.0,43200,90895.4911795923,0,85913.07960352402,4982.411576068288,0,0,0.0,0,10.516019449979966,22.61781365196769,7274.107902442663,1765.348388232326,4.120494261037252,2.003590390108446,302.15810133540697,0.0,0.001455604075691412,0.07132459970887918,1.1155589834793322,7.454011741682975,0.9553571428571429,435.66761220997716,511,0.6747138500213623
core,50,3000000.0,7,5,exclude,launch,0,0.0,prior,0.0,rr_tour,12600.0,43200,92526.3012605898,0,86292.21936420152,6234.081896388275,0,0,0.0,0,11.074282461253608,26.192724249752587,6890.610997136995,1523.9187622922914,4.521639320702424,2.0042297304443037,302.54320545247157,0.0,0.007782101167315175,0.06614785992217899,1.1518749274891702,9.51937984496124,0.9838709677419355,447.55846200380887,387,0.41205835342407227
core,50,3000000.0,10,4,exclude,launch,0,0.0,prior,0.0,rr_tour,12600.0,43200,80446.31078472854,0,76818.34589278937,3627.964891939181,0,0,0.0,0,10.516019449979966,22.885664019934836,7274.107902442663,1744.8527853816174,4.168894913877643,2.003400039801098,302.04349196185353,0.0,0.0,0.0798004987531172,1.0288296558267047,6.938842975206612,0.981651376146789,386.04029490958857,605,0.7987260818481445
core,50,3000000.0,6,5,exclude,launch,0,0.0,prior,0.0,rr_tour,12600.0,43200,102529.91373320791,0,96739.25893586864,5790.654797339275,0,0,0.0,0,11.074282461253608,28.01526307834648,6890.610997136995,1424.2678332036428,4.838002260879377,2.0049503205224566,302.97754401545626,0.0,0.006928406466512702,0.09930715935334873,1.1543704017826686,10.368421052631579,0.9838709677419355,489.8886335669023,323,0.5620882511138916
core,50,3000000.0,15,3,exclude,launch,0,0.0,prior,0.0,rr_tour,12600.0,43200,214361.32202545027,0,212846.26045061636,1515.0615748339087,0,1,0.7805216742107727,1,11.621531741767225,28.76286256311456,6550.440834961872,1389.0333960878318,4.715826742115041,2.0023739811899697,301.4260794499887,0.0,0.0006191950464396285,0.08854489164086687,0.7431942921782443,5.098169717138103,0.9904761904761905,266.16714787525865,1202,1.2684335708618164
core,50,3000000.0,18,3,exclude,launch,0,0.0,prior,0.0,rr_tour,12600.0,43200,206185.1430272565,0,205299.70787226275,885.4351549937683,0,1,0.8114729097198883,1,11.621531741767225,27.2417548220888,6550.440834961872,1466.763650309345,4.4659143506729,2.002141503381781,301.28627784008887,0.0,0.0004589261128958238,0.06470858191831115,0.6758946016141418,4.404659717964439,0.9904761904761905,228.1343664216522,1631,1.089409351348877
core,50,3000000.0,11,4,exclude,launch,0,0.0,prior,0.0,rr_tour,12600.0,43200,216984.1778837249,0,207177.1940656233,9806.983818101553,0,1,0.682926192534112,1,10.516019449979966,29.39529329245575,7274.107902442663,1358.846918505087,5.353147439481375,2.0028187817235663,301.6936526932614,0.0,0.0,0.08709338929695698,0.9534689640747235,6.646976090014065,0.963302752293578,348.12151518696345,711,0.8847517967224121
core,50,3000000.0,12,4,exclude,launch,0,0.0,prior,0.0,rr_tour,12600.0,43200,211969.72041490994,0,202530.11085229673,9439.609562613208,0,1,0.6990818224047305,1,10.516019449979966,28.5046377250774,7274.107902442663,1401.3970159728942,5.190611810595834,2.0026878950760305,301.6149044796002,0.0,0.0027397260273972603,0.08036529680365297,0.904333404957993,6.140415140415141,0.981651376146789,327.9365521627966,819,0.9558563232421875
core,50,3000000.0,16,3,exclude,launch,0,0.0,prior,0.0,rr_tour,12600.0,43200,211271.74609041962,0,209931.9893091196,1339.7567812999966,0,1,0.7919357938270326,1,11.621531741767225,27.419771025094867,6550.440834961872,1457.1749265144465,4.495301638651227,2.002232347482808,301.3409035022701,0.0,0.0,0.06879194630872483,0.7365246598746193,4.892537313432836,1.0,250.26569044289948,1340,1.359548807144165
core,50,3000000.0,8,5,exclude,launch,0,0.0,prior,0.0,rr_tour,12600.0,43200,84990.18394719959,0,80678.48475885736,4311.699188342239,0,0,0.0,0,11.074282461253608,26.91626861163743,6890.610997136995,1483.1936998214883,4.645793059912757,2.0039056106583133,302.34794253337236,0.0,0.004815409309791332,0.08667736757624397,1.0508814641591997,8.241525423728813,0.9838709677419355,425.4797198039168,472,0.7057075500488281
core,50,3000000.0,15,4,exclude,launch,0,0.0,prior,0.0,rr_tour,12600.0,43200,199605.70079463904,0,190788.80450424732,8816.8962903917,0,1,0.7423845003040963,1,10.516019449979966,27.583342116425705,7274.107902442663,1448.40107091842,5.022164128772846,2.0024158014809297,301.45123171759644,0.0,0.0,0.0759974667511083,0.7704191349256112,5.040506329113924,0.981651376146789,274.7883683715232,1185,0.8427169322967529
core,50,3000000.0,12,5,exclude,launch,0,0.0,prior,0.0,rr_tour,12600.0,43200,107987.71944341442,0,98915.45922611772,9072.260217296693,0,1,0.4661939559775869,1,11.074282461253608,32.518447977979456,6890.610997136995,1228.3897836562462,5.609466220589531,2.0027372773980403,301.6446142450902,0.0,0.0008347245409015025,0.10434056761268781,0.7959469110781389,5.8762541806020065,0.9435483870967742,311.79645131153427,897,0.7046988010406494
core,50,3000000.0,9,5,exclude,launch,0,0.0,prior,0.0,rr_tour,12600.0,43200,78367.39429686859,0,73728.03659708501,4639.357699783568,0,0,0.0,0,11.074282461253608,26.135559696104284,6890.610997136995,1527.740807033758,4.5103272527724885,2.003588373561475,302.15688706432985,0.0,0.001321003963011889,0.07397622192866579,0.9917168552858948,7.401060070671378,0.967741935483871,392.67218632027743,566,0.7407069206237793
core,50,3000000.0,4,6,exclude,launch,0,0.0,prior,0.0,rr_tour,12600.0,43200,135115.4223218069,0,128392.43934013454,6722.98298167234,0,0,0.0,0,9.996281918182664,21.26530818915213,7669.642238462474,1873.941716926011,4.09278590107042,2.007530843479963,304.5355201690336,0.0,0.004464285714285714,0.07142857142857142,1.5581328097374316,14.187878787878788,0.9479166666666666,711.1704935411406,165,0.35865354537963867
core,50,3000000.0,13,4,exclude,launch,0,0.0,prior,0.0,rr_tour,12600.0,43200,207960.62373224026,0,198453.52156970173,9507.10216253854,0,1,0.7125588286033954,1,10.516019449979966,27.961339498304714,7274.107902442663,1428.659170907525,5.091562809779146,2.0026422809629665,301.58746307238624,0.0,0.0008058017727639,0.09347300564061241,0.8449093901296928,5.623655913978495,0.9724770642201835,313.46841068098706,930,1.107370138168335
core,50,3000000.0,10,5,exclude,launch,0,0.0,prior,0.0,rr_tour,12600.0,43200,74042.90676893508,0,69441.16795208788,4601.7388168472,0,0,0.0,0,11.074282461253608,25.950034214256654,6890.610997136995,1538.8819426327289,4.477673566919951,2.0033034943885766,301.98537055569864,0.0,0.0035169988276670576,0.08909730363423213,0.9754684951120507,7.028616852146264,0.9758064516129032,371.6251905634055,629,0.8572213649749756
core,50,3000000.0,11,5,exclude,launch,0,0.0,prior,0.0,rr_tour,12600.0,43200,66374.57327355741,0,62556.89574714082,3817.6775264165885,0,0,0.0,0,11.074282461253608,23.286398054531077,6890.610997136995,1714.982672020449,4.017889573787387,2.0032167074311515,301.93312862070024,0.0,0.002026342451874367,0.0800405268490375,0.9318030260759721,6.524456521739131,0.9758064516129032,340.05576404450073,736,0.8888227939605713
core,50,3000000.0,5,6,exclude,launch,0,0.0,prior,0.0,rr_tour,12600.0,43200,128415.47523487324,0,116741.11144794335,11674.3637869299,0,0,0.0,0,9.996281918182664,26.477275453593197,7669.642238462474,1506.3404223651091,5.091573010050642,2.005827415564698,303.5066369704678,0.0,0.006430868167202572,0.07395498392282958,1.385190654776577,11.58695652173913,0.9175257731958762,631.8015870695601,230,0.43524646759033203
core,50,3000000.0,7,6,exclude,launch,0,0.0,prior,0.0,rr_tour,12600.0,43200,91828.3363141141,0,86214.56765298896,5613.768661125132,0,0,0.0,0,9.996281918182664,23.291169034099827,7669.642238462474,1713.547040432682,4.475886601003867,2.0044843438460465,302.6966391095468,0.0,0.010224948875255624,0.05930470347648262,1.2377636244870593,9.252747252747254,0.968421052631579,487.2487744774358,364,0.3662281036376953
core,50,3000000.0,17,3,exclude,launch,0,0.0,prior,0.0,rr_tour,12600.0,43200,208688.42308450994,0,207731.7634242961,956.6596602138205,0,1,0.8017390494420636,1,11.621531741767225,27.40939947932744,6550.440834961872,1457.7439005729866,4.493547071187971,2.002208189894535,301.32637676750426,0.0,0.0,0.06747230614300101,0.6968623603568136,4.592343854936199,0.9904761904761905,239.64462776070283,1489,1.5681524276733398
core,50,3000000.0,14,4,exclude,launch,0,0.0,prior,0.0,rr_tour,12600.0,43200,203371.419102473,0,194728.70471419522,8642.714388277811,0,1,0.7286381690025577,1,10.516019449979966,27.21371532950682,7274.107902442663,1468.0036293070852,4.955102124560908,2.0025115063442973,301.5087961058137,0.0,0.0,0.08483105679367361,0.8178267148577315,5.34321223709369,0.963302752293578,294.3623047107181,1046,1.1948597431182861
core,50,3000000.0,6,6,exclude,launch,0,0.0,prior,0.0,rr_tour,12600.0,43200,99046.21688075378,0,92920.82435998425,6125.392520769529,0,0,0.0,0,9.996281918182664,25.568714101801316,7669.642238462474,1560.5126227855208,4.914822300361873,2.0049974006704554,303.0059326063117,0.0,0.012658227848101266,0.07088607594936709,1.3086384390486112,10.722602739726028,0.9578947368421052,520.6764558584866,292,0.5177583694458008
core,50,3000000.0,15,5,exclude,launch,0,0.0,prior,0.0,rr_tour,12600.0,43200,95587.19694046884,0,87654.46267938377,7932.734261085079,0,1,0.5266732756655361,1,11.074282461253608,31.436820779369413,6890.610997136995,1270.8853383186745,5.421898254214634,2.002373081829009,301.4255385526154,0.0,0.0,0.08806146572104019,0.7037951195217867,5.020456333595594,0.959349593495935,257.4528569162313,1271,0.8873076438903809
core,50,3000000.0,8,6,exclude,launch,0,0.0,prior,0.0,rr_tour,12600.0,43200,82179.97519808763,0,78170.05719596059,4009.9180021270436,0,0,0.0,0,9.996281918182664,23.5412254236586,7669.642238462474,1695.7366511754508,4.522897015374428,2.0040221343237627,302.418133863613,0.0,0.015280135823429542,0.057724957555178265,1.1550191801551908,8.14864864864865,0.9473684210526315,459.54069244100174,444,0.6487691402435303
core,50,3000000.0,16,4,exclude,launch,0,0.0,prior,0.0,rr_tour,12600.0,43200,195390.57321928802,0,186863.10023944717,8527.472979840853,0,1,0.758399834755432,1,10.516019449979966,26.969974054457754,7274.107902442663,1481.4695053483329,4.910062526553543,2.002242806186781,301.347192765946,0.0,0.0,0.05603201829616924,0.7640223038251254,4.880244088482074,0.981651376146789,254.79579354112386,1311,1.3734090328216553
core,50,3000000.0,13,5,exclude,launch,0,0.0,prior,0.0,rr_tour,12600.0,43200,102748.69326781157,0,93992.43897660321,8756.254291208348,0,1,0.489964597341448,1,11.074282461253608,32.23434975347682,6890.610997136995,1239.32032621853,5.559991917635966,2.002569053187564,301.54341192282266,0.0,0.0,0.09358879882092852,0.7692379738846895,5.644334975369458,0.9596774193548387,286.46847333653153,1015,1.1837341785430908
core,50,3000000.0,5,7,exclude,launch,0,0.0,prior,0.0,rr_tour,12600.0,43200,107989.42435431329,0,100684.279793902,7305.144560411299,0,0,0.0,0,11.563730725972865,27.620744651299205,6584.84920617487,1444.0614601986285,4.559950796878918,2.005713633659944,303.4379738788467,0.0,0.006006006006006006,0.07207207207207207,1.2996011251806179,12.473684210526315,0.9411764705882353,536.0075486772296,247,0.4912068843841553
core,50,3000000.0,9,6,exclude,launch,0,0.0,prior,0.0,rr_tour,12600.0,43200,74036.51599994244,0,70870.91790486482,3165.598095077597,0,0,0.0,0,9.996281918182664,22.278465985048392,7669.642238462474,1792.0983665311203,4.279699363438535,2.003746881402767,302.252340577734,0.0,0.010014306151645207,0.06437768240343347,1.1196271798541266,7.753875968992248,0.968421052631579,412.64037770384493,516,0.7247402667999268
core,50,3000000.0,17,5,exclude,launch,0,0.0,prior,0.0,rr_tour,12600.0,43200,90806.14432199097,0,82621.08608217764,8185.058239813318,0,1,0.5544032565220528,1,11.074282461253608,30.329039049464694,6890.610997136995,1317.428063204609,5.230350855268534,2.002186028060928,301.3130504521618,0.0,0.0,0.07936507936507936,0.6735235750894747,4.575098814229249,0.967479674796748,236.0277677605148,1518,1.0058856010437012
core,50,3000000.0,13,6,exclude,launch,0,0.0,prior,0.0,rr_tour,12600.0,43200,291478.2611303008,0,278971.87498173374,12506.386148567102,0,1,0.836482065315488,1,9.996281918182664,29.175948355712634,7669.642238462474,1369.1334936636256,5.601822082329967,2.0027152762041545,301.6313775399521,0.0,0.0007849293563579278,0.08084772370486656,0.8214106614431086,5.608108108108108,0.967741935483871,302.5392975172852,962,0.6642343997955322
core,50,3000000.0,9,7,exclude,launch,0,0.0,prior,0.0,rr_tour,12600.0,43200,78277.30353603656,0,73669.7112250149,4607.592311021665,0,0,0.0,0,11.563730725972865,26.611080296655278,6584.84920617487,1500.4044705135786,4.388716066622302,2.0036374112558653,302.18641598171257,0.0,0.016129032258064516,0.0793010752688172,1.020210388070507,7.688405797101449,0.9696969696969697,389.3323653567201,552,0.4776186943054199
core,50,3000000.0,14,5,exclude,launch,0,0.0,prior,0.0,rr_tour,12600.0,43200,100870.10675759302,0,91599.61568548247,9270.491072110557,0,1,0.49908960883035625,1,11.074282461253608,31.605675675555087,6890.610997136995,1264.035308256899,5.451280476206893,2.0024685433362004,301.482954113581,0.0,0.0,0.09402283411685695,0.747133367052485,5.288028802880288,0.9516129032258065,279.0680535781413,1111,1.2479174137115479
core,50,3000000.0,6,7,exclude,launch,0,0.0,prior,0.0,rr_tour,12600.0,43200,101590.11210896401,0,96963.94923238653,4626.162876577475,0,0,0.0,0,11.563730725972865,29.75997655911949,6584.84920617487,1340.604939845868,4.911849129044641,2.0051948791847787,303.1250235417907,0.0,0.02027027027027027,0.10585585585585586,1.0977169273851228,9.952238805970149,0.96,496.96586816107833,335,0.5627250671386719
core,50,3000000.0,10,6,exclude,launch,0,0.0,prior,0.0,rr_tour,12600.0,43200,62680.19967855212,0,60299.8310942056,2380.3685843465173,0,0,0.0,1,9.996281918182664,19.86020970032716,7669.642238462474,2010.1139605121523,3.8155260791822685,2.003943521513026,302.3707783163926,0.0,0.0036275695284159614,0.07013301088270858,1.0070196282723236,7.091639871382637,0.9787234042553191,372.7245025802495,622,0.8337907791137695
core,50,3000000.0,7,7,exclude,launch,0,0.0,prior,0.0,rr_tour,12600.0,43200,85423.53157748628,0,81444.38180650715,3979.1497709791247,0,0,0.0,0,11.563730725972865,28.127562522578813,6584.84920617487,1419.0119184853381,4.6404467223951,2.004342083548993,302.61090623625967,0.0,0.0076045627376425855,0.07034220532319392,1.117935103553306,9.489949748743719,0.9313725490196079,439.6058628621625,398,0.6346802711486816
core,50,3000000.0,8,7,exclude,launch,0,0.0,prior,0.0,rr_tour,12600.0,43200,82944.30741536549,0,78971.03287555544,3973.2745398100637,0,0,0.0,0,11.563730725972865,26.457973064753958,6584.84920617487,1508.7621587859417,4.364405063998631,2.0040688329808884,302.44626640908103,0.0,0.006369426751592357,0.09235668789808917,1.0547343602837502,8.26595744680851,0.9696969696969697,422.8439899350624,470,0.7042117118835449
core,50,3000000.0,11,6,exclude,launch,0,0.0,prior,0.0,rr_tour,12600.0,43200,298421.4972018785,0,285961.48295220756,12460.014249670965,0,1,0.8170200208462289,1,9.996281918182664,29.87533392771015,7669.642238462474,1336.874058240951,5.736996833160285,2.0030266278551503,301.81872485594215,0.0,0.000980392156862745,0.08235294117647059,0.8849942425267664,6.271186440677966,0.9574468085106383,342.77715930926644,767,0.967421293258667
core,50,3000000.0,5,8,exclude,launch,0,0.0,prior,0.0,rr_tour,12600.0,43200,119305.03427909952,0,111890.31588060105,7414.718398498473,0,0,0.0,0,11.053074046788963,25.919964483857473,6904.472155108215,1538.8804961868327,4.486685075427686,2.005629410353089,303.3871532901305,0.0,0.012461059190031152,0.08722741433021806,1.3368950289015256,12.334745762711865,0.989247311827957,567.7415466062513,236,0.2896842956542969
core,50,3000000.0,12,6,exclude,launch,0,0.0,prior,0.0,rr_tour,12600.0,43200,295531.3511941461,0,282975.7128010632,12555.638393082858,0,1,0.8250100602851792,1,9.996281918182664,29.298401691843623,7669.642238462474,1363.3089399119644,5.625755112379546,2.0028654519528266,301.72173441616417,0.0,0.0026619343389529724,0.09316770186335403,0.8691291573483222,5.9869047619047615,0.9680851063829787,326.02247204495416,840,0.9809205532073975
core,50,3000000.0,16,5,exclude,launch,0,0.0,prior,0.0,rr_tour,12600.0,43200,93108.39482521081,0,84919.41289617837,8188.981929032437,0,1,0.540694769991799,1,11.074282461253608,30.0277583576299,6890.610997136995,1330.61327103924,5.17852267605543,2.002235808116887,301.34298452151285,0.0,0.0,0.08019639934533551,0.7079451837852179,4.812772133526851,0.967479674796748,246.77737595448366,1378,1.4455788135528564
core,50,3000000.0,6,8,exclude,launch,0,0.0,prior,0.0,rr_tour,12600.0,43200,108333.24839274457,0,101740.83057435436,6592.417818390203,0,0,0.0,0,11.053074046788963,25.973588450474352,6904.472155108215,1536.3801022882503,4.493986966392527,2.0047460116343165,302.85436436851967,0.0,0.009852216748768473,0.07635467980295567,1.2738243958218929,10.652173913043478,0.989247311827957,521.424397562121,299,0.3256838321685791
core,50,3000000.0,7,8,exclude,launch,0,0.0,prior,0.0,rr_tour,12600.0,43200,99308.66637391862,0,93686.51239731122,5622.15397660739,0,0,0.0,0,11.053074046788963,26.78681140608797,6904.472155108215,1490.0137013399449,4.633831319067157,2.004373743430406,302.629984947722,0.0,0.007827788649706457,0.10176125244618395,1.1257632390162418,8.870712401055409,0.989247311827957,487.95951571769234,379,0.3611946105957031
core,50,3000000.0,10,7,exclude,launch,0,0.0,prior,0.0,rr_tour,12600.0,43200,69380.33306154073,0,66230.89414627492,3149.438915265809,0,0,0.0,0,11.563730725972865,24.696822266870466,6584.84920617487,1616.7551034999788,4.072879802216104,2.0035706915481786,302.1462398803467,0.0,0.006993006993006993,0.08041958041958042,0.9543717529206225,6.962790697674419,0.9797979797979798,364.44337381456967,645,0.8659074306488037
core,50,3000000.0,13,7,exclude,launch,0,0.0,prior,0.0,rr_tour,12600.0,43200,172874.87810454055,0,166861.7769731214,6013.1011314191255,0,1,0.7084820688422108,1,11.563730725972865,31.589002943300553,6584.84920617487,1264.552850640151,5.207255041053792,2.002705468795136,301.6254771455019,0.0,0.002255639097744361,0.09473684210526316,0.7828555622956802,5.696266397578204,0.979381443298969,291.1225957907009,991,0.7448945045471191
core,50,3000000.0,14,6,exclude,launch,0,0.0,prior,0.0,rr_tour,12600.0,43200,288300.6282310383,0,275922.5081021637,12378.120128874609,0,1,0.8457017224029565,1,9.996281918182664,29.284836085440926,7669.642238462474,1364.0810587981732,5.622570732871131,2.0026590197913308,301.5975329906737,0.0,0.0,0.09453781512605042,0.7784238132955628,5.354868913857678,0.9680851063829787,287.89317297748136,1068,1.1935393810272217
core,50,3000000.0,11,7,exclude,launch,0,0.0,prior,0.0,rr_tour,12600.0,43200,60193.290148396474,0,58029.519760547606,2163.7703878488724,0,0,0.0,0,11.563730725972865,23.025165022926792,6584.84920617487,1734.3428682340732,3.7967401525856506,2.0033289945231587,302.00072137525586,0.0,0.0020512820512820513,0.08,0.9445263391785583,6.6502732240437155,0.9696969696969697,337.4176084409035,732,0.9519121646881104
core,50,3000000.0,5,9,exclude,launch,0,0.0,prior,0.0,rr_tour,12600.0,43200,108627.15036077102,0,103151.5694973998,5475.580863371216,0,0,0.0,0,10.493072784437931,24.508852692973566,7290.744155068959,1627.3351834603297,4.480173617070136,2.0058109198064678,303.49668192057976,0.0,0.0064516129032258064,0.08064516129032258,1.3885342093470412,12.301310043668122,0.9607843137254902,586.2801257329489,229,0.2696237564086914
core,50,3000000.0,8,8,exclude,launch,0,0.0,prior,0.0,rr_tour,12600.0,43200,88216.60624728716,0,84546.55033389493,3670.05591339222,0,0,0.0,0,11.053074046788963,25.88202172101194,6904.472155108215,1542.4661087200159,4.476255339469176,2.0039005257528926,302.3448796820802,0.0,0.007936507936507936,0.0873015873015873,1.0509983857511316,7.871035940803383,1.0,442.22495863144394,473,0.6573276519775391
core,50,3000000.0,15,6,exclude,launch,0,0.0,prior,0.0,rr_tour,12600.0,43200,286024.0553556676,0,273924.9805959986,12099.074759669002,0,1,0.8524329800221125,1,9.996281918182664,29.80285050894753,7669.642238462474,1340.4761587417763,5.72158049096636,2.002502599098105,301.503438359537,0.0,0.0006242197253433209,0.08426966292134831,0.7470004635365562,5.047460449625312,0.9574468085106383,270.3729768904967,1201,1.322056531906128
core,50,3000000.0,12,7,exclude,launch,0,0.0,prior,0.0,rr_tour,12600.0,43200,55925.07172814201,0,54318.47912007992,1606.5926080620861,0,0,0.0,1,11.563730725972865,21.45372824021198,6584.84920617487,1861.2554820926644,3.5378534916503406,2.0034625192385667,302.08110825498335,0.0,0.0,0.07563764291996482,0.8681822629150551,5.978848413631022,0.9896907216494846,318.24176867039927,851,1.0424203872680664
core,50,3000000.0,9,8,exclude,launch,0,0.0,prior,0.0,rr_tour,12600.0,43200,84669.0738605963,0,79176.36536601286,5492.708494583439,0,0,0.0,0,11.053074046788963,23.680000242339055,6904.472155108215,1686.2059007069083,4.094679156450379,2.003538442362247,302.12682158965345,0.0,0.009929078014184398,0.06382978723404255,1.071338138769084,7.421845574387947,1.0,419.4613487812055,531,0.7393326759338379
core,50,3000000.0,7,9,exclude,launch,0,0.0,prior,0.0,rr_tour,12600.0,43200,93274.65558887986,0,87475.59960457437,5799.055984305497,0,0,0.0,0,10.493072784437931,23.02763663219747,7290.744155068959,1733.3188534082078,4.206233689048752,2.0042973777287356,302.5839668738443,0.0,0.014462809917355372,0.05371900826446281,1.2692420023071356,9.365168539325843,0.9801980198019802,497.40218147994335,356,0.35454511642456055
core,50,3000000.0,10,8,exclude,launch,0,0.0,prior,0.0,rr_tour,12600.0,43200,75177.28123080371,0,72995.9918388856,2181.2893919181074,0,0,0.0,0,11.053074046788963,24.395543761449435,6904.472155108215,1636.9386122519356,4.217917583121664,2.0033050752504105,301.9863222069694,0.0,0.0071090047393364926,0.07109004739336493,0.9882738740769763,6.822503961965134,1.0,381.14049566910137,631,0.778916597366333
core,50,3000000.0,6,9,exclude,launch,0,0.0,prior,0.0,rr_tour,12600.0,43200,106184.27374557727,0,97374.12396001026,8810.149785567017,0,0,0.0,0,10.493072784437931,25.042193931910344,7290.744155068959,1593.3054870094306,4.575860821739457,2.0050193153052938,303.0191472410165,0.0,0.02040816326530612,0.10459183673469388,1.27019844232059,10.564625850340136,0.9801980198019802,533.9201795616457,294,0.5131852626800537
core,50,3000000.0,11,8,exclude,launch,0,0.0,prior,0.0,rr_tour,12600.0,43200,66086.50443584519,0,63181.972185124185,2904.532250720989,0,0,0.0,0,11.053074046788963,23.68931197328356,6904.472155108215,1685.927089008187,4.095356317674474,2.00308210358678,301.85211196082406,0.0,0.0031120331950207467,0.06327800829875518,0.9565591778248675,6.659751037344399,0.989247311827957,342.5755082771533,723,0.8829290866851807
core,50,3000000.0,14,7,exclude,launch,0,0.0,prior,0.0,rr_tour,12600.0,43200,169728.40700478776,0,164302.7189981178,5425.688006669975,0,1,0.7216161009918329,1,11.563730725972865,30.69627841007779,6584.84920617487,1301.3682213441593,5.059943141514168,2.0026454327144423,301.5893591229392,0.0,0.0013377926421404682,0.10100334448160535,0.7392094770331219,5.225777777777778,0.979381443298969,279.4511365724986,1125,1.2250723838806152
core,50,3000000.0,14,8,exclude,launch,0,0.0,prior,0.0,rr_tour,12600.0,43200,269370.6449262514,0,258253.76344190058,11116.881484350773,0,1,0.8186716459342883,1,11.053074046788963,28.195039106325332,6904.472155108215,1416.937005103413,4.872815185318914,2.002473341426451,301.4858400812141,0.0,0.0006968641114982578,0.089198606271777,0.7918407586423042,5.4,0.989247311827957,284.81609709686876,1065,0.7688119411468506
core,50,3000000.0,10,9,exclude,launch,0,0.0,prior,0.0,rr_tour,12600.0,43200,63029.943144302626,0,61581.20366399277,1448.7394803098562,0,0,0.0,0,10.493072784437931,19.56459567313209,7290.744155068959,2040.774900730106,3.5725371536373896,2.003659895551145,302.1999557813205,0.0,0.0012468827930174563,0.05860349127182045,1.0553949214575302,7.233333333333333,0.9900990099009901,375.0501641784336,600,0.49019551277160645
core,50,3000000.0,8,9,exclude,launch,0,0.0,prior,0.0,rr_tour,12600.0,43200,79560.08320219,0,74655.2625169273,4904.8206852627045,0,0,0.0,0,10.493072784437931,21.94804711881364,7290.744155068959,1818.7461851536318,4.008664988321667,2.004112088844165,302.4723260888977,0.0,0.008488964346349746,0.07130730050933787,1.1490272076490582,8.60364464692483,0.9801980198019802,431.72767175582896,439,0.6342227458953857
core,50,3000000.0,15,7,exclude,launch,0,0.0,prior,0.0,rr_tour,12600.0,43200,166498.85405319533,0,161066.44260437257,5432.411448822791,0,1,0.7356131787622918,1,11.563730725972865,30.519268001429015,6584.84920617487,1309.0334695908623,5.030313860678414,2.0024658724554483,301.48134763135886,0.0,0.0,0.08268424206111444,0.721197518086969,4.986432561851556,0.9896907216494846,262.3214044060328,1253,1.3242206573486328
core,50,3000000.0,12,8,exclude,launch,0,0.0,prior,0.0,rr_tour,12600.0,43200,277596.63754136517,0,265252.0072966057,12344.630244759477,0,1,0.7944120332339909,1,11.053074046788963,29.32985546598932,6904.472155108215,1362.0164020575041,5.069301768083046,2.002616207066202,301.5717776015453,0.0,0.00088261253309797,0.08296557811120918,0.8805364667509502,6.191943127962086,0.989247311827957,314.5511418533608,844,1.0554776191711426
core,50,3000000.0,16,7,exclude,launch,0,0.0,prior,0.0,rr_tour,12600.0,43200,163712.03602376502,0,158881.29476109825,4830.741262666766,0,1,0.7481352884315119,1,11.563730725972865,30.167378634922052,6584.84920617487,1324.3537810373673,4.972122480004514,2.002388751706542,301.43496286434015,0.0,0.0,0.07879114948731786,0.6956902604991857,4.750542299349241,0.9896907216494846,248.78486044247623,1383,1.4238197803497314
core,50,3000000.0,17,8,exclude,launch,0,0.0,prior,0.0,rr_tour,12600.0,43200,260502.06356375688,0,249833.40887663438,10668.654687122516,0,1,0.846542657786592,1,11.053074046788963,27.02436856073448,6904.472155108215,1478.5210661859471,4.66985037482034,2.0021975009843045,301.3199492937555,0.0,0.0,0.054027013506753374,0.7033997311785105,4.541777188328912,0.989247311827957,238.98580097557226,1508,0.970944881439209
core,50,3000000.0,9,9,exclude,launch,0,0.0,prior,0.0,rr_tour,12600.0,43200,69254.99821557582,0,65637.55525560082,3617.442959975001,0,0,0.0,0,10.493072784437931,21.210000550328832,7290.744155068959,1882.3960808298098,3.873119068466721,2.0037258324907214,302.23966404275757,0.0,0.002911208151382824,0.05240174672489083,1.1215058996636322,8.023483365949119,0.9900990099009901,399.10944453307894,511,0.744316577911377
core,50,3000000.0,13,8,exclude,launch,0,0.0,prior,0.0,rr_tour,12600.0,43200,272827.4800384959,0,261448.93593324564,11378.54410525024,0,1,0.8082987432828899,1,11.053074046788963,28.731749374941614,6904.472155108215,1390.4108965620774,4.965778225832505,2.00255639299082,301.5357963380291,0.0,0.0015710919088766694,0.0793401413982718,0.8240963285941816,5.683281412253375,0.989247311827957,298.8684996704623,963,1.1489534378051758
core,50,3000000.0,5,10,exclude,launch,0,0.0,prior,0.0,rr_tour,12600.0,43200,117959.90146507665,0,110528.9772572154,7430.924207861249,0,0,0.0,0,11.506885521004397,27.941333081925418,6619.025743670595,1427.5067698815462,4.636773627504295,2.0056940584299228,303.4261617483747,0.0,0.006269592476489028,0.06583072100313479,1.3490047171157897,12.518987341772151,0.9354838709677419,558.7267063389139,237,0.47615575790405273
core,50,3000000.0,8,10,exclude,launch,0,0.0,prior,0.0,rr_tour,12600.0,43200,86275.85195160552,0,82088.73385375632,4187.118097849199,0,0,0.0,0,11.506885521004397,25.70107734368716,6619.025743670595,1553.2206773767186,4.261484436873238,2.0040358897479127,302.42642037056487,0.0,0.003289473684210526,0.08717105263157894,1.0915947353250093,8.25934065934066,0.967391304347826,437.84399070306887,455,0.42365026473999023
core,50,3000000.0,17,7,exclude,launch,0,0.0,prior,0.0,rr_tour,12600.0,43200,161301.490286191,0,156467.3402067836,4834.1500794073545,0,1,0.7593156831535834,1,11.563730725972865,30.61352226323614,6584.84920617487,1305.0832489512206,5.04553959409603,2.002342986724414,301.40743891068536,0.0,0.0,0.08631682197155469,0.6586975143875962,4.519869706840391,0.979381443298969,236.00401860616003,1535,1.589167594909668
core,50,3000000.0,6,10,exclude,launch,0,0.0,prior,0.0,rr_tour,12600.0,43200,105103.8801689338,0,100489.45557322381,4614.4245957099865,0,0,0.0,0,11.506885521004397,27.820128756194077,6619.025743670595,1434.3162682251354,4.614760280074889,2.004868660188224,302.92830726854305,0.0,0.004807692307692308,0.0625,1.2418113221356941,10.627831715210355,0.967741935483871,503.41975377342516,309,0.5431554317474365
core,50,3000000.0,15,8,exclude,launch,0,0.0,prior,0.0,rr_tour,12600.0,43200,265930.07979748084,0,255035.00511970505,10895.07467777579,0,1,0.8292635019554588,1,11.053074046788963,27.928757262065076,6904.472155108215,1430.5616095585337,4.826406712562985,2.0023122731269014,301.3889678582448,0.0,0.0006146281499692685,0.06330669944683466,0.7622208530985666,5.052244897959183,0.989247311827957,264.9659695187183,1225,1.2820725440979004
core,50,3000000.0,9,10,exclude,launch,0,0.0,prior,0.0,rr_tour,12600.0,43200,76745.6987763881,0,73847.21378649079,2898.484989897317,0,0,0.0,0,11.506885521004397,25.76503121850507,6619.025743670595,1549.7366870282942,4.271064755112008,2.003555603854227,302.13715500816664,0.0,0.0028089887640449437,0.07584269662921349,1.0695189833792742,7.834586466165414,0.956989247311828,396.44700890719014,532,0.4722464084625244
core,50,3000000.0,11,9,exclude,launch,0,0.0,prior,0.0,rr_tour,12600.0,43200,285217.7186430376,0,270060.83441976033,15156.884223277273,0,1,0.8057391407133341,1,10.493072784437931,27.028416853518138,7290.744155068959,1477.679086020189,4.93391577646606,2.003038292976984,301.8257451534546,0.0,0.002997002997002997,0.09490509490509491,0.900924648736856,6.397333333333333,0.9801980198019802,340.01033442087333,750,0.9364328384399414
core,50,3000000.0,18,7,exclude,launch,0,0.0,prior,0.0,rr_tour,12600.0,43200,159478.23982004082,0,154809.12623958595,4669.113580454862,0,1,0.7679966334501679,1,11.563730725972865,30.45190448975098,6584.84920617487,1312.0613819302969,5.018705143571316,2.00226416596365,301.3600375124436,0.0,0.0,0.07899382171226832,0.6359385162078434,4.2531046717918395,0.9690721649484536,227.47339997620244,1691,1.6637678146362305
core,50,3000000.0,15,9,exclude,launch,0,0.0,prior,0.0,rr_tour,12600.0,43200,270909.24335073214,0,257037.83584828343,13871.40750244867,0,1,0.8482954538326093,1,10.493072784437931,26.78844416406953,7290.744155068959,1491.331533804231,4.888748068292388,2.002480496448964,301.4901437281684,0.0,0.0006165228113440197,0.07028360049321825,0.7605889055548067,5.022185702547247,0.9801980198019802,267.9618694897134,1217,0.8354237079620361
core,50,3000000.0,7,10,exclude,launch,0,0.0,prior,0.0,rr_tour,12600.0,43200,95083.6518910284,0,89738.54767479283,5345.104216235587,0,0,0.0,0,11.506885521004397,28.855900176748122,6619.025743670595,1383.1830446428532,4.785357779873357,2.0043598905296443,302.6216369114157,0.0,0.0019267822736030828,0.08477842003853564,1.1288694082797563,9.298200514138818,0.956989247311828,459.53335030980213,389,0.625781774520874
core,50,3000000.0,16,8,exclude,launch,0,0.0,prior,0.0,rr_tour,12600.0,43200,262922.4239479154,0,252173.47215434554,10748.951793569839,0,1,0.8387497191637052,1,11.053074046788963,27.7382759746715,6904.472155108215,1440.427633832958,4.793348859002038,2.002253575002031,301.35366858130544,0.0,0.0005633802816901409,0.07267605633802816,0.7340299438499575,4.807318894697535,0.989247311827957,252.86939021168683,1339,1.3895928859710693
core,50,3000000.0,12,9,exclude,launch,0,0.0,prior,0.0,rr_tour,12600.0,43200,282625.76150597306,0,267514.99684111617,15110.764664856917,0,1,0.8131285637625852,1,10.493072784437931,27.14582018278653,7290.744155068959,1471.4190329138623,4.954906788605991,2.0028602606533763,301.7186107193272,0.0,0.00089126559714795,0.08645276292335116,0.8690154983933626,5.927553444180522,0.9900990099009901,330.24179194703925,842,1.0234489440917969
core,50,3000000.0,13,9,exclude,launch,0,0.0,prior,0.0,rr_tour,12600.0,43200,278032.7054838338,0,263426.0402511832,14606.665232650546,0,1,0.8265613181576591,1,10.493072784437931,27.36774840950524,7290.744155068959,1459.6001340058278,4.99502842265418,2.002705191791226,301.6253104935239,0.0,0.0007968127490039841,0.099601593625498,0.8395977819143869,5.7226354941551545,0.9801980198019802,304.37692634255677,941,1.138967752456665
core,50,3000000.0,4,11,exclude,launch,0,0.0,prior,0.0,rr_tour,12600.0,43200,159420.3798231525,0,147770.99154289783,11649.388280254667,0,0,0.0,0,9.5786309571142,24.817205036822475,8018.59089865545,1606.5431024556424,4.991208070545277,2.0065257447160008,303.9282224328302,0.0,0.0044444444444444444,0.06666666666666667,1.5820748091276762,14.392638036809815,0.9696969696969697,715.3824998559093,163,0.38565778732299805
core,50,3000000.0,7,11,exclude,launch,0,0.0,prior,0.0,rr_tour,12600.0,43200,101207.19473606444,0,96642.9231460314,4564.271590033039,0,0,0.0,0,9.5786309571142,23.95698533165757,8018.59089865545,1666.1971091573382,4.812510389428516,2.00415563154616,302.4985597097603,0.0,0.01417004048582996,0.058704453441295545,1.2116573428341035,9.487804878048781,0.979381443298969,473.1337130783846,369,0.37055277824401855
core,50,3000000.0,14,9,exclude,launch,0,0.0,prior,0.0,rr_tour,12600.0,43200,275143.8858893831,0,260924.2113416091,14219.674547773966,0,1,0.8352396375911105,1,10.493072784437931,27.091969176874446,7290.744155068959,1474.5211053637704,4.944482739886116,2.0026194093069893,301.5737039757288,0.0,0.0007087172218284905,0.09142452161587526,0.795616628617049,5.292728989612843,0.9900990099009901,291.3964894550983,1059,1.2049756050109863
core,50,3000000.0,5,11,exclude,launch,0,0.0,prior,0.0,rr_tour,12600.0,43200,141662.44368489634,0,131807.16069639052,9855.282988505825,0,0,0.0,0,9.5786309571142,27.25880368006134,8018.59089865545,1463.4193833396666,5.479352665369403,2.005461791357833,303.2860241641508,0.0,0.01892744479495268,0.08832807570977919,1.326198981201198,11.279166666666667,0.9393939393939394,618.0190264028306,240,0.4611701965332031
core,50,3000000.0,10,10,exclude,launch,0,0.0,prior,0.0,rr_tour,12600.0,43200,70352.02965021627,0,67907.66675806658,2444.362892149682,0,0,0.0,0,11.506885521004397,23.57729995144802,6619.025743670595,1693.641845915029,3.908161433088891,2.003430784489933,302.0620017786246,0.0,0.001182033096926714,0.06619385342789598,1.017122820390971,7.118971061093248,0.967391304347826,370.39013789826697,622,0.8507952690124512
core,50,3000000.0,14,10,exclude,launch,0,0.0,prior,0.0,rr_tour,12600.0,43200,254427.7088672928,0,252979.98853748554,1447.7203298072322,0,1,0.8088009392277064,1,11.506885521004397,32.37334920706545,6619.025743670595,1234.0062655545378,5.363851001758194,2.002557478245718,301.53644915592406,0.0,0.0006711409395973154,0.09731543624161074,0.7424680340470216,5.2537980339588914,1.0,279.20573935300047,1119,0.8007035255432129
core,50,3000000.0,6,11,exclude,launch,0,0.0,prior,0.0,rr_tour,12600.0,43200,114782.82601727932,0,107416.64644039179,7366.17957688754,0,0,0.0,0,9.5786309571142,25.38824004726241,8018.59089865545,1571.9140823931602,5.101163599506372,2.004603971060231,302.76874160099544,0.0,0.015151515151515152,0.07323232323232323,1.320894393307564,10.796551724137931,0.9795918367346939,529.2622648869926,290,0.5325760841369629
core,50,3000000.0,11,10,exclude,launch,0,0.0,prior,0.0,rr_tour,12600.0,43200,66052.8523474013,0,62997.311745817824,3055.54060158348,0,0,0.0,0,11.506885521004397,23.915244030624326,6619.025743670595,1669.8273151339558,3.9638983526506797,2.003289013402831,301.97665332444785,0.0,0.0031185031185031187,0.07588357588357589,0.9419504064814808,6.568464730290456,0.978021978021978,347.36250672537705,723,0.9508132934570312
core,50,3000000.0,10,11,exclude,launch,0,0.0,prior,0.0,rr_tour,12600.0,43200,358006.53368503175,0,315706.44359738304,42300.09008764876,0,1,0.8094128050729095,1,9.5786309571142,28.958933396459596,8018.59089865545,1379.1869839503047,5.813998385982722,2.0030153388162955,301.8119309702305,0.0,0.0033783783783783786,0.07545045045045046,0.9367037035428473,6.865761689291101,0.9587628865979382,361.41106388137933,663,0.5480771064758301
core,50,3000000.0,5,12,exclude,launch,0,0.0,prior,0.0,rr_tour,12600.0,43200,145509.9480101383,0,134363.26616974035,11146.681840397925,0,0,0.0,0,10.941421182811737,27.391096990564765,6978.331089719389,1455.9636393057185,4.792929508216998,2.005995858484367,303.6083001863097,0.0,0.015432098765432098,0.08024691358024691,1.320538231892687,11.45,0.9615384615384616,599.5527160964184,240,0.2740342617034912
core,50,3000000.0,8,11,exclude,launch,0,0.0,prior,0.0,rr_tour,12600.0,43200,86876.86635216055,0,84754.158433201,2122.707918959558,0,0,0.0,0,9.5786309571142,22.095885565362767,8018.59089865545,1806.803594951689,4.43799808737366,2.003861166282179,302.321172350825,0.0,0.004901960784313725,0.05555555555555555,1.119124280228538,8.507658643326039,0.979381443298969,424.3585645714945,457,0.6890966892242432
core,50,3000000.0,12,10,exclude,launch,0,0.0,prior,0.0,rr_tour,12600.0,43200,59905.20182935513,0,57364.257783712834,2540.944045642301,0,0,0.0,1,11.506885521004397,21.74523671998691,6619.025743670595,1836.4865054617578,3.604178807731744,2.003263627238724,301.9613717220604,0.0,0.0018001800180018,0.07290729072907291,0.9040345705756548,6.065060240963855,0.967032967032967,324.6254675300999,830,1.0197293758392334
core,50,3000000.0,16,9,exclude,launch,0,0.0,prior,0.0,rr_tour,12600.0,43200,268723.9262334309,0,254693.4362796288,14030.48995380209,0,1,0.8551939633988155,1,10.493072784437931,25.981879709158278,7290.744155068959,1537.6776427674868,4.7413995965677165,2.0024151356301596,301.4508312421296,0.0,0.0,0.06482525366403608,0.738477831105358,4.757643549589858,0.9801980198019802,255.64047078840966,1341,1.408385992050171
core,50,3000000.0,9,11,exclude,launch,0,0.0,prior,0.0,rr_tour,12600.0,43200,84618.73818876737,0,79700.67943657587,4918.058752191515,0,0,0.0,0,9.5786309571142,20.84566711574561,8018.59089865545,1915.221321051979,4.186769858144152,2.0038039155711034,302.28669027476366,0.0,0.007052186177715092,0.076163610719323,1.0531844652577607,7.446327683615819,0.9896907216494846,415.94650234414445,531,0.7380976676940918
core,50,3000000.0,13,10,exclude,launch,0,0.0,prior,0.0,rr_tour,12600.0,43200,258177.89014770102,0,256399.94606039018,1777.9440873108492,0,1,0.7970526437399256,1,11.506885521004397,31.70724119788635,6619.025743670595,1259.8578135685082,5.2537879055751615,2.002672788639539,301.60581632345685,0.0,0.0,0.09796533534287867,0.7849495794652005,5.50251256281407,0.989010989010989,301.01468124953925,995,1.1657390594482422
core,50,3000000.0,6,12,exclude,launch,0,0.0,prior,0.0,rr_tour,12600.0,43200,121510.06311861516,0,113978.30926210867,7531.753856506498,0,0,0.0,0,10.941421182811737,27.586827322028725,6978.331089719389,1446.280492113017,4.825019163138985,2.0050984543128045,303.06687085859676,0.0,0.0048543689320388345,0.08009708737864078,1.2303806960199661,10.32899022801303,0.9423076923076923,521.3976757042041,307,0.5236682891845703
core,50,3000000.0,18,10,exclude,launch,0,0.0,prior,0.0,rr_tour,12600.0,43200,243607.35737868102,0,242704.25972633166,903.097652349376,0,1,0.8447255949562301,1,11.506885521004397,30.354497271347835,6619.025743670595,1316.2891640150365,5.02854989968981,2.00223770900272,301.34412760410635,0.0,0.0,0.08299503834009923,0.6467473551086327,4.325721153846154,0.978021978021978,226.33344847357367,1664,1.0613350868225098
core,50,3000000.0,7,12,exclude,launch,0,0.0,prior,0.0,rr_tour,12600.0,43200,115078.70697588414,0,108198.88420723658,6879.822768647561,0,0,0.0,0,10.941421182811737,27.910933967407598,6978.331089719389,1429.9347117034529,4.8801746209840875,2.0044692992465283,302.68757193864366,0.0,0.015810276679841896,0.08498023715415019,1.1562877672380583,8.863157894736842,0.9615384615384616,489.29651091815805,380,0.5431668758392334
core,50,3000000.0,9,12,exclude,launch,0,0.0,prior,0.0,rr_tour,12600.0,43200,87733.6302077684,0,83222.20521334537,4511.424994423033,0,0,0.0,0,10.941421182811737,25.374630672095666,6978.331089719389,1573.5137058735845,4.434871500432946,2.0036401561304085,302.18806889924116,0.0,0.009708737864077669,0.06102635228848821,1.0691109962732055,7.786245353159852,0.9230769230769231,394.3670116403673,538,0.473163366317749
core,50,3000000.0,11,11,exclude,launch,0,0.0,prior,0.0,rr_tour,12600.0,43200,352279.88115211995,0,309962.6903224493,42317.19082967063,0,1,0.8225705984591897,1,9.5786309571142,30.705868835297064,8018.59089865545,1300.8509311508042,6.164112048996855,2.00281605620163,301.6920127727374,0.0,0.0029910269192422734,0.09870388833499502,0.8811773409576905,6.434840425531915,0.9587628865979382,340.96034418970356,752,0.932220458984375
core,50,3000000.0,8,12,exclude,launch,0,0.0,prior,0.0,rr_tour,12600.0,43200,101906.45541633903,0,95849.26160085505,6057.193815483969,0,0,0.0,0,10.941421182811737,26.155806705315126,6978.331089719389,1526.1979035163322,4.5723631736365515,2.0040613626981987,302.4417660190092,0.0,0.011513157894736841,0.0805921052631579,1.1111486154787504,8.315673289183223,0.9519230769230769,441.32259977065684,453,0.6076762676239014
core,50,3000000.0,15,10,exclude,launch,0,0.0,prior,0.0,rr_tour,12600.0,43200,251092.5010492317,0,250089.02426571047,1003.4767835212587,0,1,0.8195440685704638,1,11.506885521004397,31.652357441539205,6619.025743670595,1262.1904672387036,5.244078382362568,2.0024377763422394,301.46444863139203,0.0,0.0,0.08383594692400483,0.7179409432245774,5.001596169193935,0.978021978021978,259.88042676553454,1253,1.3833818435668945
core,50,3000000.0,12,11,exclude,launch,0,0.0,prior,0.0,rr_tour,12600.0,43200,348148.398781768,0,305566.58804539527,42581.81073637276,0,1,0.8323320563254224,1,9.5786309571142,29.295466859756665,8018.59089865545,1363.5914484559426,5.880493682866132,2.0026511051026374,301.59277156906205,0.0,0.0,0.09138381201044386,0.847453304252455,5.981438515081207,0.96875,319.07280568911244,862,1.0687341690063477
core,50,3000000.0,10,12,exclude,launch,0,0.0,prior,0.0,rr_tour,12600.0,43200,78810.3247698312,0,75119.94184551212,3690.382924319072,0,0,0.0,0,10.941421182811737,24.15146296249783,6978.331089719389,1653.2376969108307,4.221008934624948,2.0036010217685787,302.16450326848053,0.0,0.002277904328018223,0.06150341685649203,0.9608035227289727,7.042617960426179,0.9519230769230769,353.7055447656078,657,0.72119140625
core,50,3000000.0,16,10,exclude,launch,0,0.0,prior,0.0,rr_tour,12600.0,43200,248557.47746400718,0,247430.75955688837,1126.71790711884,0,1,0.8279025519448273,1,11.506885521004397,31.286162103180626,6619.025743670595,1276.9992887101519,5.183265019948617,2.0023824971578303,301.4312011825102,0.0,0.0,0.08157752566180443,0.6848220001067308,4.701438848920863,0.978021978021978,250.350029099318,1390,1.419386863708496
core,50,3000000.0,12,12,exclude,launch,0,0.0,prior,0.0,rr_tour,12600.0,43200,340265.717592436,0,323954.7718324719,16310.945759964086,0,1,0.8124128429870316,1,10.941421182811737,32.214510313857076,6978.331089719389,1239.9213228693923,5.628043458088393,2.0028310896721733,301.7010583239235,0.0,0.0034423407917383822,0.10240963855421686,0.8296887036196205,5.952710495963091,0.9313725490196079,317.2648708374945,867,0.6291751861572266
core,50,3000000.0,13,11,exclude,launch,0,0.0,prior,0.0,rr_tour,12600.0,43200,343409.8632712996,0,301397.8929309055,42011.97034039407,0,1,0.843816976903499,1,9.5786309571142,29.71898744147429,8018.59089865545,1344.2767315607703,5.964985267092645,2.0024758960850226,301.4873766694409,0.0,0.0,0.08702408702408702,0.8161555941567885,5.661190965092403,0.96875,297.4297474324986,974,1.163757085800171
core,50,3000000.0,14,11,exclude,launch,0,0.0,prior,0.0,rr_tour,12600.0,43200,339695.70244848484,0,297750.4118630167,41945.29058546807,0,1,0.853043092908649,1,9.5786309571142,28.436502020765253,8018.59089865545,1404.975273141708,5.707282577809953,2.002373704205179,301.42591286460356,0.0,0.0,0.0785413744740533,0.8000347873984317,5.400560224089636,0.96875,283.64349352612805,1071,1.0492393970489502
core,50,3000000.0,11,12,exclude,launch,0,0.0,prior,0.0,rr_tour,12600.0,43200,71965.87853882714,0,68764.91673990001,3200.961798927123,0,0,0.0,1,10.941421182811737,23.25944085119718,6978.331089719389,1716.8038064803125,4.064722517144194,2.003410977983859,302.0500772215573,0.0,0.004166666666666667,0.08020833333333334,0.9514841440665297,6.663888888888889,0.9326923076923077,342.20692401687484,720,0.7551937103271484
core,50,3000000.0,13,12,exclude,launch,0,0.0,prior,0.0,rr_tour,12600.0,43200,335810.2472705241,0,319301.80048596335,16508.44678456078,0,1,0.8231917913380393,1,10.941421182811737,32.61954000116345,6978.331089719389,1224.609753943766,5.698412140885033,2.002693279269905,301.6181436879108,0.0,0.0015151515151515152,0.09393939393939393,0.7869743171777399,5.587398373983739,0.9514563106796117,299.61376528358386,984,0.6736860275268555
core,50,3000000.0,17,10,exclude,launch,0,0.0,prior,0.0,rr_tour,12600.0,43200,245324.92236168357,0,244187.78672337296,1137.1356383106258,0,1,0.8388115154237654,1,11.506885521004397,30.425294409353047,6619.025743670595,1313.2116663227189,5.040334253354085,2.002259972371839,301.3575156656398,0.0,0.0,0.07512437810945273,0.679405337807917,4.604235605559232,0.989010989010989,235.1469991164411,1511,1.5334057807922363
core,50,3000000.0,15,11,exclude,launch,0,0.0,prior,0.0,rr_tour,12600.0,43200,336089.6388143,0,294578.7878802617,41510.85093403826,0,1,0.8621957930233652,1,9.5786309571142,28.79849189058828,8018.59089865545,1387.3242937815505,5.77989654949275,2.0023604112826,301.4179182319869,0.0,0.0,0.09314033983637508,0.7463537437507717,5.129924559932942,0.96875,267.78751692500435,1193,1.1172444820404053
core,50,3000000.0,14,12,exclude,launch,0,0.0,prior,0.0,rr_tour,12600.0,43200,331818.1821753228,0,315663.702984801,16154.479190521695,0,1,0.8330955138987297,1,10.941421182811737,32.26585564066223,6978.331089719389,1238.057068135127,5.6365181132003705,2.002654988040747,301.5951075128973,0.0,0.0,0.10240963855421686,0.7331699555222486,5.202146690518783,0.9514563106796117,283.11059806897003,1118,0.960214376449585
core,50,3000000.0,16,12,exclude,launch,0,0.0,prior,0.0,rr_tour,12600.0,43200,324783.0184782661,0,308962.5502135529,15820.468264713203,0,1,0.8511412951807155,1,10.941421182811737,30.192316900383076,6978.331089719389,1323.2647781512965,5.273571249639591,2.0023813558027106,301.4305147382642,0.0,0.0,0.0722041259500543,0.7010260033960769,4.709352517985612,0.9509803921568627,250.04701574355548,1390,1.1137278079986572
core,50,3000000.0,15,12,exclude,launch,0,0.0,prior,0.0,rr_tour,12600.0,43200,327605.0902847085,0,311817.6150081922,15787.475276516301,0,1,0.8438093521686526,1,10.941421182811737,30.520182367373266,6978.331089719389,1309.0018264092723,5.331032355288361,2.002454285004332,301.47437805706386,0.0,0.0012217470983506415,0.07758094074526573,0.7388468655524945,5.048622366288493,0.9509803921568627,262.1527814341823,1234,1.130228042602539
core,50,3000000.0,17,12,exclude,launch,0,0.0,prior,0.0,rr_tour,12600.0,43200,321324.6797060198,0,305858.1604385689,15466.519267450918,0,1,0.8603019203293252,1,10.941421182811737,29.957515908346995,6978.331089719389,1333.695432925851,5.232327349588638,2.0022925173709423,301.37708711333414,0.0,0.0004943153732081067,0.07068709836875926,0.682235731582106,4.584432717678101,0.9509803921568627,235.87364234853345,1516,1.1948559284210205
core,200,1500000.0,12,1,exclude,launch,0,0.0,prior,0.0,rr_tour,12600.0,43200,329620.46055395337,0,319795.2425233623,9825.218030591119,0,1,0.2256719228719326,1,5.817375238242085,11.796114173914336,6542.619886436506,1682.8498184562823,3.8878216075384584,2.0150028451304403,309.0692326868665,0.0,0.0,0.0,0.6542467581626525,12.4375,0.9805352798053528,426.5400124245782,1232,1.9135808944702148
core,200,1500000.0,16,2,exclude,launch,0,0.0,prior,0.0,rr_tour,12600.0,43200,1304110.1608060347,0,1226529.3042243065,77580.85658172819,0,6,0.7218444322742308,37,5.159223286643748,10.32530994469632,7419.771693842448,1910.7623978337576,3.883147220321211,2.0274502584700875,316.69621008907495,0.0,0.0,0.0,0.4875905273664922,4.5396825396825395,0.9420654911838791,650.8139247914853,2205,2.1251776218414307
core,200,1500000.0,16,1,exclude,launch,0,0.0,prior,0.0,rr_tour,12600.0,43200,1447729.454748017,0,1359654.4436777525,88075.01107026456,0,7,0.7562566830005472,35,5.817375238242085,10.602033120336543,6542.619886436506,1863.6552876263872,3.5106384372023016,2.0244415807816156,314.8441657303007,0.0,0.0,0.0,0.487544216292741,4.7039891205802356,0.9318734793187348,628.3575433959262,2206,2.250682830810547
core,200,1500000.0,10,2,exclude,launch,0,0.0,prior,0.0,rr_tour,12600.0,43200,407538.40135135484,0,385144.0152080235,22394.386143331365,0,1,0.34359754047245866,1,5.159223286643748,11.372404139296249,7419.771693842448,1745.1453849215354,4.251663934679032,2.01546886470454,309.35310455529805,0.0,0.0,0.0,0.7891086516097477,16.589894242068155,0.9824120603015075,463.7151826856036,851,2.304197311401367
core,200,1500000.0,9,2,exclude,launch,0,0.0,prior,0.0,rr_tour,12600.0,43200,423560.0390218517,0,399206.3330482226,24353.705973629174,0,1,0.3306005747751347,1,5.159223286643748,11.950482231841063,7419.771693842448,1660.8556630308337,4.467439199564388,2.015313755494165,309.2586066286995,0.0,0.0010940919037199124,0.0,0.8821377484514086,20.31195335276968,0.9773869346733668,471.0709959462767,686,2.3471968173980713
core,200,1500000.0,15,1,exclude,launch,0,0.0,prior,0.0,rr_tour,12600.0,43200,410433.71795671276,0,395863.0144040571,14570.703552655617,0,1,0.1812377489877376,19,5.817375238242085,10.613443116385834,6542.619886436506,1863.2558103310694,3.5113911091327776,2.022698770688171,313.77383267012874,0.0,0.0,0.0,0.5129348300550804,5.844862665310274,0.9708029197080292,567.5704748644383,1966,2.4377260208129883
core,200,1500000.0,10,1,exclude,launch,0,0.0,prior,0.0,rr_tour,12600.0,43200,322444.87229536433,0,313897.985390928,8546.886904436356,0,1,0.23069395590513092,1,5.817375238242085,13.171658247674685,6542.619886436506,1507.865570644898,4.338994147627031,2.0139881567598277,308.45159461475805,0.0,0.0,0.0,0.7838676559878495,18.093348891481913,0.975669099756691,422.11797214115524,857,2.5047340393066406
core,200,1500000.0,15,2,exclude,launch,0,0.0,prior,0.0,rr_tour,12600.0,43200,462300.3531234028,0,436255.5205550708,26044.832568332076,0,1,0.30289657233946526,20,5.159223286643748,10.631846218237708,7419.771693842448,1860.8584608781168,3.9872842829438766,2.0217989360532544,313.22191971586886,0.0,0.0,0.0,0.5193506935133452,6.039155074703761,0.9748110831234257,556.3034494618263,1941,2.3767173290252686
core,200,1500000.0,11,1,exclude,launch,0,0.0,prior,0.0,rr_tour,12600.0,43200,318279.6272740156,0,309194.0849844485,9085.54228956712,0,1,0.2337129893868494,1,5.817375238242085,12.291527206122113,6542.619886436506,1615.4638526903068,4.04999460405182,2.014451889792846,308.7337910112831,0.0,0.0,0.0,0.710513877986768,15.252884615384616,0.9805352798053528,412.08569659685446,1040,2.6408421993255615
core,200,1500000.0,13,1,exclude,launch,0,0.0,prior,0.0,rr_tour,12600.0,43200,337883.11105171137,0,327883.2374923259,9999.873559385533,0,1,0.22015330366648006,1,5.817375238242085,11.539220258319421,6542.619886436506,1719.3523947334845,3.8052815155735846,2.0161304565060068,309.7563313917316,0.0,0.0,0.0,0.5952341471857416,9.955040871934605,0.9781021897810219,446.8237446111599,1468,2.6533544063568115
core,200,1500000.0,17,1,exclude,launch,0,0.0,prior,0.0,rr_tour,12600.0,43200,3277419.351830897,0,3059567.180798586,217852.1710323106,0,19,0.912289326365102,51,5.817375238242085,11.118621120051293,6542.619886436506,1778.897481535395,3.6779072174465424,2.022358476508853,313.5650563468508,0.0,0.0,0.0,0.46171674889704883,4.525252525252525,0.8637469586374696,582.3312086453236,2475,2.623340129852295
core,200,1500000.0,11,2,exclude,launch,0,0.0,prior,0.0,rr_tour,12600.0,43200,373822.21410974953,0,353879.79116703646,19942.422942713118,0,1,0.374587670467577,1,5.159223286643748,12.701583167501854,7419.771693842448,1563.6496119818569,4.7451626227427095,2.0140149670958865,308.4679060483414,0.0,0.0,0.0,0.7091581760399052,15.292425695110259,0.9748743718592965,410.353487300202,1043,2.661360025405884
core,200,1500000.0,9,3,exclude,launch,0,0.0,prior,0.0,rr_tour,12600.0,43200,327813.6602820751,0,319718.1648742122,8095.49540786296,0,1,0.24358053102257804,1,4.838213115042605,14.52657290563889,7934.181769636198,1367.3572245837186,5.802566898384362,2.013793031228626,308.33289305031786,0.0,0.0,0.0,0.8742839572297986,23.541907514450866,0.983451536643026,401.74649602470447,692,2.60585355758667
core,200,1500000.0,12,2,exclude,launch,0,0.0,prior,0.0,rr_tour,12600.0,43200,397340.82820749166,0,376652.97573177225,20687.8524757194,0,1,0.3524158163763596,1,5.159223286643748,12.051290033122113,7419.771693842448,1647.3754559027782,4.503995532564457,2.014808904630911,308.95113387545683,0.0,0.0,0.0,0.6483372864565058,12.457627118644067,0.9773869346733668,423.38818844343365,1239,2.6698668003082275
core,200,1500000.0,18,1,exclude,launch,0,0.0,prior,0.0,rr_tour,12600.0,43200,5660612.335353074,0,5246882.86171872,413729.47363435314,0,32,0.9590747433033674,62,5.817375238242085,11.601399959811214,6542.619886436506,1705.5485757757194,3.836079475755057,2.0215547079574776,313.0722064050261,0.0,0.0,0.0,0.43391107001031454,4.2065997130559545,0.8004866180048662,555.8190030443512,2788,2.7699649333953857
core,200,1500000.0,13,2,exclude,launch,0,0.0,prior,0.0,rr_tour,12600.0,43200,399723.8550748116,0,378828.3034090115,20895.55166580013,0,1,0.3503148250338842,1,5.159223286643748,11.413902451408305,7419.771693842448,1738.1263739797896,4.268833270651886,2.0162504868758955,309.8295156226485,0.0,0.0,0.0,0.5967216438327845,9.933833560709413,0.9798488664987406,447.91571223287866,1466,2.7324702739715576
core,200,1500000.0,17,2,exclude,launch,0,0.0,prior,0.0,rr_tour,12600.0,43200,3517047.9443377405,0,3308871.3398345774,208176.6045031636,0,21,0.9243834918908179,49,5.159223286643748,11.18347699663334,7419.771693842448,1768.4408003268077,4.19565737935433,2.0225190292010398,313.66354952347115,0.0,0.0,0.00030048076923076925,0.45626577628274667,4.585794094173982,0.8564231738035264,567.4146839995003,2506,2.746474266052246
core,200,1500000.0,14,1,exclude,launch,0,0.0,prior,0.0,rr_tour,12600.0,43200,351331.59323764354,0,340426.0337572428,10905.559480400732,0,1,0.21172614300253556,1,5.817375238242085,11.24968250704146,6542.619886436506,1762.5459737234985,3.7120279323067957,2.0173407983960194,310.49469002431493,0.0,0.0,0.0,0.5590380668271633,8.290380047505938,0.9805352798053528,467.8929844209213,1684,2.8634912967681885
core,200,1500000.0,14,2,exclude,launch,0,0.0,prior,0.0,rr_tour,12600.0,43200,424723.52033092425,0,401499.6331055095,23223.88722541476,0,1,0.329694932466416,1,5.159223286643748,11.14759120867661,7419.771693842448,1777.688108837072,4.1738321007819055,2.0184750686104955,311.1874396143461,0.0,0.0,0.0,0.5460057932096054,7.669373549883991,0.9773869346733668,493.5763619765696,1724,2.790485143661499
core,200,1500000.0,18,2,exclude,launch,0,0.0,prior,0.0,rr_tour,12600.0,43200,4963777.831790427,0,4674489.187841009,289288.64394941693,0,31,0.9570209096580634,57,5.159223286643748,11.665738975093953,7419.771693842448,1696.5753948479319,4.373381646565433,2.021038433300137,312.7558446827993,0.0,0.0,0.0,0.43337197555137863,4.578796561604585,0.7959697732997482,510.0412015230143,2792,2.7889835834503174
core,200,1500000.0,10,3,exclude,launch,0,0.0,prior,0.0,rr_tour,12600.0,43200,328738.70717664924,0,319313.5594635379,9425.147713111352,0,1,0.24289511306332445,1,4.838213115042605,12.590474677396541,7934.181769636198,1577.2130774349507,5.030507217540763,2.0143156088625234,308.65084631464543,0.0,0.0,0.0,0.7888898867348075,19.139835487661575,0.983451536643026,401.09824832909896,851,2.229306697845459
core,200,1500000.0,10,5,exclude,launch,0,0.0,prior,0.0,rr_tour,12600.0,43200,522954.0985390913,0,475509.70011095935,47444.398428131935,0,1,0.5832331650567235,1,5.1150318495492835,13.568809922072113,7486.75482575108,1464.1545093143716,5.113363909425753,2.0134058365821,308.09741688560007,0.0,0.0,0.0,0.7967956755579175,19.926453143534992,0.9605263157894737,388.46193765630767,843,1.4693882465362549
core,200,1500000.0,11,3,exclude,launch,0,0.0,prior,0.0,rr_tour,12600.0,43200,301472.79917561804,0,295101.49875253637,6371.300423081685,0,1,0.2648631175559195,1,4.838213115042605,12.905681606563093,7934.181769636198,1539.0632718908873,5.155201813040663,2.013828906778162,308.35471566570095,0.0,0.0,0.0,0.7093093633598612,16.5790987535954,0.9858156028368794,378.65554390357937,1043,2.9659972190856934
core,200,1500000.0,14,4,exclude,launch,0,0.0,prior,0.0,rr_tour,12600.0,43200,324960.5272924239,0,308093.46551515494,16867.061777269,0,1,0.23275762497686656,1,6.029864771348001,11.379318353042697,6300.314603527087,1742.8126863830262,3.615026820009294,2.016940241956084,310.25023671290955,0.0,0.0,0.0,0.548374127329254,8.663164039696438,0.9706601466992665,439.38251296855964,1713,1.7100369930267334
core,200,1500000.0,13,4,exclude,launch,0,0.0,prior,0.0,rr_tour,12600.0,43200,293004.0827082036,0,278388.26923279796,14615.813475405626,0,1,0.2581603185041405,1,6.029864771348001,12.47086522671123,6300.314603527087,1592.815806341549,3.955457108375847,2.0137142750255608,308.2849894171794,0.0,0.0,0.0,0.6039951895093002,11.707182320441989,0.9682926829268292,385.59899052868394,1448,2.2091286182403564
core,200,1500000.0,16,3,exclude,launch,0,0.0,prior,0.0,rr_tour,12600.0,43200,854337.1925229515,0,821058.2153586043,33278.977164347154,0,4,0.6333020862726622,33,4.838213115042605,10.663739023383998,7934.181769636198,1853.1800406789735,4.281387450476344,2.0241042153623665,314.6368331768905,0.0,0.0,0.0,0.4891586182560812,5.444545454545454,0.9763593380614657,544.646590429071,2200,2.5392889976501465
core,200,1500000.0,13,3,exclude,launch,0,0.0,prior,0.0,rr_tour,12600.0,43200,319236.4110265101,0,311817.0716589315,7419.339367578642,0,1,0.25012505682296193,1,4.838213115042605,11.788549503215467,7934.181769636198,1683.5951331923616,4.712642376550317,2.0154032665446966,309.3131381128922,0.0,0.0,0.0,0.6008368280586399,11.043388429752065,0.9881796690307328,407.07391480828176,1452,2.8223211765289307
core,200,1500000.0,12,3,exclude,launch,0,0.0,prior,0.0,rr_tour,12600.0,43200,304322.0678971582,0,297736.7943266918,6585.273570466431,0,1,0.26238329017581385,1,4.838213115042605,12.515219975699111,7934.181769636198,1586.8591363864625,4.999928215243872,2.014109728651616,308.525562523756,0.0,0.0,0.0,0.650704128060752,14.0,0.9810874704491725,377.0493634701324,1239,3.1704349517822266
core,200,1500000.0,11,4,exclude,launch,0,0.0,prior,0.0,rr_tour,12600.0,43200,306577.88852506934,0,291590.3165724276,14987.571952641729,0,1,0.24671856050814914,1,6.029864771348001,12.129673175875467,6300.314603527087,1637.344343851189,3.847886137810297,2.0140528759720056,308.4909705801289,0.0,0.0,0.0,0.7099247575344942,15.297790585975024,0.9682926829268292,410.75346914490154,1041,2.610283136367798
core,200,1500000.0,15,3,exclude,launch,0,0.0,prior,0.0,rr_tour,12600.0,43200,366133.62957076996,0,355488.55503041984,10645.074540350126,0,1,0.21808711082227902,18,4.838213115042605,11.01673340664249,7934.181769636198,1797.3707107525036,4.41432683985064,2.0200842887441235,312.1715868427814,0.0,0.0,0.0,0.5159129505524787,6.849104859335038,0.9787234042553191,487.2584394088327,1955,2.7488081455230713
core,200,1500000.0,17,3,exclude,launch,0,0.0,prior,0.0,rr_tour,12600.0,43200,3129100.7171234475,0,2987632.457858758,141468.25926468923,0,18,0.9251609416820509,47,4.838213115042605,11.572080044477048,7934.181769636198,1711.25905930346,4.636458592579008,2.0199136406922857,312.0671503410578,0.0,0.0,0.0,0.45982348946743334,5.5348088531187125,0.91725768321513,474.0667384926736,2485,2.6897969245910645
core,200,1500000.0,14,3,exclude,launch,0,0.0,prior,0.0,rr_tour,12600.0,43200,328625.27267326333,0,320562.8435310371,8062.429142226245,0,1,0.24297895532628147,1,4.838213115042605,11.450703926867421,7934.181769636198,1731.7826532812294,4.581511285266202,2.0171324714383516,310.36753933628677,0.0,0.0,0.0,0.5522788498383885,9.077555816686251,0.983451536643026,421.9218534394283,1702,3.0133516788482666
core,200,1500000.0,12,4,exclude,launch,0,0.0,prior,0.0,rr_tour,12600.0,43200,315327.80890335003,0,299420.0025745723,15907.806328777735,0,1,0.23988099886271147,1,6.029864771348001,11.499934835533987,6300.314603527087,1726.1530669057724,3.6499165249700356,2.015047590994488,309.0964835951142,0.0,0.0,0.0,0.6483983843845792,12.557165861513688,0.973170731707317,417.82437863274447,1242,2.6997056007385254
core,200,1500000.0,9,5,exclude,launch,0,0.0,prior,0.0,rr_tour,12600.0,43200,551825.5648591077,0,502247.14405089035,49578.42080821732,0,1,0.5527120512562919,1,5.1150318495492835,14.670057593608226,7486.75482575108,1354.1324784471117,5.528820071088406,2.0135713249278604,308.19804921480534,0.0,0.0054466230936819175,0.0,0.8805445958068439,23.296511627906977,0.9608355091383812,407.8668561524106,688,2.698235273361206
core,200,1500000.0,16,4,exclude,launch,0,0.0,prior,0.0,rr_tour,12600.0,43200,864969.9684891913,0,810371.3833205536,54598.5851686376,0,5,0.6840106213293496,21,6.029864771348001,11.007250737361433,6300.314603527087,1798.285085058741,3.5035126832080055,2.0207965397178134,312.6076726499584,0.0,0.0,0.0,0.48900573919234785,5.903049613108784,0.9512195121951219,502.7942336480497,2197,2.8963654041290283
core,200,1500000.0,18,3,exclude,launch,0,0.0,prior,0.0,rr_tour,12600.0,43200,4794642.10807529,0,4527361.401586904,267280.7064883855,0,29,0.9601491238638159,54,4.838213115042605,12.211073615165434,7934.181769636198,1623.6920297203146,4.886506569230916,2.0174486202564794,310.56050845854406,0.0,0.0,0.0,0.4367076188511975,5.348359177785792,0.8557919621749409,439.6911474268282,2773,3.24101185798645
core,200,1500000.0,15,4,exclude,launch,0,0.0,prior,0.0,rr_tour,12600.0,43200,349089.3469727996,0,331071.3527720271,18017.994200772602,0,1,0.2166638319075598,12,6.029864771348001,11.061581077686586,6300.314603527087,1790.7767584114176,3.518202128732138,2.0193022777275464,311.6931400141691,0.0,0.0,0.0,0.5145193383145938,6.840735068912711,0.9682151589242054,486.9777968753385,1959,2.979372262954712
core,200,1500000.0,15,5,exclude,launch,0,0.0,prior,0.0,rr_tour,12600.0,43200,578377.9529233181,0,529075.4482792711,49302.50464404692,0,1,0.5273440393197667,13,5.1150318495492835,11.01543014197184,7486.75482575108,1797.754073644182,4.164504442242685,2.0198924654921635,312.05419235030496,0.0,0.0,0.0,0.5163775656570387,6.854070660522273,0.9552631578947368,486.7611653684486,1953,1.529496192932129
core,200,1500000.0,13,5,exclude,launch,0,0.0,prior,0.0,rr_tour,12600.0,43200,543562.6478042944,0,495145.319183682,48417.328620612396,0,1,0.5611182579627251,1,5.1150318495492835,11.47029812932504,7486.75482575108,1729.7723366724404,4.328173521466608,2.0160269711474887,309.69324182974213,0.0,0.0,0.0,0.5954345521434801,10.459072305593452,0.9631578947368421,425.9123673027947,1466,2.97688364982605
core,200,1500000.0,18,4,exclude,launch,0,0.0,prior,0.0,rr_tour,12600.0,43200,2618764.450183441,0,2427112.9027529187,191651.54743052195,0,16,0.9043169456797434,50,6.029864771348001,11.48710578475476,6300.314603527087,1720.5873599797978,3.6617231708601308,2.0238235383538647,314.4643913062284,0.0,0.0,0.0,0.43199882860983274,4.482327740092824,0.8679706601466992,518.7545963306593,2801,3.1209158897399902
core,200,1500000.0,12,5,exclude,launch,0,0.0,prior,0.0,rr_tour,12600.0,43200,535318.9024482638,0,487326.33939192165,47992.56305634222,0,1,0.5697582813784088,1,5.1150318495492835,11.901828178061145,7486.75482575108,1668.2160699948056,4.487880773007055,2.014624052347755,308.83859028077393,0.0,0.0,0.0,0.6555119735567523,13.2557003257329,0.9554973821989529,401.53062488281773,1228,3.0789005756378174
core,200,1500000.0,11,5,exclude,launch,0,0.0,prior,0.0,rr_tour,12600.0,43200,521407.5383722859,0,475104.6725546769,46302.865817609,0,1,0.5849526781691299,1,5.1150318495492835,12.97071566549029,7486.75482575108,1531.5235579231794,4.888435954523275,2.013596142983329,308.2131423212044,0.0,0.0,0.0,0.7127171713641111,16.485081809432145,0.9685863874345549,382.02770055378437,1039,3.11690092086792
core,200,1500000.0,17,4,exclude,launch,0,0.0,prior,0.0,rr_tour,12600.0,43200,1903698.9552711307,0,1751772.511436755,151926.4438343755,0,12,0.8825590223400283,37,6.029864771348001,11.843104566415109,6300.314603527087,1672.9864517844023,3.765908921023951,2.01884047679733,311.4107751481832,0.0,0.0,0.0,0.4558012766719627,5.886762360446571,0.8924205378973105,441.888489866285,2508,3.359038829803467
core,200,1500000.0,14,5,exclude,launch,0,0.0,prior,0.0,rr_tour,12600.0,43200,550456.7796081866,0,502664.52552057593,47792.25408761061,0,1,0.5540885483560961,1,5.1150318495492835,11.302290890720883,7486.75482575108,1753.9957301517054,4.268399687098178,2.01773895573625,310.7377746069339,0.0,0.0,0.0,0.5463528595994565,8.655452436194896,0.9526315789473684,437.17454436322384,1724,3.0154001712799072
core,200,1500000.0,18,5,exclude,launch,0,0.0,prior,0.0,rr_tour,12600.0,43200,3078800.89086467,0,2908613.8375488217,170187.0533158482,0,20,0.9273259034620386,51,5.1150318495492835,11.80952256336536,7486.75482575108,1675.796024536221,4.467581206861408,2.0211869953220827,312.84686382448314,0.0,0.0,0.0,0.4331990498727347,4.8835542816194915,0.8789473684210526,477.92523557168056,2791,1.8221750259399414
core,200,1500000.0,11,6,exclude,launch,0,0.0,prior,0.0,rr_tour,12600.0,43200,460764.64267466665,0,428875.846644721,31888.79602994568,0,1,0.4443308943232091,1,4.910322515263031,12.590393291206952,7812.771097824855,1577.081847271925,4.953941427542,2.014496243496218,308.76078842038123,0.0,0.0,0.0,0.6960604130746757,14.227871939736346,0.9715639810426541,432.90633462211395,1062,1.7381649017333984
core,200,1500000.0,15,6,exclude,launch,0,0.0,prior,0.0,rr_tour,12600.0,43200,504770.2099986593,0,470459.9342800044,34310.27571865493,0,1,0.4055612792773763,18,4.910322515263031,11.181864787895991,7812.771097824855,1771.437948609556,4.410411950335198,2.019388184173178,311.74568100956657,0.0,0.0,0.0,0.5175447415795931,6.633333333333334,0.969047619047619,502.3819780656587,1950,1.5696632862091064
core,200,1500000.0,12,6,exclude,launch,0,0.0,prior,0.0,rr_tour,12600.0,43200,440109.72963631694,0,409822.78902271675,30286.94061360018,0,1,0.4651872879836593,1,4.910322515263031,13.078600851596645,7812.771097824855,1518.8855168123425,5.143752449639112,2.0136021428680912,308.2167912080359,0.0,0.0,0.0,0.6522081731507432,13.24575586095392,0.9644549763033176,398.8139641801932,1237,1.8088138103485107
core,200,1500000.0,9,6,exclude,launch,0,0.0,prior,0.0,rr_tour,12600.0,43200,459049.4916936062,0,427253.03760722844,31796.45408637778,0,1,0.4459941023444052,1,4.910322515263031,14.063141191157879,7812.771097824855,1412.2291187560413,5.532226317997689,2.014060408341208,308.4955535295414,0.0,0.0,0.0,0.8798914737519836,22.117391304347827,0.9691943127962085,427.2925115077618,690,2.293895721435547
core,200,1500000.0,16,5,exclude,launch,0,0.0,prior,0.0,rr_tour,12600.0,43200,1172904.6200407776,0,1099325.0134210463,73579.6066197312,0,6,0.7932024677122782,23,5.1150318495492835,11.489182785371545,7486.75482575108,1723.890847221694,4.342940179662243,2.01958012765392,311.8630910120351,0.0,0.0,0.0,0.48172514651487947,6.44668458781362,0.9368421052631579,453.35050263206256,2232,3.003532648086548
core,200,1500000.0,17,5,exclude,launch,0,0.0,prior,0.0,rr_tour,12600.0,43200,2114705.986384192,0,2002145.8187368112,112560.16764738053,0,13,0.8903854217765875,38,5.1150318495492835,11.549913341168326,7486.75482575108,1714.1761285510693,4.367552844222233,2.0203463284114087,312.33198897079274,0.0,0.0,0.0,0.45954286161193464,5.6756539235412475,0.9184210526315789,462.06731067934487,2485,3.000540018081665
core,200,1500000.0,10,6,exclude,launch,0,0.0,prior,0.0,rr_tour,12600.0,43200,471728.91706738283,0,439061.92634785885,32666.99071952397,0,1,0.4339936137171556,1,4.910322515263031,12.178833087592603,7812.771097824855,1629.8938089355556,4.793423384390414,2.0150925749248527,309.1238807002703,0.0,0.0,0.0,0.7672862208851473,16.580571428571428,0.966824644549763,450.44968928085126,875,2.386932849884033
core,200,1500000.0,11,7,exclude,launch,0,0.0,prior,0.0,rr_tour,12600.0,43200,259174.8770559712,0,253073.79913316522,6101.07792280601,0,1,0.11836455483537114,1,5.136971107610754,12.360277800747063,7453.356364169037,1606.4566483700473,4.63962496076779,2.014479022780306,308.7503062983854,0.0,0.0,0.0,0.7116373817473768,15.31791907514451,0.9777777777777777,410.76222038633006,1038,1.724604845046997
core,200,1500000.0,13,6,exclude,launch,0,0.0,prior,0.0,rr_tour,12600.0,43200,477915.2398374562,0,445136.052005453,32779.18783200324,0,1,0.4283881215165996,1,4.910322515263031,11.402596265136324,7812.771097824855,1739.2274744903013,4.492092732214036,2.0169719410121516,310.26957864180713,0.0,0.0,0.0,0.5842286732200296,9.466889632107023,0.966824644549763,461.4963147804914,1495,2.4939610958099365
core,200,1500000.0,16,6,exclude,launch,0,0.0,prior,0.0,rr_tour,12600.0,43200,1051077.1445563652,0,969985.763173512,81091.38138285321,0,4,0.6835499626213928,32,4.910322515263031,10.76429418023712,7812.771097824855,1836.1194129605333,4.255045201677625,2.023827583521852,314.4668762340584,0.0,0.0,0.0,0.4869569349033269,5.15475113122172,0.9407582938388626,572.8588712997088,2210,2.4049699306488037
core,200,1500000.0,14,6,exclude,launch,0,0.0,prior,0.0,rr_tour,12600.0,43200,490152.72313775466,0,455968.40075014083,34184.322387613756,0,1,0.4176948527039884,1,4.910322515263031,11.234799919103692,7812.771097824855,1764.3047359518223,4.4282435673505995,2.0179994752103063,310.89687945853774,0.0,0.0,0.0,0.5505967472043308,7.966627634660422,0.9644549763033176,479.89140516557273,1708,2.6300082206726074
core,200,1500000.0,9,7,exclude,launch,0,0.0,prior,0.0,rr_tour,12600.0,43200,295003.8590935576,0,287243.31701879203,7760.542074765574,0,1,0.10398887337102004,1,5.136971107610754,11.846800127571042,7453.356364169037,1675.0833604428283,4.449543551192971,2.0156842641912673,309.4843573577268,0.0,0.0,0.0,0.8671222324906152,19.86409155937053,0.9703703703703703,471.82741487686735,699,2.2534584999084473
core,200,1500000.0,10,7,exclude,launch,0,0.0,prior,0.0,rr_tour,12600.0,43200,264705.94285562163,0,257410.1299056572,7295.812949964429,0,1,0.11589131175636024,1,5.136971107610754,12.728452276248737,7453.356364169037,1559.9166032716118,4.778047972909012,2.0145730142746796,308.80752038832276,0.0,0.0,0.0,0.7707653084077338,18.074285714285715,0.9679012345679012,413.34589067058323,875,2.354482412338257
core,200,1500000.0,17,6,exclude,launch,0,0.0,prior,0.0,rr_tour,12600.0,43200,3252326.0522277607,0,3025525.697750017,226800.3544777435,0,19,0.9206757039976512,42,4.910322515263031,11.494683969714973,7812.771097824855,1722.4955379606072,4.535727916645279,2.0202487667074847,312.27226379044293,0.0,0.0,0.0,0.45975372390897234,5.027777777777778,0.883054892601432,521.6779036718526,2484,2.7050347328186035
core,200,1500000.0,16,7,exclude,launch,0,0.0,prior,0.0,rr_tour,12600.0,43200,467694.07311694114,0,454648.11520095833,13045.957915982844,0,2,0.30531508359066556,26,5.136971107610754,10.704836909873487,7453.356364169037,1845.5995231224842,4.038447274606492,2.024615078190525,314.9508175366125,0.0,0.0,0.0,0.48768211297224806,5.094741613780599,0.9653465346534653,580.4913150291753,2206,2.187009334564209
core,200,1500000.0,10,8,exclude,launch,0,0.0,prior,0.0,rr_tour,12600.0,43200,374012.620528011,0,361795.9643399185,12216.656188092551,0,1,0.34285921751234605,1,5.966948405413719,11.739379524998025,6370.260745628138,1690.7890125353415,3.7676260600226628,2.0152337651810903,309.2098793891318,0.0,0.0,0.0,0.7791171223660172,16.587006960556845,0.9845360824742269,458.112986317944,862,1.5062456130981445
core,200,1500000.0,18,7,exclude,launch,0,0.0,prior,0.0,rr_tour,12600.0,43200,3346078.010589299,0,3147491.4588969243,198586.55169237434,0,22,0.9368731124898326,53,5.136971107610754,12.101686501962298,7453.356364169037,1636.3441493794103,4.554883132008478,2.0199445379625836,312.08605815591244,0.0,0.0,0.0,0.431098601241448,4.944444444444445,0.8312655086848635,468.08155903880834,2808,1.7988245487213135
core,200,1500000.0,18,6,exclude,launch,0,0.0,prior,0.0,rr_tour,12600.0,43200,4678008.525073316,0,4364627.04833081,313381.4767425054,0,28,0.9544615053840699,54,4.910322515263031,11.955407900478908,7812.771097824855,1657.241180073092,4.714323534659135,2.0188770763216914,311.4331489961513,0.0,0.0,0.0,0.4364564236837955,4.910958904109589,0.85,478.6544927977774,2774,2.8177337646484375
core,200,1500000.0,12,7,exclude,launch,0,0.0,prior,0.0,rr_tour,12600.0,43200,254944.09756468114,0,248766.80770958305,6177.289855098069,0,1,0.12032880635512325,1,5.136971107610754,12.300190925828687,7453.356364169037,1614.233994180827,4.617271344202723,2.014566694420176,308.8036732280046,0.0,0.0,0.0,0.6502635918217005,13.286176232821342,0.9679012345679012,396.94113414399203,1237,2.6461002826690674
core,200,1500000.0,13,7,exclude,launch,0,0.0,prior,0.0,rr_tour,12600.0,43200,265754.1331809075,0,259103.65458218276,6650.4785987247415,0,1,0.11543421199157435,1,5.136971107610754,11.965905149753334,7453.356364169037,1658.5297093723652,4.4939540859895715,2.01553887857361,309.3957641683637,0.0,0.0,0.0,0.5937089272037117,10.50441876274643,0.9801980198019802,422.7333646878924,1471,2.5885884761810303
core,200,1500000.0,12,8,exclude,launch,0,0.0,prior,0.0,rr_tour,12600.0,43200,366200.2120661727,0,354412.5383599084,11787.673706264266,0,1,0.350173676007602,1,5.966948405413719,11.593654871075962,6370.260745628138,1711.7724183476537,3.7214414003569747,2.015550106517206,309.40260565413234,0.0,0.0,0.0,0.6428993376203243,11.696969696969697,0.9870466321243523,445.5102448927711,1254,1.6506624221801758
core,200,1500000.0,11,8,exclude,launch,0,0.0,prior,0.0,rr_tour,12600.0,43200,350508.67965576384,0,340020.3887586526,10488.290897111265,0,1,0.365850211013078,1,5.966948405413719,12.44079246831862,6370.260745628138,1596.3541971929612,3.990505839386799,2.0141076890894256,308.5243215210885,0.0,0.0,0.0,0.718552383630048,15.319727891156463,0.9896373056994818,414.7967913601179,1029,1.7017924785614014
core,200,1500000.0,14,7,exclude,launch,0,0.0,prior,0.0,rr_tour,12600.0,43200,267268.2218876217,0,260560.48419556062,6707.737692061086,0,1,0.11478027103476975,1,5.136971107610754,11.88028701464038,7453.356364169037,1670.0060864762256,4.4630713771204835,2.016113624482233,309.74606935752615,0.0,0.0,0.0,0.554505790149015,9.040070713022981,0.9727722772277227,425.2420492575546,1697,2.673152446746826
core,200,1500000.0,15,7,exclude,launch,0,0.0,prior,0.0,rr_tour,12600.0,43200,294213.9477010588,0,285530.5583953336,8683.389305725226,0,1,0.10426806474318587,14,5.136971107610754,11.29787354288441,7453.356364169037,1753.6753097257363,4.250134744347114,2.0188966827136006,311.44513501343397,0.0,0.0,0.0,0.519188101680842,7.120103092783505,0.9678217821782178,472.314954210727,1940,2.7211802005767822
core,200,1500000.0,17,7,exclude,launch,0,0.0,prior,0.0,rr_tour,12600.0,43200,2062971.3309058973,0,1954642.0287472294,108329.30215866804,0,14,0.872752066115619,36,5.136971107610754,11.378800781978736,7453.356364169037,1738.3479693084032,4.287608980343753,2.0222124637448897,313.47549631061923,0.0,0.0,0.0,0.4572354796440471,4.891513210568455,0.8836633663366337,533.4546789131969,2498,2.4745750427246094
core,200,1500000.0,17,8,exclude,launch,0,0.0,prior,0.0,rr_tour,12600.0,43200,2172038.756284826,0,2027916.7953204208,144121.96096440518,0,13,0.8895117642903527,43,5.966948405413719,11.4753324549186,6370.260745628138,1724.7314713484056,3.6934797395723455,2.0210321714984474,312.7520085704503,0.0,0.0,0.0,0.45932318786210646,5.164323021293693,0.9300518134715026,507.4385525652766,2489,1.773498296737671
core,200,1500000.0,13,8,exclude,launch,0,0.0,prior,0.0,rr_tour,12600.0,43200,355266.0595413626,0,344267.49419470556,10998.565346657073,0,1,0.36095109839516226,1,5.966948405413719,11.744540822357221,6370.260745628138,1689.704898894953,3.7700433666223097,2.015640547987971,309.4577168151919,0.0,0.0,0.0,0.5955064480036664,10.482264665757162,0.9870466321243523,424.699229379488,1466,2.6102941036224365
core,200,1500000.0,15,8,exclude,launch,0,0.0,prior,0.0,rr_tour,12600.0,43200,388067.3548702712,0,375527.08890170587,12540.265968565376,0,1,0.3304417978081226,13,5.966948405413719,11.263657337976056,6370.260745628138,1758.7365386355086,3.6220665265591263,2.0192020339552776,311.6318358055727,0.0,0.0,0.0,0.5144604785019272,6.8779366700715014,0.9818652849740933,483.98988454537465,1958,2.4877734184265137
core,200,1500000.0,15,9,exclude,launch,0,0.0,prior,0.0,rr_tour,12600.0,43200,451512.0787652975,0,419586.83379509044,31925.24497020701,0,1,0.4008534236941355,11,5.152246859207978,11.278661936839098,7430.26982720097,1756.7986198785793,4.229437422779005,2.0187401948895234,311.3494754050634,0.0,0.0,0.0,0.5161700115321108,6.847058823529411,0.9747474747474747,487.54714901956646,1955,1.6858012676239014
core,200,1500000.0,9,9,exclude,launch,0,0.0,prior,0.0,rr_tour,12600.0,43200,445615.5523107653,0,413859.9342204425,31755.61809032283,0,1,0.4061618888930818,1,5.152246859207978,12.893688582355509,7430.26982720097,1539.9203236722333,4.825100177574172,2.0145802125248222,308.81190229407406,0.0,0.0,0.0,0.869329692352749,21.288184438040346,0.9748110831234257,443.279818366796,694,2.3318216800689697
core,200,1500000.0,16,9,exclude,launch,0,0.0,prior,0.0,rr_tour,12600.0,43200,570608.4941843385,0,534186.6115883033,36421.88259603512,0,2,0.48012301787562905,24,5.152246859207978,10.912303523749802,7430.26982720097,1812.1946238763107,4.1001500221358755,2.0227337289183405,313.7952840801642,0.0,0.0,0.0,0.48597604483527695,5.481916817359855,0.9646464646464646,537.7703449828921,2212,1.6273651123046875
core,200,1500000.0,16,8,exclude,launch,0,0.0,prior,0.0,rr_tour,12600.0,43200,970468.236831303,0,915848.9517566855,54619.28507461747,0,5,0.7270445608891997,25,5.966948405413719,11.099914643805874,6370.260745628138,1782.6341468718815,3.573509885248468,2.021520411768751,313.0511854980595,0.0,0.0,0.0,0.4854878494811521,5.7383642114776325,0.961139896373057,513.2780952689919,2213,2.66339373588562
core,200,1500000.0,14,8,exclude,launch,0,0.0,prior,0.0,rr_tour,12600.0,43200,364942.03481782286,0,354226.4094255854,10715.625392237398,0,1,0.3513809377371086,1,5.966948405413719,11.318368966629073,6370.260745628138,1751.8702965270224,3.636262774850853,2.0173172160563055,310.48029542536545,0.0,0.0,0.0,0.5542882761328891,8.64075382803298,0.9844559585492227,444.8649351990051,1698,2.825939655303955
core,200,1500000.0,12,10,exclude,launch,0,0.0,prior,0.0,rr_tour,12600.0,43200,400746.54455191246,0,393159.1886909254,7587.35586098706,0,1,0.3889409720406539,1,5.798634922030512,11.826839349026068,6564.841933405682,1678.8515998465386,3.9103169893073124,2.0145543328913003,308.79614831655346,0.0,0.0,0.0,0.6577447908112856,12.402120717781402,0.9774436090225563,428.62489259896205,1226,1.6683704853057861
core,200,1500000.0,11,10,exclude,launch,0,0.0,prior,0.0,rr_tour,12600.0,43200,384627.79574458464,0,377347.3986473665,7280.397097218117,0,1,0.40524047482896874,1,5.798634922030512,12.685757718257143,6564.841933405682,1565.7762817150685,4.192707483226723,2.013788556160035,308.33017098031445,0.0,0.0,0.0,0.7091255784934647,15.295977011494253,0.9799498746867168,409.62432939959814,1044,1.6988813877105713
core,200,1500000.0,18,8,exclude,launch,0,0.0,prior,0.0,rr_tour,12600.0,43200,3446645.2310435507,0,3179481.518078589,267163.7129649619,0,21,0.9339834548923241,47,5.966948405413719,11.560246555678773,6370.260745628138,1710.8161844196204,3.7235214417785003,2.0225047232059485,313.65477269354204,0.0,0.0,0.0,0.4367006319691461,4.473114399133887,0.8730569948186528,525.9288106181926,2771,2.6398956775665283
core,200,1500000.0,10,9,exclude,launch,0,0.0,prior,0.0,rr_tour,12600.0,43200,418921.8454738902,0,388822.9998114386,30098.845662451582,0,1,0.43200856722996767,1,5.152246859207978,12.838302717267014,7430.26982720097,1547.0336535355184,4.802914151363274,2.013968243507686,308.4394796526187,0.0,0.0,0.0,0.7889501524230736,18.129411764705882,0.9823232323232324,422.51682539231507,850,2.5463502407073975
core,200,1500000.0,12,9,exclude,launch,0,0.0,prior,0.0,rr_tour,12600.0,43200,412485.4473204707,0,382959.5898555809,29525.85746488982,0,1,0.43877732862077207,1,5.152246859207978,12.102383678998288,7430.26982720097,1640.3244682527347,4.529756137281581,2.0149269746750766,309.0230291769312,0.0,0.0,0.0,0.6332938049156142,12.45447409733124,0.9848866498740554,411.6552492500965,1274,2.610982894897461
core,200,1500000.0,11,9,exclude,launch,0,0.0,prior,0.0,rr_tour,12600.0,43200,394809.2170540413,0,366341.72332154197,28467.493732499323,0,1,0.45842263932985633,1,5.152246859207978,13.532721662804414,7430.26982720097,1468.2012786934397,5.060797817730555,2.0132107645796995,307.9788160380538,0.0,0.0,0.0,0.7079155686836784,16.584291187739463,0.9773299748110831,377.43979633429467,1044,2.9115469455718994
core,200,1500000.0,16,10,exclude,launch,0,0.0,prior,0.0,rr_tour,12600.0,43200,1943424.3721818076,0,1826113.7329723705,117310.63920943727,0,8,0.8507857699795721,33,5.798634922030512,10.806277182086124,6564.841933405682,1829.587917379517,3.5881533054767747,2.023161746006778,314.0579875474917,0.0,0.0,0.0,0.48363810061336837,5.183535762483131,0.9398496240601504,565.9514379247962,2223,1.5282869338989258
core,200,1500000.0,10,10,exclude,launch,0,0.0,prior,0.0,rr_tour,12600.0,43200,392299.3508662738,0,384556.157806277,7743.193059996784,0,1,0.3973158513664874,1,5.798634922030512,12.449929464313891,6564.841933405682,1595.115971583611,4.115589117252829,2.0141918615484977,308.57553960936224,0.0,0.0,0.0,0.7880813679817845,18.118405627198126,0.975,423.26309894608374,853,2.3702807426452637
core,200,1500000.0,15,10,exclude,launch,0,0.0,prior,0.0,rr_tour,12600.0,43200,464815.33804339304,0,453054.110789467,11761.227253925981,0,1,0.33533048034960355,20,5.798634922030512,10.574410948196103,6564.841933405682,1870.746781845518,3.5092092618378703,2.022035613201962,313.3670383959332,0.0,0.0,0.0,0.516656183512045,6.023065094823168,0.9724310776942355,555.0600607949506,1951,2.161659002304077
core,200,1500000.0,14,9,exclude,launch,0,0.0,prior,0.0,rr_tour,12600.0,43200,411756.03767233243,0,382519.7041879779,29236.333484354545,0,1,0.43955375529669316,1,5.152246859207978,11.933057790867652,7430.26982720097,1663.1763270451256,4.467517788929767,2.0154403665415717,309.33574140062444,0.0,0.0,0.0,0.5581690778173088,9.252962085308058,0.9722921914357683,417.87877038979923,1688,2.7138586044311523
core,200,1500000.0,18,9,exclude,launch,0,0.0,prior,0.0,rr_tour,12600.0,43200,3534533.338358119,0,3356324.414367447,178208.92399067158,0,22,0.9401699978327642,49,5.152246859207978,12.003796789520607,7430.26982720097,1650.347487422801,4.502245668761646,2.0191378049543207,311.59255964613345,0.0,0.0,0.0,0.4365921651414784,4.949042284062161,0.898989898989899,473.68564209812723,2767,2.5378124713897705
core,200,1500000.0,17,9,exclude,launch,0,0.0,prior,0.0,rr_tour,12600.0,43200,1702787.4114932043,0,1614532.3744235258,88255.0370696786,0,11,0.8532529659869049,41,5.152246859207978,11.586489823895647,7430.26982720097,1708.3791727295347,4.349309536084649,2.0208023515725397,312.611232292808,0.0,0.0,0.0,0.4557199745775977,5.237734343837256,0.9166666666666666,496.3669540285915,2507,2.588822364807129
core,200,1500000.0,13,10,exclude,launch,0,0.0,prior,0.0,rr_tour,12600.0,43200,394056.50139552885,0,385453.7759536061,8602.725441922646,0,1,0.39554416696072586,1,5.798634922030512,11.69204232466026,6564.841933405682,1697.4762518068085,3.8674131236993783,2.015421584618353,309.32429835265424,0.0,0.0,0.0,0.5977945065236625,10.442544459644322,0.9799498746867168,427.9530933510095,1462,2.549863338470459
core,200,1500000.0,13,9,exclude,launch,0,0.0,prior,0.0,rr_tour,12600.0,43200,406143.8480942734,0,377115.09907160467,29028.749022668784,0,1,0.4456244874108773,1,5.152246859207978,12.077853593622521,7430.26982720097,1643.7137394174506,4.520415963569384,2.0148561494743014,308.9799012377417,0.0,0.0,0.0,0.597566030901769,11.071868583162217,0.9722921914357683,403.93870042412084,1461,2.9741575717926025
core,200,1500000.0,14,10,exclude,launch,0,0.0,prior,0.0,rr_tour,12600.0,43200,412824.2332994323,0,404767.3321108755,8056.901188556807,0,1,0.377562017942147,1,5.798634922030512,11.15039121269985,6564.841933405682,1778.149153343285,3.691952343290456,2.017444978436565,310.5582852437345,0.0,0.0,0.0,0.5556219126262212,8.275678866587958,0.974937343358396,465.67561052974804,1694,2.6589536666870117
core,200,1500000.0,10,11,exclude,launch,0,0.0,prior,0.0,rr_tour,12600.0,43200,327463.11217385536,0,315147.909521151,12315.202652704322,0,1,0.22576793000757228,1,5.637899989482576,13.018594709249587,6761.506957310247,1525.5018762659436,4.432316382239245,2.0141097800713657,308.5255938109181,0.0,0.0,0.0,0.7791908188995683,16.572916666666668,0.9757281553398058,457.5767973824847,864,1.4867546558380127
core,200,1500000.0,12,11,exclude,launch,0,0.0,prior,0.0,rr_tour,12600.0,43200,344613.93154637364,0,330559.0556362393,14054.875910134358,0,1,0.21453186369332783,1,5.637899989482576,11.621344646713112,6761.506957310247,1707.6620427404807,3.959511184343761,2.01558763375714,309.42547255212816,0.0,0.0,0.0,0.641513321402737,11.055555555555555,0.9733009708737864,468.6304660791594,1260,1.5511610507965088
core,200,1500000.0,16,11,exclude,launch,0,0.0,prior,0.0,rr_tour,12600.0,43200,1251168.053992182,0,1153779.4995866574,97388.55440552473,0,5,0.7342962520815887,36,5.637899989482576,10.646824423026494,6761.506957310247,1856.0826437360888,3.6428911073162578,2.0241495183833287,314.6646708014413,0.0,0.0,0.0,0.48869334855030194,4.764090909090909,0.9537712895377128,622.1203511474904,2200,1.4081308841705322
core,200,1500000.0,15,11,exclude,launch,0,0.0,prior,0.0,rr_tour,12600.0,43200,373067.72148339264,0,358385.4966656395,14682.224817753138,0,1,0.19816956743233016,18,5.637899989482576,11.045609877716114,6761.506957310247,1792.9887843661095,3.7710815685334587,2.0197272183179527,311.95307993354083,0.0,0.0,0.0,0.5188331088311865,6.217078189300412,0.9733009708737864,540.3005960686223,1944,1.5256643295288086
core,200,1500000.0,17,10,exclude,launch,0,0.0,prior,0.0,rr_tour,12600.0,43200,3731728.088413239,0,3521802.6890821294,209925.39933110971,0,21,0.941188132266448,44,5.798634922030512,11.59632749698181,6564.841933405682,1707.8843198336472,3.8438446077220947,2.0196730392973943,311.91993212099567,0.0,0.0,0.0,0.4556554508200626,5.274431591543678,0.8771929824561403,492.3355642948371,2507,2.3048980236053467
core,200,1500000.0,18,10,exclude,launch,0,0.0,prior,0.0,rr_tour,12600.0,43200,5063529.371513062,0,4778255.675742091,285273.69577097206,0,30,0.9600868034506871,53,5.798634922030512,11.896257180460555,6564.841933405682,1664.5744038524194,3.943856110133794,2.0199770473762646,312.10595315232064,0.0,0.0,0.0,0.4296824514337795,4.5955334987593055,0.8245614035087719,503.0702894797053,2821,2.3498966693878174
core,200,1500000.0,17,11,exclude,launch,0,0.0,prior,0.0,rr_tour,12600.0,43200,3425611.9180759806,0,3219212.525565138,206399.3925108427,0,19,0.9204577331350401,43,5.637899989482576,11.141826035910432,6761.506957310247,1774.1922143723818,3.8110340596337933,2.0234987895800813,314.2649316815673,0.0,0.0,0.0,0.4545396339067187,4.313320079522863,0.8832116788321168,600.7136412043155,2515,2.0197396278381348
core,200,1500000.0,11,11,exclude,launch,0,0.0,prior,0.0,rr_tour,12600.0,43200,333984.6066465412,0,321332.22069948766,12652.385947053497,0,1,0.22135951034285437,1,5.637899989482576,11.65310250116841,6761.506957310247,1703.2680482917713,3.9697257070555905,2.0152801408314627,309.2381293100265,0.0,0.0,0.0,0.7042114639573308,13.266666666666667,0.9733009708737864,469.07147276335,1050,2.251772880554199
core,200,1500000.0,14,11,exclude,launch,0,0.0,prior,0.0,rr_tour,12600.0,43200,371013.149201781,0,356524.3202434271,14488.828958353897,0,1,0.19926697786422823,1,5.637899989482576,10.983680266745703,6761.506957310247,1803.9698162065347,3.748126435689836,2.0187514074231876,311.3563290380175,0.0,0.0,0.0,0.5496157215565328,7.106308411214953,0.975669099756691,535.6255444518546,1712,2.233880043029785
core,200,1500000.0,13,11,exclude,launch,0,0.0,prior,0.0,rr_tour,12600.0,43200,328226.562316404,0,316968.0350255824,11258.527290821614,0,1,0.22524279713249143,1,5.637899989482576,11.832264410322647,6761.506957310247,1677.4823155273334,4.030747087300709,2.015274338467731,309.23459470532663,0.0,0.0,0.0,0.6024878439027278,9.96278428669883,0.9733009708737864,451.95715239286545,1451,2.4344396591186523
core,200,1500000.0,9,12,exclude,launch,0,0.0,prior,0.0,rr_tour,12600.0,43200,318387.1915042147,0,307956.559220324,10430.63228389075,0,1,0.13308554801444714,1,5.280353234319941,11.39523778227719,7241.91745481808,1741.5234091486275,4.158380769833241,2.015613613173599,309.44130337906,0.0,0.0,0.0,0.8745423846949563,19.88712011577424,0.9775561097256857,476.86693790156704,691,1.858569860458374
core,200,1500000.0,11,12,exclude,launch,0,0.0,prior,0.0,rr_tour,12600.0,43200,277250.8147506416,0,269536.0774630988,7714.737287542781,0,1,0.15283177400300615,1,5.280353234319941,12.68504298327872,7241.91745481808,1565.852278120775,4.624904632453143,2.013804280617334,308.3397358194093,0.0,0.0,0.0,0.7100118405495763,15.31190019193858,0.9825436408977556,410.15733759817465,1042,1.7385289669036865
core,200,1500000.0,16,12,exclude,launch,0,0.0,prior,0.0,rr_tour,12600.0,43200,1495340.2117109708,0,1395711.4304804755,99628.78123049535,0,10,0.785040812195275,36,5.280353234319941,10.625993679973359,7241.91745481808,1859.6439869760884,3.8942493861924325,2.024233592949475,314.71633587785715,0.0,0.0,0.0,0.48368767335669716,4.871794871794871,0.9326683291770573,602.3310534740243,2223,1.7730505466461182
core,200,1500000.0,10,12,exclude,launch,0,0.0,prior,0.0,rr_tour,12600.0,43200,310250.1223486746,0,299873.7008481847,10376.42150048984,0,1,0.1365760423923342,1,5.280353234319941,11.290242643391926,7241.91745481808,1757.877897508827,4.1196931055797155,2.0154313516537883,309.3302489764316,0.0,0.0,0.0,0.7823824757026302,16.607226107226108,0.985,457.47179295482005,858,2.0271122455596924
core,200,1500000.0,18,11,exclude,launch,0,0.0,prior,0.0,rr_tour,12600.0,43200,4548733.118537597,0,4283286.915983179,265446.2025544188,0,30,0.9531364634066989,54,5.637899989482576,11.76052850874994,6761.506957310247,1683.5877728609885,4.016129759495786,2.020214059890701,312.2510183996001,0.0,0.0,0.0,0.43452581350893993,4.475574712643678,0.8223844282238443,522.7201019263439,2784,2.6519885063171387
core,200,1500000.0,13,12,exclude,launch,0,0.0,prior,0.0,rr_tour,12600.0,43200,296939.6199702944,0,288007.8398795083,8931.780090786104,0,1,0.14269814808262343,1,5.280353234319941,11.546949637587208,7241.91745481808,1718.4330417064405,4.2142564063053065,2.015858782394072,309.59071973014983,0.0,0.0,0.0,0.5933038884491947,9.944935418082936,0.9825,445.44363616612986,1471,2.0291004180908203
core,200,1500000.0,12,12,exclude,launch,0,0.0,prior,0.0,rr_tour,12600.0,43200,285106.08228944277,0,277030.8877871826,8075.194502260183,0,1,0.14862093969325513,1,5.280353234319941,11.7726995084774,7241.91745481808,1686.3367055859155,4.294467072222024,2.0148357083050783,308.9674544553208,0.0,0.0,0.0,0.6510346655119293,12.439773645917542,0.9800498753117207,424.5458244255801,1237,2.101116180419922
core,200,1500000.0,17,12,exclude,launch,0,0.0,prior,0.0,rr_tour,12600.0,43200,3498051.1196556916,0,3238644.0293000964,259407.09035559514,0,21,0.9240524180289295,48,5.280353234319941,11.06245173316078,7241.91745481808,1787.7829849455204,4.050781060005874,2.0225245545751855,313.66693941275446,0.0,0.0,0.0,0.4608225323017558,4.601209677419355,0.86,571.6419082188153,2480,1.8904788494110107
core,200,1500000.0,18,12,exclude,launch,0,0.0,prior,0.0,rr_tour,12600.0,43200,5262969.984241059,0,4914685.399525857,348284.5847152025,0,32,0.9612753215751819,62,5.280353234319941,11.71058977608834,7241.91745481808,1690.9436665722626,4.2827668348634464,2.0200033239316806,312.1220342495029,0.0,0.0,0.0,0.43453207864543586,4.664511494252873,0.815,500.40203129925493,2784,1.9164810180664062
core,200,1500000.0,14,12,exclude,launch,0,0.0,prior,0.0,rr_tour,12600.0,43200,310700.2092678763,0,301555.6229159695,9144.586351906775,0,1,0.13637819543786261,1,5.280353234319941,11.171629209123024,7241.91745481808,1775.1043410615257,4.0797136750211305,2.017063601076872,310.3255105906365,0.0,0.0,0.0,0.5622570784925907,8.30047789725209,0.9825436408977556,470.17399083696654,1674,2.15912127494812
core,200,1500000.0,15,12,exclude,launch,0,0.0,prior,0.0,rr_tour,12600.0,43200,367972.530149458,0,353284.77721150254,14687.752937955389,0,1,0.11515189420500772,21,5.280353234319941,10.572622980670955,7241.91745481808,1871.4351262558598,3.8697133302754816,2.021633702116422,313.12062639003176,0.0,0.0,0.0,0.5208998416502352,6.046511627906977,0.9825,557.1722465874976,1935,2.2406258583068848
core,200,3000000.0,20,2,exclude,launch,0,0.0,prior,0.0,rr_tour,12600.0,43200,325199.16339627624,0,307389.50067222264,17809.66272405357,0,1,0.4305951801658487,1,10.318446573287495,24.418163249948478,7419.771693842448,1631.8679451159367,4.54679664249138,2.0076683955320256,304.6186786062262,0.0,0.0,0.004670912951167728,0.7542406212896049,12.837183098591549,0.9773869346733668,287.4135773905574,1775,2.9819343090057373
core,200,3000000.0,20,1,exclude,launch,0,0.0,prior,0.0,rr_tour,12600.0,43200,256744.87380668725,0,251388.71518606463,5356.158620622641,0,1,0.2897276274623862,1,11.63475047648417,25.65497994864611,6542.619886436506,1553.390998957756,4.211830692225114,2.0074166552392896,304.4664951760552,0.0,0.0,0.005076142131979695,0.7529351751942358,13.284026996625421,0.9878345498783455,277.35703345532653,1778,3.0749435424804688
core,200,3000000.0,21,1,exclude,launch,0,0.0,prior,0.0,rr_tour,12600.0,43200,252889.84650059137,0,247766.62503820105,5123.221462390327,0,1,0.29414420618491977,1,11.63475047648417,25.521761715223537,6542.619886436506,1561.4616422630468,4.190061228115858,2.0074651626425872,304.4958161815363,0.0,0.0,0.007671653241273495,0.7126785087614469,12.25922131147541,0.9829683698296837,273.6439422569273,1952,3.1974551677703857
core,200,3000000.0,21,2,exclude,launch,0,0.0,prior,0.0,rr_tour,12600.0,43200,317731.70657132345,0,300149.78801769717,17581.918553626285,0,1,0.44071519919579666,1,10.318446573287495,24.312248685152426,7419.771693842448,1638.9758400003584,4.527078137918632,2.007669890690673,304.6195825813659,0.0,0.0,0.007321772639691715,0.7157310583761236,12.063589743589743,0.9798994974874372,277.41082154351324,1950,3.212955951690674
core,200,3000000.0,24,1,exclude,launch,0,0.0,prior,0.0,rr_tour,12600.0,43200,235951.34775586997,0,232106.78688408868,3844.560871781279,0,1,0.315260259619737,1,11.63475047648417,24.51930269147007,6542.619886436506,1624.9515311020195,4.026347716352741,2.0078971372438748,304.75699177931955,0.0,0.0,0.010224948875255624,0.6158233339549172,10.031468531468532,0.9829683698296837,251.49060087562466,2574,3.548581838607788
core,200,3000000.0,23,2,exclude,launch,0,0.0,prior,0.0,rr_tour,12600.0,43200,304779.3363474249,0,288396.8197462532,16382.516601171668,0,1,0.4594445083795993,1,10.318446573287495,24.776038684703384,7419.771693842448,1608.3746756877806,4.613210967568593,2.00757089190651,304.559730665184,0.0,0.0,0.008687258687258687,0.6527940170345404,10.696995708154507,0.9849246231155779,262.6470752541775,2330,3.4990830421447754
core,200,3000000.0,33,1,exclude,launch,0,0.0,prior,0.0,rr_tour,12600.0,43200,1871308.7846796776,0,1755308.68732593,116000.09735374767,0,11,0.9171432024320813,45,11.63475047648417,21.34249676378549,6542.619886436506,1862.2856361333081,3.513220399434024,2.0127900143746915,307.72308396512636,0.0,0.0,0.0,0.4760850517105468,4.724404378622022,0.9197080291970803,296.36268620332305,4659,3.5405805110931396
core,200,3000000.0,24,2,exclude,launch,0,0.0,prior,0.0,rr_tour,12600.0,43200,300968.42014934984,0,284219.8365601977,16748.583589152095,0,1,0.465262077273471,1,10.318446573287495,24.686809166663835,7419.771693842448,1614.0599329464394,4.596961700361262,2.0077302862114497,304.656098924343,0.0,0.0,0.009456264775413711,0.620984331284318,10.016477049823461,0.9849246231155779,255.66293261915774,2549,3.517582416534424
core,200,3000000.0,32,1,exclude,launch,0,0.0,prior,0.0,rr_tour,12600.0,43200,833821.9154979525,0,792541.9701213617,41279.94537659079,0,5,0.7943610287720106,35,11.63475047648417,20.92550808377948,6542.619886436506,1899.272048209928,3.444803967184666,2.012921314402539,307.8028767512904,0.0,0.0,0.0,0.4918071285928172,4.876371115173675,0.9562043795620438,305.7899612333434,4376,3.7411210536956787
core,200,3000000.0,22,2,exclude,launch,0,0.0,prior,0.0,rr_tour,12600.0,43200,311086.49532836606,0,293807.3059098621,17279.18941850397,0,1,0.45012944777495073,1,10.318446573287495,24.68067230223606,7419.771693842448,1614.5728387628133,4.595501370831892,2.007591549769412,304.57221935001775,0.0,0.0,0.004869565217391304,0.6792923253588211,11.250925925925927,0.9824120603015075,269.2352366084829,2160,3.7856380939483643
core,200,3000000.0,25,1,exclude,launch,0,0.0,prior,0.0,rr_tour,12600.0,43200,230608.43300428893,0,226630.71491735458,3977.718086934367,0,1,0.32256445344199397,1,11.63475047648417,24.746738451150435,6542.619886436506,1610.250306331574,4.063107369525496,2.007606662457288,304.5813558684946,0.0,0.0,0.005424464334147003,0.603109306322334,9.732780382257483,0.9854014598540146,241.99337326165892,2773,4.004252672195435
core,200,3000000.0,22,1,exclude,launch,0,0.0,prior,0.0,rr_tour,12600.0,43200,248293.2113167233,0,243615.39323914933,4677.818077573951,0,1,0.2995896776906061,1,11.63475047648417,25.199712862577602,6542.619886436506,1581.3876510554364,4.137265067214788,2.007502300534179,304.51826567449893,0.0,0.0,0.006951685783802572,0.6769355854626173,11.371824480369515,0.9829683698296837,264.86856085206875,2165,4.039269924163818
core,200,3000000.0,23,1,exclude,launch,0,0.0,prior,0.0,rr_tour,12600.0,43200,239697.0755858069,0,235876.9630455166,3820.11254029029,0,1,0.31033371170402185,1,11.63475047648417,24.685943597404627,6542.619886436506,1614.2484536994998,4.0530439235932185,2.007566201815532,304.55689531229325,0.0,0.0,0.0038363171355498722,0.6524911955451258,10.88112484022156,0.9854014598540146,256.1676847338423,2347,4.179796934127808
core,200,3000000.0,25,2,exclude,launch,0,0.0,prior,0.0,rr_tour,12600.0,43200,294962.2486801721,0,278800.40852329315,16161.84015687896,0,1,0.47473598054995775,1,10.318446573287495,24.649835767160077,7419.771693842448,1616.4213005350982,4.59024617615854,2.0078043561762255,304.70088609833306,0.0,0.0,0.011500547645125958,0.5997869775181804,9.54127100073046,0.9849246231155779,250.19641364412547,2738,4.149309396743774
core,200,3000000.0,31,1,exclude,launch,0,0.0,prior,0.0,rr_tour,12600.0,43200,234823.7077952808,0,231160.65451390907,3663.0532813717127,0,1,0.31677416155949545,27,11.63475047648417,21.16291554950364,6542.619886436506,1878.7048881235821,3.4825160288858146,2.0121294741362155,307.3218217245755,0.0,0.0,0.0,0.5023762754888083,5.691825415963347,0.9829683698296837,276.4028556589921,4147,4.232807159423828
core,200,3000000.0,29,1,exclude,launch,0,0.0,prior,0.0,rr_tour,12600.0,43200,210123.33103129553,0,207430.487066472,2692.8439648235044,0,1,0.35401153592060364,8,11.63475047648417,22.425143888066387,6542.619886436506,1775.6713322031922,3.684589466406853,2.0090565697279548,305.45854827334404,0.0,0.0,0.0,0.5420923082835369,7.860044518642181,0.9854014598540146,230.8903714721682,3594,4.464328289031982
core,200,3000000.0,26,1,exclude,launch,0,0.0,prior,0.0,rr_tour,12600.0,43200,225432.4491778955,0,221978.01373075947,3454.435447136033,0,1,0.329970611695046,1,11.63475047648417,25.57387467144993,6542.619886436506,1558.121401275773,4.199043720906137,2.0076692242040064,304.6191796223712,0.0,0.0,0.012859304084720122,0.5706018032801988,9.173752929360562,0.9829683698296837,237.98448165850456,2987,4.576838493347168
core,200,3000000.0,26,2,exclude,launch,0,0.0,prior,0.0,rr_tour,12600.0,43200,287566.91364569817,0,271666.1834036765,15900.730242021677,0,1,0.48694472732328,1,10.318446573287495,23.93230975016603,7419.771693842448,1664.8244836678286,4.456789149025313,2.007876133936076,304.7442904073793,0.0,0.0,0.0007616146230007616,0.5862693363617353,9.293364769282586,0.9824120603015075,236.81189894915042,2969,4.60485577583313
core,200,3000000.0,30,1,exclude,launch,0,0.0,prior,0.0,rr_tour,12600.0,43200,221917.25858489628,0,218892.84291105074,3024.4156738455545,0,1,0.3351973777320471,19,11.63475047648417,21.478807147098163,6542.619886436506,1852.4675900507982,3.531840406588217,2.0106163502442245,306.403622214287,0.0,0.0,0.0,0.5223549974469092,6.634784862623121,0.9805352798053528,254.7758550775492,3858,4.687361478805542
core,200,3000000.0,27,1,exclude,launch,0,0.0,prior,0.0,rr_tour,12600.0,43200,217475.8187177162,0,214625.58460740538,2850.234110310813,0,1,0.3420430077685803,1,11.63475047648417,22.710398084709063,6542.619886436506,1753.7897771303121,3.7305610807824707,2.0085733949036375,305.16608787223464,0.0,0.0,0.0,0.5720576107515863,9.024590163934427,0.9829683698296837,228.10503641422582,3172,4.75687050819397
core,200,3000000.0,28,1,exclude,launch,0,0.0,prior,0.0,rr_tour,12600.0,43200,218012.75185939905,0,215051.75163116536,2961.00022823371,0,1,0.34120060646321554,1,11.63475047648417,23.19058159290021,6542.619886436506,1717.6534048590675,3.8090454499889774,2.0083657756532793,305.0404612526519,0.0,0.0,0.0004462293618920125,0.5570031307061672,8.45850622406639,0.9805352798053528,228.8592507219574,3374,4.87988805770874
core,200,3000000.0,34,1,exclude,launch,0,0.0,prior,0.0,rr_tour,12600.0,43200,3121959.905163165,0,2914603.500340772,207356.40482239274,0,19,0.9577184692872345,51,11.63475047648417,22.27940085745172,6542.619886436506,1784.8693396869553,3.66560158828433,2.01177797947589,307.1084039256946,0.0,0.0,0.0,0.4575739587885133,4.764069697576607,0.8734793187347932,274.0207818477479,4993,5.082423686981201
core,200,3000000.0,20,3,exclude,launch,0,0.0,prior,0.0,rr_tour,12600.0,43200,263338.8250982378,0,258634.63946497813,4704.185633259635,0,1,0.3032178237226366,1,9.67642623008521,26.403987004909585,7934.181769636198,1509.412404962111,5.256470493784872,2.0073012811180106,304.3967612825955,0.0,0.00042158516020236085,0.0054806070826306915,0.7461460224163541,13.166946778711484,0.9881796690307328,278.34132842575906,1785,3.266960859298706
core,200,3000000.0,32,2,exclude,launch,0,0.0,prior,0.0,rr_tour,12600.0,43200,1036427.6418450796,0,973414.988928198,63012.652916881554,0,5,0.8356810765481573,37,10.318446573287495,20.683849058206132,7419.771693842448,1920.7980139925844,3.8628588949962825,2.0136172785057775,308.2259961856375,0.0,0.0,0.0,0.4907926379584497,4.754678229119124,0.9571788413098237,312.9753404146675,4382,3.5610103607177734
core,200,3000000.0,31,2,exclude,launch,0,0.0,prior,0.0,rr_tour,12600.0,43200,302453.2333170956,0,286019.5181699955,16433.71514710007,0,1,0.4629779976780543,27,10.318446573287495,20.906608155546706,7419.771693842448,1901.582834273511,3.9018924446050387,2.0122927345316723,307.42097411568324,0.0,0.0,0.0,0.5060643489398544,5.535601458080194,0.982367758186398,286.2920413091771,4115,3.887544870376587
core,200,3000000.0,27,2,exclude,launch,0,0.0,prior,0.0,rr_tour,12600.0,43200,283172.7547315274,0,267926.5072743082,15246.247457219246,0,1,0.4945009363106362,1,10.318446573287495,22.79888490383671,7419.771693842448,1747.1194314188278,4.24686003739131,2.008416529044034,305.07116881476514,0.0,0.0,0.0,0.5747759617543449,8.896333754740834,0.9824120603015075,232.1863012783763,3164,4.422192573547363
core,200,3000000.0,30,2,exclude,launch,0,0.0,prior,0.0,rr_tour,12600.0,43200,287718.3061050419,0,272112.06604343676,15606.240061605129,0,1,0.48668850532325864,20,10.318446573287495,21.421620255341416,7419.771693842448,1857.2058931355546,3.9951260769022827,2.0108404722174935,306.5395380818654,0.0,0.0,0.0,0.5190239926595793,6.41529351184346,0.9899244332493703,261.8189727523504,3884,4.200170993804932
core,200,3000000.0,21,3,exclude,launch,0,0.0,prior,0.0,rr_tour,12600.0,43200,255891.89325007805,0,250901.64324680256,4990.250003275498,0,1,0.3120420285058761,1,9.67642623008521,26.02524137486892,7934.181769636198,1531.3647762114297,5.181118106467897,2.007319795317988,304.40795101184216,0.0,0.0,0.0064885496183206106,0.7102836715079016,12.507356671740233,0.9881796690307328,264.18383736991814,1971,3.700495481491089
core,200,3000000.0,29,2,exclude,launch,0,0.0,prior,0.0,rr_tour,12600.0,43200,278324.5986762204,0,263055.9192499869,15268.679426233506,0,1,0.5031146834250946,10,10.318446573287495,21.99031263016231,7419.771693842448,1810.3107309768984,4.0986177493620195,2.009580729789112,305.7759749884547,0.0,0.0,0.0,0.5379439134573396,7.345484672742336,0.9824120603015075,245.48419184413044,3621,4.378687620162964
core,200,3000000.0,28,2,exclude,launch,0,0.0,prior,0.0,rr_tour,12600.0,43200,273269.5941680247,0,258120.53089045535,15149.06327756936,0,1,0.5124214158502497,1,10.318446573287495,22.72658867981112,7419.771693842448,1752.2553469612667,4.234412357028727,2.0089001038371563,305.36382585678723,0.0,0.0,0.0,0.5480686896036286,8.32644146767618,0.9899497487437185,228.53241349374045,3434,4.536198854446411
core,200,3000000.0,33,2,exclude,launch,0,0.0,prior,0.0,rr_tour,12600.0,43200,1985146.0312888327,0,1873620.153972179,111525.87731665357,0,11,0.9218393714178192,44,10.318446573287495,21.163027939545625,7419.771693842448,1877.8041551407832,3.9513022023780597,2.0130839485226035,307.9017260262448,0.0,0.0,0.00016202203499675956,0.4776892383211212,4.608789314950452,0.9269521410579346,304.8991452554142,4642,4.062695026397705
core,200,3000000.0,22,3,exclude,launch,0,0.0,prior,0.0,rr_tour,12600.0,43200,248379.6816253551,0,243885.60961367618,4494.072011678899,0,1,0.32147969964951884,1,9.67642623008521,25.64225078122442,7934.181769636198,1554.2527400621684,5.104820834556701,2.0072996184252228,304.3957563838799,0.0,0.0,0.0038247566063977748,0.6790566546528839,11.662349676225716,0.9881796690307328,259.45272406982343,2162,3.8600645065307617
core,200,3000000.0,34,2,exclude,launch,0,0.0,prior,0.0,rr_tour,12600.0,43200,3338949.4955079253,0,3141920.88782279,197028.60768513457,0,20,0.9620506684256985,49,10.318446573287495,22.27946791189472,7419.771693842448,1784.844138687399,4.15709782888889,2.0118003297269613,307.12197217067614,0.0,0.0,0.0,0.45631129374653934,4.740015974440895,0.8664987405541562,274.8464409597628,5008,4.443769216537476
core,200,3000000.0,23,3,exclude,launch,0,0.0,prior,0.0,rr_tour,12600.0,43200,242239.8768626914,0,238735.8415263113,3504.0353363800964,0,1,0.32962791461962476,1,9.67642623008521,26.091934139112638,7934.181769636198,1527.539814074015,5.194091634492583,2.0072024332664333,304.3370224733472,0.0,0.0,0.004775549188156638,0.6482376602360919,11.013141161509115,0.9905437352245863,251.90093179549208,2359,4.113697528839111
core,200,3000000.0,24,3,exclude,launch,0,0.0,prior,0.0,rr_tour,12600.0,43200,236653.8134496129,0,232891.5046261121,3762.3088235008076,0,1,0.3374085728179686,1,9.67642623008521,26.391763698039004,7934.181769636198,1510.1672570798646,5.253843064362375,2.0072271521639538,304.3519608168927,0.0,0.0,0.009324009324009324,0.6159031779717742,10.493999225706542,0.9905437352245863,240.8583697592378,2583,4.091679811477661
core,200,3000000.0,25,3,exclude,launch,0,0.0,prior,0.0,rr_tour,12600.0,43200,232099.90795999777,0,229426.14629457364,2673.7616654241283,0,1,0.3440286820868816,1,9.67642623008521,26.09645513948829,7934.181769636198,1527.129100671376,5.195488558333459,2.007394434733353,304.45306413951937,0.0,0.0,0.01050080775444265,0.5902450111583717,9.843067001074884,0.9905437352245863,237.8798716485002,2791,4.047157049179077
core,200,3000000.0,26,3,exclude,launch,0,0.0,prior,0.0,rr_tour,12600.0,43200,230238.06294291644,0,226755.54050299225,3482.522439924183,0,1,0.3468107072624255,1,9.67642623008521,25.725708270059197,7934.181769636198,1548.9238634108333,5.122383325003852,2.0076711386284694,304.62033708743877,0.0,0.0,0.01819560272934041,0.5693315368998257,9.386814665321225,0.9858156028368794,233.44586639526898,2973,4.395824432373047
core,200,3000000.0,31,3,exclude,launch,0,0.0,prior,0.0,rr_tour,12600.0,43200,229978.24975847034,0,226900.56495945374,3077.684799016593,0,1,0.3472025095061079,21,9.67642623008521,21.25832752053707,7934.181769636198,1870.2954322217558,4.2422077458698855,2.0121051840316877,307.3070710631449,0.0,0.0,0.0,0.49976581501090056,6.03573998560806,0.9881796690307328,259.3656213106092,4169,4.018369674682617
core,200,3000000.0,29,3,exclude,launch,0,0.0,prior,0.0,rr_tour,12600.0,43200,213538.6769007308,0,210892.1694233291,2646.507477401701,0,1,0.3739323789342537,11,9.67642623008521,23.089230564758985,7934.181769636198,1724.8883882364994,4.599823283492556,2.008720574408919,305.2551591707576,0.0,0.0,0.0,0.535778723504494,8.358537255980204,0.9929078014184397,214.76236422248303,3637,4.308414697647095
core,200,3000000.0,27,3,exclude,launch,0,0.0,prior,0.0,rr_tour,12600.0,43200,226127.97283194345,0,223055.21718020615,3072.755651737279,0,1,0.35311432039107704,1,9.67642623008521,24.789071335517566,7934.181769636198,1607.1836692251727,4.936698848776436,2.008002359994909,304.82062732659165,0.0,0.0,0.009101516919486581,0.5522141108220913,8.713886300093197,0.9858156028368794,231.73278920787544,3219,4.51594352722168
core,200,3000000.0,32,3,exclude,launch,0,0.0,prior,0.0,rr_tour,12600.0,43200,692611.0910812728,0,669238.6943218947,23372.396759378,0,4,0.7811815109322007,33,9.67642623008521,21.264245053515157,7934.181769636198,1868.9884003060984,4.2451744314393585,2.012951969756368,307.8215079099915,0.0,0.0,0.0,0.4844279345670644,5.446597566471383,0.9787234042553191,269.8639257980011,4438,4.117887735366821
core,200,3000000.0,28,3,exclude,launch,0,0.0,prior,0.0,rr_tour,12600.0,43200,218108.1057842469,0,215116.32850550665,2991.777278740231,0,1,0.3660983857562424,1,9.67642623008521,22.912499738111972,7934.181769636198,1738.2717583782269,4.564408143545191,2.0086295138577404,305.2000488674705,0.0,0.0,0.0,0.5525382634523098,8.665688288817142,0.9952718676122931,221.31042632216327,3407,4.542049169540405
core,200,3000000.0,20,4,exclude,launch,0,0.0,prior,0.0,rr_tour,12600.0,43200,248864.5380696565,0,236066.87355969814,12797.664509958335,0,1,0.30394813496617834,1,12.059729542696003,26.161962532689543,6300.314603527087,1523.583082475343,4.135195957473522,2.007028437010076,304.23188188408704,0.0,0.00042052144659377626,0.002943650126156434,0.7490084441404811,13.434490481522957,0.975669099756691,272.48789293703305,1786,2.6383509635925293
core,200,3000000.0,30,3,exclude,launch,0,0.0,prior,0.0,rr_tour,12600.0,43200,215541.79189850978,0,213109.0822570369,2432.7096414728944,0,1,0.37045727765667397,18,9.67642623008521,22.017116548710867,7934.181769636198,1807.542781469651,4.3894849134277125,2.0102078310239753,306.1559585586493,0.0,0.0,0.0,0.5162618456781167,7.102202868852459,0.9858156028368794,235.41680916000092,3904,5.0595808029174805
core,200,3000000.0,33,3,exclude,launch,0,0.0,prior,0.0,rr_tour,12600.0,43200,1896911.3942537352,0,1832225.3576972047,64686.03655653053,0,11,0.9315415531343693,41,9.67642623008521,22.014932721264778,7934.181769636198,1806.3540743848932,4.39237350093612,2.0117302270330777,307.079415687721,0.0,0.0,0.0,0.4721999730873511,5.55785212017899,0.966903073286052,249.70031631079345,4693,4.8605570793151855
core,200,3000000.0,21,4,exclude,launch,0,0.0,prior,0.0,rr_tour,12600.0,43200,245040.5853475506,0,232334.3302323262,12706.255115224389,0,1,0.3086910579336818,1,12.059729542696003,26.24610204469832,6300.314603527087,1518.707064291066,4.148472573588824,2.0070175073423475,304.22527802819843,0.0,0.0,0.005311077389984826,0.7064615378904122,12.299395161290322,0.975609756097561,267.1612469309591,1984,3.5486056804656982
core,200,3000000.0,22,4,exclude,launch,0,0.0,prior,0.0,rr_tour,12600.0,43200,234492.79797167107,0,222340.75431474182,12152.043656929254,0,1,0.3225753690645624,1,12.059729542696003,26.170237553043798,6300.314603527087,1523.1765902203526,4.136299522969718,2.00692926439799,304.17196305032326,0.0,0.0,0.0034590107229332413,0.6778542386781422,11.838560885608857,0.9829268292682927,253.77138924590153,2168,3.649120330810547
core,200,3000000.0,23,4,exclude,launch,0,0.0,prior,0.0,rr_tour,12600.0,43200,231487.99200024054,0,219349.5927269201,12138.399273320452,0,1,0.32676585584322854,1,12.059729542696003,26.261794173999956,6300.314603527087,1517.7992975010493,4.15095369585433,2.007017901945712,304.2255164517431,0.0,0.0,0.008900190718372537,0.6425617824293124,11.142978003384094,0.973170731707317,246.82594421280703,2364,3.6871299743652344
core,200,3000000.0,25,4,exclude,launch,0,0.0,prior,0.0,rr_tour,12600.0,43200,223087.27917084808,0,211049.32624506956,12037.952925778536,0,1,0.3390662191737602,1,12.059729542696003,25.391665837520684,6300.314603527087,1569.5289831612663,4.014143524025475,2.00737935420639,304.44394898438503,0.0,0.0,0.011837503362927092,0.5886719568368803,9.712750716332378,0.9780487804878049,241.1066143989048,2792,3.940147876739502
core,200,3000000.0,24,4,exclude,launch,0,0.0,prior,0.0,rr_tour,12600.0,43200,227758.3866489907,0,215947.32446184196,11811.062187148718,0,1,0.33211228392332603,1,12.059729542696003,25.890516785828147,6300.314603527087,1539.4473386251102,4.092582088032928,2.0071712635621757,304.31818624362893,0.0,0.0,0.012298682284040996,0.6149462232722347,10.415432579890881,0.9780487804878049,244.52688533031892,2566,4.020160675048828
core,200,3000000.0,26,4,exclude,launch,0,0.0,prior,0.0,rr_tour,12600.0,43200,219413.66097410335,0,207980.11432830166,11433.546645801696,0,1,0.3447468315050445,1,12.059729542696003,25.927972972789146,6300.314603527087,1537.116564091983,4.098787789232403,2.007310790004718,304.40250829797867,0.0,0.0,0.012444001991040319,0.564752345700416,9.197616683217477,0.9828850855745721,234.8145507463787,3021,4.231811046600342
core,200,3000000.0,27,4,exclude,launch,0,0.0,prior,0.0,rr_tour,12600.0,43200,213681.76084336409,0,202625.0216924619,11056.739150902198,0,1,0.35399731485379027,1,12.059729542696003,24.512068301783167,6300.314603527087,1625.7260074370588,3.8753852584664443,2.0075329192595146,304.53677501747995,0.0,0.0,0.0028004667444574095,0.5616516375471978,8.964274619447034,0.975609756097561,226.4789920111439,3219,4.356691837310791
core,200,3000000.0,34,3,exclude,launch,0,0.0,prior,0.0,rr_tour,12600.0,43200,3002435.0885431236,0,2867929.631241832,134505.45730129178,0,18,0.9641941980925491,47,9.67642623008521,23.273020805702043,7934.181769636198,1710.284160401743,4.6391014740921594,2.009874571619965,305.9539951213824,0.0,0.0,0.0,0.46024588894822727,5.980649062688974,0.9196217494089834,219.77527818141118,4961,5.020891189575195
core,200,3000000.0,22,5,exclude,launch,0,0.0,prior,0.0,rr_tour,12600.0,43200,464984.31993591296,0,420540.28003139154,44444.0399045214,0,1,0.655941961176769,1,10.230063699098567,25.454193244465177,7486.75482575108,1565.6798417864557,4.781791670261668,2.0073712049813253,304.4390233876582,0.0,0.0,0.005532503457814661,0.6736747877315474,11.743672342383801,0.9608355091383812,256.32895578245507,2173,3.2323153018951416
core,200,3000000.0,28,4,exclude,launch,0,0.0,prior,0.0,rr_tour,12600.0,43200,212959.38736558266,0,201613.90187137676,11345.485494205916,0,1,0.355196652261617,1,12.059729542696003,23.860822794328282,6300.314603527087,1669.6883638714396,3.7733476137539816,2.008025164331566,304.8344195777044,0.0,0.0,0.0030668127053669223,0.5436385041724014,8.338667442537096,0.9804878048780488,227.97917072001175,3437,4.442272186279297
core,200,3000000.0,20,5,exclude,launch,0,0.0,prior,0.0,rr_tour,12600.0,43200,478379.18005706614,0,432450.4885846559,45928.69147241027,0,1,0.6375786131785721,1,10.230063699098567,26.034592781348223,7486.75482575108,1530.8509972633576,4.890583629063088,2.0072722307360653,304.3792040436026,0.0,0.0,0.002508361204013378,0.7472340794089196,13.435195530726258,0.9608355091383812,272.4962041598502,1790,3.3903262615203857
core,200,3000000.0,30,4,exclude,launch,0,0.0,prior,0.0,rr_tour,12600.0,43200,201857.5884118149,0,191154.99437960374,10702.594032211151,0,1,0.37473230298375926,12,12.059729542696003,22.349804045883932,6300.314603527087,1781.2436529642005,3.537031328107537,2.0095227968765075,305.7408832240099,0.0,0.0,0.0,0.5154362344705584,7.342879059064178,0.9780487804878049,227.20665045719403,3911,4.327648639678955
core,200,3000000.0,21,5,exclude,launch,0,0.0,prior,0.0,rr_tour,12600.0,43200,472320.6164997082,0,427230.2857221937,45090.33077751446,0,1,0.6457570804964584,1,10.230063699098567,25.706785925785702,7486.75482575108,1550.3397796138038,4.829105802610614,2.007314008563738,304.40445355462396,0.0,0.0,0.004931714719271623,0.7067617038714642,12.41372351160444,0.9712793733681462,265.51659265735555,1982,3.4808359146118164
core,200,3000000.0,29,4,exclude,launch,0,0.0,prior,0.0,rr_tour,12600.0,43200,201954.5847811214,0,191064.82122651135,10889.763554610066,0,1,0.3745553859034011,8,12.059729542696003,22.419681932142137,6300.314603527087,1776.2137440122506,3.5470475469328613,2.0089323569079838,305.3833502447697,0.0,0.0,0.0,0.5353973655738735,8.087912087912088,0.9804878048780488,221.87326822092172,3640,4.699280023574829
core,200,3000000.0,31,4,exclude,launch,0,0.0,prior,0.0,rr_tour,12600.0,43200,204080.2332406165,0,193221.05916089183,10859.174079724658,0,1,0.37065144382731374,15,12.059729542696003,22.03254467558073,6300.314603527087,1806.4961711392502,3.4875881300948737,2.0099640148667604,306.0081933977358,0.0,0.0,0.0,0.5076376809840206,6.86145605064524,0.9780487804878049,231.6440804424355,4107,4.49517560005188
core,200,3000000.0,32,4,exclude,launch,0,0.0,prior,0.0,rr_tour,12600.0,43200,522369.60027760395,0,475460.2158433954,46909.38443420856,0,4,0.7550193459299687,21,12.059729542696003,21.964393545214456,6300.314603527087,1811.6767460105996,3.4776152077906204,2.010435111875991,306.2937345935539,0.0,0.0,0.0,0.4935034997393748,6.315668731360404,0.9633251833740831,237.07340554269072,4359,4.5796897411346436
core,200,3000000.0,23,5,exclude,launch,0,0.0,prior,0.0,rr_tour,12600.0,43200,461459.78170214576,0,416549.475771766,44910.305930379734,0,1,0.6609552635946413,1,10.230063699098567,25.644009898051817,7486.75482575108,1554.0606683482515,4.817543470621678,2.0074099946036714,304.4624691682109,0.0,0.0,0.009490667510281556,0.6412440052527394,10.974326599326599,0.9738219895287958,249.92575390300365,2376,3.82478404045105
core,200,3000000.0,33,4,exclude,launch,0,0.0,prior,0.0,rr_tour,12600.0,43200,1392021.7568288776,0,1276440.9919767948,115580.7648520829,0,8,0.9119764743405441,29,12.059729542696003,22.619943755146597,6300.314603527087,1759.084817290076,3.581586596394433,2.0105352232864027,306.3544312507498,0.0,0.0,0.0,0.4700610213056378,5.839187473550571,0.9364303178484108,236.11353878165355,4726,4.353538990020752
core,200,3000000.0,24,5,exclude,launch,0,0.0,prior,0.0,rr_tour,12600.0,43200,457686.25328109437,0,413157.54123298515,44528.712048109184,0,1,0.6664034231956717,1,10.230063699098567,26.03293975976566,7486.75482575108,1530.8049702523094,4.890730675193132,2.0074600439954327,304.4927220741837,0.0,0.0,0.016968987712112346,0.6090134731341024,10.373926619828259,0.9763157894736842,245.75930715972933,2562,4.049538612365723
core,200,3000000.0,25,5,exclude,launch,0,0.0,prior,0.0,rr_tour,12600.0,43200,453707.2300689276,0,409718.59579018387,43988.63427874371,0,1,0.6722480848059121,1,10.230063699098567,25.020991931910054,7486.75482575108,1592.5635996139024,4.7010711707627575,2.007653124674679,304.6094458999932,0.0,0.0,0.011959771677086164,0.5946244361775093,9.71500904159132,0.9657894736842105,243.31972773160516,2765,4.0835466384887695
core,200,3000000.0,26,5,exclude,launch,0,0.0,prior,0.0,rr_tour,12600.0,43200,447299.7472535258,0,403016.4221000683,44283.32515345753,0,1,0.6818779721366497,1,10.230063699098567,24.489635095103708,7486.75482575108,1627.015554368311,4.601526276531396,2.007779280335324,304.68572336195524,0.0,0.0,0.004758327072376659,0.5775541101609936,9.379206931022992,0.9763779527559056,232.09011395434553,3001,3.9000179767608643
core,200,3000000.0,34,4,exclude,launch,0,0.0,prior,0.0,rr_tour,12600.0,43200,1795290.5020191516,0,1643415.3407293158,151875.16128983573,0,12,0.938657683129731,37,12.059729542696003,23.253603441200017,6300.314603527087,1711.4695023199724,3.6812310093675245,2.010159693408003,306.12678185584497,0.0,0.0,0.0,0.45589339033833354,5.878842315369261,0.902200488997555,221.45521446678725,5010,5.298290252685547
core,200,3000000.0,31,5,exclude,launch,0,0.0,prior,0.0,rr_tour,12600.0,43200,440554.94728135923,0,397152.9858269315,43401.96145442774,0,1,0.6923182448970151,19,10.230063699098567,21.753407358043837,7486.75482575108,1828.7713553626631,4.093871442046064,2.0109593130975543,306.6116198216036,0.0,0.0,0.0,0.5020667462126867,6.424951737451737,0.9631578947368421,244.25973659875856,4144,3.1269216537475586
core,200,3000000.0,20,6,exclude,launch,0,0.0,prior,0.0,rr_tour,12600.0,43200,396433.16814935184,0,368041.3493518931,28391.81879745874,0,1,0.5164404383850855,1,9.820645030526062,25.903413652586508,7812.771097824855,1538.431554782968,5.078400188513443,2.0074965471933135,304.5147877819347,0.0,0.0,0.006745362563237774,0.7447819308034929,12.76051598429613,0.9691943127962085,287.6405497845218,1783,2.6221580505371094
core,200,3000000.0,21,6,exclude,launch,0,0.0,prior,0.0,rr_tour,12600.0,43200,386294.9611995297,0,358636.0359390262,27658.925260503518,0,1,0.5299928072116926,1,9.820645030526062,25.234984716276028,7812.771097824855,1579.1476901520741,4.94746067549418,2.007539927204937,304.5410114736388,0.0,0.00037979491074819596,0.004557538928978352,0.7112232246488069,12.006582278481012,0.9715639810426541,275.82245669794804,1975,2.9428179264068604
core,200,3000000.0,27,5,exclude,launch,0,0.0,prior,0.0,rr_tour,12600.0,43200,442951.4960868262,0,399392.31407914544,43559.18200768075,0,1,0.6885710454619641,1,10.230063699098567,23.773392000044975,7486.75482575108,1675.6357407269397,4.468008555668016,2.008256680565969,304.9744601717719,0.0,0.0,0.0011576753878212549,0.5559114634259783,8.923053341508277,0.9763157894736842,224.34962977360894,3262,4.343177556991577
core,200,3000000.0,29,5,exclude,launch,0,0.0,prior,0.0,rr_tour,12600.0,43200,435713.8419636966,0,392020.5785822669,43693.26338142964,0,1,0.7000099151682556,6,10.230063699098567,22.457391281385274,7486.75482575108,1773.0435064960789,4.222544341591788,2.009145036295931,305.5121112842148,0.0,0.0,0.0,0.5359639574150924,8.133388338833884,0.9763157894736842,220.65367972461183,3636,4.279258728027344
core,200,3000000.0,22,6,exclude,launch,0,0.0,prior,0.0,rr_tour,12600.0,43200,378920.8959459388,0,351529.1765944483,27391.719351490574,0,1,0.5402969848144445,1,9.820645030526062,25.864531848013357,7812.771097824855,1540.853113205992,5.0704191274722685,2.0073547259218034,304.4290631510975,0.0,0.0,0.006267409470752089,0.6787421102400835,11.442850532161037,0.976303317535545,263.75539909863295,2161,3.28745174407959
core,200,3000000.0,28,5,exclude,launch,0,0.0,prior,0.0,rr_tour,12600.0,43200,442109.29598154343,0,398674.25456458377,43435.041416959706,0,1,0.689883776890925,1,10.230063699098567,23.97349193947036,7486.75482575108,1661.67513047159,4.505546654974796,2.008225927035194,304.9558559837929,0.0,0.0,0.0026155187445510027,0.5411599030317363,8.31174089068826,0.9736842105263158,227.03838899804683,3458,4.573300838470459
core,200,3000000.0,23,6,exclude,launch,0,0.0,prior,0.0,rr_tour,12600.0,43200,374213.1375386228,0,347072.38875548926,27140.748783133477,0,1,0.5471047007679233,1,9.820645030526062,25.809204714200895,7812.771097824855,1544.0878566082238,5.059796995610441,2.0074436216300233,304.48279522890516,0.0,0.0,0.010220376876397317,0.6452953995706715,10.73531914893617,0.9691943127962085,259.10363019713395,2350,3.2389421463012695
core,200,3000000.0,30,5,exclude,launch,0,0.0,prior,0.0,rr_tour,12600.0,43200,429550.08375351777,0,386348.41864498757,43201.66510853018,0,1,0.7100550145546636,13,10.230063699098567,22.514740330888465,7486.75482575108,1768.2661427598382,4.233952483004654,2.0094417115174137,305.6917706853618,0.0,0.0,0.0,0.5192373119398848,7.690108191653787,0.9736842105263158,218.61594143695592,3882,4.487312316894531
core,200,3000000.0,24,6,exclude,launch,0,0.0,prior,0.0,rr_tour,12600.0,43200,367690.77882365056,0,340875.9956022526,26814.78322139795,0,1,0.5568093816561348,1,9.820645030526062,25.637716034145438,7812.771097824855,1554.460226176918,5.0260347394283595,2.007386687934975,304.44838170857975,0.0,0.0,0.004697592483852026,0.6230203749065142,10.150058616647128,0.9739336492890995,251.5623668913365,2559,3.580487012863159
core,200,3000000.0,33,5,exclude,launch,0,0.0,prior,0.0,rr_tour,12600.0,43200,1065803.1468113181,0,997700.9526294341,68102.19418188406,0,6,0.8793028243513614,32,10.230063699098567,22.236015676878623,7486.75482575108,1788.6076092229864,4.185800612244686,2.0114902944191333,306.9337847112315,0.0,0.0,0.0,0.47180363712386475,5.699000212720698,0.9552631578947368,243.44998068410445,4701,4.373172760009766
core,200,3000000.0,32,5,exclude,launch,0,0.0,prior,0.0,rr_tour,12600.0,43200,836675.6515904566,0,778936.9625411693,57738.689049287255,0,4,0.8498844812720331,23,10.230063699098567,22.313033266779954,7486.75482575108,1783.1539655473662,4.198602571849653,2.0106780196384677,306.4410178141004,0.0,0.0,0.0,0.48723851572219984,6.3352954494000455,0.9657894736842105,233.11943132850232,4417,4.831336498260498
core,200,3000000.0,25,6,exclude,launch,0,0.0,prior,0.0,rr_tour,12600.0,43200,362884.9968356583,0,336350.0736876312,26534.923148027196,0,1,0.5641850086791543,1,9.820645030526062,26.36816877617147,7812.771097824855,1511.4729109811615,5.16897857782529,2.0072878188669177,304.3886250113017,0.0,0.0,0.009764035801464606,0.5956337769238463,9.728256946950559,0.9691943127962085,242.20274509846186,2771,4.171202659606934
core,200,3000000.0,26,6,exclude,launch,0,0.0,prior,0.0,rr_tour,12600.0,43200,359557.71473561047,0,332888.71981325955,26668.994922350914,0,1,0.5694049621811436,1,9.820645030526062,24.138337655167035,7812.771097824855,1650.5727848880585,4.733369633472247,2.0079271353922907,304.7751330780326,0.0,0.0,0.0020186727226848347,0.5835307133848955,9.038513060951106,0.9691943127962085,242.08434886432676,2986,4.169197082519531
core,200,3000000.0,27,6,exclude,launch,0,0.0,prior,0.0,rr_tour,12600.0,43200,352282.4730596706,0,326461.64591500483,25820.827144665793,0,1,0.5811507507501831,1,9.820645030526062,22.164604713194862,7812.771097824855,1796.4478496581728,4.349010798900433,2.0091639739153635,305.5235778745944,0.0,0.0,0.0,0.5662093987177134,8.540886392009988,0.9715639810426541,238.57478243763546,3204,4.3163368701934814
core,200,3000000.0,28,6,exclude,launch,0,0.0,prior,0.0,rr_tour,12600.0,43200,347173.4952731934,0,321357.86171924067,25815.63355395278,0,1,0.5897171355697833,1,9.820645030526062,22.491625197495804,7812.771097824855,1770.4293281545501,4.412924579129451,2.009049114445183,305.4540346087824,0.0,0.0,0.0,0.5520770387970487,8.27339395717219,0.9739336492890995,231.58646606811956,3409,4.450344085693359
core,200,3000000.0,34,5,exclude,launch,0,0.0,prior,0.0,rr_tour,12600.0,43200,1990070.9269558173,0,1882652.1356501346,107418.79130568248,0,13,0.9461503362183445,38,10.230063699098567,23.378879471034406,7486.75482575108,1702.2325400549043,4.3981974551547465,2.0102376687640264,306.1740442169325,0.0,0.0,0.0,0.45537779178509263,6.008567443713887,0.9315789473684211,216.37884215116108,5019,5.352039813995361
core,200,3000000.0,29,6,exclude,launch,0,0.0,prior,0.0,rr_tour,12600.0,43200,350878.88124238467,0,324885.3572340158,25993.524008368873,0,1,0.5834889625449735,7,9.820645030526062,22.02617754629002,7812.771097824855,1807.007139232955,4.323597249948469,2.009976514603305,306.0157680150718,0.0,0.0,0.0,0.5300305953458939,7.26325809083492,0.9691943127962085,244.51293158145964,3677,4.505939245223999
core,200,3000000.0,31,6,exclude,launch,0,0.0,prior,0.0,rr_tour,12600.0,43200,353334.4777816377,0,327478.16663333564,25856.31114830206,0,1,0.5794342269350335,26,9.820645030526062,22.056654718395457,7812.771097824855,1804.058207721537,4.330664645068251,2.0104801818552502,306.32105937666597,0.0,0.0,0.0,0.5062320762751391,6.221466731423021,0.9762470308788599,254.70208162471457,4118,3.710129976272583
core,200,3000000.0,33,6,exclude,launch,0,0.0,prior,0.0,rr_tour,12600.0,43200,1613381.3904853924,0,1504823.6604666607,108557.7300187319,0,8,0.9003641073021087,39,9.820645030526062,21.421484423583774,7812.771097824855,1854.7130986485993,4.212387944808002,2.0135558746527717,308.18865331294353,0.0,0.0,0.0,0.47111411584712926,4.685987261146497,0.9287410926365796,295.50811466964467,4710,3.896265983581543
core,200,3000000.0,20,7,exclude,launch,0,0.0,prior,0.0,rr_tour,12600.0,43200,207366.0917926012,0,203209.77920450625,4156.312588094926,0,1,0.14793700687537564,1,10.273942215221508,25.469513387878614,7453.356364169037,1564.5870708993361,4.763784964607175,2.0075649388872563,304.55613182246407,0.0,0.0,0.004635482511588706,0.7474877164256171,12.953292065278559,0.9728395061728395,284.52182070286494,1777,3.1120471954345703
core,200,3000000.0,30,6,exclude,launch,0,0.0,prior,0.0,rr_tour,12600.0,43200,346789.84299612953,0,321053.39809794223,25736.444898187267,0,1,0.5903682106576374,18,9.820645030526062,22.38834869346388,7812.771097824855,1777.953046013646,4.394250520474595,2.009775914078814,305.89421899611125,0.0,0.0,0.0,0.5185384179503079,7.011825192802057,0.9691943127962085,239.29386940037767,3890,4.279827117919922
core,200,3000000.0,32,6,exclude,launch,0,0.0,prior,0.0,rr_tour,12600.0,43200,789410.8121160778,0,720101.0759434756,69309.73617260225,0,3,0.8096939156739905,32,9.820645030526062,21.852999073476802,7812.771097824855,1819.8995391210206,4.292968336921656,2.011553207888073,306.97196771659554,0.0,0.0,0.0,0.487972795537513,5.6320926009986385,0.9597156398104265,262.96824697667483,4406,4.202312231063843
core,200,3000000.0,21,7,exclude,launch,0,0.0,prior,0.0,rr_tour,12600.0,43200,196725.36210022334,0,193348.06248096,3377.299619263352,0,1,0.1559388104296034,1,10.273942215221508,25.03914688823074,7453.356364169037,1591.4786693638112,4.683290142461346,2.007565098945562,304.5562285839541,0.0,0.0,0.004956157072054899,0.7133200600738316,12.37202230106437,0.9801980198019802,267.24608630338827,1973,3.0584328174591064
core,200,3000000.0,34,6,exclude,launch,0,0.0,prior,0.0,rr_tour,12600.0,43200,2915599.9661619435,0,2705498.0454175677,210101.92074437588,0,17,0.9583698809591582,42,9.820645030526062,22.885096836088934,7812.771097824855,1738.878716550016,4.492993688096667,2.0103327174258956,306.2316599703586,0.0,0.0,0.0,0.46318994780311645,5.41580547112462,0.9026128266033254,243.7561650921112,4935,3.896284818649292
core,200,3000000.0,22,7,exclude,launch,0,0.0,prior,0.0,rr_tour,12600.0,43200,195035.22554030616,0,191547.17067789793,3488.054862408236,0,1,0.1572901452148315,1,10.273942215221508,25.06064011577188,7453.356364169037,1590.0490966279087,4.68750076961505,2.0076467159277787,304.6055712360114,0.0,0.0,0.00656984785615491,0.6734660466127091,11.296602387511479,0.9876543209876543,265.8439568570816,2178,3.329591989517212
core,200,3000000.0,23,7,exclude,launch,0,0.0,prior,0.0,rr_tour,12600.0,43200,186085.99479764284,0,182935.8398494821,3150.1549481607744,0,1,0.16485452857750973,1,10.273942215221508,25.65685180140189,7453.356364169037,1553.2464257368154,4.7985665639844495,2.007457032576752,304.4909017465064,0.0,0.0,0.0050729232720355105,0.6439408598290903,10.84712305753885,0.9728395061728395,252.424809022826,2381,3.454038381576538
core,200,3000000.0,25,7,exclude,launch,0,0.0,prior,0.0,rr_tour,12600.0,43200,177510.58116267994,0,174709.11670605713,2801.464456622797,0,1,0.17281853704894418,1,10.273942215221508,25.892572945975523,7453.356364169037,1539.10648152557,4.842651534272816,2.0074563531215626,304.49049103349967,0.0,0.0,0.00948252506095909,0.5951285926117869,9.758906081324218,0.9728395061728395,240.111763291594,2779,4.071692228317261
core,200,3000000.0,24,7,exclude,launch,0,0.0,prior,0.0,rr_tour,12600.0,43200,181545.00341356316,0,178313.91060586274,3231.0928077004146,0,1,0.16897804054325316,1,10.273942215221508,25.292039549977467,7453.356364169037,1575.5178165657567,4.73073442001153,2.007626021232212,304.5930595992775,0.0,0.0,0.006391632771644393,0.6153414629217895,10.14054054054054,0.980246913580247,248.79493049630005,2590,4.095194101333618
core,200,3000000.0,27,7,exclude,launch,0,0.0,prior,0.0,rr_tour,12600.0,43200,171309.4480729005,0,168581.41171669937,2728.036356201138,0,1,0.17907429679060857,1,10.273942215221508,25.17537439659011,7453.356364169037,1582.661934554377,4.709379938595443,2.0078251599593973,304.71346591415545,0.0,0.0,0.010328638497652582,0.5551931655784772,8.667082683307333,0.9777227722772277,234.9932865000138,3205,3.9111828804016113
core,200,3000000.0,26,7,exclude,launch,0,0.0,prior,0.0,rr_tour,12600.0,43200,176471.06239480013,0,173537.3290029526,2933.733391847509,0,1,0.17383654028563258,1,10.273942215221508,24.28919974503491,7453.356364169037,1640.2650980807089,4.54399497550139,2.0079955066833555,304.81648244815034,0.0,0.0,0.005836082212636387,0.5806276441394692,9.098349612664197,0.9752475247524752,241.57888194289518,2969,4.265237808227539
core,200,3000000.0,28,7,exclude,launch,0,0.0,prior,0.0,rr_tour,12600.0,43200,168096.42458781681,0,165417.27277087056,2679.1518169462565,0,1,0.18249715318136198,1,10.273942215221508,22.814485086191386,7453.356364169037,1745.6326639233193,4.269716371723692,2.008752618411715,305.2745535457474,0.0,0.0,0.0,0.5543138969894482,8.376435935198822,0.9777227722772277,229.66335656181602,3395,4.33035945892334
core,200,3000000.0,20,8,exclude,launch,0,0.0,prior,0.0,rr_tour,12600.0,43200,298618.27400358516,0,290354.7144338047,8263.5595697805,0,1,0.429423399629043,1,11.933896810827438,26.155642579691907,6370.260745628138,1523.7058118947084,4.18076816134658,2.007351694106055,304.4272306855016,0.0,0.0,0.006734006734006734,0.7444416567978177,12.924707194645846,0.9922279792746114,282.094508974225,1793,3.032938003540039
core,200,3000000.0,21,8,exclude,launch,0,0.0,prior,0.0,rr_tour,12600.0,43200,291621.2059524298,0,283617.80347953865,8003.40247289109,0,1,0.43972685043657284,1,11.933896810827438,25.49511464697543,6370.260745628138,1563.154764284266,4.075259143354842,2.0073866848475,304.4483798424107,0.0,0.0,0.0038314176245210726,0.7109066063766873,12.086846114779076,0.9922279792746114,274.6274289442004,1969,2.9728517532348633
core,200,3000000.0,30,7,exclude,launch,0,0.0,prior,0.0,rr_tour,12600.0,43200,160834.97207076586,0,158815.4150487404,2019.5570220254422,0,1,0.19073661997929542,14,10.273942215221508,22.461638309716296,7453.356364169037,1772.1815781632326,4.205752083200202,2.009742143250703,305.8737587569568,0.0,0.0,0.0,0.5181057505697172,7.299717005402624,0.9826732673267327,230.03484958877428,3887,3.908276319503784
core,200,3000000.0,32,7,exclude,launch,0,0.0,prior,0.0,rr_tour,12600.0,43200,293744.1406371554,0,290787.0229713785,2957.117665776824,0,2,0.48611711783876,26,10.273942215221508,21.373371850156886,7453.356364169037,1859.8385500009094,4.007528698749358,2.0125269280572695,307.5632340123273,0.0,0.0,0.0,0.4888533757660781,5.352954545454545,0.9752475247524752,277.1268807366709,4400,3.8947737216949463
core,200,3000000.0,29,7,exclude,launch,0,0.0,prior,0.0,rr_tour,12600.0,43200,170814.5217432293,0,168415.89348994545,2398.6282532838513,0,1,0.17959315539551468,6,10.273942215221508,23.428332331730736,7453.356364169037,1700.1199315076465,4.384017989577646,2.008487125502781,305.1138846914589,0.0,0.0,0.0,0.539072546041876,8.006082388719934,0.9826732673267327,225.46228084467432,3617,4.463471174240112
core,200,3000000.0,22,8,exclude,launch,0,0.0,prior,0.0,rr_tour,12600.0,43200,282532.8185435002,0,275251.80439733755,7281.01414616265,0,1,0.45387178408172246,1,11.933896810827438,25.980165962420287,6370.260745628138,1534.061693144064,4.152545346838216,2.0072674430289785,304.376310535841,0.0,0.0,0.005935754189944134,0.6776547083361228,11.624768089053804,0.9922279792746114,260.38905690300174,2156,3.5985376834869385
core,200,3000000.0,24,8,exclude,launch,0,0.0,prior,0.0,rr_tour,12600.0,43200,272851.05556817603,0,265926.7208803975,6924.334687778547,0,1,0.4699768309378409,1,11.933896810827438,25.474140259534742,6370.260745628138,1564.4796263456287,4.07180805576103,2.0073381540910544,304.41904700627185,0.0,0.0,0.004690706537672237,0.6244113595883554,10.342812621737437,0.9922279792746114,244.9144257532604,2567,3.427898406982422
core,200,3000000.0,25,8,exclude,launch,0,0.0,prior,0.0,rr_tour,12600.0,43200,268905.32133919833,0,261841.25380788074,7064.06753131759,0,1,0.4768729520685928,1,11.933896810827438,25.097342414544467,6370.260745628138,1587.755168326344,4.012117782833636,2.007607067607889,304.581600808011,0.0,0.0,0.005121293800539084,0.5943394678318819,9.716022889842632,0.9922279792746114,240.6483288614984,2796,3.5359156131744385
core,200,3000000.0,31,7,exclude,launch,0,0.0,prior,0.0,rr_tour,12600.0,43200,158075.71118753593,0,155904.8661959827,2170.844991553198,0,1,0.19406598722081905,19,10.273942215221508,22.687791189122983,7453.356364169037,1754.489481423434,4.24816246725062,2.00977297338008,305.89243733065433,0.0,0.0,0.0,0.5057231746532146,6.854232355081251,0.9876237623762376,230.83639699075349,4123,4.769904375076294
core,200,3000000.0,23,8,exclude,launch,0,0.0,prior,0.0,rr_tour,12600.0,43200,279404.91286723176,0,271732.34143976547,7672.571427466291,0,1,0.45895282619783606,1,11.933896810827438,26.146495072254602,6370.260745628138,1524.3980159908806,4.178869743206388,2.007142153760296,304.30059536427825,0.0,0.0,0.004784688995215311,0.6512368781851968,11.012755102040817,0.9922279792746114,252.1329694169882,2352,3.7129530906677246
core,200,3000000.0,34,7,exclude,launch,0,0.0,prior,0.0,rr_tour,12600.0,43200,1918790.807270302,0,1817724.3613325018,101066.44593780018,0,14,0.9383364395838549,36,10.273942215221508,22.99810982318796,7453.356364169037,1729.7494112459779,4.3089226194910015,2.01101195322755,306.64355087069595,0.0,0.0,0.0,0.45623128003422686,5.3125,0.900990099009901,245.10524784156217,5008,4.490372180938721
core,200,3000000.0,33,7,exclude,launch,0,0.0,prior,0.0,rr_tour,12600.0,43200,1202033.0192150685,0,1162629.378068833,39403.64114623581,0,9,0.8946936571988724,31,10.273942215221508,22.51943051632426,7453.356364169037,1766.7390399329659,4.218708137253725,2.0107597235618497,306.490565632448,0.0,0.0,0.0,0.4758170808859868,5.616902616902617,0.948019801980198,249.1819382843011,4662,4.736403703689575
core,200,3000000.0,26,8,exclude,launch,0,0.0,prior,0.0,rr_tour,12600.0,43200,265348.52196999633,0,258729.17096950693,6619.351000489392,0,1,0.4832650789307026,1,11.933896810827438,24.928406099233214,6370.260745628138,1598.4027373565152,3.9853915391583095,2.0077482746882684,304.6669755411545,0.0,0.0,0.005508262393590386,0.573319992977333,9.166666666666666,0.9922279792746114,236.7369212211521,3012,4.017111778259277
core,200,3000000.0,28,8,exclude,launch,0,0.0,prior,0.0,rr_tour,12600.0,43200,261200.31172668913,0,254469.90546938207,6730.406257307072,0,1,0.49093997463584804,1,11.933896810827438,24.06664808722249,6370.260745628138,1655.030821332305,3.849028467336975,2.0084836163471795,305.11176133220545,0.0,0.0,0.007658643326039387,0.5360479999103455,8.091623036649215,0.9922279792746114,234.31558095656592,3438,4.3312087059021
core,200,3000000.0,27,8,exclude,launch,0,0.0,prior,0.0,rr_tour,12600.0,43200,263078.545822909,0,256289.51212979647,6789.0336931124975,0,1,0.48743493701799817,1,11.933896810827438,24.56335549904231,6370.260745628138,1621.851271827416,3.92777121816507,2.008127426032228,304.8962721355099,0.0,0.0,0.010280373831775701,0.5516157124102203,8.580665216039788,0.9922279792746114,235.42676714706414,3217,4.677370071411133
core,200,3000000.0,30,8,exclude,launch,0,0.0,prior,0.0,rr_tour,12600.0,43200,253540.0074824525,0,247334.1052374501,6205.902245002379,0,1,0.5057729377200976,13,11.933896810827438,22.210164217400738,6370.260745628138,1792.2315139660598,3.554373804939563,2.0097595814051656,305.88432367186056,0.0,0.0,0.0,0.5207097635162846,7.080278781621064,0.9922279792746114,237.94239530676722,3874,4.3072898387908936
core,200,3000000.0,29,8,exclude,launch,0,0.0,prior,0.0,rr_tour,12600.0,43200,252589.42741270002,0,246217.79884660087,6371.628566099159,0,1,0.5076763335959348,6,11.933896810827438,22.704662515620452,6370.260745628138,1753.9645566671184,3.6319210222428326,2.0088805919647266,305.35201465292903,0.0,0.0,0.0,0.5396904690388169,8.139734366353071,0.9922279792746114,222.0451710289197,3614,4.695355653762817
core,200,3000000.0,20,9,exclude,launch,0,0.0,prior,0.0,rr_tour,12600.0,43200,354303.2507693052,0,327542.37816643494,26760.87260287031,0,1,0.5108370042781489,1,10.304493718415957,26.672556114558542,7430.26982720097,1494.348702073306,4.9722463149946075,2.007120278719645,304.2873767425006,0.0,0.0,0.002523128679562658,0.7488272387697044,13.196638655462184,0.9798488664987406,278.28356952838755,1785,3.0759098529815674
core,200,3000000.0,21,9,exclude,launch,0,0.0,prior,0.0,rr_tour,12600.0,43200,347877.90138515795,0,321430.89146929525,26447.009915862753,0,1,0.5202717336932126,1,10.304493718415957,26.110013969023566,7430.26982720097,1526.5150857862957,4.867472255194712,2.007159023719316,304.31078971777356,0.0,0.0,0.0057405281285878304,0.7144533677809288,12.39816700610998,0.982367758186398,268.1189091455809,1964,3.366534471511841
core,200,3000000.0,31,8,exclude,launch,0,0.0,prior,0.0,rr_tour,12600.0,43200,262017.4560551529,0,255429.5078330121,6587.948222140801,0,1,0.4894088979590119,17,11.933896810827438,21.602410758253733,6370.260745628138,1841.3549949075473,3.459550582720733,2.0111767653431887,306.7435352309743,0.0,0.0,0.0,0.5037970418595589,6.221337195269129,0.9922279792746114,253.31050469037694,4143,4.132253646850586
core,200,3000000.0,33,8,exclude,launch,0,0.0,prior,0.0,rr_tour,12600.0,43200,1111926.4716446875,0,1029720.1230800326,82206.34856465478,0,7,0.8870171465514393,34,11.933896810827438,22.26448059155265,6370.260745628138,1786.467576227984,3.565841793265876,2.0113251343234677,306.83355819431404,0.0,0.0,0.0,0.4740340177435818,5.518906216620381,0.9559585492227979,252.41479690561277,4681,4.173361539840698
core,200,3000000.0,23,9,exclude,launch,0,0.0,prior,0.0,rr_tour,12600.0,43200,333166.65376990335,0,307811.50131485873,25355.15245504464,0,1,0.5432428304465668,1,10.304493718415957,26.62261066011378,7430.26982720097,1497.198109769514,4.96278333422744,2.0070587071845507,304.2501719148656,0.0,0.0,0.006325110689437065,0.6434768654184841,11.128097438051238,0.9848866498740554,247.02224087150717,2381,3.551593542098999
core,200,3000000.0,22,9,exclude,launch,0,0.0,prior,0.0,rr_tour,12600.0,43200,339218.48436531913,0,313722.9065695943,25495.57779572489,0,1,0.5335466549738771,1,10.304493718415957,26.58113956568187,7430.26982720097,1499.5683278620122,4.95493915758715,2.0070127528743607,304.22240533547955,0.0,0.0,0.003827418232428671,0.6796608750057629,11.806839186691313,0.9848866498740554,255.56919920666456,2164,3.756692409515381
core,200,3000000.0,34,8,exclude,launch,0,0.0,prior,0.0,rr_tour,12600.0,43200,1817401.643240207,0,1686927.6523253361,130473.9909148711,0,12,0.9368668631080378,43,11.933896810827438,22.853666386416347,6370.260745628138,1740.6933226803703,3.6596111805720173,2.010998933555875,306.63565309533516,0.0,0.0,0.0,0.45841278249946726,5.369626355966251,0.9352331606217616,243.99008329832728,4978,4.340881824493408
core,200,3000000.0,32,8,exclude,launch,0,0.0,prior,0.0,rr_tour,12600.0,43200,823029.2058811714,0,777302.8364691188,45726.3694120526,0,5,0.8545987410603366,25,11.933896810827438,22.288904955926295,6370.260745628138,1785.2338714321374,3.5683060060460496,2.0105095322330904,306.3388544201819,0.0,0.0,0.0,0.48982163187044275,6.282945736434108,0.9715025906735751,236.70433756785945,4386,4.648022174835205
core,200,3000000.0,24,9,exclude,launch,0,0.0,prior,0.0,rr_tour,12600.0,43200,329596.2462932925,0,304080.416141233,25515.83015205957,0,1,0.5491317779690225,1,10.304493718415957,26.046190458577218,7430.26982720097,1530.2380917499513,4.855629896589396,2.0071820594698533,304.32471027538054,0.0,0.0,0.0049620548744892,0.6185847453921628,10.475803329461867,0.982367758186398,240.7272113145413,2583,3.8331799507141113
core,200,3000000.0,25,9,exclude,launch,0,0.0,prior,0.0,rr_tour,12600.0,43200,324978.3990969793,0,299886.95646659663,25091.44263038264,0,1,0.5569329950920652,1,10.304493718415957,25.93541100939983,7430.26982720097,1536.562270642936,4.835645108018928,2.0074590135449,304.4920991918591,0.0,0.0,0.010187667560321715,0.5847817550347824,9.719928825622775,0.9899244332493703,239.39179903721882,2810,4.3139777183532715
core,200,3000000.0,26,9,exclude,launch,0,0.0,prior,0.0,rr_tour,12600.0,43200,323273.56619602547,0,297603.26058720367,25670.305608821815,0,1,0.5598681880437314,1,10.304493718415957,24.951252004269488,7430.26982720097,1596.9889647364605,4.652674496362055,2.007685716696937,304.62915109050584,0.0,0.0,0.008018040591330494,0.5731212068950409,9.255837224816544,0.982367758186398,233.9886835464443,2998,4.106945276260376
core,200,3000000.0,27,9,exclude,launch,0,0.0,prior,0.0,rr_tour,12600.0,43200,316693.9694275211,0,292018.55357803125,24675.4158494898,0,1,0.5715037785805229,1,10.304493718415957,24.924527277388474,7430.26982720097,1598.6773611023432,4.647760710189543,2.007715777489242,304.6473264602242,0.0,0.0,0.0030113504748668055,0.5540868141371788,8.818041871921181,0.9848866498740554,228.21090658488808,3248,3.903921127319336
core,200,3000000.0,29,9,exclude,launch,0,0.0,prior,0.0,rr_tour,12600.0,43200,312417.0307342152,0,287821.7224140783,24595.308320136868,0,1,0.5793291145389512,5,10.304493718415957,22.995852840012695,7430.26982720097,1731.861895018105,4.290336226332466,2.008756103723486,305.27666303981636,0.0,0.0,0.0,0.5338639307460867,7.970161511086778,0.9873737373737373,224.09530783421604,3653,4.252655506134033
core,200,3000000.0,31,9,exclude,launch,0,0.0,prior,0.0,rr_tour,12600.0,43200,311067.5805322913,0,286761.55105193413,24306.02948035715,0,1,0.581841339604067,19,10.304493718415957,22.237735648588906,7430.26982720097,1789.7360946263775,4.151600813946875,2.0100665058742653,306.07030388671404,0.0,0.0,0.0,0.5055713487980268,6.628425903468348,0.9823232323232324,238.6573898930689,4123,4.0855019092559814
core,200,3000000.0,21,10,exclude,launch,0,0.0,prior,0.0,rr_tour,12600.0,43200,326191.7771421843,0,321342.4584920679,4849.318650116478,0,1,0.4778377675413109,1,11.597269844061024,25.349436049840932,6564.841933405682,1572.1597585917355,4.175683735402405,2.007358813783758,304.43153391234614,0.0,0.0,0.008788689338937715,0.7102219960936348,12.241098677517803,0.9825,270.6667176600285,1966,2.788552761077881
core,200,3000000.0,32,9,exclude,launch,0,0.0,prior,0.0,rr_tour,12600.0,43200,411004.66534098686,0,383904.03338925,27100.631951736887,0,2,0.6665610133828099,24,10.304493718415957,22.06509252461963,7430.26982720097,1802.6835487038193,4.121782679241481,2.011243894452205,306.7842642200586,0.0,0.0,0.0,0.4858855381373054,5.835969272480796,0.9823232323232324,252.5697867238501,4426,4.251027345657349
core,200,3000000.0,20,10,exclude,launch,0,0.0,prior,0.0,rr_tour,12600.0,43200,329502.66081996745,0,324940.6870598773,4561.973760090183,0,1,0.4730363942800367,1,11.597269844061024,24.64488343674417,6564.841933405682,1617.0054537352348,4.0598761854767345,2.007482342192894,304.5062009491438,0.0,0.0,0.0046315789473684215,0.7530009094275798,13.147273749297359,0.9825,280.27618665839753,1779,3.202718496322632
core,200,3000000.0,22,10,exclude,launch,0,0.0,prior,0.0,rr_tour,12600.0,43200,319219.4413700791,0,315307.8151545283,3911.626215550799,0,1,0.4882746173321403,1,11.597269844061024,25.593286889277017,6564.841933405682,1557.235411482484,4.215702959872951,2.0072878277890815,304.3886304036137,0.0,0.0,0.0076521739130434785,0.6753154516665167,11.438945420906569,0.9775,264.54216876678527,2162,2.945582389831543
core,200,3000000.0,28,9,exclude,launch,0,0.0,prior,0.0,rr_tour,12600.0,43200,315592.62374391203,0,290779.18695583154,24813.436788080464,0,1,0.5734969359249243,1,10.304493718415957,24.80138678355097,7430.26982720097,1606.3586429124941,4.625536059450039,2.008036059104885,304.84100893671246,0.0,0.0,0.008522727272727272,0.5344562037575463,8.311665699361578,0.9773299748110831,227.95538481836806,3446,4.880737543106079
core,200,3000000.0,30,9,exclude,launch,0,0.0,prior,0.0,rr_tour,12600.0,43200,304048.1227599802,0,279997.2419828961,24050.880777084072,0,1,0.5952680857612109,11,10.304493718415957,23.33266533764471,7430.26982720097,1706.8470973720534,4.353213500284228,2.008773715659121,305.2873228214128,0.0,0.0,0.0,0.517071957132525,7.692070823710546,0.9873737373737373,217.64604453452895,3897,5.027758836746216
core,200,3000000.0,23,10,exclude,launch,0,0.0,prior,0.0,rr_tour,12600.0,43200,312088.47603845975,0,308798.4937042074,3289.982334252294,0,1,0.4994312912750606,1,11.597269844061024,26.049583025958338,6564.841933405682,1530.0055311109309,4.290730850259722,2.007225705794134,304.35108672374736,0.0,0.0,0.01056,0.6444158828563918,10.955669224211423,0.9849624060150376,254.58892617909012,2346,3.2676451206207275
core,200,3000000.0,33,9,exclude,launch,0,0.0,prior,0.0,rr_tour,12600.0,43200,677871.259990797,0,638584.2105294386,39287.04946135848,0,5,0.805070877870552,33,10.304493718415957,22.232480726817414,7430.26982720097,1788.9565346931774,4.153409925342501,2.011417728321643,306.8897463489939,0.0,0.0,0.0,0.473510360789644,5.561152614727855,0.9646464646464646,250.38992662368383,4685,4.721695423126221
core,200,3000000.0,34,9,exclude,launch,0,0.0,prior,0.0,rr_tour,12600.0,43200,1569519.6851141045,0,1487553.5784521394,81966.10666196504,0,11,0.925701625103312,41,10.304493718415957,23.172993121078413,7430.26982720097,1717.1663041085344,4.3270531278322455,2.0104602764031982,306.3089910566485,0.0,0.0,0.0,0.45795133995742454,5.563891675025075,0.9393939393939394,234.23213007878226,4985,4.67708158493042
core,200,3000000.0,26,10,exclude,launch,0,0.0,prior,0.0,rr_tour,12600.0,43200,298974.4550972316,0,296082.67805411137,2891.777043120243,0,1,0.5213380204314233,1,11.597269844061024,23.906148131846322,6564.841933405682,1666.587907272575,3.9390913043100486,2.0079465798088045,304.78689232448005,0.0,0.0,0.002756201453269857,0.5773213679654696,9.071238348868176,0.9899749373433584,239.70115206125593,3004,3.660672903060913
core,200,3000000.0,25,10,exclude,launch,0,0.0,prior,0.0,rr_tour,12600.0,43200,305740.7705180745,0,302100.97497951746,3639.7955385570717,0,1,0.5098003459461414,1,11.597269844061024,24.54317403127856,6564.841933405682,1623.5806152768669,4.0434345369947575,2.007637978657802,304.6002888100741,0.0,0.0,0.008185538881309686,0.5997042000498777,9.604566872055093,0.9824561403508771,245.13366127398436,2759,3.9468305110931396
core,200,3000000.0,24,10,exclude,launch,0,0.0,prior,0.0,rr_tour,12600.0,43200,309741.1214289383,0,305968.2986904413,3772.8227384970096,0,1,0.503216201519801,1,11.597269844061024,25.577065080237706,6564.841933405682,1558.1628839332857,4.213193627635378,2.007365350270601,304.4354846777433,0.0,0.0,0.012037580739870817,0.617353437965567,10.214285714285714,0.9874686716791979,249.35891757742476,2562,4.012966156005859
core,200,3000000.0,31,10,exclude,launch,0,0.0,prior,0.0,rr_tour,12600.0,43200,309030.427765859,0,305532.62456211424,3497.8032037447524,0,1,0.5043734745047467,26,11.597269844061024,21.044839940376296,6564.841933405682,1889.6377724661984,3.474127173504684,2.011711962395161,307.0683284560402,0.0,0.0,0.0,0.5073423636538562,5.69305724725944,0.9824561403508771,279.14512051379586,4105,3.498836040496826
core,200,3000000.0,30,10,exclude,launch,0,0.0,prior,0.0,rr_tour,12600.0,43200,289276.15180033795,0,286841.19385427976,2434.9579460582195,0,1,0.5388164548301062,20,11.597269844061024,21.650872093592493,6564.841933405682,1837.9703099085884,3.5717888901764603,2.010370491574455,306.2545590733218,0.0,0.0,0.0,0.5186166970928939,6.860339506172839,0.9874686716791979,244.8012288129595,3888,3.7803611755371094
core,200,3000000.0,27,10,exclude,launch,0,0.0,prior,0.0,rr_tour,12600.0,43200,294995.9686302303,0,292255.6805510413,2740.2880791889847,0,1,0.5283690868851403,1,11.597269844061024,23.4551334141652,6564.841933405682,1698.4762062320256,3.86513623759818,2.0081336432002184,304.9000327656436,0.0,0.0,0.001889466225791214,0.5661873115831502,8.768483709273182,0.9824561403508771,233.5031014172383,3192,4.119486331939697
core,200,3000000.0,28,10,exclude,launch,0,0.0,prior,0.0,rr_tour,12600.0,43200,293423.8624185992,0,290068.7674378363,3355.0949807629036,0,1,0.5311999824935639,1,11.597269844061024,22.053163215457932,6564.841933405682,1805.5823949517603,3.635858408766261,2.0091010643394682,305.48548741531414,0.0,0.0,0.0,0.5541916363887904,8.195997645673925,0.9924812030075187,234.45455643416273,3398,4.182994604110718
core,200,3000000.0,29,10,exclude,launch,0,0.0,prior,0.0,rr_tour,12600.0,43200,285088.8059765215,0,282351.3755438158,2737.430432705768,0,1,0.5467305180435341,8,11.597269844061024,22.08209784834952,6564.841933405682,1803.0170157887865,3.6410316019861217,2.0093233525391603,305.62008899426706,0.0,0.0,0.0,0.5380907921479385,7.852291551628935,0.9849624060150376,229.59981095280224,3622,4.116989850997925
core,200,3000000.0,20,11,exclude,launch,0,0.0,prior,0.0,rr_tour,12600.0,43200,253477.75107769883,0,245766.07779642506,7711.673281273795,0,1,0.2916653184549773,1,11.275799978965152,25.268929260507157,6761.506957310247,1577.0965226979233,4.287313338148387,2.0074506294716343,304.4870312468379,0.0,0.0,0.0038151759220008477,0.7541746721344745,12.655580608793686,0.9805825242718447,291.0842961289705,1774,3.0039262771606445
core,200,3000000.0,21,11,exclude,launch,0,0.0,prior,0.0,rr_tour,12600.0,43200,248117.51466255749,0,240308.14031255784,7809.374349999634,0,1,0.29796634505981845,1,11.275799978965152,25.274888746165455,6761.506957310247,1576.7657533451077,4.288212718322753,2.007398316955033,304.4554107011502,0.0,0.0,0.005778120184899846,0.7183255648539935,11.916238437821171,0.9830097087378641,282.2885607251377,1946,3.0634379386901855
core,200,3000000.0,32,10,exclude,launch,0,0.0,prior,0.0,rr_tour,12600.0,43200,1788749.39753971,0,1680118.5815429515,108630.81599675816,0,8,0.9245372413073422,33,11.597269844061024,21.428573517454613,6564.841933405682,1855.5564339772286,3.537937091643447,2.011974899303609,307.2279590461649,0.0,0.0,0.0,0.48628031331426513,5.485526910900045,0.9473684210526315,269.0190896376883,4422,4.026266098022461
core,200,3000000.0,33,10,exclude,launch,0,0.0,prior,0.0,rr_tour,12600.0,43200,1804485.7514625688,0,1695153.2983421339,109332.45312043492,0,8,0.9170467960268848,38,11.597269844061024,21.21389048335481,6564.841933405682,1872.9114156046116,3.5051534625231726,2.013503680441246,308.15691308038544,0.0,0.0,0.0,0.47333470313289217,4.680537772087068,0.9448621553884712,297.5114597810463,4686,3.985260009765625
core,200,3000000.0,22,11,exclude,launch,0,0.0,prior,0.0,rr_tour,12600.0,43200,239559.5851602202,0,231802.84787347954,7756.737286740673,0,1,0.30861077397459646,1,11.275799978965152,24.711339709564307,6761.506957310247,1612.6730199198978,4.192732732420918,2.0074621969110877,304.4940234614746,0.0,0.0,0.0017476406850751485,0.6855908925045342,11.259879125987913,0.9781021897810219,268.2560575418571,2151,3.5511083602905273
core,200,3000000.0,34,10,exclude,launch,0,0.0,prior,0.0,rr_tour,12600.0,43200,3386819.484751054,0,3204750.7016963344,182068.7830547201,0,20,0.9669253339066858,44,11.597269844061024,22.607542430406244,6564.841933405682,1759.5136042757163,3.7310549446464916,2.0111478697928975,306.7260043760143,0.0,0.0,0.0,0.45496188653668507,5.140071627536809,0.8922305764411027,252.34754300149504,5026,4.4034106731414795
core,200,3000000.0,23,11,exclude,launch,0,0.0,prior,0.0,rr_tour,12600.0,43200,233144.25517576188,0,226345.9958716439,6798.259304117984,0,1,0.3171026836307584,1,11.275799978965152,24.60535851346495,6761.506957310247,1619.5167122453722,4.175015241389997,2.0075892231218164,304.5708127653677,0.0,0.0,0.0032041012495994873,0.6514976038942717,10.57731520815633,0.9829683698296837,262.0021319055539,2354,3.5786027908325195
core,200,3000000.0,25,11,exclude,launch,0,0.0,prior,0.0,rr_tour,12600.0,43200,224059.31782654946,0,217798.73161539773,6260.586211151759,0,1,0.32996025207289054,1,11.275799978965152,24.615094723744388,6761.506957310247,1618.7484557104315,4.176996699800883,2.0077475680308945,304.66654826165467,0.0,0.0,0.007637752318603383,0.6006424761750964,9.43437273386512,0.9781553398058253,251.3121736090666,2758,3.4600934982299805
core,200,3000000.0,24,11,exclude,launch,0,0.0,prior,0.0,rr_tour,12600.0,43200,229157.64053274642,0,222007.80917707563,7149.831355670765,0,1,0.3226192625192622,1,11.275799978965152,23.972917862864474,6761.506957310247,1662.1157654077365,4.068012047073972,2.0077416146173435,304.6629485494711,0.0,0.0,0.0014757969303423849,0.630929993159683,10.001572327044025,0.9829683698296837,256.23972127735124,2544,3.6816136837005615
core,200,3000000.0,26,11,exclude,launch,0,0.0,prior,0.0,rr_tour,12600.0,43200,219648.00569296343,0,213219.7565450965,6428.249147866906,0,1,0.33658702593764034,1,11.275799978965152,24.056745920648606,6761.506957310247,1656.1497034566364,4.082666526581476,2.007952867668493,304.7906950323418,0.0,0.0,0.004056795131845842,0.5826791172280308,8.955615332885003,0.9830097087378641,245.2032405173819,2974,3.4847259521484375
core,200,3000000.0,27,11,exclude,launch,0,0.0,prior,0.0,rr_tour,12600.0,43200,213772.8104815208,0,207586.79274807576,6186.017733445043,0,1,0.3458375685046242,1,11.275799978965152,22.60231112989711,6761.506957310247,1762.409004894062,3.8365140773419277,2.0083085397840508,305.0058334204332,0.0,0.0,0.0,0.5844219716608565,8.735028976175144,0.9830097087378641,240.5063696482138,3106,3.982883930206299
core,200,3000000.0,29,11,exclude,launch,0,0.0,prior,0.0,rr_tour,12600.0,43200,209592.41905104768,0,203761.46576280368,5830.953288243982,0,1,0.3527354153554686,9,11.275799978965152,21.963165487521792,6761.506957310247,1812.2206854023775,3.731061570908486,2.0099440568517286,305.99609939103834,0.0,0.0,0.0,0.5301232324122511,7.102989130434783,0.9805825242718447,249.80290531156848,3680,3.985797643661499
core,200,3000000.0,28,11,exclude,launch,0,0.0,prior,0.0,rr_tour,12600.0,43200,211903.28869326075,0,206033.02449207025,5870.264201190513,0,1,0.34888872865180676,1,11.275799978965152,22.115890450699457,6761.506957310247,1800.2290851113348,3.7559147406465123,2.009360140429497,305.6423679263561,0.0,0.0,0.0,0.5496206896487312,7.60268770084721,0.9781553398058253,251.0182299154988,3423,4.171916246414185
core,200,3000000.0,21,12,exclude,launch,0,0.0,prior,0.0,rr_tour,12600.0,43200,219701.22348536958,0,215173.54100087928,4527.6824844903085,0,1,0.19286526123938943,1,10.560706468639882,24.18505206105153,7241.91745481808,1647.6042040753498,4.395423025084055,2.0076595498581744,304.6133305261137,0.0,0.0003837298541826554,0.005755947812739831,0.7122623180266198,11.893638676844784,0.9875311720698254,279.75535335914276,1965,2.8979430198669434
core,200,3000000.0,32,11,exclude,launch,0,0.0,prior,0.0,rr_tour,12600.0,43200,610797.1724702424,0,574487.0290172377,36310.143453004785,0,3,0.7423739092368214,36,11.275799978965152,21.20045550850546,6761.506957310247,1875.1221918795432,3.605902050859309,2.0124042281374726,307.4886963451895,0.0,0.0,0.0,0.49204381283562826,5.052390757263784,0.975669099756691,295.5214755519058,4371,3.3926284313201904
core,200,3000000.0,20,12,exclude,launch,0,0.0,prior,0.0,rr_tour,12600.0,43200,225992.37542125332,0,221004.53836139903,4987.837059854288,0,1,0.18749629841774965,1,10.560706468639882,24.024786675739765,7241.91745481808,1658.5683290397706,4.366366659738881,2.0076919551309507,304.6329229306913,0.0,0.0,0.004228329809725159,0.7500501588152787,12.721973094170403,0.9900249376558603,288.5912869712293,1784,3.076458215713501
core,200,3000000.0,33,11,exclude,launch,0,0.0,prior,0.0,rr_tour,12600.0,43200,2234505.404800641,0,2093570.1318338416,140935.27296679953,0,12,0.9393347898140262,40,11.275799978965152,21.910831011656498,6761.506957310247,1815.050970156622,3.7252435708330505,2.0116031743029765,307.0022946779575,0.0,0.0,0.0,0.4746922053407304,4.947785148726728,0.9343065693430657,282.2300687648351,4673,3.6006417274475098
core,200,3000000.0,23,12,exclude,launch,0,0.0,prior,0.0,rr_tour,12600.0,43200,203363.3750209835,0,200033.28888766284,3330.0861333206753,0,1,0.20835971008913146,1,10.560706468639882,25.719798040907943,7241.91745481808,1549.6050481729392,4.673395626425364,2.007249740343312,304.3656118265006,0.0,0.0,0.009578544061302681,0.6463598133967428,10.800084889643463,0.9850374064837906,257.1197336782156,2356,2.996948003768921
core,200,3000000.0,31,11,exclude,launch,0,0.0,prior,0.0,rr_tour,12600.0,43200,217313.4382510271,0,211332.0235195766,5981.4147314505035,0,1,0.34020293261352874,25,11.275799978965152,21.87819840579475,6761.506957310247,1818.7275600621726,3.7177129251173318,2.010531040701623,306.35189526645155,0.0,0.0,0.0,0.5081326042284329,6.038780487804878,0.9805352798053528,263.6052593395274,4100,3.8343067169189453
core,200,3000000.0,30,11,exclude,launch,0,0.0,prior,0.0,rr_tour,12600.0,43200,214864.8208212288,0,208954.6247288904,5910.196092338393,0,1,0.3440799136255127,18,11.275799978965152,21.92104396788071,6761.506957310247,1815.2787806431127,3.72477606713102,2.0104136428954824,306.28071892479596,0.0,0.0,0.0,0.5147831151929675,6.416645391881542,0.9829683698296837,259.70678042323914,3917,4.023338794708252
core,200,3000000.0,22,12,exclude,launch,0,0.0,prior,0.0,rr_tour,12600.0,43200,213910.1493573394,0,209630.31579000028,4279.833567339103,0,1,0.1980865984593151,1,10.560706468639882,25.245382872512742,7241.91745481808,1578.5906376120843,4.587584192044142,2.0074211829030526,304.46923192853575,0.0,0.0,0.010456605088881143,0.6735787479808928,11.134997688395746,0.9900249376558603,271.41683982986723,2163,3.367098569869995
core,200,3000000.0,34,11,exclude,launch,0,0.0,prior,0.0,rr_tour,12600.0,43200,3105664.8459153287,0,2911204.6136430465,194460.23227228253,0,18,0.9590404725271581,43,11.275799978965152,22.12645785402213,6761.506957310247,1797.1218343563241,3.76240877387816,2.0118730422813584,307.1661161087195,0.0,0.0,0.0,0.45994638546723643,4.6524451599919505,0.9002433090024331,282.230539314131,4969,3.824665069580078
core,200,3000000.0,24,12,exclude,launch,0,0.0,prior,0.0,rr_tour,12600.0,43200,200679.6355947862,0,197079.70734370608,3599.928251080144,0,1,0.2111461570902901,1,10.560706468639882,24.510807297439733,7241.91745481808,1625.7879856916418,4.454404583225671,2.0075596654828205,304.552943852356,0.0,0.0,0.006776664702416028,0.6247158541381798,10.079607843137255,0.9900249376558603,252.78701736875422,2550,3.1149818897247314
core,200,3000000.0,25,12,exclude,launch,0,0.0,prior,0.0,rr_tour,12600.0,43200,193924.864760671,0,190918.01433472545,3006.8504259455312,0,1,0.21850077819785105,1,10.560706468639882,25.068676926081558,7241.91745481808,1589.6619551130825,4.555633624824919,2.007491860533057,304.51195471210826,0.0,0.0,0.0054333061668024995,0.5956663878560192,9.691202872531418,0.9900249376558603,242.11664062736182,2785,3.393174886703491
core,200,3000000.0,26,12,exclude,launch,0,0.0,prior,0.0,rr_tour,12600.0,43200,190870.97875081174,0,187047.9539511658,3823.0247996459616,0,1,0.22199673381168233,1,10.560706468639882,24.32519246478954,7241.91745481808,1638.0182342133742,4.421145811173383,2.0077746652755315,304.6829327913629,0.0,0.0,0.004790721129601614,0.5786113231789162,9.187019069923052,0.9925187032418953,237.8622405941623,2989,3.288663387298584
core,200,3000000.0,29,12,exclude,launch,0,0.0,prior,0.0,rr_tour,12600.0,43200,179223.9347172738,0,176585.17534376733,2638.759373506474,0,1,0.2364234103495286,14,10.560706468639882,21.739297166684423,7241.91745481808,1831.0583934511544,3.9550445145381796,2.0097511848893954,305.8792366156614,0.0,0.0,0.0,0.5362515509835382,7.3659140969163,0.9925187032418953,244.07338468197904,3632,3.031036853790283
core,200,3000000.0,27,12,exclude,launch,0,0.0,prior,0.0,rr_tour,12600.0,43200,186486.38790377046,0,183257.58727374198,3228.800630028494,0,1,0.22721622922947332,1,10.560706468639882,24.075333841709508,7241.91745481808,1654.8463160449714,4.376187313953133,2.007982860582791,304.8088341686,0.0,0.0,0.00423230660710087,0.5598912179586513,8.66469489414695,0.9900249376558603,234.70256909935605,3212,3.5271992683410645
core,200,3000000.0,32,12,exclude,launch,0,0.0,prior,0.0,rr_tour,12600.0,43200,915014.2869177067,0,864326.9156640834,50687.37125362326,0,8,0.8248639564915707,36,10.560706468639882,20.78077852918064,7241.91745481808,1912.2062972744743,3.7872051070745893,2.013230165209042,307.9906103068629,0.0,0.0,0.0,0.48807202786359105,4.924858115777526,0.9525,300.549006947944,4405,2.981541156768799
core,200,3000000.0,28,12,exclude,launch,0,0.0,prior,0.0,rr_tour,12600.0,43200,177436.21299201183,0,174723.41746087343,2712.7955311383903,0,1,0.23880544533503312,1,10.560706468639882,22.49319552137441,7241.91745481808,1770.5522596288065,4.090202599462574,2.008769375279811,305.2846957507258,0.0,0.0,0.0,0.5538079757578086,8.403648131803472,0.9900249376558603,228.624151289917,3399,3.363086223602295
core,200,3000000.0,33,12,exclude,launch,0,0.0,prior,0.0,rr_tour,12600.0,43200,2320694.94707256,0,2169537.963167597,151156.9839049628,0,15,0.9429033552815184,41,10.560706468639882,21.84947992241403,7241.91745481808,1820.3311968635192,3.9783515589339475,2.011400116125167,306.87905846940026,0.0,0.0,0.0,0.47390971721852326,5.138888888888889,0.915,271.37846173919735,4680,2.9594168663024902
core,200,3000000.0,31,12,exclude,launch,0,0.0,prior,0.0,rr_tour,12600.0,43200,207869.35550869856,0,203973.93327620148,3895.422232497096,0,1,0.2038431001935086,30,10.560706468639882,20.67305884245778,7241.91745481808,1922.5713149943049,3.766787425952796,2.0128100300733953,307.73524710518154,0.0,0.0,0.0,0.5036161429849725,5.382886149383611,0.9875311720698254,292.9980882784228,4137,3.2365732192993164
core,200,3000000.0,30,12,exclude,launch,0,0.0,prior,0.0,rr_tour,12600.0,43200,181857.08731006362,0,178882.49250839461,2974.5948016690336,0,1,0.233000178815547,21,10.560706468639882,21.626796179982577,7241.91745481808,1840.3001503477444,3.935182776271383,2.0100605408692207,306.06668886630666,0.0,0.0,0.0,0.5253268890635342,6.855578727841501,0.9875311720698254,248.28047178614597,3836,3.3562240600585938
core,200,3000000.0,34,12,exclude,launch,0,0.0,prior,0.0,rr_tour,12600.0,43200,3297481.2246771506,0,3062048.6183145633,235432.60636258702,0,20,0.9593191564274617,48,10.560706468639882,21.786515831612014,7241.91745481808,1824.5329597773052,3.9691897129126117,2.0125676693264913,307.58798548958475,0.0,0.0,0.0,0.45906755764306106,4.515668943350743,0.88,290.02584096772455,4978,2.569404125213623
core,100,1500000.0,10,5,exclude,launch,0,0.0,prior,0.0,rr_tour,12600.0,43200,264764.22597121,0,251907.71747436936,12856.50849684061,0,1,0.6312644607711594,1,5.774317772611485,11.40332686196058,6593.891938148332,1747.11967884585,3.774150115751811,2.0077321010877345,304.6571962688101,0.0,0.0,0.0,0.7478546859568157,10.71111111111111,0.9820627802690582,338.5967723649099,900,0.8521788120269775
core,100,1500000.0,10,4,exclude,launch,0,0.0,prior,0.0,rr_tour,12600.0,43200,282001.57346331887,0,264523.56084466475,17478.012618654106,0,1,0.6544882766220024,1,5.351491471317767,11.668974999365561,7141.218427495743,1707.635121367086,4.1819346171439005,2.007392066789924,304.4516328693823,0.0,0.0,0.0017391304347826088,0.7745473901439657,11.461271676300578,0.9565217391304348,329.548917912319,865,0.9301788806915283
core,100,1500000.0,9,3,exclude,launch,0,0.0,prior,0.0,rr_tour,12600.0,43200,220847.75273489382,0,198502.02838967848,22345.724345215323,0,1,0.5115536162607439,1,4.940884818166719,12.367867258877176,7762.382610686937,1611.3330623750244,4.817366931728921,2.0071501285790623,304.30541444904657,0.0,0.003171247357293869,0.0010570824524312897,0.8497692338354919,12.969057665260197,0.9516908212560387,355.49652093564805,711,0.9761836528778076
core,100,1500000.0,11,1,exclude,launch,0,0.0,prior,0.0,rr_tour,12600.0,43200,296961.78334872914,0,287811.6664214407,9150.116927288398,0,1,0.6956985694122082,1,5.478029860560422,12.267531490908283,6968.561876837692,1624.2283481075472,4.290383113283942,2.007500784895828,304.51734946971294,0.0,0.0,0.0,0.688636063653268,10.153203342618385,0.9835164835164835,298.97423721104747,1077,1.0907258987426758
core,100,1500000.0,10,3,exclude,launch,0,0.0,prior,0.0,rr_tour,12600.0,43200,209770.5546850476,0,188429.4789301405,21341.07575490711,0,1,0.5385617764033449,1,4.940884818166719,11.780566087602232,7762.382610686937,1691.5469857121047,4.58892521239612,2.00728835809704,304.3889509073493,0.0,0.0,0.0,0.7526601560320544,11.202914798206278,0.9560975609756097,326.0518236679862,892,1.1077945232391357
core,100,1500000.0,10,1,exclude,launch,0,0.0,prior,0.0,rr_tour,12600.0,43200,304357.36161511455,0,294552.00067542866,9805.36093968591,0,1,0.6787937927621609,1,5.478029860560422,12.317231538095555,6968.561876837692,1617.5177713715643,4.30818257466732,2.007695405443303,304.63500904546277,0.0,0.0,0.00423728813559322,0.7489454306974647,11.250561797752809,0.989010989010989,325.60077066511974,890,1.1758251190185547
core,100,1500000.0,11,3,exclude,launch,0,0.0,prior,0.0,rr_tour,12600.0,43200,200246.193846587,0,178708.71823160225,21537.475614984767,0,1,0.5641817488571049,1,4.940884818166719,12.336578131896255,7762.382610686937,1615.5928463851938,4.804665128379883,2.006935227711941,304.1755658421897,0.0,0.0,0.0,0.6839617937281707,10.059963099630997,0.9609756097560975,300.0159192869835,1084,1.1317944526672363
core,100,1500000.0,11,2,exclude,launch,0,0.0,prior,0.0,rr_tour,12600.0,43200,322810.99288998474,0,306881.25985700986,15929.73303297489,0,1,0.7227675869504101,1,6.024642709207431,13.430773172814304,6306.0645414764385,1483.8079955679507,4.24991950462074,2.007156655500685,304.3093586157976,0.0,0.0,0.0035087719298245615,0.6880688904693832,10.424157303370787,0.963302752293578,292.93123257107794,1068,1.2288219928741455
core,100,1500000.0,11,5,exclude,launch,0,0.0,prior,0.0,rr_tour,12600.0,43200,249911.27950228643,0,237606.924085637,12304.355416649449,0,1,0.668782324159484,1,5.774317772611485,10.943468904367604,6593.891938148332,1820.305351998773,3.6224097956466244,2.007986261747877,304.8108911617378,0.0,0.0,0.0,0.6912108737716951,9.787114845938376,0.9775784753363229,312.37069369926303,1071,1.1538031101226807
core,100,1500000.0,11,4,exclude,launch,0,0.0,prior,0.0,rr_tour,12600.0,43200,275317.5187106912,0,258200.67304543444,17116.84566525677,0,1,0.6703776958510499,1,5.351491471317767,11.86610184295326,7141.218427495743,1679.430943717131,4.2521655648965755,2.007195936293987,304.3330962261364,0.0,0.0,0.0021691973969631237,0.7066993254732596,9.87463837994214,0.9660194174757282,317.8344207039905,1037,1.1843037605285645
core,100,1500000.0,12,4,exclude,launch,0,0.0,prior,0.0,rr_tour,12600.0,43200,265484.9888330524,0,248778.9299008601,16706.05893219231,0,1,0.6952058744713585,1,5.351491471317767,11.742634633637488,7141.218427495743,1696.9983291199899,4.208146999884764,2.007303437789477,304.3980647347496,0.0,0.0,0.0,0.6470456850587323,8.84510433386838,0.961352657004831,296.69347247298236,1246,1.183305263519287
core,100,1500000.0,12,2,exclude,launch,0,0.0,prior,0.0,rr_tour,12600.0,43200,316995.24909834494,0,301430.1600653977,15565.089032947284,0,1,0.7360278207190929,1,6.024642709207431,12.71406404340575,6306.0645414764385,1567.3373329604638,4.0234252122134,2.0073038531938283,304.39831579774005,0.0,0.0,0.0006013229104028864,0.643799503824299,9.326661329063251,0.9723502304147466,279.12465281926757,1249,1.268810510635376
core,100,1500000.0,12,3,exclude,launch,0,0.0,prior,0.0,rr_tour,12600.0,43200,194466.57759463115,0,173432.649546014,21033.928048617166,0,1,0.580987105931459,1,4.940884818166719,12.6933166147441,7762.382610686937,1570.422266504745,4.942863315332064,2.006635235627222,303.9943492818816,0.0,0.0,0.0,0.6358721648629097,9.165086887835702,0.9512195121951219,281.9158449672664,1266,1.2523090839385986
core,100,1500000.0,12,1,exclude,launch,0,0.0,prior,0.0,rr_tour,12600.0,43200,288006.9990832714,0,279146.17542962474,8860.823653646718,0,1,0.7173293999916911,1,5.478029860560422,13.335078631460966,6968.561876837692,1494.5089079030085,4.66277707679608,2.007085634254099,304.26644241629435,0.0,0.0,0.0040887850467289715,0.6211683376984899,9.297507788161994,0.9835164835164835,273.1327265513827,1284,1.322835922241211
core,100,1500000.0,13,1,exclude,launch,0,0.0,prior,0.0,rr_tour,12600.0,43200,283170.6410754268,0,274588.56252145016,8582.078553976728,0,1,0.7295808882629932,1,5.478029860560422,11.778095684934103,6968.561876837692,1691.27140431659,4.12030964341501,2.0080365206671704,304.8412880996323,0.0,0.0,0.0,0.5874707614653492,8.004707464694015,0.9835164835164835,274.1055221313338,1487,1.3313398361206055
core,100,1500000.0,13,3,exclude,launch,0,0.0,prior,0.0,rr_tour,12600.0,43200,190824.74921840403,0,169926.73422746934,20898.01499093468,0,1,0.592063000223047,1,4.940884818166719,12.343056933565757,7762.382610686937,1614.670378230649,4.8074100543003295,2.007027767543353,304.23147738100505,0.0,0.0,0.0,0.5832301867567428,7.704272363150868,0.9609756097560975,282.87504382276603,1498,1.2868154048919678
core,100,1500000.0,14,1,exclude,launch,0,0.0,prior,0.0,rr_tour,12600.0,43200,283936.09977625054,0,275432.9156266113,8503.184149639139,0,1,0.7276140230446665,1,5.478029860560422,11.377839484612936,6968.561876837692,1749.7143226699075,3.9826855084573407,2.0092456738391347,305.57304904890276,0.0,0.0,0.0,0.5384531797392291,6.6085714285714285,0.989010989010989,282.31767684920027,1750,1.3488404750823975
core,100,1500000.0,13,2,exclude,launch,0,0.0,prior,0.0,rr_tour,12600.0,43200,308681.989391855,0,293030.05081872153,15651.93857313353,0,1,0.7558501318195698,1,6.024642709207431,12.47348610681485,6306.0645414764385,1597.3198387662032,3.9479034745773576,2.0076141963524723,304.58591060731175,0.0,0.0,0.0,0.5896148347568835,8.235175202156334,0.9723502304147466,267.4472786326687,1484,1.410841703414917
core,100,1500000.0,14,2,exclude,launch,0,0.0,prior,0.0,rr_tour,12600.0,43200,314238.581271134,0,298429.6517426582,15808.9295284758,0,1,0.7424846479014879,1,6.024642709207431,11.558214554562317,6306.0645414764385,1722.8221772285124,3.660310753383117,2.008763394649574,305.2810759154796,0.0,0.0,0.0,0.5524695546182276,6.601992966002345,0.967741935483871,289.6104729280922,1706,1.419332504272461
core,100,1500000.0,14,3,exclude,launch,0,0.0,prior,0.0,rr_tour,12600.0,43200,184592.02568972824,0,164092.0744131954,20499.951276532833,0,1,0.6120655260564385,1,4.940884818166719,12.21664569640168,7762.382610686937,1631.0492272506126,4.759134476751289,2.0074324662409575,304.47605221090146,0.0,0.0,0.0,0.540235271042869,7.0670487106017195,0.9609756097560975,264.86646406074107,1745,1.4153449535369873
core,100,1500000.0,13,4,exclude,launch,0,0.0,prior,0.0,rr_tour,12600.0,43200,263822.53509560484,0,246977.77882908637,16844.756266518467,0,1,0.6995866511320448,1,5.351491471317767,11.444670113888694,7141.218427495743,1740.7840556529165,4.10229999769689,2.0077600673021276,304.67410597463686,0.0,0.0,0.0,0.5981554978274434,7.614647501711157,0.966183574879227,293.2289613194367,1461,1.419846534729004
core,100,1500000.0,14,4,exclude,launch,0,0.0,prior,0.0,rr_tour,12600.0,43200,267924.20339692064,0,251162.78789662657,16761.415500294035,0,1,0.6888766355582762,1,5.351491471317767,11.444681190031735,7141.218427495743,1740.3622337133975,4.1032942965319235,2.008244756466271,304.967246682519,0.0,0.0,0.0,0.5518026255279374,6.175746924428823,0.961352657004831,309.65315586337556,1707,1.5093531608581543
core,100,1500000.0,14,5,exclude,launch,0,0.0,prior,0.0,rr_tour,12600.0,43200,250250.73718540047,0,237883.06067170535,12367.676513695133,0,1,0.6678751408247982,1,5.774317772611485,10.86594548956836,6593.891938148332,1831.7362363191162,3.599804277169727,2.0096921326911765,305.8434608455368,0.0,0.0,0.0,0.5381073692703462,5.825042881646655,0.9730941704035875,320.5678158159577,1749,0.8708112239837646
core,100,1500000.0,9,6,exclude,launch,0,0.0,prior,0.0,rr_tour,12600.0,43200,381884.4625088859,0,339510.48672268743,42373.975786198454,0,1,0.7233942171188156,1,5.052148291863248,12.908128776262798,7584.090639439221,1543.6749571008033,4.913010089690776,2.007432001582801,304.4757713439386,0.0,0.0,0.0041928721174004195,0.8365504079978565,13.196652719665272,0.9684684684684685,346.10573327465767,717,0.8988037109375
core,100,1500000.0,10,6,exclude,launch,0,0.0,prior,0.0,rr_tour,12600.0,43200,371850.1028208441,0,329530.1188094855,42319.98401135861,0,1,0.7429070152736332,1,5.052148291863248,12.387443000939216,7584.090639439221,1608.589150247219,4.7147468564447585,2.0073966130867147,304.45438081757504,0.0,0.0,0.0008410428931875525,0.7505730776039893,11.605145413870247,0.972972972972973,314.55553482787053,894,0.9282312393188477
core,100,1500000.0,12,5,exclude,launch,0,0.0,prior,0.0,rr_tour,12600.0,43200,244106.41950932096,0,232134.90784731388,11971.511662007093,0,1,0.6846859934088191,1,5.774317772611485,11.682378265321253,6593.891938148332,1705.6026269622107,3.8660188685875108,2.007478352862311,304.5037894458465,0.0,0.0,0.0,0.6373090411957134,8.87914691943128,0.9820627802690582,290.6971383479698,1266,1.1823492050170898
core,100,1500000.0,13,5,exclude,launch,0,0.0,prior,0.0,rr_tour,12600.0,43200,242719.91323421695,0,230760.64324281097,11959.269991405978,0,1,0.6885971740519158,1,5.774317772611485,11.497939782328109,6593.891938148332,1732.6270002804974,3.805719255835698,2.0078667300425206,304.73860365798106,0.0,0.0,0.0,0.5893639911027746,7.612424037812289,0.9865470852017937,288.3819844686097,1481,1.2299506664276123
core,100,1500000.0,9,7,exclude,launch,0,0.0,prior,0.0,rr_tour,12600.0,43200,260235.13289011805,0,236111.7667940216,24123.36609609644,0,1,0.6014562680277069,1,4.789315478557099,13.326853547622795,8018.5908986554505,1495.2693696059837,5.362639710039949,2.007302979436691,304.3977877146104,0.0,0.0,0.0042417815482502655,0.849457787930656,13.140845070422536,0.960352422907489,349.9377151264302,710,0.972827672958374
core,100,1500000.0,10,7,exclude,launch,0,0.0,prior,0.0,rr_tour,12600.0,43200,250958.13270729457,0,227319.7313085719,23638.401398722668,0,1,0.6235789527761684,1,4.789315478557099,12.413997790105267,8018.5908986554505,1605.2155541114403,4.995335908699255,2.007312404093856,304.40348383240297,0.0,0.0,0.0017301038062283738,0.773291568776131,11.551963048498845,0.960352422907489,326.62896686846597,866,0.9883339405059814
core,100,1500000.0,11,8,exclude,launch,0,0.0,prior,0.0,rr_tour,12600.0,43200,236710.60408146385,0,230980.11609859782,5730.487982866041,0,1,0.6414166659808724,1,5.687677066694433,13.808377236254895,6699.414751861177,1443.5503813181222,4.640928947518871,2.0067136385958086,304.0417050404436,0.0,0.0,0.0049157303370786515,0.6828897279946439,10.691231343283581,0.9833333333333333,285.1375944944076,1072,0.9103219509124756
core,100,1500000.0,12,6,exclude,launch,0,0.0,prior,0.0,rr_tour,12600.0,43200,362544.8792939365,0,320662.5498605429,41882.32943339365,0,1,0.7619863216107489,1,5.052148291863248,12.006594963271453,7584.090639439221,1659.6377275942118,4.569726581494996,2.007367240417264,304.4366271197683,0.0,0.0,0.0,0.6414156995252456,9.061256961018298,0.9684684684684685,286.7855333211485,1257,1.2468562126159668
core,100,1500000.0,9,9,exclude,launch,0,0.0,prior,0.0,rr_tour,12600.0,43200,305268.8332493423,0,294084.92219563643,11183.911053705855,0,1,0.6446041170046398,1,4.852417850747997,12.414212597345998,7909.979841733408,1605.1320399491203,4.927930939553197,2.007382108485727,304.4456137491448,0.0,0.0,0.0031446540880503146,0.8431735293418666,12.931276297335204,0.9943181818181818,351.3061519343084,713,0.9723107814788818
core,100,1500000.0,11,6,exclude,launch,0,0.0,prior,0.0,rr_tour,12600.0,43200,363352.8134849622,0,322114.0656109621,41238.74787400012,0,1,0.7602718177358282,1,5.052148291863248,13.401328874339246,7584.090639439221,1487.266143258105,5.099350021392273,2.0068893793588085,304.14786667966985,0.0,0.0,0.005574912891986063,0.6782066568271369,10.395756457564575,0.9684684684684685,289.9372162282003,1084,1.342860221862793
core,100,1500000.0,11,7,exclude,launch,0,0.0,prior,0.0,rr_tour,12600.0,43200,241978.08644312219,0,218811.08937917603,23166.99706394616,0,1,0.64682119673551,1,4.789315478557099,12.792152801726294,8018.5908986554505,1557.9521370076673,5.146878847033532,2.0070687159455525,304.2562195908672,0.0,0.0,0.0014134275618374558,0.6959385076204283,10.43515037593985,0.9559471365638766,294.83755207052207,1064,1.2808613777160645
core,100,1500000.0,10,8,exclude,launch,0,0.0,prior,0.0,rr_tour,12600.0,43200,242697.8325619056,0,236605.58449772157,6092.24806418403,0,1,0.6255932526036174,1,5.687677066694433,14.498001159164588,6699.414751861177,1374.9573653038883,4.872452718110642,2.006608416072032,303.97815099211346,0.0,0.0,0.0016992353440951572,0.7564741140074617,12.22686230248307,0.9833333333333333,301.87057173372153,886,1.230346918106079
core,100,1500000.0,12,7,exclude,launch,0,0.0,prior,0.0,rr_tour,12600.0,43200,239297.87532043926,0,216110.49456632553,23187.38075411372,0,1,0.6541073733191982,1,4.789315478557099,10.933428862538895,8018.5908986554505,1821.6107337601923,4.401923391230448,2.00838991099687,305.0550637800827,0.0,0.0,0.0,0.6422213218644132,8.263116057233704,0.9601769911504425,313.39249477069876,1258,1.2973575592041016
core,100,1500000.0,13,6,exclude,launch,0,0.0,prior,0.0,rr_tour,12600.0,43200,354653.0108400147,0,313481.89668806567,41171.114151948976,0,1,0.7789168346827503,1,5.052148291863248,11.25010434608332,7584.090639439221,1770.313159882352,4.284039011461243,2.008414475991637,305.0699266168464,0.0,0.0,0.0,0.5872553766519064,7.6336235766912255,0.972972972972973,286.13147676512585,1493,1.3728702068328857
core,100,1500000.0,14,7,exclude,launch,0,0.0,prior,0.0,rr_tour,12600.0,43200,235237.48136414972,0,212627.15644463268,22610.324919517032,0,1,0.6653853885450808,1,4.789315478557099,11.410239984893506,8018.5908986554505,1744.9246571367657,4.595379442808206,2.0090397654856837,305.44837449942105,0.0,0.0,0.0,0.5381487464118649,6.187750429307384,0.9513274336283186,301.7633449819891,1747,1.310868740081787
core,100,1500000.0,14,6,exclude,launch,0,0.0,prior,0.0,rr_tour,12600.0,43200,346272.6146214146,0,305313.4882008793,40959.12642053526,0,1,0.7978007725269702,1,5.052148291863248,12.076266543733475,7584.090639439221,1650.0101990099515,4.596390158066823,2.007431212937024,304.47529463992896,0.0,0.0,0.0,0.5648746720870746,7.620648259303722,0.972972972972973,257.1624417474954,1666,1.4648804664611816
core,100,1500000.0,10,9,exclude,launch,0,0.0,prior,0.0,rr_tour,12600.0,43200,292683.83060958283,0,282680.8873987213,10002.943210861546,0,1,0.6723212085064421,1,4.852417850747997,12.705995400831705,7909.979841733408,1568.4276166185825,5.043254631531392,2.0071822920363678,304.32485081748933,0.0,0.0,0.006751054852320675,0.7477258211472201,11.462837837837839,0.9943181818181818,321.06829186181005,888,1.138833999633789
core,100,1500000.0,13,7,exclude,launch,0,0.0,prior,0.0,rr_tour,12600.0,43200,231652.32631516032,0,209174.29905786528,22478.027257295027,0,1,0.675682756782478,1,4.789315478557099,12.051487035373945,8018.5908986554505,1653.2153835332736,4.850300195923663,2.007658840904477,304.61290189588635,0.0,0.0,0.0,0.5874502433241549,7.619718309859155,0.9557522123893806,287.0108538845893,1491,1.428882360458374
core,100,1500000.0,12,8,exclude,launch,0,0.0,prior,0.0,rr_tour,12600.0,43200,228557.5535290568,0,223130.39059689472,5427.162932162068,0,1,0.664297128350868,1,5.687677066694433,14.017727373118774,6699.414751861177,1422.1203222609345,4.710863523284882,2.0065317656175177,303.9318585591352,0.0,0.0,0.0041444641799881585,0.6258078063074056,9.729199372056515,0.9833333333333333,263.6444107388875,1274,1.4008705615997314
core,100,1500000.0,13,8,exclude,launch,0,0.0,prior,0.0,rr_tour,12600.0,43200,225575.84019579765,0,220484.06796056288,5091.772235234769,0,1,0.673077960567341,1,5.687677066694433,13.705422525309732,6699.414751861177,1454.4016503800437,4.60630304573058,2.0067034792641127,304.0355685487409,0.0,0.0,0.011710794297352342,0.5807758388033014,8.612881355932203,0.9833333333333333,257.0711753407209,1475,1.5578885078430176
core,100,1500000.0,9,10,exclude,launch,0,0.0,prior,0.0,rr_tour,12600.0,43200,217576.4076835018,0,209796.45748300196,7779.950200499853,0,1,0.48727052748862804,1,4.842340003327892,12.026781800341547,7927.135773030543,1656.5896834559965,4.785213775141266,2.007685152179887,304.62880977714065,0.0,0.0010482180293501049,0.0020964360587002098,0.840787881747686,12.472727272727273,0.9765258215962441,366.67114637720925,715,0.9086110591888428
core,100,1500000.0,14,8,exclude,launch,0,0.0,prior,0.0,rr_tour,12600.0,43200,219531.98340646253,0,214603.61874715504,4928.3646593074745,0,1,0.6916082300005392,1,5.687677066694433,12.944564371136387,6699.414751861177,1539.6511268546287,4.351255057077436,2.007013194447464,304.2226721373859,0.0,0.0,0.0,0.5495571129053833,7.543224299065421,0.9833333333333333,252.9368339712864,1712,1.6663951873779297
core,100,1500000.0,11,9,exclude,launch,0,0.0,prior,0.0,rr_tour,12600.0,43200,285182.6557756647,0,275162.67231834785,10019.983457316885,0,1,0.6900053096515124,1,4.852417850747997,11.714289432361703,7909.979841733408,1700.9797770676546,4.65024919659512,2.0074507108101143,304.4870804135414,0.0,0.0,0.0,0.689093236266397,10.156424581005586,0.9886363636363636,299.5357152119277,1074,1.2994282245635986
core,100,1500000.0,10,10,exclude,launch,0,0.0,prior,0.0,rr_tour,12600.0,43200,205298.1116741162,0,198031.42518460567,7266.686489510508,0,1,0.5164127915083401,1,4.842340003327892,12.044701873305378,7927.135773030543,1654.3592254872603,4.791665347467539,2.0074009196006877,304.4569838436932,0.0,0.0,0.000851063829787234,0.7632499954613995,11.156462585034014,0.9859154929577465,331.9863365117913,882,1.0193023681640625
core,100,1500000.0,13,9,exclude,launch,0,0.0,prior,0.0,rr_tour,12600.0,43200,274523.2712807531,0,265424.49108472426,9098.780196028818,0,1,0.7167973257337632,1,4.852417850747997,11.533532305714143,7909.979841733408,1727.2903452878315,4.579415304041028,2.007854828610231,304.73140666588756,0.0,0.0,0.0,0.5895052330343683,7.633736559139785,0.9943181818181818,287.72553734359116,1488,1.2084074020385742
core,100,1500000.0,9,11,exclude,launch,0,0.0,prior,0.0,rr_tour,12600.0,43200,148125.24803321532,0,142385.90169194975,5739.346341265557,0,1,0.22587178398283356,1,4.789315478557101,13.459704859005612,8018.590898655449,1480.8185843910794,5.414971815708767,2.006885514258779,304.14553164724987,0.0,0.0,0.005128205128205128,0.8205552844940622,12.889645776566757,0.9660194174757282,344.93828609352255,734,0.7947750091552734
core,100,1500000.0,12,9,exclude,launch,0,0.0,prior,0.0,rr_tour,12600.0,43200,280087.2961451883,0,270781.3394166704,9305.956728517833,0,1,0.7025579146714478,1,4.852417850747997,11.577910911810182,7909.979841733408,1720.8917931686553,4.596442305747107,2.0075955500361156,304.57463773577484,0.0,0.0,0.0005938242280285036,0.6357855716626205,8.680851063829786,0.9943181818181818,296.6041172376746,1269,1.3799355030059814
core,100,1500000.0,14,9,exclude,launch,0,0.0,prior,0.0,rr_tour,12600.0,43200,276133.05955454084,0,266963.26636483544,9169.79318970539,0,1,0.7126185724489924,1,4.852417850747997,11.461804522395257,7909.979841733408,1737.9364787594345,4.551363032197628,2.0080433993753113,304.8454485072401,0.0,0.0,0.0,0.5594752893015645,6.603807257584771,0.9943181818181818,293.6887180085105,1681,1.2719147205352783
core,100,1500000.0,14,10,exclude,launch,0,0.0,prior,0.0,rr_tour,12600.0,43200,190988.7853662061,0,185056.70961879528,5932.07574741085,0,1,0.5551036451576963,1,4.842340003327892,11.354401872335762,7927.135773030543,1753.9986126559359,4.519465246912102,2.008475250219853,305.1066990917986,0.0,0.0,0.0,0.553968533519953,6.187868080094228,0.971830985915493,310.6701063805981,1698,0.9737863540649414
core,100,1500000.0,11,10,exclude,launch,0,0.0,prior,0.0,rr_tour,12600.0,43200,194824.45763931962,0,188711.5129091754,6112.944730144264,0,1,0.5441748547674339,1,4.842340003327892,11.836721158939001,7927.135773030543,1683.3014786701679,4.709278684465419,2.0075513814899937,304.54793590271834,0.0,0.0,0.0,0.6851939711043495,9.66079703429101,0.971830985915493,313.45770723478984,1079,1.3083302974700928
core,100,1500000.0,12,10,exclude,launch,0,0.0,prior,0.0,rr_tour,12600.0,43200,187244.8579572325,0,181179.73179934095,6065.126157891534,0,1,0.5662028431522343,1,4.842340003327892,12.272434044420397,7927.135773030543,1623.819163059759,4.881784839940833,2.007204501396939,304.33827229027685,0.0,0.0,0.0,0.6365926271300597,8.8318863456985,0.9671361502347418,291.91911773332896,1267,1.4098544120788574
core,100,1500000.0,10,12,exclude,launch,0,0.0,prior,0.0,rr_tour,12600.0,43200,373824.51401060197,0,328526.052779919,45298.46123068297,0,1,0.7323073595919368,1,4.789315478557099,12.23552982106785,8018.5908986554505,1628.428552463514,4.924128164250615,2.0075598565938835,304.5530593858462,0.0,0.0,0.005145797598627788,0.7617712547628672,10.895216400911162,0.9476190476190476,341.2658317829362,878,1.0249125957489014
core,100,1500000.0,9,12,exclude,launch,0,0.0,prior,0.0,rr_tour,12600.0,43200,381543.5348813284,0,336196.1033582009,45347.43152312747,0,1,0.7175238661909024,1,4.789315478557099,12.305104651999233,8018.5908986554505,1619.124895500317,4.952422707438927,2.0076792442374094,304.6252377800632,0.0,0.0,0.00211864406779661,0.8487736498595135,12.60056258790436,0.9619047619047619,366.09083095473994,711,1.110436201095581
core,100,1500000.0,11,11,exclude,launch,0,0.0,prior,0.0,rr_tour,12600.0,43200,131934.9921994854,0,126660.36445704689,5274.627742438522,0,1,0.2535893887466512,1,4.789315478557101,12.99783845069248,8018.590898655449,1533.781813642969,5.227986684501139,2.006435820228055,303.87391807143524,0.0,0.0,0.0,0.7000537600538683,10.214758751182591,0.9660194174757282,303.1157611436619,1057,1.251455307006836
core,100,1500000.0,13,10,exclude,launch,0,0.0,prior,0.0,rr_tour,12600.0,43200,204690.4780522153,0,179977.66993085283,24712.80812136246,0,1,0.6116018667803481,1,4.842340003327892,12.171016978561116,7927.135773030543,1637.2355454338272,4.841780887996813,2.0073447115663052,304.4230103761806,0.0,0.0,0.0,0.5921263030903642,7.62085308056872,0.9530516431924883,290.1067413738821,1477,1.518498182296753
core,100,1500000.0,10,11,exclude,launch,0,0.0,prior,0.0,rr_tour,12600.0,43200,139496.10490137513,0,133970.95862543854,5525.1462759365895,0,1,0.23984407342281336,1,4.789315478557101,13.186860610337899,8018.590898655449,1511.5528178504173,5.304869802736172,2.0067591345952804,304.0691865273112,0.0,0.0,0.00587248322147651,0.7430880609922002,11.449776785714286,0.9611650485436893,317.3599561129814,896,1.4370059967041016
core,100,1500000.0,11,12,exclude,launch,0,0.0,prior,0.0,rr_tour,12600.0,43200,361643.6117041442,0,317299.8950822282,44343.716621916115,0,1,0.756992204166064,1,4.789315478557099,11.876819684202111,8018.5908986554505,1677.4188637136401,4.780315204577514,2.0077900870800542,304.6922578850468,0.0,0.0,0.0,0.67775826950071,9.565536205316224,0.9571428571428572,312.89590708783965,1091,1.2784802913665771
core,100,1500000.0,12,11,exclude,launch,0,0.0,prior,0.0,rr_tour,12600.0,43200,123830.49158185435,0,119502.53806614157,4327.9535157127675,0,1,0.2701863943102064,1,4.789315478557101,12.576494260271042,8018.590898655449,1584.9645796873606,5.059160943670515,2.006692526347878,304.0289527814018,0.0,0.0,0.0005899705014749262,0.6340104272783754,9.15921568627451,0.9660194174757282,280.00868223952983,1275,1.4505259990692139
core,100,1500000.0,14,12,exclude,launch,0,0.0,prior,0.0,rr_tour,12600.0,43200,358165.03646297986,0,314188.5361660292,43976.50029695062,0,1,0.7643458400848709,1,4.789315478557099,11.5313885338773,8018.5908986554505,1727.276129507907,4.642332955148237,2.008244631983651,304.96717137715444,0.0,0.0,0.0,0.561308146687795,6.19272076372315,0.9571428571428572,314.2548570378781,1676,1.004955768585205
core,100,1500000.0,12,12,exclude,launch,0,0.0,prior,0.0,rr_tour,12600.0,43200,354737.5639021503,0,310768.61118968047,43968.95271246989,0,1,0.7717479055665287,1,4.789315478557099,12.035405875463743,8018.5908986554505,1655.5986370861708,4.843318132206277,2.007447473123154,304.48512333066856,0.0,0.0,0.0,0.644111953173915,8.854748603351956,0.9523809523809523,294.71316378324315,1253,1.335510492324829
core,100,1500000.0,13,11,exclude,launch,0,0.0,prior,0.0,rr_tour,12600.0,43200,114465.16889496175,0,110836.03966522653,3629.1292297352115,0,1,0.2922925318606198,1,4.789315478557101,12.106523561575964,8018.590898655449,1646.3331773737023,4.870576022434919,2.006886490300803,304.1461213050806,0.0,0.0,0.0,0.5994101367601536,8.138545953360769,0.9611650485436893,275.40370891380377,1458,1.8567242622375488
core,100,1500000.0,13,12,exclude,launch,0,0.0,prior,0.0,rr_tour,12600.0,43200,357915.32069601666,0,314038.91761551274,43876.40308050391,0,1,0.7648777024520618,1,4.789315478557099,11.337140533820323,8018.5908986554505,1756.840928998554,4.564209978433426,2.0082788778736123,304.98788866982125,0.0,0.0,0.0,0.5948421057396682,7.070796460176991,0.9571428571428572,314.32903663392074,1469,1.4756739139556885
core,100,1500000.0,14,11,exclude,launch,0,0.0,prior,0.0,rr_tour,12600.0,43200,112244.74308767305,0,108877.75417019869,3366.9889174743644,0,1,0.29807466350587597,1,4.789315478557101,12.086188819040562,8018.590898655449,1648.6974611779672,4.863591463849467,2.007380251803752,304.4444915172573,0.0,0.0,0.0,0.5456495831235416,7.087006960556844,0.9611650485436893,266.8853132115342,1724,1.8587112426757812
core,100,1500000.0,15,2,exclude,launch,0,0.0,prior,0.0,rr_tour,12600.0,43200,323247.90794484346,0,307066.795558425,16181.112386418456,0,1,0.7217906648044657,5,6.024642709207431,11.326634705497105,6306.0645414764385,1757.1995052101215,3.5887015235201623,2.009731431078026,305.8672688720636,0.0,0.0,0.0,0.5186017014939421,5.215645908389089,0.9723502304147466,321.79768462511623,1943,1.955066204071045
core,100,1500000.0,15,1,exclude,launch,0,0.0,prior,0.0,rr_tour,12600.0,43200,291945.33622603747,0,283028.63418929995,8916.702036737513,0,1,0.7076526397594307,8,5.478029860560422,11.144857459030739,6968.561876837692,1784.9443064878858,3.904078044064725,2.010762620183909,306.4923223083123,0.0,0.0,0.0,0.5008544370787918,5.2076502732240435,0.989010989010989,311.01973281152993,2013,2.0385658740997314
core,100,1500000.0,16,2,exclude,launch,0,0.0,prior,0.0,rr_tour,12600.0,43200,328030.2746679757,0,311888.5737470221,16141.700920953614,0,1,0.7112676493299858,15,6.024642709207431,11.002301361775418,6306.0645414764385,1806.7560480298011,3.4902689537710208,2.012226840867171,307.38095321157994,0.0,0.0,0.0,0.4815162545410375,4.307967770814682,0.9585253456221198,338.98079771212866,2234,1.9695594310760498
core,100,1500000.0,18,1,exclude,launch,0,0.0,prior,0.0,rr_tour,12600.0,43200,1953623.792555422,0,1877754.5841155362,75869.20843988577,0,11,0.9712681307937796,24,5.478029860560422,12.453285615133948,6968.561876837692,1598.2902264366737,4.360010317008464,2.0096498678352277,305.8178566859079,0.0,0.0,0.0,0.42484800075320256,4.4549929676511955,0.9120879120879121,257.2237158606277,2844,2.0395703315734863
core,100,1500000.0,17,2,exclude,launch,0,0.0,prior,0.0,rr_tour,12600.0,43200,904517.17009328,0,845698.9433901627,58818.22670311739,0,6,0.9108137302771706,23,6.024642709207431,11.575197361296887,6306.0645414764385,1718.1087604736836,3.6703523586817943,2.0113188991766897,306.8297747495855,0.0,0.0,0.0,0.4541341374684881,4.087440381558029,0.9262672811059908,316.69684427083035,2516,2.0461835861206055
core,100,1500000.0,16,4,exclude,launch,0,0.0,prior,0.0,rr_tour,12600.0,43200,475099.26504877815,0,441892.2831609258,33206.98188785233,0,3,0.7909599677286925,21,5.351491471317767,10.774357209444615,7141.218427495743,1845.4447931688824,3.8696461979950585,2.011720139514303,307.0732922096523,0.0,0.0,0.0,0.48336191036844073,3.88,0.9420289855072463,377.9208667097295,2225,1.7926344871520996
core,100,1500000.0,16,3,exclude,launch,0,0.0,prior,0.0,rr_tour,12600.0,43200,351708.93202935875,0,313369.2087425268,38339.72328683185,0,2,0.7215308296674504,15,4.940884818166719,10.902231057029892,7762.382610686937,1823.8117941203536,4.256131381380187,2.01170636233289,307.06492907545453,0.0,0.0,0.0,0.4763108350430815,3.927780239255649,0.9365853658536586,368.1060147184917,2257,1.975667953491211
core,100,1500000.0,18,2,exclude,launch,0,0.0,prior,0.0,rr_tour,12600.0,43200,2115669.9914731737,0,1961823.0007658259,153846.9907073481,0,12,0.9645135837552657,30,6.024642709207431,11.889110326916796,6306.0645414764385,1672.6991040547846,3.7699933754911017,2.011373897824095,306.86314835997075,0.0,0.0,0.0,0.42830529912728227,3.3818632660290473,0.8617511520737328,341.4291935598989,2823,2.202711343765259
core,100,1500000.0,16,1,exclude,launch,0,0.0,prior,0.0,rr_tour,12600.0,43200,353995.65678617446,0,341960.54129478417,12035.115491390305,0,2,0.7638712992837567,11,5.478029860560422,11.333238021790722,6968.561876837692,1754.9281168524685,3.9708531705196433,2.011160122661303,306.7334380981265,0.0,0.0,0.0,0.47599980987669377,4.67433628318584,0.978021978021978,308.84193407326495,2260,2.3392293453216553
core,100,1500000.0,15,3,exclude,launch,0,0.0,prior,0.0,rr_tour,12600.0,43200,201535.39037073197,0,180217.1962133682,21318.19415736376,0,1,0.560618068105679,10,4.940884818166719,11.223205735680853,7762.382610686937,1773.4074438727725,4.377100500793784,2.009715305865005,305.85749966941813,0.0,0.0,0.0,0.5014832094122953,4.944803580308304,0.9560975609756097,327.9439906936866,2011,2.1467108726501465
core,100,1500000.0,15,4,exclude,launch,0,0.0,prior,0.0,rr_tour,12600.0,43200,275313.92274305667,0,258275.86623541528,17038.056507641395,0,1,0.6703864518793481,11,5.351491471317767,11.19477412743462,7141.218427495743,1778.1793091452255,4.016028299715478,2.0094125178501727,305.6740893577874,0.0,0.0,0.0,0.5145592443504677,4.95,0.9710144927536232,336.3000218005181,1960,2.030870199203491
core,100,1500000.0,17,1,exclude,launch,0,0.0,prior,0.0,rr_tour,12600.0,43200,1436472.7915323572,0,1389417.1190927376,47055.67243961965,0,8,0.952681000397789,21,5.478029860560422,11.966578562902328,6968.561876837692,1662.641450748374,4.191259560924012,2.0104412727571717,306.2974697073399,0.0,0.0,0.0,0.44363298666836976,4.388198757763975,0.9340659340659341,288.1914385028775,2576,2.459460973739624
core,100,1500000.0,17,3,exclude,launch,0,0.0,prior,0.0,rr_tour,12600.0,43200,1676401.530628881,0,1576725.6313358715,99675.89929300954,0,10,0.9606781156600154,22,4.940884818166719,11.920846536192766,7762.382610686937,1670.1017154410445,4.647850211109464,2.0091389452456854,305.50842324347246,0.0,0.0,0.0,0.45002264241417833,4.28672705789681,0.8926829268292683,299.29162118908266,2539,2.2845101356506348
core,100,1500000.0,17,4,exclude,launch,0,0.0,prior,0.0,rr_tour,12600.0,43200,1709805.6105478168,0,1581101.6979272855,128703.91262053138,0,11,0.9546666272077118,26,5.351491471317767,11.261507268801099,7141.218427495743,1766.7307752484974,4.042052432403745,2.0104491620052727,306.30225269914723,0.0,0.0,0.0,0.4583038410864405,3.707815631262525,0.8599033816425121,352.48098010138654,2495,2.0083680152893066
core,100,1500000.0,19,3,exclude,launch,0,0.0,prior,0.0,rr_tour,12600.0,43200,2654776.244596717,0,2505831.1737330444,148945.0708636723,0,17,0.9786281866933882,33,4.940884818166719,12.376992962764785,7762.382610686937,1608.1042226227962,4.827039504956089,2.009697327521412,305.8466079611644,0.0,0.0,0.0,0.4063509126671461,3.457206490614063,0.8529411764705882,299.731641664973,3143,2.374549388885498
core,100,1500000.0,19,2,exclude,launch,0,0.0,prior,0.0,rr_tour,12600.0,43200,3404078.449505688,0,3193097.1217801827,210981.32772550537,0,19,0.9849601355693619,37,6.024642709207431,12.837169642598846,6306.0645414764385,1550.8390988653357,4.066227467498234,2.0092036999815863,305.54763241695713,0.0,0.0,0.0,0.4044248545825906,3.6808106396453453,0.8064516129032258,280.28227779732975,3158,2.6716532707214355
core,100,1500000.0,19,1,exclude,launch,0,0.0,prior,0.0,rr_tour,12600.0,43200,2931413.996418911,0,2789393.365667264,142020.6307516472,0,17,0.984470570111575,26,5.478029860560422,13.14008170443507,6968.561876837692,1516.0601030031128,4.596494468150636,2.0079158445539624,304.76830491087827,0.0,0.0,0.0,0.41095740245890516,4.375281622143547,0.8351648351648352,239.63598820468945,3107,2.8631887435913086
core,100,1500000.0,20,2,exclude,launch,0,0.0,prior,0.0,rr_tour,12600.0,43200,4757329.468968601,0,4464518.3780452125,292811.0909233887,0,26,0.9916806980781919,42,6.024642709207431,13.251732413088087,6306.0645414764385,1502.96032867756,4.195762470340839,2.0083519219473525,305.03207954847596,0.0,0.0,0.0,0.38674466524747453,3.5208513085993673,0.75,266.02685664788874,3477,2.801172971725464
core,100,1500000.0,18,3,exclude,launch,0,0.0,prior,0.0,rr_tour,12600.0,43200,2343547.8037336483,0,2210246.825619243,133300.97811440506,0,15,0.9754341394329287,30,4.940884818166719,12.544231044258234,7762.382610686937,1587.4079427837005,4.889973397181518,2.0087569755842747,305.27719073697995,0.0,0.0,0.0,0.41801148346154654,3.8601519337016574,0.8682926829268293,291.57941419753234,2896,2.6651313304901123
core,100,1500000.0,20,3,exclude,launch,0,0.0,prior,0.0,rr_tour,12600.0,43200,3400252.3805295266,0,3223351.9193748264,176900.46115470023,0,23,0.988781723286351,39,4.940884818166719,13.647903946257522,7762.382610686937,1460.4293373140054,5.315137413606993,2.0068434046481016,304.12009244501434,0.0,0.0,0.0,0.39009126970820707,4.049912942542078,0.8186274509803921,233.2143702893486,3446,3.0844225883483887
core,100,1500000.0,20,1,exclude,launch,0,0.0,prior,0.0,rr_tour,12600.0,43200,3522652.70394721,0,3319937.6503854385,202715.0535617718,0,22,0.9898162034999944,32,5.478029860560422,14.143314551150798,6968.561876837692,1408.7346000585637,4.9466818494754055,2.0076111985882488,304.58409825613404,0.0,0.0,0.0,0.3729764162479753,4.2794893144601724,0.7692307692307693,211.2486847161213,3603,3.4800024032592773
core,100,1500000.0,18,4,exclude,launch,0,0.0,prior,0.0,rr_tour,12600.0,43200,3309905.571968965,0,3096065.5749264844,213839.99704248115,0,20,0.984369680159656,36,5.351491471317767,12.368761858002667,7141.218427495743,1610.0793173296734,4.435320888004138,2.0085677820269496,305.1626912828282,0.0,0.0,0.0,0.4210823535271528,3.8065414057063327,0.7766990291262136,297.7204529001343,2874,2.5722885131835938
core,100,1500000.0,15,5,exclude,launch,0,0.0,prior,0.0,rr_tour,12600.0,43200,250884.44707101976,0,238328.49238110456,12555.95468991518,0,1,0.6661881527151696,11,5.774317772611485,10.852795194466816,6593.891938148332,1833.67009890586,3.5960077781073423,2.01000519909641,306.0331506605336,0.0,0.0,0.0,0.5185311665686152,5.224794238683128,0.9730941704035875,321.38802593319775,1944,2.034743547439575
core,100,1500000.0,16,5,exclude,launch,0,0.0,prior,0.0,rr_tour,12600.0,43200,831047.4349532574,0,782549.0361885071,48498.39876475042,0,5,0.9075631380739967,15,5.774317772611485,11.245564163600475,6593.891938148332,1769.377658925051,3.726672994251728,2.010287647732543,306.2043393482867,0.0,0.0,0.0,0.4780306113475893,4.5217777777777775,0.9506726457399103,320.7251156874524,2250,2.0487499237060547
core,100,1500000.0,16,6,exclude,launch,0,0.0,prior,0.0,rr_tour,12600.0,43200,630624.3531816932,0,562355.2311277734,68269.12205391981,0,2,0.8621425185496256,13,5.052148291863248,10.952333936118855,7584.090639439221,1815.3600347124466,4.177733614500632,2.0118265915784743,307.13791542759384,0.0,0.0,0.0,0.4795253670241794,4.454545454545454,0.954954954954955,326.483178980226,2244,2.2012712955474854
core,100,1500000.0,15,6,exclude,launch,0,0.0,prior,0.0,rr_tour,12600.0,43200,354843.7144338209,0,313629.86312224844,41213.85131157249,0,1,0.7784897599289732,5,5.052148291863248,11.104632223531125,7584.090639439221,1792.4406282627185,4.231153054586765,2.009606526159258,305.79160129900936,0.0,0.0,0.0,0.5191451356000226,5.815653964984552,0.9594594594594594,288.884239680101,1942,2.2697975635528564
core,100,1500000.0,18,6,exclude,launch,0,0.0,prior,0.0,rr_tour,12600.0,43200,1889246.9451461213,0,1732329.35367146,156917.59147466143,0,11,0.9623174910521923,31,5.052148291863248,11.517098086952997,7584.090639439221,1725.2732355287933,4.395877988053707,2.013070759698667,307.89370924693026,0.0,0.0,0.0,0.42519038571906337,3.557313642756681,0.8603603603603603,322.17663475118275,2844,2.1655654907226562
core,100,1500000.0,17,6,exclude,launch,0,0.0,prior,0.0,rr_tour,12600.0,43200,1146599.4490691929,0,1055695.2655917294,90904.18347746356,0,5,0.9242425648859168,28,5.052148291863248,11.108294068823305,7584.090639439221,1788.2975109486845,4.240955765473214,2.0135983700248348,308.21449671510044,0.0,0.0,0.0,0.44677032240877645,3.6480250293312477,0.9279279279279279,349.44496787123023,2557,2.18857741355896
core,100,1500000.0,16,7,exclude,launch,0,0.0,prior,0.0,rr_tour,12600.0,43200,796321.8087641903,0,749488.4982778186,46833.31048637181,0,5,0.8981027623475847,15,4.789315478557099,11.398337701489215,8018.5908986554505,1745.6936199241904,4.593355218313549,2.0102517407852707,306.1825739279008,0.0,0.0,0.0,0.47859733682421446,4.317594654788419,0.9292035398230089,336.34060790526274,2245,1.9335246086120605
core,100,1500000.0,19,4,exclude,launch,0,0.0,prior,0.0,rr_tour,12600.0,43200,3873442.26206648,0,3615696.493721,257745.76834547985,0,24,0.9878347922393166,43,5.351491471317767,12.702255796941943,7141.218427495743,1568.1740026786676,4.553843141958424,2.0080979243527626,304.8784275253044,0.0,0.0,0.0,0.4052753206866358,3.454314720812183,0.7572815533980582,299.3077945495307,3152,2.86567759513855
core,100,1500000.0,15,7,exclude,launch,0,0.0,prior,0.0,rr_tour,12600.0,43200,236276.20516008607,0,213795.9092998726,22480.29586021346,0,1,0.6624512907554437,8,4.789315478557099,11.219835450637158,8018.5908986554505,1774.1804290908428,4.519602835865166,2.0094431294044464,305.69262945055266,0.0,0.0,0.0,0.5203534561842473,5.502323180175529,0.9557522123893806,306.27420305039226,1937,2.1366283893585205
core,100,1500000.0,17,7,exclude,launch,0,0.0,prior,0.0,rr_tour,12600.0,43200,1247572.6282882346,0,1181504.8729498142,66067.75533842041,0,8,0.9368046805364612,22,4.789315478557099,11.32501559480168,8018.5908986554505,1755.390238643197,4.5679819348051645,2.012090467756237,307.2981344769117,0.0,0.0,0.0,0.4492803354928686,3.6822650412898152,0.8982300884955752,348.42693556026705,2543,2.112084150314331
core,100,1500000.0,17,5,exclude,launch,0,0.0,prior,0.0,rr_tour,12600.0,43200,1549817.046155726,0,1471597.8753557745,78219.17079995156,0,11,0.9629897922654472,25,5.774317772611485,12.268864864094825,6593.891938148332,1623.165902239957,4.062364745987338,2.0085964809442967,305.1800584119658,0.0,0.0,0.0,0.44531796427815834,4.683164458300857,0.9192825112107623,271.3103811414936,2566,2.8555727005004883
core,100,1500000.0,20,4,exclude,launch,0,0.0,prior,0.0,rr_tour,12600.0,43200,4201741.630992334,0,3923154.5221644933,278587.10882784077,0,27,0.9892445131677426,45,5.351491471317767,12.819702976998881,7141.218427495743,1553.22754898099,4.597664026871535,2.0088473823521262,305.33191226362106,0.0,0.0,0.0,0.3853705496915308,3.0456110154905334,0.7233009708737864,306.67427551431075,3486,3.019207239151001
core,100,1500000.0,20,6,exclude,launch,0,0.0,prior,0.0,rr_tour,12600.0,43200,4752725.771283182,0,4420931.439159605,331794.33212357765,0,28,0.9932010722105128,41,5.052148291863248,13.79009501881017,7584.090639439221,1445.0105010145796,5.248467491491746,2.007343654768464,304.42237164068587,0.0,0.0,0.0,0.3770167884951195,3.9966329966329965,0.7027027027027027,228.7444915746013,3564,2.4588518142700195
core,100,1500000.0,18,5,exclude,launch,0,0.0,prior,0.0,rr_tour,12600.0,43200,2025331.9514262571,0,1905123.6800565803,120208.27136967661,0,15,0.9751768390181217,27,5.774317772611485,12.561209389964796,6593.891938148332,1585.783581528664,4.158128520785889,2.0080966845129327,304.8776775977902,0.0,0.0,0.0,0.4290823732292518,4.482611781405252,0.8565022421524664,258.0379171579561,2818,2.903221845626831
core,100,1500000.0,18,7,exclude,launch,0,0.0,prior,0.0,rr_tour,12600.0,43200,2097374.3334668726,0,1999462.8320891769,97911.50137769547,0,13,0.9698718822963934,32,4.789315478557099,11.89604219361323,8018.5908986554505,1672.0233935877118,4.795740854707609,2.0110142406513147,306.6449384399264,0.0,0.0,0.0,0.4249348806313098,3.6207865168539324,0.88,316.209100662274,2848,2.2187509536743164
core,100,1500000.0,19,5,exclude,launch,0,0.0,prior,0.0,rr_tour,12600.0,43200,2735019.1752123907,0,2552030.493149936,182988.68206245423,0,19,0.9835199566463905,31,5.774317772611485,12.857232832502218,6593.891938148332,1549.3732758061108,4.255844631577016,2.0079663100097527,304.7988246344031,0.0,0.0,0.0,0.40823703027672575,4.046615581098339,0.820627802690583,257.0526214273121,3132,3.130777597427368
core,100,1500000.0,19,7,exclude,launch,0,0.0,prior,0.0,rr_tour,12600.0,43200,3141913.944981128,0,3002596.2024827534,139317.74249837478,0,20,0.9846186624247711,39,4.789315478557099,12.52628234004071,8018.5908986554505,1589.4465948807092,5.044894823444672,2.00905513173295,305.4576776629804,0.0,0.0,0.0,0.4101914653636515,3.6389335046578863,0.8177777777777778,287.6556489507202,3113,2.597431182861328
core,100,1500000.0,20,5,exclude,launch,0,0.0,prior,0.0,rr_tour,12600.0,43200,3835970.3455030266,0,3559417.483376375,276552.86212665186,0,25,0.991198772874578,34,5.774317772611485,15.657881062452388,6593.891938148332,1273.7435313123901,5.176781491761042,2.0056031822338003,303.3713280356237,0.0,0.0,0.0175704989154013,0.36851316597210065,4.4045625180479355,0.7354260089686099,213.27408546144784,3463,3.295403003692627
core,100,1500000.0,19,6,exclude,launch,0,0.0,prior,0.0,rr_tour,12600.0,43200,2948043.4899967047,0,2745765.0908188517,202278.39917785337,0,19,0.9823260942152953,36,5.052148291863248,12.24219006552469,7584.090639439221,1625.2738551442724,4.666346299384725,2.010362267238314,306.24957331768394,0.0,0.0,0.0,0.40734743689502023,3.6854864433811803,0.7927927927927928,281.9418550577496,3135,3.0580649375915527
core,100,1500000.0,15,8,exclude,launch,0,0.0,prior,0.0,rr_tour,12600.0,43200,216532.23320924112,0,211461.9270378128,5070.306171428303,0,1,0.7011894913841067,2,5.687677066694433,12.963252261299411,6699.414751861177,1537.4528703632232,4.357476499607068,2.006985372962993,304.2058624084257,0.0,0.0,0.0,0.5245091936274399,7.036458333333333,0.9833333333333333,241.4899139223906,1920,2.702996253967285
core,100,1500000.0,17,8,exclude,launch,0,0.0,prior,0.0,rr_tour,12600.0,43200,398452.80067983235,0,378779.1755165426,19673.62516328975,0,2,0.8105440252429225,17,5.687677066694433,12.241212442179336,6699.414751861177,1626.162531601498,4.11976947056047,2.0094240970523645,305.68110231299454,0.0,0.0,0.0,0.45240202029935267,4.453681710213777,0.9722222222222222,289.9044258126746,2526,2.3068363666534424
core,100,1500000.0,20,7,exclude,launch,0,0.0,prior,0.0,rr_tour,12600.0,43200,3919809.637606222,0,3752414.865595112,167394.77201111012,0,25,0.9891197818131949,43,4.789315478557099,12.863401120280265,8018.5908986554505,1547.9458306661752,5.180149550326682,2.0088542125361486,305.3360466455797,0.0,0.0,0.0,0.38970111140437047,3.260869565217391,0.7866666666666666,289.66724404221543,3450,2.987670660018921
core,100,1500000.0,16,8,exclude,launch,0,0.0,prior,0.0,rr_tour,12600.0,43200,218347.88190626033,0,213451.31000171226,4896.571904548063,0,1,0.695358824398553,5,5.687677066694433,12.71650174747394,6699.414751861177,1566.5189138717774,4.27662551185101,2.0079675645244293,304.79958333999275,0.0,0.0,0.0,0.47947333924176255,5.824788230049042,0.9833333333333333,249.67391406097678,2243,2.8740670680999756
core,100,1500000.0,18,8,exclude,launch,0,0.0,prior,0.0,rr_tour,12600.0,43200,536606.2104857918,0,512125.85385093646,24480.356634855314,0,4,0.8541580225970432,25,5.687677066694433,12.018657449788288,6699.414751861177,1654.2035674521221,4.049933686323693,2.0119402588944126,307.20692627138715,0.0,0.0,0.0,0.4220329838948596,3.689703315881326,0.9611111111111111,308.1688579604529,2865,2.405853509902954
core,100,1500000.0,19,8,exclude,launch,0,0.0,prior,0.0,rr_tour,12600.0,43200,1870428.1964964245,0,1759266.0190291998,111162.17746722461,0,12,0.970757253412024,29,5.687677066694433,12.95971657409328,6699.414751861177,1536.3280462101043,4.360666830490825,2.009002738681559,305.42595800006626,0.0,0.0,0.0,0.4057741831423657,4.001906577693041,0.8833333333333333,258.70519400225925,3147,2.0316810607910156
core,100,1500000.0,17,10,exclude,launch,0,0.0,prior,0.0,rr_tour,12600.0,43200,2224574.7102316455,0,2081903.7699837333,142670.9402479119,0,12,0.9704528837640822,27,4.842340003327892,11.68265873645544,7927.135773030543,1703.8311570179844,4.652535986549558,2.0095172796127105,305.73754135099443,0.0,0.0,0.0,0.4564618564286445,4.1900958466453675,0.8873239436619719,310.923737536891,2504,1.563760757446289
core,100,1500000.0,20,8,exclude,launch,0,0.0,prior,0.0,rr_tour,12600.0,43200,2734423.56432781,0,2588136.6163284727,146286.94799933722,0,17,0.9824839391259876,31,5.687677066694433,13.340490366157807,6699.414751861177,1492.4982377868243,4.48872540164303,2.0089742524501073,305.4087126321759,0.0,0.0,0.0,0.383734696388472,3.6070205479452055,0.85,257.6693508393454,3504,2.0831799507141113
core,100,1500000.0,18,10,exclude,launch,0,0.0,prior,0.0,rr_tour,12600.0,43200,2658134.8909852463,0,2515582.9284109636,142551.96257428252,0,15,0.976904452167525,30,4.842340003327892,12.057539034610645,7927.135773030543,1650.2910757906016,4.803477331556741,2.010206919630213,306.15540614062905,0.0,0.0,0.0,0.4247256805961326,3.691848208011244,0.8779342723004695,309.53257985324973,2846,1.644317626953125
core,100,1500000.0,15,9,exclude,launch,0,0.0,prior,0.0,rr_tour,12600.0,43200,282197.57381754584,0,272551.86003451893,9645.71378302691,0,1,0.6973041760910154,7,4.852417850747997,11.193005719830222,7909.979841733408,1778.205210481958,4.448294153625564,2.009700715629058,305.84866054254945,0.0,0.0,0.0,0.5085405306429588,5.2037317196167425,0.9943181818181818,316.1217614671463,1983,2.1757380962371826
core,100,1500000.0,16,9,exclude,launch,0,0.0,prior,0.0,rr_tour,12600.0,43200,398910.48082968727,0,380280.22246133426,18630.25836835296,0,2,0.7715594471794309,15,4.852417850747997,10.842530699900896,7909.979841733408,1833.798162832939,4.313440814835202,2.011767544765995,307.102069392543,0.0,0.0,0.0,0.48178198488289065,4.260869565217392,0.9659090909090909,342.94066970660487,2231,2.2122385501861572
core,100,1500000.0,15,10,exclude,launch,0,0.0,prior,0.0,rr_tour,12600.0,43200,203744.54416047182,0,197201.70371169594,6542.8404487758735,0,1,0.5203504779863896,12,4.842340003327892,10.879123000405343,7927.135773030543,1829.0418808165643,4.334037320945064,2.010214745987857,306.1601499033933,0.0,0.0,0.0,0.5167679051839503,4.715530497180933,0.9671361502347418,354.78599199275544,1951,1.8990082740783691
core,100,1500000.0,19,9,exclude,launch,0,0.0,prior,0.0,rr_tour,12600.0,43200,2591254.7593867457,0,2495279.3146045846,95975.44478216163,0,17,0.9806477305504041,32,4.852417850747997,12.717860590335855,7909.979841733408,1565.7975577586033,5.051725749947094,2.0086779858193324,305.22938372296363,0.0,0.0,0.0,0.40790025182574285,3.9523809523809526,0.8693181818181818,263.3474296263228,3129,2.083536148071289
core,100,1500000.0,16,10,exclude,launch,0,0.0,prior,0.0,rr_tour,12600.0,43200,470108.6763550963,0,445141.8910209702,24966.785334126118,0,2,0.7922132299439595,15,4.842340003327892,10.726988170897036,7927.135773030543,1853.4405357314922,4.276984138529139,2.011886759900869,307.1744444588037,0.0,0.0,0.0,0.4880142497919256,4.068996822514753,0.9483568075117371,362.9333003526979,2203,1.9475224018096924
core,100,1500000.0,17,9,exclude,launch,0,0.0,prior,0.0,rr_tour,12600.0,43200,980717.9489070958,0,947302.2190152246,33415.7298918712,0,7,0.9215948852687554,21,4.852417850747997,11.495661580827084,7909.979841733408,1730.41779780046,4.571138745676223,2.0108285735826907,306.5323215513652,0.0,0.0,0.0,0.45085557270008386,4.040252565114444,0.9431818181818182,318.49183823631205,2534,2.340653657913208
core,100,1500000.0,18,9,exclude,launch,0,0.0,prior,0.0,rr_tour,12600.0,43200,1999281.642257789,0,1945392.4219396508,53889.22031813789,0,14,0.9684643333164991,27,4.852417850747997,12.060521151457921,7909.979841733408,1649.924331846021,4.794147033932951,2.0101565872736513,306.12489924370493,0.0,0.0,0.0,0.4233561446769717,3.7490374518725935,0.9034090909090909,304.0810685778554,2857,2.437203884124756
core,100,1500000.0,16,11,exclude,launch,0,0.0,prior,0.0,rr_tour,12600.0,43200,127746.00348044818,0,123455.88080647048,4290.1226739776985,0,1,0.26190497639546373,12,4.789315478557101,11.069306096869294,8018.590898655449,1796.7529468741893,4.462823290539409,2.011181328578794,306.74630377991264,0.0,0.0,0.0,0.47507775175262457,4.500220750551876,0.9560975609756097,319.84798529478843,2265,2.0174543857574463
core,100,1500000.0,19,10,exclude,launch,0,0.0,prior,0.0,rr_tour,12600.0,43200,3775303.6051684073,0,3526284.256886852,249019.34828155537,0,22,0.9873835891088067,38,4.842340003327892,12.680429356695665,7927.135773030543,1570.0307541879088,5.049032161876865,2.009175495992735,305.5305545136545,0.0,0.0,0.0,0.4006861442108399,3.547850643238155,0.8356807511737089,288.18888431440064,3187,2.5656700134277344
core,100,1500000.0,20,9,exclude,launch,0,0.0,prior,0.0,rr_tour,12600.0,43200,3356075.0936713642,0,3220935.3357412987,135139.7579300652,0,21,0.9874528712239417,35,4.852417850747997,13.337947237858417,7909.979841733408,1493.345286176325,5.296819104700643,2.0082175625124843,304.95079600758453,0.0,0.0,0.0,0.384323448368936,3.766857142857143,0.8181818181818182,247.0072859210407,3500,2.849987268447876
core,100,1500000.0,15,11,exclude,launch,0,0.0,prior,0.0,rr_tour,12600.0,43200,124021.80453013847,0,119820.60791959245,4201.196610546007,0,1,0.26976961150433204,6,4.789315478557101,11.624328018959616,8018.590898655449,1712.7483350814314,4.681709936255293,2.0090862471606585,305.4765162626345,0.0,0.0,0.0,0.4952979532391967,5.205795677799607,0.9611650485436893,307.83702888988597,2036,2.2591283321380615
core,100,1500000.0,17,11,exclude,launch,0,0.0,prior,0.0,rr_tour,12600.0,43200,928482.2773955156,0,882587.0647472771,45895.21264823859,0,6,0.9168730762817453,18,4.789315478557101,11.743050924130742,8018.590898655449,1695.260742120529,4.730004476258523,2.0092896266510425,305.5996651396202,0.0,0.0,0.0,0.45693608911461775,4.474610155937625,0.9365853658536586,291.3717784781459,2501,2.291133165359497
core,100,1500000.0,16,12,exclude,launch,0,0.0,prior,0.0,rr_tour,12600.0,43200,803314.0444143652,0,733541.5945040014,69772.44991036381,0,3,0.8656701737670931,22,4.789315478557099,10.573603004568854,8018.5908986554505,1878.7484657631621,4.268049206575526,2.0135775106251232,308.20181101350664,0.0,0.0,0.0,0.4790902822251427,3.4623608017817373,0.9285714285714286,419.29869842481935,2245,1.5917484760284424
core,100,1500000.0,15,12,exclude,launch,0,0.0,prior,0.0,rr_tour,12600.0,43200,370320.6162741322,0,325568.3351739699,44752.28110016228,0,1,0.7392738883229022,12,4.789315478557099,10.890132135253712,8018.5908986554505,1827.0543972477249,4.388807969119396,2.0103670806304192,306.25249128649085,0.0,0.0,0.0,0.5180964687289132,4.717000513610683,0.9476190476190476,355.54390420610974,1947,1.7062621116638184
core,100,1500000.0,17,12,exclude,launch,0,0.0,prior,0.0,rr_tour,12600.0,43200,2201058.1587662646,0,2062872.9299920034,138185.22877426146,0,12,0.9635859995958757,29,4.789315478557099,11.130190038858268,8018.5908986554505,1786.1481848535934,4.489320072462362,2.012055356935366,307.2768136504713,0.0,0.0,0.0,0.4525145815108338,3.3874159081915316,0.8428571428571429,380.85498135395113,2527,1.65474271774292
core,100,1500000.0,20,10,exclude,launch,0,0.0,prior,0.0,rr_tour,12600.0,43200,4365987.618166102,0,4076803.9229841423,289183.6951819592,0,27,0.991389215594036,43,4.842340003327892,13.48803700794704,7927.135773030543,1477.3395075022286,5.365818576417232,2.0073861824272936,304.44807616363096,0.0,0.0,0.0,0.3864717838692724,3.6586206896551725,0.7924528301886793,255.45600394907547,3480,2.885939359664917
core,100,1500000.0,18,12,exclude,launch,0,0.0,prior,0.0,rr_tour,12600.0,43200,3360946.5373737123,0,3116132.2276281244,244814.30974558787,0,20,0.9827815027749117,36,4.789315478557099,11.94425401048801,8018.5908986554505,1666.3967676124414,4.811933781019166,2.009659804186228,305.8238760568116,0.0,0.0,0.0,0.4302810487749056,3.4751066856330013,0.7619047619047619,333.470581731843,2812,1.7832510471343994
core,100,1500000.0,19,12,exclude,launch,0,0.0,prior,0.0,rr_tour,12600.0,43200,4472995.996126407,0,4142551.085831854,330444.9102945525,0,26,0.9901166370251554,39,4.789315478557099,12.728281607764998,8018.5908986554505,1564.4396236831226,5.125535544655584,2.008775527873732,305.2884196910778,0.0,0.0,0.0,0.40094431737065916,3.3631512868801003,0.7095238095238096,304.21261651826785,3186,1.9927659034729004
core,100,1500000.0,20,12,exclude,launch,0,0.0,prior,0.0,rr_tour,12600.0,43200,4812339.263028839,0,4449744.061101999,362595.20192683936,0,30,0.9919086647764975,42,4.789315478557099,13.195572074649121,8018.5908986554505,1509.4471808479514,5.312269949155096,2.0082318359035662,304.95943047884253,0.0,0.0,0.0,0.3825122178077589,3.1841206602162777,0.645933014354067,290.9974875838166,3514,1.9417295455932617
core,100,1500000.0,18,11,exclude,launch,0,0.0,prior,0.0,rr_tour,12600.0,43200,2217097.0498255063,0,2109990.135510233,107106.91431527317,0,12,0.9751157405693083,22,4.789315478557101,12.994020007907181,8018.590898655449,1533.095917515067,5.23032564828198,2.0079233633544127,304.77285191870146,0.0,0.0,0.0,0.41922302406846174,4.630065812261863,0.8731707317073171,243.69743943358267,2887,2.5124871730804443
core,100,1500000.0,19,11,exclude,launch,0,0.0,prior,0.0,rr_tour,12600.0,43200,2551386.5176010495,0,2411990.180962314,139396.33663873537,0,14,0.9787851416625236,28,4.789315478557101,13.146973918205815,8018.590898655449,1515.0098188662942,5.2927649701015715,2.0082544706676035,304.97312328636264,0.0,0.0,0.0,0.40096490745479374,4.09710873664362,0.8439024390243902,249.74873078501446,3182,2.5243887901306152
core,100,1500000.0,20,11,exclude,launch,0,0.0,prior,0.0,rr_tour,12600.0,43200,3424537.6369374953,0,3226030.018360774,198507.61857672076,0,18,0.9866551691930645,31,4.789315478557101,13.666209649831245,8018.590898655449,1457.6484908485907,5.501045656067131,2.007978716310749,304.8063277606398,0.0,0.0,0.0,0.38036869002041307,3.9022939677145283,0.8048780487804879,236.24742561788418,3531,2.4614691734313965
core,100,3000000.0,16,11,exclude,launch,0,0.0,prior,0.0,rr_tour,12600.0,43200,133497.5750331233,0,128744.5453253348,4753.0297077885225,0,1,0.25062113688477405,1,9.578630957114202,27.233140137145828,8018.590898655449,1466.0514897490361,5.4695151941956,2.0037477261603276,302.25284933160833,0.0,0.0006203473945409429,0.013027295285359801,0.8766804858774119,9.478977741137674,0.9710144927536232,285.1107808029018,1213,0.8932535648345947
core,100,3000000.0,17,11,exclude,launch,0,0.0,prior,0.0,rr_tour,12600.0,43200,127226.32973647094,0,122837.23818516984,4389.091551301096,0,1,0.26297476391453956,1,9.578630957114202,26.975256159164775,8018.590898655449,1480.1321457085323,5.417483109129413,2.003659494726211,302.1997144062219,0.0,0.001105583195135434,0.01271420674405749,0.8315971419401936,8.998523985239853,0.961352657004831,268.5622881025184,1355,0.9732666015625
core,100,3000000.0,18,11,exclude,launch,0,0.0,prior,0.0,rr_tour,12600.0,43200,121760.41585265295,0,117392.58567362842,4367.830179024538,0,1,0.27477989288940713,1,9.578630957114202,26.186662276892925,8018.590898655449,1524.7471754921937,5.258964258167601,2.003604517473182,302.16660824777347,0.0,0.000496031746031746,0.005952380952380952,0.7920323816601277,8.444664031620553,0.9710144927536232,254.18541688225446,1518,1.0727782249450684
core,100,3000000.0,19,11,exclude,launch,0,0.0,prior,0.0,rr_tour,12600.0,43200,117730.39719000383,0,113501.70783974981,4228.689350254027,0,1,0.28418585874780905,1,9.578630957114202,25.999567827502432,8018.590898655449,1535.7049230303737,5.221439860225579,2.0036233369466316,302.1779407391676,0.0,0.0004434589800443459,0.010643015521064302,0.7395865491786606,7.785546415981199,0.9611650485436893,247.20970323052234,1702,1.1608877182006836
core,100,3000000.0,20,11,exclude,launch,0,0.0,prior,0.0,rr_tour,12600.0,43200,114148.74722457859,0,110141.29940533968,4007.4478192389124,0,1,0.2931027701980578,1,9.578630957114202,25.91835533389583,8018.590898655449,1540.532064443693,5.205078870949091,2.0036036088446947,302.1660611058283,0.0,0.0,0.009538950715421303,0.7010107687851029,7.347089947089947,0.9611650485436893,234.12400156493555,1890,1.217895746231079
core,100,3000000.0,22,11,exclude,launch,0,0.0,prior,0.0,rr_tour,12600.0,43200,106648.79033172896,0,102971.61337044144,3677.176961287531,0,1,0.31371489467525443,1,9.578630957114202,26.030662821839616,8018.590898655449,1533.968173611574,5.227351542618046,2.0034956839066753,302.1010762857978,0.0,0.0,0.008286377195889956,0.6468568213294611,6.665928223305272,0.970873786407767,217.28975869794598,2257,1.2573966979980469
core,100,3000000.0,21,11,exclude,launch,0,0.0,prior,0.0,rr_tour,12600.0,43200,109516.92160659877,0,105990.53989891216,3526.3817076866117,0,1,0.3054990364534298,1,9.578630957114202,26.306019825323013,8018.590898655449,1517.8603987889533,5.28282502465523,2.003563049240799,302.1416381404472,0.0,0.0,0.010775862068965518,0.6628528380979919,6.947569113441372,0.970873786407767,223.93578859441166,2098,1.2944011688232422
core,100,3000000.0,23,11,exclude,launch,0,0.0,prior,0.0,rr_tour,12600.0,43200,104102.95894559668,0,100411.83801753672,3691.1209280599487,0,1,0.321386772912442,1,9.578630957114202,26.32902801232749,8018.590898655449,1516.520974680379,5.287490929919675,2.003580236411839,302.15198727493265,0.0,0.0,0.015137753557372086,0.606985601049625,6.227382875605816,0.9660194174757282,211.75273777453683,2476,1.4169135093688965
core,100,3000000.0,24,11,exclude,launch,0,0.0,prior,0.0,rr_tour,12600.0,43200,101446.33652780278,0,98196.25097815038,3250.0855496523955,0,1,0.329803077876472,1,9.578630957114202,26.180261447066787,8018.590898655449,1525.1066360721306,5.257724744616615,2.003622024320931,302.17715031061294,0.0,0.0,0.015581524763494713,0.5822981210441048,5.9153674832962135,0.9611650485436893,204.75213636774163,2694,1.531425952911377
core,100,3000000.0,25,11,exclude,launch,0,0.0,prior,0.0,rr_tour,12600.0,43200,99894.45741468175,0,96759.4361998463,3135.0212148354476,0,1,0.3349266304863518,1,9.578630957114202,26.489535343179718,8018.590898655449,1507.2831878156478,5.319896727751589,2.003645067381412,302.1910263837118,0.0,0.0,0.018050541516245487,0.5566484875881179,5.589849108367627,0.9611650485436893,200.35503718263172,2916,2.622915744781494
core,100,3000000.0,29,11,exclude,launch,0,0.0,prior,0.0,rr_tour,12600.0,43200,93014.09460203547,0,90016.01024628326,2998.084355752216,0,1,0.35970155027912804,2,9.578630957114202,25.3245957929973,8018.590898655449,1576.1243192928268,5.087537068302593,2.0042735468505906,302.5696070711597,0.0,0.0,0.017815191855912293,0.48526408011767785,4.652241918665276,0.9611650485436893,182.6825173671681,3836,3.0209155082702637
core,100,3000000.0,27,11,exclude,launch,0,0.0,prior,0.0,rr_tour,12600.0,43200,95284.77401840847,0,92498.15514995012,2786.6188684583376,0,1,0.3511296990608156,1,9.578630957114202,26.182554802654632,8018.590898655449,1524.7961498088234,5.258795347601584,2.00385447644307,302.317142962437,0.0,0.0,0.019559902200488997,0.5155528762481222,5.138257016248153,0.970873786407767,187.65426459782154,3385,4.039753437042236
core,100,3000000.0,30,11,exclude,launch,0,0.0,prior,0.0,rr_tour,12600.0,43200,91062.99784473226,0,88004.88402132766,3058.1138234045998,0,1,0.367408440508501,6,9.578630957114202,23.686089165680297,8018.590898655449,1684.8359136230615,4.759271115851464,2.004652111980115,302.79775983183185,0.0,0.0,0.00327391778828665,0.4843114512978746,4.391577928363988,0.9707317073170731,179.5092160397356,4132,4.347554683685303
core,100,3000000.0,31,11,exclude,launch,0,0.0,prior,0.0,rr_tour,12600.0,43200,90960.72414885634,0,88063.54701344349,2897.177135412852,0,1,0.36782154428991976,11,9.578630957114202,23.481900587884873,8018.590898655449,1699.2581784692632,4.718877331447542,2.004921499854172,302.96016626074754,0.0,0.0,0.004470426409903714,0.47301659109997807,4.165637153969343,0.9611650485436893,179.14031009141775,4371,4.27655029296875
core,100,3000000.0,26,11,exclude,launch,0,0.0,prior,0.0,rr_tour,12600.0,43200,98619.1285748524,0,95330.84577524128,3288.2827996111237,0,1,0.3392578550394268,1,9.578630957114202,26.918747903216424,8018.590898655449,1483.1181545182021,5.406575918599233,2.003823108528319,302.29824996463714,0.0,0.0,0.0312349831811629,0.5252198930767377,5.3134996801023675,0.9611650485436893,195.7041869020186,3126,4.484554052352905
core,100,3000000.0,28,11,exclude,launch,0,0.0,prior,0.0,rr_tour,12600.0,43200,94097.07798951304,0,91266.57574609487,2830.5022434181615,0,1,0.3555616682368204,1,9.578630957114202,25.729176882928407,8018.590898655449,1551.5293594558348,5.168185087691667,2.004029435427197,302.42253216127676,0.0,0.0,0.015679801939343926,0.4984023709326224,4.861643835616438,0.9611650485436893,184.00946716344535,3650,4.567426681518555
